   TOTIM (T)          HCON      HMAT     QDIR      QWELL        QMAT QCADS<->CON       QTUB1       QTUB2       QTUB3       QTUB4       QTUB5       QTUB6       NSTOR        QFIX        QLH     FHLQ (LQ)      CAUCHY CAUCHY (LQ) BREAK-DOWN CADS FLOW  QCADS<->CON    Q_CDSSTO    Q_CDSRCH
     86400.0   10.26378672   10.3089   0.000       0.000      0.4514E-03   0.000     -0.3359E-01  0.3314E-01   0.000       0.000       0.000       0.000        0.000       0.000       0.000       0.000       0.000       0.000                             0.000       0.000       0.000    
    172800.0   10.25569721   10.2969   0.000       0.000      0.4116E-03  0.4681E-06 -0.3263E-01  0.3222E-01   0.000       0.000       0.000       0.000      -0.4000E-05   0.000       0.000       0.000       0.000       0.000                            0.4681E-06  0.4681E-06   0.000    
    259200.0   10.25698686   10.2993   0.000       0.000      0.4226E-03 -0.7463E-07 -0.3281E-01  0.3239E-01   0.000       0.000       0.000       0.000       0.6408E-06   0.000       0.000       0.000       0.000       0.000                           -0.7463E-07 -0.7463E-07   0.000    
    345600.0   10.25686311   10.2991   0.000       0.000      0.4220E-03  0.7161E-08 -0.3280E-01  0.3238E-01   0.000       0.000       0.000       0.000      -0.6143E-07   0.000       0.000       0.000       0.000       0.000                            0.7161E-08  0.7161E-08   0.000    
    432000.0   10.26270936   10.3078   0.000       0.000      0.4512E-03 -0.3383E-06 -0.3350E-01  0.3306E-01   0.000       0.000       0.000       0.000       0.2891E-05   0.000       0.000       0.000       0.000       0.000                           -0.3383E-06 -0.3383E-06   0.000    
    518400.0   10.26541248   10.3116   0.000       0.000      0.4615E-03 -0.1564E-06 -0.3381E-01  0.3335E-01   0.000       0.000       0.000       0.000       0.1328E-05   0.000       0.000       0.000       0.000       0.000                           -0.1564E-06 -0.1564E-06   0.000    
    604800.0   10.26563625   10.3117   0.000       0.000      0.4609E-03 -0.1295E-07 -0.3383E-01  0.3337E-01   0.000       0.000       0.000       0.000       0.1097E-06   0.000       0.000       0.000       0.000       0.000                           -0.1295E-07 -0.1295E-07   0.000    
    691200.0   10.27342818   10.3233   0.000       0.000      0.4987E-03 -0.4509E-06 -0.3474E-01  0.3425E-01   0.000       0.000       0.000       0.000       0.3798E-05   0.000       0.000       0.000       0.000       0.000                           -0.4509E-06 -0.4509E-06   0.000    
    777600.0   10.29435879   10.3541   0.000       0.000      0.5971E-03 -0.1211E-05 -0.3720E-01  0.3662E-01   0.000       0.000       0.000       0.000       0.9969E-05   0.000       0.000       0.000       0.000       0.000                           -0.1211E-05 -0.1211E-05   0.000    
    864000.0   10.32309359   10.3956   0.000       0.000      0.7254E-03 -0.1663E-05 -0.4054E-01  0.3983E-01   0.000       0.000       0.000       0.000       0.1308E-04   0.000       0.000       0.000       0.000       0.000                           -0.1663E-05 -0.1663E-05   0.000    
    950400.0   10.33055415   10.4050   0.000       0.000      0.7444E-03 -0.4317E-06 -0.4131E-01  0.4057E-01   0.000       0.000       0.000       0.000       0.3267E-05   0.000       0.000       0.000       0.000       0.000                           -0.4317E-06 -0.4317E-06   0.000    
   1036800.0   10.35961279   10.4474   0.000       0.000      0.8775E-03 -0.1682E-05 -0.4466E-01  0.4379E-01   0.000       0.000       0.000       0.000       0.1216E-04   0.000       0.000       0.000       0.000       0.000                           -0.1682E-05 -0.1682E-05   0.000    
   1123200.0   10.41457193   10.5263   0.000       0.000      0.1117E-02 -0.3181E-05 -0.5084E-01  0.4975E-01   0.000       0.000       0.000       0.000       0.2007E-04   0.000       0.000       0.000       0.000       0.000                           -0.3181E-05 -0.3181E-05   0.000    
   1209600.0   10.39022889   10.4878   0.000       0.000      0.9759E-03  0.1409E-05 -0.4788E-01  0.4689E-01   0.000       0.000       0.000       0.000      -0.8355E-05   0.000       0.000       0.000       0.000       0.000                            0.1409E-05  0.1409E-05   0.000    
   1296000.0   10.37313659   10.4627   0.000       0.000      0.8960E-03  0.9891E-06 -0.4580E-01  0.4489E-01   0.000       0.000       0.000       0.000      -0.6388E-05   0.000       0.000       0.000       0.000       0.000                            0.9891E-06  0.9891E-06   0.000    
   1382400.0   10.36060667   10.4444   0.000       0.000      0.8379E-03  0.7251E-06 -0.4427E-01  0.4343E-01   0.000       0.000       0.000       0.000      -0.4926E-05   0.000       0.000       0.000       0.000       0.000                            0.7251E-06  0.7251E-06   0.000    
   1468800.0   10.35053877   10.4296   0.000       0.000      0.7904E-03  0.5826E-06 -0.4305E-01  0.4226E-01   0.000       0.000       0.000       0.000      -0.4096E-05   0.000       0.000       0.000       0.000       0.000                            0.5826E-06  0.5826E-06   0.000    
   1555200.0   10.34103524   10.4155   0.000       0.000      0.7451E-03  0.5500E-06 -0.4192E-01  0.4117E-01   0.000       0.000       0.000       0.000      -0.3972E-05   0.000       0.000       0.000       0.000       0.000                            0.5500E-06  0.5500E-06   0.000    
   1641600.0   10.33231654   10.4027   0.000       0.000      0.7039E-03  0.5046E-06 -0.4089E-01  0.4019E-01   0.000       0.000       0.000       0.000      -0.3730E-05   0.000       0.000       0.000       0.000       0.000                            0.5046E-06  0.5046E-06   0.000    
   1728000.0   10.32567677   10.3930   0.000       0.000      0.6729E-03  0.3842E-06 -0.4013E-01  0.3945E-01   0.000       0.000       0.000       0.000      -0.2893E-05   0.000       0.000       0.000       0.000       0.000                            0.3842E-06  0.3842E-06   0.000    
   1814400.0   10.32023213   10.3849   0.000       0.000      0.6470E-03  0.3151E-06 -0.3950E-01  0.3885E-01   0.000       0.000       0.000       0.000      -0.2405E-05   0.000       0.000       0.000       0.000       0.000                            0.3151E-06  0.3151E-06   0.000    
   1900800.0   10.31384555   10.3755   0.000       0.000      0.6164E-03  0.3696E-06 -0.3877E-01  0.3815E-01   0.000       0.000       0.000       0.000      -0.2858E-05   0.000       0.000       0.000       0.000       0.000                            0.3696E-06  0.3696E-06   0.000    
   1987200.0   10.30841417   10.3675   0.000       0.000      0.5908E-03  0.3143E-06 -0.3814E-01  0.3755E-01   0.000       0.000       0.000       0.000      -0.2460E-05   0.000       0.000       0.000       0.000       0.000                            0.3143E-06  0.3143E-06   0.000    
   2073600.0   10.30435039   10.3616   0.000       0.000      0.5721E-03  0.2352E-06 -0.3769E-01  0.3712E-01   0.000       0.000       0.000       0.000      -0.1858E-05   0.000       0.000       0.000       0.000       0.000                            0.2352E-06  0.2352E-06   0.000    
   2160000.0   10.29913308   10.3539   0.000       0.000      0.5473E-03  0.3019E-06 -0.3710E-01  0.3655E-01   0.000       0.000       0.000       0.000      -0.2407E-05   0.000       0.000       0.000       0.000       0.000                            0.3019E-06  0.3019E-06   0.000    
   2246400.0   10.29414583   10.3466   0.000       0.000      0.5243E-03  0.2886E-06 -0.3654E-01  0.3601E-01   0.000       0.000       0.000       0.000      -0.2323E-05   0.000       0.000       0.000       0.000       0.000                            0.2886E-06  0.2886E-06   0.000    
   2332800.0   10.28936915   10.3397   0.000       0.000      0.5028E-03  0.2764E-06 -0.3601E-01  0.3550E-01   0.000       0.000       0.000       0.000      -0.2245E-05   0.000       0.000       0.000       0.000       0.000                            0.2764E-06  0.2764E-06   0.000    
   2419200.0   10.28484139   10.3331   0.000       0.000      0.4826E-03  0.2620E-06 -0.3550E-01  0.3502E-01   0.000       0.000       0.000       0.000      -0.2145E-05   0.000       0.000       0.000       0.000       0.000                            0.2620E-06  0.2620E-06   0.000    
   2505600.0   10.28407042   10.3322   0.000       0.000      0.4814E-03  0.4462E-07 -0.3546E-01  0.3498E-01   0.000       0.000       0.000       0.000      -0.3669E-06   0.000       0.000       0.000       0.000       0.000                            0.4462E-07  0.4462E-07   0.000    
   2592000.0   10.28138167   10.3282   0.000       0.000      0.4686E-03  0.1556E-06 -0.3516E-01  0.3469E-01   0.000       0.000       0.000       0.000      -0.1283E-05   0.000       0.000       0.000       0.000       0.000                            0.1556E-06  0.1556E-06   0.000    
   2678400.0   10.29169504   10.3438   0.000       0.000      0.5215E-03 -0.5968E-06 -0.3644E-01  0.3593E-01   0.000       0.000       0.000       0.000       0.4891E-05   0.000       0.000       0.000       0.000       0.000                           -0.5968E-06 -0.5968E-06   0.000    
   2764800.0   10.32531739   10.3936   0.000       0.000      0.6825E-03 -0.1946E-05 -0.4048E-01  0.3981E-01   0.000       0.000       0.000       0.000       0.1530E-04   0.000       0.000       0.000       0.000       0.000                           -0.1946E-05 -0.1946E-05   0.000    
   2851200.0   10.40377944   10.5077   0.000       0.000      0.1039E-02 -0.4541E-05 -0.4959E-01  0.4859E-01   0.000       0.000       0.000       0.000       0.3093E-04   0.000       0.000       0.000       0.000       0.000                           -0.4541E-05 -0.4541E-05   0.000    
   2937600.0   10.37161143   10.4564   0.000       0.000      0.8479E-03  0.1862E-05 -0.4564E-01  0.4478E-01   0.000       0.000       0.000       0.000      -0.1174E-04   0.000       0.000       0.000       0.000       0.000                            0.1862E-05  0.1862E-05   0.000    
   3024000.0   10.36835424   10.4521   0.000       0.000      0.8376E-03  0.1885E-06 -0.4519E-01  0.4435E-01   0.000       0.000       0.000       0.000      -0.1268E-05   0.000       0.000       0.000       0.000       0.000                            0.1885E-06  0.1885E-06   0.000    
   3110400.0   10.36505202   10.4470   0.000       0.000      0.8193E-03  0.1911E-06 -0.4473E-01  0.4391E-01   0.000       0.000       0.000       0.000      -0.1299E-05   0.000       0.000       0.000       0.000       0.000                            0.1911E-06  0.1911E-06   0.000    
   3196800.0   10.35697121   10.4348   0.000       0.000      0.7782E-03  0.4676E-06 -0.4373E-01  0.4295E-01   0.000       0.000       0.000       0.000      -0.3235E-05   0.000       0.000       0.000       0.000       0.000                            0.4676E-06  0.4676E-06   0.000    
   3283200.0   10.34797066   10.4214   0.000       0.000      0.7345E-03  0.5209E-06 -0.4263E-01  0.4190E-01   0.000       0.000       0.000       0.000      -0.3694E-05   0.000       0.000       0.000       0.000       0.000                            0.5209E-06  0.5209E-06   0.000    
   3369600.0   10.34955269   10.4240   0.000       0.000      0.7441E-03 -0.9155E-07 -0.4283E-01  0.4209E-01   0.000       0.000       0.000       0.000       0.6560E-06   0.000       0.000       0.000       0.000       0.000                           -0.9155E-07 -0.9155E-07   0.000    
   3456000.0   10.35561162   10.4327   0.000       0.000      0.7712E-03 -0.3506E-06 -0.4356E-01  0.4279E-01   0.000       0.000       0.000       0.000       0.2486E-05   0.000       0.000       0.000       0.000       0.000                           -0.3506E-06 -0.3506E-06   0.000    
   3542400.0   10.36423384   10.4450   0.000       0.000      0.8074E-03 -0.4990E-06 -0.4456E-01  0.4376E-01   0.000       0.000       0.000       0.000       0.3463E-05   0.000       0.000       0.000       0.000       0.000                           -0.4990E-06 -0.4990E-06   0.000    
   3628800.0   10.36519102   10.4457   0.000       0.000      0.8047E-03 -0.5539E-07 -0.4464E-01  0.4383E-01   0.000       0.000       0.000       0.000       0.3789E-06   0.000       0.000       0.000       0.000       0.000                           -0.5539E-07 -0.5539E-07   0.000    
   3715200.0   10.35761409   10.4340   0.000       0.000      0.7634E-03  0.4385E-06 -0.4370E-01  0.4293E-01   0.000       0.000       0.000       0.000      -0.3030E-05   0.000       0.000       0.000       0.000       0.000                            0.4385E-06  0.4385E-06   0.000    
   3801600.0   10.35863750   10.4355   0.000       0.000      0.7684E-03 -0.5922E-07 -0.4381E-01  0.4304E-01   0.000       0.000       0.000       0.000       0.4133E-06   0.000       0.000       0.000       0.000       0.000                           -0.5922E-07 -0.5922E-07   0.000    
   3888000.0   10.36344988   10.4423   0.000       0.000      0.7887E-03 -0.2785E-06 -0.4437E-01  0.4358E-01   0.000       0.000       0.000       0.000       0.1927E-05   0.000       0.000       0.000       0.000       0.000                           -0.2785E-06 -0.2785E-06   0.000    
   3974400.0   10.37458947   10.4583   0.000       0.000      0.8374E-03 -0.6447E-06 -0.4567E-01  0.4484E-01   0.000       0.000       0.000       0.000       0.4349E-05   0.000       0.000       0.000       0.000       0.000                           -0.6447E-06 -0.6447E-06   0.000    
   4060800.0   10.38155715   10.4678   0.000       0.000      0.8625E-03 -0.4032E-06 -0.4645E-01  0.4559E-01   0.000       0.000       0.000       0.000       0.2639E-05   0.000       0.000       0.000       0.000       0.000                           -0.4032E-06 -0.4032E-06   0.000    
   4147200.0   10.37257434   10.4537   0.000       0.000      0.8115E-03  0.5198E-06 -0.4533E-01  0.4451E-01   0.000       0.000       0.000       0.000      -0.3414E-05   0.000       0.000       0.000       0.000       0.000                            0.5198E-06  0.5198E-06   0.000    
   4233600.0   10.36302761   10.4395   0.000       0.000      0.7650E-03  0.5525E-06 -0.4417E-01  0.4340E-01   0.000       0.000       0.000       0.000      -0.3742E-05   0.000       0.000       0.000       0.000       0.000                            0.5525E-06  0.5525E-06   0.000    
   4320000.0   10.35668999   10.4302   0.000       0.000      0.7350E-03  0.3668E-06 -0.4341E-01  0.4267E-01   0.000       0.000       0.000       0.000      -0.2546E-05   0.000       0.000       0.000       0.000       0.000                            0.3668E-06  0.3668E-06   0.000    
   4406400.0   10.35046022   10.4210   0.000       0.000      0.7052E-03  0.3605E-06 -0.4267E-01  0.4197E-01   0.000       0.000       0.000       0.000      -0.2549E-05   0.000       0.000       0.000       0.000       0.000                            0.3605E-06  0.3605E-06   0.000    
   4492800.0   10.34618490   10.4147   0.000       0.000      0.6851E-03  0.2474E-06 -0.4218E-01  0.4149E-01   0.000       0.000       0.000       0.000      -0.1775E-05   0.000       0.000       0.000       0.000       0.000                            0.2474E-06  0.2474E-06   0.000    
   4579200.0   10.34027716   10.4059   0.000       0.000      0.6563E-03  0.3419E-06 -0.4149E-01  0.4083E-01   0.000       0.000       0.000       0.000      -0.2486E-05   0.000       0.000       0.000       0.000       0.000                            0.3419E-06  0.3419E-06   0.000    
   4665600.0   10.33428659   10.3971   0.000       0.000      0.6282E-03  0.3467E-06 -0.4080E-01  0.4016E-01   0.000       0.000       0.000       0.000      -0.2559E-05   0.000       0.000       0.000       0.000       0.000                            0.3467E-06  0.3467E-06   0.000    
   4752000.0   10.34789679   10.4177   0.000       0.000      0.6976E-03 -0.7876E-06 -0.4248E-01  0.4179E-01   0.000       0.000       0.000       0.000       0.5758E-05   0.000       0.000       0.000       0.000       0.000                           -0.7876E-06 -0.7876E-06   0.000    
   4838400.0   10.36357147   10.4403   0.000       0.000      0.7668E-03 -0.9071E-06 -0.4436E-01  0.4360E-01   0.000       0.000       0.000       0.000       0.6373E-05   0.000       0.000       0.000       0.000       0.000                           -0.9071E-06 -0.9071E-06   0.000    
   4924800.0   10.37879959   10.4619   0.000       0.000      0.8308E-03 -0.8813E-06 -0.4613E-01  0.4530E-01   0.000       0.000       0.000       0.000       0.5903E-05   0.000       0.000       0.000       0.000       0.000                           -0.8813E-06 -0.8813E-06   0.000    
   5011200.0   10.38553853   10.4708   0.000       0.000      0.8522E-03 -0.3900E-06 -0.4684E-01  0.4599E-01   0.000       0.000       0.000       0.000       0.2515E-05   0.000       0.000       0.000       0.000       0.000                           -0.3900E-06 -0.3900E-06   0.000    
   5097600.0   10.37516946   10.4547   0.000       0.000      0.7954E-03  0.6001E-06 -0.4556E-01  0.4476E-01   0.000       0.000       0.000       0.000      -0.3895E-05   0.000       0.000       0.000       0.000       0.000                            0.6001E-06  0.6001E-06   0.000    
   5184000.0   10.36536236   10.4402   0.000       0.000      0.7480E-03  0.5675E-06 -0.4436E-01  0.4360E-01   0.000       0.000       0.000       0.000      -0.3814E-05   0.000       0.000       0.000       0.000       0.000                            0.5675E-06  0.5675E-06   0.000    
   5270400.0   10.35840254   10.4300   0.000       0.000      0.7162E-03  0.4028E-06 -0.4353E-01  0.4281E-01   0.000       0.000       0.000       0.000      -0.2779E-05   0.000       0.000       0.000       0.000       0.000                            0.4028E-06  0.4028E-06   0.000    
   5356800.0   10.35134206   10.4196   0.000       0.000      0.6827E-03  0.4086E-06 -0.4268E-01  0.4200E-01   0.000       0.000       0.000       0.000      -0.2878E-05   0.000       0.000       0.000       0.000       0.000                            0.4086E-06  0.4086E-06   0.000    
   5443200.0   10.35735219   10.4288   0.000       0.000      0.7145E-03 -0.3478E-06 -0.4344E-01  0.4273E-01   0.000       0.000       0.000       0.000       0.2454E-05   0.000       0.000       0.000       0.000       0.000                           -0.3478E-06 -0.3478E-06   0.000    
   5529600.0   10.36285098   10.4366   0.000       0.000      0.7376E-03 -0.3182E-06 -0.4411E-01  0.4337E-01   0.000       0.000       0.000       0.000       0.2208E-05   0.000       0.000       0.000       0.000       0.000                           -0.3182E-06 -0.3182E-06   0.000    
   5616000.0   10.36779896   10.4435   0.000       0.000      0.7570E-03 -0.2863E-06 -0.4468E-01  0.4393E-01   0.000       0.000       0.000       0.000       0.1955E-05   0.000       0.000       0.000       0.000       0.000                           -0.2863E-06 -0.2863E-06   0.000    
   5702400.0   10.37000574   10.4463   0.000       0.000      0.7630E-03 -0.1277E-06 -0.4492E-01  0.4416E-01   0.000       0.000       0.000       0.000       0.8620E-06   0.000       0.000       0.000       0.000       0.000                           -0.1277E-06 -0.1277E-06   0.000    
   5788800.0   10.36646034   10.4407   0.000       0.000      0.7421E-03  0.2052E-06 -0.4448E-01  0.4373E-01   0.000       0.000       0.000       0.000      -0.1388E-05   0.000       0.000       0.000       0.000       0.000                            0.2052E-06  0.2052E-06   0.000    
   5875200.0   10.36623228   10.4402   0.000       0.000      0.7401E-03  0.1320E-07 -0.4444E-01  0.4370E-01   0.000       0.000       0.000       0.000      -0.8982E-07   0.000       0.000       0.000       0.000       0.000                            0.1320E-07  0.1320E-07   0.000    
   5961600.0   10.36383719   10.4365   0.000       0.000      0.7265E-03  0.1386E-06 -0.4414E-01  0.4342E-01   0.000       0.000       0.000       0.000      -0.9472E-06   0.000       0.000       0.000       0.000       0.000                            0.1386E-06  0.1386E-06   0.000    
   6048000.0   10.35809332   10.4279   0.000       0.000      0.6977E-03  0.3324E-06 -0.4346E-01  0.4275E-01   0.000       0.000       0.000       0.000      -0.2300E-05   0.000       0.000       0.000       0.000       0.000                            0.3324E-06  0.3324E-06   0.000    
   6134400.0   10.35165331   10.4183   0.000       0.000      0.6668E-03  0.3727E-06 -0.4268E-01  0.4201E-01   0.000       0.000       0.000       0.000      -0.2625E-05   0.000       0.000       0.000       0.000       0.000                            0.3727E-06  0.3727E-06   0.000    
   6220800.0   10.34520874   10.4089   0.000       0.000      0.6371E-03  0.3729E-06 -0.4193E-01  0.4129E-01   0.000       0.000       0.000       0.000      -0.2675E-05   0.000       0.000       0.000       0.000       0.000                            0.3729E-06  0.3729E-06   0.000    
   6307200.0   10.33911189   10.4000   0.000       0.000      0.6092E-03  0.3528E-06 -0.4121E-01  0.4060E-01   0.000       0.000       0.000       0.000      -0.2573E-05   0.000       0.000       0.000       0.000       0.000                            0.3528E-06  0.3528E-06   0.000    
   6393600.0   10.33332672   10.3917   0.000       0.000      0.5835E-03  0.3348E-06 -0.4055E-01  0.3997E-01   0.000       0.000       0.000       0.000      -0.2478E-05   0.000       0.000       0.000       0.000       0.000                            0.3348E-06  0.3348E-06   0.000    
   6480000.0   10.32791543   10.3838   0.000       0.000      0.5593E-03  0.3132E-06 -0.3993E-01  0.3937E-01   0.000       0.000       0.000       0.000      -0.2349E-05   0.000       0.000       0.000       0.000       0.000                            0.3132E-06  0.3132E-06   0.000    
   6566400.0   10.32270054   10.3764   0.000       0.000      0.5368E-03  0.3018E-06 -0.3935E-01  0.3881E-01   0.000       0.000       0.000       0.000      -0.2292E-05   0.000       0.000       0.000       0.000       0.000                            0.3018E-06  0.3018E-06   0.000    
   6652800.0   10.31774387   10.3693   0.000       0.000      0.5152E-03  0.2868E-06 -0.3879E-01  0.3827E-01   0.000       0.000       0.000       0.000      -0.2203E-05   0.000       0.000       0.000       0.000       0.000                            0.2868E-06  0.2868E-06   0.000    
   6739200.0   10.31302334   10.3626   0.000       0.000      0.4955E-03  0.2732E-06 -0.3827E-01  0.3777E-01   0.000       0.000       0.000       0.000      -0.2120E-05   0.000       0.000       0.000       0.000       0.000                            0.2732E-06  0.2732E-06   0.000    
   6825600.0   10.30841255   10.3560   0.000       0.000      0.4760E-03  0.2668E-06 -0.3776E-01  0.3728E-01   0.000       0.000       0.000       0.000      -0.2090E-05   0.000       0.000       0.000       0.000       0.000                            0.2668E-06  0.2668E-06   0.000    
   6912000.0   10.30383593   10.3496   0.000       0.000      0.4573E-03  0.2649E-06 -0.3726E-01  0.3680E-01   0.000       0.000       0.000       0.000      -0.2094E-05   0.000       0.000       0.000       0.000       0.000                            0.2649E-06  0.2649E-06   0.000    
   6998400.0   10.29949467   10.3434   0.000       0.000      0.4395E-03  0.2512E-06 -0.3678E-01  0.3633E-01   0.000       0.000       0.000       0.000      -0.2004E-05   0.000       0.000       0.000       0.000       0.000                            0.2512E-06  0.2512E-06   0.000    
   7084800.0   10.29538658   10.3377   0.000       0.000      0.4233E-03  0.2377E-06 -0.3633E-01  0.3591E-01   0.000       0.000       0.000       0.000      -0.1911E-05   0.000       0.000       0.000       0.000       0.000                            0.2377E-06  0.2377E-06   0.000    
   7171200.0   10.29147539   10.3323   0.000       0.000      0.4082E-03  0.2263E-06 -0.3591E-01  0.3550E-01   0.000       0.000       0.000       0.000      -0.1833E-05   0.000       0.000       0.000       0.000       0.000                            0.2263E-06  0.2263E-06   0.000    
   7257600.0   10.28769319   10.3271   0.000       0.000      0.3937E-03  0.2189E-06 -0.3550E-01  0.3511E-01   0.000       0.000       0.000       0.000      -0.1784E-05   0.000       0.000       0.000       0.000       0.000                            0.2189E-06  0.2189E-06   0.000    
   7344000.0   10.28408435   10.3221   0.000       0.000      0.3804E-03  0.2088E-06 -0.3512E-01  0.3474E-01   0.000       0.000       0.000       0.000      -0.1713E-05   0.000       0.000       0.000       0.000       0.000                            0.2088E-06  0.2088E-06   0.000    
   7430400.0   10.28108453   10.3181   0.000       0.000      0.3700E-03  0.1736E-06 -0.3481E-01  0.3444E-01   0.000       0.000       0.000       0.000      -0.1432E-05   0.000       0.000       0.000       0.000       0.000                            0.1736E-06  0.1736E-06   0.000    
   7516800.0   10.27802193   10.3139   0.000       0.000      0.3592E-03  0.1772E-06 -0.3449E-01  0.3413E-01   0.000       0.000       0.000       0.000      -0.1469E-05   0.000       0.000       0.000       0.000       0.000                            0.1772E-06  0.1772E-06   0.000    
   7603200.0   10.27474227   10.3095   0.000       0.000      0.3474E-03  0.1898E-06 -0.3414E-01  0.3379E-01   0.000       0.000       0.000       0.000      -0.1582E-05   0.000       0.000       0.000       0.000       0.000                            0.1898E-06  0.1898E-06   0.000    
   7689600.0   10.27159547   10.3053   0.000       0.000      0.3366E-03  0.1821E-06 -0.3382E-01  0.3348E-01   0.000       0.000       0.000       0.000      -0.1525E-05   0.000       0.000       0.000       0.000       0.000                            0.1821E-06  0.1821E-06   0.000    
   7776000.0   10.26884679   10.3016   0.000       0.000      0.3277E-03  0.1591E-06 -0.3353E-01  0.3320E-01   0.000       0.000       0.000       0.000      -0.1338E-05   0.000       0.000       0.000       0.000       0.000                            0.1591E-06  0.1591E-06   0.000    
   7862400.0   10.26591924   10.2977   0.000       0.000      0.3180E-03  0.1694E-06 -0.3323E-01  0.3291E-01   0.000       0.000       0.000       0.000      -0.1432E-05   0.000       0.000       0.000       0.000       0.000                            0.1694E-06  0.1694E-06   0.000    
   7948800.0   10.26313948   10.2940   0.000       0.000      0.3089E-03  0.1609E-06 -0.3294E-01  0.3263E-01   0.000       0.000       0.000       0.000      -0.1365E-05   0.000       0.000       0.000       0.000       0.000                            0.1609E-06  0.1609E-06   0.000    
   8035200.0   10.26043436   10.2905   0.000       0.000      0.3005E-03  0.1565E-06 -0.3266E-01  0.3236E-01   0.000       0.000       0.000       0.000      -0.1334E-05   0.000       0.000       0.000       0.000       0.000                            0.1565E-06  0.1565E-06   0.000    
   8121600.0   10.25784722   10.2871   0.000       0.000      0.2925E-03  0.1497E-06 -0.3239E-01  0.3210E-01   0.000       0.000       0.000       0.000      -0.1280E-05   0.000       0.000       0.000       0.000       0.000                            0.1497E-06  0.1497E-06   0.000    
   8208000.0   10.25531003   10.2838   0.000       0.000      0.2850E-03  0.1468E-06 -0.3214E-01  0.3185E-01   0.000       0.000       0.000       0.000      -0.1260E-05   0.000       0.000       0.000       0.000       0.000                            0.1468E-06  0.1468E-06   0.000    
   8294400.0   10.25287638   10.2807   0.000       0.000      0.2778E-03  0.1408E-06 -0.3189E-01  0.3161E-01   0.000       0.000       0.000       0.000      -0.1213E-05   0.000       0.000       0.000       0.000       0.000                            0.1408E-06  0.1408E-06   0.000    
   8380800.0   10.27577507   10.3154   0.000       0.000      0.3963E-03 -0.1325E-05 -0.3467E-01  0.3429E-01   0.000       0.000       0.000       0.000       0.1125E-04   0.000       0.000       0.000       0.000       0.000                           -0.1325E-05 -0.1325E-05   0.000    
   8467200.0   10.27624151   10.3151   0.000       0.000      0.3887E-03 -0.2699E-07 -0.3469E-01  0.3431E-01   0.000       0.000       0.000       0.000       0.2251E-06   0.000       0.000       0.000       0.000       0.000                           -0.2699E-07 -0.2699E-07   0.000    
   8553600.0   10.27567248   10.3143   0.000       0.000      0.3867E-03  0.3293E-07 -0.3461E-01  0.3423E-01   0.000       0.000       0.000       0.000      -0.2746E-06   0.000       0.000       0.000       0.000       0.000                            0.3293E-07  0.3293E-07   0.000    
   8640000.0   10.27351178   10.3113   0.000       0.000      0.3781E-03  0.1250E-06 -0.3435E-01  0.3397E-01   0.000       0.000       0.000       0.000      -0.1045E-05   0.000       0.000       0.000       0.000       0.000                            0.1250E-06  0.1250E-06   0.000    
   8726400.0   10.27086640   10.3077   0.000       0.000      0.3680E-03  0.1531E-06 -0.3403E-01  0.3367E-01   0.000       0.000       0.000       0.000      -0.1284E-05   0.000       0.000       0.000       0.000       0.000                            0.1531E-06  0.1531E-06   0.000    
   8812800.0   10.26808330   10.3039   0.000       0.000      0.3580E-03  0.1611E-06 -0.3372E-01  0.3336E-01   0.000       0.000       0.000       0.000      -0.1357E-05   0.000       0.000       0.000       0.000       0.000                            0.1611E-06  0.1611E-06   0.000    
   8899200.0   10.26465540   10.2992   0.000       0.000      0.3450E-03  0.1984E-06 -0.3333E-01  0.3298E-01   0.000       0.000       0.000       0.000      -0.1679E-05   0.000       0.000       0.000       0.000       0.000                            0.1984E-06  0.1984E-06   0.000    
   8985600.0   10.26450693   10.2994   0.000       0.000      0.3487E-03  0.8592E-08 -0.3333E-01  0.3298E-01   0.000       0.000       0.000       0.000      -0.7290E-07   0.000       0.000       0.000       0.000       0.000                            0.8592E-08  0.8592E-08   0.000    
   9072000.0   10.26906650   10.3065   0.000       0.000      0.3740E-03 -0.2639E-06 -0.3390E-01  0.3353E-01   0.000       0.000       0.000       0.000       0.2232E-05   0.000       0.000       0.000       0.000       0.000                           -0.2639E-06 -0.2639E-06   0.000    
   9158400.0   10.26746670   10.3041   0.000       0.000      0.3659E-03  0.9258E-07 -0.3371E-01  0.3335E-01   0.000       0.000       0.000       0.000      -0.7813E-06   0.000       0.000       0.000       0.000       0.000                            0.9258E-07  0.9258E-07   0.000    
   9244800.0   10.28061568   10.3240   0.000       0.000      0.4335E-03 -0.7609E-06 -0.3529E-01  0.3487E-01   0.000       0.000       0.000       0.000       0.6364E-05   0.000       0.000       0.000       0.000       0.000                           -0.7609E-06 -0.7609E-06   0.000    
   9331200.0   10.31095209   10.3687   0.000       0.000      0.5778E-03 -0.1756E-05 -0.3890E-01  0.3834E-01   0.000       0.000       0.000       0.000       0.1415E-04   0.000       0.000       0.000       0.000       0.000                           -0.1756E-05 -0.1756E-05   0.000    
   9417600.0   10.38285917   10.4738   0.000       0.000      0.9093E-03 -0.4161E-05 -0.4730E-01  0.4642E-01   0.000       0.000       0.000       0.000       0.2987E-04   0.000       0.000       0.000       0.000       0.000                           -0.4161E-05 -0.4161E-05   0.000    
   9504000.0   10.42491331   10.5315   0.000       0.000      0.1066E-02 -0.2434E-05 -0.5185E-01  0.5080E-01   0.000       0.000       0.000       0.000       0.1431E-04   0.000       0.000       0.000       0.000       0.000                           -0.2434E-05 -0.2434E-05   0.000    
   9590400.0   10.39583932   10.4868   0.000       0.000      0.9101E-03  0.1683E-05 -0.4836E-01  0.4744E-01   0.000       0.000       0.000       0.000      -0.9599E-05   0.000       0.000       0.000       0.000       0.000                            0.1683E-05  0.1683E-05   0.000    
   9676800.0   10.37505304   10.4566   0.000       0.000      0.8155E-03  0.1203E-05 -0.4583E-01  0.4501E-01   0.000       0.000       0.000       0.000      -0.7659E-05   0.000       0.000       0.000       0.000       0.000                            0.1203E-05  0.1203E-05   0.000    
   9763200.0   10.35898235   10.4333   0.000       0.000      0.7431E-03  0.9300E-06 -0.4387E-01  0.4312E-01   0.000       0.000       0.000       0.000      -0.6315E-05   0.000       0.000       0.000       0.000       0.000                            0.9300E-06  0.9300E-06   0.000    
   9849600.0   10.34638104   10.4151   0.000       0.000      0.6867E-03  0.7292E-06 -0.4236E-01  0.4167E-01   0.000       0.000       0.000       0.000      -0.5169E-05   0.000       0.000       0.000       0.000       0.000                            0.7292E-06  0.7292E-06   0.000    
   9936000.0   10.35607566   10.4300   0.000       0.000      0.7395E-03 -0.5610E-06 -0.4355E-01  0.4282E-01   0.000       0.000       0.000       0.000       0.3993E-05   0.000       0.000       0.000       0.000       0.000                           -0.5610E-06 -0.5610E-06   0.000    
  10022400.0   10.36181182   10.4380   0.000       0.000      0.7615E-03 -0.3320E-06 -0.4422E-01  0.4346E-01   0.000       0.000       0.000       0.000       0.2311E-05   0.000       0.000       0.000       0.000       0.000                           -0.3320E-06 -0.3320E-06   0.000    
  10108800.0   10.36172588   10.4373   0.000       0.000      0.7559E-03  0.4973E-08 -0.4418E-01  0.4342E-01   0.000       0.000       0.000       0.000      -0.3433E-07   0.000       0.000       0.000       0.000       0.000                            0.4973E-08  0.4973E-08   0.000    
  10195200.0   10.36543001   10.4425   0.000       0.000      0.7711E-03 -0.2144E-06 -0.4460E-01  0.4383E-01   0.000       0.000       0.000       0.000       0.1472E-05   0.000       0.000       0.000       0.000       0.000                           -0.2144E-06 -0.2144E-06   0.000    
  10281600.0   10.36616296   10.4432   0.000       0.000      0.7701E-03 -0.4242E-07 -0.4465E-01  0.4388E-01   0.000       0.000       0.000       0.000       0.2892E-06   0.000       0.000       0.000       0.000       0.000                           -0.4242E-07 -0.4242E-07   0.000    
  10368000.0   10.35878801   10.4318   0.000       0.000      0.7303E-03  0.4268E-06 -0.4373E-01  0.4299E-01   0.000       0.000       0.000       0.000      -0.2940E-05   0.000       0.000       0.000       0.000       0.000                            0.4268E-06  0.4268E-06   0.000    
  10454400.0   10.34992435   10.4187   0.000       0.000      0.6877E-03  0.5129E-06 -0.4266E-01  0.4197E-01   0.000       0.000       0.000       0.000      -0.3619E-05   0.000       0.000       0.000       0.000       0.000                            0.5129E-06  0.5129E-06   0.000    
  10540800.0   10.35039304   10.4196   0.000       0.000      0.6921E-03 -0.2712E-07 -0.4273E-01  0.4204E-01   0.000       0.000       0.000       0.000       0.1936E-06   0.000       0.000       0.000       0.000       0.000                           -0.2712E-07 -0.2712E-07   0.000    
  10627200.0   10.35438159   10.4254   0.000       0.000      0.7097E-03 -0.2308E-06 -0.4321E-01  0.4250E-01   0.000       0.000       0.000       0.000       0.1637E-05   0.000       0.000       0.000       0.000       0.000                           -0.2308E-06 -0.2308E-06   0.000    
  10713600.0   10.35396047   10.4243   0.000       0.000      0.7038E-03  0.2437E-07 -0.4314E-01  0.4244E-01   0.000       0.000       0.000       0.000      -0.1720E-06   0.000       0.000       0.000       0.000       0.000                            0.2437E-07  0.2437E-07   0.000    
  10800000.0   10.34924352   10.4171   0.000       0.000      0.6787E-03  0.2730E-06 -0.4257E-01  0.4189E-01   0.000       0.000       0.000       0.000      -0.1941E-05   0.000       0.000       0.000       0.000       0.000                            0.2730E-06  0.2730E-06   0.000    
  10886400.0   10.34271517   10.4074   0.000       0.000      0.6464E-03  0.3778E-06 -0.4178E-01  0.4113E-01   0.000       0.000       0.000       0.000      -0.2727E-05   0.000       0.000       0.000       0.000       0.000                            0.3778E-06  0.3778E-06   0.000    
  10972800.0   10.33559985   10.3969   0.000       0.000      0.6131E-03  0.4118E-06 -0.4094E-01  0.4032E-01   0.000       0.000       0.000       0.000      -0.3025E-05   0.000       0.000       0.000       0.000       0.000                            0.4118E-06  0.4118E-06   0.000    
  11059200.0   10.32791619   10.3856   0.000       0.000      0.5773E-03  0.4447E-06 -0.4003E-01  0.3945E-01   0.000       0.000       0.000       0.000      -0.3327E-05   0.000       0.000       0.000       0.000       0.000                            0.4447E-06  0.4447E-06   0.000    
  11145600.0   10.32078853   10.3753   0.000       0.000      0.5452E-03  0.4125E-06 -0.3920E-01  0.3865E-01   0.000       0.000       0.000       0.000      -0.3139E-05   0.000       0.000       0.000       0.000       0.000                            0.4125E-06  0.4125E-06   0.000    
  11232000.0   10.31436489   10.3661   0.000       0.000      0.5172E-03  0.3717E-06 -0.3847E-01  0.3795E-01   0.000       0.000       0.000       0.000      -0.2871E-05   0.000       0.000       0.000       0.000       0.000                            0.3717E-06  0.3717E-06   0.000    
  11318400.0   10.30855664   10.3577   0.000       0.000      0.4919E-03  0.3361E-06 -0.3781E-01  0.3732E-01   0.000       0.000       0.000       0.000      -0.2629E-05   0.000       0.000       0.000       0.000       0.000                            0.3361E-06  0.3361E-06   0.000    
  11404800.0   10.31348853   10.3655   0.000       0.000      0.5205E-03 -0.2854E-06 -0.3847E-01  0.3795E-01   0.000       0.000       0.000       0.000       0.2235E-05   0.000       0.000       0.000       0.000       0.000                           -0.2854E-06 -0.2854E-06   0.000    
  11491200.0   10.30703209   10.3557   0.000       0.000      0.4868E-03  0.3736E-06 -0.3771E-01  0.3722E-01   0.000       0.000       0.000       0.000      -0.2930E-05   0.000       0.000       0.000       0.000       0.000                            0.3736E-06  0.3736E-06   0.000    
  11577600.0   10.32062438   10.3765   0.000       0.000      0.5584E-03 -0.7866E-06 -0.3940E-01  0.3885E-01   0.000       0.000       0.000       0.000       0.6123E-05   0.000       0.000       0.000       0.000       0.000                           -0.7866E-06 -0.7866E-06   0.000    
  11664000.0   10.35214198   10.4229   0.000       0.000      0.7071E-03 -0.1824E-05 -0.4319E-01  0.4250E-01   0.000       0.000       0.000       0.000       0.1349E-04   0.000       0.000       0.000       0.000       0.000                           -0.1824E-05 -0.1824E-05   0.000    
  11750400.0   10.42462601   10.5278   0.000       0.000      0.1032E-02 -0.4195E-05 -0.5153E-01  0.5053E-01   0.000       0.000       0.000       0.000       0.2627E-04   0.000       0.000       0.000       0.000       0.000                           -0.4195E-05 -0.4195E-05   0.000    
  11836800.0   10.39307239   10.4783   0.000       0.000      0.8519E-03  0.1826E-05 -0.4773E-01  0.4686E-01   0.000       0.000       0.000       0.000      -0.1050E-04   0.000       0.000       0.000       0.000       0.000                            0.1826E-05  0.1826E-05   0.000    
  11923200.0   10.37375200   10.4502   0.000       0.000      0.7642E-03  0.1118E-05 -0.4538E-01  0.4461E-01   0.000       0.000       0.000       0.000      -0.7174E-05   0.000       0.000       0.000       0.000       0.000                            0.1118E-05  0.1118E-05   0.000    
  12009600.0   10.36037752   10.4308   0.000       0.000      0.7045E-03  0.7740E-06 -0.4376E-01  0.4305E-01   0.000       0.000       0.000       0.000      -0.5255E-05   0.000       0.000       0.000       0.000       0.000                            0.7740E-06  0.7740E-06   0.000    
  12096000.0   10.35839508   10.4283   0.000       0.000      0.6994E-03  0.1147E-06 -0.4353E-01  0.4283E-01   0.000       0.000       0.000       0.000      -0.7976E-06   0.000       0.000       0.000       0.000       0.000                            0.1147E-06  0.1147E-06   0.000    
  12182400.0   10.35503568   10.4233   0.000       0.000      0.6829E-03  0.1944E-06 -0.4313E-01  0.4244E-01   0.000       0.000       0.000       0.000      -0.1362E-05   0.000       0.000       0.000       0.000       0.000                            0.1944E-06  0.1944E-06   0.000    
  12268800.0   10.34904966   10.4145   0.000       0.000      0.6541E-03  0.3464E-06 -0.4242E-01  0.4177E-01   0.000       0.000       0.000       0.000      -0.2460E-05   0.000       0.000       0.000       0.000       0.000                            0.3464E-06  0.3464E-06   0.000    
  12355200.0   10.34208241   10.4042   0.000       0.000      0.6213E-03  0.4032E-06 -0.4160E-01  0.4097E-01   0.000       0.000       0.000       0.000      -0.2914E-05   0.000       0.000       0.000       0.000       0.000                            0.4032E-06  0.4032E-06   0.000    
  12441600.0   10.33806783   10.3985   0.000       0.000      0.6043E-03  0.2323E-06 -0.4114E-01  0.4054E-01   0.000       0.000       0.000       0.000      -0.1703E-05   0.000       0.000       0.000       0.000       0.000                            0.2323E-06  0.2323E-06   0.000    
  12528000.0   10.35996422   10.4314   0.000       0.000      0.7140E-03 -0.1267E-05 -0.4382E-01  0.4312E-01   0.000       0.000       0.000       0.000       0.9071E-05   0.000       0.000       0.000       0.000       0.000                           -0.1267E-05 -0.1267E-05   0.000    
  12614400.0   10.38061433   10.4609   0.000       0.000      0.8030E-03 -0.1195E-05 -0.4625E-01  0.4545E-01   0.000       0.000       0.000       0.000       0.8027E-05   0.000       0.000       0.000       0.000       0.000                           -0.1195E-05 -0.1195E-05   0.000    
  12700800.0   10.37159218   10.4463   0.000       0.000      0.7469E-03  0.5221E-06 -0.4510E-01  0.4435E-01   0.000       0.000       0.000       0.000      -0.3440E-05   0.000       0.000       0.000       0.000       0.000                            0.5221E-06  0.5221E-06   0.000    
  12787200.0   10.36246313   10.4327   0.000       0.000      0.7028E-03  0.5283E-06 -0.4398E-01  0.4327E-01   0.000       0.000       0.000       0.000      -0.3587E-05   0.000       0.000       0.000       0.000       0.000                            0.5283E-06  0.5283E-06   0.000    
  12873600.0   10.35322058   10.4192   0.000       0.000      0.6594E-03  0.5349E-06 -0.4285E-01  0.4219E-01   0.000       0.000       0.000       0.000      -0.3735E-05   0.000       0.000       0.000       0.000       0.000                            0.5349E-06  0.5349E-06   0.000    
  12960000.0   10.35659472   10.4245   0.000       0.000      0.6793E-03 -0.1953E-06 -0.4328E-01  0.4260E-01   0.000       0.000       0.000       0.000       0.1375E-05   0.000       0.000       0.000       0.000       0.000                           -0.1953E-06 -0.1953E-06   0.000    
  13046400.0   10.35266081   10.4184   0.000       0.000      0.6576E-03  0.2277E-06 -0.4281E-01  0.4215E-01   0.000       0.000       0.000       0.000      -0.1605E-05   0.000       0.000       0.000       0.000       0.000                            0.2277E-06  0.2277E-06   0.000    
  13132800.0   10.34718989   10.4103   0.000       0.000      0.6315E-03  0.3166E-06 -0.4216E-01  0.4153E-01   0.000       0.000       0.000       0.000      -0.2261E-05   0.000       0.000       0.000       0.000       0.000                            0.3166E-06  0.3166E-06   0.000    
  13219200.0   10.34417688   10.4060   0.000       0.000      0.6185E-03  0.1744E-06 -0.4182E-01  0.4120E-01   0.000       0.000       0.000       0.000      -0.1260E-05   0.000       0.000       0.000       0.000       0.000                            0.1744E-06  0.1744E-06   0.000    
  13305600.0   10.33930787   10.3988   0.000       0.000      0.5952E-03  0.2818E-06 -0.4124E-01  0.4064E-01   0.000       0.000       0.000       0.000      -0.2057E-05   0.000       0.000       0.000       0.000       0.000                            0.2818E-06  0.2818E-06   0.000    
  13392000.0   10.35035426   10.4156   0.000       0.000      0.6522E-03 -0.6393E-06 -0.4261E-01  0.4197E-01   0.000       0.000       0.000       0.000       0.4629E-05   0.000       0.000       0.000       0.000       0.000                           -0.6393E-06 -0.6393E-06   0.000    
  13478400.0   10.35672978   10.4245   0.000       0.000      0.6778E-03 -0.3690E-06 -0.4337E-01  0.4269E-01   0.000       0.000       0.000       0.000       0.2609E-05   0.000       0.000       0.000       0.000       0.000                           -0.3690E-06 -0.3690E-06   0.000    
  13564800.0   10.35319187   10.4188   0.000       0.000      0.6560E-03  0.2047E-06 -0.4292E-01  0.4226E-01   0.000       0.000       0.000       0.000      -0.1442E-05   0.000       0.000       0.000       0.000       0.000                            0.2047E-06  0.2047E-06   0.000    
  13651200.0   10.34850272   10.4118   0.000       0.000      0.6332E-03  0.2714E-06 -0.4235E-01  0.4171E-01   0.000       0.000       0.000       0.000      -0.1933E-05   0.000       0.000       0.000       0.000       0.000                            0.2714E-06  0.2714E-06   0.000    
  13737600.0   10.34299789   10.4037   0.000       0.000      0.6071E-03  0.3186E-06 -0.4168E-01  0.4108E-01   0.000       0.000       0.000       0.000      -0.2301E-05   0.000       0.000       0.000       0.000       0.000                            0.3186E-06  0.3186E-06   0.000    
  13824000.0   10.36372401   10.4349   0.000       0.000      0.7116E-03 -0.1199E-05 -0.4421E-01  0.4351E-01   0.000       0.000       0.000       0.000       0.8483E-05   0.000       0.000       0.000       0.000       0.000                           -0.1199E-05 -0.1199E-05   0.000    
  13910400.0   10.38930765   10.4717   0.000       0.000      0.8243E-03 -0.1481E-05 -0.4720E-01  0.4639E-01   0.000       0.000       0.000       0.000       0.9736E-05   0.000       0.000       0.000       0.000       0.000                           -0.1481E-05 -0.1481E-05   0.000    
  13996800.0   10.38218563   10.4598   0.000       0.000      0.7762E-03  0.4122E-06 -0.4628E-01  0.4550E-01   0.000       0.000       0.000       0.000      -0.2622E-05   0.000       0.000       0.000       0.000       0.000                            0.4122E-06  0.4122E-06   0.000    
  14083200.0   10.37235433   10.4452   0.000       0.000      0.7282E-03  0.5689E-06 -0.4507E-01  0.4434E-01   0.000       0.000       0.000       0.000      -0.3733E-05   0.000       0.000       0.000       0.000       0.000                            0.5689E-06  0.5689E-06   0.000    
  14169600.0   10.37812171   10.4539   0.000       0.000      0.7579E-03 -0.3338E-06 -0.4574E-01  0.4498E-01   0.000       0.000       0.000       0.000       0.2206E-05   0.000       0.000       0.000       0.000       0.000                           -0.3338E-06 -0.3338E-06   0.000    
  14256000.0   10.38178538   10.4589   0.000       0.000      0.7713E-03 -0.2120E-06 -0.4614E-01  0.4537E-01   0.000       0.000       0.000       0.000       0.1378E-05   0.000       0.000       0.000       0.000       0.000                           -0.2120E-06 -0.2120E-06   0.000    
  14342400.0   10.40689477   10.4956   0.000       0.000      0.8869E-03 -0.1453E-05 -0.4906E-01  0.4819E-01   0.000       0.000       0.000       0.000       0.8927E-05   0.000       0.000       0.000       0.000       0.000                           -0.1453E-05 -0.1453E-05   0.000    
  14428800.0   10.47398602   10.5905   0.000       0.000      0.1165E-02 -0.3883E-05 -0.5625E-01  0.5510E-01   0.000       0.000       0.000       0.000       0.1809E-04   0.000       0.000       0.000       0.000       0.000                           -0.3883E-05 -0.3883E-05   0.000    
  14515200.0   10.45447524   10.5603   0.000       0.000      0.1058E-02  0.1129E-05 -0.5409E-01  0.5302E-01   0.000       0.000       0.000       0.000      -0.4180E-05   0.000       0.000       0.000       0.000       0.000                            0.1129E-05  0.1129E-05   0.000    
  14601600.0   10.45690447   10.5634   0.000       0.000      0.1065E-02 -0.1406E-06 -0.5426E-01  0.5319E-01   0.000       0.000       0.000       0.000       0.5786E-06   0.000       0.000       0.000       0.000       0.000                           -0.1406E-06 -0.1406E-06   0.000    
  14688000.0   10.47462745   10.5877   0.000       0.000      0.1131E-02 -0.1026E-05 -0.5598E-01  0.5485E-01   0.000       0.000       0.000       0.000       0.3719E-05   0.000       0.000       0.000       0.000       0.000                           -0.1026E-05 -0.1026E-05   0.000    
  14774400.0   10.47433171   10.5863   0.000       0.000      0.1119E-02  0.1711E-07 -0.5585E-01  0.5473E-01   0.000       0.000       0.000       0.000      -0.5398E-07   0.000       0.000       0.000       0.000       0.000                            0.1711E-07  0.1711E-07   0.000    
  14860800.0   10.46207677   10.5684   0.000       0.000      0.1063E-02  0.7092E-06 -0.5454E-01  0.5347E-01   0.000       0.000       0.000       0.000      -0.2485E-05   0.000       0.000       0.000       0.000       0.000                            0.7092E-06  0.7092E-06   0.000    
  14947200.0   10.45177977   10.5535   0.000       0.000      0.1017E-02  0.5959E-06 -0.5340E-01  0.5238E-01   0.000       0.000       0.000       0.000      -0.2418E-05   0.000       0.000       0.000       0.000       0.000                            0.5959E-06  0.5959E-06   0.000    
  15033600.0   10.44010438   10.5364   0.000       0.000      0.9631E-03  0.6757E-06 -0.5207E-01  0.5111E-01   0.000       0.000       0.000       0.000      -0.3054E-05   0.000       0.000       0.000       0.000       0.000                            0.6757E-06  0.6757E-06   0.000    
  15120000.0   10.42862749   10.5197   0.000       0.000      0.9111E-03  0.6642E-06 -0.5078E-01  0.4987E-01   0.000       0.000       0.000       0.000      -0.3288E-05   0.000       0.000       0.000       0.000       0.000                            0.6642E-06  0.6642E-06   0.000    
  15206400.0   10.41705758   10.5028   0.000       0.000      0.8577E-03  0.6696E-06 -0.4945E-01  0.4859E-01   0.000       0.000       0.000       0.000      -0.3572E-05   0.000       0.000       0.000       0.000       0.000                            0.6696E-06  0.6696E-06   0.000    
  15292800.0   10.40577597   10.4864   0.000       0.000      0.8065E-03  0.6529E-06 -0.4817E-01  0.4736E-01   0.000       0.000       0.000       0.000      -0.3709E-05   0.000       0.000       0.000       0.000       0.000                            0.6529E-06  0.6529E-06   0.000    
  15379200.0   10.42715350   10.5180   0.000       0.000      0.9080E-03 -0.1237E-05 -0.5068E-01  0.4978E-01   0.000       0.000       0.000       0.000       0.6840E-05   0.000       0.000       0.000       0.000       0.000                           -0.1237E-05 -0.1237E-05   0.000    
  15465600.0   10.43400074   10.5268   0.000       0.000      0.9283E-03 -0.3963E-06 -0.5142E-01  0.5049E-01   0.000       0.000       0.000       0.000       0.2014E-05   0.000       0.000       0.000       0.000       0.000                           -0.3963E-06 -0.3963E-06   0.000    
  15552000.0   10.42466006   10.5126   0.000       0.000      0.8792E-03  0.5405E-06 -0.5033E-01  0.4945E-01   0.000       0.000       0.000       0.000      -0.2770E-05   0.000       0.000       0.000       0.000       0.000                            0.5405E-06  0.5405E-06   0.000    
  15638400.0   10.41228085   10.4944   0.000       0.000      0.8211E-03  0.7164E-06 -0.4890E-01  0.4807E-01   0.000       0.000       0.000       0.000      -0.3920E-05   0.000       0.000       0.000       0.000       0.000                            0.7164E-06  0.7164E-06   0.000    
  15724800.0   10.40148037   10.4787   0.000       0.000      0.7720E-03  0.6250E-06 -0.4765E-01  0.4687E-01   0.000       0.000       0.000       0.000      -0.3632E-05   0.000       0.000       0.000       0.000       0.000                            0.6250E-06  0.6250E-06   0.000    
  15811200.0   10.39200359   10.4649   0.000       0.000      0.7293E-03  0.5484E-06 -0.4656E-01  0.4582E-01   0.000       0.000       0.000       0.000      -0.3337E-05   0.000       0.000       0.000       0.000       0.000                            0.5484E-06  0.5484E-06   0.000    
  15897600.0   10.38374425   10.4530   0.000       0.000      0.6924E-03  0.4780E-06 -0.4561E-01  0.4492E-01   0.000       0.000       0.000       0.000      -0.3016E-05   0.000       0.000       0.000       0.000       0.000                            0.4780E-06  0.4780E-06   0.000    
  15984000.0   10.37925431   10.4466   0.000       0.000      0.6738E-03  0.2598E-06 -0.4513E-01  0.4445E-01   0.000       0.000       0.000       0.000      -0.1680E-05   0.000       0.000       0.000       0.000       0.000                            0.2598E-06  0.2598E-06   0.000    
  16070400.0   10.37196932   10.4360   0.000       0.000      0.6405E-03  0.4216E-06 -0.4431E-01  0.4366E-01   0.000       0.000       0.000       0.000      -0.2783E-05   0.000       0.000       0.000       0.000       0.000                            0.4216E-06  0.4216E-06   0.000    
  16156800.0   10.36538189   10.4265   0.000       0.000      0.6113E-03  0.3812E-06 -0.4356E-01  0.4294E-01   0.000       0.000       0.000       0.000      -0.2575E-05   0.000       0.000       0.000       0.000       0.000                            0.3812E-06  0.3812E-06   0.000    
  16243200.0   10.35903546   10.4174   0.000       0.000      0.5841E-03  0.3673E-06 -0.4285E-01  0.4227E-01   0.000       0.000       0.000       0.000      -0.2532E-05   0.000       0.000       0.000       0.000       0.000                            0.3673E-06  0.3673E-06   0.000    
  16329600.0   10.35317620   10.4091   0.000       0.000      0.5589E-03  0.3391E-06 -0.4220E-01  0.4164E-01   0.000       0.000       0.000       0.000      -0.2380E-05   0.000       0.000       0.000       0.000       0.000                            0.3391E-06  0.3391E-06   0.000    
  16416000.0   10.34760149   10.4012   0.000       0.000      0.5357E-03  0.3226E-06 -0.4159E-01  0.4105E-01   0.000       0.000       0.000       0.000      -0.2301E-05   0.000       0.000       0.000       0.000       0.000                            0.3226E-06  0.3226E-06   0.000    
  16502400.0   10.34236492   10.3938   0.000       0.000      0.5141E-03  0.3030E-06 -0.4101E-01  0.4049E-01   0.000       0.000       0.000       0.000      -0.2194E-05   0.000       0.000       0.000       0.000       0.000                            0.3030E-06  0.3030E-06   0.000    
  16588800.0   10.33739409   10.3868   0.000       0.000      0.4941E-03  0.2877E-06 -0.4047E-01  0.3998E-01   0.000       0.000       0.000       0.000      -0.2110E-05   0.000       0.000       0.000       0.000       0.000                            0.2877E-06  0.2877E-06   0.000    
  16675200.0   10.33268673   10.3802   0.000       0.000      0.4755E-03  0.2724E-06 -0.3997E-01  0.3949E-01   0.000       0.000       0.000       0.000      -0.2022E-05   0.000       0.000       0.000       0.000       0.000                            0.2724E-06  0.2724E-06   0.000    
  16761600.0   10.32983517   10.3764   0.000       0.000      0.4661E-03  0.1650E-06 -0.3968E-01  0.3922E-01   0.000       0.000       0.000       0.000      -0.1236E-05   0.000       0.000       0.000       0.000       0.000                            0.1650E-06  0.1650E-06   0.000    
  16848000.0   10.32816785   10.3744   0.000       0.000      0.4622E-03  0.9649E-07 -0.3955E-01  0.3908E-01   0.000       0.000       0.000       0.000      -0.7266E-06   0.000       0.000       0.000       0.000       0.000                            0.9649E-07  0.9649E-07   0.000    
  16934400.0   10.33191723   10.3804   0.000       0.000      0.4847E-03 -0.2170E-06 -0.4006E-01  0.3958E-01   0.000       0.000       0.000       0.000       0.1630E-05   0.000       0.000       0.000       0.000       0.000                           -0.2170E-06 -0.2170E-06   0.000    
  17020800.0   10.33144225   10.3797   0.000       0.000      0.4830E-03  0.2749E-07 -0.4004E-01  0.3956E-01   0.000       0.000       0.000       0.000      -0.2057E-06   0.000       0.000       0.000       0.000       0.000                            0.2749E-07  0.2749E-07   0.000    
  17107200.0   10.32569066   10.3714   0.000       0.000      0.4567E-03  0.3328E-06 -0.3937E-01  0.3891E-01   0.000       0.000       0.000       0.000      -0.2509E-05   0.000       0.000       0.000       0.000       0.000                            0.3328E-06  0.3328E-06   0.000    
  17193600.0   10.32102451   10.3649   0.000       0.000      0.4385E-03  0.2700E-06 -0.3885E-01  0.3841E-01   0.000       0.000       0.000       0.000      -0.2060E-05   0.000       0.000       0.000       0.000       0.000                            0.2700E-06  0.2700E-06   0.000    
  17280000.0   10.31651524   10.3587   0.000       0.000      0.4214E-03  0.2610E-06 -0.3835E-01  0.3793E-01   0.000       0.000       0.000       0.000      -0.2010E-05   0.000       0.000       0.000       0.000       0.000                            0.2610E-06  0.2610E-06   0.000    
  17366400.0   10.31228777   10.3528   0.000       0.000      0.4055E-03  0.2446E-06 -0.3788E-01  0.3747E-01   0.000       0.000       0.000       0.000      -0.1902E-05   0.000       0.000       0.000       0.000       0.000                            0.2446E-06  0.2446E-06   0.000    
  17452800.0   10.30827917   10.3474   0.000       0.000      0.3912E-03  0.2320E-06 -0.3746E-01  0.3706E-01   0.000       0.000       0.000       0.000      -0.1819E-05   0.000       0.000       0.000       0.000       0.000                            0.2320E-06  0.2320E-06   0.000    
  17539200.0   10.30454435   10.3423   0.000       0.000      0.3779E-03  0.2161E-06 -0.3705E-01  0.3667E-01   0.000       0.000       0.000       0.000      -0.1708E-05   0.000       0.000       0.000       0.000       0.000                            0.2161E-06  0.2161E-06   0.000    
  17625600.0   10.30096721   10.3375   0.000       0.000      0.3657E-03  0.2070E-06 -0.3668E-01  0.3631E-01   0.000       0.000       0.000       0.000      -0.1647E-05   0.000       0.000       0.000       0.000       0.000                            0.2070E-06  0.2070E-06   0.000    
  17712000.0   10.29998075   10.3366   0.000       0.000      0.3664E-03  0.5709E-07 -0.3661E-01  0.3625E-01   0.000       0.000       0.000       0.000      -0.4563E-06   0.000       0.000       0.000       0.000       0.000                            0.5709E-07  0.5709E-07   0.000    
  17798400.0   10.29654407   10.3319   0.000       0.000      0.3534E-03  0.1989E-06 -0.3624E-01  0.3589E-01   0.000       0.000       0.000       0.000      -0.1596E-05   0.000       0.000       0.000       0.000       0.000                            0.1989E-06  0.1989E-06   0.000    
  17884800.0   10.29302137   10.3272   0.000       0.000      0.3415E-03  0.2039E-06 -0.3587E-01  0.3553E-01   0.000       0.000       0.000       0.000      -0.1647E-05   0.000       0.000       0.000       0.000       0.000                            0.2039E-06  0.2039E-06   0.000    
  17971200.0   10.28982387   10.3229   0.000       0.000      0.3310E-03  0.1850E-06 -0.3553E-01  0.3519E-01   0.000       0.000       0.000       0.000      -0.1504E-05   0.000       0.000       0.000       0.000       0.000                            0.1850E-06  0.1850E-06   0.000    
  18057600.0   10.28676345   10.3189   0.000       0.000      0.3216E-03  0.1771E-06 -0.3521E-01  0.3489E-01   0.000       0.000       0.000       0.000      -0.1447E-05   0.000       0.000       0.000       0.000       0.000                            0.1771E-06  0.1771E-06   0.000    
  18144000.0   10.28386583   10.3151   0.000       0.000      0.3126E-03  0.1677E-06 -0.3491E-01  0.3459E-01   0.000       0.000       0.000       0.000      -0.1377E-05   0.000       0.000       0.000       0.000       0.000                            0.1677E-06  0.1677E-06   0.000    
  18230400.0   10.28104589   10.3115   0.000       0.000      0.3043E-03  0.1632E-06 -0.3462E-01  0.3431E-01   0.000       0.000       0.000       0.000      -0.1347E-05   0.000       0.000       0.000       0.000       0.000                            0.1632E-06  0.1632E-06   0.000    
  18316800.0   10.27834393   10.3080   0.000       0.000      0.2964E-03  0.1564E-06 -0.3434E-01  0.3404E-01   0.000       0.000       0.000       0.000      -0.1296E-05   0.000       0.000       0.000       0.000       0.000                            0.1564E-06  0.1564E-06   0.000    
  18403200.0   10.27570834   10.3046   0.000       0.000      0.2890E-03  0.1525E-06 -0.3407E-01  0.3378E-01   0.000       0.000       0.000       0.000      -0.1270E-05   0.000       0.000       0.000       0.000       0.000                            0.1525E-06  0.1525E-06   0.000    
  18489600.0   10.27315473   10.3013   0.000       0.000      0.2819E-03  0.1478E-06 -0.3381E-01  0.3353E-01   0.000       0.000       0.000       0.000      -0.1235E-05   0.000       0.000       0.000       0.000       0.000                            0.1478E-06  0.1478E-06   0.000    
  18576000.0   10.27067579   10.2982   0.000       0.000      0.2752E-03  0.1435E-06 -0.3356E-01  0.3328E-01   0.000       0.000       0.000       0.000      -0.1204E-05   0.000       0.000       0.000       0.000       0.000                            0.1435E-06  0.1435E-06   0.000    
  18662400.0   10.26823957   10.2951   0.000       0.000      0.2689E-03  0.1410E-06 -0.3331E-01  0.3304E-01   0.000       0.000       0.000       0.000      -0.1188E-05   0.000       0.000       0.000       0.000       0.000                            0.1410E-06  0.1410E-06   0.000    
  18748800.0   10.26590341   10.2922   0.000       0.000      0.2627E-03  0.1352E-06 -0.3307E-01  0.3281E-01   0.000       0.000       0.000       0.000      -0.1143E-05   0.000       0.000       0.000       0.000       0.000                            0.1352E-06  0.1352E-06   0.000    
  18835200.0   10.26852757   10.2967   0.000       0.000      0.2815E-03 -0.1519E-06 -0.3344E-01  0.3316E-01   0.000       0.000       0.000       0.000       0.1284E-05   0.000       0.000       0.000       0.000       0.000                           -0.1519E-06 -0.1519E-06   0.000    
  18921600.0   10.26625659   10.2936   0.000       0.000      0.2730E-03  0.1314E-06 -0.3319E-01  0.3292E-01   0.000       0.000       0.000       0.000      -0.1111E-05   0.000       0.000       0.000       0.000       0.000                            0.1314E-06  0.1314E-06   0.000    
  19008000.0   10.26312015   10.2894   0.000       0.000      0.2624E-03  0.1815E-06 -0.3285E-01  0.3258E-01   0.000       0.000       0.000       0.000      -0.1540E-05   0.000       0.000       0.000       0.000       0.000                            0.1815E-06  0.1815E-06   0.000    
  19094400.0   10.26040909   10.2859   0.000       0.000      0.2548E-03  0.1569E-06 -0.3256E-01  0.3230E-01   0.000       0.000       0.000       0.000      -0.1337E-05   0.000       0.000       0.000       0.000       0.000                            0.1569E-06  0.1569E-06   0.000    
  19180800.0   10.25794552   10.2828   0.000       0.000      0.2482E-03  0.1426E-06 -0.3230E-01  0.3205E-01   0.000       0.000       0.000       0.000      -0.1219E-05   0.000       0.000       0.000       0.000       0.000                            0.1426E-06  0.1426E-06   0.000    
  19267200.0   10.25573538   10.2800   0.000       0.000      0.2429E-03  0.1279E-06 -0.3208E-01  0.3183E-01   0.000       0.000       0.000       0.000      -0.1097E-05   0.000       0.000       0.000       0.000       0.000                            0.1279E-06  0.1279E-06   0.000    
  19353600.0   10.25348458   10.2772   0.000       0.000      0.2373E-03  0.1303E-06 -0.3185E-01  0.3161E-01   0.000       0.000       0.000       0.000      -0.1121E-05   0.000       0.000       0.000       0.000       0.000                            0.1303E-06  0.1303E-06   0.000    
  19440000.0   10.25132838   10.2745   0.000       0.000      0.2321E-03  0.1248E-06 -0.3163E-01  0.3139E-01   0.000       0.000       0.000       0.000      -0.1077E-05   0.000       0.000       0.000       0.000       0.000                            0.1248E-06  0.1248E-06   0.000    
  19526400.0   10.24922201   10.2719   0.000       0.000      0.2273E-03  0.1219E-06 -0.3142E-01  0.3119E-01   0.000       0.000       0.000       0.000      -0.1055E-05   0.000       0.000       0.000       0.000       0.000                            0.1219E-06  0.1219E-06   0.000    
  19612800.0   10.24720588   10.2695   0.000       0.000      0.2226E-03  0.1167E-06 -0.3121E-01  0.3099E-01   0.000       0.000       0.000       0.000      -0.1013E-05   0.000       0.000       0.000       0.000       0.000                            0.1167E-06  0.1167E-06   0.000    
  19699200.0   10.24521254   10.2670   0.000       0.000      0.2183E-03  0.1154E-06 -0.3101E-01  0.3079E-01   0.000       0.000       0.000       0.000      -0.1004E-05   0.000       0.000       0.000       0.000       0.000                            0.1154E-06  0.1154E-06   0.000    
  19785600.0   10.24329032   10.2647   0.000       0.000      0.2141E-03  0.1112E-06 -0.3082E-01  0.3060E-01   0.000       0.000       0.000       0.000      -0.9706E-06   0.000       0.000       0.000       0.000       0.000                            0.1112E-06  0.1112E-06   0.000    
  19872000.0   10.24138658   10.2624   0.000       0.000      0.2101E-03  0.1102E-06 -0.3063E-01  0.3042E-01   0.000       0.000       0.000       0.000      -0.9636E-06   0.000       0.000       0.000       0.000       0.000                            0.1102E-06  0.1102E-06   0.000    
  19958400.0   10.24425718   10.2672   0.000       0.000      0.2296E-03 -0.1661E-06 -0.3100E-01  0.3077E-01   0.000       0.000       0.000       0.000       0.1452E-05   0.000       0.000       0.000       0.000       0.000                           -0.1661E-06 -0.1661E-06   0.000    
  20044800.0   10.24835668   10.2736   0.000       0.000      0.2522E-03 -0.2372E-06 -0.3151E-01  0.3126E-01   0.000       0.000       0.000       0.000       0.2065E-05   0.000       0.000       0.000       0.000       0.000                           -0.2372E-06 -0.2372E-06   0.000    
  20131200.0   10.24428906   10.2676   0.000       0.000      0.2335E-03  0.2354E-06 -0.3103E-01  0.3080E-01   0.000       0.000       0.000       0.000      -0.2048E-05   0.000       0.000       0.000       0.000       0.000                            0.2354E-06  0.2354E-06   0.000    
  20217600.0   10.24270703   10.2658   0.000       0.000      0.2314E-03  0.9155E-07 -0.3087E-01  0.3063E-01   0.000       0.000       0.000       0.000      -0.7996E-06   0.000       0.000       0.000       0.000       0.000                            0.9155E-07  0.9155E-07   0.000    
  20304000.0   10.24085548   10.2636   0.000       0.000      0.2270E-03  0.1071E-06 -0.3067E-01  0.3044E-01   0.000       0.000       0.000       0.000      -0.9379E-06   0.000       0.000       0.000       0.000       0.000                            0.1071E-06  0.1071E-06   0.000    
  20390400.0   10.23818468   10.2601   0.000       0.000      0.2187E-03  0.1546E-06 -0.3038E-01  0.3016E-01   0.000       0.000       0.000       0.000      -0.1357E-05   0.000       0.000       0.000       0.000       0.000                            0.1546E-06  0.1546E-06   0.000    
  20476800.0   10.23582360   10.2571   0.000       0.000      0.2125E-03  0.1366E-06 -0.3013E-01  0.2991E-01   0.000       0.000       0.000       0.000      -0.1203E-05   0.000       0.000       0.000       0.000       0.000                            0.1366E-06  0.1366E-06   0.000    
  20563200.0   10.23366192   10.2544   0.000       0.000      0.2071E-03  0.1251E-06 -0.2990E-01  0.2969E-01   0.000       0.000       0.000       0.000      -0.1105E-05   0.000       0.000       0.000       0.000       0.000                            0.1251E-06  0.1251E-06   0.000    
  20649600.0   10.23161982   10.2519   0.000       0.000      0.2024E-03  0.1182E-06 -0.2969E-01  0.2949E-01   0.000       0.000       0.000       0.000      -0.1046E-05   0.000       0.000       0.000       0.000       0.000                            0.1182E-06  0.1182E-06   0.000    
  20736000.0   10.22968384   10.2495   0.000       0.000      0.1980E-03  0.1120E-06 -0.2949E-01  0.2929E-01   0.000       0.000       0.000       0.000      -0.9940E-06   0.000       0.000       0.000       0.000       0.000                            0.1120E-06  0.1120E-06   0.000    
  20822400.0   10.22780971   10.2472   0.000       0.000      0.1939E-03  0.1085E-06 -0.2930E-01  0.2911E-01   0.000       0.000       0.000       0.000      -0.9644E-06   0.000       0.000       0.000       0.000       0.000                            0.1085E-06  0.1085E-06   0.000    
  20908800.0   10.22601157   10.2450   0.000       0.000      0.1901E-03  0.1041E-06 -0.2912E-01  0.2893E-01   0.000       0.000       0.000       0.000      -0.9273E-06   0.000       0.000       0.000       0.000       0.000                            0.1041E-06  0.1041E-06   0.000    
  20995200.0   10.22425231   10.2429   0.000       0.000      0.1866E-03  0.1018E-06 -0.2894E-01  0.2875E-01   0.000       0.000       0.000       0.000      -0.9090E-06   0.000       0.000       0.000       0.000       0.000                            0.1018E-06  0.1018E-06   0.000    
  21081600.0   10.22255508   10.2409   0.000       0.000      0.1831E-03  0.9822E-07 -0.2877E-01  0.2858E-01   0.000       0.000       0.000       0.000      -0.8787E-06   0.000       0.000       0.000       0.000       0.000                            0.9822E-07  0.9822E-07   0.000    
  21168000.0   10.22088315   10.2389   0.000       0.000      0.1800E-03  0.9676E-07 -0.2860E-01  0.2842E-01   0.000       0.000       0.000       0.000      -0.8672E-06   0.000       0.000       0.000       0.000       0.000                            0.9676E-07  0.9676E-07   0.000    
  21254400.0   10.21926446   10.2370   0.000       0.000      0.1769E-03  0.9367E-07 -0.2844E-01  0.2826E-01   0.000       0.000       0.000       0.000      -0.8411E-06   0.000       0.000       0.000       0.000       0.000                            0.9367E-07  0.9367E-07   0.000    
  21340800.0   10.21767040   10.2351   0.000       0.000      0.1740E-03  0.9225E-07 -0.2828E-01  0.2810E-01   0.000       0.000       0.000       0.000      -0.8298E-06   0.000       0.000       0.000       0.000       0.000                            0.9225E-07  0.9225E-07   0.000    
  21427200.0   10.21610399   10.2332   0.000       0.000      0.1713E-03  0.9065E-07 -0.2812E-01  0.2795E-01   0.000       0.000       0.000       0.000      -0.8168E-06   0.000       0.000       0.000       0.000       0.000                            0.9065E-07  0.9065E-07   0.000    
  21513600.0   10.21527291   10.2325   0.000       0.000      0.1720E-03  0.4809E-07 -0.2805E-01  0.2788E-01   0.000       0.000       0.000       0.000      -0.4339E-06   0.000       0.000       0.000       0.000       0.000                            0.4809E-07  0.4809E-07   0.000    
  21600000.0   10.22126941   10.2418   0.000       0.000      0.2055E-03 -0.3470E-06 -0.2877E-01  0.2857E-01   0.000       0.000       0.000       0.000       0.3122E-05   0.000       0.000       0.000       0.000       0.000                           -0.3470E-06 -0.3470E-06   0.000    
  21686400.0   10.21791625   10.2369   0.000       0.000      0.1894E-03  0.1940E-06 -0.2838E-01  0.2819E-01   0.000       0.000       0.000       0.000      -0.1743E-05   0.000       0.000       0.000       0.000       0.000                            0.1940E-06  0.1940E-06   0.000    
  21772800.0   10.21533724   10.2335   0.000       0.000      0.1819E-03  0.1492E-06 -0.2810E-01  0.2791E-01   0.000       0.000       0.000       0.000      -0.1345E-05   0.000       0.000       0.000       0.000       0.000                            0.1492E-06  0.1492E-06   0.000    
  21859200.0   10.21322326   10.2309   0.000       0.000      0.1767E-03  0.1223E-06 -0.2787E-01  0.2769E-01   0.000       0.000       0.000       0.000      -0.1105E-05   0.000       0.000       0.000       0.000       0.000                            0.1223E-06  0.1223E-06   0.000    
  21945600.0   10.21133748   10.2286   0.000       0.000      0.1726E-03  0.1091E-06 -0.2768E-01  0.2750E-01   0.000       0.000       0.000       0.000      -0.9881E-06   0.000       0.000       0.000       0.000       0.000                            0.1091E-06  0.1091E-06   0.000    
  22032000.0   10.20960521   10.2265   0.000       0.000      0.1690E-03  0.1002E-06 -0.2750E-01  0.2733E-01   0.000       0.000       0.000       0.000      -0.9093E-06   0.000       0.000       0.000       0.000       0.000                            0.1002E-06  0.1002E-06   0.000    
  22118400.0   10.20796286   10.2245   0.000       0.000      0.1657E-03  0.9504E-07 -0.2733E-01  0.2717E-01   0.000       0.000       0.000       0.000      -0.8636E-06   0.000       0.000       0.000       0.000       0.000                            0.9504E-07  0.9504E-07   0.000    
  22204800.0   10.20638054   10.2227   0.000       0.000      0.1628E-03  0.9157E-07 -0.2717E-01  0.2701E-01   0.000       0.000       0.000       0.000      -0.8334E-06   0.000       0.000       0.000       0.000       0.000                            0.9157E-07  0.9157E-07   0.000    
  22291200.0   10.20486020   10.2209   0.000       0.000      0.1600E-03  0.8798E-07 -0.2702E-01  0.2686E-01   0.000       0.000       0.000       0.000      -0.8020E-06   0.000       0.000       0.000       0.000       0.000                            0.8798E-07  0.8798E-07   0.000    
  22377600.0   10.20337939   10.2191   0.000       0.000      0.1574E-03  0.8569E-07 -0.2687E-01  0.2671E-01   0.000       0.000       0.000       0.000      -0.7823E-06   0.000       0.000       0.000       0.000       0.000                            0.8569E-07  0.8569E-07   0.000    
  22464000.0   10.21045049   10.2300   0.000       0.000      0.1959E-03 -0.4092E-06 -0.2771E-01  0.2752E-01   0.000       0.000       0.000       0.000       0.3725E-05   0.000       0.000       0.000       0.000       0.000                           -0.4092E-06 -0.4092E-06   0.000    
  22550400.0   10.20815344   10.2266   0.000       0.000      0.1841E-03  0.1329E-06 -0.2744E-01  0.2725E-01   0.000       0.000       0.000       0.000      -0.1207E-05   0.000       0.000       0.000       0.000       0.000                            0.1329E-06  0.1329E-06   0.000    
  22636800.0   10.20761641   10.2262   0.000       0.000      0.1858E-03  0.3108E-07 -0.2739E-01  0.2720E-01   0.000       0.000       0.000       0.000      -0.2826E-06   0.000       0.000       0.000       0.000       0.000                            0.3108E-07  0.3108E-07   0.000    
  22723200.0   10.22984746   10.2595   0.000       0.000      0.2965E-03 -0.1287E-05 -0.2996E-01  0.2968E-01   0.000       0.000       0.000       0.000       0.1157E-04   0.000       0.000       0.000       0.000       0.000                           -0.1287E-05 -0.1287E-05   0.000    
  22809600.0   10.22711694   10.2544   0.000       0.000      0.2730E-03  0.1580E-06 -0.2960E-01  0.2932E-01   0.000       0.000       0.000       0.000      -0.1406E-05   0.000       0.000       0.000       0.000       0.000                            0.1580E-06  0.1580E-06   0.000    
  22896000.0   10.22450043   10.2508   0.000       0.000      0.2633E-03  0.1514E-06 -0.2928E-01  0.2901E-01   0.000       0.000       0.000       0.000      -0.1351E-05   0.000       0.000       0.000       0.000       0.000                            0.1514E-06  0.1514E-06   0.000    
  22982400.0   10.22224352   10.2478   0.000       0.000      0.2558E-03  0.1306E-06 -0.2901E-01  0.2875E-01   0.000       0.000       0.000       0.000      -0.1169E-05   0.000       0.000       0.000       0.000       0.000                            0.1306E-06  0.1306E-06   0.000    
  23068800.0   10.22014485   10.2451   0.000       0.000      0.2494E-03  0.1215E-06 -0.2878E-01  0.2852E-01   0.000       0.000       0.000       0.000      -0.1089E-05   0.000       0.000       0.000       0.000       0.000                            0.1215E-06  0.1215E-06   0.000    
  23155200.0   10.21775811   10.2419   0.000       0.000      0.2415E-03  0.1381E-06 -0.2851E-01  0.2827E-01   0.000       0.000       0.000       0.000      -0.1242E-05   0.000       0.000       0.000       0.000       0.000                            0.1381E-06  0.1381E-06   0.000    
  23241600.0   10.21535807   10.2387   0.000       0.000      0.2338E-03  0.1389E-06 -0.2825E-01  0.2801E-01   0.000       0.000       0.000       0.000      -0.1252E-05   0.000       0.000       0.000       0.000       0.000                            0.1389E-06  0.1389E-06   0.000    
  23328000.0   10.21289489   10.2355   0.000       0.000      0.2259E-03  0.1425E-06 -0.2798E-01  0.2775E-01   0.000       0.000       0.000       0.000      -0.1288E-05   0.000       0.000       0.000       0.000       0.000                            0.1425E-06  0.1425E-06   0.000    
  23414400.0   10.21053588   10.2324   0.000       0.000      0.2185E-03  0.1365E-06 -0.2773E-01  0.2751E-01   0.000       0.000       0.000       0.000      -0.1237E-05   0.000       0.000       0.000       0.000       0.000                            0.1365E-06  0.1365E-06   0.000    
  23500800.0   10.20838845   10.2296   0.000       0.000      0.2121E-03  0.1243E-06 -0.2750E-01  0.2728E-01   0.000       0.000       0.000       0.000      -0.1128E-05   0.000       0.000       0.000       0.000       0.000                            0.1243E-06  0.1243E-06   0.000    
  23587200.0   10.20635414   10.2270   0.000       0.000      0.2062E-03  0.1177E-06 -0.2728E-01  0.2708E-01   0.000       0.000       0.000       0.000      -0.1071E-05   0.000       0.000       0.000       0.000       0.000                            0.1177E-06  0.1177E-06   0.000    
  23673600.0   10.20436111   10.2244   0.000       0.000      0.2005E-03  0.1153E-06 -0.2708E-01  0.2688E-01   0.000       0.000       0.000       0.000      -0.1052E-05   0.000       0.000       0.000       0.000       0.000                            0.1153E-06  0.1153E-06   0.000    
  23760000.0   10.20236219   10.2218   0.000       0.000      0.1947E-03  0.1157E-06 -0.2687E-01  0.2667E-01   0.000       0.000       0.000       0.000      -0.1057E-05   0.000       0.000       0.000       0.000       0.000                            0.1157E-06  0.1157E-06   0.000    
  23846400.0   10.20044659   10.2194   0.000       0.000      0.1893E-03  0.1109E-06 -0.2667E-01  0.2648E-01   0.000       0.000       0.000       0.000      -0.1015E-05   0.000       0.000       0.000       0.000       0.000                            0.1109E-06  0.1109E-06   0.000    
  23932800.0   10.19864332   10.2171   0.000       0.000      0.1845E-03  0.1044E-06 -0.2648E-01  0.2630E-01   0.000       0.000       0.000       0.000      -0.9568E-06   0.000       0.000       0.000       0.000       0.000                            0.1044E-06  0.1044E-06   0.000    
  24019200.0   10.19691629   10.2149   0.000       0.000      0.1800E-03  0.9994E-07 -0.2630E-01  0.2612E-01   0.000       0.000       0.000       0.000      -0.9179E-06   0.000       0.000       0.000       0.000       0.000                            0.9994E-07  0.9994E-07   0.000    
  24105600.0   10.19524499   10.2128   0.000       0.000      0.1758E-03  0.9672E-07 -0.2613E-01  0.2596E-01   0.000       0.000       0.000       0.000      -0.8897E-06   0.000       0.000       0.000       0.000       0.000                            0.9672E-07  0.9672E-07   0.000    
  24192000.0   10.19360910   10.2108   0.000       0.000      0.1718E-03  0.9467E-07 -0.2597E-01  0.2580E-01   0.000       0.000       0.000       0.000      -0.8722E-06   0.000       0.000       0.000       0.000       0.000                            0.9467E-07  0.9467E-07   0.000    
  24278400.0   10.19200849   10.2088   0.000       0.000      0.1679E-03  0.9263E-07 -0.2580E-01  0.2564E-01   0.000       0.000       0.000       0.000      -0.8546E-06   0.000       0.000       0.000       0.000       0.000                            0.9263E-07  0.9263E-07   0.000    
  24364800.0   10.19045694   10.2069   0.000       0.000      0.1643E-03  0.8979E-07 -0.2565E-01  0.2548E-01   0.000       0.000       0.000       0.000      -0.8296E-06   0.000       0.000       0.000       0.000       0.000                            0.8979E-07  0.8979E-07   0.000    
  24451200.0   10.18895803   10.2050   0.000       0.000      0.1609E-03  0.8674E-07 -0.2550E-01  0.2533E-01   0.000       0.000       0.000       0.000      -0.8026E-06   0.000       0.000       0.000       0.000       0.000                            0.8674E-07  0.8674E-07   0.000    
  24537600.0   10.18750510   10.2033   0.000       0.000      0.1577E-03  0.8408E-07 -0.2535E-01  0.2519E-01   0.000       0.000       0.000       0.000      -0.7790E-06   0.000       0.000       0.000       0.000       0.000                            0.8408E-07  0.8408E-07   0.000    
  24624000.0   10.18609276   10.2016   0.000       0.000      0.1547E-03  0.8173E-07 -0.2521E-01  0.2505E-01   0.000       0.000       0.000       0.000      -0.7581E-06   0.000       0.000       0.000       0.000       0.000                            0.8173E-07  0.8173E-07   0.000    
  24710400.0   10.18471197   10.1999   0.000       0.000      0.1519E-03  0.7991E-07 -0.2507E-01  0.2492E-01   0.000       0.000       0.000       0.000      -0.7421E-06   0.000       0.000       0.000       0.000       0.000                            0.7991E-07  0.7991E-07   0.000    
  24796800.0   10.18336708   10.1983   0.000       0.000      0.1493E-03  0.7783E-07 -0.2493E-01  0.2478E-01   0.000       0.000       0.000       0.000      -0.7237E-06   0.000       0.000       0.000       0.000       0.000                            0.7783E-07  0.7783E-07   0.000    
  24883200.0   10.18216850   10.1969   0.000       0.000      0.1473E-03  0.6936E-07 -0.2482E-01  0.2467E-01   0.000       0.000       0.000       0.000      -0.6456E-06   0.000       0.000       0.000       0.000       0.000                            0.6936E-07  0.6936E-07   0.000    
  24969600.0   10.18321046   10.1988   0.000       0.000      0.1559E-03 -0.6030E-07 -0.2495E-01  0.2479E-01   0.000       0.000       0.000       0.000       0.5613E-06   0.000       0.000       0.000       0.000       0.000                           -0.6030E-07 -0.6030E-07   0.000    
  25056000.0   10.18150764   10.1965   0.000       0.000      0.1501E-03  0.9854E-07 -0.2477E-01  0.2462E-01   0.000       0.000       0.000       0.000      -0.9175E-06   0.000       0.000       0.000       0.000       0.000                            0.9854E-07  0.9854E-07   0.000    
  25142400.0   10.17997926   10.1946   0.000       0.000      0.1466E-03  0.8845E-07 -0.2461E-01  0.2446E-01   0.000       0.000       0.000       0.000      -0.8247E-06   0.000       0.000       0.000       0.000       0.000                            0.8845E-07  0.8845E-07   0.000    
  25228800.0   10.18306359   10.1996   0.000       0.000      0.1650E-03 -0.1785E-06 -0.2497E-01  0.2481E-01   0.000       0.000       0.000       0.000       0.1663E-05   0.000       0.000       0.000       0.000       0.000                           -0.1785E-06 -0.1785E-06   0.000    
  25315200.0   10.18130285   10.1971   0.000       0.000      0.1576E-03  0.1019E-06 -0.2478E-01  0.2462E-01   0.000       0.000       0.000       0.000      -0.9489E-06   0.000       0.000       0.000       0.000       0.000                            0.1019E-06  0.1019E-06   0.000    
  25401600.0   10.18212896   10.1986   0.000       0.000      0.1651E-03 -0.4781E-07 -0.2488E-01  0.2472E-01   0.000       0.000       0.000       0.000       0.4454E-06   0.000       0.000       0.000       0.000       0.000                           -0.4781E-07 -0.4781E-07   0.000    
  25488000.0   10.18261159   10.1996   0.000       0.000      0.1696E-03 -0.2793E-07 -0.2494E-01  0.2477E-01   0.000       0.000       0.000       0.000       0.2601E-06   0.000       0.000       0.000       0.000       0.000                           -0.2793E-07 -0.2793E-07   0.000    
  25574400.0   10.18447484   10.2025   0.000       0.000      0.1807E-03 -0.1078E-06 -0.2516E-01  0.2498E-01   0.000       0.000       0.000       0.000       0.1003E-05   0.000       0.000       0.000       0.000       0.000                           -0.1078E-06 -0.1078E-06   0.000    
  25660800.0   10.18278205   10.2002   0.000       0.000      0.1741E-03  0.9796E-07 -0.2497E-01  0.2479E-01   0.000       0.000       0.000       0.000      -0.9112E-06   0.000       0.000       0.000       0.000       0.000                            0.9796E-07  0.9796E-07   0.000    
  25747200.0   10.18656280   10.2061   0.000       0.000      0.1954E-03 -0.2188E-06 -0.2540E-01  0.2521E-01   0.000       0.000       0.000       0.000       0.2033E-05   0.000       0.000       0.000       0.000       0.000                           -0.2188E-06 -0.2188E-06   0.000    
  25833600.0   10.20531762   10.2338   0.000       0.000      0.2846E-03 -0.1085E-05 -0.2751E-01  0.2724E-01   0.000       0.000       0.000       0.000       0.9985E-05   0.000       0.000       0.000       0.000       0.000                           -0.1085E-05 -0.1085E-05   0.000    
  25920000.0   10.22822075   10.2667   0.000       0.000      0.3847E-03 -0.1325E-05 -0.3007E-01  0.2970E-01   0.000       0.000       0.000       0.000       0.1194E-04   0.000       0.000       0.000       0.000       0.000                           -0.1325E-05 -0.1325E-05   0.000    
  26006400.0   10.24902790   10.2962   0.000       0.000      0.4721E-03 -0.1204E-05 -0.3239E-01  0.3193E-01   0.000       0.000       0.000       0.000       0.1058E-04   0.000       0.000       0.000       0.000       0.000                           -0.1204E-05 -0.1204E-05   0.000    
  26092800.0   10.25058214   10.2973   0.000       0.000      0.4674E-03 -0.8994E-07 -0.3248E-01  0.3201E-01   0.000       0.000       0.000       0.000       0.7791E-06   0.000       0.000       0.000       0.000       0.000                           -0.8994E-07 -0.8994E-07   0.000    
  26179200.0   10.24468603   10.2884   0.000       0.000      0.4368E-03  0.3412E-06 -0.3174E-01  0.3130E-01   0.000       0.000       0.000       0.000      -0.2964E-05   0.000       0.000       0.000       0.000       0.000                            0.3412E-06  0.3412E-06   0.000    
  26265600.0   10.23882233   10.2800   0.000       0.000      0.4113E-03  0.3393E-06 -0.3103E-01  0.3062E-01   0.000       0.000       0.000       0.000      -0.2970E-05   0.000       0.000       0.000       0.000       0.000                            0.3393E-06  0.3393E-06   0.000    
  26352000.0   10.23365126   10.2726   0.000       0.000      0.3897E-03  0.2993E-06 -0.3043E-01  0.3004E-01   0.000       0.000       0.000       0.000      -0.2637E-05   0.000       0.000       0.000       0.000       0.000                            0.2993E-06  0.2993E-06   0.000    
  26438400.0   10.22907802   10.2662   0.000       0.000      0.3710E-03  0.2647E-06 -0.2991E-01  0.2954E-01   0.000       0.000       0.000       0.000      -0.2346E-05   0.000       0.000       0.000       0.000       0.000                            0.2647E-06  0.2647E-06   0.000    
  26524800.0   10.22491375   10.2603   0.000       0.000      0.3541E-03  0.2410E-06 -0.2945E-01  0.2909E-01   0.000       0.000       0.000       0.000      -0.2147E-05   0.000       0.000       0.000       0.000       0.000                            0.2410E-06  0.2410E-06   0.000    
  26611200.0   10.22089215   10.2547   0.000       0.000      0.3377E-03  0.2327E-06 -0.2901E-01  0.2867E-01   0.000       0.000       0.000       0.000      -0.2083E-05   0.000       0.000       0.000       0.000       0.000                            0.2327E-06  0.2327E-06   0.000    
  26697600.0   10.21728601   10.2496   0.000       0.000      0.3233E-03  0.2087E-06 -0.2861E-01  0.2829E-01   0.000       0.000       0.000       0.000      -0.1876E-05   0.000       0.000       0.000       0.000       0.000                            0.2087E-06  0.2087E-06   0.000    
  26784000.0   10.21393339   10.2449   0.000       0.000      0.3100E-03  0.1940E-06 -0.2825E-01  0.2794E-01   0.000       0.000       0.000       0.000      -0.1751E-05   0.000       0.000       0.000       0.000       0.000                            0.1940E-06  0.1940E-06   0.000    
  26870400.0   10.22830194   10.2665   0.000       0.000      0.3819E-03 -0.8315E-06 -0.2993E-01  0.2955E-01   0.000       0.000       0.000       0.000       0.7457E-05   0.000       0.000       0.000       0.000       0.000                           -0.8315E-06 -0.8315E-06   0.000    
  26956800.0   10.23577603   10.2768   0.000       0.000      0.4102E-03 -0.4325E-06 -0.3076E-01  0.3036E-01   0.000       0.000       0.000       0.000       0.3831E-05   0.000       0.000       0.000       0.000       0.000                           -0.4325E-06 -0.4325E-06   0.000    
  27043200.0   10.24220926   10.2859   0.000       0.000      0.4364E-03 -0.3723E-06 -0.3148E-01  0.3105E-01   0.000       0.000       0.000       0.000       0.3270E-05   0.000       0.000       0.000       0.000       0.000                           -0.3723E-06 -0.3723E-06   0.000    
  27129600.0   10.24293144   10.2865   0.000       0.000      0.4355E-03 -0.4179E-07 -0.3153E-01  0.3110E-01   0.000       0.000       0.000       0.000       0.3655E-06   0.000       0.000       0.000       0.000       0.000                           -0.4179E-07 -0.4179E-07   0.000    
  27216000.0   10.24615531   10.2911   0.000       0.000      0.4496E-03 -0.1866E-06 -0.3188E-01  0.3143E-01   0.000       0.000       0.000       0.000       0.1627E-05   0.000       0.000       0.000       0.000       0.000                           -0.1866E-06 -0.1866E-06   0.000    
  27302400.0   10.25606939   10.3056   0.000       0.000      0.4952E-03 -0.5737E-06 -0.3301E-01  0.3252E-01   0.000       0.000       0.000       0.000       0.4961E-05   0.000       0.000       0.000       0.000       0.000                           -0.5737E-06 -0.5737E-06   0.000    
  27388800.0   10.27578865   10.3343   0.000       0.000      0.5847E-03 -0.1141E-05 -0.3528E-01  0.3471E-01   0.000       0.000       0.000       0.000       0.9663E-05   0.000       0.000       0.000       0.000       0.000                           -0.1141E-05 -0.1141E-05   0.000    
  27475200.0   10.29065483   10.3551   0.000       0.000      0.6448E-03 -0.8603E-06 -0.3695E-01  0.3632E-01   0.000       0.000       0.000       0.000       0.7089E-05   0.000       0.000       0.000       0.000       0.000                           -0.8603E-06 -0.8603E-06   0.000    
  27561600.0   10.28449320   10.3449   0.000       0.000      0.6036E-03  0.3566E-06 -0.3614E-01  0.3554E-01   0.000       0.000       0.000       0.000      -0.2917E-05   0.000       0.000       0.000       0.000       0.000                            0.3566E-06  0.3566E-06   0.000    
  27648000.0   10.27747780   10.3344   0.000       0.000      0.5692E-03  0.4060E-06 -0.3528E-01  0.3470E-01   0.000       0.000       0.000       0.000      -0.3358E-05   0.000       0.000       0.000       0.000       0.000                            0.4060E-06  0.4060E-06   0.000    
  27734400.0   10.27045227   10.3241   0.000       0.000      0.5363E-03  0.4066E-06 -0.3443E-01  0.3389E-01   0.000       0.000       0.000       0.000      -0.3401E-05   0.000       0.000       0.000       0.000       0.000                            0.4066E-06  0.4066E-06   0.000    
  27820800.0   10.26520457   10.3165   0.000       0.000      0.5126E-03  0.3037E-06 -0.3382E-01  0.3330E-01   0.000       0.000       0.000       0.000      -0.2564E-05   0.000       0.000       0.000       0.000       0.000                            0.3037E-06  0.3037E-06   0.000    
  27907200.0   10.26158339   10.3112   0.000       0.000      0.4965E-03  0.2096E-06 -0.3340E-01  0.3291E-01   0.000       0.000       0.000       0.000      -0.1781E-05   0.000       0.000       0.000       0.000       0.000                            0.2096E-06  0.2096E-06   0.000    
  27993600.0   10.27151567   10.3261   0.000       0.000      0.5462E-03 -0.5748E-06 -0.3459E-01  0.3405E-01   0.000       0.000       0.000       0.000       0.4863E-05   0.000       0.000       0.000       0.000       0.000                           -0.5748E-06 -0.5748E-06   0.000    
  28080000.0   10.28460368   10.3450   0.000       0.000      0.6037E-03 -0.7574E-06 -0.3612E-01  0.3553E-01   0.000       0.000       0.000       0.000       0.6294E-05   0.000       0.000       0.000       0.000       0.000                           -0.7574E-06 -0.7574E-06   0.000    
  28166400.0   10.28940703   10.3512   0.000       0.000      0.6177E-03 -0.2780E-06 -0.3665E-01  0.3603E-01   0.000       0.000       0.000       0.000       0.2276E-05   0.000       0.000       0.000       0.000       0.000                           -0.2780E-06 -0.2780E-06   0.000    
  28252800.0   10.28358569   10.3419   0.000       0.000      0.5833E-03  0.3369E-06 -0.3591E-01  0.3532E-01   0.000       0.000       0.000       0.000      -0.2761E-05   0.000       0.000       0.000       0.000       0.000                            0.3369E-06  0.3369E-06   0.000    
  28339200.0   10.27704911   10.3322   0.000       0.000      0.5513E-03  0.3783E-06 -0.3512E-01  0.3456E-01   0.000       0.000       0.000       0.000      -0.3132E-05   0.000       0.000       0.000       0.000       0.000                            0.3783E-06  0.3783E-06   0.000    
  28425600.0   10.27093344   10.3232   0.000       0.000      0.5226E-03  0.3539E-06 -0.3440E-01  0.3387E-01   0.000       0.000       0.000       0.000      -0.2960E-05   0.000       0.000       0.000       0.000       0.000                            0.3539E-06  0.3539E-06   0.000    
  28512000.0   10.26531380   10.3150   0.000       0.000      0.4968E-03  0.3252E-06 -0.3375E-01  0.3325E-01   0.000       0.000       0.000       0.000      -0.2745E-05   0.000       0.000       0.000       0.000       0.000                            0.3252E-06  0.3252E-06   0.000    
  28598400.0   10.26015519   10.3075   0.000       0.000      0.4733E-03  0.2985E-06 -0.3316E-01  0.3268E-01   0.000       0.000       0.000       0.000      -0.2540E-05   0.000       0.000       0.000       0.000       0.000                            0.2985E-06  0.2985E-06   0.000    
  28684800.0   10.25537631   10.3006   0.000       0.000      0.4517E-03  0.2766E-06 -0.3262E-01  0.3217E-01   0.000       0.000       0.000       0.000      -0.2370E-05   0.000       0.000       0.000       0.000       0.000                            0.2766E-06  0.2766E-06   0.000    
  28771200.0   10.25090717   10.2941   0.000       0.000      0.4318E-03  0.2586E-06 -0.3213E-01  0.3169E-01   0.000       0.000       0.000       0.000      -0.2230E-05   0.000       0.000       0.000       0.000       0.000                            0.2586E-06  0.2586E-06   0.000    
  28857600.0   10.24671491   10.2880   0.000       0.000      0.4133E-03  0.2426E-06 -0.3166E-01  0.3125E-01   0.000       0.000       0.000       0.000      -0.2104E-05   0.000       0.000       0.000       0.000       0.000                            0.2426E-06  0.2426E-06   0.000    
  28944000.0   10.24270476   10.2823   0.000       0.000      0.3958E-03  0.2321E-06 -0.3123E-01  0.3083E-01   0.000       0.000       0.000       0.000      -0.2024E-05   0.000       0.000       0.000       0.000       0.000                            0.2321E-06  0.2321E-06   0.000    
  29030400.0   10.23883886   10.2768   0.000       0.000      0.3791E-03  0.2237E-06 -0.3081E-01  0.3043E-01   0.000       0.000       0.000       0.000      -0.1961E-05   0.000       0.000       0.000       0.000       0.000                            0.2237E-06  0.2237E-06   0.000    
  29116800.0   10.23517213   10.2715   0.000       0.000      0.3636E-03  0.2122E-06 -0.3041E-01  0.3005E-01   0.000       0.000       0.000       0.000      -0.1868E-05   0.000       0.000       0.000       0.000       0.000                            0.2122E-06  0.2122E-06   0.000    
  29203200.0   10.23162461   10.2665   0.000       0.000      0.3487E-03  0.2053E-06 -0.3003E-01  0.2968E-01   0.000       0.000       0.000       0.000      -0.1816E-05   0.000       0.000       0.000       0.000       0.000                            0.2053E-06  0.2053E-06   0.000    
  29289600.0   10.22827487   10.2618   0.000       0.000      0.3350E-03  0.1939E-06 -0.2967E-01  0.2934E-01   0.000       0.000       0.000       0.000      -0.1721E-05   0.000       0.000       0.000       0.000       0.000                            0.1939E-06  0.1939E-06   0.000    
  29376000.0   10.22512838   10.2574   0.000       0.000      0.3223E-03  0.1821E-06 -0.2934E-01  0.2902E-01   0.000       0.000       0.000       0.000      -0.1623E-05   0.000       0.000       0.000       0.000       0.000                            0.1821E-06  0.1821E-06   0.000    
  29462400.0   10.22214626   10.2532   0.000       0.000      0.3106E-03  0.1726E-06 -0.2903E-01  0.2872E-01   0.000       0.000       0.000       0.000      -0.1544E-05   0.000       0.000       0.000       0.000       0.000                            0.1726E-06  0.1726E-06   0.000    
  29548800.0   10.21929730   10.2493   0.000       0.000      0.2996E-03  0.1649E-06 -0.2873E-01  0.2843E-01   0.000       0.000       0.000       0.000      -0.1479E-05   0.000       0.000       0.000       0.000       0.000                            0.1649E-06  0.1649E-06   0.000    
  29635200.0   10.21655547   10.2455   0.000       0.000      0.2892E-03  0.1587E-06 -0.2844E-01  0.2815E-01   0.000       0.000       0.000       0.000      -0.1428E-05   0.000       0.000       0.000       0.000       0.000                            0.1587E-06  0.1587E-06   0.000    
  29721600.0   10.21392479   10.2419   0.000       0.000      0.2794E-03  0.1522E-06 -0.2817E-01  0.2789E-01   0.000       0.000       0.000       0.000      -0.1374E-05   0.000       0.000       0.000       0.000       0.000                            0.1522E-06  0.1522E-06   0.000    
  29808000.0   10.21135596   10.2384   0.000       0.000      0.2700E-03  0.1487E-06 -0.2790E-01  0.2763E-01   0.000       0.000       0.000       0.000      -0.1345E-05   0.000       0.000       0.000       0.000       0.000                            0.1487E-06  0.1487E-06   0.000    
  29894400.0   10.20887108   10.2350   0.000       0.000      0.2611E-03  0.1438E-06 -0.2765E-01  0.2738E-01   0.000       0.000       0.000       0.000      -0.1305E-05   0.000       0.000       0.000       0.000       0.000                            0.1438E-06  0.1438E-06   0.000    
  29980800.0   10.20646506   10.2317   0.000       0.000      0.2527E-03  0.1392E-06 -0.2740E-01  0.2715E-01   0.000       0.000       0.000       0.000      -0.1267E-05   0.000       0.000       0.000       0.000       0.000                            0.1392E-06  0.1392E-06   0.000    
  30067200.0   10.20417017   10.2287   0.000       0.000      0.2449E-03  0.1328E-06 -0.2716E-01  0.2692E-01   0.000       0.000       0.000       0.000      -0.1211E-05   0.000       0.000       0.000       0.000       0.000                            0.1328E-06  0.1328E-06   0.000    
  30153600.0   10.20196436   10.2257   0.000       0.000      0.2376E-03  0.1277E-06 -0.2694E-01  0.2670E-01   0.000       0.000       0.000       0.000      -0.1166E-05   0.000       0.000       0.000       0.000       0.000                            0.1277E-06  0.1277E-06   0.000    
  30240000.0   10.19984291   10.2229   0.000       0.000      0.2308E-03  0.1228E-06 -0.2672E-01  0.2649E-01   0.000       0.000       0.000       0.000      -0.1124E-05   0.000       0.000       0.000       0.000       0.000                            0.1228E-06  0.1228E-06   0.000    
  30326400.0   10.19778142   10.2202   0.000       0.000      0.2243E-03  0.1193E-06 -0.2652E-01  0.2629E-01   0.000       0.000       0.000       0.000      -0.1095E-05   0.000       0.000       0.000       0.000       0.000                            0.1193E-06  0.1193E-06   0.000    
  30412800.0   10.19578459   10.2176   0.000       0.000      0.2181E-03  0.1156E-06 -0.2631E-01  0.2609E-01   0.000       0.000       0.000       0.000      -0.1062E-05   0.000       0.000       0.000       0.000       0.000                            0.1156E-06  0.1156E-06   0.000    
  30499200.0   10.19385745   10.2151   0.000       0.000      0.2123E-03  0.1115E-06 -0.2612E-01  0.2591E-01   0.000       0.000       0.000       0.000      -0.1027E-05   0.000       0.000       0.000       0.000       0.000                            0.1115E-06  0.1115E-06   0.000    
  30585600.0   10.19198854   10.2127   0.000       0.000      0.2068E-03  0.1082E-06 -0.2593E-01  0.2572E-01   0.000       0.000       0.000       0.000      -0.9978E-06   0.000       0.000       0.000       0.000       0.000                            0.1082E-06  0.1082E-06   0.000    
  30672000.0   10.19017946   10.2103   0.000       0.000      0.2017E-03  0.1047E-06 -0.2575E-01  0.2555E-01   0.000       0.000       0.000       0.000      -0.9675E-06   0.000       0.000       0.000       0.000       0.000                            0.1047E-06  0.1047E-06   0.000    
  30758400.0   10.18842544   10.2081   0.000       0.000      0.1968E-03  0.1015E-06 -0.2557E-01  0.2538E-01   0.000       0.000       0.000       0.000      -0.9395E-06   0.000       0.000       0.000       0.000       0.000                            0.1015E-06  0.1015E-06   0.000    
  30844800.0   10.18672204   10.2059   0.000       0.000      0.1922E-03  0.9858E-07 -0.2540E-01  0.2521E-01   0.000       0.000       0.000       0.000      -0.9138E-06   0.000       0.000       0.000       0.000       0.000                            0.9858E-07  0.9858E-07   0.000    
  30931200.0   10.18506043   10.2038   0.000       0.000      0.1878E-03  0.9616E-07 -0.2524E-01  0.2505E-01   0.000       0.000       0.000       0.000      -0.8927E-06   0.000       0.000       0.000       0.000       0.000                            0.9616E-07  0.9616E-07   0.000    
  31017600.0   10.18343920   10.2018   0.000       0.000      0.1836E-03  0.9382E-07 -0.2507E-01  0.2489E-01   0.000       0.000       0.000       0.000      -0.8722E-06   0.000       0.000       0.000       0.000       0.000                            0.9382E-07  0.9382E-07   0.000    
  31104000.0   10.18186161   10.1998   0.000       0.000      0.1796E-03  0.9130E-07 -0.2492E-01  0.2474E-01   0.000       0.000       0.000       0.000      -0.8499E-06   0.000       0.000       0.000       0.000       0.000                            0.9130E-07  0.9130E-07   0.000    
  31190400.0   10.18032419   10.1979   0.000       0.000      0.1759E-03  0.8897E-07 -0.2476E-01  0.2459E-01   0.000       0.000       0.000       0.000      -0.8293E-06   0.000       0.000       0.000       0.000       0.000                            0.8897E-07  0.8897E-07   0.000    
  31276800.0   10.17923812   10.1967   0.000       0.000      0.1743E-03  0.6285E-07 -0.2466E-01  0.2449E-01   0.000       0.000       0.000       0.000      -0.5865E-06   0.000       0.000       0.000       0.000       0.000                            0.6285E-07  0.6285E-07   0.000    
  31363200.0   10.17770061   10.1947   0.000       0.000      0.1702E-03  0.8898E-07 -0.2451E-01  0.2434E-01   0.000       0.000       0.000       0.000      -0.8312E-06   0.000       0.000       0.000       0.000       0.000                            0.8898E-07  0.8898E-07   0.000    
  31449600.0   10.17622583   10.1929   0.000       0.000      0.1668E-03  0.8535E-07 -0.2436E-01  0.2419E-01   0.000       0.000       0.000       0.000      -0.7982E-06   0.000       0.000       0.000       0.000       0.000                            0.8535E-07  0.8535E-07   0.000    
  31536000.0   10.17480134   10.1912   0.000       0.000      0.1636E-03  0.8244E-07 -0.2422E-01  0.2405E-01   0.000       0.000       0.000       0.000      -0.7719E-06   0.000       0.000       0.000       0.000       0.000                            0.8244E-07  0.8244E-07   0.000    
  31622400.0   10.17321338   10.1892   0.000       0.000      0.1596E-03  0.9190E-07 -0.2406E-01  0.2390E-01   0.000       0.000       0.000       0.000      -0.8615E-06   0.000       0.000       0.000       0.000       0.000                            0.9190E-07  0.9190E-07   0.000    
