   TOTIM (T)          HCON      HMAT     QDIR      QWELL        QMAT QCADS<->CON       QTUB1       QTUB2       QTUB3       QTUB4       QTUB5       QTUB6       NSTOR        QFIX        QLH     FHLQ (LQ)      CAUCHY CAUCHY (LQ) BREAK-DOWN CADS FLOW  QCADS<->CON    Q_CDSSTO    Q_CDSRCH
     86400.0   10.24390932   10.3446   0.000       0.000      0.1007E-02   0.000     -0.4041E-01 -0.3976E-01  0.7916E-01   0.000       0.000       0.000        0.000       0.000       0.000       0.000       0.000       0.000                             0.000       0.000       0.000    
    172800.0   10.23671808   10.3335   0.000       0.000      0.9676E-03  0.6242E-06 -0.3899E-01 -0.3833E-01  0.7634E-01   0.000       0.000       0.000      -0.5474E-05   0.000       0.000       0.000       0.000       0.000                            0.6242E-06  0.6242E-06   0.000    
    259200.0   10.23781465   10.3360   0.000       0.000      0.9819E-03 -0.9519E-07 -0.3927E-01 -0.3861E-01  0.7690E-01   0.000       0.000       0.000       0.8379E-06   0.000       0.000       0.000       0.000       0.000                           -0.9519E-07 -0.9519E-07   0.000    
    345600.0   10.23766937   10.3359   0.000       0.000      0.9820E-03  0.1261E-07 -0.3929E-01 -0.3863E-01  0.7694E-01   0.000       0.000       0.000      -0.1109E-06   0.000       0.000       0.000       0.000       0.000                            0.1261E-07  0.1261E-07   0.000    
    432000.0   10.24284094   10.3440   0.000       0.000      0.1011E-02 -0.4489E-06 -0.4034E-01 -0.3969E-01  0.7903E-01   0.000       0.000       0.000       0.3937E-05   0.000       0.000       0.000       0.000       0.000                           -0.4489E-06 -0.4489E-06   0.000    
    518400.0   10.24525636   10.3472   0.000       0.000      0.1019E-02 -0.2097E-06 -0.4080E-01 -0.4015E-01  0.7994E-01   0.000       0.000       0.000       0.1830E-05   0.000       0.000       0.000       0.000       0.000                           -0.2097E-06 -0.2097E-06   0.000    
    604800.0   10.24548614   10.3471   0.000       0.000      0.1016E-02 -0.1995E-07 -0.4081E-01 -0.4015E-01  0.7995E-01   0.000       0.000       0.000       0.1738E-06   0.000       0.000       0.000       0.000       0.000                           -0.1995E-07 -0.1995E-07   0.000    
    691200.0   10.25242935   10.3577   0.000       0.000      0.1053E-02 -0.6027E-06 -0.4215E-01 -0.4150E-01  0.8260E-01   0.000       0.000       0.000       0.5227E-05   0.000       0.000       0.000       0.000       0.000                           -0.6027E-06 -0.6027E-06   0.000    
    777600.0   10.27101110   10.3856   0.000       0.000      0.1146E-02 -0.1613E-05 -0.4579E-01 -0.4512E-01  0.8978E-01   0.000       0.000       0.000       0.1374E-04   0.000       0.000       0.000       0.000       0.000                           -0.1613E-05 -0.1613E-05   0.000    
    864000.0   10.29647210   10.4227   0.000       0.000      0.1263E-02 -0.2210E-05 -0.5067E-01 -0.5000E-01  0.9943E-01   0.000       0.000       0.000       0.1819E-04   0.000       0.000       0.000       0.000       0.000                           -0.2210E-05 -0.2210E-05   0.000    
    950400.0   10.30334032   10.4298   0.000       0.000      0.1265E-02 -0.5962E-06 -0.5164E-01 -0.5097E-01  0.1014       0.000       0.000       0.000       0.4770E-05   0.000       0.000       0.000       0.000       0.000                           -0.5962E-06 -0.5962E-06   0.000    
   1036800.0   10.32893115   10.4677   0.000       0.000      0.1388E-02 -0.2221E-05 -0.5644E-01 -0.5576E-01  0.1108       0.000       0.000       0.000       0.1721E-04   0.000       0.000       0.000       0.000       0.000                           -0.2221E-05 -0.2221E-05   0.000    
   1123200.0   10.37629468   10.5375   0.000       0.000      0.1612E-02 -0.4111E-05 -0.6547E-01 -0.6477E-01  0.1287       0.000       0.000       0.000       0.2911E-04   0.000       0.000       0.000       0.000       0.000                           -0.4111E-05 -0.4111E-05   0.000    
   1209600.0   10.35641640   10.5001   0.000       0.000      0.1437E-02  0.1726E-05 -0.6063E-01 -0.5992E-01  0.1191       0.000       0.000       0.000      -0.1174E-04   0.000       0.000       0.000       0.000       0.000                            0.1726E-05  0.1726E-05   0.000    
   1296000.0   10.34221244   10.4779   0.000       0.000      0.1357E-02  0.1233E-05 -0.5723E-01 -0.5651E-01  0.1124       0.000       0.000       0.000      -0.8821E-05   0.000       0.000       0.000       0.000       0.000                            0.1233E-05  0.1233E-05   0.000    
   1382400.0   10.33161346   10.4623   0.000       0.000      0.1307E-02  0.9201E-06 -0.5482E-01 -0.5409E-01  0.1076       0.000       0.000       0.000      -0.6798E-05   0.000       0.000       0.000       0.000       0.000                            0.9201E-06  0.9201E-06   0.000    
   1468800.0   10.32298655   10.4500   0.000       0.000      0.1270E-02  0.7489E-06 -0.5294E-01 -0.5221E-01  0.1039       0.000       0.000       0.000      -0.5661E-05   0.000       0.000       0.000       0.000       0.000                            0.7489E-06  0.7489E-06   0.000    
   1555200.0   10.31473716   10.4383   0.000       0.000      0.1235E-02  0.7161E-06 -0.5124E-01 -0.5050E-01  0.1005       0.000       0.000       0.000      -0.5516E-05   0.000       0.000       0.000       0.000       0.000                            0.7161E-06  0.7161E-06   0.000    
   1641600.0   10.30708954   10.4276   0.000       0.000      0.1205E-02  0.6639E-06 -0.4972E-01 -0.4899E-01  0.9750E-01   0.000       0.000       0.000      -0.5199E-05   0.000       0.000       0.000       0.000       0.000                            0.6639E-06  0.6639E-06   0.000    
   1728000.0   10.30120700   10.4197   0.000       0.000      0.1185E-02  0.5106E-06 -0.4862E-01 -0.4788E-01  0.9530E-01   0.000       0.000       0.000      -0.4053E-05   0.000       0.000       0.000       0.000       0.000                            0.5106E-06  0.5106E-06   0.000    
   1814400.0   10.29635261   10.4132   0.000       0.000      0.1169E-02  0.4214E-06 -0.4773E-01 -0.4699E-01  0.9355E-01   0.000       0.000       0.000      -0.3379E-05   0.000       0.000       0.000       0.000       0.000                            0.4214E-06  0.4214E-06   0.000    
   1900800.0   10.29064512   10.4054   0.000       0.000      0.1147E-02  0.4954E-06 -0.4670E-01 -0.4595E-01  0.9150E-01   0.000       0.000       0.000      -0.4011E-05   0.000       0.000       0.000       0.000       0.000                            0.4954E-06  0.4954E-06   0.000    
   1987200.0   10.28577370   10.3988   0.000       0.000      0.1130E-02  0.4229E-06 -0.4583E-01 -0.4508E-01  0.8978E-01   0.000       0.000       0.000      -0.3455E-05   0.000       0.000       0.000       0.000       0.000                            0.4229E-06  0.4229E-06   0.000    
   2073600.0   10.28208440   10.3940   0.000       0.000      0.1120E-02  0.3203E-06 -0.4522E-01 -0.4448E-01  0.8857E-01   0.000       0.000       0.000      -0.2636E-05   0.000       0.000       0.000       0.000       0.000                            0.3203E-06  0.3203E-06   0.000    
   2160000.0   10.27737797   10.3876   0.000       0.000      0.1102E-02  0.4085E-06 -0.4440E-01 -0.4366E-01  0.8695E-01   0.000       0.000       0.000      -0.3386E-05   0.000       0.000       0.000       0.000       0.000                            0.4085E-06  0.4085E-06   0.000    
   2246400.0   10.27286798   10.3814   0.000       0.000      0.1086E-02  0.3915E-06 -0.4362E-01 -0.4288E-01  0.8542E-01   0.000       0.000       0.000      -0.3269E-05   0.000       0.000       0.000       0.000       0.000                            0.3915E-06  0.3915E-06   0.000    
   2332800.0   10.26852400   10.3756   0.000       0.000      0.1071E-02  0.3771E-06 -0.4290E-01 -0.4217E-01  0.8399E-01   0.000       0.000       0.000      -0.3170E-05   0.000       0.000       0.000       0.000       0.000                            0.3771E-06  0.3771E-06   0.000    
   2419200.0   10.26440099   10.3701   0.000       0.000      0.1057E-02  0.3579E-06 -0.4222E-01 -0.4149E-01  0.8264E-01   0.000       0.000       0.000      -0.3028E-05   0.000       0.000       0.000       0.000       0.000                            0.3579E-06  0.3579E-06   0.000    
   2505600.0   10.26358854   10.3697   0.000       0.000      0.1061E-02  0.7052E-07 -0.4222E-01 -0.4149E-01  0.8265E-01   0.000       0.000       0.000      -0.5989E-06   0.000       0.000       0.000       0.000       0.000                            0.7052E-07  0.7052E-07   0.000    
   2592000.0   10.26111179   10.3663   0.000       0.000      0.1052E-02  0.2150E-06 -0.4185E-01 -0.4112E-01  0.8191E-01   0.000       0.000       0.000      -0.1830E-05   0.000       0.000       0.000       0.000       0.000                            0.2150E-06  0.2150E-06   0.000    
   2678400.0   10.27012821   10.3809   0.000       0.000      0.1108E-02 -0.7827E-06 -0.4380E-01 -0.4308E-01  0.8578E-01   0.000       0.000       0.000       0.6631E-05   0.000       0.000       0.000       0.000       0.000                           -0.7827E-06 -0.7827E-06   0.000    
   2764800.0   10.29966441   10.4261   0.000       0.000      0.1265E-02 -0.2564E-05 -0.4984E-01 -0.4911E-01  0.9771E-01   0.000       0.000       0.000       0.2106E-04   0.000       0.000       0.000       0.000       0.000                           -0.2564E-05 -0.2564E-05   0.000    
   2851200.0   10.36754395   10.5283   0.000       0.000      0.1608E-02 -0.5892E-05 -0.6336E-01 -0.6262E-01  0.1244       0.000       0.000       0.000       0.4378E-04   0.000       0.000       0.000       0.000       0.000                           -0.5892E-05 -0.5892E-05   0.000    
   2937600.0   10.34079306   10.4781   0.000       0.000      0.1373E-02  0.2322E-05 -0.5710E-01 -0.5635E-01  0.1121       0.000       0.000       0.000      -0.1638E-04   0.000       0.000       0.000       0.000       0.000                            0.2322E-05  0.2322E-05   0.000    
   3024000.0   10.33835343   10.4746   0.000       0.000      0.1362E-02  0.2118E-06 -0.5615E-01 -0.5540E-01  0.1102       0.000       0.000       0.000      -0.1554E-05   0.000       0.000       0.000       0.000       0.000                            0.2118E-06  0.2118E-06   0.000    
   3110400.0   10.33574160   10.4702   0.000       0.000      0.1345E-02  0.2267E-06 -0.5534E-01 -0.5458E-01  0.1086       0.000       0.000       0.000      -0.1675E-05   0.000       0.000       0.000       0.000       0.000                            0.2267E-06  0.2267E-06   0.000    
   3196800.0   10.32890646   10.4595   0.000       0.000      0.1306E-02  0.5933E-06 -0.5375E-01 -0.5299E-01  0.1054       0.000       0.000       0.000      -0.4433E-05   0.000       0.000       0.000       0.000       0.000                            0.5933E-06  0.5933E-06   0.000    
   3283200.0   10.32118631   10.4480   0.000       0.000      0.1268E-02  0.6702E-06 -0.5206E-01 -0.5130E-01  0.1021       0.000       0.000       0.000      -0.5092E-05   0.000       0.000       0.000       0.000       0.000                            0.6702E-06  0.6702E-06   0.000    
   3369600.0   10.32256359   10.4511   0.000       0.000      0.1285E-02 -0.1196E-06 -0.5235E-01 -0.5158E-01  0.1026       0.000       0.000       0.000       0.9149E-06   0.000       0.000       0.000       0.000       0.000                           -0.1196E-06 -0.1196E-06   0.000    
   3456000.0   10.32782656   10.4594   0.000       0.000      0.1316E-02 -0.4569E-06 -0.5343E-01 -0.5266E-01  0.1048       0.000       0.000       0.000       0.3470E-05   0.000       0.000       0.000       0.000       0.000                           -0.4569E-06 -0.4569E-06   0.000    
   3542400.0   10.33536650   10.4706   0.000       0.000      0.1353E-02 -0.6545E-06 -0.5488E-01 -0.5411E-01  0.1076       0.000       0.000       0.000       0.4899E-05   0.000       0.000       0.000       0.000       0.000                           -0.6545E-06 -0.6545E-06   0.000    
   3628800.0   10.33631624   10.4711   0.000       0.000      0.1348E-02 -0.8244E-07 -0.5493E-01 -0.5415E-01  0.1077       0.000       0.000       0.000       0.6108E-06   0.000       0.000       0.000       0.000       0.000                           -0.8244E-07 -0.8244E-07   0.000    
   3715200.0   10.32988374   10.4606   0.000       0.000      0.1307E-02  0.5584E-06 -0.5346E-01 -0.5267E-01  0.1048       0.000       0.000       0.000      -0.4164E-05   0.000       0.000       0.000       0.000       0.000                            0.5584E-06  0.5584E-06   0.000    
   3801600.0   10.33081745   10.4626   0.000       0.000      0.1317E-02 -0.8105E-07 -0.5359E-01 -0.5281E-01  0.1051       0.000       0.000       0.000       0.6084E-06   0.000       0.000       0.000       0.000       0.000                           -0.8105E-07 -0.8105E-07   0.000    
   3888000.0   10.33502221   10.4691   0.000       0.000      0.1341E-02 -0.3650E-06 -0.5441E-01 -0.5362E-01  0.1067       0.000       0.000       0.000       0.2723E-05   0.000       0.000       0.000       0.000       0.000                           -0.3650E-06 -0.3650E-06   0.000    
   3974400.0   10.34470094   10.4837   0.000       0.000      0.1390E-02 -0.8402E-06 -0.5631E-01 -0.5552E-01  0.1104       0.000       0.000       0.000       0.6162E-05   0.000       0.000       0.000       0.000       0.000                           -0.8402E-06 -0.8402E-06   0.000    
   4060800.0   10.35081829   10.4921   0.000       0.000      0.1413E-02 -0.5310E-06 -0.5741E-01 -0.5661E-01  0.1126       0.000       0.000       0.000       0.3815E-05   0.000       0.000       0.000       0.000       0.000                           -0.5310E-06 -0.5310E-06   0.000    
   4147200.0   10.34329048   10.4792   0.000       0.000      0.1359E-02  0.6535E-06 -0.5563E-01 -0.5483E-01  0.1091       0.000       0.000       0.000      -0.4704E-05   0.000       0.000       0.000       0.000       0.000                            0.6535E-06  0.6535E-06   0.000    
   4233600.0   10.33513252   10.4668   0.000       0.000      0.1317E-02  0.7082E-06 -0.5385E-01 -0.5305E-01  0.1056       0.000       0.000       0.000      -0.5202E-05   0.000       0.000       0.000       0.000       0.000                            0.7082E-06  0.7082E-06   0.000    
   4320000.0   10.32966217   10.4591   0.000       0.000      0.1295E-02  0.4749E-06 -0.5271E-01 -0.5190E-01  0.1033       0.000       0.000       0.000      -0.3547E-05   0.000       0.000       0.000       0.000       0.000                            0.4749E-06  0.4749E-06   0.000    
   4406400.0   10.32421425   10.4515   0.000       0.000      0.1273E-02  0.4729E-06 -0.5164E-01 -0.5083E-01  0.1012       0.000       0.000       0.000      -0.3578E-05   0.000       0.000       0.000       0.000       0.000                            0.4729E-06  0.4729E-06   0.000    
   4492800.0   10.32043363   10.4465   0.000       0.000      0.1260E-02  0.3282E-06 -0.5094E-01 -0.5013E-01  0.9981E-01   0.000       0.000       0.000      -0.2509E-05   0.000       0.000       0.000       0.000       0.000                            0.3282E-06  0.3282E-06   0.000    
   4579200.0   10.31521945   10.4391   0.000       0.000      0.1238E-02  0.4526E-06 -0.4995E-01 -0.4914E-01  0.9785E-01   0.000       0.000       0.000      -0.3494E-05   0.000       0.000       0.000       0.000       0.000                            0.4526E-06  0.4526E-06   0.000    
   4665600.0   10.30989864   10.4316   0.000       0.000      0.1217E-02  0.4619E-06 -0.4897E-01 -0.4816E-01  0.9591E-01   0.000       0.000       0.000      -0.3605E-05   0.000       0.000       0.000       0.000       0.000                            0.4619E-06  0.4619E-06   0.000    
   4752000.0   10.32164203   10.4510   0.000       0.000      0.1294E-02 -0.1019E-05 -0.5155E-01 -0.5074E-01  0.1010       0.000       0.000       0.000       0.7903E-05   0.000       0.000       0.000       0.000       0.000                           -0.1019E-05 -0.1019E-05   0.000    
   4838400.0   10.33522310   10.4713   0.000       0.000      0.1361E-02 -0.1179E-05 -0.5435E-01 -0.5355E-01  0.1065       0.000       0.000       0.000       0.8888E-05   0.000       0.000       0.000       0.000       0.000                           -0.1179E-05 -0.1179E-05   0.000    
   4924800.0   10.34844758   10.4903   0.000       0.000      0.1419E-02 -0.1148E-05 -0.5694E-01 -0.5613E-01  0.1117       0.000       0.000       0.000       0.8377E-05   0.000       0.000       0.000       0.000       0.000                           -0.1148E-05 -0.1148E-05   0.000    
   5011200.0   10.35444800   10.4977   0.000       0.000      0.1432E-02 -0.5209E-06 -0.5790E-01 -0.5708E-01  0.1136       0.000       0.000       0.000       0.3705E-05   0.000       0.000       0.000       0.000       0.000                           -0.5209E-06 -0.5209E-06   0.000    
   5097600.0   10.34575840   10.4827   0.000       0.000      0.1370E-02  0.7543E-06 -0.5586E-01 -0.5504E-01  0.1095       0.000       0.000       0.000      -0.5385E-05   0.000       0.000       0.000       0.000       0.000                            0.7543E-06  0.7543E-06   0.000    
   5184000.0   10.33742537   10.4700   0.000       0.000      0.1326E-02  0.7234E-06 -0.5399E-01 -0.5317E-01  0.1058       0.000       0.000       0.000      -0.5282E-05   0.000       0.000       0.000       0.000       0.000                            0.7234E-06  0.7234E-06   0.000    
   5270400.0   10.33140354   10.4615   0.000       0.000      0.1301E-02  0.5227E-06 -0.5275E-01 -0.5193E-01  0.1034       0.000       0.000       0.000      -0.3886E-05   0.000       0.000       0.000       0.000       0.000                            0.5227E-06  0.5227E-06   0.000    
   5356800.0   10.32525571   10.4527   0.000       0.000      0.1275E-02  0.5337E-06 -0.5151E-01 -0.5069E-01  0.1009       0.000       0.000       0.000      -0.4025E-05   0.000       0.000       0.000       0.000       0.000                            0.5337E-06  0.5337E-06   0.000    
   5443200.0   10.33038424   10.4618   0.000       0.000      0.1314E-02 -0.4452E-06 -0.5269E-01 -0.5186E-01  0.1032       0.000       0.000       0.000       0.3361E-05   0.000       0.000       0.000       0.000       0.000                           -0.4452E-06 -0.4452E-06   0.000    
   5529600.0   10.33511753   10.4690   0.000       0.000      0.1338E-02 -0.4109E-06 -0.5370E-01 -0.5287E-01  0.1052       0.000       0.000       0.000       0.3067E-05   0.000       0.000       0.000       0.000       0.000                           -0.4109E-06 -0.4109E-06   0.000    
   5616000.0   10.33943006   10.4752   0.000       0.000      0.1357E-02 -0.3744E-06 -0.5454E-01 -0.5372E-01  0.1069       0.000       0.000       0.000       0.2764E-05   0.000       0.000       0.000       0.000       0.000                           -0.3744E-06 -0.3744E-06   0.000    
   5702400.0   10.34139904   10.4776   0.000       0.000      0.1362E-02 -0.1709E-06 -0.5487E-01 -0.5404E-01  0.1075       0.000       0.000       0.000       0.1252E-05   0.000       0.000       0.000       0.000       0.000                           -0.1709E-06 -0.1709E-06   0.000    
   5788800.0   10.33841349   10.4725   0.000       0.000      0.1341E-02  0.2592E-06 -0.5416E-01 -0.5333E-01  0.1061       0.000       0.000       0.000      -0.1901E-05   0.000       0.000       0.000       0.000       0.000                            0.2592E-06  0.2592E-06   0.000    
   5875200.0   10.33825154   10.4724   0.000       0.000      0.1342E-02  0.1406E-07 -0.5408E-01 -0.5325E-01  0.1060       0.000       0.000       0.000      -0.1035E-06   0.000       0.000       0.000       0.000       0.000                            0.1406E-07  0.1406E-07   0.000    
   5961600.0   10.33620770   10.4692   0.000       0.000      0.1330E-02  0.1774E-06 -0.5363E-01 -0.5280E-01  0.1051       0.000       0.000       0.000      -0.1310E-05   0.000       0.000       0.000       0.000       0.000                            0.1774E-06  0.1774E-06   0.000    
   6048000.0   10.33123908   10.4617   0.000       0.000      0.1304E-02  0.4313E-06 -0.5260E-01 -0.5177E-01  0.1031       0.000       0.000       0.000      -0.3212E-05   0.000       0.000       0.000       0.000       0.000                            0.4313E-06  0.4313E-06   0.000    
   6134400.0   10.32564011   10.4535   0.000       0.000      0.1278E-02  0.4860E-06 -0.5145E-01 -0.5063E-01  0.1008       0.000       0.000       0.000      -0.3665E-05   0.000       0.000       0.000       0.000       0.000                            0.4860E-06  0.4860E-06   0.000    
   6220800.0   10.31996380   10.4454   0.000       0.000      0.1255E-02  0.4927E-06 -0.5037E-01 -0.4954E-01  0.9866E-01   0.000       0.000       0.000      -0.3763E-05   0.000       0.000       0.000       0.000       0.000                            0.4927E-06  0.4927E-06   0.000    
   6307200.0   10.31457013   10.4379   0.000       0.000      0.1233E-02  0.4682E-06 -0.4936E-01 -0.4853E-01  0.9665E-01   0.000       0.000       0.000      -0.3619E-05   0.000       0.000       0.000       0.000       0.000                            0.4682E-06  0.4682E-06   0.000    
   6393600.0   10.30939847   10.4308   0.000       0.000      0.1214E-02  0.4489E-06 -0.4844E-01 -0.4762E-01  0.9484E-01   0.000       0.000       0.000      -0.3508E-05   0.000       0.000       0.000       0.000       0.000                            0.4489E-06  0.4489E-06   0.000    
   6480000.0   10.30455007   10.4241   0.000       0.000      0.1195E-02  0.4209E-06 -0.4759E-01 -0.4677E-01  0.9315E-01   0.000       0.000       0.000      -0.3322E-05   0.000       0.000       0.000       0.000       0.000                            0.4209E-06  0.4209E-06   0.000    
   6566400.0   10.29983866   10.4177   0.000       0.000      0.1179E-02  0.4090E-06 -0.4680E-01 -0.4598E-01  0.9159E-01   0.000       0.000       0.000      -0.3258E-05   0.000       0.000       0.000       0.000       0.000                            0.4090E-06  0.4090E-06   0.000    
   6652800.0   10.29535908   10.4116   0.000       0.000      0.1162E-02  0.3889E-06 -0.4604E-01 -0.4523E-01  0.9010E-01   0.000       0.000       0.000      -0.3125E-05   0.000       0.000       0.000       0.000       0.000                            0.3889E-06  0.3889E-06   0.000    
   6739200.0   10.29105859   10.4058   0.000       0.000      0.1148E-02  0.3733E-06 -0.4535E-01 -0.4454E-01  0.8874E-01   0.000       0.000       0.000      -0.3024E-05   0.000       0.000       0.000       0.000       0.000                            0.3733E-06  0.3733E-06   0.000    
   6825600.0   10.28686540   10.4001   0.000       0.000      0.1133E-02  0.3640E-06 -0.4467E-01 -0.4386E-01  0.8739E-01   0.000       0.000       0.000      -0.2970E-05   0.000       0.000       0.000       0.000       0.000                            0.3640E-06  0.3640E-06   0.000    
   6912000.0   10.28267666   10.3945   0.000       0.000      0.1118E-02  0.3636E-06 -0.4401E-01 -0.4321E-01  0.8610E-01   0.000       0.000       0.000      -0.2989E-05   0.000       0.000       0.000       0.000       0.000                            0.3636E-06  0.3636E-06   0.000    
   6998400.0   10.27870849   10.3891   0.000       0.000      0.1104E-02  0.3445E-06 -0.4338E-01 -0.4258E-01  0.8486E-01   0.000       0.000       0.000      -0.2851E-05   0.000       0.000       0.000       0.000       0.000                            0.3445E-06  0.3445E-06   0.000    
   7084800.0   10.27493040   10.3841   0.000       0.000      0.1091E-02  0.3280E-06 -0.4281E-01 -0.4201E-01  0.8372E-01   0.000       0.000       0.000      -0.2731E-05   0.000       0.000       0.000       0.000       0.000                            0.3280E-06  0.3280E-06   0.000    
   7171200.0   10.27132425   10.3792   0.000       0.000      0.1079E-02  0.3130E-06 -0.4227E-01 -0.4148E-01  0.8266E-01   0.000       0.000       0.000      -0.2622E-05   0.000       0.000       0.000       0.000       0.000                            0.3130E-06  0.3130E-06   0.000    
   7257600.0   10.26783292   10.3746   0.000       0.000      0.1067E-02  0.3031E-06 -0.4175E-01 -0.4096E-01  0.8164E-01   0.000       0.000       0.000      -0.2552E-05   0.000       0.000       0.000       0.000       0.000                            0.3031E-06  0.3031E-06   0.000    
   7344000.0   10.26448841   10.3701   0.000       0.000      0.1056E-02  0.2903E-06 -0.4126E-01 -0.4048E-01  0.8068E-01   0.000       0.000       0.000      -0.2458E-05   0.000       0.000       0.000       0.000       0.000                            0.2903E-06  0.2903E-06   0.000    
   7430400.0   10.26168958   10.3665   0.000       0.000      0.1048E-02  0.2430E-06 -0.4088E-01 -0.4010E-01  0.7993E-01   0.000       0.000       0.000      -0.2066E-05   0.000       0.000       0.000       0.000       0.000                            0.2430E-06  0.2430E-06   0.000    
   7516800.0   10.25883161   10.3627   0.000       0.000      0.1039E-02  0.2481E-06 -0.4049E-01 -0.3972E-01  0.7916E-01   0.000       0.000       0.000      -0.2118E-05   0.000       0.000       0.000       0.000       0.000                            0.2481E-06  0.2481E-06   0.000    
   7603200.0   10.25579064   10.3586   0.000       0.000      0.1028E-02  0.2640E-06 -0.4004E-01 -0.3928E-01  0.7829E-01   0.000       0.000       0.000      -0.2263E-05   0.000       0.000       0.000       0.000       0.000                            0.2640E-06  0.2640E-06   0.000    
   7689600.0   10.25285852   10.3547   0.000       0.000      0.1018E-02  0.2545E-06 -0.3963E-01 -0.3888E-01  0.7749E-01   0.000       0.000       0.000      -0.2191E-05   0.000       0.000       0.000       0.000       0.000                            0.2545E-06  0.2545E-06   0.000    
   7776000.0   10.25028871   10.3513   0.000       0.000      0.1010E-02  0.2231E-06 -0.3929E-01 -0.3853E-01  0.7681E-01   0.000       0.000       0.000      -0.1928E-05   0.000       0.000       0.000       0.000       0.000                            0.2231E-06  0.2231E-06   0.000    
   7862400.0   10.24755286   10.3476   0.000       0.000      0.1001E-02  0.2375E-06 -0.3891E-01 -0.3816E-01  0.7607E-01   0.000       0.000       0.000      -0.2060E-05   0.000       0.000       0.000       0.000       0.000                            0.2375E-06  0.2375E-06   0.000    
   7948800.0   10.24495872   10.3442   0.000       0.000      0.9920E-03  0.2252E-06 -0.3855E-01 -0.3781E-01  0.7537E-01   0.000       0.000       0.000      -0.1960E-05   0.000       0.000       0.000       0.000       0.000                            0.2252E-06  0.2252E-06   0.000    
   8035200.0   10.24242146   10.3408   0.000       0.000      0.9837E-03  0.2202E-06 -0.3821E-01 -0.3748E-01  0.7471E-01   0.000       0.000       0.000      -0.1923E-05   0.000       0.000       0.000       0.000       0.000                            0.2202E-06  0.2202E-06   0.000    
   8121600.0   10.24000110   10.3376   0.000       0.000      0.9756E-03  0.2101E-06 -0.3789E-01 -0.3715E-01  0.7406E-01   0.000       0.000       0.000      -0.1840E-05   0.000       0.000       0.000       0.000       0.000                            0.2101E-06  0.2101E-06   0.000    
   8208000.0   10.23761554   10.3344   0.000       0.000      0.9679E-03  0.2071E-06 -0.3758E-01 -0.3685E-01  0.7345E-01   0.000       0.000       0.000      -0.1819E-05   0.000       0.000       0.000       0.000       0.000                            0.2071E-06  0.2071E-06   0.000    
   8294400.0   10.23533495   10.3314   0.000       0.000      0.9602E-03  0.1980E-06 -0.3727E-01 -0.3655E-01  0.7285E-01   0.000       0.000       0.000      -0.1744E-05   0.000       0.000       0.000       0.000       0.000                            0.1980E-06  0.1980E-06   0.000    
   8380800.0   10.25554765   10.3632   0.000       0.000      0.1077E-02 -0.1755E-05 -0.4148E-01 -0.4076E-01  0.8119E-01   0.000       0.000       0.000       0.1528E-04   0.000       0.000       0.000       0.000       0.000                           -0.1755E-05 -0.1755E-05   0.000    
   8467200.0   10.25600493   10.3618   0.000       0.000      0.1058E-02 -0.3970E-07 -0.4152E-01 -0.4080E-01  0.8126E-01   0.000       0.000       0.000       0.3411E-06   0.000       0.000       0.000       0.000       0.000                           -0.3970E-07 -0.3970E-07   0.000    
   8553600.0   10.25554113   10.3605   0.000       0.000      0.1050E-02  0.4026E-07 -0.4137E-01 -0.4065E-01  0.8097E-01   0.000       0.000       0.000      -0.3459E-06   0.000       0.000       0.000       0.000       0.000                            0.4026E-07  0.4026E-07   0.000    
   8640000.0   10.25364019   10.3574   0.000       0.000      0.1037E-02  0.1650E-06 -0.4096E-01 -0.4025E-01  0.8017E-01   0.000       0.000       0.000      -0.1420E-05   0.000       0.000       0.000       0.000       0.000                            0.1650E-06  0.1650E-06   0.000    
   8726400.0   10.25128764   10.3538   0.000       0.000      0.1025E-02  0.2042E-06 -0.4050E-01 -0.3978E-01  0.7925E-01   0.000       0.000       0.000      -0.1763E-05   0.000       0.000       0.000       0.000       0.000                            0.2042E-06  0.2042E-06   0.000    
   8812800.0   10.24878297   10.3502   0.000       0.000      0.1014E-02  0.2174E-06 -0.4004E-01 -0.3933E-01  0.7835E-01   0.000       0.000       0.000      -0.1883E-05   0.000       0.000       0.000       0.000       0.000                            0.2174E-06  0.2174E-06   0.000    
   8899200.0   10.24568852   10.3457   0.000       0.000      0.1000E-02  0.2686E-06 -0.3948E-01 -0.3878E-01  0.7726E-01   0.000       0.000       0.000      -0.2335E-05   0.000       0.000       0.000       0.000       0.000                            0.2686E-06  0.2686E-06   0.000    
   8985600.0   10.24549015   10.3459   0.000       0.000      0.1004E-02  0.1722E-07 -0.3953E-01 -0.3882E-01  0.7735E-01   0.000       0.000       0.000      -0.1500E-06   0.000       0.000       0.000       0.000       0.000                            0.1722E-07  0.1722E-07   0.000    
   9072000.0   10.24947474   10.3522   0.000       0.000      0.1028E-02 -0.3459E-06 -0.4041E-01 -0.3971E-01  0.7909E-01   0.000       0.000       0.000       0.3005E-05   0.000       0.000       0.000       0.000       0.000                           -0.3459E-06 -0.3459E-06   0.000    
   9158400.0   10.24803192   10.3496   0.000       0.000      0.1016E-02  0.1252E-06 -0.4015E-01 -0.3945E-01  0.7858E-01   0.000       0.000       0.000      -0.1086E-05   0.000       0.000       0.000       0.000       0.000                            0.1252E-06  0.1252E-06   0.000    
   9244800.0   10.25966415   10.3677   0.000       0.000      0.1081E-02 -0.1010E-05 -0.4252E-01 -0.4181E-01  0.8325E-01   0.000       0.000       0.000       0.8699E-05   0.000       0.000       0.000       0.000       0.000                           -0.1010E-05 -0.1010E-05   0.000    
   9331200.0   10.28646592   10.4081   0.000       0.000      0.1216E-02 -0.2327E-05 -0.4787E-01 -0.4716E-01  0.9384E-01   0.000       0.000       0.000       0.1948E-04   0.000       0.000       0.000       0.000       0.000                           -0.2327E-05 -0.2327E-05   0.000    
   9417600.0   10.34915158   10.5022   0.000       0.000      0.1531E-02 -0.5441E-05 -0.6030E-01 -0.5958E-01  0.1184       0.000       0.000       0.000       0.4193E-04   0.000       0.000       0.000       0.000       0.000                           -0.5441E-05 -0.5441E-05   0.000    
   9504000.0   10.38539194   10.5505   0.000       0.000      0.1651E-02 -0.3146E-05 -0.6679E-01 -0.6606E-01  0.1312       0.000       0.000       0.000       0.2132E-04   0.000       0.000       0.000       0.000       0.000                           -0.3146E-05 -0.3146E-05   0.000    
   9590400.0   10.36173804   10.5073   0.000       0.000      0.1456E-02  0.2053E-05 -0.6108E-01 -0.6034E-01  0.1199       0.000       0.000       0.000      -0.1364E-04   0.000       0.000       0.000       0.000       0.000                            0.2053E-05  0.2053E-05   0.000    
   9676800.0   10.34443925   10.4803   0.000       0.000      0.1359E-02  0.1502E-05 -0.5699E-01 -0.5624E-01  0.1119       0.000       0.000       0.000      -0.1063E-04   0.000       0.000       0.000       0.000       0.000                            0.1502E-05  0.1502E-05   0.000    
   9763200.0   10.33079131   10.4602   0.000       0.000      0.1294E-02  0.1185E-05 -0.5394E-01 -0.5319E-01  0.1058       0.000       0.000       0.000      -0.8738E-05   0.000       0.000       0.000       0.000       0.000                            0.1185E-05  0.1185E-05   0.000    
   9849600.0   10.31991445   10.4447   0.000       0.000      0.1248E-02  0.9442E-06 -0.5164E-01 -0.5089E-01  0.1013       0.000       0.000       0.000      -0.7169E-05   0.000       0.000       0.000       0.000       0.000                            0.9442E-06  0.9442E-06   0.000    
   9936000.0   10.32827512   10.4594   0.000       0.000      0.1312E-02 -0.7258E-06 -0.5344E-01 -0.5268E-01  0.1048       0.000       0.000       0.000       0.5526E-05   0.000       0.000       0.000       0.000       0.000                           -0.7258E-06 -0.7258E-06   0.000    
  10022400.0   10.33329230   10.4667   0.000       0.000      0.1334E-02 -0.4355E-06 -0.5442E-01 -0.5365E-01  0.1067       0.000       0.000       0.000       0.3266E-05   0.000       0.000       0.000       0.000       0.000                           -0.4355E-06 -0.4355E-06   0.000    
  10108800.0   10.33331556   10.4661   0.000       0.000      0.1328E-02 -0.2019E-08 -0.5431E-01 -0.5353E-01  0.1065       0.000       0.000       0.000       0.1505E-07   0.000       0.000       0.000       0.000       0.000                           -0.2019E-08 -0.2019E-08   0.000    
  10195200.0   10.33659783   10.4711   0.000       0.000      0.1345E-02 -0.2849E-06 -0.5489E-01 -0.5410E-01  0.1076       0.000       0.000       0.000       0.2115E-05   0.000       0.000       0.000       0.000       0.000                           -0.2849E-06 -0.2849E-06   0.000    
  10281600.0   10.33733559   10.4717   0.000       0.000      0.1344E-02 -0.6404E-07 -0.5491E-01 -0.5413E-01  0.1077       0.000       0.000       0.000       0.4731E-06   0.000       0.000       0.000       0.000       0.000                           -0.6404E-07 -0.6404E-07   0.000    
  10368000.0   10.33107761   10.4616   0.000       0.000      0.1305E-02  0.5432E-06 -0.5348E-01 -0.5269E-01  0.1049       0.000       0.000       0.000      -0.4040E-05   0.000       0.000       0.000       0.000       0.000                            0.5432E-06  0.5432E-06   0.000    
  10454400.0   10.32342059   10.4502   0.000       0.000      0.1268E-02  0.6647E-06 -0.5187E-01 -0.5108E-01  0.1017       0.000       0.000       0.000      -0.5025E-05   0.000       0.000       0.000       0.000       0.000                            0.6647E-06  0.6647E-06   0.000    
  10540800.0   10.32380195   10.4518   0.000       0.000      0.1280E-02 -0.3310E-07 -0.5198E-01 -0.5119E-01  0.1019       0.000       0.000       0.000       0.2524E-06   0.000       0.000       0.000       0.000       0.000                           -0.3310E-07 -0.3310E-07   0.000    
  10627200.0   10.32725512   10.4574   0.000       0.000      0.1302E-02 -0.2998E-06 -0.5271E-01 -0.5192E-01  0.1033       0.000       0.000       0.000       0.2275E-05   0.000       0.000       0.000       0.000       0.000                           -0.2998E-06 -0.2998E-06   0.000    
  10713600.0   10.32691570   10.4566   0.000       0.000      0.1297E-02  0.2946E-07 -0.5261E-01 -0.5181E-01  0.1031       0.000       0.000       0.000      -0.2228E-06   0.000       0.000       0.000       0.000       0.000                            0.2946E-07  0.2946E-07   0.000    
  10800000.0   10.32284346   10.4503   0.000       0.000      0.1274E-02  0.3535E-06 -0.5174E-01 -0.5094E-01  0.1014       0.000       0.000       0.000      -0.2687E-05   0.000       0.000       0.000       0.000       0.000                            0.3535E-06  0.3535E-06   0.000    
  10886400.0   10.31717768   10.4418   0.000       0.000      0.1247E-02  0.4918E-06 -0.5056E-01 -0.4976E-01  0.9906E-01   0.000       0.000       0.000      -0.3779E-05   0.000       0.000       0.000       0.000       0.000                            0.4918E-06  0.4918E-06   0.000    
  10972800.0   10.31092039   10.4329   0.000       0.000      0.1219E-02  0.5432E-06 -0.4933E-01 -0.4853E-01  0.9664E-01   0.000       0.000       0.000      -0.4226E-05   0.000       0.000       0.000       0.000       0.000                            0.5432E-06  0.5432E-06   0.000    
  11059200.0   10.30413924   10.4232   0.000       0.000      0.1191E-02  0.5886E-06 -0.4802E-01 -0.4722E-01  0.9404E-01   0.000       0.000       0.000      -0.4641E-05   0.000       0.000       0.000       0.000       0.000                            0.5886E-06  0.5886E-06   0.000    
  11145600.0   10.29779013   10.4144   0.000       0.000      0.1166E-02  0.5511E-06 -0.4684E-01 -0.4605E-01  0.9172E-01   0.000       0.000       0.000      -0.4401E-05   0.000       0.000       0.000       0.000       0.000                            0.5511E-06  0.5511E-06   0.000    
  11232000.0   10.29201014   10.4065   0.000       0.000      0.1145E-02  0.5017E-06 -0.4584E-01 -0.4504E-01  0.8973E-01   0.000       0.000       0.000      -0.4052E-05   0.000       0.000       0.000       0.000       0.000                            0.5017E-06  0.5017E-06   0.000    
  11318400.0   10.28676887   10.3994   0.000       0.000      0.1127E-02  0.4550E-06 -0.4493E-01 -0.4414E-01  0.8794E-01   0.000       0.000       0.000      -0.3710E-05   0.000       0.000       0.000       0.000       0.000                            0.4550E-06  0.4550E-06   0.000    
  11404800.0   10.29094844   10.4071   0.000       0.000      0.1161E-02 -0.3628E-06 -0.4600E-01 -0.4521E-01  0.9004E-01   0.000       0.000       0.000       0.2961E-05   0.000       0.000       0.000       0.000       0.000                           -0.3628E-06 -0.3628E-06   0.000    
  11491200.0   10.28517639   10.3980   0.000       0.000      0.1129E-02  0.5010E-06 -0.4493E-01 -0.4414E-01  0.8794E-01   0.000       0.000       0.000      -0.4095E-05   0.000       0.000       0.000       0.000       0.000                            0.5010E-06  0.5010E-06   0.000    
  11577600.0   10.29700049   10.4174   0.000       0.000      0.1204E-02 -0.1026E-05 -0.4751E-01 -0.4672E-01  0.9303E-01   0.000       0.000       0.000       0.8345E-05   0.000       0.000       0.000       0.000       0.000                           -0.1026E-05 -0.1026E-05   0.000    
  11664000.0   10.32448747   10.4593   0.000       0.000      0.1348E-02 -0.2386E-05 -0.5317E-01 -0.5238E-01  0.1042       0.000       0.000       0.000       0.1869E-04   0.000       0.000       0.000       0.000       0.000                           -0.2386E-05 -0.2386E-05   0.000    
  11750400.0   10.38651627   10.5527   0.000       0.000      0.1662E-02 -0.5384E-05 -0.6555E-01 -0.6475E-01  0.1287       0.000       0.000       0.000       0.3776E-04   0.000       0.000       0.000       0.000       0.000                           -0.5384E-05 -0.5384E-05   0.000    
  11836800.0   10.36057520   10.5045   0.000       0.000      0.1439E-02  0.2252E-05 -0.5950E-01 -0.5870E-01  0.1167       0.000       0.000       0.000      -0.1496E-04   0.000       0.000       0.000       0.000       0.000                            0.2252E-05  0.2252E-05   0.000    
  11923200.0   10.34437687   10.4794   0.000       0.000      0.1350E-02  0.1406E-05 -0.5575E-01 -0.5494E-01  0.1093       0.000       0.000       0.000      -0.9971E-05   0.000       0.000       0.000       0.000       0.000                            0.1406E-05  0.1406E-05   0.000    
  12009600.0   10.33294620   10.4629   0.000       0.000      0.1299E-02  0.9922E-06 -0.5326E-01 -0.5245E-01  0.1044       0.000       0.000       0.000      -0.7299E-05   0.000       0.000       0.000       0.000       0.000                            0.9922E-06  0.9922E-06   0.000    
  12096000.0   10.33122369   10.4616   0.000       0.000      0.1304E-02  0.1495E-06 -0.5292E-01 -0.5211E-01  0.1037       0.000       0.000       0.000      -0.1118E-05   0.000       0.000       0.000       0.000       0.000                            0.1495E-06  0.1495E-06   0.000    
  12182400.0   10.32829652   10.4575   0.000       0.000      0.1292E-02  0.2541E-06 -0.5234E-01 -0.5153E-01  0.1026       0.000       0.000       0.000      -0.1910E-05   0.000       0.000       0.000       0.000       0.000                            0.2541E-06  0.2541E-06   0.000    
  12268800.0   10.32306576   10.4499   0.000       0.000      0.1268E-02  0.4541E-06 -0.5130E-01 -0.5049E-01  0.1005       0.000       0.000       0.000      -0.3445E-05   0.000       0.000       0.000       0.000       0.000                            0.4541E-06  0.4541E-06   0.000    
  12355200.0   10.31695773   10.4411   0.000       0.000      0.1241E-02  0.5302E-06 -0.5010E-01 -0.4929E-01  0.9814E-01   0.000       0.000       0.000      -0.4074E-05   0.000       0.000       0.000       0.000       0.000                            0.5302E-06  0.5302E-06   0.000    
  12441600.0   10.31336965   10.4364   0.000       0.000      0.1231E-02  0.3115E-06 -0.4947E-01 -0.4866E-01  0.9689E-01   0.000       0.000       0.000      -0.2418E-05   0.000       0.000       0.000       0.000       0.000                            0.3115E-06  0.3115E-06   0.000    
  12528000.0   10.33229133   10.4669   0.000       0.000      0.1346E-02 -0.1643E-05 -0.5352E-01 -0.5270E-01  0.1049       0.000       0.000       0.000       0.1254E-04   0.000       0.000       0.000       0.000       0.000                           -0.1643E-05 -0.1643E-05   0.000    
  12614400.0   10.35014665   10.4930   0.000       0.000      0.1428E-02 -0.1550E-05 -0.5712E-01 -0.5630E-01  0.1120       0.000       0.000       0.000       0.1133E-04   0.000       0.000       0.000       0.000       0.000                           -0.1550E-05 -0.1550E-05   0.000    
  12700800.0   10.34262512   10.4787   0.000       0.000      0.1361E-02  0.6529E-06 -0.5529E-01 -0.5446E-01  0.1084       0.000       0.000       0.000      -0.4708E-05   0.000       0.000       0.000       0.000       0.000                            0.6529E-06  0.6529E-06   0.000    
  12787200.0   10.33486623   10.4666   0.000       0.000      0.1318E-02  0.6735E-06 -0.5353E-01 -0.5271E-01  0.1049       0.000       0.000       0.000      -0.4954E-05   0.000       0.000       0.000       0.000       0.000                            0.6735E-06  0.6735E-06   0.000    
  12873600.0   10.32689841   10.4548   0.000       0.000      0.1279E-02  0.6917E-06 -0.5184E-01 -0.5101E-01  0.1016       0.000       0.000       0.000      -0.5185E-05   0.000       0.000       0.000       0.000       0.000                            0.6917E-06  0.6917E-06   0.000    
  12960000.0   10.32977258   10.4604   0.000       0.000      0.1306E-02 -0.2495E-06 -0.5250E-01 -0.5168E-01  0.1029       0.000       0.000       0.000       0.1882E-05   0.000       0.000       0.000       0.000       0.000                           -0.2495E-06 -0.2495E-06   0.000    
  13046400.0   10.32635228   10.4550   0.000       0.000      0.1286E-02  0.2969E-06 -0.5181E-01 -0.5098E-01  0.1015       0.000       0.000       0.000      -0.2241E-05   0.000       0.000       0.000       0.000       0.000                            0.2969E-06  0.2969E-06   0.000    
  13132800.0   10.32156620   10.4479   0.000       0.000      0.1264E-02  0.4155E-06 -0.5085E-01 -0.5003E-01  0.9962E-01   0.000       0.000       0.000      -0.3165E-05   0.000       0.000       0.000       0.000       0.000                            0.4155E-06  0.4155E-06   0.000    
  13219200.0   10.31888842   10.4444   0.000       0.000      0.1255E-02  0.2324E-06 -0.5037E-01 -0.4955E-01  0.9866E-01   0.000       0.000       0.000      -0.1785E-05   0.000       0.000       0.000       0.000       0.000                            0.2324E-06  0.2324E-06   0.000    
  13305600.0   10.31459368   10.4382   0.000       0.000      0.1236E-02  0.3728E-06 -0.4955E-01 -0.4873E-01  0.9704E-01   0.000       0.000       0.000      -0.2885E-05   0.000       0.000       0.000       0.000       0.000                            0.3728E-06  0.3728E-06   0.000    
  13392000.0   10.32411115   10.4539   0.000       0.000      0.1298E-02 -0.8262E-06 -0.5164E-01 -0.5082E-01  0.1012       0.000       0.000       0.000       0.6357E-05   0.000       0.000       0.000       0.000       0.000                           -0.8262E-06 -0.8262E-06   0.000    
  13478400.0   10.32965479   10.4617   0.000       0.000      0.1321E-02 -0.4812E-06 -0.5277E-01 -0.5195E-01  0.1034       0.000       0.000       0.000       0.3641E-05   0.000       0.000       0.000       0.000       0.000                           -0.4812E-06 -0.4812E-06   0.000    
  13564800.0   10.32664717   10.4562   0.000       0.000      0.1296E-02  0.2611E-06 -0.5207E-01 -0.5125E-01  0.1020       0.000       0.000       0.000      -0.1970E-05   0.000       0.000       0.000       0.000       0.000                            0.2611E-06  0.2611E-06   0.000    
  13651200.0   10.32259767   10.4500   0.000       0.000      0.1274E-02  0.3515E-06 -0.5121E-01 -0.5038E-01  0.1003       0.000       0.000       0.000      -0.2674E-05   0.000       0.000       0.000       0.000       0.000                            0.3515E-06  0.3515E-06   0.000    
  13737600.0   10.31780318   10.4429   0.000       0.000      0.1251E-02  0.4162E-06 -0.5022E-01 -0.4940E-01  0.9836E-01   0.000       0.000       0.000      -0.3196E-05   0.000       0.000       0.000       0.000       0.000                            0.4162E-06  0.4162E-06   0.000    
  13824000.0   10.33571240   10.4717   0.000       0.000      0.1360E-02 -0.1555E-05 -0.5402E-01 -0.5319E-01  0.1059       0.000       0.000       0.000       0.1177E-04   0.000       0.000       0.000       0.000       0.000                           -0.1555E-05 -0.1555E-05   0.000    
  13910400.0   10.35779221   10.5044   0.000       0.000      0.1466E-02 -0.1917E-05 -0.5845E-01 -0.5762E-01  0.1146       0.000       0.000       0.000       0.1380E-04   0.000       0.000       0.000       0.000       0.000                           -0.1917E-05 -0.1917E-05   0.000    
  13996800.0   10.35196560   10.4923   0.000       0.000      0.1403E-02  0.5058E-06 -0.5692E-01 -0.5609E-01  0.1116       0.000       0.000       0.000      -0.3563E-05   0.000       0.000       0.000       0.000       0.000                            0.5058E-06  0.5058E-06   0.000    
  14083200.0   10.34368165   10.4790   0.000       0.000      0.1353E-02  0.7191E-06 -0.5501E-01 -0.5418E-01  0.1078       0.000       0.000       0.000      -0.5166E-05   0.000       0.000       0.000       0.000       0.000                            0.7191E-06  0.7191E-06   0.000    
  14169600.0   10.34871183   10.4875   0.000       0.000      0.1387E-02 -0.4366E-06 -0.5597E-01 -0.5513E-01  0.1097       0.000       0.000       0.000       0.3150E-05   0.000       0.000       0.000       0.000       0.000                           -0.4366E-06 -0.4366E-06   0.000    
  14256000.0   10.35193897   10.4920   0.000       0.000      0.1400E-02 -0.2801E-06 -0.5654E-01 -0.5570E-01  0.1108       0.000       0.000       0.000       0.1999E-05   0.000       0.000       0.000       0.000       0.000                           -0.2801E-06 -0.2801E-06   0.000    
  14342400.0   10.37340420   10.5250   0.000       0.000      0.1516E-02 -0.1863E-05 -0.6086E-01 -0.6001E-01  0.1194       0.000       0.000       0.000       0.1282E-04   0.000       0.000       0.000       0.000       0.000                           -0.1863E-05 -0.1863E-05   0.000    
  14428800.0   10.42879223   10.6082   0.000       0.000      0.1795E-02 -0.4808E-05 -0.7155E-01 -0.7069E-01  0.1405       0.000       0.000       0.000       0.2859E-04   0.000       0.000       0.000       0.000       0.000                           -0.4808E-05 -0.4808E-05   0.000    
  14515200.0   10.41385180   10.5784   0.000       0.000      0.1646E-02  0.1297E-05 -0.6791E-01 -0.6704E-01  0.1333       0.000       0.000       0.000      -0.6980E-05   0.000       0.000       0.000       0.000       0.000                            0.1297E-05  0.1297E-05   0.000    
  14601600.0   10.41624786   10.5813   0.000       0.000      0.1651E-02 -0.2080E-06 -0.6790E-01 -0.6702E-01  0.1333       0.000       0.000       0.000       0.1160E-05   0.000       0.000       0.000       0.000       0.000                           -0.2080E-06 -0.2080E-06   0.000    
  14688000.0   10.43077814   10.6027   0.000       0.000      0.1719E-02 -0.1261E-05 -0.7033E-01 -0.6944E-01  0.1381       0.000       0.000       0.000       0.6702E-05   0.000       0.000       0.000       0.000       0.000                           -0.1261E-05 -0.1261E-05   0.000    
  14774400.0   10.43094467   10.6008   0.000       0.000      0.1699E-02 -0.1446E-07 -0.6993E-01 -0.6903E-01  0.1373       0.000       0.000       0.000       0.7335E-07   0.000       0.000       0.000       0.000       0.000                           -0.1446E-07 -0.1446E-07   0.000    
  14860800.0   10.42149860   10.5853   0.000       0.000      0.1638E-02  0.8200E-06 -0.6775E-01 -0.6684E-01  0.1329       0.000       0.000       0.000      -0.4286E-05   0.000       0.000       0.000       0.000       0.000                            0.8200E-06  0.8200E-06   0.000    
  14947200.0   10.41333756   10.5731   0.000       0.000      0.1598E-02  0.7084E-06 -0.6594E-01 -0.6502E-01  0.1294       0.000       0.000       0.000      -0.3899E-05   0.000       0.000       0.000       0.000       0.000                            0.7084E-06  0.7084E-06   0.000    
  15033600.0   10.40388375   10.5591   0.000       0.000      0.1553E-02  0.8206E-06 -0.6390E-01 -0.6299E-01  0.1253       0.000       0.000       0.000      -0.4729E-05   0.000       0.000       0.000       0.000       0.000                            0.8206E-06  0.8206E-06   0.000    
  15120000.0   10.39435608   10.5455   0.000       0.000      0.1511E-02  0.8271E-06 -0.6198E-01 -0.6106E-01  0.1215       0.000       0.000       0.000      -0.4981E-05   0.000       0.000       0.000       0.000       0.000                            0.8271E-06  0.8271E-06   0.000    
  15206400.0   10.38463326   10.5316   0.000       0.000      0.1470E-02  0.8440E-06 -0.6003E-01 -0.5911E-01  0.1177       0.000       0.000       0.000      -0.5292E-05   0.000       0.000       0.000       0.000       0.000                            0.8440E-06  0.8440E-06   0.000    
  15292800.0   10.37498595   10.5181   0.000       0.000      0.1431E-02  0.8374E-06 -0.5819E-01 -0.5726E-01  0.1140       0.000       0.000       0.000      -0.5446E-05   0.000       0.000       0.000       0.000       0.000                            0.8374E-06  0.8374E-06   0.000    
  15379200.0   10.39283916   10.5476   0.000       0.000      0.1548E-02 -0.1550E-05 -0.6204E-01 -0.6111E-01  0.1216       0.000       0.000       0.000       0.9926E-05   0.000       0.000       0.000       0.000       0.000                           -0.1550E-05 -0.1550E-05   0.000    
  15465600.0   10.39858876   10.5552   0.000       0.000      0.1566E-02 -0.4991E-06 -0.6315E-01 -0.6222E-01  0.1238       0.000       0.000       0.000       0.3051E-05   0.000       0.000       0.000       0.000       0.000                           -0.4991E-06 -0.4991E-06   0.000    
  15552000.0   10.39089957   10.5424   0.000       0.000      0.1515E-02  0.6675E-06 -0.6147E-01 -0.6054E-01  0.1205       0.000       0.000       0.000      -0.4096E-05   0.000       0.000       0.000       0.000       0.000                            0.6675E-06  0.6675E-06   0.000    
  15638400.0   10.38051943   10.5267   0.000       0.000      0.1461E-02  0.9011E-06 -0.5930E-01 -0.5837E-01  0.1162       0.000       0.000       0.000      -0.5733E-05   0.000       0.000       0.000       0.000       0.000                            0.9011E-06  0.9011E-06   0.000    
  15724800.0   10.37131221   10.5135   0.000       0.000      0.1422E-02  0.7992E-06 -0.5747E-01 -0.5654E-01  0.1126       0.000       0.000       0.000      -0.5269E-05   0.000       0.000       0.000       0.000       0.000                            0.7992E-06  0.7992E-06   0.000    
  15811200.0   10.36311618   10.5021   0.000       0.000      0.1390E-02  0.7115E-06 -0.5592E-01 -0.5499E-01  0.1095       0.000       0.000       0.000      -0.4828E-05   0.000       0.000       0.000       0.000       0.000                            0.7115E-06  0.7115E-06   0.000    
  15897600.0   10.35589450   10.4922   0.000       0.000      0.1363E-02  0.6269E-06 -0.5460E-01 -0.5368E-01  0.1069       0.000       0.000       0.000      -0.4357E-05   0.000       0.000       0.000       0.000       0.000                            0.6269E-06  0.6269E-06   0.000    
  15984000.0   10.35186629   10.4872   0.000       0.000      0.1354E-02  0.3497E-06 -0.5398E-01 -0.5306E-01  0.1057       0.000       0.000       0.000      -0.2470E-05   0.000       0.000       0.000       0.000       0.000                            0.3497E-06  0.3497E-06   0.000    
  16070400.0   10.34541695   10.4782   0.000       0.000      0.1328E-02  0.5598E-06 -0.5286E-01 -0.5194E-01  0.1035       0.000       0.000       0.000      -0.4013E-05   0.000       0.000       0.000       0.000       0.000                            0.5598E-06  0.5598E-06   0.000    
  16156800.0   10.33956895   10.4702   0.000       0.000      0.1306E-02  0.5076E-06 -0.5184E-01 -0.5092E-01  0.1014       0.000       0.000       0.000      -0.3698E-05   0.000       0.000       0.000       0.000       0.000                            0.5076E-06  0.5076E-06   0.000    
  16243200.0   10.33388026   10.4624   0.000       0.000      0.1286E-02  0.4938E-06 -0.5089E-01 -0.4998E-01  0.9959E-01   0.000       0.000       0.000      -0.3650E-05   0.000       0.000       0.000       0.000       0.000                            0.4938E-06  0.4938E-06   0.000    
  16329600.0   10.32861774   10.4553   0.000       0.000      0.1267E-02  0.4568E-06 -0.5002E-01 -0.4912E-01  0.9786E-01   0.000       0.000       0.000      -0.3422E-05   0.000       0.000       0.000       0.000       0.000                            0.4568E-06  0.4568E-06   0.000    
  16416000.0   10.32357161   10.4485   0.000       0.000      0.1250E-02  0.4380E-06 -0.4922E-01 -0.4832E-01  0.9628E-01   0.000       0.000       0.000      -0.3320E-05   0.000       0.000       0.000       0.000       0.000                            0.4380E-06  0.4380E-06   0.000    
  16502400.0   10.31882362   10.4422   0.000       0.000      0.1233E-02  0.4122E-06 -0.4847E-01 -0.4757E-01  0.9480E-01   0.000       0.000       0.000      -0.3159E-05   0.000       0.000       0.000       0.000       0.000                            0.4122E-06  0.4122E-06   0.000    
  16588800.0   10.31429164   10.4361   0.000       0.000      0.1218E-02  0.3934E-06 -0.4777E-01 -0.4688E-01  0.9343E-01   0.000       0.000       0.000      -0.3045E-05   0.000       0.000       0.000       0.000       0.000                            0.3934E-06  0.3934E-06   0.000    
  16675200.0   10.30998700   10.4304   0.000       0.000      0.1204E-02  0.3737E-06 -0.4712E-01 -0.4624E-01  0.9215E-01   0.000       0.000       0.000      -0.2919E-05   0.000       0.000       0.000       0.000       0.000                            0.3737E-06  0.3737E-06   0.000    
  16761600.0   10.30730738   10.4271   0.000       0.000      0.1198E-02  0.2326E-06 -0.4680E-01 -0.4592E-01  0.9152E-01   0.000       0.000       0.000      -0.1830E-05   0.000       0.000       0.000       0.000       0.000                            0.2326E-06  0.2326E-06   0.000    
  16848000.0   10.30566635   10.4253   0.000       0.000      0.1196E-02  0.1425E-06 -0.4669E-01 -0.4582E-01  0.9132E-01   0.000       0.000       0.000      -0.1126E-05   0.000       0.000       0.000       0.000       0.000                            0.1425E-06  0.1425E-06   0.000    
  16934400.0   10.30878524   10.4308   0.000       0.000      0.1220E-02 -0.2707E-06 -0.4755E-01 -0.4668E-01  0.9301E-01   0.000       0.000       0.000       0.2136E-05   0.000       0.000       0.000       0.000       0.000                           -0.2707E-06 -0.2707E-06   0.000    
  17020800.0   10.30825955   10.4299   0.000       0.000      0.1217E-02  0.4563E-07 -0.4758E-01 -0.4672E-01  0.9308E-01   0.000       0.000       0.000      -0.3591E-06   0.000       0.000       0.000       0.000       0.000                            0.4563E-07  0.4563E-07   0.000    
  17107200.0   10.30313611   10.4221   0.000       0.000      0.1189E-02  0.4447E-06 -0.4662E-01 -0.4577E-01  0.9120E-01   0.000       0.000       0.000      -0.3519E-05   0.000       0.000       0.000       0.000       0.000                            0.4447E-06  0.4447E-06   0.000    
  17193600.0   10.29893076   10.4162   0.000       0.000      0.1172E-02  0.3650E-06 -0.4590E-01 -0.4505E-01  0.8977E-01   0.000       0.000       0.000      -0.2915E-05   0.000       0.000       0.000       0.000       0.000                            0.3650E-06  0.3650E-06   0.000    
  17280000.0   10.29482853   10.4105   0.000       0.000      0.1157E-02  0.3561E-06 -0.4523E-01 -0.4439E-01  0.8846E-01   0.000       0.000       0.000      -0.2865E-05   0.000       0.000       0.000       0.000       0.000                            0.3561E-06  0.3561E-06   0.000    
  17366400.0   10.29098010   10.4052   0.000       0.000      0.1142E-02  0.3341E-06 -0.4461E-01 -0.4377E-01  0.8723E-01   0.000       0.000       0.000      -0.2707E-05   0.000       0.000       0.000       0.000       0.000                            0.3341E-06  0.3341E-06   0.000    
  17452800.0   10.28729388   10.4003   0.000       0.000      0.1130E-02  0.3200E-06 -0.4405E-01 -0.4322E-01  0.8614E-01   0.000       0.000       0.000      -0.2611E-05   0.000       0.000       0.000       0.000       0.000                            0.3200E-06  0.3200E-06   0.000    
  17539200.0   10.28386029   10.3956   0.000       0.000      0.1118E-02  0.2981E-06 -0.4353E-01 -0.4270E-01  0.8512E-01   0.000       0.000       0.000      -0.2447E-05   0.000       0.000       0.000       0.000       0.000                            0.2981E-06  0.2981E-06   0.000    
  17625600.0   10.28054673   10.3912   0.000       0.000      0.1106E-02  0.2876E-06 -0.4306E-01 -0.4223E-01  0.8418E-01   0.000       0.000       0.000      -0.2374E-05   0.000       0.000       0.000       0.000       0.000                            0.2876E-06  0.2876E-06   0.000    
  17712000.0   10.27952305   10.3903   0.000       0.000      0.1108E-02  0.8886E-07 -0.4305E-01 -0.4223E-01  0.8417E-01   0.000       0.000       0.000      -0.7362E-06   0.000       0.000       0.000       0.000       0.000                            0.8886E-07  0.8886E-07   0.000    
  17798400.0   10.27635923   10.3858   0.000       0.000      0.1094E-02  0.2746E-06 -0.4257E-01 -0.4176E-01  0.8323E-01   0.000       0.000       0.000      -0.2283E-05   0.000       0.000       0.000       0.000       0.000                            0.2746E-06  0.2746E-06   0.000    
  17884800.0   10.27310453   10.3813   0.000       0.000      0.1082E-02  0.2825E-06 -0.4209E-01 -0.4128E-01  0.8228E-01   0.000       0.000       0.000      -0.2361E-05   0.000       0.000       0.000       0.000       0.000                            0.2825E-06  0.2825E-06   0.000    
  17971200.0   10.27014829   10.3773   0.000       0.000      0.1072E-02  0.2566E-06 -0.4165E-01 -0.4085E-01  0.8143E-01   0.000       0.000       0.000      -0.2154E-05   0.000       0.000       0.000       0.000       0.000                            0.2566E-06  0.2566E-06   0.000    
  18057600.0   10.26729528   10.3735   0.000       0.000      0.1062E-02  0.2477E-06 -0.4126E-01 -0.4046E-01  0.8066E-01   0.000       0.000       0.000      -0.2088E-05   0.000       0.000       0.000       0.000       0.000                            0.2477E-06  0.2477E-06   0.000    
  18144000.0   10.26459843   10.3699   0.000       0.000      0.1053E-02  0.2341E-06 -0.4088E-01 -0.4009E-01  0.7992E-01   0.000       0.000       0.000      -0.1982E-05   0.000       0.000       0.000       0.000       0.000                            0.2341E-06  0.2341E-06   0.000    
  18230400.0   10.26195958   10.3664   0.000       0.000      0.1044E-02  0.2291E-06 -0.4053E-01 -0.3974E-01  0.7923E-01   0.000       0.000       0.000      -0.1947E-05   0.000       0.000       0.000       0.000       0.000                            0.2291E-06  0.2291E-06   0.000    
  18316800.0   10.25943444   10.3630   0.000       0.000      0.1036E-02  0.2192E-06 -0.4019E-01 -0.3941E-01  0.7856E-01   0.000       0.000       0.000      -0.1870E-05   0.000       0.000       0.000       0.000       0.000                            0.2192E-06  0.2192E-06   0.000    
  18403200.0   10.25696305   10.3597   0.000       0.000      0.1028E-02  0.2145E-06 -0.3986E-01 -0.3909E-01  0.7792E-01   0.000       0.000       0.000      -0.1837E-05   0.000       0.000       0.000       0.000       0.000                            0.2145E-06  0.2145E-06   0.000    
  18489600.0   10.25456827   10.3565   0.000       0.000      0.1020E-02  0.2079E-06 -0.3955E-01 -0.3878E-01  0.7730E-01   0.000       0.000       0.000      -0.1786E-05   0.000       0.000       0.000       0.000       0.000                            0.2079E-06  0.2079E-06   0.000    
  18576000.0   10.25224166   10.3534   0.000       0.000      0.1012E-02  0.2020E-06 -0.3924E-01 -0.3848E-01  0.7671E-01   0.000       0.000       0.000      -0.1741E-05   0.000       0.000       0.000       0.000       0.000                            0.2020E-06  0.2020E-06   0.000    
  18662400.0   10.24994751   10.3504   0.000       0.000      0.1004E-02  0.1991E-06 -0.3895E-01 -0.3819E-01  0.7614E-01   0.000       0.000       0.000      -0.1722E-05   0.000       0.000       0.000       0.000       0.000                            0.1991E-06  0.1991E-06   0.000    
  18748800.0   10.24775703   10.3475   0.000       0.000      0.9970E-03  0.1901E-06 -0.3866E-01 -0.3791E-01  0.7557E-01   0.000       0.000       0.000      -0.1649E-05   0.000       0.000       0.000       0.000       0.000                            0.1901E-06  0.1901E-06   0.000    
  18835200.0   10.24996263   10.3514   0.000       0.000      0.1014E-02 -0.1915E-06 -0.3927E-01 -0.3852E-01  0.7678E-01   0.000       0.000       0.000       0.1661E-05   0.000       0.000       0.000       0.000       0.000                           -0.1915E-06 -0.1915E-06   0.000    
  18921600.0   10.24785590   10.3481   0.000       0.000      0.1002E-02  0.1829E-06 -0.3896E-01 -0.3821E-01  0.7617E-01   0.000       0.000       0.000      -0.1586E-05   0.000       0.000       0.000       0.000       0.000                            0.1829E-06  0.1829E-06   0.000    
  19008000.0   10.24498267   10.3439   0.000       0.000      0.9893E-03  0.2494E-06 -0.3850E-01 -0.3775E-01  0.7526E-01   0.000       0.000       0.000      -0.2170E-05   0.000       0.000       0.000       0.000       0.000                            0.2494E-06  0.2494E-06   0.000    
  19094400.0   10.24247123   10.3405   0.000       0.000      0.9801E-03  0.2180E-06 -0.3812E-01 -0.3738E-01  0.7453E-01   0.000       0.000       0.000      -0.1904E-05   0.000       0.000       0.000       0.000       0.000                            0.2180E-06  0.2180E-06   0.000    
  19180800.0   10.24017655   10.3374   0.000       0.000      0.9721E-03  0.1992E-06 -0.3780E-01 -0.3706E-01  0.7389E-01   0.000       0.000       0.000      -0.1745E-05   0.000       0.000       0.000       0.000       0.000                            0.1992E-06  0.1992E-06   0.000    
  19267200.0   10.23810234   10.3346   0.000       0.000      0.9653E-03  0.1801E-06 -0.3753E-01 -0.3679E-01  0.7335E-01   0.000       0.000       0.000      -0.1581E-05   0.000       0.000       0.000       0.000       0.000                            0.1801E-06  0.1801E-06   0.000    
  19353600.0   10.23599221   10.3318   0.000       0.000      0.9581E-03  0.1832E-06 -0.3724E-01 -0.3652E-01  0.7280E-01   0.000       0.000       0.000      -0.1613E-05   0.000       0.000       0.000       0.000       0.000                            0.1832E-06  0.1832E-06   0.000    
  19440000.0   10.23396822   10.3291   0.000       0.000      0.9512E-03  0.1757E-06 -0.3698E-01 -0.3625E-01  0.7228E-01   0.000       0.000       0.000      -0.1551E-05   0.000       0.000       0.000       0.000       0.000                            0.1757E-06  0.1757E-06   0.000    
  19526400.0   10.23198275   10.3265   0.000       0.000      0.9447E-03  0.1723E-06 -0.3672E-01 -0.3600E-01  0.7178E-01   0.000       0.000       0.000      -0.1525E-05   0.000       0.000       0.000       0.000       0.000                            0.1723E-06  0.1723E-06   0.000    
  19612800.0   10.23008970   10.3239   0.000       0.000      0.9382E-03  0.1643E-06 -0.3647E-01 -0.3576E-01  0.7129E-01   0.000       0.000       0.000      -0.1457E-05   0.000       0.000       0.000       0.000       0.000                            0.1643E-06  0.1643E-06   0.000    
  19699200.0   10.22820731   10.3214   0.000       0.000      0.9321E-03  0.1634E-06 -0.3624E-01 -0.3553E-01  0.7083E-01   0.000       0.000       0.000      -0.1452E-05   0.000       0.000       0.000       0.000       0.000                            0.1634E-06  0.1634E-06   0.000    
  19785600.0   10.22639890   10.3190   0.000       0.000      0.9260E-03  0.1570E-06 -0.3600E-01 -0.3530E-01  0.7037E-01   0.000       0.000       0.000      -0.1398E-05   0.000       0.000       0.000       0.000       0.000                            0.1570E-06  0.1570E-06   0.000    
  19872000.0   10.22459936   10.3166   0.000       0.000      0.9201E-03  0.1562E-06 -0.3578E-01 -0.3508E-01  0.6994E-01   0.000       0.000       0.000      -0.1394E-05   0.000       0.000       0.000       0.000       0.000                            0.1562E-06  0.1562E-06   0.000    
  19958400.0   10.22706430   10.3208   0.000       0.000      0.9372E-03 -0.2140E-06 -0.3639E-01 -0.3569E-01  0.7115E-01   0.000       0.000       0.000       0.1909E-05   0.000       0.000       0.000       0.000       0.000                           -0.2140E-06 -0.2140E-06   0.000    
  20044800.0   10.23065121   10.3262   0.000       0.000      0.9556E-03 -0.3114E-06 -0.3719E-01 -0.3649E-01  0.7273E-01   0.000       0.000       0.000       0.2768E-05   0.000       0.000       0.000       0.000       0.000                           -0.3114E-06 -0.3114E-06   0.000    
  20131200.0   10.22699221   10.3202   0.000       0.000      0.9318E-03  0.3176E-06 -0.3651E-01 -0.3582E-01  0.7139E-01   0.000       0.000       0.000      -0.2824E-05   0.000       0.000       0.000       0.000       0.000                            0.3176E-06  0.3176E-06   0.000    
  20217600.0   10.22552849   10.3182   0.000       0.000      0.9272E-03  0.1271E-06 -0.3629E-01 -0.3560E-01  0.7095E-01   0.000       0.000       0.000      -0.1133E-05   0.000       0.000       0.000       0.000       0.000                            0.1271E-06  0.1271E-06   0.000    
  20304000.0   10.22381287   10.3159   0.000       0.000      0.9204E-03  0.1489E-06 -0.3603E-01 -0.3534E-01  0.7045E-01   0.000       0.000       0.000      -0.1330E-05   0.000       0.000       0.000       0.000       0.000                            0.1489E-06  0.1489E-06   0.000    
  20390400.0   10.22136114   10.3124   0.000       0.000      0.9100E-03  0.2128E-06 -0.3564E-01 -0.3495E-01  0.6968E-01   0.000       0.000       0.000      -0.1906E-05   0.000       0.000       0.000       0.000       0.000                            0.2128E-06  0.2128E-06   0.000    
  20476800.0   10.21917564   10.3094   0.000       0.000      0.9021E-03  0.1897E-06 -0.3531E-01 -0.3463E-01  0.6903E-01   0.000       0.000       0.000      -0.1703E-05   0.000       0.000       0.000       0.000       0.000                            0.1897E-06  0.1897E-06   0.000    
  20563200.0   10.21716520   10.3067   0.000       0.000      0.8951E-03  0.1745E-06 -0.3502E-01 -0.3434E-01  0.6846E-01   0.000       0.000       0.000      -0.1570E-05   0.000       0.000       0.000       0.000       0.000                            0.1745E-06  0.1745E-06   0.000    
  20649600.0   10.21525571   10.3041   0.000       0.000      0.8887E-03  0.1658E-06 -0.3475E-01 -0.3408E-01  0.6795E-01   0.000       0.000       0.000      -0.1495E-05   0.000       0.000       0.000       0.000       0.000                            0.1658E-06  0.1658E-06   0.000    
  20736000.0   10.21344430   10.3017   0.000       0.000      0.8826E-03  0.1572E-06 -0.3451E-01 -0.3384E-01  0.6746E-01   0.000       0.000       0.000      -0.1421E-05   0.000       0.000       0.000       0.000       0.000                            0.1572E-06  0.1572E-06   0.000    
  20822400.0   10.21168355   10.2994   0.000       0.000      0.8768E-03  0.1528E-06 -0.3427E-01 -0.3361E-01  0.6701E-01   0.000       0.000       0.000      -0.1383E-05   0.000       0.000       0.000       0.000       0.000                            0.1528E-06  0.1528E-06   0.000    
  20908800.0   10.20999603   10.2971   0.000       0.000      0.8711E-03  0.1465E-06 -0.3405E-01 -0.3339E-01  0.6657E-01   0.000       0.000       0.000      -0.1328E-05   0.000       0.000       0.000       0.000       0.000                            0.1465E-06  0.1465E-06   0.000    
  20995200.0   10.20833867   10.2949   0.000       0.000      0.8657E-03  0.1439E-06 -0.3384E-01 -0.3318E-01  0.6615E-01   0.000       0.000       0.000      -0.1307E-05   0.000       0.000       0.000       0.000       0.000                            0.1439E-06  0.1439E-06   0.000    
  21081600.0   10.20674305   10.2928   0.000       0.000      0.8604E-03  0.1385E-06 -0.3363E-01 -0.3297E-01  0.6574E-01   0.000       0.000       0.000      -0.1260E-05   0.000       0.000       0.000       0.000       0.000                            0.1385E-06  0.1385E-06   0.000    
  21168000.0   10.20516511   10.2907   0.000       0.000      0.8552E-03  0.1370E-06 -0.3343E-01 -0.3278E-01  0.6535E-01   0.000       0.000       0.000      -0.1248E-05   0.000       0.000       0.000       0.000       0.000                            0.1370E-06  0.1370E-06   0.000    
  21254400.0   10.20364169   10.2887   0.000       0.000      0.8501E-03  0.1322E-06 -0.3323E-01 -0.3258E-01  0.6496E-01   0.000       0.000       0.000      -0.1207E-05   0.000       0.000       0.000       0.000       0.000                            0.1322E-06  0.1322E-06   0.000    
  21340800.0   10.20213731   10.2867   0.000       0.000      0.8452E-03  0.1306E-06 -0.3304E-01 -0.3240E-01  0.6459E-01   0.000       0.000       0.000      -0.1194E-05   0.000       0.000       0.000       0.000       0.000                            0.1306E-06  0.1306E-06   0.000    
  21427200.0   10.20065808   10.2847   0.000       0.000      0.8404E-03  0.1284E-06 -0.3285E-01 -0.3221E-01  0.6423E-01   0.000       0.000       0.000      -0.1175E-05   0.000       0.000       0.000       0.000       0.000                            0.1284E-06  0.1284E-06   0.000    
  21513600.0   10.19984162   10.2837   0.000       0.000      0.8389E-03  0.7087E-07 -0.3279E-01 -0.3215E-01  0.6410E-01   0.000       0.000       0.000      -0.6494E-06   0.000       0.000       0.000       0.000       0.000                            0.7087E-07  0.7087E-07   0.000    
  21600000.0   10.20514077   10.2921   0.000       0.000      0.8694E-03 -0.4600E-06 -0.3391E-01 -0.3327E-01  0.6631E-01   0.000       0.000       0.000       0.4206E-05   0.000       0.000       0.000       0.000       0.000                           -0.4600E-06 -0.4600E-06   0.000    
  21686400.0   10.20211237   10.2869   0.000       0.000      0.8482E-03  0.2629E-06 -0.3336E-01 -0.3272E-01  0.6523E-01   0.000       0.000       0.000      -0.2401E-05   0.000       0.000       0.000       0.000       0.000                            0.2629E-06  0.2629E-06   0.000    
  21772800.0   10.19976290   10.2836   0.000       0.000      0.8382E-03  0.2039E-06 -0.3295E-01 -0.3232E-01  0.6443E-01   0.000       0.000       0.000      -0.1868E-05   0.000       0.000       0.000       0.000       0.000                            0.2039E-06  0.2039E-06   0.000    
  21859200.0   10.19781362   10.2809   0.000       0.000      0.8310E-03  0.1692E-06 -0.3265E-01 -0.3202E-01  0.6384E-01   0.000       0.000       0.000      -0.1553E-05   0.000       0.000       0.000       0.000       0.000                            0.1692E-06  0.1692E-06   0.000    
  21945600.0   10.19605795   10.2786   0.000       0.000      0.8251E-03  0.1524E-06 -0.3240E-01 -0.3177E-01  0.6334E-01   0.000       0.000       0.000      -0.1401E-05   0.000       0.000       0.000       0.000       0.000                            0.1524E-06  0.1524E-06   0.000    
  22032000.0   10.19444137   10.2764   0.000       0.000      0.8196E-03  0.1403E-06 -0.3217E-01 -0.3155E-01  0.6290E-01   0.000       0.000       0.000      -0.1292E-05   0.000       0.000       0.000       0.000       0.000                            0.1403E-06  0.1403E-06   0.000    
  22118400.0   10.19290260   10.2743   0.000       0.000      0.8144E-03  0.1336E-06 -0.3196E-01 -0.3134E-01  0.6249E-01   0.000       0.000       0.000      -0.1231E-05   0.000       0.000       0.000       0.000       0.000                            0.1336E-06  0.1336E-06   0.000    
  22204800.0   10.19141527   10.2724   0.000       0.000      0.8096E-03  0.1291E-06 -0.3177E-01 -0.3115E-01  0.6211E-01   0.000       0.000       0.000      -0.1192E-05   0.000       0.000       0.000       0.000       0.000                            0.1291E-06  0.1291E-06   0.000    
  22291200.0   10.18998715   10.2705   0.000       0.000      0.8048E-03  0.1240E-06 -0.3158E-01 -0.3097E-01  0.6174E-01   0.000       0.000       0.000      -0.1146E-05   0.000       0.000       0.000       0.000       0.000                            0.1240E-06  0.1240E-06   0.000    
  22377600.0   10.18859326   10.2686   0.000       0.000      0.8002E-03  0.1210E-06 -0.3140E-01 -0.3079E-01  0.6139E-01   0.000       0.000       0.000      -0.1120E-05   0.000       0.000       0.000       0.000       0.000                            0.1210E-06  0.1210E-06   0.000    
  22464000.0   10.19487083   10.2785   0.000       0.000      0.8362E-03 -0.5449E-06 -0.3268E-01 -0.3207E-01  0.6392E-01   0.000       0.000       0.000       0.5033E-05   0.000       0.000       0.000       0.000       0.000                           -0.5449E-06 -0.5449E-06   0.000    
  22550400.0   10.19279677   10.2747   0.000       0.000      0.8190E-03  0.1800E-06 -0.3230E-01 -0.3170E-01  0.6318E-01   0.000       0.000       0.000      -0.1660E-05   0.000       0.000       0.000       0.000       0.000                            0.1800E-06  0.1800E-06   0.000    
  22636800.0   10.19228815   10.2740   0.000       0.000      0.8176E-03  0.4415E-07 -0.3224E-01 -0.3164E-01  0.6306E-01   0.000       0.000       0.000      -0.4075E-06   0.000       0.000       0.000       0.000       0.000                            0.4415E-07  0.4415E-07   0.000    
  22723200.0   10.21216337   10.3045   0.000       0.000      0.9238E-03 -0.1725E-05 -0.3609E-01 -0.3549E-01  0.7067E-01   0.000       0.000       0.000       0.1578E-04   0.000       0.000       0.000       0.000       0.000                           -0.1725E-05 -0.1725E-05   0.000    
  22809600.0   10.20981981   10.2987   0.000       0.000      0.8888E-03  0.2034E-06 -0.3551E-01 -0.3491E-01  0.6953E-01   0.000       0.000       0.000      -0.1844E-05   0.000       0.000       0.000       0.000       0.000                            0.2034E-06  0.2034E-06   0.000    
  22896000.0   10.20754152   10.2949   0.000       0.000      0.8738E-03  0.1978E-06 -0.3499E-01 -0.3439E-01  0.6850E-01   0.000       0.000       0.000      -0.1797E-05   0.000       0.000       0.000       0.000       0.000                            0.1978E-06  0.1978E-06   0.000    
  22982400.0   10.20554990   10.2919   0.000       0.000      0.8636E-03  0.1729E-06 -0.3457E-01 -0.3397E-01  0.6767E-01   0.000       0.000       0.000      -0.1574E-05   0.000       0.000       0.000       0.000       0.000                            0.1729E-06  0.1729E-06   0.000    
  23068800.0   10.20366756   10.2892   0.000       0.000      0.8553E-03  0.1634E-06 -0.3421E-01 -0.3361E-01  0.6697E-01   0.000       0.000       0.000      -0.1491E-05   0.000       0.000       0.000       0.000       0.000                            0.1634E-06  0.1634E-06   0.000    
  23155200.0   10.20151480   10.2861   0.000       0.000      0.8461E-03  0.1869E-06 -0.3382E-01 -0.3322E-01  0.6619E-01   0.000       0.000       0.000      -0.1708E-05   0.000       0.000       0.000       0.000       0.000                            0.1869E-06  0.1869E-06   0.000    
  23241600.0   10.19933476   10.2831   0.000       0.000      0.8375E-03  0.1892E-06 -0.3344E-01 -0.3284E-01  0.6545E-01   0.000       0.000       0.000      -0.1734E-05   0.000       0.000       0.000       0.000       0.000                            0.1892E-06  0.1892E-06   0.000    
  23328000.0   10.19708524   10.2800   0.000       0.000      0.8289E-03  0.1953E-06 -0.3307E-01 -0.3247E-01  0.6471E-01   0.000       0.000       0.000      -0.1793E-05   0.000       0.000       0.000       0.000       0.000                            0.1953E-06  0.1953E-06   0.000    
  23414400.0   10.19492511   10.2770   0.000       0.000      0.8210E-03  0.1875E-06 -0.3271E-01 -0.3212E-01  0.6401E-01   0.000       0.000       0.000      -0.1725E-05   0.000       0.000       0.000       0.000       0.000                            0.1875E-06  0.1875E-06   0.000    
  23500800.0   10.19294841   10.2744   0.000       0.000      0.8143E-03  0.1716E-06 -0.3240E-01 -0.3181E-01  0.6340E-01   0.000       0.000       0.000      -0.1582E-05   0.000       0.000       0.000       0.000       0.000                            0.1716E-06  0.1716E-06   0.000    
  23587200.0   10.19106914   10.2719   0.000       0.000      0.8079E-03  0.1631E-06 -0.3212E-01 -0.3152E-01  0.6283E-01   0.000       0.000       0.000      -0.1506E-05   0.000       0.000       0.000       0.000       0.000                            0.1631E-06  0.1631E-06   0.000    
  23673600.0   10.18922343   10.2694   0.000       0.000      0.8017E-03  0.1602E-06 -0.3184E-01 -0.3125E-01  0.6229E-01   0.000       0.000       0.000      -0.1482E-05   0.000       0.000       0.000       0.000       0.000                            0.1602E-06  0.1602E-06   0.000    
  23760000.0   10.18737241   10.2669   0.000       0.000      0.7953E-03  0.1607E-06 -0.3156E-01 -0.3098E-01  0.6174E-01   0.000       0.000       0.000      -0.1488E-05   0.000       0.000       0.000       0.000       0.000                            0.1607E-06  0.1607E-06   0.000    
  23846400.0   10.18559542   10.2645   0.000       0.000      0.7894E-03  0.1543E-06 -0.3130E-01 -0.3072E-01  0.6123E-01   0.000       0.000       0.000      -0.1431E-05   0.000       0.000       0.000       0.000       0.000                            0.1543E-06  0.1543E-06   0.000    
  23932800.0   10.18391792   10.2623   0.000       0.000      0.7839E-03  0.1456E-06 -0.3106E-01 -0.3048E-01  0.6075E-01   0.000       0.000       0.000      -0.1353E-05   0.000       0.000       0.000       0.000       0.000                            0.1456E-06  0.1456E-06   0.000    
  24019200.0   10.18230812   10.2602   0.000       0.000      0.7787E-03  0.1397E-06 -0.3083E-01 -0.3025E-01  0.6031E-01   0.000       0.000       0.000      -0.1300E-05   0.000       0.000       0.000       0.000       0.000                            0.1397E-06  0.1397E-06   0.000    
  24105600.0   10.18074765   10.2581   0.000       0.000      0.7737E-03  0.1355E-06 -0.3062E-01 -0.3004E-01  0.5988E-01   0.000       0.000       0.000      -0.1262E-05   0.000       0.000       0.000       0.000       0.000                            0.1355E-06  0.1355E-06   0.000    
  24192000.0   10.17921956   10.2561   0.000       0.000      0.7687E-03  0.1326E-06 -0.3041E-01 -0.2983E-01  0.5946E-01   0.000       0.000       0.000      -0.1238E-05   0.000       0.000       0.000       0.000       0.000                            0.1326E-06  0.1326E-06   0.000    
  24278400.0   10.17772446   10.2541   0.000       0.000      0.7638E-03  0.1298E-06 -0.3020E-01 -0.2962E-01  0.5906E-01   0.000       0.000       0.000      -0.1212E-05   0.000       0.000       0.000       0.000       0.000                            0.1298E-06  0.1298E-06   0.000    
  24364800.0   10.17627335   10.2522   0.000       0.000      0.7591E-03  0.1260E-06 -0.3000E-01 -0.2943E-01  0.5866E-01   0.000       0.000       0.000      -0.1178E-05   0.000       0.000       0.000       0.000       0.000                            0.1260E-06  0.1260E-06   0.000    
  24451200.0   10.17486960   10.2503   0.000       0.000      0.7546E-03  0.1219E-06 -0.2981E-01 -0.2924E-01  0.5829E-01   0.000       0.000       0.000      -0.1141E-05   0.000       0.000       0.000       0.000       0.000                            0.1219E-06  0.1219E-06   0.000    
  24537600.0   10.17350742   10.2485   0.000       0.000      0.7502E-03  0.1182E-06 -0.2963E-01 -0.2906E-01  0.5793E-01   0.000       0.000       0.000      -0.1108E-05   0.000       0.000       0.000       0.000       0.000                            0.1182E-06  0.1182E-06   0.000    
  24624000.0   10.17218205   10.2468   0.000       0.000      0.7460E-03  0.1150E-06 -0.2945E-01 -0.2888E-01  0.5759E-01   0.000       0.000       0.000      -0.1080E-05   0.000       0.000       0.000       0.000       0.000                            0.1150E-06  0.1150E-06   0.000    
  24710400.0   10.17088478   10.2451   0.000       0.000      0.7418E-03  0.1126E-06 -0.2928E-01 -0.2872E-01  0.5725E-01   0.000       0.000       0.000      -0.1058E-05   0.000       0.000       0.000       0.000       0.000                            0.1126E-06  0.1126E-06   0.000    
  24796800.0   10.16962201   10.2434   0.000       0.000      0.7377E-03  0.1096E-06 -0.2911E-01 -0.2855E-01  0.5693E-01   0.000       0.000       0.000      -0.1031E-05   0.000       0.000       0.000       0.000       0.000                            0.1096E-06  0.1096E-06   0.000    
  24883200.0   10.16849141   10.2419   0.000       0.000      0.7342E-03  0.9814E-07 -0.2897E-01 -0.2841E-01  0.5665E-01   0.000       0.000       0.000      -0.9236E-06   0.000       0.000       0.000       0.000       0.000                            0.9814E-07  0.9814E-07   0.000    
  24969600.0   10.16937789   10.2435   0.000       0.000      0.7410E-03 -0.7695E-07 -0.2920E-01 -0.2865E-01  0.5711E-01   0.000       0.000       0.000       0.7243E-06   0.000       0.000       0.000       0.000       0.000                           -0.7695E-07 -0.7695E-07   0.000    
  25056000.0   10.16780785   10.2411   0.000       0.000      0.7328E-03  0.1363E-06 -0.2896E-01 -0.2841E-01  0.5663E-01   0.000       0.000       0.000      -0.1283E-05   0.000       0.000       0.000       0.000       0.000                            0.1363E-06  0.1363E-06   0.000    
  25142400.0   10.16639013   10.2391   0.000       0.000      0.7275E-03  0.1231E-06 -0.2875E-01 -0.2820E-01  0.5622E-01   0.000       0.000       0.000      -0.1160E-05   0.000       0.000       0.000       0.000       0.000                            0.1231E-06  0.1231E-06   0.000    
  25228800.0   10.16912030   10.2435   0.000       0.000      0.7439E-03 -0.2370E-06 -0.2932E-01 -0.2877E-01  0.5734E-01   0.000       0.000       0.000       0.2233E-05   0.000       0.000       0.000       0.000       0.000                           -0.2370E-06 -0.2370E-06   0.000    
  25315200.0   10.16751349   10.2408   0.000       0.000      0.7332E-03  0.1395E-06 -0.2905E-01 -0.2850E-01  0.5681E-01   0.000       0.000       0.000      -0.1313E-05   0.000       0.000       0.000       0.000       0.000                            0.1395E-06  0.1395E-06   0.000    
  25401600.0   10.16822681   10.2421   0.000       0.000      0.7385E-03 -0.6192E-07 -0.2922E-01 -0.2867E-01  0.5715E-01   0.000       0.000       0.000       0.5833E-06   0.000       0.000       0.000       0.000       0.000                           -0.6192E-07 -0.6192E-07   0.000    
  25488000.0   10.16863752   10.2427   0.000       0.000      0.7401E-03 -0.3565E-07 -0.2932E-01 -0.2878E-01  0.5736E-01   0.000       0.000       0.000       0.3357E-06   0.000       0.000       0.000       0.000       0.000                           -0.3565E-07 -0.3565E-07   0.000    
  25574400.0   10.17029417   10.2451   0.000       0.000      0.7483E-03 -0.1438E-06 -0.2966E-01 -0.2911E-01  0.5802E-01   0.000       0.000       0.000       0.1353E-05   0.000       0.000       0.000       0.000       0.000                           -0.1438E-06 -0.1438E-06   0.000    
  25660800.0   10.16876269   10.2426   0.000       0.000      0.7384E-03  0.1329E-06 -0.2938E-01 -0.2884E-01  0.5748E-01   0.000       0.000       0.000      -0.1251E-05   0.000       0.000       0.000       0.000       0.000                            0.1329E-06  0.1329E-06   0.000    
  25747200.0   10.17214387   10.2479   0.000       0.000      0.7571E-03 -0.2935E-06 -0.3004E-01 -0.2950E-01  0.5878E-01   0.000       0.000       0.000       0.2759E-05   0.000       0.000       0.000       0.000       0.000                           -0.2935E-06 -0.2935E-06   0.000    
  25833600.0   10.18899875   10.2731   0.000       0.000      0.8409E-03 -0.1463E-05 -0.3318E-01 -0.3264E-01  0.6499E-01   0.000       0.000       0.000       0.1364E-04   0.000       0.000       0.000       0.000       0.000                           -0.1463E-05 -0.1463E-05   0.000    
  25920000.0   10.20963033   10.3025   0.000       0.000      0.9290E-03 -0.1791E-05 -0.3694E-01 -0.3640E-01  0.7244E-01   0.000       0.000       0.000       0.1642E-04   0.000       0.000       0.000       0.000       0.000                           -0.1791E-05 -0.1791E-05   0.000    
  26006400.0   10.22842544   10.3285   0.000       0.000      0.1000E-02 -0.1632E-05 -0.4028E-01 -0.3974E-01  0.7904E-01   0.000       0.000       0.000       0.1467E-04   0.000       0.000       0.000       0.000       0.000                           -0.1632E-05 -0.1632E-05   0.000    
  26092800.0   10.23009432   10.3281   0.000       0.000      0.9798E-03 -0.1449E-06 -0.4026E-01 -0.3970E-01  0.7898E-01   0.000       0.000       0.000       0.1287E-05   0.000       0.000       0.000       0.000       0.000                           -0.1449E-06 -0.1449E-06   0.000    
  26179200.0   10.22506606   10.3192   0.000       0.000      0.9414E-03  0.4365E-06 -0.3900E-01 -0.3844E-01  0.7649E-01   0.000       0.000       0.000      -0.3886E-05   0.000       0.000       0.000       0.000       0.000                            0.4365E-06  0.4365E-06   0.000    
  26265600.0   10.21996544   10.3114   0.000       0.000      0.9142E-03  0.4428E-06 -0.3785E-01 -0.3729E-01  0.7421E-01   0.000       0.000       0.000      -0.3965E-05   0.000       0.000       0.000       0.000       0.000                            0.4428E-06  0.4428E-06   0.000    
  26352000.0   10.21541106   10.3048   0.000       0.000      0.8936E-03  0.3953E-06 -0.3689E-01 -0.3633E-01  0.7232E-01   0.000       0.000       0.000      -0.3559E-05   0.000       0.000       0.000       0.000       0.000                            0.3953E-06  0.3953E-06   0.000    
  26438400.0   10.21134129   10.2990   0.000       0.000      0.8771E-03  0.3533E-06 -0.3608E-01 -0.3552E-01  0.7072E-01   0.000       0.000       0.000      -0.3195E-05   0.000       0.000       0.000       0.000       0.000                            0.3533E-06  0.3533E-06   0.000    
  26524800.0   10.20760582   10.2939   0.000       0.000      0.8628E-03  0.3243E-06 -0.3538E-01 -0.3482E-01  0.6933E-01   0.000       0.000       0.000      -0.2944E-05   0.000       0.000       0.000       0.000       0.000                            0.3243E-06  0.3243E-06   0.000    
  26611200.0   10.20397800   10.2889   0.000       0.000      0.8493E-03  0.3149E-06 -0.3472E-01 -0.3416E-01  0.6803E-01   0.000       0.000       0.000      -0.2870E-05   0.000       0.000       0.000       0.000       0.000                            0.3149E-06  0.3149E-06   0.000    
  26697600.0   10.20070768   10.2845   0.000       0.000      0.8379E-03  0.2839E-06 -0.3415E-01 -0.3359E-01  0.6690E-01   0.000       0.000       0.000      -0.2596E-05   0.000       0.000       0.000       0.000       0.000                            0.2839E-06  0.2839E-06   0.000    
  26784000.0   10.19765523   10.2804   0.000       0.000      0.8274E-03  0.2650E-06 -0.3363E-01 -0.3307E-01  0.6587E-01   0.000       0.000       0.000      -0.2430E-05   0.000       0.000       0.000       0.000       0.000                            0.2650E-06  0.2650E-06   0.000    
  26870400.0   10.21046917   10.3005   0.000       0.000      0.9007E-03 -0.1112E-05 -0.3615E-01 -0.3558E-01  0.7084E-01   0.000       0.000       0.000       0.1015E-04   0.000       0.000       0.000       0.000       0.000                           -0.1112E-05 -0.1112E-05   0.000    
  26956800.0   10.21719622   10.3096   0.000       0.000      0.9237E-03 -0.5839E-06 -0.3739E-01 -0.3682E-01  0.7328E-01   0.000       0.000       0.000       0.5278E-05   0.000       0.000       0.000       0.000       0.000                           -0.5839E-06 -0.5839E-06   0.000    
  27043200.0   10.22302920   10.3175   0.000       0.000      0.9447E-03 -0.5063E-06 -0.3840E-01 -0.3783E-01  0.7529E-01   0.000       0.000       0.000       0.4546E-05   0.000       0.000       0.000       0.000       0.000                           -0.5063E-06 -0.5063E-06   0.000    
  27129600.0   10.22377899   10.3177   0.000       0.000      0.9391E-03 -0.6509E-07 -0.3841E-01 -0.3784E-01  0.7531E-01   0.000       0.000       0.000       0.5823E-06   0.000       0.000       0.000       0.000       0.000                           -0.6509E-07 -0.6509E-07   0.000    
  27216000.0   10.22674668   10.3218   0.000       0.000      0.9509E-03 -0.2576E-06 -0.3887E-01 -0.3829E-01  0.7622E-01   0.000       0.000       0.000       0.2300E-05   0.000       0.000       0.000       0.000       0.000                           -0.2576E-06 -0.2576E-06   0.000    
  27302400.0   10.23566731   10.3350   0.000       0.000      0.9935E-03 -0.7744E-06 -0.4050E-01 -0.3992E-01  0.7943E-01   0.000       0.000       0.000       0.6866E-05   0.000       0.000       0.000       0.000       0.000                           -0.7744E-06 -0.7744E-06   0.000    
  27388800.0   10.25331587   10.3610   0.000       0.000      0.1077E-02 -0.1532E-05 -0.4380E-01 -0.4322E-01  0.8596E-01   0.000       0.000       0.000       0.1336E-04   0.000       0.000       0.000       0.000       0.000                           -0.1532E-05 -0.1532E-05   0.000    
  27475200.0   10.26670001   10.3793   0.000       0.000      0.1126E-02 -0.1162E-05 -0.4617E-01 -0.4558E-01  0.9064E-01   0.000       0.000       0.000       0.9923E-05   0.000       0.000       0.000       0.000       0.000                           -0.1162E-05 -0.1162E-05   0.000    
  27561600.0   10.26153467   10.3690   0.000       0.000      0.1075E-02  0.4484E-06 -0.4480E-01 -0.4420E-01  0.8793E-01   0.000       0.000       0.000      -0.3807E-05   0.000       0.000       0.000       0.000       0.000                            0.4484E-06  0.4484E-06   0.000    
  27648000.0   10.25550601   10.3595   0.000       0.000      0.1040E-02  0.5233E-06 -0.4338E-01 -0.4278E-01  0.8511E-01   0.000       0.000       0.000      -0.4479E-05   0.000       0.000       0.000       0.000       0.000                            0.5233E-06  0.5233E-06   0.000    
  27734400.0   10.24936909   10.3504   0.000       0.000      0.1011E-02  0.5327E-06 -0.4205E-01 -0.4144E-01  0.8248E-01   0.000       0.000       0.000      -0.4598E-05   0.000       0.000       0.000       0.000       0.000                            0.5327E-06  0.5327E-06   0.000    
  27820800.0   10.24474408   10.3440   0.000       0.000      0.9924E-03  0.4015E-06 -0.4109E-01 -0.4049E-01  0.8058E-01   0.000       0.000       0.000      -0.3490E-05   0.000       0.000       0.000       0.000       0.000                            0.4015E-06  0.4015E-06   0.000    
  27907200.0   10.24152324   10.3397   0.000       0.000      0.9816E-03  0.2796E-06 -0.4046E-01 -0.3985E-01  0.7933E-01   0.000       0.000       0.000      -0.2443E-05   0.000       0.000       0.000       0.000       0.000                            0.2796E-06  0.2796E-06   0.000    
  27993600.0   10.25032097   10.3538   0.000       0.000      0.1035E-02 -0.7637E-06 -0.4224E-01 -0.4162E-01  0.8283E-01   0.000       0.000       0.000       0.6649E-05   0.000       0.000       0.000       0.000       0.000                           -0.7637E-06 -0.7637E-06   0.000    
  28080000.0   10.26197029   10.3710   0.000       0.000      0.1091E-02 -0.1011E-05 -0.4449E-01 -0.4387E-01  0.8727E-01   0.000       0.000       0.000       0.8684E-05   0.000       0.000       0.000       0.000       0.000                           -0.1011E-05 -0.1011E-05   0.000    
  28166400.0   10.26635681   10.3763   0.000       0.000      0.1100E-02 -0.3808E-06 -0.4519E-01 -0.4456E-01  0.8866E-01   0.000       0.000       0.000       0.3233E-05   0.000       0.000       0.000       0.000       0.000                           -0.3808E-06 -0.3808E-06   0.000    
  28252800.0   10.26136309   10.3677   0.000       0.000      0.1063E-02  0.4335E-06 -0.4400E-01 -0.4337E-01  0.8631E-01   0.000       0.000       0.000      -0.3682E-05   0.000       0.000       0.000       0.000       0.000                            0.4335E-06  0.4335E-06   0.000    
  28339200.0   10.25566037   10.3590   0.000       0.000      0.1034E-02  0.4950E-06 -0.4276E-01 -0.4213E-01  0.8384E-01   0.000       0.000       0.000      -0.4237E-05   0.000       0.000       0.000       0.000       0.000                            0.4950E-06  0.4950E-06   0.000    
  28425600.0   10.25025988   10.3513   0.000       0.000      0.1010E-02  0.4688E-06 -0.4166E-01 -0.4102E-01  0.8166E-01   0.000       0.000       0.000      -0.4044E-05   0.000       0.000       0.000       0.000       0.000                            0.4688E-06  0.4688E-06   0.000    
  28512000.0   10.24524961   10.3443   0.000       0.000      0.9908E-03  0.4349E-06 -0.4069E-01 -0.4006E-01  0.7975E-01   0.000       0.000       0.000      -0.3778E-05   0.000       0.000       0.000       0.000       0.000                            0.4349E-06  0.4349E-06   0.000    
  28598400.0   10.24062238   10.3380   0.000       0.000      0.9735E-03  0.4017E-06 -0.3983E-01 -0.3920E-01  0.7805E-01   0.000       0.000       0.000      -0.3511E-05   0.000       0.000       0.000       0.000       0.000                            0.4017E-06  0.4017E-06   0.000    
  28684800.0   10.23631027   10.3321   0.000       0.000      0.9581E-03  0.3743E-06 -0.3906E-01 -0.3842E-01  0.7652E-01   0.000       0.000       0.000      -0.3290E-05   0.000       0.000       0.000       0.000       0.000                            0.3743E-06  0.3743E-06   0.000    
  28771200.0   10.23225846   10.3267   0.000       0.000      0.9440E-03  0.3517E-06 -0.3835E-01 -0.3772E-01  0.7512E-01   0.000       0.000       0.000      -0.3107E-05   0.000       0.000       0.000       0.000       0.000                            0.3517E-06  0.3517E-06   0.000    
  28857600.0   10.22844241   10.3215   0.000       0.000      0.9311E-03  0.3313E-06 -0.3771E-01 -0.3707E-01  0.7384E-01   0.000       0.000       0.000      -0.2940E-05   0.000       0.000       0.000       0.000       0.000                            0.3313E-06  0.3313E-06   0.000    
  28944000.0   10.22478083   10.3167   0.000       0.000      0.9187E-03  0.3178E-06 -0.3710E-01 -0.3647E-01  0.7264E-01   0.000       0.000       0.000      -0.2833E-05   0.000       0.000       0.000       0.000       0.000                            0.3178E-06  0.3178E-06   0.000    
  29030400.0   10.22124146   10.3119   0.000       0.000      0.9069E-03  0.3072E-06 -0.3652E-01 -0.3589E-01  0.7150E-01   0.000       0.000       0.000      -0.2750E-05   0.000       0.000       0.000       0.000       0.000                            0.3072E-06  0.3072E-06   0.000    
  29116800.0   10.21787468   10.3075   0.000       0.000      0.8959E-03  0.2923E-06 -0.3598E-01 -0.3536E-01  0.7044E-01   0.000       0.000       0.000      -0.2626E-05   0.000       0.000       0.000       0.000       0.000                            0.2923E-06  0.2923E-06   0.000    
  29203200.0   10.21461467   10.3031   0.000       0.000      0.8851E-03  0.2830E-06 -0.3547E-01 -0.3484E-01  0.6942E-01   0.000       0.000       0.000      -0.2552E-05   0.000       0.000       0.000       0.000       0.000                            0.2830E-06  0.2830E-06   0.000    
  29289600.0   10.21152830   10.2990   0.000       0.000      0.8751E-03  0.2679E-06 -0.3499E-01 -0.3436E-01  0.6847E-01   0.000       0.000       0.000      -0.2424E-05   0.000       0.000       0.000       0.000       0.000                            0.2679E-06  0.2679E-06   0.000    
  29376000.0   10.20862182   10.2952   0.000       0.000      0.8658E-03  0.2523E-06 -0.3454E-01 -0.3392E-01  0.6759E-01   0.000       0.000       0.000      -0.2289E-05   0.000       0.000       0.000       0.000       0.000                            0.2523E-06  0.2523E-06   0.000    
  29462400.0   10.20585950   10.2916   0.000       0.000      0.8571E-03  0.2398E-06 -0.3413E-01 -0.3351E-01  0.6678E-01   0.000       0.000       0.000      -0.2182E-05   0.000       0.000       0.000       0.000       0.000                            0.2398E-06  0.2398E-06   0.000    
  29548800.0   10.20321836   10.2881   0.000       0.000      0.8487E-03  0.2293E-06 -0.3374E-01 -0.3312E-01  0.6601E-01   0.000       0.000       0.000      -0.2092E-05   0.000       0.000       0.000       0.000       0.000                            0.2293E-06  0.2293E-06   0.000    
  29635200.0   10.20067309   10.2847   0.000       0.000      0.8406E-03  0.2209E-06 -0.3336E-01 -0.3275E-01  0.6527E-01   0.000       0.000       0.000      -0.2021E-05   0.000       0.000       0.000       0.000       0.000                            0.2209E-06  0.2209E-06   0.000    
  29721600.0   10.19822755   10.2815   0.000       0.000      0.8328E-03  0.2123E-06 -0.3301E-01 -0.3240E-01  0.6457E-01   0.000       0.000       0.000      -0.1947E-05   0.000       0.000       0.000       0.000       0.000                            0.2123E-06  0.2123E-06   0.000    
  29808000.0   10.19583782   10.2784   0.000       0.000      0.8252E-03  0.2074E-06 -0.3266E-01 -0.3206E-01  0.6389E-01   0.000       0.000       0.000      -0.1907E-05   0.000       0.000       0.000       0.000       0.000                            0.2074E-06  0.2074E-06   0.000    
  29894400.0   10.19352369   10.2753   0.000       0.000      0.8178E-03  0.2009E-06 -0.3233E-01 -0.3173E-01  0.6324E-01   0.000       0.000       0.000      -0.1850E-05   0.000       0.000       0.000       0.000       0.000                            0.2009E-06  0.2009E-06   0.000    
  29980800.0   10.19128074   10.2723   0.000       0.000      0.8106E-03  0.1947E-06 -0.3201E-01 -0.3141E-01  0.6262E-01   0.000       0.000       0.000      -0.1797E-05   0.000       0.000       0.000       0.000       0.000                            0.1947E-06  0.1947E-06   0.000    
  30067200.0   10.18913807   10.2695   0.000       0.000      0.8038E-03  0.1860E-06 -0.3172E-01 -0.3112E-01  0.6203E-01   0.000       0.000       0.000      -0.1720E-05   0.000       0.000       0.000       0.000       0.000                            0.1860E-06  0.1860E-06   0.000    
  30153600.0   10.18707626   10.2668   0.000       0.000      0.7972E-03  0.1790E-06 -0.3143E-01 -0.3084E-01  0.6147E-01   0.000       0.000       0.000      -0.1658E-05   0.000       0.000       0.000       0.000       0.000                            0.1790E-06  0.1790E-06   0.000    
  30240000.0   10.18509123   10.2642   0.000       0.000      0.7909E-03  0.1723E-06 -0.3116E-01 -0.3057E-01  0.6093E-01   0.000       0.000       0.000      -0.1599E-05   0.000       0.000       0.000       0.000       0.000                            0.1723E-06  0.1723E-06   0.000    
  30326400.0   10.18316121   10.2616   0.000       0.000      0.7847E-03  0.1675E-06 -0.3089E-01 -0.3031E-01  0.6041E-01   0.000       0.000       0.000      -0.1558E-05   0.000       0.000       0.000       0.000       0.000                            0.1675E-06  0.1675E-06   0.000    
  30412800.0   10.18129038   10.2592   0.000       0.000      0.7787E-03  0.1624E-06 -0.3064E-01 -0.3006E-01  0.5992E-01   0.000       0.000       0.000      -0.1512E-05   0.000       0.000       0.000       0.000       0.000                            0.1624E-06  0.1624E-06   0.000    
  30499200.0   10.17948327   10.2568   0.000       0.000      0.7729E-03  0.1569E-06 -0.3040E-01 -0.2982E-01  0.5944E-01   0.000       0.000       0.000      -0.1463E-05   0.000       0.000       0.000       0.000       0.000                            0.1569E-06  0.1569E-06   0.000    
  30585600.0   10.17772967   10.2545   0.000       0.000      0.7673E-03  0.1522E-06 -0.3016E-01 -0.2959E-01  0.5898E-01   0.000       0.000       0.000      -0.1422E-05   0.000       0.000       0.000       0.000       0.000                            0.1522E-06  0.1522E-06   0.000    
  30672000.0   10.17603101   10.2522   0.000       0.000      0.7618E-03  0.1475E-06 -0.2994E-01 -0.2936E-01  0.5854E-01   0.000       0.000       0.000      -0.1379E-05   0.000       0.000       0.000       0.000       0.000                            0.1475E-06  0.1475E-06   0.000    
  30758400.0   10.17438305   10.2500   0.000       0.000      0.7565E-03  0.1431E-06 -0.2972E-01 -0.2915E-01  0.5811E-01   0.000       0.000       0.000      -0.1340E-05   0.000       0.000       0.000       0.000       0.000                            0.1431E-06  0.1431E-06   0.000    
  30844800.0   10.17278179   10.2479   0.000       0.000      0.7513E-03  0.1390E-06 -0.2951E-01 -0.2894E-01  0.5770E-01   0.000       0.000       0.000      -0.1304E-05   0.000       0.000       0.000       0.000       0.000                            0.1390E-06  0.1390E-06   0.000    
  30931200.0   10.17121925   10.2458   0.000       0.000      0.7462E-03  0.1356E-06 -0.2931E-01 -0.2874E-01  0.5730E-01   0.000       0.000       0.000      -0.1274E-05   0.000       0.000       0.000       0.000       0.000                            0.1356E-06  0.1356E-06   0.000    
  31017600.0   10.16969415   10.2438   0.000       0.000      0.7412E-03  0.1324E-06 -0.2911E-01 -0.2855E-01  0.5692E-01   0.000       0.000       0.000      -0.1245E-05   0.000       0.000       0.000       0.000       0.000                            0.1324E-06  0.1324E-06   0.000    
  31104000.0   10.16820937   10.2418   0.000       0.000      0.7364E-03  0.1289E-06 -0.2892E-01 -0.2836E-01  0.5654E-01   0.000       0.000       0.000      -0.1213E-05   0.000       0.000       0.000       0.000       0.000                            0.1289E-06  0.1289E-06   0.000    
  31190400.0   10.16676179   10.2399   0.000       0.000      0.7317E-03  0.1257E-06 -0.2873E-01 -0.2818E-01  0.5617E-01   0.000       0.000       0.000      -0.1184E-05   0.000       0.000       0.000       0.000       0.000                            0.1257E-06  0.1257E-06   0.000    
  31276800.0   10.16572209   10.2386   0.000       0.000      0.7289E-03  0.9025E-07 -0.2862E-01 -0.2807E-01  0.5596E-01   0.000       0.000       0.000      -0.8512E-06   0.000       0.000       0.000       0.000       0.000                            0.9025E-07  0.9025E-07   0.000    
  31363200.0   10.16427972   10.2366   0.000       0.000      0.7236E-03  0.1252E-06 -0.2843E-01 -0.2788E-01  0.5558E-01   0.000       0.000       0.000      -0.1182E-05   0.000       0.000       0.000       0.000       0.000                            0.1252E-06  0.1252E-06   0.000    
  31449600.0   10.16289349   10.2348   0.000       0.000      0.7190E-03  0.1203E-06 -0.2825E-01 -0.2770E-01  0.5522E-01   0.000       0.000       0.000      -0.1137E-05   0.000       0.000       0.000       0.000       0.000                            0.1203E-06  0.1203E-06   0.000    
  31536000.0   10.16155266   10.2330   0.000       0.000      0.7145E-03  0.1164E-06 -0.2807E-01 -0.2753E-01  0.5489E-01   0.000       0.000       0.000      -0.1101E-05   0.000       0.000       0.000       0.000       0.000                            0.1164E-06  0.1164E-06   0.000    
  31622400.0   10.16006508   10.2310   0.000       0.000      0.7093E-03  0.1291E-06 -0.2787E-01 -0.2733E-01  0.5449E-01   0.000       0.000       0.000      -0.1223E-05   0.000       0.000       0.000       0.000       0.000                            0.1291E-06  0.1291E-06   0.000    
