   TOTIM (T)          HCON      HMAT     QDIR      QWELL        QMAT QCADS<->CON       QTUB1       QTUB2       QTUB3       QTUB4       QTUB5       QTUB6       NSTOR        QFIX        QLH     FHLQ (LQ)      CAUCHY CAUCHY (LQ) BREAK-DOWN CADS FLOW  QCADS<->CON    Q_CDSSTO    Q_CDSRCH
     86400.0   10.07690718   10.0914   0.000       0.000      0.1446E-03   0.000     -0.2895      0.2893       0.000       0.000       0.000       0.000        0.000       0.000       0.000       0.000       0.000       0.000                             0.000       0.000       0.000    
    172800.0   10.07418551   10.0839   0.000       0.000      0.9740E-04  0.1575E-06 -0.2831      0.2830       0.000       0.000       0.000       0.000      -0.1557E-05   0.000       0.000       0.000       0.000       0.000                            0.1575E-06  0.1575E-06   0.000    
    259200.0   10.07457999   10.0869   0.000       0.000      0.1232E-03 -0.2283E-07 -0.2840      0.2839       0.000       0.000       0.000       0.000       0.2257E-06   0.000       0.000       0.000       0.000       0.000                           -0.2283E-07 -0.2283E-07   0.000    
    345600.0   10.07450689   10.0871   0.000       0.000      0.1255E-03  0.4230E-08 -0.2839      0.2837       0.000       0.000       0.000       0.000      -0.4183E-07   0.000       0.000       0.000       0.000       0.000                            0.4230E-08  0.4230E-08   0.000    
    432000.0   10.07645081   10.0927   0.000       0.000      0.1622E-03 -0.1125E-06 -0.2884      0.2883       0.000       0.000       0.000       0.000       0.1112E-05   0.000       0.000       0.000       0.000       0.000                           -0.1125E-06 -0.1125E-06   0.000    
    518400.0   10.07737018   10.0940   0.000       0.000      0.1665E-03 -0.5320E-07 -0.2906      0.2904       0.000       0.000       0.000       0.000       0.5257E-06   0.000       0.000       0.000       0.000       0.000                           -0.5320E-07 -0.5320E-07   0.000    
    604800.0   10.07747099   10.0933   0.000       0.000      0.1586E-03 -0.5833E-08 -0.2908      0.2906       0.000       0.000       0.000       0.000       0.5763E-07   0.000       0.000       0.000       0.000       0.000                           -0.5833E-08 -0.5833E-08   0.000    
    691200.0   10.08012849   10.1001   0.000       0.000      0.2001E-03 -0.1538E-06 -0.2970      0.2968       0.000       0.000       0.000       0.000       0.1519E-05   0.000       0.000       0.000       0.000       0.000                           -0.1538E-06 -0.1538E-06   0.000    
    777600.0   10.08728089   10.1175   0.000       0.000      0.3024E-03 -0.4139E-06 -0.3134      0.3131       0.000       0.000       0.000       0.000       0.4081E-05   0.000       0.000       0.000       0.000       0.000                           -0.4139E-06 -0.4139E-06   0.000    
    864000.0   10.09721441   10.1387   0.000       0.000      0.4149E-03 -0.5749E-06 -0.3358      0.3354       0.000       0.000       0.000       0.000       0.5650E-05   0.000       0.000       0.000       0.000       0.000                           -0.5749E-06 -0.5749E-06   0.000    
    950400.0   10.10004736   10.1375   0.000       0.000      0.3749E-03 -0.1639E-06 -0.3421      0.3417       0.000       0.000       0.000       0.000       0.1607E-05   0.000       0.000       0.000       0.000       0.000                           -0.1639E-06 -0.1639E-06   0.000    
   1036800.0   10.11015375   10.1595   0.000       0.000      0.4930E-03 -0.5849E-06 -0.3644      0.3639       0.000       0.000       0.000       0.000       0.5718E-05   0.000       0.000       0.000       0.000       0.000                           -0.5849E-06 -0.5849E-06   0.000    
   1123200.0   10.12858450   10.2000   0.000       0.000      0.7140E-03 -0.1067E-05 -0.4045      0.4038       0.000       0.000       0.000       0.000       0.1036E-04   0.000       0.000       0.000       0.000       0.000                           -0.1067E-05 -0.1067E-05   0.000    
   1209600.0   10.12138457   10.1638   0.000       0.000      0.4238E-03  0.4167E-06 -0.3889      0.3885       0.000       0.000       0.000       0.000      -0.4034E-05   0.000       0.000       0.000       0.000       0.000                            0.4167E-06  0.4167E-06   0.000    
   1296000.0   10.11616921   10.1476   0.000       0.000      0.3146E-03  0.3018E-06 -0.3776      0.3773       0.000       0.000       0.000       0.000      -0.2932E-05   0.000       0.000       0.000       0.000       0.000                            0.3018E-06  0.3018E-06   0.000    
   1382400.0   10.11218964   10.1381   0.000       0.000      0.2592E-03  0.2303E-06 -0.3689      0.3686       0.000       0.000       0.000       0.000      -0.2242E-05   0.000       0.000       0.000       0.000       0.000                            0.2303E-06  0.2303E-06   0.000    
   1468800.0   10.10890064   10.1312   0.000       0.000      0.2234E-03  0.1903E-06 -0.3617      0.3614       0.000       0.000       0.000       0.000      -0.1856E-05   0.000       0.000       0.000       0.000       0.000                            0.1903E-06  0.1903E-06   0.000    
   1555200.0   10.10570645   10.1249   0.000       0.000      0.1922E-03  0.1848E-06 -0.3546      0.3544       0.000       0.000       0.000       0.000      -0.1805E-05   0.000       0.000       0.000       0.000       0.000                            0.1848E-06  0.1848E-06   0.000    
   1641600.0   10.10271250   10.1195   0.000       0.000      0.1678E-03  0.1733E-06 -0.3480      0.3478       0.000       0.000       0.000       0.000      -0.1695E-05   0.000       0.000       0.000       0.000       0.000                            0.1733E-06  0.1733E-06   0.000    
   1728000.0   10.10038711   10.1160   0.000       0.000      0.1562E-03  0.1346E-06 -0.3429      0.3427       0.000       0.000       0.000       0.000      -0.1318E-05   0.000       0.000       0.000       0.000       0.000                            0.1346E-06  0.1346E-06   0.000    
   1814400.0   10.09845725   10.1133   0.000       0.000      0.1486E-03  0.1117E-06 -0.3386      0.3384       0.000       0.000       0.000       0.000      -0.1095E-05   0.000       0.000       0.000       0.000       0.000                            0.1117E-06  0.1117E-06   0.000    
   1900800.0   10.09618567   10.1095   0.000       0.000      0.1331E-03  0.1315E-06 -0.3335      0.3333       0.000       0.000       0.000       0.000      -0.1289E-05   0.000       0.000       0.000       0.000       0.000                            0.1315E-06  0.1315E-06   0.000    
   1987200.0   10.09424529   10.1067   0.000       0.000      0.1245E-03  0.1123E-06 -0.3291      0.3290       0.000       0.000       0.000       0.000      -0.1102E-05   0.000       0.000       0.000       0.000       0.000                            0.1123E-06  0.1123E-06   0.000    
   2073600.0   10.09275734   10.1050   0.000       0.000      0.1229E-03  0.8611E-07 -0.3258      0.3257       0.000       0.000       0.000       0.000      -0.8459E-06   0.000       0.000       0.000       0.000       0.000                            0.8611E-07  0.8611E-07   0.000    
   2160000.0   10.09087745   10.1020   0.000       0.000      0.1114E-03  0.1088E-06 -0.3215      0.3214       0.000       0.000       0.000       0.000      -0.1069E-05   0.000       0.000       0.000       0.000       0.000                            0.1088E-06  0.1088E-06   0.000    
   2246400.0   10.08907712   10.0994   0.000       0.000      0.1029E-03  0.1042E-06 -0.3175      0.3174       0.000       0.000       0.000       0.000      -0.1025E-05   0.000       0.000       0.000       0.000       0.000                            0.1042E-06  0.1042E-06   0.000    
   2332800.0   10.08733628   10.0969   0.000       0.000      0.9589E-04  0.1007E-06 -0.3135      0.3134       0.000       0.000       0.000       0.000      -0.9916E-06   0.000       0.000       0.000       0.000       0.000                            0.1007E-06  0.1007E-06   0.000    
   2419200.0   10.08568693   10.0947   0.000       0.000      0.8984E-04  0.9545E-07 -0.3098      0.3097       0.000       0.000       0.000       0.000      -0.9401E-06   0.000       0.000       0.000       0.000       0.000                            0.9545E-07  0.9545E-07   0.000    
   2505600.0   10.08531030   10.0959   0.000       0.000      0.1055E-03  0.2180E-07 -0.3089      0.3088       0.000       0.000       0.000       0.000      -0.2147E-06   0.000       0.000       0.000       0.000       0.000                            0.2180E-07  0.2180E-07   0.000    
   2592000.0   10.08430752   10.0944   0.000       0.000      0.1012E-03  0.5803E-07 -0.3066      0.3065       0.000       0.000       0.000       0.000      -0.5719E-06   0.000       0.000       0.000       0.000       0.000                            0.5803E-07  0.5803E-07   0.000    
   2678400.0   10.08773268   10.1052   0.000       0.000      0.1747E-03 -0.1982E-06 -0.3144      0.3142       0.000       0.000       0.000       0.000       0.1953E-05   0.000       0.000       0.000       0.000       0.000                           -0.1982E-06 -0.1982E-06   0.000    
   2764800.0   10.09916143   10.1346   0.000       0.000      0.3546E-03 -0.6614E-06 -0.3401      0.3398       0.000       0.000       0.000       0.000       0.6497E-05   0.000       0.000       0.000       0.000       0.000                           -0.6614E-06 -0.6614E-06   0.000    
   2851200.0   10.12550301   10.1979   0.000       0.000      0.7240E-03 -0.1524E-05 -0.3979      0.3971       0.000       0.000       0.000       0.000       0.1485E-04   0.000       0.000       0.000       0.000       0.000                           -0.1524E-05 -0.1524E-05   0.000    
   2937600.0   10.11557582   10.1503   0.000       0.000      0.3471E-03  0.5745E-06 -0.3763      0.3759       0.000       0.000       0.000       0.000      -0.5575E-05   0.000       0.000       0.000       0.000       0.000                            0.5745E-06  0.5745E-06   0.000    
   3024000.0   10.11485245   10.1474   0.000       0.000      0.3256E-03  0.4186E-07 -0.3747      0.3744       0.000       0.000       0.000       0.000      -0.4074E-06   0.000       0.000       0.000       0.000       0.000                            0.4186E-07  0.4186E-07   0.000    
   3110400.0   10.11397432   10.1437   0.000       0.000      0.2976E-03  0.5082E-07 -0.3728      0.3725       0.000       0.000       0.000       0.000      -0.4947E-06   0.000       0.000       0.000       0.000       0.000                            0.5082E-07  0.5082E-07   0.000    
   3196800.0   10.11140748   10.1361   0.000       0.000      0.2471E-03  0.1485E-06 -0.3672      0.3669       0.000       0.000       0.000       0.000      -0.1447E-05   0.000       0.000       0.000       0.000       0.000                            0.1485E-06  0.1485E-06   0.000    
   3283200.0   10.10845875   10.1290   0.000       0.000      0.2051E-03  0.1706E-06 -0.3607      0.3605       0.000       0.000       0.000       0.000      -0.1665E-05   0.000       0.000       0.000       0.000       0.000                            0.1706E-06  0.1706E-06   0.000    
   3369600.0   10.10900432   10.1323   0.000       0.000      0.2332E-03 -0.3157E-07 -0.3619      0.3617       0.000       0.000       0.000       0.000       0.3082E-06   0.000       0.000       0.000       0.000       0.000                           -0.3157E-07 -0.3157E-07   0.000    
   3456000.0   10.11105679   10.1380   0.000       0.000      0.2691E-03 -0.1188E-06 -0.3664      0.3661       0.000       0.000       0.000       0.000       0.1159E-05   0.000       0.000       0.000       0.000       0.000                           -0.1188E-06 -0.1188E-06   0.000    
   3542400.0   10.11402870   10.1445   0.000       0.000      0.3045E-03 -0.1720E-06 -0.3729      0.3726       0.000       0.000       0.000       0.000       0.1676E-05   0.000       0.000       0.000       0.000       0.000                           -0.1720E-06 -0.1720E-06   0.000    
   3628800.0   10.11446108   10.1430   0.000       0.000      0.2856E-03 -0.2502E-07 -0.3739      0.3736       0.000       0.000       0.000       0.000       0.2436E-06   0.000       0.000       0.000       0.000       0.000                           -0.2502E-07 -0.2502E-07   0.000    
   3715200.0   10.11202781   10.1350   0.000       0.000      0.2295E-03  0.1408E-06 -0.3685      0.3683       0.000       0.000       0.000       0.000      -0.1372E-05   0.000       0.000       0.000       0.000       0.000                            0.1408E-06  0.1408E-06   0.000    
   3801600.0   10.11242309   10.1369   0.000       0.000      0.2446E-03 -0.2288E-07 -0.3694      0.3692       0.000       0.000       0.000       0.000       0.2229E-06   0.000       0.000       0.000       0.000       0.000                           -0.2288E-07 -0.2288E-07   0.000    
   3888000.0   10.11408164   10.1411   0.000       0.000      0.2706E-03 -0.9598E-07 -0.3730      0.3728       0.000       0.000       0.000       0.000       0.9349E-06   0.000       0.000       0.000       0.000       0.000                           -0.9598E-07 -0.9598E-07   0.000    
   3974400.0   10.11787505   10.1501   0.000       0.000      0.3219E-03 -0.2195E-06 -0.3813      0.3810       0.000       0.000       0.000       0.000       0.2135E-05   0.000       0.000       0.000       0.000       0.000                           -0.2195E-06 -0.2195E-06   0.000    
   4060800.0   10.12030873   10.1535   0.000       0.000      0.3321E-03 -0.1408E-06 -0.3866      0.3863       0.000       0.000       0.000       0.000       0.1368E-05   0.000       0.000       0.000       0.000       0.000                           -0.1408E-06 -0.1408E-06   0.000    
   4147200.0   10.11749852   10.1428   0.000       0.000      0.2531E-03  0.1626E-06 -0.3805      0.3802       0.000       0.000       0.000       0.000      -0.1580E-05   0.000       0.000       0.000       0.000       0.000                            0.1626E-06  0.1626E-06   0.000    
   4233600.0   10.11438118   10.1349   0.000       0.000      0.2051E-03  0.1804E-06 -0.3737      0.3735       0.000       0.000       0.000       0.000      -0.1755E-05   0.000       0.000       0.000       0.000       0.000                            0.1804E-06  0.1804E-06   0.000    
   4320000.0   10.11226859   10.1310   0.000       0.000      0.1875E-03  0.1223E-06 -0.3691      0.3689       0.000       0.000       0.000       0.000      -0.1191E-05   0.000       0.000       0.000       0.000       0.000                            0.1223E-06  0.1223E-06   0.000    
   4406400.0   10.11012806   10.1271   0.000       0.000      0.1700E-03  0.1239E-06 -0.3644      0.3642       0.000       0.000       0.000       0.000      -0.1208E-05   0.000       0.000       0.000       0.000       0.000                            0.1239E-06  0.1239E-06   0.000    
   4492800.0   10.10862432   10.1251   0.000       0.000      0.1649E-03  0.8702E-07 -0.3611      0.3609       0.000       0.000       0.000       0.000      -0.8491E-06   0.000       0.000       0.000       0.000       0.000                            0.8702E-07  0.8702E-07   0.000    
   4579200.0   10.10655581   10.1213   0.000       0.000      0.1473E-03  0.1197E-06 -0.3565      0.3564       0.000       0.000       0.000       0.000      -0.1169E-05   0.000       0.000       0.000       0.000       0.000                            0.1197E-06  0.1197E-06   0.000    
   4665600.0   10.10443255   10.1177   0.000       0.000      0.1326E-03  0.1229E-06 -0.3518      0.3517       0.000       0.000       0.000       0.000      -0.1201E-05   0.000       0.000       0.000       0.000       0.000                            0.1229E-06  0.1229E-06   0.000    
   4752000.0   10.10895830   10.1323   0.000       0.000      0.2335E-03 -0.2619E-06 -0.3618      0.3616       0.000       0.000       0.000       0.000       0.2559E-05   0.000       0.000       0.000       0.000       0.000                           -0.2619E-06 -0.2619E-06   0.000    
   4838400.0   10.11423395   10.1446   0.000       0.000      0.3036E-03 -0.3053E-06 -0.3734      0.3731       0.000       0.000       0.000       0.000       0.2976E-05   0.000       0.000       0.000       0.000       0.000                           -0.3053E-06 -0.3053E-06   0.000    
   4924800.0   10.11940927   10.1546   0.000       0.000      0.3521E-03 -0.2995E-06 -0.3846      0.3843       0.000       0.000       0.000       0.000       0.2912E-05   0.000       0.000       0.000       0.000       0.000                           -0.2995E-06 -0.2995E-06   0.000    
   5011200.0   10.12184092   10.1562   0.000       0.000      0.3434E-03 -0.1407E-06 -0.3899      0.3896       0.000       0.000       0.000       0.000       0.1366E-05   0.000       0.000       0.000       0.000       0.000                           -0.1407E-06 -0.1407E-06   0.000    
   5097600.0   10.11859300   10.1437   0.000       0.000      0.2512E-03  0.1880E-06 -0.3829      0.3826       0.000       0.000       0.000       0.000      -0.1824E-05   0.000       0.000       0.000       0.000       0.000                            0.1880E-06  0.1880E-06   0.000    
   5184000.0   10.11543262   10.1355   0.000       0.000      0.2008E-03  0.1829E-06 -0.3760      0.3758       0.000       0.000       0.000       0.000      -0.1778E-05   0.000       0.000       0.000       0.000       0.000                            0.1829E-06  0.1829E-06   0.000    
   5270400.0   10.11309602   10.1311   0.000       0.000      0.1798E-03  0.1352E-06 -0.3709      0.3707       0.000       0.000       0.000       0.000      -0.1316E-05   0.000       0.000       0.000       0.000       0.000                            0.1352E-06  0.1352E-06   0.000    
   5356800.0   10.11069284   10.1265   0.000       0.000      0.1579E-03  0.1391E-06 -0.3656      0.3655       0.000       0.000       0.000       0.000      -0.1355E-05   0.000       0.000       0.000       0.000       0.000                            0.1391E-06  0.1391E-06   0.000    
   5443200.0   10.11265167   10.1341   0.000       0.000      0.2145E-03 -0.1134E-06 -0.3699      0.3697       0.000       0.000       0.000       0.000       0.1105E-05   0.000       0.000       0.000       0.000       0.000                           -0.1134E-06 -0.1134E-06   0.000    
   5529600.0   10.11447696   10.1386   0.000       0.000      0.2413E-03 -0.1056E-06 -0.3739      0.3737       0.000       0.000       0.000       0.000       0.1029E-05   0.000       0.000       0.000       0.000       0.000                           -0.1056E-06 -0.1056E-06   0.000    
   5616000.0   10.11617146   10.1419   0.000       0.000      0.2572E-03 -0.9806E-07 -0.3776      0.3773       0.000       0.000       0.000       0.000       0.9542E-06   0.000       0.000       0.000       0.000       0.000                           -0.9806E-07 -0.9806E-07   0.000    
   5702400.0   10.11696926   10.1425   0.000       0.000      0.2550E-03 -0.4617E-07 -0.3793      0.3791       0.000       0.000       0.000       0.000       0.4490E-06   0.000       0.000       0.000       0.000       0.000                           -0.4617E-07 -0.4617E-07   0.000    
   5788800.0   10.11584911   10.1382   0.000       0.000      0.2238E-03  0.6482E-07 -0.3769      0.3767       0.000       0.000       0.000       0.000      -0.6304E-06   0.000       0.000       0.000       0.000       0.000                            0.6482E-07  0.6482E-07   0.000    
   5875200.0   10.11580819   10.1383   0.000       0.000      0.2250E-03  0.2368E-08 -0.3768      0.3766       0.000       0.000       0.000       0.000      -0.2304E-07   0.000       0.000       0.000       0.000       0.000                            0.2368E-08  0.2368E-08   0.000    
   5961600.0   10.11502847   10.1361   0.000       0.000      0.2109E-03  0.4512E-07 -0.3751      0.3749       0.000       0.000       0.000       0.000      -0.4390E-06   0.000       0.000       0.000       0.000       0.000                            0.4512E-07  0.4512E-07   0.000    
   6048000.0   10.11309770   10.1313   0.000       0.000      0.1821E-03  0.1117E-06 -0.3709      0.3707       0.000       0.000       0.000       0.000      -0.1088E-05   0.000       0.000       0.000       0.000       0.000                            0.1117E-06  0.1117E-06   0.000    
   6134400.0   10.11091255   10.1267   0.000       0.000      0.1577E-03  0.1265E-06 -0.3661      0.3659       0.000       0.000       0.000       0.000      -0.1232E-05   0.000       0.000       0.000       0.000       0.000                            0.1265E-06  0.1265E-06   0.000    
   6220800.0   10.10866225   10.1226   0.000       0.000      0.1390E-03  0.1302E-06 -0.3612      0.3610       0.000       0.000       0.000       0.000      -0.1270E-05   0.000       0.000       0.000       0.000       0.000                            0.1302E-06  0.1302E-06   0.000    
   6307200.0   10.10651651   10.1189   0.000       0.000      0.1243E-03  0.1242E-06 -0.3564      0.3563       0.000       0.000       0.000       0.000      -0.1213E-05   0.000       0.000       0.000       0.000       0.000                            0.1242E-06  0.1242E-06   0.000    
   6393600.0   10.10443498   10.1157   0.000       0.000      0.1129E-03  0.1205E-06 -0.3518      0.3517       0.000       0.000       0.000       0.000      -0.1177E-05   0.000       0.000       0.000       0.000       0.000                            0.1205E-06  0.1205E-06   0.000    
   6480000.0   10.10248249   10.1128   0.000       0.000      0.1035E-03  0.1130E-06 -0.3475      0.3474       0.000       0.000       0.000       0.000      -0.1105E-05   0.000       0.000       0.000       0.000       0.000                            0.1130E-06  0.1130E-06   0.000    
   6566400.0   10.10056891   10.1101   0.000       0.000      0.9551E-04  0.1107E-06 -0.3433      0.3432       0.000       0.000       0.000       0.000      -0.1084E-05   0.000       0.000       0.000       0.000       0.000                            0.1107E-06  0.1107E-06   0.000    
   6652800.0   10.09875330   10.1076   0.000       0.000      0.8838E-04  0.1051E-06 -0.3392      0.3391       0.000       0.000       0.000       0.000      -0.1030E-05   0.000       0.000       0.000       0.000       0.000                            0.1051E-06  0.1051E-06   0.000    
   6739200.0   10.09699665   10.1053   0.000       0.000      0.8275E-04  0.1017E-06 -0.3353      0.3352       0.000       0.000       0.000       0.000      -0.9969E-06   0.000       0.000       0.000       0.000       0.000                            0.1017E-06  0.1017E-06   0.000    
   6825600.0   10.09529190   10.1030   0.000       0.000      0.7680E-04  0.9865E-07 -0.3315      0.3314       0.000       0.000       0.000       0.000      -0.9681E-06   0.000       0.000       0.000       0.000       0.000                            0.9865E-07  0.9865E-07   0.000    
   6912000.0   10.09357960   10.1007   0.000       0.000      0.7128E-04  0.9909E-07 -0.3276      0.3276       0.000       0.000       0.000       0.000      -0.9731E-06   0.000       0.000       0.000       0.000       0.000                            0.9909E-07  0.9909E-07   0.000    
   6998400.0   10.09196475   10.0986   0.000       0.000      0.6652E-04  0.9345E-07 -0.3240      0.3239       0.000       0.000       0.000       0.000      -0.9183E-06   0.000       0.000       0.000       0.000       0.000                            0.9345E-07  0.9345E-07   0.000    
   7084800.0   10.09041968   10.0967   0.000       0.000      0.6296E-04  0.8941E-07 -0.3205      0.3204       0.000       0.000       0.000       0.000      -0.8791E-06   0.000       0.000       0.000       0.000       0.000                            0.8941E-07  0.8941E-07   0.000    
   7171200.0   10.08894433   10.0949   0.000       0.000      0.5989E-04  0.8538E-07 -0.3172      0.3171       0.000       0.000       0.000       0.000      -0.8399E-06   0.000       0.000       0.000       0.000       0.000                            0.8538E-07  0.8538E-07   0.000    
   7257600.0   10.08751775   10.0932   0.000       0.000      0.5688E-04  0.8256E-07 -0.3139      0.3139       0.000       0.000       0.000       0.000      -0.8126E-06   0.000       0.000       0.000       0.000       0.000                            0.8256E-07  0.8256E-07   0.000    
   7344000.0   10.08614832   10.0916   0.000       0.000      0.5453E-04  0.7925E-07 -0.3108      0.3107       0.000       0.000       0.000       0.000      -0.7805E-06   0.000       0.000       0.000       0.000       0.000                            0.7925E-07  0.7925E-07   0.000    
   7430400.0   10.08499645   10.0905   0.000       0.000      0.5499E-04  0.6666E-07 -0.3082      0.3081       0.000       0.000       0.000       0.000      -0.6568E-06   0.000       0.000       0.000       0.000       0.000                            0.6666E-07  0.6666E-07   0.000    
   7516800.0   10.08382223   10.0892   0.000       0.000      0.5368E-04  0.6795E-07 -0.3055      0.3054       0.000       0.000       0.000       0.000      -0.6698E-06   0.000       0.000       0.000       0.000       0.000                            0.6795E-07  0.6795E-07   0.000    
   7603200.0   10.08258548   10.0876   0.000       0.000      0.5045E-04  0.7157E-07 -0.3026      0.3026       0.000       0.000       0.000       0.000      -0.7057E-06   0.000       0.000       0.000       0.000       0.000                            0.7157E-07  0.7157E-07   0.000    
   7689600.0   10.08138947   10.0862   0.000       0.000      0.4845E-04  0.6921E-07 -0.2999      0.2998       0.000       0.000       0.000       0.000      -0.6828E-06   0.000       0.000       0.000       0.000       0.000                            0.6921E-07  0.6921E-07   0.000    
   7776000.0   10.08034006   10.0852   0.000       0.000      0.4823E-04  0.6073E-07 -0.2975      0.2974       0.000       0.000       0.000       0.000      -0.5993E-06   0.000       0.000       0.000       0.000       0.000                            0.6073E-07  0.6073E-07   0.000    
   7862400.0   10.07922578   10.0838   0.000       0.000      0.4619E-04  0.6448E-07 -0.2949      0.2948       0.000       0.000       0.000       0.000      -0.6366E-06   0.000       0.000       0.000       0.000       0.000                            0.6448E-07  0.6448E-07   0.000    
   7948800.0   10.07817406   10.0827   0.000       0.000      0.4478E-04  0.6086E-07 -0.2924      0.2924       0.000       0.000       0.000       0.000      -0.6010E-06   0.000       0.000       0.000       0.000       0.000                            0.6086E-07  0.6086E-07   0.000    
   8035200.0   10.07714188   10.0815   0.000       0.000      0.4368E-04  0.5973E-07 -0.2900      0.2900       0.000       0.000       0.000       0.000      -0.5901E-06   0.000       0.000       0.000       0.000       0.000                            0.5973E-07  0.5973E-07   0.000    
   8121600.0   10.07616291   10.0804   0.000       0.000      0.4263E-04  0.5665E-07 -0.2878      0.2877       0.000       0.000       0.000       0.000      -0.5598E-06   0.000       0.000       0.000       0.000       0.000                            0.5665E-07  0.5665E-07   0.000    
   8208000.0   10.07519470   10.0794   0.000       0.000      0.4175E-04  0.5603E-07 -0.2855      0.2854       0.000       0.000       0.000       0.000      -0.5538E-06   0.000       0.000       0.000       0.000       0.000                            0.5603E-07  0.5603E-07   0.000    
   8294400.0   10.07427522   10.0784   0.000       0.000      0.4085E-04  0.5321E-07 -0.2833      0.2833       0.000       0.000       0.000       0.000      -0.5261E-06   0.000       0.000       0.000       0.000       0.000                            0.5321E-07  0.5321E-07   0.000    
   8380800.0   10.08191300   10.1008   0.000       0.000      0.1884E-03 -0.4420E-06 -0.3011      0.3009       0.000       0.000       0.000       0.000       0.4366E-05   0.000       0.000       0.000       0.000       0.000                           -0.4420E-06 -0.4420E-06   0.000    
   8467200.0   10.08209304   10.0968   0.000       0.000      0.1467E-03 -0.1042E-07 -0.3015      0.3014       0.000       0.000       0.000       0.000       0.1028E-06   0.000       0.000       0.000       0.000       0.000                           -0.1042E-07 -0.1042E-07   0.000    
   8553600.0   10.08193312   10.0950   0.000       0.000      0.1307E-03  0.9255E-08 -0.3011      0.3010       0.000       0.000       0.000       0.000      -0.9129E-07   0.000       0.000       0.000       0.000       0.000                            0.9255E-08  0.9255E-08   0.000    
   8640000.0   10.08121092   10.0926   0.000       0.000      0.1142E-03  0.4179E-07 -0.2995      0.2994       0.000       0.000       0.000       0.000      -0.4123E-06   0.000       0.000       0.000       0.000       0.000                            0.4179E-07  0.4179E-07   0.000    
   8726400.0   10.08030778   10.0904   0.000       0.000      0.1014E-03  0.5227E-07 -0.2974      0.2973       0.000       0.000       0.000       0.000      -0.5158E-06   0.000       0.000       0.000       0.000       0.000                            0.5227E-07  0.5227E-07   0.000    
   8812800.0   10.07933390   10.0885   0.000       0.000      0.9162E-04  0.5636E-07 -0.2951      0.2950       0.000       0.000       0.000       0.000      -0.5564E-06   0.000       0.000       0.000       0.000       0.000                            0.5636E-07  0.5636E-07   0.000    
   8899200.0   10.07812920   10.0861   0.000       0.000      0.8019E-04  0.6972E-07 -0.2923      0.2923       0.000       0.000       0.000       0.000      -0.6885E-06   0.000       0.000       0.000       0.000       0.000                            0.6972E-07  0.6972E-07   0.000    
   8985600.0   10.07802201   10.0871   0.000       0.000      0.9064E-04  0.6203E-08 -0.2921      0.2920       0.000       0.000       0.000       0.000      -0.6127E-07   0.000       0.000       0.000       0.000       0.000                            0.6203E-08  0.6203E-08   0.000    
   9072000.0   10.07950893   10.0918   0.000       0.000      0.1227E-03 -0.8605E-07 -0.2955      0.2954       0.000       0.000       0.000       0.000       0.8497E-06   0.000       0.000       0.000       0.000       0.000                           -0.8605E-07 -0.8605E-07   0.000    
   9158400.0   10.07894258   10.0896   0.000       0.000      0.1063E-03  0.3277E-07 -0.2942      0.2941       0.000       0.000       0.000       0.000      -0.3236E-06   0.000       0.000       0.000       0.000       0.000                            0.3277E-07  0.3277E-07   0.000    
   9244800.0   10.08338177   10.1020   0.000       0.000      0.1858E-03 -0.2569E-06 -0.3045      0.3043       0.000       0.000       0.000       0.000       0.2535E-05   0.000       0.000       0.000       0.000       0.000                           -0.2569E-06 -0.2569E-06   0.000    
   9331200.0   10.09373675   10.1272   0.000       0.000      0.3345E-03 -0.5992E-06 -0.3280      0.3277       0.000       0.000       0.000       0.000       0.5898E-05   0.000       0.000       0.000       0.000       0.000                           -0.5992E-06 -0.5992E-06   0.000    
   9417600.0   10.11814548   10.1852   0.000       0.000      0.6708E-03 -0.1413E-05 -0.3819      0.3812       0.000       0.000       0.000       0.000       0.1380E-04   0.000       0.000       0.000       0.000       0.000                           -0.1413E-05 -0.1413E-05   0.000    
   9504000.0   10.13230196   10.2044   0.000       0.000      0.7210E-03 -0.8192E-06 -0.4125      0.4118       0.000       0.000       0.000       0.000       0.7931E-05   0.000       0.000       0.000       0.000       0.000                           -0.8192E-06 -0.8192E-06   0.000    
   9590400.0   10.12376571   10.1641   0.000       0.000      0.4033E-03  0.4940E-06 -0.3941      0.3937       0.000       0.000       0.000       0.000      -0.4775E-05   0.000       0.000       0.000       0.000       0.000                            0.4940E-06  0.4940E-06   0.000    
   9676800.0   10.11738572   10.1451   0.000       0.000      0.2772E-03  0.3692E-06 -0.3802      0.3800       0.000       0.000       0.000       0.000      -0.3583E-05   0.000       0.000       0.000       0.000       0.000                            0.3692E-06  0.3692E-06   0.000    
   9763200.0   10.11222479   10.1331   0.000       0.000      0.2085E-03  0.2987E-06 -0.3690      0.3688       0.000       0.000       0.000       0.000      -0.2907E-05   0.000       0.000       0.000       0.000       0.000                            0.2987E-06  0.2987E-06   0.000    
   9849600.0   10.10803343   10.1248   0.000       0.000      0.1676E-03  0.2426E-06 -0.3598      0.3596       0.000       0.000       0.000       0.000      -0.2366E-05   0.000       0.000       0.000       0.000       0.000                            0.2426E-06  0.2426E-06   0.000    
   9936000.0   10.11126911   10.1370   0.000       0.000      0.2568E-03 -0.1873E-06 -0.3669      0.3666       0.000       0.000       0.000       0.000       0.1827E-05   0.000       0.000       0.000       0.000       0.000                           -0.1873E-06 -0.1873E-06   0.000    
  10022400.0   10.11324420   10.1410   0.000       0.000      0.2774E-03 -0.1143E-06 -0.3712      0.3709       0.000       0.000       0.000       0.000       0.1114E-05   0.000       0.000       0.000       0.000       0.000                           -0.1143E-06 -0.1143E-06   0.000    
  10108800.0   10.11330441   10.1393   0.000       0.000      0.2601E-03 -0.3485E-08 -0.3713      0.3711       0.000       0.000       0.000       0.000       0.3394E-07   0.000       0.000       0.000       0.000       0.000                           -0.3485E-08 -0.3485E-08   0.000    
  10195200.0   10.11462520   10.1421   0.000       0.000      0.2743E-03 -0.7643E-07 -0.3742      0.3739       0.000       0.000       0.000       0.000       0.7442E-06   0.000       0.000       0.000       0.000       0.000                           -0.7643E-07 -0.7643E-07   0.000    
  10281600.0   10.11496820   10.1415   0.000       0.000      0.2654E-03 -0.1985E-07 -0.3750      0.3747       0.000       0.000       0.000       0.000       0.1932E-06   0.000       0.000       0.000       0.000       0.000                           -0.1985E-07 -0.1985E-07   0.000    
  10368000.0   10.11260141   10.1340   0.000       0.000      0.2142E-03  0.1370E-06 -0.3698      0.3696       0.000       0.000       0.000       0.000      -0.1334E-05   0.000       0.000       0.000       0.000       0.000                            0.1370E-06  0.1370E-06   0.000    
  10454400.0   10.10964141   10.1270   0.000       0.000      0.1739E-03  0.1713E-06 -0.3633      0.3631       0.000       0.000       0.000       0.000      -0.1670E-05   0.000       0.000       0.000       0.000       0.000                            0.1713E-06  0.1713E-06   0.000    
  10540800.0   10.10978317   10.1295   0.000       0.000      0.1974E-03 -0.8204E-08 -0.3636      0.3634       0.000       0.000       0.000       0.000       0.8004E-07   0.000       0.000       0.000       0.000       0.000                           -0.8204E-08 -0.8204E-08   0.000    
  10627200.0   10.11112511   10.1337   0.000       0.000      0.2254E-03 -0.7766E-07 -0.3666      0.3663       0.000       0.000       0.000       0.000       0.7574E-06   0.000       0.000       0.000       0.000       0.000                           -0.7766E-07 -0.7766E-07   0.000    
  10713600.0   10.11100547   10.1326   0.000       0.000      0.2164E-03  0.6924E-08 -0.3663      0.3661       0.000       0.000       0.000       0.000      -0.6751E-07   0.000       0.000       0.000       0.000       0.000                            0.6924E-08  0.6924E-08   0.000    
  10800000.0   10.10943200   10.1282   0.000       0.000      0.1881E-03  0.9106E-07 -0.3628      0.3627       0.000       0.000       0.000       0.000      -0.8882E-06   0.000       0.000       0.000       0.000       0.000                            0.9106E-07  0.9106E-07   0.000    
  10886400.0   10.10723325   10.1232   0.000       0.000      0.1592E-03  0.1272E-06 -0.3580      0.3578       0.000       0.000       0.000       0.000      -0.1242E-05   0.000       0.000       0.000       0.000       0.000                            0.1272E-06  0.1272E-06   0.000    
  10972800.0   10.10476699   10.1183   0.000       0.000      0.1351E-03  0.1427E-06 -0.3526      0.3524       0.000       0.000       0.000       0.000      -0.1395E-05   0.000       0.000       0.000       0.000       0.000                            0.1427E-06  0.1427E-06   0.000    
  11059200.0   10.10208956   10.1133   0.000       0.000      0.1117E-03  0.1549E-06 -0.3466      0.3465       0.000       0.000       0.000       0.000      -0.1516E-05   0.000       0.000       0.000       0.000       0.000                            0.1549E-06  0.1549E-06   0.000    
  11145600.0   10.09956041   10.1091   0.000       0.000      0.9552E-04  0.1464E-06 -0.3410      0.3409       0.000       0.000       0.000       0.000      -0.1434E-05   0.000       0.000       0.000       0.000       0.000                            0.1464E-06  0.1464E-06   0.000    
  11232000.0   10.09723525   10.1057   0.000       0.000      0.8465E-04  0.1346E-06 -0.3358      0.3357       0.000       0.000       0.000       0.000      -0.1319E-05   0.000       0.000       0.000       0.000       0.000                            0.1346E-06  0.1346E-06   0.000    
  11318400.0   10.09512607   10.1028   0.000       0.000      0.7635E-04  0.1221E-06 -0.3311      0.3310       0.000       0.000       0.000       0.000      -0.1198E-05   0.000       0.000       0.000       0.000       0.000                            0.1221E-06  0.1221E-06   0.000    
  11404800.0   10.09667748   10.1097   0.000       0.000      0.1303E-03 -0.8978E-07 -0.3346      0.3345       0.000       0.000       0.000       0.000       0.8811E-06   0.000       0.000       0.000       0.000       0.000                           -0.8978E-07 -0.8978E-07   0.000    
  11491200.0   10.09437590   10.1037   0.000       0.000      0.9368E-04  0.1332E-06 -0.3294      0.3293       0.000       0.000       0.000       0.000      -0.1307E-05   0.000       0.000       0.000       0.000       0.000                            0.1332E-06  0.1332E-06   0.000    
  11577600.0   10.09892597   10.1181   0.000       0.000      0.1917E-03 -0.2633E-06 -0.3396      0.3394       0.000       0.000       0.000       0.000       0.2583E-05   0.000       0.000       0.000       0.000       0.000                           -0.2633E-06 -0.2633E-06   0.000    
  11664000.0   10.10962369   10.1449   0.000       0.000      0.3527E-03 -0.6191E-06 -0.3633      0.3629       0.000       0.000       0.000       0.000       0.6055E-05   0.000       0.000       0.000       0.000       0.000                           -0.6191E-06 -0.6191E-06   0.000    
  11750400.0   10.13353427   10.2023   0.000       0.000      0.6879E-03 -0.1384E-05 -0.4152      0.4145       0.000       0.000       0.000       0.000       0.1342E-04   0.000       0.000       0.000       0.000       0.000                           -0.1384E-05 -0.1384E-05   0.000    
  11836800.0   10.12400780   10.1572   0.000       0.000      0.3316E-03  0.5513E-06 -0.3946      0.3943       0.000       0.000       0.000       0.000      -0.5327E-05   0.000       0.000       0.000       0.000       0.000                            0.5513E-06  0.5513E-06   0.000    
  11923200.0   10.11796750   10.1401   0.000       0.000      0.2210E-03  0.3496E-06 -0.3815      0.3813       0.000       0.000       0.000       0.000      -0.3392E-05   0.000       0.000       0.000       0.000       0.000                            0.3496E-06  0.3496E-06   0.000    
  12009600.0   10.11360191   10.1308   0.000       0.000      0.1717E-03  0.2526E-06 -0.3720      0.3718       0.000       0.000       0.000       0.000      -0.2458E-05   0.000       0.000       0.000       0.000       0.000                            0.2526E-06  0.2526E-06   0.000    
  12096000.0   10.11293832   10.1321   0.000       0.000      0.1912E-03  0.3840E-07 -0.3705      0.3703       0.000       0.000       0.000       0.000      -0.3740E-06   0.000       0.000       0.000       0.000       0.000                            0.3840E-07  0.3840E-07   0.000    
  12182400.0   10.11179269   10.1302   0.000       0.000      0.1838E-03  0.6630E-07 -0.3680      0.3678       0.000       0.000       0.000       0.000      -0.6460E-06   0.000       0.000       0.000       0.000       0.000                            0.6630E-07  0.6630E-07   0.000    
  12268800.0   10.10973815   10.1258   0.000       0.000      0.1605E-03  0.1189E-06 -0.3635      0.3634       0.000       0.000       0.000       0.000      -0.1159E-05   0.000       0.000       0.000       0.000       0.000                            0.1189E-06  0.1189E-06   0.000    
  12355200.0   10.10733454   10.1210   0.000       0.000      0.1368E-03  0.1391E-06 -0.3582      0.3581       0.000       0.000       0.000       0.000      -0.1358E-05   0.000       0.000       0.000       0.000       0.000                            0.1391E-06  0.1391E-06   0.000    
  12441600.0   10.10589129   10.1194   0.000       0.000      0.1351E-03  0.8352E-07 -0.3550      0.3549       0.000       0.000       0.000       0.000      -0.8160E-06   0.000       0.000       0.000       0.000       0.000                            0.8352E-07  0.8352E-07   0.000    
  12528000.0   10.11321593   10.1412   0.000       0.000      0.2796E-03 -0.4239E-06 -0.3711      0.3709       0.000       0.000       0.000       0.000       0.4136E-05   0.000       0.000       0.000       0.000       0.000                           -0.4239E-06 -0.4239E-06   0.000    
  12614400.0   10.12015991   10.1559   0.000       0.000      0.3578E-03 -0.4019E-06 -0.3863      0.3859       0.000       0.000       0.000       0.000       0.3908E-05   0.000       0.000       0.000       0.000       0.000                           -0.4019E-06 -0.4019E-06   0.000    
  12700800.0   10.11736455   10.1423   0.000       0.000      0.2490E-03  0.1618E-06 -0.3802      0.3799       0.000       0.000       0.000       0.000      -0.1571E-05   0.000       0.000       0.000       0.000       0.000                            0.1618E-06  0.1618E-06   0.000    
  12787200.0   10.11442180   10.1339   0.000       0.000      0.1947E-03  0.1703E-06 -0.3738      0.3736       0.000       0.000       0.000       0.000      -0.1657E-05   0.000       0.000       0.000       0.000       0.000                            0.1703E-06  0.1703E-06   0.000    
  12873600.0   10.11134618   10.1269   0.000       0.000      0.1557E-03  0.1780E-06 -0.3670      0.3669       0.000       0.000       0.000       0.000      -0.1734E-05   0.000       0.000       0.000       0.000       0.000                            0.1780E-06  0.1780E-06   0.000    
  12960000.0   10.11244520   10.1323   0.000       0.000      0.1981E-03 -0.6360E-07 -0.3695      0.3693       0.000       0.000       0.000       0.000       0.6199E-06   0.000       0.000       0.000       0.000       0.000                           -0.6360E-07 -0.6360E-07   0.000    
  13046400.0   10.11110664   10.1286   0.000       0.000      0.1749E-03  0.7746E-07 -0.3665      0.3663       0.000       0.000       0.000       0.000      -0.7550E-06   0.000       0.000       0.000       0.000       0.000                            0.7746E-07  0.7746E-07   0.000    
  13132800.0   10.10922485   10.1245   0.000       0.000      0.1527E-03  0.1089E-06 -0.3624      0.3622       0.000       0.000       0.000       0.000      -0.1062E-05   0.000       0.000       0.000       0.000       0.000                            0.1089E-06  0.1089E-06   0.000    
  13219200.0   10.10815357   10.1232   0.000       0.000      0.1505E-03  0.6200E-07 -0.3600      0.3599       0.000       0.000       0.000       0.000      -0.6051E-06   0.000       0.000       0.000       0.000       0.000                            0.6200E-07  0.6200E-07   0.000    
  13305600.0   10.10645081   10.1199   0.000       0.000      0.1345E-03  0.9854E-07 -0.3563      0.3561       0.000       0.000       0.000       0.000      -0.9624E-06   0.000       0.000       0.000       0.000       0.000                            0.9854E-07  0.9854E-07   0.000    
  13392000.0   10.11011759   10.1316   0.000       0.000      0.2153E-03 -0.2122E-06 -0.3643      0.3641       0.000       0.000       0.000       0.000       0.2072E-05   0.000       0.000       0.000       0.000       0.000                           -0.2122E-06 -0.2122E-06   0.000    
  13478400.0   10.11227796   10.1357   0.000       0.000      0.2347E-03 -0.1250E-06 -0.3691      0.3689       0.000       0.000       0.000       0.000       0.1219E-05   0.000       0.000       0.000       0.000       0.000                           -0.1250E-06 -0.1250E-06   0.000    
  13564800.0   10.11113471   10.1307   0.000       0.000      0.1960E-03  0.6616E-07 -0.3666      0.3664       0.000       0.000       0.000       0.000      -0.6449E-06   0.000       0.000       0.000       0.000       0.000                            0.6616E-07  0.6616E-07   0.000    
  13651200.0   10.10957008   10.1266   0.000       0.000      0.1702E-03  0.9055E-07 -0.3631      0.3630       0.000       0.000       0.000       0.000      -0.8831E-06   0.000       0.000       0.000       0.000       0.000                            0.9055E-07  0.9055E-07   0.000    
  13737600.0   10.10769946   10.1225   0.000       0.000      0.1476E-03  0.1083E-06 -0.3590      0.3589       0.000       0.000       0.000       0.000      -0.1057E-05   0.000       0.000       0.000       0.000       0.000                            0.1083E-06  0.1083E-06   0.000    
  13824000.0   10.11464297   10.1429   0.000       0.000      0.2829E-03 -0.4018E-06 -0.3743      0.3740       0.000       0.000       0.000       0.000       0.3918E-05   0.000       0.000       0.000       0.000       0.000                           -0.4018E-06 -0.4018E-06   0.000    
  13910400.0   10.12322631   10.1621   0.000       0.000      0.3889E-03 -0.4967E-06 -0.3929      0.3925       0.000       0.000       0.000       0.000       0.4825E-05   0.000       0.000       0.000       0.000       0.000                           -0.4967E-06 -0.4967E-06   0.000    
  13996800.0   10.12111190   10.1491   0.000       0.000      0.2800E-03  0.1224E-06 -0.3883      0.3881       0.000       0.000       0.000       0.000      -0.1187E-05   0.000       0.000       0.000       0.000       0.000                            0.1224E-06  0.1224E-06   0.000    
  14083200.0   10.11799902   10.1393   0.000       0.000      0.2134E-03  0.1801E-06 -0.3816      0.3814       0.000       0.000       0.000       0.000      -0.1749E-05   0.000       0.000       0.000       0.000       0.000                            0.1801E-06  0.1801E-06   0.000    
  14169600.0   10.11999281   10.1458   0.000       0.000      0.2582E-03 -0.1154E-06 -0.3859      0.3857       0.000       0.000       0.000       0.000       0.1121E-05   0.000       0.000       0.000       0.000       0.000                           -0.1154E-06 -0.1154E-06   0.000    
  14256000.0   10.12128369   10.1480   0.000       0.000      0.2669E-03 -0.7470E-07 -0.3887      0.3884       0.000       0.000       0.000       0.000       0.7250E-06   0.000       0.000       0.000       0.000       0.000                           -0.7470E-07 -0.7470E-07   0.000    
  14342400.0   10.12956402   10.1691   0.000       0.000      0.3957E-03 -0.4792E-06 -0.4066      0.4062       0.000       0.000       0.000       0.000       0.4639E-05   0.000       0.000       0.000       0.000       0.000                           -0.4792E-06 -0.4792E-06   0.000    
  14428800.0   10.15024023   10.2198   0.000       0.000      0.6960E-03 -0.1197E-05 -0.4509      0.4502       0.000       0.000       0.000       0.000       0.1149E-04   0.000       0.000       0.000       0.000       0.000                           -0.1197E-05 -0.1197E-05   0.000    
  14515200.0   10.14516350   10.1885   0.000       0.000      0.4334E-03  0.2938E-06 -0.4401      0.4397       0.000       0.000       0.000       0.000      -0.2807E-05   0.000       0.000       0.000       0.000       0.000                            0.2938E-06  0.2938E-06   0.000    
  14601600.0   10.14628044   10.1885   0.000       0.000      0.4227E-03 -0.6464E-07 -0.4425      0.4421       0.000       0.000       0.000       0.000       0.6183E-06   0.000       0.000       0.000       0.000       0.000                           -0.6464E-07 -0.6464E-07   0.000    
  14688000.0   10.15172688   10.2005   0.000       0.000      0.4880E-03 -0.3152E-06 -0.4541      0.4536       0.000       0.000       0.000       0.000       0.3009E-05   0.000       0.000       0.000       0.000       0.000                           -0.3152E-06 -0.3152E-06   0.000    
  14774400.0   10.15199425   10.1953   0.000       0.000      0.4326E-03 -0.1547E-07 -0.4547      0.4542       0.000       0.000       0.000       0.000       0.1474E-06   0.000       0.000       0.000       0.000       0.000                           -0.1547E-07 -0.1547E-07   0.000    
  14860800.0   10.14876726   10.1831   0.000       0.000      0.3430E-03  0.1867E-06 -0.4478      0.4474       0.000       0.000       0.000       0.000      -0.1781E-05   0.000       0.000       0.000       0.000       0.000                            0.1867E-06  0.1867E-06   0.000    
  14947200.0   10.14589817   10.1754   0.000       0.000      0.2950E-03  0.1660E-06 -0.4417      0.4414       0.000       0.000       0.000       0.000      -0.1587E-05   0.000       0.000       0.000       0.000       0.000                            0.1660E-06  0.1660E-06   0.000    
  15033600.0   10.14248944   10.1672   0.000       0.000      0.2471E-03  0.1973E-06 -0.4344      0.4341       0.000       0.000       0.000       0.000      -0.1889E-05   0.000       0.000       0.000       0.000       0.000                            0.1973E-06  0.1973E-06   0.000    
  15120000.0   10.13894385   10.1599   0.000       0.000      0.2096E-03  0.2052E-06 -0.4268      0.4266       0.000       0.000       0.000       0.000      -0.1969E-05   0.000       0.000       0.000       0.000       0.000                            0.2052E-06  0.2052E-06   0.000    
  15206400.0   10.13527384   10.1528   0.000       0.000      0.1750E-03  0.2124E-06 -0.4189      0.4187       0.000       0.000       0.000       0.000      -0.2042E-05   0.000       0.000       0.000       0.000       0.000                            0.2124E-06  0.2124E-06   0.000    
  15292800.0   10.13155010   10.1462   0.000       0.000      0.1464E-03  0.2155E-06 -0.4109      0.4108       0.000       0.000       0.000       0.000      -0.2077E-05   0.000       0.000       0.000       0.000       0.000                            0.2155E-06  0.2155E-06   0.000    
  15379200.0   10.13824505   10.1685   0.000       0.000      0.3028E-03 -0.3874E-06 -0.4253      0.4250       0.000       0.000       0.000       0.000       0.3731E-05   0.000       0.000       0.000       0.000       0.000                           -0.3874E-06 -0.3874E-06   0.000    
  15465600.0   10.14041270   10.1714   0.000       0.000      0.3101E-03 -0.1254E-06 -0.4299      0.4296       0.000       0.000       0.000       0.000       0.1205E-05   0.000       0.000       0.000       0.000       0.000                           -0.1254E-06 -0.1254E-06   0.000    
  15552000.0   10.13758166   10.1612   0.000       0.000      0.2365E-03  0.1638E-06 -0.4239      0.4236       0.000       0.000       0.000       0.000      -0.1574E-05   0.000       0.000       0.000       0.000       0.000                            0.1638E-06  0.1638E-06   0.000    
  15638400.0   10.13367617   10.1515   0.000       0.000      0.1784E-03  0.2260E-06 -0.4155      0.4153       0.000       0.000       0.000       0.000      -0.2175E-05   0.000       0.000       0.000       0.000       0.000                            0.2260E-06  0.2260E-06   0.000    
  15724800.0   10.13014043   10.1447   0.000       0.000      0.1457E-03  0.2046E-06 -0.4079      0.4077       0.000       0.000       0.000       0.000      -0.1974E-05   0.000       0.000       0.000       0.000       0.000                            0.2046E-06  0.2046E-06   0.000    
  15811200.0   10.12693511   10.1394   0.000       0.000      0.1244E-03  0.1855E-06 -0.4009      0.4008       0.000       0.000       0.000       0.000      -0.1793E-05   0.000       0.000       0.000       0.000       0.000                            0.1855E-06  0.1855E-06   0.000    
  15897600.0   10.12407286   10.1351   0.000       0.000      0.1103E-03  0.1656E-06 -0.3948      0.3946       0.000       0.000       0.000       0.000      -0.1603E-05   0.000       0.000       0.000       0.000       0.000                            0.1656E-06  0.1656E-06   0.000    
  15984000.0   10.12242624   10.1341   0.000       0.000      0.1166E-03  0.9529E-07 -0.3912      0.3911       0.000       0.000       0.000       0.000      -0.9235E-06   0.000       0.000       0.000       0.000       0.000                            0.9529E-07  0.9529E-07   0.000    
  16070400.0   10.11983022   10.1298   0.000       0.000      0.9936E-04  0.1502E-06 -0.3856      0.3855       0.000       0.000       0.000       0.000      -0.1458E-05   0.000       0.000       0.000       0.000       0.000                            0.1502E-06  0.1502E-06   0.000    
  16156800.0   10.11747293   10.1264   0.000       0.000      0.8918E-04  0.1364E-06 -0.3804      0.3803       0.000       0.000       0.000       0.000      -0.1325E-05   0.000       0.000       0.000       0.000       0.000                            0.1364E-06  0.1364E-06   0.000    
  16243200.0   10.11515387   10.1232   0.000       0.000      0.8080E-04  0.1342E-06 -0.3754      0.3753       0.000       0.000       0.000       0.000      -0.1305E-05   0.000       0.000       0.000       0.000       0.000                            0.1342E-06  0.1342E-06   0.000    
  16329600.0   10.11300659   10.1204   0.000       0.000      0.7430E-04  0.1243E-06 -0.3707      0.3706       0.000       0.000       0.000       0.000      -0.1210E-05   0.000       0.000       0.000       0.000       0.000                            0.1243E-06  0.1243E-06   0.000    
  16416000.0   10.11093013   10.1178   0.000       0.000      0.6895E-04  0.1202E-06 -0.3661      0.3661       0.000       0.000       0.000       0.000      -0.1171E-05   0.000       0.000       0.000       0.000       0.000                            0.1202E-06  0.1202E-06   0.000    
  16502400.0   10.10897556   10.1154   0.000       0.000      0.6435E-04  0.1131E-06 -0.3618      0.3618       0.000       0.000       0.000       0.000      -0.1103E-05   0.000       0.000       0.000       0.000       0.000                            0.1131E-06  0.1131E-06   0.000    
  16588800.0   10.10710009   10.1132   0.000       0.000      0.6059E-04  0.1085E-06 -0.3577      0.3577       0.000       0.000       0.000       0.000      -0.1060E-05   0.000       0.000       0.000       0.000       0.000                            0.1085E-06  0.1085E-06   0.000    
  16675200.0   10.10531524   10.1111   0.000       0.000      0.5738E-04  0.1033E-06 -0.3538      0.3537       0.000       0.000       0.000       0.000      -0.1009E-05   0.000       0.000       0.000       0.000       0.000                            0.1033E-06  0.1033E-06   0.000    
  16761600.0   10.10417064   10.1106   0.000       0.000      0.6404E-04  0.6624E-07 -0.3512      0.3512       0.000       0.000       0.000       0.000      -0.6477E-06   0.000       0.000       0.000       0.000       0.000                            0.6624E-07  0.6624E-07   0.000    
  16848000.0   10.10343367   10.1108   0.000       0.000      0.7342E-04  0.4265E-07 -0.3496      0.3495       0.000       0.000       0.000       0.000      -0.4172E-06   0.000       0.000       0.000       0.000       0.000                            0.4265E-07  0.4265E-07   0.000    
  16934400.0   10.10457061   10.1156   0.000       0.000      0.1102E-03 -0.6580E-07 -0.3521      0.3520       0.000       0.000       0.000       0.000       0.6436E-06   0.000       0.000       0.000       0.000       0.000                           -0.6580E-07 -0.6580E-07   0.000    
  17020800.0   10.10430304   10.1151   0.000       0.000      0.1084E-03  0.1548E-07 -0.3515      0.3514       0.000       0.000       0.000       0.000      -0.1514E-06   0.000       0.000       0.000       0.000       0.000                            0.1548E-07  0.1548E-07   0.000    
  17107200.0   10.10224934   10.1102   0.000       0.000      0.7970E-04  0.1188E-06 -0.3470      0.3469       0.000       0.000       0.000       0.000      -0.1163E-05   0.000       0.000       0.000       0.000       0.000                            0.1188E-06  0.1188E-06   0.000    
  17193600.0   10.10054579   10.1075   0.000       0.000      0.6938E-04  0.9858E-07 -0.3432      0.3431       0.000       0.000       0.000       0.000      -0.9654E-06   0.000       0.000       0.000       0.000       0.000                            0.9858E-07  0.9858E-07   0.000    
  17280000.0   10.09886761   10.1050   0.000       0.000      0.6170E-04  0.9712E-07 -0.3395      0.3394       0.000       0.000       0.000       0.000      -0.9517E-06   0.000       0.000       0.000       0.000       0.000                            0.9712E-07  0.9712E-07   0.000    
  17366400.0   10.09729577   10.1029   0.000       0.000      0.5582E-04  0.9096E-07 -0.3360      0.3359       0.000       0.000       0.000       0.000      -0.8920E-06   0.000       0.000       0.000       0.000       0.000                            0.9096E-07  0.9096E-07   0.000    
  17452800.0   10.09577454   10.1010   0.000       0.000      0.5176E-04  0.8803E-07 -0.3326      0.3325       0.000       0.000       0.000       0.000      -0.8638E-06   0.000       0.000       0.000       0.000       0.000                            0.8803E-07  0.8803E-07   0.000    
  17539200.0   10.09436133   10.0992   0.000       0.000      0.4856E-04  0.8178E-07 -0.3294      0.3293       0.000       0.000       0.000       0.000      -0.8029E-06   0.000       0.000       0.000       0.000       0.000                            0.8178E-07  0.8178E-07   0.000    
  17625600.0   10.09298780   10.0976   0.000       0.000      0.4617E-04  0.7949E-07 -0.3263      0.3263       0.000       0.000       0.000       0.000      -0.7808E-06   0.000       0.000       0.000       0.000       0.000                            0.7949E-07  0.7949E-07   0.000    
  17712000.0   10.09251137   10.0983   0.000       0.000      0.5835E-04  0.2757E-07 -0.3252      0.3252       0.000       0.000       0.000       0.000      -0.2709E-06   0.000       0.000       0.000       0.000       0.000                            0.2757E-07  0.2757E-07   0.000    
  17798400.0   10.09121162   10.0962   0.000       0.000      0.5006E-04  0.7522E-07 -0.3223      0.3222       0.000       0.000       0.000       0.000      -0.7394E-06   0.000       0.000       0.000       0.000       0.000                            0.7522E-07  0.7522E-07   0.000    
  17884800.0   10.08987331   10.0944   0.000       0.000      0.4505E-04  0.7745E-07 -0.3193      0.3192       0.000       0.000       0.000       0.000      -0.7617E-06   0.000       0.000       0.000       0.000       0.000                            0.7745E-07  0.7745E-07   0.000    
  17971200.0   10.08866005   10.0929   0.000       0.000      0.4247E-04  0.7021E-07 -0.3165      0.3165       0.000       0.000       0.000       0.000      -0.6908E-06   0.000       0.000       0.000       0.000       0.000                            0.7021E-07  0.7021E-07   0.000    
  18057600.0   10.08747999   10.0916   0.000       0.000      0.4080E-04  0.6829E-07 -0.3138      0.3138       0.000       0.000       0.000       0.000      -0.6722E-06   0.000       0.000       0.000       0.000       0.000                            0.6829E-07  0.6829E-07   0.000    
  18144000.0   10.08636928   10.0903   0.000       0.000      0.3937E-04  0.6428E-07 -0.3113      0.3113       0.000       0.000       0.000       0.000      -0.6330E-06   0.000       0.000       0.000       0.000       0.000                            0.6428E-07  0.6428E-07   0.000    
  18230400.0   10.08527773   10.0891   0.000       0.000      0.3823E-04  0.6317E-07 -0.3088      0.3088       0.000       0.000       0.000       0.000      -0.6223E-06   0.000       0.000       0.000       0.000       0.000                            0.6317E-07  0.6317E-07   0.000    
  18316800.0   10.08423721   10.0880   0.000       0.000      0.3720E-04  0.6022E-07 -0.3064      0.3064       0.000       0.000       0.000       0.000      -0.5934E-06   0.000       0.000       0.000       0.000       0.000                            0.6022E-07  0.6022E-07   0.000    
  18403200.0   10.08321697   10.0868   0.000       0.000      0.3632E-04  0.5904E-07 -0.3041      0.3041       0.000       0.000       0.000       0.000      -0.5821E-06   0.000       0.000       0.000       0.000       0.000                            0.5904E-07  0.5904E-07   0.000    
  18489600.0   10.08223045   10.0858   0.000       0.000      0.3551E-04  0.5709E-07 -0.3018      0.3018       0.000       0.000       0.000       0.000      -0.5630E-06   0.000       0.000       0.000       0.000       0.000                            0.5709E-07  0.5709E-07   0.000    
  18576000.0   10.08127323   10.0848   0.000       0.000      0.3478E-04  0.5540E-07 -0.2996      0.2996       0.000       0.000       0.000       0.000      -0.5465E-06   0.000       0.000       0.000       0.000       0.000                            0.5540E-07  0.5540E-07   0.000    
  18662400.0   10.08032772   10.0837   0.000       0.000      0.3415E-04  0.5472E-07 -0.2974      0.2974       0.000       0.000       0.000       0.000      -0.5400E-06   0.000       0.000       0.000       0.000       0.000                            0.5472E-07  0.5472E-07   0.000    
  18748800.0   10.07943153   10.0828   0.000       0.000      0.3349E-04  0.5186E-07 -0.2954      0.2953       0.000       0.000       0.000       0.000      -0.5120E-06   0.000       0.000       0.000       0.000       0.000                            0.5186E-07  0.5186E-07   0.000    
  18835200.0   10.08021428   10.0864   0.000       0.000      0.6193E-04 -0.4530E-07 -0.2972      0.2971       0.000       0.000       0.000       0.000       0.4472E-06   0.000       0.000       0.000       0.000       0.000                           -0.4530E-07 -0.4530E-07   0.000    
  18921600.0   10.07935943   10.0844   0.000       0.000      0.5015E-04  0.4947E-07 -0.2952      0.2951       0.000       0.000       0.000       0.000      -0.4884E-06   0.000       0.000       0.000       0.000       0.000                            0.4947E-07  0.4947E-07   0.000    
  19008000.0   10.07821832   10.0823   0.000       0.000      0.4038E-04  0.6604E-07 -0.2925      0.2925       0.000       0.000       0.000       0.000      -0.6521E-06   0.000       0.000       0.000       0.000       0.000                            0.6604E-07  0.6604E-07   0.000    
  19094400.0   10.07721099   10.0809   0.000       0.000      0.3678E-04  0.5829E-07 -0.2902      0.2902       0.000       0.000       0.000       0.000      -0.5759E-06   0.000       0.000       0.000       0.000       0.000                            0.5829E-07  0.5829E-07   0.000    
  19180800.0   10.07628699   10.0798   0.000       0.000      0.3486E-04  0.5347E-07 -0.2880      0.2880       0.000       0.000       0.000       0.000      -0.5284E-06   0.000       0.000       0.000       0.000       0.000                            0.5347E-07  0.5347E-07   0.000    
  19267200.0   10.07544629   10.0789   0.000       0.000      0.3427E-04  0.4865E-07 -0.2861      0.2860       0.000       0.000       0.000       0.000      -0.4809E-06   0.000       0.000       0.000       0.000       0.000                            0.4865E-07  0.4865E-07   0.000    
  19353600.0   10.07459388   10.0779   0.000       0.000      0.3290E-04  0.4933E-07 -0.2841      0.2840       0.000       0.000       0.000       0.000      -0.4877E-06   0.000       0.000       0.000       0.000       0.000                            0.4933E-07  0.4933E-07   0.000    
  19440000.0   10.07377708   10.0770   0.000       0.000      0.3200E-04  0.4727E-07 -0.2822      0.2821       0.000       0.000       0.000       0.000      -0.4675E-06   0.000       0.000       0.000       0.000       0.000                            0.4727E-07  0.4727E-07   0.000    
  19526400.0   10.07297372   10.0761   0.000       0.000      0.3133E-04  0.4649E-07 -0.2803      0.2802       0.000       0.000       0.000       0.000      -0.4599E-06   0.000       0.000       0.000       0.000       0.000                            0.4649E-07  0.4649E-07   0.000    
  19612800.0   10.07221303   10.0753   0.000       0.000      0.3069E-04  0.4402E-07 -0.2785      0.2784       0.000       0.000       0.000       0.000      -0.4355E-06   0.000       0.000       0.000       0.000       0.000                            0.4402E-07  0.4402E-07   0.000    
  19699200.0   10.07145319   10.0745   0.000       0.000      0.3020E-04  0.4397E-07 -0.2767      0.2766       0.000       0.000       0.000       0.000      -0.4352E-06   0.000       0.000       0.000       0.000       0.000                            0.4397E-07  0.4397E-07   0.000    
  19785600.0   10.07072812   10.0737   0.000       0.000      0.2970E-04  0.4196E-07 -0.2749      0.2749       0.000       0.000       0.000       0.000      -0.4153E-06   0.000       0.000       0.000       0.000       0.000                            0.4196E-07  0.4196E-07   0.000    
  19872000.0   10.07000416   10.0729   0.000       0.000      0.2932E-04  0.4190E-07 -0.2732      0.2732       0.000       0.000       0.000       0.000      -0.4148E-06   0.000       0.000       0.000       0.000       0.000                            0.4190E-07  0.4190E-07   0.000    
  19958400.0   10.07088281   10.0765   0.000       0.000      0.5661E-04 -0.5085E-07 -0.2753      0.2753       0.000       0.000       0.000       0.000       0.5034E-06   0.000       0.000       0.000       0.000       0.000                           -0.5085E-07 -0.5085E-07   0.000    
  20044800.0   10.07219515   10.0802   0.000       0.000      0.8020E-04 -0.7595E-07 -0.2784      0.2783       0.000       0.000       0.000       0.000       0.7516E-06   0.000       0.000       0.000       0.000       0.000                           -0.7595E-07 -0.7595E-07   0.000    
  20131200.0   10.07079881   10.0758   0.000       0.000      0.4959E-04  0.8081E-07 -0.2751      0.2751       0.000       0.000       0.000       0.000      -0.7998E-06   0.000       0.000       0.000       0.000       0.000                            0.8081E-07  0.8081E-07   0.000    
  20217600.0   10.07022546   10.0751   0.000       0.000      0.4906E-04  0.3318E-07 -0.2738      0.2737       0.000       0.000       0.000       0.000      -0.3285E-06   0.000       0.000       0.000       0.000       0.000                            0.3318E-07  0.3318E-07   0.000    
  20304000.0   10.06955198   10.0741   0.000       0.000      0.4574E-04  0.3897E-07 -0.2721      0.2721       0.000       0.000       0.000       0.000      -0.3859E-06   0.000       0.000       0.000       0.000       0.000                            0.3897E-07  0.3897E-07   0.000    
  20390400.0   10.06860300   10.0724   0.000       0.000      0.3837E-04  0.5492E-07 -0.2699      0.2698       0.000       0.000       0.000       0.000      -0.5439E-06   0.000       0.000       0.000       0.000       0.000                            0.5492E-07  0.5492E-07   0.000    
  20476800.0   10.06775174   10.0713   0.000       0.000      0.3509E-04  0.4926E-07 -0.2678      0.2678       0.000       0.000       0.000       0.000      -0.4880E-06   0.000       0.000       0.000       0.000       0.000                            0.4926E-07  0.4926E-07   0.000    
  20563200.0   10.06696638   10.0703   0.000       0.000      0.3309E-04  0.4545E-07 -0.2660      0.2659       0.000       0.000       0.000       0.000      -0.4503E-06   0.000       0.000       0.000       0.000       0.000                            0.4545E-07  0.4545E-07   0.000    
  20649600.0   10.06621757   10.0694   0.000       0.000      0.3170E-04  0.4333E-07 -0.2641      0.2641       0.000       0.000       0.000       0.000      -0.4295E-06   0.000       0.000       0.000       0.000       0.000                            0.4333E-07  0.4333E-07   0.000    
  20736000.0   10.06550848   10.0686   0.000       0.000      0.3061E-04  0.4103E-07 -0.2624      0.2624       0.000       0.000       0.000       0.000      -0.4068E-06   0.000       0.000       0.000       0.000       0.000                            0.4103E-07  0.4103E-07   0.000    
  20822400.0   10.06481755   10.0678   0.000       0.000      0.2977E-04  0.3998E-07 -0.2608      0.2607       0.000       0.000       0.000       0.000      -0.3964E-06   0.000       0.000       0.000       0.000       0.000                            0.3998E-07  0.3998E-07   0.000    
  20908800.0   10.06415783   10.0671   0.000       0.000      0.2905E-04  0.3818E-07 -0.2592      0.2591       0.000       0.000       0.000       0.000      -0.3786E-06   0.000       0.000       0.000       0.000       0.000                            0.3818E-07  0.3818E-07   0.000    
  20995200.0   10.06350849   10.0664   0.000       0.000      0.2848E-04  0.3758E-07 -0.2576      0.2575       0.000       0.000       0.000       0.000      -0.3727E-06   0.000       0.000       0.000       0.000       0.000                            0.3758E-07  0.3758E-07   0.000    
  21081600.0   10.06288636   10.0657   0.000       0.000      0.2795E-04  0.3600E-07 -0.2561      0.2560       0.000       0.000       0.000       0.000      -0.3571E-06   0.000       0.000       0.000       0.000       0.000                            0.3600E-07  0.3600E-07   0.000    
  21168000.0   10.06226973   10.0650   0.000       0.000      0.2753E-04  0.3568E-07 -0.2546      0.2545       0.000       0.000       0.000       0.000      -0.3540E-06   0.000       0.000       0.000       0.000       0.000                            0.3568E-07  0.3568E-07   0.000    
  21254400.0   10.06167774   10.0644   0.000       0.000      0.2711E-04  0.3426E-07 -0.2531      0.2531       0.000       0.000       0.000       0.000      -0.3399E-06   0.000       0.000       0.000       0.000       0.000                            0.3426E-07  0.3426E-07   0.000    
  21340800.0   10.06109258   10.0638   0.000       0.000      0.2677E-04  0.3386E-07 -0.2517      0.2516       0.000       0.000       0.000       0.000      -0.3361E-06   0.000       0.000       0.000       0.000       0.000                            0.3386E-07  0.3386E-07   0.000    
  21427200.0   10.06051809   10.0632   0.000       0.000      0.2645E-04  0.3325E-07 -0.2502      0.2502       0.000       0.000       0.000       0.000      -0.3300E-06   0.000       0.000       0.000       0.000       0.000                            0.3325E-07  0.3325E-07   0.000    
  21513600.0   10.06018774   10.0632   0.000       0.000      0.3021E-04  0.1912E-07 -0.2494      0.2494       0.000       0.000       0.000       0.000      -0.1898E-06   0.000       0.000       0.000       0.000       0.000                            0.1912E-07  0.1912E-07   0.000    
  21600000.0   10.06208725   10.0693   0.000       0.000      0.7212E-04 -0.1099E-06 -0.2541      0.2540       0.000       0.000       0.000       0.000       0.1091E-05   0.000       0.000       0.000       0.000       0.000                           -0.1099E-06 -0.1099E-06   0.000    
  21686400.0   10.06096344   10.0653   0.000       0.000      0.4339E-04  0.6504E-07 -0.2513      0.2513       0.000       0.000       0.000       0.000      -0.6454E-06   0.000       0.000       0.000       0.000       0.000                            0.6504E-07  0.6504E-07   0.000    
  21772800.0   10.06009081   10.0636   0.000       0.000      0.3502E-04  0.5050E-07 -0.2492      0.2492       0.000       0.000       0.000       0.000      -0.5013E-06   0.000       0.000       0.000       0.000       0.000                            0.5050E-07  0.5050E-07   0.000    
  21859200.0   10.05935850   10.0625   0.000       0.000      0.3163E-04  0.4238E-07 -0.2474      0.2473       0.000       0.000       0.000       0.000      -0.4208E-06   0.000       0.000       0.000       0.000       0.000                            0.4238E-07  0.4238E-07   0.000    
  21945600.0   10.05869311   10.0617   0.000       0.000      0.2980E-04  0.3851E-07 -0.2457      0.2457       0.000       0.000       0.000       0.000      -0.3824E-06   0.000       0.000       0.000       0.000       0.000                            0.3851E-07  0.3851E-07   0.000    
  22032000.0   10.05808034   10.0609   0.000       0.000      0.2857E-04  0.3546E-07 -0.2442      0.2442       0.000       0.000       0.000       0.000      -0.3522E-06   0.000       0.000       0.000       0.000       0.000                            0.3546E-07  0.3546E-07   0.000    
  22118400.0   10.05749576   10.0603   0.000       0.000      0.2768E-04  0.3383E-07 -0.2427      0.2427       0.000       0.000       0.000       0.000      -0.3360E-06   0.000       0.000       0.000       0.000       0.000                            0.3383E-07  0.3383E-07   0.000    
  22204800.0   10.05692993   10.0596   0.000       0.000      0.2699E-04  0.3274E-07 -0.2413      0.2413       0.000       0.000       0.000       0.000      -0.3253E-06   0.000       0.000       0.000       0.000       0.000                            0.3274E-07  0.3274E-07   0.000    
  22291200.0   10.05638838   10.0590   0.000       0.000      0.2642E-04  0.3134E-07 -0.2400      0.2399       0.000       0.000       0.000       0.000      -0.3114E-06   0.000       0.000       0.000       0.000       0.000                            0.3134E-07  0.3134E-07   0.000    
  22377600.0   10.05585972   10.0585   0.000       0.000      0.2595E-04  0.3059E-07 -0.2386      0.2386       0.000       0.000       0.000       0.000      -0.3040E-06   0.000       0.000       0.000       0.000       0.000                            0.3059E-07  0.3059E-07   0.000    
  22464000.0   10.05808530   10.0656   0.000       0.000      0.7509E-04 -0.1288E-06 -0.2442      0.2441       0.000       0.000       0.000       0.000       0.1280E-05   0.000       0.000       0.000       0.000       0.000                           -0.1288E-06 -0.1288E-06   0.000    
  22550400.0   10.05732555   10.0623   0.000       0.000      0.5016E-04  0.4397E-07 -0.2423      0.2423       0.000       0.000       0.000       0.000      -0.4367E-06   0.000       0.000       0.000       0.000       0.000                            0.4397E-07  0.4397E-07   0.000    
  22636800.0   10.05713048   10.0622   0.000       0.000      0.5059E-04  0.1129E-07 -0.2418      0.2418       0.000       0.000       0.000       0.000      -0.1121E-06   0.000       0.000       0.000       0.000       0.000                            0.1129E-07  0.1129E-07   0.000    
  22723200.0   10.06434411   10.0826   0.000       0.000      0.1828E-03 -0.4175E-06 -0.2596      0.2594       0.000       0.000       0.000       0.000       0.4144E-05   0.000       0.000       0.000       0.000       0.000                           -0.4175E-06 -0.4175E-06   0.000    
  22809600.0   10.06351287   10.0754   0.000       0.000      0.1185E-03  0.4810E-07 -0.2576      0.2575       0.000       0.000       0.000       0.000      -0.4771E-06   0.000       0.000       0.000       0.000       0.000                            0.4810E-07  0.4810E-07   0.000    
  22896000.0   10.06270709   10.0722   0.000       0.000      0.9506E-04  0.4663E-07 -0.2556      0.2555       0.000       0.000       0.000       0.000      -0.4626E-06   0.000       0.000       0.000       0.000       0.000                            0.4663E-07  0.4663E-07   0.000    
  22982400.0   10.06199267   10.0703   0.000       0.000      0.8273E-04  0.4134E-07 -0.2539      0.2538       0.000       0.000       0.000       0.000      -0.4102E-06   0.000       0.000       0.000       0.000       0.000                            0.4134E-07  0.4134E-07   0.000    
  23068800.0   10.06130472   10.0688   0.000       0.000      0.7455E-04  0.3981E-07 -0.2522      0.2521       0.000       0.000       0.000       0.000      -0.3951E-06   0.000       0.000       0.000       0.000       0.000                            0.3981E-07  0.3981E-07   0.000    
  23155200.0   10.06051446   10.0671   0.000       0.000      0.6606E-04  0.4573E-07 -0.2502      0.2502       0.000       0.000       0.000       0.000      -0.4539E-06   0.000       0.000       0.000       0.000       0.000                            0.4573E-07  0.4573E-07   0.000    
  23241600.0   10.05970980   10.0656   0.000       0.000      0.5928E-04  0.4657E-07 -0.2482      0.2482       0.000       0.000       0.000       0.000      -0.4623E-06   0.000       0.000       0.000       0.000       0.000                            0.4657E-07  0.4657E-07   0.000    
  23328000.0   10.05887662   10.0642   0.000       0.000      0.5322E-04  0.4822E-07 -0.2462      0.2461       0.000       0.000       0.000       0.000      -0.4788E-06   0.000       0.000       0.000       0.000       0.000                            0.4822E-07  0.4822E-07   0.000    
  23414400.0   10.05807681   10.0629   0.000       0.000      0.4850E-04  0.4629E-07 -0.2442      0.2441       0.000       0.000       0.000       0.000      -0.4597E-06   0.000       0.000       0.000       0.000       0.000                            0.4629E-07  0.4629E-07   0.000    
  23500800.0   10.05734264   10.0619   0.000       0.000      0.4536E-04  0.4249E-07 -0.2424      0.2423       0.000       0.000       0.000       0.000      -0.4220E-06   0.000       0.000       0.000       0.000       0.000                            0.4249E-07  0.4249E-07   0.000    
  23587200.0   10.05664370   10.0609   0.000       0.000      0.4277E-04  0.4045E-07 -0.2406      0.2406       0.000       0.000       0.000       0.000      -0.4018E-06   0.000       0.000       0.000       0.000       0.000                            0.4045E-07  0.4045E-07   0.000    
  23673600.0   10.05595720   10.0600   0.000       0.000      0.4034E-04  0.3973E-07 -0.2389      0.2388       0.000       0.000       0.000       0.000      -0.3948E-06   0.000       0.000       0.000       0.000       0.000                            0.3973E-07  0.3973E-07   0.000    
  23760000.0   10.05527086   10.0591   0.000       0.000      0.3781E-04  0.3972E-07 -0.2371      0.2371       0.000       0.000       0.000       0.000      -0.3947E-06   0.000       0.000       0.000       0.000       0.000                            0.3972E-07  0.3972E-07   0.000    
  23846400.0   10.05461265   10.0582   0.000       0.000      0.3583E-04  0.3809E-07 -0.2355      0.2354       0.000       0.000       0.000       0.000      -0.3786E-06   0.000       0.000       0.000       0.000       0.000                            0.3809E-07  0.3809E-07   0.000    
  23932800.0   10.05399102   10.0574   0.000       0.000      0.3443E-04  0.3597E-07 -0.2339      0.2339       0.000       0.000       0.000       0.000      -0.3576E-06   0.000       0.000       0.000       0.000       0.000                            0.3597E-07  0.3597E-07   0.000    
  24019200.0   10.05339473   10.0567   0.000       0.000      0.3324E-04  0.3451E-07 -0.2324      0.2324       0.000       0.000       0.000       0.000      -0.3431E-06   0.000       0.000       0.000       0.000       0.000                            0.3451E-07  0.3451E-07   0.000    
  24105600.0   10.05281714   10.0560   0.000       0.000      0.3219E-04  0.3343E-07 -0.2309      0.2309       0.000       0.000       0.000       0.000      -0.3324E-06   0.000       0.000       0.000       0.000       0.000                            0.3343E-07  0.3343E-07   0.000    
  24192000.0   10.05225276   10.0554   0.000       0.000      0.3115E-04  0.3266E-07 -0.2295      0.2294       0.000       0.000       0.000       0.000      -0.3248E-06   0.000       0.000       0.000       0.000       0.000                            0.3266E-07  0.3266E-07   0.000    
  24278400.0   10.05170208   10.0547   0.000       0.000      0.3015E-04  0.3187E-07 -0.2280      0.2280       0.000       0.000       0.000       0.000      -0.3170E-06   0.000       0.000       0.000       0.000       0.000                            0.3187E-07  0.3187E-07   0.000    
  24364800.0   10.05116824   10.0541   0.000       0.000      0.2932E-04  0.3089E-07 -0.2267      0.2266       0.000       0.000       0.000       0.000      -0.3073E-06   0.000       0.000       0.000       0.000       0.000                            0.3089E-07  0.3089E-07   0.000    
  24451200.0   10.05065236   10.0535   0.000       0.000      0.2866E-04  0.2985E-07 -0.2253      0.2253       0.000       0.000       0.000       0.000      -0.2970E-06   0.000       0.000       0.000       0.000       0.000                            0.2985E-07  0.2985E-07   0.000    
  24537600.0   10.05015238   10.0530   0.000       0.000      0.2809E-04  0.2893E-07 -0.2240      0.2240       0.000       0.000       0.000       0.000      -0.2879E-06   0.000       0.000       0.000       0.000       0.000                            0.2893E-07  0.2893E-07   0.000    
  24624000.0   10.04966660   10.0524   0.000       0.000      0.2759E-04  0.2811E-07 -0.2228      0.2228       0.000       0.000       0.000       0.000      -0.2797E-06   0.000       0.000       0.000       0.000       0.000                            0.2811E-07  0.2811E-07   0.000    
  24710400.0   10.04919165   10.0519   0.000       0.000      0.2713E-04  0.2749E-07 -0.2215      0.2215       0.000       0.000       0.000       0.000      -0.2735E-06   0.000       0.000       0.000       0.000       0.000                            0.2749E-07  0.2749E-07   0.000    
  24796800.0   10.04873079   10.0514   0.000       0.000      0.2670E-04  0.2667E-07 -0.2203      0.2203       0.000       0.000       0.000       0.000      -0.2654E-06   0.000       0.000       0.000       0.000       0.000                            0.2667E-07  0.2667E-07   0.000    
  24883200.0   10.04831698   10.0510   0.000       0.000      0.2697E-04  0.2395E-07 -0.2192      0.2192       0.000       0.000       0.000       0.000      -0.2383E-06   0.000       0.000       0.000       0.000       0.000                            0.2395E-07  0.2395E-07   0.000    
  24969600.0   10.04860185   10.0526   0.000       0.000      0.3985E-04 -0.1649E-07 -0.2200      0.2200       0.000       0.000       0.000       0.000       0.1641E-06   0.000       0.000       0.000       0.000       0.000                           -0.1649E-07 -0.1649E-07   0.000    
  25056000.0   10.04804097   10.0512   0.000       0.000      0.3154E-04  0.3246E-07 -0.2185      0.2185       0.000       0.000       0.000       0.000      -0.3231E-06   0.000       0.000       0.000       0.000       0.000                            0.3246E-07  0.3246E-07   0.000    
  25142400.0   10.04753405   10.0504   0.000       0.000      0.2885E-04  0.2934E-07 -0.2172      0.2172       0.000       0.000       0.000       0.000      -0.2920E-06   0.000       0.000       0.000       0.000       0.000                            0.2934E-07  0.2934E-07   0.000    
  25228800.0   10.04845744   10.0538   0.000       0.000      0.5353E-04 -0.5344E-07 -0.2196      0.2196       0.000       0.000       0.000       0.000       0.5319E-06   0.000       0.000       0.000       0.000       0.000                           -0.5344E-07 -0.5344E-07   0.000    
  25315200.0   10.04788959   10.0519   0.000       0.000      0.3991E-04  0.3286E-07 -0.2181      0.2181       0.000       0.000       0.000       0.000      -0.3271E-06   0.000       0.000       0.000       0.000       0.000                            0.3286E-07  0.3286E-07   0.000    
  25401600.0   10.04812315   10.0530   0.000       0.000      0.4926E-04 -0.1352E-07 -0.2187      0.2187       0.000       0.000       0.000       0.000       0.1345E-06   0.000       0.000       0.000       0.000       0.000                           -0.1352E-07 -0.1352E-07   0.000    
  25488000.0   10.04825350   10.0535   0.000       0.000      0.5253E-04 -0.7544E-08 -0.2191      0.2190       0.000       0.000       0.000       0.000       0.7509E-07   0.000       0.000       0.000       0.000       0.000                           -0.7544E-08 -0.7544E-08   0.000    
  25574400.0   10.04881708   10.0552   0.000       0.000      0.6352E-04 -0.3261E-07 -0.2206      0.2205       0.000       0.000       0.000       0.000       0.3246E-06   0.000       0.000       0.000       0.000       0.000                           -0.3261E-07 -0.3261E-07   0.000    
  25660800.0   10.04828123   10.0533   0.000       0.000      0.5045E-04  0.3101E-07 -0.2192      0.2191       0.000       0.000       0.000       0.000      -0.3086E-06   0.000       0.000       0.000       0.000       0.000                            0.3101E-07  0.3101E-07   0.000    
  25747200.0   10.04944470   10.0570   0.000       0.000      0.7601E-04 -0.6733E-07 -0.2222      0.2221       0.000       0.000       0.000       0.000       0.6701E-06   0.000       0.000       0.000       0.000       0.000                           -0.6733E-07 -0.6733E-07   0.000    
  25833600.0   10.05537607   10.0731   0.000       0.000      0.1774E-03 -0.3433E-06 -0.2374      0.2372       0.000       0.000       0.000       0.000       0.3414E-05   0.000       0.000       0.000       0.000       0.000                           -0.3433E-06 -0.3433E-06   0.000    
  25920000.0   10.06286367   10.0894   0.000       0.000      0.2655E-03 -0.4333E-06 -0.2560      0.2557       0.000       0.000       0.000       0.000       0.4303E-05   0.000       0.000       0.000       0.000       0.000                           -0.4333E-06 -0.4333E-06   0.000    
  26006400.0   10.06989339   10.1019   0.000       0.000      0.3204E-03 -0.4068E-06 -0.2730      0.2726       0.000       0.000       0.000       0.000       0.4032E-05   0.000       0.000       0.000       0.000       0.000                           -0.4068E-06 -0.4068E-06   0.000    
  26092800.0   10.07064340   10.0966   0.000       0.000      0.2594E-03 -0.4340E-07 -0.2747      0.2745       0.000       0.000       0.000       0.000       0.4297E-06   0.000       0.000       0.000       0.000       0.000                           -0.4340E-07 -0.4340E-07   0.000    
  26179200.0   10.06888086   10.0883   0.000       0.000      0.1939E-03  0.1020E-06 -0.2705      0.2703       0.000       0.000       0.000       0.000      -0.1010E-05   0.000       0.000       0.000       0.000       0.000                            0.1020E-06  0.1020E-06   0.000    
  26265600.0   10.06705620   10.0826   0.000       0.000      0.1556E-03  0.1056E-06 -0.2662      0.2660       0.000       0.000       0.000       0.000      -0.1046E-05   0.000       0.000       0.000       0.000       0.000                            0.1056E-06  0.1056E-06   0.000    
  26352000.0   10.06540861   10.0785   0.000       0.000      0.1311E-03  0.9535E-07 -0.2622      0.2621       0.000       0.000       0.000       0.000      -0.9451E-06   0.000       0.000       0.000       0.000       0.000                            0.9535E-07  0.9535E-07   0.000    
  26438400.0   10.06392362   10.0753   0.000       0.000      0.1140E-03  0.8594E-07 -0.2586      0.2585       0.000       0.000       0.000       0.000      -0.8521E-06   0.000       0.000       0.000       0.000       0.000                            0.8594E-07  0.8594E-07   0.000    
  26524800.0   10.06255313   10.0726   0.000       0.000      0.1008E-03  0.7931E-07 -0.2552      0.2551       0.000       0.000       0.000       0.000      -0.7867E-06   0.000       0.000       0.000       0.000       0.000                            0.7931E-07  0.7931E-07   0.000    
  26611200.0   10.06121890   10.0702   0.000       0.000      0.8939E-04  0.7721E-07 -0.2520      0.2519       0.000       0.000       0.000       0.000      -0.7662E-06   0.000       0.000       0.000       0.000       0.000                            0.7721E-07  0.7721E-07   0.000    
  26697600.0   10.06001409   10.0681   0.000       0.000      0.8115E-04  0.6972E-07 -0.2490      0.2489       0.000       0.000       0.000       0.000      -0.6921E-06   0.000       0.000       0.000       0.000       0.000                            0.6972E-07  0.6972E-07   0.000    
  26784000.0   10.05888903   10.0663   0.000       0.000      0.7431E-04  0.6511E-07 -0.2462      0.2461       0.000       0.000       0.000       0.000      -0.6465E-06   0.000       0.000       0.000       0.000       0.000                            0.6511E-07  0.6511E-07   0.000    
  26870400.0   10.06353411   10.0805   0.000       0.000      0.1700E-03 -0.2688E-06 -0.2576      0.2575       0.000       0.000       0.000       0.000       0.2668E-05   0.000       0.000       0.000       0.000       0.000                           -0.2688E-06 -0.2688E-06   0.000    
  26956800.0   10.06602295   10.0846   0.000       0.000      0.1860E-03 -0.1440E-06 -0.2637      0.2635       0.000       0.000       0.000       0.000       0.1428E-05   0.000       0.000       0.000       0.000       0.000                           -0.1440E-06 -0.1440E-06   0.000    
  27043200.0   10.06822234   10.0881   0.000       0.000      0.1990E-03 -0.1273E-06 -0.2690      0.2688       0.000       0.000       0.000       0.000       0.1261E-05   0.000       0.000       0.000       0.000       0.000                           -0.1273E-06 -0.1273E-06   0.000    
  27129600.0   10.06854837   10.0865   0.000       0.000      0.1800E-03 -0.1887E-07 -0.2697      0.2696       0.000       0.000       0.000       0.000       0.1869E-06   0.000       0.000       0.000       0.000       0.000                           -0.1887E-07 -0.1887E-07   0.000    
  27216000.0   10.06969904   10.0884   0.000       0.000      0.1874E-03 -0.6659E-07 -0.2725      0.2723       0.000       0.000       0.000       0.000       0.6595E-06   0.000       0.000       0.000       0.000       0.000                           -0.6659E-07 -0.6659E-07   0.000    
  27302400.0   10.07308249   10.0962   0.000       0.000      0.2313E-03 -0.1958E-06 -0.2805      0.2803       0.000       0.000       0.000       0.000       0.1938E-05   0.000       0.000       0.000       0.000       0.000                           -0.1958E-06 -0.1958E-06   0.000    
  27388800.0   10.07982216   10.1115   0.000       0.000      0.3167E-03 -0.3900E-06 -0.2963      0.2960       0.000       0.000       0.000       0.000       0.3854E-05   0.000       0.000       0.000       0.000       0.000                           -0.3900E-06 -0.3900E-06   0.000    
  27475200.0   10.08504370   10.1197   0.000       0.000      0.3470E-03 -0.3022E-06 -0.3083      0.3079       0.000       0.000       0.000       0.000       0.2980E-05   0.000       0.000       0.000       0.000       0.000                           -0.3022E-06 -0.3022E-06   0.000    
  27561600.0   10.08320429   10.1089   0.000       0.000      0.2565E-03  0.1064E-06 -0.3041      0.3038       0.000       0.000       0.000       0.000      -0.1049E-05   0.000       0.000       0.000       0.000       0.000                            0.1064E-06  0.1064E-06   0.000    
  27648000.0   10.08099986   10.1016   0.000       0.000      0.2058E-03  0.1276E-06 -0.2990      0.2988       0.000       0.000       0.000       0.000      -0.1258E-05   0.000       0.000       0.000       0.000       0.000                            0.1276E-06  0.1276E-06   0.000    
  27734400.0   10.07871498   10.0957   0.000       0.000      0.1703E-03  0.1322E-06 -0.2937      0.2935       0.000       0.000       0.000       0.000      -0.1305E-05   0.000       0.000       0.000       0.000       0.000                            0.1322E-06  0.1322E-06   0.000    
  27820800.0   10.07698174   10.0922   0.000       0.000      0.1524E-03  0.1003E-06 -0.2897      0.2895       0.000       0.000       0.000       0.000      -0.9908E-06   0.000       0.000       0.000       0.000       0.000                            0.1003E-06  0.1003E-06   0.000    
  27907200.0   10.07576490   10.0902   0.000       0.000      0.1444E-03  0.7042E-07 -0.2868      0.2867       0.000       0.000       0.000       0.000      -0.6959E-06   0.000       0.000       0.000       0.000       0.000                            0.7042E-07  0.7042E-07   0.000    
  27993600.0   10.07909673   10.1004   0.000       0.000      0.2134E-03 -0.1928E-06 -0.2946      0.2944       0.000       0.000       0.000       0.000       0.1905E-05   0.000       0.000       0.000       0.000       0.000                           -0.1928E-06 -0.1928E-06   0.000    
  28080000.0   10.08356884   10.1106   0.000       0.000      0.2704E-03 -0.2588E-06 -0.3049      0.3046       0.000       0.000       0.000       0.000       0.2554E-05   0.000       0.000       0.000       0.000       0.000                           -0.2588E-06 -0.2588E-06   0.000    
  28166400.0   10.08531690   10.1116   0.000       0.000      0.2629E-03 -0.1012E-06 -0.3089      0.3086       0.000       0.000       0.000       0.000       0.9971E-06   0.000       0.000       0.000       0.000       0.000                           -0.1012E-06 -0.1012E-06   0.000    
  28252800.0   10.08347902   10.1040   0.000       0.000      0.2050E-03  0.1064E-06 -0.3047      0.3045       0.000       0.000       0.000       0.000      -0.1048E-05   0.000       0.000       0.000       0.000       0.000                            0.1064E-06  0.1064E-06   0.000    
  28339200.0   10.08134517   10.0982   0.000       0.000      0.1687E-03  0.1235E-06 -0.2998      0.2996       0.000       0.000       0.000       0.000      -0.1218E-05   0.000       0.000       0.000       0.000       0.000                            0.1235E-06  0.1235E-06   0.000    
  28425600.0   10.07930100   10.0938   0.000       0.000      0.1446E-03  0.1183E-06 -0.2951      0.2949       0.000       0.000       0.000       0.000      -0.1168E-05   0.000       0.000       0.000       0.000       0.000                            0.1183E-06  0.1183E-06   0.000    
  28512000.0   10.07738929   10.0901   0.000       0.000      0.1274E-03  0.1106E-06 -0.2906      0.2905       0.000       0.000       0.000       0.000      -0.1093E-05   0.000       0.000       0.000       0.000       0.000                            0.1106E-06  0.1106E-06   0.000    
  28598400.0   10.07561805   10.0870   0.000       0.000      0.1141E-03  0.1025E-06 -0.2865      0.2864       0.000       0.000       0.000       0.000      -0.1013E-05   0.000       0.000       0.000       0.000       0.000                            0.1025E-06  0.1025E-06   0.000    
  28684800.0   10.07396227   10.0843   0.000       0.000      0.1036E-03  0.9582E-07 -0.2826      0.2825       0.000       0.000       0.000       0.000      -0.9474E-06   0.000       0.000       0.000       0.000       0.000                            0.9582E-07  0.9582E-07   0.000    
  28771200.0   10.07240397   10.0819   0.000       0.000      0.9499E-04  0.9018E-07 -0.2789      0.2788       0.000       0.000       0.000       0.000      -0.8921E-06   0.000       0.000       0.000       0.000       0.000                            0.9018E-07  0.9018E-07   0.000    
  28857600.0   10.07093536   10.0797   0.000       0.000      0.8780E-04  0.8499E-07 -0.2754      0.2753       0.000       0.000       0.000       0.000      -0.8411E-06   0.000       0.000       0.000       0.000       0.000                            0.8499E-07  0.8499E-07   0.000    
  28944000.0   10.06952683   10.0777   0.000       0.000      0.8137E-04  0.8151E-07 -0.2721      0.2720       0.000       0.000       0.000       0.000      -0.8070E-06   0.000       0.000       0.000       0.000       0.000                            0.8151E-07  0.8151E-07   0.000    
  29030400.0   10.06816664   10.0757   0.000       0.000      0.7553E-04  0.7871E-07 -0.2688      0.2688       0.000       0.000       0.000       0.000      -0.7797E-06   0.000       0.000       0.000       0.000       0.000                            0.7871E-07  0.7871E-07   0.000    
  29116800.0   10.06687378   10.0739   0.000       0.000      0.7063E-04  0.7482E-07 -0.2657      0.2657       0.000       0.000       0.000       0.000      -0.7413E-06   0.000       0.000       0.000       0.000       0.000                            0.7482E-07  0.7482E-07   0.000    
  29203200.0   10.06562600   10.0722   0.000       0.000      0.6595E-04  0.7221E-07 -0.2627      0.2627       0.000       0.000       0.000       0.000      -0.7157E-06   0.000       0.000       0.000       0.000       0.000                            0.7221E-07  0.7221E-07   0.000    
  29289600.0   10.06444591   10.0707   0.000       0.000      0.6215E-04  0.6829E-07 -0.2599      0.2598       0.000       0.000       0.000       0.000      -0.6771E-06   0.000       0.000       0.000       0.000       0.000                            0.6829E-07  0.6829E-07   0.000    
  29376000.0   10.06333576   10.0692   0.000       0.000      0.5907E-04  0.6424E-07 -0.2572      0.2571       0.000       0.000       0.000       0.000      -0.6372E-06   0.000       0.000       0.000       0.000       0.000                            0.6424E-07  0.6424E-07   0.000    
  29462400.0   10.06228129   10.0679   0.000       0.000      0.5645E-04  0.6102E-07 -0.2546      0.2545       0.000       0.000       0.000       0.000      -0.6054E-06   0.000       0.000       0.000       0.000       0.000                            0.6102E-07  0.6102E-07   0.000    
  29548800.0   10.06127601   10.0667   0.000       0.000      0.5400E-04  0.5818E-07 -0.2521      0.2521       0.000       0.000       0.000       0.000      -0.5773E-06   0.000       0.000       0.000       0.000       0.000                            0.5818E-07  0.5818E-07   0.000    
  29635200.0   10.06030932   10.0655   0.000       0.000      0.5172E-04  0.5594E-07 -0.2497      0.2497       0.000       0.000       0.000       0.000      -0.5553E-06   0.000       0.000       0.000       0.000       0.000                            0.5594E-07  0.5594E-07   0.000    
  29721600.0   10.05938244   10.0644   0.000       0.000      0.4969E-04  0.5364E-07 -0.2474      0.2474       0.000       0.000       0.000       0.000      -0.5325E-06   0.000       0.000       0.000       0.000       0.000                            0.5364E-07  0.5364E-07   0.000    
  29808000.0   10.05847927   10.0632   0.000       0.000      0.4760E-04  0.5227E-07 -0.2452      0.2451       0.000       0.000       0.000       0.000      -0.5190E-06   0.000       0.000       0.000       0.000       0.000                            0.5227E-07  0.5227E-07   0.000    
  29894400.0   10.05760678   10.0622   0.000       0.000      0.4571E-04  0.5049E-07 -0.2430      0.2430       0.000       0.000       0.000       0.000      -0.5015E-06   0.000       0.000       0.000       0.000       0.000                            0.5049E-07  0.5049E-07   0.000    
  29980800.0   10.05676320   10.0612   0.000       0.000      0.4397E-04  0.4882E-07 -0.2409      0.2409       0.000       0.000       0.000       0.000      -0.4850E-06   0.000       0.000       0.000       0.000       0.000                            0.4882E-07  0.4882E-07   0.000    
  30067200.0   10.05595877   10.0602   0.000       0.000      0.4256E-04  0.4655E-07 -0.2389      0.2388       0.000       0.000       0.000       0.000      -0.4626E-06   0.000       0.000       0.000       0.000       0.000                            0.4655E-07  0.4655E-07   0.000    
  30153600.0   10.05518634   10.0593   0.000       0.000      0.4129E-04  0.4470E-07 -0.2369      0.2369       0.000       0.000       0.000       0.000      -0.4442E-06   0.000       0.000       0.000       0.000       0.000                            0.4470E-07  0.4470E-07   0.000    
  30240000.0   10.05444431   10.0585   0.000       0.000      0.4016E-04  0.4294E-07 -0.2351      0.2350       0.000       0.000       0.000       0.000      -0.4268E-06   0.000       0.000       0.000       0.000       0.000                            0.4294E-07  0.4294E-07   0.000    
  30326400.0   10.05372475   10.0576   0.000       0.000      0.3903E-04  0.4164E-07 -0.2332      0.2332       0.000       0.000       0.000       0.000      -0.4140E-06   0.000       0.000       0.000       0.000       0.000                            0.4164E-07  0.4164E-07   0.000    
  30412800.0   10.05302897   10.0568   0.000       0.000      0.3800E-04  0.4027E-07 -0.2315      0.2314       0.000       0.000       0.000       0.000      -0.4004E-06   0.000       0.000       0.000       0.000       0.000                            0.4027E-07  0.4027E-07   0.000    
  30499200.0   10.05235839   10.0561   0.000       0.000      0.3709E-04  0.3881E-07 -0.2297      0.2297       0.000       0.000       0.000       0.000      -0.3859E-06   0.000       0.000       0.000       0.000       0.000                            0.3881E-07  0.3881E-07   0.000    
  30585600.0   10.05170925   10.0553   0.000       0.000      0.3624E-04  0.3757E-07 -0.2281      0.2280       0.000       0.000       0.000       0.000      -0.3736E-06   0.000       0.000       0.000       0.000       0.000                            0.3757E-07  0.3757E-07   0.000    
  30672000.0   10.05108191   10.0546   0.000       0.000      0.3547E-04  0.3630E-07 -0.2264      0.2264       0.000       0.000       0.000       0.000      -0.3611E-06   0.000       0.000       0.000       0.000       0.000                            0.3630E-07  0.3630E-07   0.000    
  30758400.0   10.05047471   10.0540   0.000       0.000      0.3476E-04  0.3514E-07 -0.2249      0.2248       0.000       0.000       0.000       0.000      -0.3496E-06   0.000       0.000       0.000       0.000       0.000                            0.3514E-07  0.3514E-07   0.000    
  30844800.0   10.04988613   10.0533   0.000       0.000      0.3410E-04  0.3406E-07 -0.2233      0.2233       0.000       0.000       0.000       0.000      -0.3389E-06   0.000       0.000       0.000       0.000       0.000                            0.3406E-07  0.3406E-07   0.000    
  30931200.0   10.04931326   10.0527   0.000       0.000      0.3346E-04  0.3315E-07 -0.2219      0.2218       0.000       0.000       0.000       0.000      -0.3299E-06   0.000       0.000       0.000       0.000       0.000                            0.3315E-07  0.3315E-07   0.000    
  31017600.0   10.04875551   10.0520   0.000       0.000      0.3284E-04  0.3228E-07 -0.2204      0.2204       0.000       0.000       0.000       0.000      -0.3212E-06   0.000       0.000       0.000       0.000       0.000                            0.3228E-07  0.3228E-07   0.000    
  31104000.0   10.04821377   10.0514   0.000       0.000      0.3228E-04  0.3135E-07 -0.2190      0.2189       0.000       0.000       0.000       0.000      -0.3120E-06   0.000       0.000       0.000       0.000       0.000                            0.3135E-07  0.3135E-07   0.000    
  31190400.0   10.04768686   10.0509   0.000       0.000      0.3176E-04  0.3049E-07 -0.2176      0.2176       0.000       0.000       0.000       0.000      -0.3035E-06   0.000       0.000       0.000       0.000       0.000                            0.3049E-07  0.3049E-07   0.000    
  31276800.0   10.04730243   10.0507   0.000       0.000      0.3366E-04  0.2225E-07 -0.2166      0.2165       0.000       0.000       0.000       0.000      -0.2215E-06   0.000       0.000       0.000       0.000       0.000                            0.2225E-07  0.2225E-07   0.000    
  31363200.0   10.04678186   10.0500   0.000       0.000      0.3181E-04  0.3013E-07 -0.2152      0.2152       0.000       0.000       0.000       0.000      -0.2999E-06   0.000       0.000       0.000       0.000       0.000                            0.3013E-07  0.3013E-07   0.000    
  31449600.0   10.04628214   10.0494   0.000       0.000      0.3099E-04  0.2892E-07 -0.2139      0.2138       0.000       0.000       0.000       0.000      -0.2879E-06   0.000       0.000       0.000       0.000       0.000                            0.2892E-07  0.2892E-07   0.000    
  31536000.0   10.04579936   10.0488   0.000       0.000      0.3043E-04  0.2794E-07 -0.2126      0.2126       0.000       0.000       0.000       0.000      -0.2782E-06   0.000       0.000       0.000       0.000       0.000                            0.2794E-07  0.2794E-07   0.000    
  31622400.0   10.04526811   10.0481   0.000       0.000      0.2880E-04  0.3074E-07 -0.2112      0.2111       0.000       0.000       0.000       0.000      -0.3062E-06   0.000       0.000       0.000       0.000       0.000                            0.3074E-07  0.3074E-07   0.000    
