   TOTIM (T)          HCON      HMAT     QDIR      QWELL        QMAT QCADS<->CON       QTUB1       QTUB2       QTUB3       QTUB4       QTUB5       QTUB6       NSTOR        QFIX        QLH     FHLQ (LQ)      CAUCHY CAUCHY (LQ) BREAK-DOWN CADS FLOW  QCADS<->CON    Q_CDSSTO    Q_CDSRCH
     86400.0   10.79467545   10.8980   0.000       0.000      0.1033E-02   0.000     -0.4105E-01  0.4002E-01   0.000       0.000       0.000       0.000        0.000       0.000       0.000       0.000       0.000       0.000                             0.000       0.000       0.000    
    172800.0   10.77712877   10.8793   0.000       0.000      0.1022E-02  0.1015E-05 -0.4075E-01  0.3973E-01   0.000       0.000       0.000       0.000        0.000       0.000       0.000       0.000       0.000       0.000                            0.1015E-05  0.1015E-05   0.000    
    259200.0   10.77748253   10.8796   0.000       0.000      0.1021E-02 -0.2047E-07 -0.4072E-01  0.3970E-01   0.000       0.000       0.000       0.000        0.000       0.000       0.000       0.000       0.000       0.000                           -0.2047E-07 -0.2047E-07   0.000    
    345600.0   10.77589091   10.8778   0.000       0.000      0.1019E-02  0.9211E-07 -0.4067E-01  0.3965E-01   0.000       0.000       0.000       0.000        0.000       0.000       0.000       0.000       0.000       0.000                            0.9211E-07  0.9211E-07   0.000    
    432000.0   10.78760914   10.8903   0.000       0.000      0.1027E-02 -0.6781E-06 -0.4085E-01  0.3983E-01   0.000       0.000       0.000       0.000        0.000       0.000       0.000       0.000       0.000       0.000                           -0.6781E-06 -0.6781E-06   0.000    
    518400.0   10.79456914   10.8978   0.000       0.000      0.1032E-02 -0.4028E-06 -0.4098E-01  0.3995E-01   0.000       0.000       0.000       0.000        0.000       0.000       0.000       0.000       0.000       0.000                           -0.4028E-06 -0.4028E-06   0.000    
    604800.0   10.79660620   10.9000   0.000       0.000      0.1034E-02 -0.1179E-06 -0.4104E-01  0.4000E-01   0.000       0.000       0.000       0.000        0.000       0.000       0.000       0.000       0.000       0.000                           -0.1179E-06 -0.1179E-06   0.000    
    691200.0   10.81456666   10.9192   0.000       0.000      0.1046E-02 -0.1039E-05 -0.4136E-01  0.4032E-01   0.000       0.000       0.000       0.000        0.000       0.000       0.000       0.000       0.000       0.000                           -0.1039E-05 -0.1039E-05   0.000    
    777600.0   10.86341288   10.9712   0.000       0.000      0.1078E-02 -0.2827E-05 -0.4221E-01  0.4114E-01   0.000       0.000       0.000       0.000        0.000       0.000       0.000       0.000       0.000       0.000                           -0.2827E-05 -0.2827E-05   0.000    
    864000.0   10.93537456   11.0477   0.000       0.000      0.1124E-02 -0.4164E-05 -0.4347E-01  0.4235E-01   0.000       0.000       0.000       0.000        0.000       0.000       0.000       0.000       0.000       0.000                           -0.4164E-05 -0.4164E-05   0.000    
    950400.0   10.96779507   11.0825   0.000       0.000      0.1147E-02 -0.1876E-05 -0.4418E-01  0.4304E-01   0.000       0.000       0.000       0.000        0.000       0.000       0.000       0.000       0.000       0.000                           -0.1876E-05 -0.1876E-05   0.000    
   1036800.0   11.04602242   11.1654   0.000       0.000      0.1194E-02 -0.4527E-05 -0.4553E-01  0.4434E-01   0.000       0.000       0.000       0.000        0.000       0.000       0.000       0.000       0.000       0.000                           -0.4527E-05 -0.4527E-05   0.000    
   1123200.0   11.18690471   11.3138   0.000       0.000      0.1269E-02 -0.8153E-05 -0.4769E-01  0.4642E-01   0.000       0.000       0.000       0.000        0.000       0.000       0.000       0.000       0.000       0.000                           -0.8153E-05 -0.8153E-05   0.000    
   1209600.0   11.16959334   11.2965   0.000       0.000      0.1270E-02  0.1002E-05 -0.4792E-01  0.4665E-01   0.000       0.000       0.000       0.000        0.000       0.000       0.000       0.000       0.000       0.000                            0.1002E-05  0.1002E-05   0.000    
   1296000.0   11.14871416   11.2750   0.000       0.000      0.1263E-02  0.1208E-05 -0.4796E-01  0.4670E-01   0.000       0.000       0.000       0.000        0.000       0.000       0.000       0.000       0.000       0.000                            0.1208E-05  0.1208E-05   0.000    
   1382400.0   11.12768832   11.2528   0.000       0.000      0.1252E-02  0.1217E-05 -0.4783E-01  0.4657E-01   0.000       0.000       0.000       0.000        0.000       0.000       0.000       0.000       0.000       0.000                            0.1217E-05  0.1217E-05   0.000    
   1468800.0   11.10685124   11.2307   0.000       0.000      0.1239E-02  0.1206E-05 -0.4761E-01  0.4637E-01   0.000       0.000       0.000       0.000        0.000       0.000       0.000       0.000       0.000       0.000                            0.1206E-05  0.1206E-05   0.000    
   1555200.0   11.08453732   11.2069   0.000       0.000      0.1224E-02  0.1291E-05 -0.4732E-01  0.4610E-01   0.000       0.000       0.000       0.000        0.000       0.000       0.000       0.000       0.000       0.000                            0.1291E-05  0.1291E-05   0.000    
   1641600.0   11.06213456   11.1830   0.000       0.000      0.1209E-02  0.1296E-05 -0.4699E-01  0.4578E-01   0.000       0.000       0.000       0.000        0.000       0.000       0.000       0.000       0.000       0.000                            0.1296E-05  0.1296E-05   0.000    
   1728000.0   11.04315431   11.1626   0.000       0.000      0.1195E-02  0.1098E-05 -0.4667E-01  0.4548E-01   0.000       0.000       0.000       0.000        0.000       0.000       0.000       0.000       0.000       0.000                            0.1098E-05  0.1098E-05   0.000    
   1814400.0   11.02644363   11.1447   0.000       0.000      0.1183E-02  0.9671E-06 -0.4638E-01  0.4520E-01   0.000       0.000       0.000       0.000        0.000       0.000       0.000       0.000       0.000       0.000                            0.9671E-06  0.9671E-06   0.000    
   1900800.0   11.00781653   11.1248   0.000       0.000      0.1169E-02  0.1078E-05 -0.4604E-01  0.4487E-01   0.000       0.000       0.000       0.000        0.000       0.000       0.000       0.000       0.000       0.000                            0.1078E-05  0.1078E-05   0.000    
   1987200.0   10.99067366   11.1064   0.000       0.000      0.1158E-02  0.9921E-06 -0.4573E-01  0.4457E-01   0.000       0.000       0.000       0.000        0.000       0.000       0.000       0.000       0.000       0.000                            0.9921E-06  0.9921E-06   0.000    
   2073600.0   10.97655397   11.0913   0.000       0.000      0.1147E-02  0.8171E-06 -0.4544E-01  0.4429E-01   0.000       0.000       0.000       0.000        0.000       0.000       0.000       0.000       0.000       0.000                            0.8171E-06  0.8171E-06   0.000    
   2160000.0   10.96019287   11.0738   0.000       0.000      0.1136E-02  0.9468E-06 -0.4512E-01  0.4398E-01   0.000       0.000       0.000       0.000        0.000       0.000       0.000       0.000       0.000       0.000                            0.9468E-06  0.9468E-06   0.000    
   2246400.0   10.94401896   11.0566   0.000       0.000      0.1125E-02  0.9360E-06 -0.4480E-01  0.4367E-01   0.000       0.000       0.000       0.000        0.000       0.000       0.000       0.000       0.000       0.000                            0.9360E-06  0.9360E-06   0.000    
   2332800.0   10.92828407   11.0397   0.000       0.000      0.1114E-02  0.9106E-06 -0.4447E-01  0.4336E-01   0.000       0.000       0.000       0.000        0.000       0.000       0.000       0.000       0.000       0.000                            0.9106E-06  0.9106E-06   0.000    
   2419200.0   10.91293803   11.0233   0.000       0.000      0.1104E-02  0.8881E-06 -0.4415E-01  0.4305E-01   0.000       0.000       0.000       0.000        0.000       0.000       0.000       0.000       0.000       0.000                            0.8881E-06  0.8881E-06   0.000    
   2505600.0   10.90602886   11.0159   0.000       0.000      0.1099E-02  0.3998E-06 -0.4395E-01  0.4285E-01   0.000       0.000       0.000       0.000        0.000       0.000       0.000       0.000       0.000       0.000                            0.3998E-06  0.3998E-06   0.000    
   2592000.0   10.89591443   11.0051   0.000       0.000      0.1092E-02  0.5853E-06 -0.4372E-01  0.4263E-01   0.000       0.000       0.000       0.000        0.000       0.000       0.000       0.000       0.000       0.000                            0.5853E-06  0.5853E-06   0.000    
   2678400.0   10.91488115   11.0252   0.000       0.000      0.1103E-02 -0.1098E-05 -0.4395E-01  0.4285E-01   0.000       0.000       0.000       0.000        0.000       0.000       0.000       0.000       0.000       0.000                           -0.1098E-05 -0.1098E-05   0.000    
   2764800.0   10.99034995   11.1050   0.000       0.000      0.1146E-02 -0.4367E-05 -0.4507E-01  0.4392E-01   0.000       0.000       0.000       0.000        0.000       0.000       0.000       0.000       0.000       0.000                           -0.4367E-05 -0.4367E-05   0.000    
   2851200.0   11.17590676   11.3005   0.000       0.000      0.1246E-02 -0.1074E-04 -0.4773E-01  0.4649E-01   0.000       0.000       0.000       0.000        0.000       0.000       0.000       0.000       0.000       0.000                           -0.1074E-04 -0.1074E-04   0.000    
   2937600.0   11.14231234   11.2664   0.000       0.000      0.1241E-02  0.1944E-05 -0.4772E-01  0.4648E-01   0.000       0.000       0.000       0.000        0.000       0.000       0.000       0.000       0.000       0.000                            0.1944E-05  0.1944E-05   0.000    
   3024000.0   11.14915076   11.2741   0.000       0.000      0.1250E-02 -0.3957E-06 -0.4810E-01  0.4685E-01   0.000       0.000       0.000       0.000        0.000       0.000       0.000       0.000       0.000       0.000                           -0.3957E-06 -0.3957E-06   0.000    
   3110400.0   11.15084375   11.2761   0.000       0.000      0.1252E-02 -0.9797E-07 -0.4827E-01  0.4701E-01   0.000       0.000       0.000       0.000        0.000       0.000       0.000       0.000       0.000       0.000                           -0.9797E-07 -0.9797E-07   0.000    
   3196800.0   11.13899862   11.2637   0.000       0.000      0.1247E-02  0.6855E-06 -0.4821E-01  0.4696E-01   0.000       0.000       0.000       0.000        0.000       0.000       0.000       0.000       0.000       0.000                            0.6855E-06  0.6855E-06   0.000    
   3283200.0   11.12093960   11.2447   0.000       0.000      0.1237E-02  0.1045E-05 -0.4803E-01  0.4679E-01   0.000       0.000       0.000       0.000        0.000       0.000       0.000       0.000       0.000       0.000                            0.1045E-05  0.1045E-05   0.000    
   3369600.0   11.12365167   11.2473   0.000       0.000      0.1237E-02 -0.1569E-06 -0.4808E-01  0.4684E-01   0.000       0.000       0.000       0.000        0.000       0.000       0.000       0.000       0.000       0.000                           -0.1569E-06 -0.1569E-06   0.000    
   3456000.0   11.13835038   11.2626   0.000       0.000      0.1242E-02 -0.8506E-06 -0.4828E-01  0.4703E-01   0.000       0.000       0.000       0.000        0.000       0.000       0.000       0.000       0.000       0.000                           -0.8506E-06 -0.8506E-06   0.000    
   3542400.0   11.16130945   11.2867   0.000       0.000      0.1254E-02 -0.1329E-05 -0.4863E-01  0.4737E-01   0.000       0.000       0.000       0.000        0.000       0.000       0.000       0.000       0.000       0.000                           -0.1329E-05 -0.1329E-05   0.000    
   3628800.0   11.16991377   11.2957   0.000       0.000      0.1258E-02 -0.4979E-06 -0.4881E-01  0.4756E-01   0.000       0.000       0.000       0.000        0.000       0.000       0.000       0.000       0.000       0.000                           -0.4979E-06 -0.4979E-06   0.000    
   3715200.0   11.15826260   11.2836   0.000       0.000      0.1253E-02  0.6743E-06 -0.4874E-01  0.4749E-01   0.000       0.000       0.000       0.000        0.000       0.000       0.000       0.000       0.000       0.000                            0.6743E-06  0.6743E-06   0.000    
   3801600.0   11.16200220   11.2874   0.000       0.000      0.1254E-02 -0.2164E-06 -0.4882E-01  0.4757E-01   0.000       0.000       0.000       0.000        0.000       0.000       0.000       0.000       0.000       0.000                           -0.2164E-06 -0.2164E-06   0.000    
   3888000.0   11.17489737   11.3009   0.000       0.000      0.1260E-02 -0.7462E-06 -0.4901E-01  0.4775E-01   0.000       0.000       0.000       0.000        0.000       0.000       0.000       0.000       0.000       0.000                           -0.7462E-06 -0.7462E-06   0.000    
   3974400.0   11.20384951   11.3313   0.000       0.000      0.1274E-02 -0.1675E-05 -0.4943E-01  0.4816E-01   0.000       0.000       0.000       0.000        0.000       0.000       0.000       0.000       0.000       0.000                           -0.1675E-05 -0.1675E-05   0.000    
   4060800.0   11.22723812   11.3558   0.000       0.000      0.1286E-02 -0.1354E-05 -0.4980E-01  0.4852E-01   0.000       0.000       0.000       0.000        0.000       0.000       0.000       0.000       0.000       0.000                           -0.1354E-05 -0.1354E-05   0.000    
   4147200.0   11.21555091   11.3438   0.000       0.000      0.1282E-02  0.6763E-06 -0.4977E-01  0.4849E-01   0.000       0.000       0.000       0.000        0.000       0.000       0.000       0.000       0.000       0.000                            0.6763E-06  0.6763E-06   0.000    
   4233600.0   11.19717355   11.3245   0.000       0.000      0.1273E-02  0.1064E-05 -0.4959E-01  0.4832E-01   0.000       0.000       0.000       0.000        0.000       0.000       0.000       0.000       0.000       0.000                            0.1064E-05  0.1064E-05   0.000    
   4320000.0   11.18181307   11.3083   0.000       0.000      0.1265E-02  0.8889E-06 -0.4941E-01  0.4814E-01   0.000       0.000       0.000       0.000        0.000       0.000       0.000       0.000       0.000       0.000                            0.8889E-06  0.8889E-06   0.000    
   4406400.0   11.16532433   11.2909   0.000       0.000      0.1255E-02  0.9542E-06 -0.4917E-01  0.4791E-01   0.000       0.000       0.000       0.000        0.000       0.000       0.000       0.000       0.000       0.000                            0.9542E-06  0.9542E-06   0.000    
   4492800.0   11.15213031   11.2768   0.000       0.000      0.1247E-02  0.7635E-06 -0.4895E-01  0.4771E-01   0.000       0.000       0.000       0.000        0.000       0.000       0.000       0.000       0.000       0.000                            0.7635E-06  0.7635E-06   0.000    
   4579200.0   11.13503295   11.2587   0.000       0.000      0.1237E-02  0.9894E-06 -0.4868E-01  0.4744E-01   0.000       0.000       0.000       0.000        0.000       0.000       0.000       0.000       0.000       0.000                            0.9894E-06  0.9894E-06   0.000    
   4665600.0   11.11696689   11.2396   0.000       0.000      0.1226E-02  0.1045E-05 -0.4838E-01  0.4715E-01   0.000       0.000       0.000       0.000        0.000       0.000       0.000       0.000       0.000       0.000                            0.1045E-05  0.1045E-05   0.000    
   4752000.0   11.14265108   11.2664   0.000       0.000      0.1237E-02 -0.1486E-05 -0.4865E-01  0.4742E-01   0.000       0.000       0.000       0.000        0.000       0.000       0.000       0.000       0.000       0.000                           -0.1486E-05 -0.1486E-05   0.000    
   4838400.0   11.17987212   11.3054   0.000       0.000      0.1255E-02 -0.2154E-05 -0.4913E-01  0.4788E-01   0.000       0.000       0.000       0.000        0.000       0.000       0.000       0.000       0.000       0.000                           -0.2154E-05 -0.2154E-05   0.000    
   4924800.0   11.22166374   11.3493   0.000       0.000      0.1277E-02 -0.2418E-05 -0.4972E-01  0.4845E-01   0.000       0.000       0.000       0.000        0.000       0.000       0.000       0.000       0.000       0.000                           -0.2418E-05 -0.2418E-05   0.000    
   5011200.0   11.24778242   11.3770   0.000       0.000      0.1292E-02 -0.1511E-05 -0.5018E-01  0.4889E-01   0.000       0.000       0.000       0.000        0.000       0.000       0.000       0.000       0.000       0.000                           -0.1511E-05 -0.1511E-05   0.000    
   5097600.0   11.23519621   11.3641   0.000       0.000      0.1289E-02  0.7284E-06 -0.5016E-01  0.4887E-01   0.000       0.000       0.000       0.000        0.000       0.000       0.000       0.000       0.000       0.000                            0.7284E-06  0.7284E-06   0.000    
   5184000.0   11.21657102   11.3447   0.000       0.000      0.1282E-02  0.1078E-05 -0.5001E-01  0.4872E-01   0.000       0.000       0.000       0.000        0.000       0.000       0.000       0.000       0.000       0.000                            0.1078E-05  0.1078E-05   0.000    
   5270400.0   11.20016263   11.3275   0.000       0.000      0.1273E-02  0.9496E-06 -0.4980E-01  0.4853E-01   0.000       0.000       0.000       0.000        0.000       0.000       0.000       0.000       0.000       0.000                            0.9496E-06  0.9496E-06   0.000    
   5356800.0   11.18133363   11.3076   0.000       0.000      0.1263E-02  0.1090E-05 -0.4954E-01  0.4828E-01   0.000       0.000       0.000       0.000        0.000       0.000       0.000       0.000       0.000       0.000                            0.1090E-05  0.1090E-05   0.000    
   5443200.0   11.19091360   11.3175   0.000       0.000      0.1266E-02 -0.5544E-06 -0.4962E-01  0.4836E-01   0.000       0.000       0.000       0.000        0.000       0.000       0.000       0.000       0.000       0.000                           -0.5544E-06 -0.5544E-06   0.000    
   5529600.0   11.20334743   11.3304   0.000       0.000      0.1271E-02 -0.7196E-06 -0.4976E-01  0.4849E-01   0.000       0.000       0.000       0.000        0.000       0.000       0.000       0.000       0.000       0.000                           -0.7196E-06 -0.7196E-06   0.000    
   5616000.0   11.21682946   11.3446   0.000       0.000      0.1278E-02 -0.7802E-06 -0.4996E-01  0.4868E-01   0.000       0.000       0.000       0.000        0.000       0.000       0.000       0.000       0.000       0.000                           -0.7802E-06 -0.7802E-06   0.000    
   5702400.0   11.22555180   11.3538   0.000       0.000      0.1282E-02 -0.5048E-06 -0.5011E-01  0.4883E-01   0.000       0.000       0.000       0.000        0.000       0.000       0.000       0.000       0.000       0.000                           -0.5048E-06 -0.5048E-06   0.000    
   5788800.0   11.22120002   11.3493   0.000       0.000      0.1281E-02  0.2518E-06 -0.5010E-01  0.4882E-01   0.000       0.000       0.000       0.000        0.000       0.000       0.000       0.000       0.000       0.000                            0.2518E-06  0.2518E-06   0.000    
   5875200.0   11.22211047   11.3503   0.000       0.000      0.1282E-02 -0.5269E-07 -0.5014E-01  0.4886E-01   0.000       0.000       0.000       0.000        0.000       0.000       0.000       0.000       0.000       0.000                           -0.5269E-07 -0.5269E-07   0.000    
   5961600.0   11.21791529   11.3459   0.000       0.000      0.1280E-02  0.2428E-06 -0.5010E-01  0.4882E-01   0.000       0.000       0.000       0.000        0.000       0.000       0.000       0.000       0.000       0.000                            0.2428E-06  0.2428E-06   0.000    
   6048000.0   11.20523020   11.3326   0.000       0.000      0.1273E-02  0.7341E-06 -0.4994E-01  0.4867E-01   0.000       0.000       0.000       0.000        0.000       0.000       0.000       0.000       0.000       0.000                            0.7341E-06  0.7341E-06   0.000    
   6134400.0   11.18864173   11.3151   0.000       0.000      0.1265E-02  0.9600E-06 -0.4972E-01  0.4846E-01   0.000       0.000       0.000       0.000        0.000       0.000       0.000       0.000       0.000       0.000                            0.9600E-06  0.9600E-06   0.000    
   6220800.0   11.17052126   11.2960   0.000       0.000      0.1255E-02  0.1049E-05 -0.4945E-01  0.4819E-01   0.000       0.000       0.000       0.000        0.000       0.000       0.000       0.000       0.000       0.000                            0.1049E-05  0.1049E-05   0.000    
   6307200.0   11.15174146   11.2762   0.000       0.000      0.1244E-02  0.1087E-05 -0.4915E-01  0.4791E-01   0.000       0.000       0.000       0.000        0.000       0.000       0.000       0.000       0.000       0.000                            0.1087E-05  0.1087E-05   0.000    
   6393600.0   11.13307210   11.2564   0.000       0.000      0.1233E-02  0.1080E-05 -0.4883E-01  0.4760E-01   0.000       0.000       0.000       0.000        0.000       0.000       0.000       0.000       0.000       0.000                            0.1080E-05  0.1080E-05   0.000    
   6480000.0   11.11455115   11.2368   0.000       0.000      0.1222E-02  0.1072E-05 -0.4851E-01  0.4729E-01   0.000       0.000       0.000       0.000        0.000       0.000       0.000       0.000       0.000       0.000                            0.1072E-05  0.1072E-05   0.000    
   6566400.0   11.09638754   11.2175   0.000       0.000      0.1211E-02  0.1051E-05 -0.4817E-01  0.4696E-01   0.000       0.000       0.000       0.000        0.000       0.000       0.000       0.000       0.000       0.000                            0.1051E-05  0.1051E-05   0.000    
   6652800.0   11.07842944   11.1985   0.000       0.000      0.1201E-02  0.1039E-05 -0.4784E-01  0.4664E-01   0.000       0.000       0.000       0.000        0.000       0.000       0.000       0.000       0.000       0.000                            0.1039E-05  0.1039E-05   0.000    
   6739200.0   11.06111864   11.1801   0.000       0.000      0.1190E-02  0.1002E-05 -0.4750E-01  0.4631E-01   0.000       0.000       0.000       0.000        0.000       0.000       0.000       0.000       0.000       0.000                            0.1002E-05  0.1002E-05   0.000    
   6825600.0   11.04384199   11.1618   0.000       0.000      0.1180E-02  0.9998E-06 -0.4717E-01  0.4599E-01   0.000       0.000       0.000       0.000        0.000       0.000       0.000       0.000       0.000       0.000                            0.9998E-06  0.9998E-06   0.000    
   6912000.0   11.02685308   11.1438   0.000       0.000      0.1169E-02  0.9832E-06 -0.4683E-01  0.4566E-01   0.000       0.000       0.000       0.000        0.000       0.000       0.000       0.000       0.000       0.000                            0.9832E-06  0.9832E-06   0.000    
   6998400.0   11.01016478   11.1261   0.000       0.000      0.1159E-02  0.9658E-06 -0.4650E-01  0.4534E-01   0.000       0.000       0.000       0.000        0.000       0.000       0.000       0.000       0.000       0.000                            0.9658E-06  0.9658E-06   0.000    
   7084800.0   10.99413883   11.1091   0.000       0.000      0.1149E-02  0.9274E-06 -0.4617E-01  0.4502E-01   0.000       0.000       0.000       0.000        0.000       0.000       0.000       0.000       0.000       0.000                            0.9274E-06  0.9274E-06   0.000    
   7171200.0   10.97867914   11.0927   0.000       0.000      0.1140E-02  0.8947E-06 -0.4584E-01  0.4470E-01   0.000       0.000       0.000       0.000        0.000       0.000       0.000       0.000       0.000       0.000                            0.8947E-06  0.8947E-06   0.000    
   7257600.0   10.96361556   11.0767   0.000       0.000      0.1131E-02  0.8717E-06 -0.4552E-01  0.4439E-01   0.000       0.000       0.000       0.000        0.000       0.000       0.000       0.000       0.000       0.000                            0.8717E-06  0.8717E-06   0.000    
   7344000.0   10.94915531   11.0613   0.000       0.000      0.1122E-02  0.8368E-06 -0.4521E-01  0.4408E-01   0.000       0.000       0.000       0.000        0.000       0.000       0.000       0.000       0.000       0.000                            0.8368E-06  0.8368E-06   0.000    
   7430400.0   10.93613183   11.0475   0.000       0.000      0.1114E-02  0.7537E-06 -0.4492E-01  0.4380E-01   0.000       0.000       0.000       0.000        0.000       0.000       0.000       0.000       0.000       0.000                            0.7537E-06  0.7537E-06   0.000    
   7516800.0   10.92337241   11.0339   0.000       0.000      0.1106E-02  0.7384E-06 -0.4463E-01  0.4352E-01   0.000       0.000       0.000       0.000        0.000       0.000       0.000       0.000       0.000       0.000                            0.7384E-06  0.7384E-06   0.000    
   7603200.0   10.91024300   11.0200   0.000       0.000      0.1098E-02  0.7598E-06 -0.4434E-01  0.4324E-01   0.000       0.000       0.000       0.000        0.000       0.000       0.000       0.000       0.000       0.000                            0.7598E-06  0.7598E-06   0.000    
   7689600.0   10.89759369   11.0065   0.000       0.000      0.1090E-02  0.7320E-06 -0.4405E-01  0.4296E-01   0.000       0.000       0.000       0.000        0.000       0.000       0.000       0.000       0.000       0.000                            0.7320E-06  0.7320E-06   0.000    
   7776000.0   10.88582446   10.9941   0.000       0.000      0.1082E-02  0.6811E-06 -0.4378E-01  0.4270E-01   0.000       0.000       0.000       0.000        0.000       0.000       0.000       0.000       0.000       0.000                            0.6811E-06  0.6811E-06   0.000    
   7862400.0   10.87400450   10.9815   0.000       0.000      0.1075E-02  0.6840E-06 -0.4351E-01  0.4243E-01   0.000       0.000       0.000       0.000        0.000       0.000       0.000       0.000       0.000       0.000                            0.6840E-06  0.6840E-06   0.000    
   7948800.0   10.86249615   10.9693   0.000       0.000      0.1068E-02  0.6660E-06 -0.4324E-01  0.4218E-01   0.000       0.000       0.000       0.000        0.000       0.000       0.000       0.000       0.000       0.000                            0.6660E-06  0.6660E-06   0.000    
   8035200.0   10.85142762   10.9575   0.000       0.000      0.1060E-02  0.6405E-06 -0.4298E-01  0.4192E-01   0.000       0.000       0.000       0.000        0.000       0.000       0.000       0.000       0.000       0.000                            0.6405E-06  0.6405E-06   0.000    
   8121600.0   10.84061488   10.9460   0.000       0.000      0.1054E-02  0.6257E-06 -0.4273E-01  0.4167E-01   0.000       0.000       0.000       0.000        0.000       0.000       0.000       0.000       0.000       0.000                            0.6257E-06  0.6257E-06   0.000    
   8208000.0   10.83020817   10.9349   0.000       0.000      0.1047E-02  0.6022E-06 -0.4247E-01  0.4142E-01   0.000       0.000       0.000       0.000        0.000       0.000       0.000       0.000       0.000       0.000                            0.6022E-06  0.6022E-06   0.000    
   8294400.0   10.82001190   10.9241   0.000       0.000      0.1041E-02  0.5901E-06 -0.4223E-01  0.4119E-01   0.000       0.000       0.000       0.000        0.000       0.000       0.000       0.000       0.000       0.000                            0.5901E-06  0.5901E-06   0.000    
   8380800.0   10.86576290   10.9727   0.000       0.000      0.1069E-02 -0.2648E-05 -0.4291E-01  0.4184E-01   0.000       0.000       0.000       0.000        0.000       0.000       0.000       0.000       0.000       0.000                           -0.2648E-05 -0.2648E-05   0.000    
   8467200.0   10.87026669   10.9777   0.000       0.000      0.1075E-02 -0.2606E-06 -0.4302E-01  0.4194E-01   0.000       0.000       0.000       0.000        0.000       0.000       0.000       0.000       0.000       0.000                           -0.2606E-06 -0.2606E-06   0.000    
   8553600.0   10.87106004   10.9788   0.000       0.000      0.1077E-02 -0.4591E-07 -0.4307E-01  0.4200E-01   0.000       0.000       0.000       0.000        0.000       0.000       0.000       0.000       0.000       0.000                           -0.4591E-07 -0.4591E-07   0.000    
   8640000.0   10.86696904   10.9746   0.000       0.000      0.1076E-02  0.2367E-06 -0.4303E-01  0.4195E-01   0.000       0.000       0.000       0.000        0.000       0.000       0.000       0.000       0.000       0.000                            0.2367E-06  0.2367E-06   0.000    
   8726400.0   10.86040990   10.9677   0.000       0.000      0.1073E-02  0.3796E-06 -0.4293E-01  0.4185E-01   0.000       0.000       0.000       0.000        0.000       0.000       0.000       0.000       0.000       0.000                            0.3796E-06  0.3796E-06   0.000    
   8812800.0   10.85264390   10.9595   0.000       0.000      0.1068E-02  0.4494E-06 -0.4278E-01  0.4171E-01   0.000       0.000       0.000       0.000        0.000       0.000       0.000       0.000       0.000       0.000                            0.4494E-06  0.4494E-06   0.000    
   8899200.0   10.84280386   10.9490   0.000       0.000      0.1062E-02  0.5694E-06 -0.4259E-01  0.4153E-01   0.000       0.000       0.000       0.000        0.000       0.000       0.000       0.000       0.000       0.000                            0.5694E-06  0.5694E-06   0.000    
   8985600.0   10.83951669   10.9455   0.000       0.000      0.1060E-02  0.1902E-06 -0.4250E-01  0.4144E-01   0.000       0.000       0.000       0.000        0.000       0.000       0.000       0.000       0.000       0.000                            0.1902E-06  0.1902E-06   0.000    
   9072000.0   10.84723918   10.9537   0.000       0.000      0.1064E-02 -0.4469E-06 -0.4259E-01  0.4153E-01   0.000       0.000       0.000       0.000        0.000       0.000       0.000       0.000       0.000       0.000                           -0.4469E-06 -0.4469E-06   0.000    
   9158400.0   10.84334283   10.9496   0.000       0.000      0.1062E-02  0.2255E-06 -0.4252E-01  0.4146E-01   0.000       0.000       0.000       0.000        0.000       0.000       0.000       0.000       0.000       0.000                            0.2255E-06  0.2255E-06   0.000    
   9244800.0   10.87110627   10.9791   0.000       0.000      0.1080E-02 -0.1607E-05 -0.4297E-01  0.4189E-01   0.000       0.000       0.000       0.000        0.000       0.000       0.000       0.000       0.000       0.000                           -0.1607E-05 -0.1607E-05   0.000    
   9331200.0   10.94151025   11.0538   0.000       0.000      0.1123E-02 -0.4074E-05 -0.4410E-01  0.4298E-01   0.000       0.000       0.000       0.000        0.000       0.000       0.000       0.000       0.000       0.000                           -0.4074E-05 -0.4074E-05   0.000    
   9417600.0   11.11311794   11.2351   0.000       0.000      0.1220E-02 -0.9931E-05 -0.4670E-01  0.4549E-01   0.000       0.000       0.000       0.000        0.000       0.000       0.000       0.000       0.000       0.000                           -0.9931E-05 -0.9931E-05   0.000    
   9504000.0   11.23959748   11.3687   0.000       0.000      0.1291E-02 -0.7319E-05 -0.4874E-01  0.4746E-01   0.000       0.000       0.000       0.000        0.000       0.000       0.000       0.000       0.000       0.000                           -0.7319E-05 -0.7319E-05   0.000    
   9590400.0   11.21705665   11.3463   0.000       0.000      0.1292E-02  0.1304E-05 -0.4901E-01  0.4772E-01   0.000       0.000       0.000       0.000        0.000       0.000       0.000       0.000       0.000       0.000                            0.1304E-05  0.1304E-05   0.000    
   9676800.0   11.18890340   11.3173   0.000       0.000      0.1284E-02  0.1629E-05 -0.4900E-01  0.4771E-01   0.000       0.000       0.000       0.000        0.000       0.000       0.000       0.000       0.000       0.000                            0.1629E-05  0.1629E-05   0.000    
   9763200.0   11.15874367   11.2856   0.000       0.000      0.1269E-02  0.1745E-05 -0.4876E-01  0.4749E-01   0.000       0.000       0.000       0.000        0.000       0.000       0.000       0.000       0.000       0.000                            0.1745E-05  0.1745E-05   0.000    
   9849600.0   11.12994295   11.2551   0.000       0.000      0.1252E-02  0.1667E-05 -0.4842E-01  0.4717E-01   0.000       0.000       0.000       0.000        0.000       0.000       0.000       0.000       0.000       0.000                            0.1667E-05  0.1667E-05   0.000    
   9936000.0   11.14845328   11.2742   0.000       0.000      0.1257E-02 -0.1071E-05 -0.4865E-01  0.4739E-01   0.000       0.000       0.000       0.000        0.000       0.000       0.000       0.000       0.000       0.000                           -0.1071E-05 -0.1071E-05   0.000    
  10022400.0   11.16379699   11.2901   0.000       0.000      0.1263E-02 -0.8879E-06 -0.4888E-01  0.4762E-01   0.000       0.000       0.000       0.000        0.000       0.000       0.000       0.000       0.000       0.000                           -0.8879E-06 -0.8879E-06   0.000    
  10108800.0   11.16846820   11.2949   0.000       0.000      0.1264E-02 -0.2703E-06 -0.4901E-01  0.4774E-01   0.000       0.000       0.000       0.000        0.000       0.000       0.000       0.000       0.000       0.000                           -0.2703E-06 -0.2703E-06   0.000    
  10195200.0   11.18102975   11.3080   0.000       0.000      0.1270E-02 -0.7269E-06 -0.4923E-01  0.4796E-01   0.000       0.000       0.000       0.000        0.000       0.000       0.000       0.000       0.000       0.000                           -0.7269E-06 -0.7269E-06   0.000    
  10281600.0   11.18776080   11.3150   0.000       0.000      0.1273E-02 -0.3895E-06 -0.4938E-01  0.4810E-01   0.000       0.000       0.000       0.000        0.000       0.000       0.000       0.000       0.000       0.000                           -0.3895E-06 -0.3895E-06   0.000    
  10368000.0   11.17544071   11.3021   0.000       0.000      0.1267E-02  0.7130E-06 -0.4929E-01  0.4802E-01   0.000       0.000       0.000       0.000        0.000       0.000       0.000       0.000       0.000       0.000                            0.7130E-06  0.7130E-06   0.000    
  10454400.0   11.15641541   11.2820   0.000       0.000      0.1256E-02  0.1101E-05 -0.4907E-01  0.4781E-01   0.000       0.000       0.000       0.000        0.000       0.000       0.000       0.000       0.000       0.000                            0.1101E-05  0.1101E-05   0.000    
  10540800.0   11.15541269   11.2808   0.000       0.000      0.1254E-02  0.5803E-07 -0.4904E-01  0.4779E-01   0.000       0.000       0.000       0.000        0.000       0.000       0.000       0.000       0.000       0.000                            0.5803E-07  0.5803E-07   0.000    
  10627200.0   11.16371033   11.2894   0.000       0.000      0.1257E-02 -0.4802E-06 -0.4914E-01  0.4788E-01   0.000       0.000       0.000       0.000        0.000       0.000       0.000       0.000       0.000       0.000                           -0.4802E-06 -0.4802E-06   0.000    
  10713600.0   11.16432745   11.2900   0.000       0.000      0.1256E-02 -0.3571E-07 -0.4916E-01  0.4791E-01   0.000       0.000       0.000       0.000        0.000       0.000       0.000       0.000       0.000       0.000                           -0.3571E-07 -0.3571E-07   0.000    
  10800000.0   11.15508343   11.2802   0.000       0.000      0.1251E-02  0.5350E-06 -0.4906E-01  0.4780E-01   0.000       0.000       0.000       0.000        0.000       0.000       0.000       0.000       0.000       0.000                            0.5350E-06  0.5350E-06   0.000    
  10886400.0   11.13958446   11.2639   0.000       0.000      0.1243E-02  0.8969E-06 -0.4886E-01  0.4762E-01   0.000       0.000       0.000       0.000        0.000       0.000       0.000       0.000       0.000       0.000                            0.8969E-06  0.8969E-06   0.000    
  10972800.0   11.12099221   11.2442   0.000       0.000      0.1232E-02  0.1076E-05 -0.4858E-01  0.4735E-01   0.000       0.000       0.000       0.000        0.000       0.000       0.000       0.000       0.000       0.000                            0.1076E-05  0.1076E-05   0.000    
  11059200.0   11.09923755   11.2212   0.000       0.000      0.1220E-02  0.1259E-05 -0.4824E-01  0.4702E-01   0.000       0.000       0.000       0.000        0.000       0.000       0.000       0.000       0.000       0.000                            0.1259E-05  0.1259E-05   0.000    
  11145600.0   11.07735099   11.1980   0.000       0.000      0.1207E-02  0.1267E-05 -0.4787E-01  0.4667E-01   0.000       0.000       0.000       0.000        0.000       0.000       0.000       0.000       0.000       0.000                            0.1267E-05  0.1267E-05   0.000    
  11232000.0   11.05645420   11.1758   0.000       0.000      0.1193E-02  0.1209E-05 -0.4749E-01  0.4629E-01   0.000       0.000       0.000       0.000        0.000       0.000       0.000       0.000       0.000       0.000                            0.1209E-05  0.1209E-05   0.000    
  11318400.0   11.03637352   11.1545   0.000       0.000      0.1181E-02  0.1162E-05 -0.4712E-01  0.4593E-01   0.000       0.000       0.000       0.000        0.000       0.000       0.000       0.000       0.000       0.000                            0.1162E-05  0.1162E-05   0.000    
  11404800.0   11.04054203   11.1587   0.000       0.000      0.1181E-02 -0.2412E-06 -0.4708E-01  0.4590E-01   0.000       0.000       0.000       0.000        0.000       0.000       0.000       0.000       0.000       0.000                           -0.2412E-06 -0.2412E-06   0.000    
  11491200.0   11.02284032   11.1399   0.000       0.000      0.1171E-02  0.1024E-05 -0.4676E-01  0.4558E-01   0.000       0.000       0.000       0.000        0.000       0.000       0.000       0.000       0.000       0.000                            0.1024E-05  0.1024E-05   0.000    
  11577600.0   11.04879004   11.1672   0.000       0.000      0.1184E-02 -0.1502E-05 -0.4706E-01  0.4588E-01   0.000       0.000       0.000       0.000        0.000       0.000       0.000       0.000       0.000       0.000                           -0.1502E-05 -0.1502E-05   0.000    
  11664000.0   11.12115917   11.2434   0.000       0.000      0.1223E-02 -0.4188E-05 -0.4805E-01  0.4683E-01   0.000       0.000       0.000       0.000        0.000       0.000       0.000       0.000       0.000       0.000                           -0.4188E-05 -0.4188E-05   0.000    
  11750400.0   11.29462550   11.4255   0.000       0.000      0.1309E-02 -0.1004E-04 -0.5035E-01  0.4906E-01   0.000       0.000       0.000       0.000        0.000       0.000       0.000       0.000       0.000       0.000                           -0.1004E-04 -0.1004E-04   0.000    
  11836800.0   11.26199717   11.3924   0.000       0.000      0.1304E-02  0.1888E-05 -0.5036E-01  0.4905E-01   0.000       0.000       0.000       0.000        0.000       0.000       0.000       0.000       0.000       0.000                            0.1888E-05  0.1888E-05   0.000    
  11923200.0   11.23217848   11.3617   0.000       0.000      0.1296E-02  0.1726E-05 -0.5026E-01  0.4896E-01   0.000       0.000       0.000       0.000        0.000       0.000       0.000       0.000       0.000       0.000                            0.1726E-05  0.1726E-05   0.000    
  12009600.0   11.20441113   11.3327   0.000       0.000      0.1283E-02  0.1607E-05 -0.4998E-01  0.4870E-01   0.000       0.000       0.000       0.000        0.000       0.000       0.000       0.000       0.000       0.000                            0.1607E-05  0.1607E-05   0.000    
  12096000.0   11.19735427   11.3251   0.000       0.000      0.1278E-02  0.4084E-06 -0.4989E-01  0.4861E-01   0.000       0.000       0.000       0.000        0.000       0.000       0.000       0.000       0.000       0.000                            0.4084E-06  0.4084E-06   0.000    
  12182400.0   11.18805289   11.3152   0.000       0.000      0.1272E-02  0.5383E-06 -0.4976E-01  0.4849E-01   0.000       0.000       0.000       0.000        0.000       0.000       0.000       0.000       0.000       0.000                            0.5383E-06  0.5383E-06   0.000    
  12268800.0   11.17279150   11.2991   0.000       0.000      0.1263E-02  0.8832E-06 -0.4955E-01  0.4829E-01   0.000       0.000       0.000       0.000        0.000       0.000       0.000       0.000       0.000       0.000                            0.8832E-06  0.8832E-06   0.000    
  12355200.0   11.15382557   11.2790   0.000       0.000      0.1252E-02  0.1098E-05 -0.4928E-01  0.4803E-01   0.000       0.000       0.000       0.000        0.000       0.000       0.000       0.000       0.000       0.000                            0.1098E-05  0.1098E-05   0.000    
  12441600.0   11.14025238   11.2646   0.000       0.000      0.1243E-02  0.7855E-06 -0.4905E-01  0.4780E-01   0.000       0.000       0.000       0.000        0.000       0.000       0.000       0.000       0.000       0.000                            0.7855E-06  0.7855E-06   0.000    
  12528000.0   11.18562070   11.3120   0.000       0.000      0.1264E-02 -0.2625E-05 -0.4958E-01  0.4832E-01   0.000       0.000       0.000       0.000        0.000       0.000       0.000       0.000       0.000       0.000                           -0.2625E-05 -0.2625E-05   0.000    
  12614400.0   11.23796313   11.3669   0.000       0.000      0.1289E-02 -0.3029E-05 -0.5027E-01  0.4899E-01   0.000       0.000       0.000       0.000        0.000       0.000       0.000       0.000       0.000       0.000                           -0.3029E-05 -0.3029E-05   0.000    
  12700800.0   11.22968668   11.3585   0.000       0.000      0.1289E-02  0.4790E-06 -0.5031E-01  0.4902E-01   0.000       0.000       0.000       0.000        0.000       0.000       0.000       0.000       0.000       0.000                            0.4790E-06  0.4790E-06   0.000    
  12787200.0   11.21406496   11.3423   0.000       0.000      0.1283E-02  0.9040E-06 -0.5020E-01  0.4892E-01   0.000       0.000       0.000       0.000        0.000       0.000       0.000       0.000       0.000       0.000                            0.9040E-06  0.9040E-06   0.000    
  12873600.0   11.19313293   11.3204   0.000       0.000      0.1273E-02  0.1211E-05 -0.4996E-01  0.4869E-01   0.000       0.000       0.000       0.000        0.000       0.000       0.000       0.000       0.000       0.000                            0.1211E-05  0.1211E-05   0.000    
  12960000.0   11.19777431   11.3251   0.000       0.000      0.1274E-02 -0.2686E-06 -0.5000E-01  0.4872E-01   0.000       0.000       0.000       0.000        0.000       0.000       0.000       0.000       0.000       0.000                           -0.2686E-06 -0.2686E-06   0.000    
  13046400.0   11.18839175   11.3152   0.000       0.000      0.1268E-02  0.5430E-06 -0.4987E-01  0.4860E-01   0.000       0.000       0.000       0.000        0.000       0.000       0.000       0.000       0.000       0.000                            0.5430E-06  0.5430E-06   0.000    
  13132800.0   11.17450889   11.3006   0.000       0.000      0.1261E-02  0.8034E-06 -0.4967E-01  0.4841E-01   0.000       0.000       0.000       0.000        0.000       0.000       0.000       0.000       0.000       0.000                            0.8034E-06  0.8034E-06   0.000    
  13219200.0   11.16470181   11.2902   0.000       0.000      0.1255E-02  0.5675E-06 -0.4951E-01  0.4826E-01   0.000       0.000       0.000       0.000        0.000       0.000       0.000       0.000       0.000       0.000                            0.5675E-06  0.5675E-06   0.000    
  13305600.0   11.15039417   11.2751   0.000       0.000      0.1247E-02  0.8280E-06 -0.4929E-01  0.4804E-01   0.000       0.000       0.000       0.000        0.000       0.000       0.000       0.000       0.000       0.000                            0.8280E-06  0.8280E-06   0.000    
  13392000.0   11.17166772   11.2973   0.000       0.000      0.1256E-02 -0.1231E-05 -0.4952E-01  0.4826E-01   0.000       0.000       0.000       0.000        0.000       0.000       0.000       0.000       0.000       0.000                           -0.1231E-05 -0.1231E-05   0.000    
  13478400.0   11.18766034   11.3141   0.000       0.000      0.1264E-02 -0.9255E-06 -0.4973E-01  0.4846E-01   0.000       0.000       0.000       0.000        0.000       0.000       0.000       0.000       0.000       0.000                           -0.9255E-06 -0.9255E-06   0.000    
  13564800.0   11.18317732   11.3095   0.000       0.000      0.1263E-02  0.2594E-06 -0.4971E-01  0.4844E-01   0.000       0.000       0.000       0.000        0.000       0.000       0.000       0.000       0.000       0.000                            0.2594E-06  0.2594E-06   0.000    
  13651200.0   11.17363735   11.2995   0.000       0.000      0.1259E-02  0.5521E-06 -0.4960E-01  0.4834E-01   0.000       0.000       0.000       0.000        0.000       0.000       0.000       0.000       0.000       0.000                            0.5521E-06  0.5521E-06   0.000    
  13737600.0   11.15997611   11.2852   0.000       0.000      0.1252E-02  0.7906E-06 -0.4943E-01  0.4817E-01   0.000       0.000       0.000       0.000        0.000       0.000       0.000       0.000       0.000       0.000                            0.7906E-06  0.7906E-06   0.000    
  13824000.0   11.20443858   11.3317   0.000       0.000      0.1273E-02 -0.2573E-05 -0.4996E-01  0.4869E-01   0.000       0.000       0.000       0.000        0.000       0.000       0.000       0.000       0.000       0.000                           -0.2573E-05 -0.2573E-05   0.000    
  13910400.0   11.26838019   11.3988   0.000       0.000      0.1304E-02 -0.3700E-05 -0.5081E-01  0.4951E-01   0.000       0.000       0.000       0.000        0.000       0.000       0.000       0.000       0.000       0.000                           -0.3700E-05 -0.3700E-05   0.000    
  13996800.0   11.26700243   11.3977   0.000       0.000      0.1307E-02  0.7973E-07 -0.5095E-01  0.4965E-01   0.000       0.000       0.000       0.000        0.000       0.000       0.000       0.000       0.000       0.000                            0.7973E-07  0.7973E-07   0.000    
  14083200.0   11.25245720   11.3827   0.000       0.000      0.1303E-02  0.8417E-06 -0.5089E-01  0.4959E-01   0.000       0.000       0.000       0.000        0.000       0.000       0.000       0.000       0.000       0.000                            0.8417E-06  0.8417E-06   0.000    
  14169600.0   11.26711791   11.3981   0.000       0.000      0.1310E-02 -0.8484E-06 -0.5112E-01  0.4981E-01   0.000       0.000       0.000       0.000        0.000       0.000       0.000       0.000       0.000       0.000                           -0.8484E-06 -0.8484E-06   0.000    
  14256000.0   11.27936119   11.4110   0.000       0.000      0.1316E-02 -0.7085E-06 -0.5132E-01  0.5001E-01   0.000       0.000       0.000       0.000        0.000       0.000       0.000       0.000       0.000       0.000                           -0.7085E-06 -0.7085E-06   0.000    
  14342400.0   11.34072114   11.4751   0.000       0.000      0.1344E-02 -0.3551E-05 -0.5211E-01  0.5077E-01   0.000       0.000       0.000       0.000        0.000       0.000       0.000       0.000       0.000       0.000                           -0.3551E-05 -0.3551E-05   0.000    
  14428800.0   11.49864686   11.6399   0.000       0.000      0.1413E-02 -0.9139E-05 -0.5402E-01  0.5261E-01   0.000       0.000       0.000       0.000        0.000       0.000       0.000       0.000       0.000       0.000                           -0.9139E-05 -0.9139E-05   0.000    
  14515200.0   11.49489878   11.6369   0.000       0.000      0.1420E-02  0.2169E-06 -0.5434E-01  0.5292E-01   0.000       0.000       0.000       0.000        0.000       0.000       0.000       0.000       0.000       0.000                            0.2169E-06  0.2169E-06   0.000    
  14601600.0   11.51923792   11.6627   0.000       0.000      0.1434E-02 -0.1409E-05 -0.5490E-01  0.5347E-01   0.000       0.000       0.000       0.000        0.000       0.000       0.000       0.000       0.000       0.000                           -0.1409E-05 -0.1409E-05   0.000    
  14688000.0   11.57189675   11.7177   0.000       0.000      0.1458E-02 -0.3047E-05 -0.5566E-01  0.5421E-01   0.000       0.000       0.000       0.000        0.000       0.000       0.000       0.000       0.000       0.000                           -0.3047E-05 -0.3047E-05   0.000    
  14774400.0   11.59103429   11.7379   0.000       0.000      0.1468E-02 -0.1107E-05 -0.5609E-01  0.5462E-01   0.000       0.000       0.000       0.000        0.000       0.000       0.000       0.000       0.000       0.000                           -0.1107E-05 -0.1107E-05   0.000    
  14860800.0   11.58119735   11.7279   0.000       0.000      0.1467E-02  0.5693E-06 -0.5619E-01  0.5472E-01   0.000       0.000       0.000       0.000        0.000       0.000       0.000       0.000       0.000       0.000                            0.5693E-06  0.5693E-06   0.000    
  14947200.0   11.56757255   11.7137   0.000       0.000      0.1462E-02  0.7885E-06 -0.5617E-01  0.5471E-01   0.000       0.000       0.000       0.000        0.000       0.000       0.000       0.000       0.000       0.000                            0.7885E-06  0.7885E-06   0.000    
  15033600.0   11.54558627   11.6908   0.000       0.000      0.1453E-02  0.1272E-05 -0.5602E-01  0.5457E-01   0.000       0.000       0.000       0.000        0.000       0.000       0.000       0.000       0.000       0.000                            0.1272E-05  0.1272E-05   0.000    
  15120000.0   11.51997362   11.6640   0.000       0.000      0.1440E-02  0.1482E-05 -0.5576E-01  0.5432E-01   0.000       0.000       0.000       0.000        0.000       0.000       0.000       0.000       0.000       0.000                            0.1482E-05  0.1482E-05   0.000    
  15206400.0   11.49047714   11.6331   0.000       0.000      0.1426E-02  0.1707E-05 -0.5543E-01  0.5401E-01   0.000       0.000       0.000       0.000        0.000       0.000       0.000       0.000       0.000       0.000                            0.1707E-05  0.1707E-05   0.000    
  15292800.0   11.45918081   11.6002   0.000       0.000      0.1410E-02  0.1811E-05 -0.5503E-01  0.5362E-01   0.000       0.000       0.000       0.000        0.000       0.000       0.000       0.000       0.000       0.000                            0.1811E-05  0.1811E-05   0.000    
  15379200.0   11.49915631   11.6415   0.000       0.000      0.1423E-02 -0.2313E-05 -0.5539E-01  0.5397E-01   0.000       0.000       0.000       0.000        0.000       0.000       0.000       0.000       0.000       0.000                           -0.2313E-05 -0.2313E-05   0.000    
  15465600.0   11.51821330   11.6612   0.000       0.000      0.1430E-02 -0.1103E-05 -0.5560E-01  0.5417E-01   0.000       0.000       0.000       0.000        0.000       0.000       0.000       0.000       0.000       0.000                           -0.1103E-05 -0.1103E-05   0.000    
  15552000.0   11.50355296   11.6461   0.000       0.000      0.1425E-02  0.8484E-06 -0.5551E-01  0.5408E-01   0.000       0.000       0.000       0.000        0.000       0.000       0.000       0.000       0.000       0.000                            0.8484E-06  0.8484E-06   0.000    
  15638400.0   11.47656141   11.6180   0.000       0.000      0.1414E-02  0.1562E-05 -0.5524E-01  0.5383E-01   0.000       0.000       0.000       0.000        0.000       0.000       0.000       0.000       0.000       0.000                            0.1562E-05  0.1562E-05   0.000    
  15724800.0   11.44797499   11.5881   0.000       0.000      0.1401E-02  0.1654E-05 -0.5490E-01  0.5350E-01   0.000       0.000       0.000       0.000        0.000       0.000       0.000       0.000       0.000       0.000                            0.1654E-05  0.1654E-05   0.000    
  15811200.0   11.41952304   11.5582   0.000       0.000      0.1387E-02  0.1647E-05 -0.5451E-01  0.5312E-01   0.000       0.000       0.000       0.000        0.000       0.000       0.000       0.000       0.000       0.000                            0.1647E-05  0.1647E-05   0.000    
  15897600.0   11.39219617   11.5295   0.000       0.000      0.1373E-02  0.1581E-05 -0.5411E-01  0.5274E-01   0.000       0.000       0.000       0.000        0.000       0.000       0.000       0.000       0.000       0.000                            0.1581E-05  0.1581E-05   0.000    
  15984000.0   11.37272526   11.5090   0.000       0.000      0.1362E-02  0.1127E-05 -0.5379E-01  0.5243E-01   0.000       0.000       0.000       0.000        0.000       0.000       0.000       0.000       0.000       0.000                            0.1127E-05  0.1127E-05   0.000    
  16070400.0   11.34788583   11.4828   0.000       0.000      0.1349E-02  0.1437E-05 -0.5339E-01  0.5204E-01   0.000       0.000       0.000       0.000        0.000       0.000       0.000       0.000       0.000       0.000                            0.1437E-05  0.1437E-05   0.000    
  16156800.0   11.32362709   11.4573   0.000       0.000      0.1336E-02  0.1404E-05 -0.5301E-01  0.5167E-01   0.000       0.000       0.000       0.000        0.000       0.000       0.000       0.000       0.000       0.000                            0.1404E-05  0.1404E-05   0.000    
  16243200.0   11.29982189   11.4322   0.000       0.000      0.1324E-02  0.1378E-05 -0.5260E-01  0.5128E-01   0.000       0.000       0.000       0.000        0.000       0.000       0.000       0.000       0.000       0.000                            0.1378E-05  0.1378E-05   0.000    
  16329600.0   11.27672761   11.4079   0.000       0.000      0.1311E-02  0.1336E-05 -0.5221E-01  0.5090E-01   0.000       0.000       0.000       0.000        0.000       0.000       0.000       0.000       0.000       0.000                            0.1336E-05  0.1336E-05   0.000    
  16416000.0   11.25444375   11.3844   0.000       0.000      0.1299E-02  0.1290E-05 -0.5182E-01  0.5052E-01   0.000       0.000       0.000       0.000        0.000       0.000       0.000       0.000       0.000       0.000                            0.1290E-05  0.1290E-05   0.000    
  16502400.0   11.23287073   11.3616   0.000       0.000      0.1287E-02  0.1248E-05 -0.5143E-01  0.5014E-01   0.000       0.000       0.000       0.000        0.000       0.000       0.000       0.000       0.000       0.000                            0.1248E-05  0.1248E-05   0.000    
  16588800.0   11.21211606   11.3397   0.000       0.000      0.1276E-02  0.1201E-05 -0.5105E-01  0.4977E-01   0.000       0.000       0.000       0.000        0.000       0.000       0.000       0.000       0.000       0.000                            0.1201E-05  0.1201E-05   0.000    
  16675200.0   11.19213396   11.3186   0.000       0.000      0.1265E-02  0.1156E-05 -0.5067E-01  0.4941E-01   0.000       0.000       0.000       0.000        0.000       0.000       0.000       0.000       0.000       0.000                            0.1156E-05  0.1156E-05   0.000    
  16761600.0   11.17655026   11.3022   0.000       0.000      0.1256E-02  0.9018E-06 -0.5036E-01  0.4910E-01   0.000       0.000       0.000       0.000        0.000       0.000       0.000       0.000       0.000       0.000                            0.9018E-06  0.9018E-06   0.000    
  16848000.0   11.16463722   11.2896   0.000       0.000      0.1249E-02  0.6894E-06 -0.5009E-01  0.4884E-01   0.000       0.000       0.000       0.000        0.000       0.000       0.000       0.000       0.000       0.000                            0.6894E-06  0.6894E-06   0.000    
  16934400.0   11.16617615   11.2911   0.000       0.000      0.1249E-02 -0.8906E-07 -0.5002E-01  0.4877E-01   0.000       0.000       0.000       0.000        0.000       0.000       0.000       0.000       0.000       0.000                           -0.8906E-07 -0.8906E-07   0.000    
  17020800.0   11.16085327   11.2855   0.000       0.000      0.1247E-02  0.3080E-06 -0.4988E-01  0.4863E-01   0.000       0.000       0.000       0.000        0.000       0.000       0.000       0.000       0.000       0.000                            0.3080E-06  0.3080E-06   0.000    
  17107200.0   11.14371488   11.2676   0.000       0.000      0.1239E-02  0.9918E-06 -0.4960E-01  0.4836E-01   0.000       0.000       0.000       0.000        0.000       0.000       0.000       0.000       0.000       0.000                            0.9918E-06  0.9918E-06   0.000    
  17193600.0   11.12722086   11.2503   0.000       0.000      0.1230E-02  0.9545E-06 -0.4931E-01  0.4808E-01   0.000       0.000       0.000       0.000        0.000       0.000       0.000       0.000       0.000       0.000                            0.9545E-06  0.9545E-06   0.000    
  17280000.0   11.11050402   11.2326   0.000       0.000      0.1221E-02  0.9674E-06 -0.4900E-01  0.4778E-01   0.000       0.000       0.000       0.000        0.000       0.000       0.000       0.000       0.000       0.000                            0.9674E-06  0.9674E-06   0.000    
  17366400.0   11.09378430   11.2150   0.000       0.000      0.1212E-02  0.9676E-06 -0.4869E-01  0.4748E-01   0.000       0.000       0.000       0.000        0.000       0.000       0.000       0.000       0.000       0.000                            0.9676E-06  0.9676E-06   0.000    
  17452800.0   11.07761427   11.1979   0.000       0.000      0.1203E-02  0.9358E-06 -0.4837E-01  0.4717E-01   0.000       0.000       0.000       0.000        0.000       0.000       0.000       0.000       0.000       0.000                            0.9358E-06  0.9358E-06   0.000    
  17539200.0   11.06185047   11.1812   0.000       0.000      0.1194E-02  0.9123E-06 -0.4806E-01  0.4687E-01   0.000       0.000       0.000       0.000        0.000       0.000       0.000       0.000       0.000       0.000                            0.9123E-06  0.9123E-06   0.000    
  17625600.0   11.04669521   11.1652   0.000       0.000      0.1185E-02  0.8770E-06 -0.4775E-01  0.4657E-01   0.000       0.000       0.000       0.000        0.000       0.000       0.000       0.000       0.000       0.000                            0.8770E-06  0.8770E-06   0.000    
  17712000.0   11.03749704   11.1554   0.000       0.000      0.1180E-02  0.5323E-06 -0.4753E-01  0.4635E-01   0.000       0.000       0.000       0.000        0.000       0.000       0.000       0.000       0.000       0.000                            0.5323E-06  0.5323E-06   0.000    
  17798400.0   11.02368859   11.1409   0.000       0.000      0.1172E-02  0.7991E-06 -0.4725E-01  0.4608E-01   0.000       0.000       0.000       0.000        0.000       0.000       0.000       0.000       0.000       0.000                            0.7991E-06  0.7991E-06   0.000    
  17884800.0   11.00966763   11.1260   0.000       0.000      0.1164E-02  0.8114E-06 -0.4696E-01  0.4580E-01   0.000       0.000       0.000       0.000        0.000       0.000       0.000       0.000       0.000       0.000                            0.8114E-06  0.8114E-06   0.000    
  17971200.0   10.99603517   11.1116   0.000       0.000      0.1156E-02  0.7889E-06 -0.4668E-01  0.4553E-01   0.000       0.000       0.000       0.000        0.000       0.000       0.000       0.000       0.000       0.000                            0.7889E-06  0.7889E-06   0.000    
  18057600.0   10.98292837   11.0977   0.000       0.000      0.1148E-02  0.7585E-06 -0.4640E-01  0.4525E-01   0.000       0.000       0.000       0.000        0.000       0.000       0.000       0.000       0.000       0.000                            0.7585E-06  0.7585E-06   0.000    
  18144000.0   10.97014375   11.0842   0.000       0.000      0.1141E-02  0.7399E-06 -0.4613E-01  0.4499E-01   0.000       0.000       0.000       0.000        0.000       0.000       0.000       0.000       0.000       0.000                            0.7399E-06  0.7399E-06   0.000    
  18230400.0   10.95780232   11.0711   0.000       0.000      0.1133E-02  0.7142E-06 -0.4586E-01  0.4472E-01   0.000       0.000       0.000       0.000        0.000       0.000       0.000       0.000       0.000       0.000                            0.7142E-06  0.7142E-06   0.000    
  18316800.0   10.94577398   11.0584   0.000       0.000      0.1126E-02  0.6961E-06 -0.4559E-01  0.4447E-01   0.000       0.000       0.000       0.000        0.000       0.000       0.000       0.000       0.000       0.000                            0.6961E-06  0.6961E-06   0.000    
  18403200.0   10.93411741   11.0460   0.000       0.000      0.1119E-02  0.6746E-06 -0.4533E-01  0.4421E-01   0.000       0.000       0.000       0.000        0.000       0.000       0.000       0.000       0.000       0.000                            0.6746E-06  0.6746E-06   0.000    
  18489600.0   10.92277244   11.0340   0.000       0.000      0.1112E-02  0.6565E-06 -0.4508E-01  0.4397E-01   0.000       0.000       0.000       0.000        0.000       0.000       0.000       0.000       0.000       0.000                            0.6565E-06  0.6565E-06   0.000    
  18576000.0   10.91172666   11.0223   0.000       0.000      0.1106E-02  0.6392E-06 -0.4483E-01  0.4372E-01   0.000       0.000       0.000       0.000        0.000       0.000       0.000       0.000       0.000       0.000                            0.6392E-06  0.6392E-06   0.000    
  18662400.0   10.90103880   11.0109   0.000       0.000      0.1099E-02  0.6185E-06 -0.4458E-01  0.4348E-01   0.000       0.000       0.000       0.000        0.000       0.000       0.000       0.000       0.000       0.000                            0.6185E-06  0.6185E-06   0.000    
  18748800.0   10.89052502   10.9998   0.000       0.000      0.1093E-02  0.6084E-06 -0.4434E-01  0.4325E-01   0.000       0.000       0.000       0.000        0.000       0.000       0.000       0.000       0.000       0.000                            0.6084E-06  0.6084E-06   0.000    
  18835200.0   10.89125684   11.0006   0.000       0.000      0.1093E-02 -0.4235E-07 -0.4428E-01  0.4319E-01   0.000       0.000       0.000       0.000        0.000       0.000       0.000       0.000       0.000       0.000                           -0.4235E-07 -0.4235E-07   0.000    
  18921600.0   10.88289358   10.9917   0.000       0.000      0.1088E-02  0.4840E-06 -0.4410E-01  0.4301E-01   0.000       0.000       0.000       0.000        0.000       0.000       0.000       0.000       0.000       0.000                            0.4840E-06  0.4840E-06   0.000    
  19008000.0   10.87216614   10.9804   0.000       0.000      0.1082E-02  0.6208E-06 -0.4388E-01  0.4279E-01   0.000       0.000       0.000       0.000        0.000       0.000       0.000       0.000       0.000       0.000                            0.6208E-06  0.6208E-06   0.000    
  19094400.0   10.86189233   10.9695   0.000       0.000      0.1076E-02  0.5945E-06 -0.4365E-01  0.4257E-01   0.000       0.000       0.000       0.000        0.000       0.000       0.000       0.000       0.000       0.000                            0.5945E-06  0.5945E-06   0.000    
  19180800.0   10.85194877   10.9589   0.000       0.000      0.1070E-02  0.5754E-06 -0.4342E-01  0.4235E-01   0.000       0.000       0.000       0.000        0.000       0.000       0.000       0.000       0.000       0.000                            0.5754E-06  0.5754E-06   0.000    
  19267200.0   10.84258595   10.9490   0.000       0.000      0.1064E-02  0.5418E-06 -0.4320E-01  0.4214E-01   0.000       0.000       0.000       0.000        0.000       0.000       0.000       0.000       0.000       0.000                            0.5418E-06  0.5418E-06   0.000    
  19353600.0   10.83323537   10.9390   0.000       0.000      0.1058E-02  0.5411E-06 -0.4298E-01  0.4192E-01   0.000       0.000       0.000       0.000        0.000       0.000       0.000       0.000       0.000       0.000                            0.5411E-06  0.5411E-06   0.000    
  19440000.0   10.82412728   10.9294   0.000       0.000      0.1052E-02  0.5271E-06 -0.4277E-01  0.4172E-01   0.000       0.000       0.000       0.000        0.000       0.000       0.000       0.000       0.000       0.000                            0.5271E-06  0.5271E-06   0.000    
  19526400.0   10.81532471   10.9200   0.000       0.000      0.1046E-02  0.5094E-06 -0.4255E-01  0.4150E-01   0.000       0.000       0.000       0.000        0.000       0.000       0.000       0.000       0.000       0.000                            0.5094E-06  0.5094E-06   0.000    
  19612800.0   10.80664552   10.9107   0.000       0.000      0.1041E-02  0.5023E-06 -0.4235E-01  0.4131E-01   0.000       0.000       0.000       0.000        0.000       0.000       0.000       0.000       0.000       0.000                            0.5023E-06  0.5023E-06   0.000    
  19699200.0   10.79825586   10.9018   0.000       0.000      0.1035E-02  0.4855E-06 -0.4214E-01  0.4110E-01   0.000       0.000       0.000       0.000        0.000       0.000       0.000       0.000       0.000       0.000                            0.4855E-06  0.4855E-06   0.000    
  19785600.0   10.78998200   10.8930   0.000       0.000      0.1030E-02  0.4788E-06 -0.4194E-01  0.4091E-01   0.000       0.000       0.000       0.000        0.000       0.000       0.000       0.000       0.000       0.000                            0.4788E-06  0.4788E-06   0.000    
  19872000.0   10.78196673   10.8844   0.000       0.000      0.1025E-02  0.4638E-06 -0.4174E-01  0.4071E-01   0.000       0.000       0.000       0.000        0.000       0.000       0.000       0.000       0.000       0.000                            0.4638E-06  0.4638E-06   0.000    
  19958400.0   10.78433972   10.8870   0.000       0.000      0.1027E-02 -0.1373E-06 -0.4172E-01  0.4070E-01   0.000       0.000       0.000       0.000        0.000       0.000       0.000       0.000       0.000       0.000                           -0.1373E-06 -0.1373E-06   0.000    
  20044800.0   10.79088839   10.8940   0.000       0.000      0.1032E-02 -0.3790E-06 -0.4180E-01  0.4077E-01   0.000       0.000       0.000       0.000        0.000       0.000       0.000       0.000       0.000       0.000                           -0.3790E-06 -0.3790E-06   0.000    
  20131200.0   10.78115935   10.8838   0.000       0.000      0.1026E-02  0.5630E-06 -0.4161E-01  0.4059E-01   0.000       0.000       0.000       0.000        0.000       0.000       0.000       0.000       0.000       0.000                            0.5630E-06  0.5630E-06   0.000    
  20217600.0   10.77529184   10.8776   0.000       0.000      0.1023E-02  0.3396E-06 -0.4149E-01  0.4046E-01   0.000       0.000       0.000       0.000        0.000       0.000       0.000       0.000       0.000       0.000                            0.3396E-06  0.3396E-06   0.000    
  20304000.0   10.76862170   10.8705   0.000       0.000      0.1019E-02  0.3860E-06 -0.4133E-01  0.4031E-01   0.000       0.000       0.000       0.000        0.000       0.000       0.000       0.000       0.000       0.000                            0.3860E-06  0.3860E-06   0.000    
  20390400.0   10.76001118   10.8613   0.000       0.000      0.1013E-02  0.4983E-06 -0.4114E-01  0.4013E-01   0.000       0.000       0.000       0.000        0.000       0.000       0.000       0.000       0.000       0.000                            0.4983E-06  0.4983E-06   0.000    
  20476800.0   10.75175507   10.8525   0.000       0.000      0.1007E-02  0.4778E-06 -0.4094E-01  0.3994E-01   0.000       0.000       0.000       0.000        0.000       0.000       0.000       0.000       0.000       0.000                            0.4778E-06  0.4778E-06   0.000    
  20563200.0   10.74376495   10.8439   0.000       0.000      0.1002E-02  0.4624E-06 -0.4075E-01  0.3975E-01   0.000       0.000       0.000       0.000        0.000       0.000       0.000       0.000       0.000       0.000                            0.4624E-06  0.4624E-06   0.000    
  20649600.0   10.73607361   10.8357   0.000       0.000      0.9962E-03  0.4451E-06 -0.4056E-01  0.3956E-01   0.000       0.000       0.000       0.000        0.000       0.000       0.000       0.000       0.000       0.000                            0.4451E-06  0.4451E-06   0.000    
  20736000.0   10.72857768   10.8277   0.000       0.000      0.9910E-03  0.4338E-06 -0.4037E-01  0.3938E-01   0.000       0.000       0.000       0.000        0.000       0.000       0.000       0.000       0.000       0.000                            0.4338E-06  0.4338E-06   0.000    
  20822400.0   10.72134060   10.8199   0.000       0.000      0.9858E-03  0.4188E-06 -0.4018E-01  0.3920E-01   0.000       0.000       0.000       0.000        0.000       0.000       0.000       0.000       0.000       0.000                            0.4188E-06  0.4188E-06   0.000    
  20908800.0   10.71425093   10.8123   0.000       0.000      0.9809E-03  0.4103E-06 -0.4001E-01  0.3902E-01   0.000       0.000       0.000       0.000        0.000       0.000       0.000       0.000       0.000       0.000                            0.4103E-06  0.4103E-06   0.000    
  20995200.0   10.70739566   10.8050   0.000       0.000      0.9759E-03  0.3967E-06 -0.3982E-01  0.3885E-01   0.000       0.000       0.000       0.000        0.000       0.000       0.000       0.000       0.000       0.000                            0.3967E-06  0.3967E-06   0.000    
  21081600.0   10.70065211   10.7978   0.000       0.000      0.9713E-03  0.3903E-06 -0.3965E-01  0.3868E-01   0.000       0.000       0.000       0.000        0.000       0.000       0.000       0.000       0.000       0.000                            0.3903E-06  0.3903E-06   0.000    
  21168000.0   10.69412511   10.7908   0.000       0.000      0.9665E-03  0.3777E-06 -0.3947E-01  0.3850E-01   0.000       0.000       0.000       0.000        0.000       0.000       0.000       0.000       0.000       0.000                            0.3777E-06  0.3777E-06   0.000    
  21254400.0   10.68767998   10.7839   0.000       0.000      0.9621E-03  0.3730E-06 -0.3930E-01  0.3834E-01   0.000       0.000       0.000       0.000        0.000       0.000       0.000       0.000       0.000       0.000                            0.3730E-06  0.3730E-06   0.000    
  21340800.0   10.68140319   10.7772   0.000       0.000      0.9576E-03  0.3632E-06 -0.3913E-01  0.3818E-01   0.000       0.000       0.000       0.000        0.000       0.000       0.000       0.000       0.000       0.000                            0.3632E-06  0.3632E-06   0.000    
  21427200.0   10.67527348   10.7706   0.000       0.000      0.9532E-03  0.3547E-06 -0.3897E-01  0.3801E-01   0.000       0.000       0.000       0.000        0.000       0.000       0.000       0.000       0.000       0.000                            0.3547E-06  0.3547E-06   0.000    
  21513600.0   10.67068803   10.7657   0.000       0.000      0.9501E-03  0.2654E-06 -0.3883E-01  0.3788E-01   0.000       0.000       0.000       0.000        0.000       0.000       0.000       0.000       0.000       0.000                            0.2654E-06  0.2654E-06   0.000    
  21600000.0   10.68076609   10.7765   0.000       0.000      0.9578E-03 -0.5832E-06 -0.3899E-01  0.3803E-01   0.000       0.000       0.000       0.000        0.000       0.000       0.000       0.000       0.000       0.000                           -0.5832E-06 -0.5832E-06   0.000    
  21686400.0   10.67315356   10.7685   0.000       0.000      0.9530E-03  0.4405E-06 -0.3882E-01  0.3787E-01   0.000       0.000       0.000       0.000        0.000       0.000       0.000       0.000       0.000       0.000                            0.4405E-06  0.4405E-06   0.000    
  21772800.0   10.66601458   10.7609   0.000       0.000      0.9484E-03  0.4131E-06 -0.3867E-01  0.3772E-01   0.000       0.000       0.000       0.000        0.000       0.000       0.000       0.000       0.000       0.000                            0.4131E-06  0.4131E-06   0.000    
  21859200.0   10.65928730   10.7536   0.000       0.000      0.9436E-03  0.3893E-06 -0.3850E-01  0.3756E-01   0.000       0.000       0.000       0.000        0.000       0.000       0.000       0.000       0.000       0.000                            0.3893E-06  0.3893E-06   0.000    
  21945600.0   10.65292623   10.7468   0.000       0.000      0.9387E-03  0.3681E-06 -0.3833E-01  0.3739E-01   0.000       0.000       0.000       0.000        0.000       0.000       0.000       0.000       0.000       0.000                            0.3681E-06  0.3681E-06   0.000    
  22032000.0   10.64675496   10.7402   0.000       0.000      0.9342E-03  0.3571E-06 -0.3817E-01  0.3723E-01   0.000       0.000       0.000       0.000        0.000       0.000       0.000       0.000       0.000       0.000                            0.3571E-06  0.3571E-06   0.000    
  22118400.0   10.64079691   10.7338   0.000       0.000      0.9297E-03  0.3448E-06 -0.3801E-01  0.3708E-01   0.000       0.000       0.000       0.000        0.000       0.000       0.000       0.000       0.000       0.000                            0.3448E-06  0.3448E-06   0.000    
  22204800.0   10.63505316   10.7276   0.000       0.000      0.9252E-03  0.3324E-06 -0.3785E-01  0.3692E-01   0.000       0.000       0.000       0.000        0.000       0.000       0.000       0.000       0.000       0.000                            0.3324E-06  0.3324E-06   0.000    
  22291200.0   10.62941700   10.7215   0.000       0.000      0.9210E-03  0.3262E-06 -0.3769E-01  0.3677E-01   0.000       0.000       0.000       0.000        0.000       0.000       0.000       0.000       0.000       0.000                            0.3262E-06  0.3262E-06   0.000    
  22377600.0   10.62393464   10.7156   0.000       0.000      0.9168E-03  0.3173E-06 -0.3754E-01  0.3662E-01   0.000       0.000       0.000       0.000        0.000       0.000       0.000       0.000       0.000       0.000                            0.3173E-06  0.3173E-06   0.000    
  22464000.0   10.63624340   10.7289   0.000       0.000      0.9266E-03 -0.7123E-06 -0.3775E-01  0.3682E-01   0.000       0.000       0.000       0.000        0.000       0.000       0.000       0.000       0.000       0.000                           -0.7123E-06 -0.7123E-06   0.000    
  22550400.0   10.63123549   10.7236   0.000       0.000      0.9237E-03  0.2898E-06 -0.3764E-01  0.3671E-01   0.000       0.000       0.000       0.000        0.000       0.000       0.000       0.000       0.000       0.000                            0.2898E-06  0.2898E-06   0.000    
  22636800.0   10.62906843   10.7213   0.000       0.000      0.9227E-03  0.1254E-06 -0.3759E-01  0.3666E-01   0.000       0.000       0.000       0.000        0.000       0.000       0.000       0.000       0.000       0.000                            0.1254E-06  0.1254E-06   0.000    
  22723200.0   10.67424857   10.7700   0.000       0.000      0.9576E-03 -0.2615E-05 -0.3847E-01  0.3751E-01   0.000       0.000       0.000       0.000        0.000       0.000       0.000       0.000       0.000       0.000                           -0.2615E-05 -0.2615E-05   0.000    
  22809600.0   10.67308292   10.7690   0.000       0.000      0.9593E-03  0.6746E-07 -0.3852E-01  0.3756E-01   0.000       0.000       0.000       0.000        0.000       0.000       0.000       0.000       0.000       0.000                            0.6746E-07  0.6746E-07   0.000    
  22896000.0   10.66985213   10.7657   0.000       0.000      0.9585E-03  0.1870E-06 -0.3852E-01  0.3756E-01   0.000       0.000       0.000       0.000        0.000       0.000       0.000       0.000       0.000       0.000                            0.1870E-06  0.1870E-06   0.000    
  22982400.0   10.66555284   10.7612   0.000       0.000      0.9560E-03  0.2488E-06 -0.3846E-01  0.3751E-01   0.000       0.000       0.000       0.000        0.000       0.000       0.000       0.000       0.000       0.000                            0.2488E-06  0.2488E-06   0.000    
  23068800.0   10.66077012   10.7560   0.000       0.000      0.9522E-03  0.2768E-06 -0.3837E-01  0.3741E-01   0.000       0.000       0.000       0.000        0.000       0.000       0.000       0.000       0.000       0.000                            0.2768E-06  0.2768E-06   0.000    
  23155200.0   10.65479055   10.7495   0.000       0.000      0.9476E-03  0.3460E-06 -0.3824E-01  0.3730E-01   0.000       0.000       0.000       0.000        0.000       0.000       0.000       0.000       0.000       0.000                            0.3460E-06  0.3460E-06   0.000    
  23241600.0   10.64838711   10.7426   0.000       0.000      0.9422E-03  0.3706E-06 -0.3810E-01  0.3716E-01   0.000       0.000       0.000       0.000        0.000       0.000       0.000       0.000       0.000       0.000                            0.3706E-06  0.3706E-06   0.000    
  23328000.0   10.64163335   10.7353   0.000       0.000      0.9363E-03  0.3908E-06 -0.3793E-01  0.3700E-01   0.000       0.000       0.000       0.000        0.000       0.000       0.000       0.000       0.000       0.000                            0.3908E-06  0.3908E-06   0.000    
  23414400.0   10.63480835   10.7279   0.000       0.000      0.9306E-03  0.3950E-06 -0.3777E-01  0.3683E-01   0.000       0.000       0.000       0.000        0.000       0.000       0.000       0.000       0.000       0.000                            0.3950E-06  0.3950E-06   0.000    
  23500800.0   10.62828342   10.7208   0.000       0.000      0.9251E-03  0.3776E-06 -0.3760E-01  0.3667E-01   0.000       0.000       0.000       0.000        0.000       0.000       0.000       0.000       0.000       0.000                            0.3776E-06  0.3776E-06   0.000    
  23587200.0   10.62195671   10.7139   0.000       0.000      0.9197E-03  0.3661E-06 -0.3743E-01  0.3651E-01   0.000       0.000       0.000       0.000        0.000       0.000       0.000       0.000       0.000       0.000                            0.3661E-06  0.3661E-06   0.000    
  23673600.0   10.61574434   10.7072   0.000       0.000      0.9143E-03  0.3595E-06 -0.3726E-01  0.3634E-01   0.000       0.000       0.000       0.000        0.000       0.000       0.000       0.000       0.000       0.000                            0.3595E-06  0.3595E-06   0.000    
  23760000.0   10.60949303   10.7004   0.000       0.000      0.9090E-03  0.3618E-06 -0.3709E-01  0.3618E-01   0.000       0.000       0.000       0.000        0.000       0.000       0.000       0.000       0.000       0.000                            0.3618E-06  0.3618E-06   0.000    
  23846400.0   10.60337752   10.6938   0.000       0.000      0.9039E-03  0.3539E-06 -0.3692E-01  0.3602E-01   0.000       0.000       0.000       0.000        0.000       0.000       0.000       0.000       0.000       0.000                            0.3539E-06  0.3539E-06   0.000    
  23932800.0   10.59750046   10.6874   0.000       0.000      0.8990E-03  0.3401E-06 -0.3675E-01  0.3585E-01   0.000       0.000       0.000       0.000        0.000       0.000       0.000       0.000       0.000       0.000                            0.3401E-06  0.3401E-06   0.000    
  24019200.0   10.59181846   10.6812   0.000       0.000      0.8943E-03  0.3288E-06 -0.3659E-01  0.3570E-01   0.000       0.000       0.000       0.000        0.000       0.000       0.000       0.000       0.000       0.000                            0.3288E-06  0.3288E-06   0.000    
  24105600.0   10.58631252   10.6753   0.000       0.000      0.8897E-03  0.3186E-06 -0.3643E-01  0.3554E-01   0.000       0.000       0.000       0.000        0.000       0.000       0.000       0.000       0.000       0.000                            0.3186E-06  0.3186E-06   0.000    
  24192000.0   10.58091826   10.6694   0.000       0.000      0.8852E-03  0.3122E-06 -0.3627E-01  0.3538E-01   0.000       0.000       0.000       0.000        0.000       0.000       0.000       0.000       0.000       0.000                            0.3122E-06  0.3122E-06   0.000    
  24278400.0   10.57560254   10.6637   0.000       0.000      0.8809E-03  0.3076E-06 -0.3611E-01  0.3523E-01   0.000       0.000       0.000       0.000        0.000       0.000       0.000       0.000       0.000       0.000                            0.3076E-06  0.3076E-06   0.000    
  24364800.0   10.57041779   10.6581   0.000       0.000      0.8766E-03  0.3000E-06 -0.3596E-01  0.3508E-01   0.000       0.000       0.000       0.000        0.000       0.000       0.000       0.000       0.000       0.000                            0.3000E-06  0.3000E-06   0.000    
  24451200.0   10.56537903   10.6526   0.000       0.000      0.8725E-03  0.2916E-06 -0.3581E-01  0.3494E-01   0.000       0.000       0.000       0.000        0.000       0.000       0.000       0.000       0.000       0.000                            0.2916E-06  0.2916E-06   0.000    
  24537600.0   10.56047902   10.6473   0.000       0.000      0.8685E-03  0.2836E-06 -0.3566E-01  0.3479E-01   0.000       0.000       0.000       0.000        0.000       0.000       0.000       0.000       0.000       0.000                            0.2836E-06  0.2836E-06   0.000    
  24624000.0   10.55571105   10.6422   0.000       0.000      0.8646E-03  0.2759E-06 -0.3551E-01  0.3465E-01   0.000       0.000       0.000       0.000        0.000       0.000       0.000       0.000       0.000       0.000                            0.2759E-06  0.2759E-06   0.000    
  24710400.0   10.55107845   10.6371   0.000       0.000      0.8607E-03  0.2681E-06 -0.3537E-01  0.3451E-01   0.000       0.000       0.000       0.000        0.000       0.000       0.000       0.000       0.000       0.000                            0.2681E-06  0.2681E-06   0.000    
  24796800.0   10.54652065   10.6322   0.000       0.000      0.8570E-03  0.2638E-06 -0.3523E-01  0.3437E-01   0.000       0.000       0.000       0.000        0.000       0.000       0.000       0.000       0.000       0.000                            0.2638E-06  0.2638E-06   0.000    
  24883200.0   10.54228692   10.6276   0.000       0.000      0.8536E-03  0.2450E-06 -0.3509E-01  0.3424E-01   0.000       0.000       0.000       0.000        0.000       0.000       0.000       0.000       0.000       0.000                            0.2450E-06  0.2450E-06   0.000    
  24969600.0   10.54260633   10.6280   0.000       0.000      0.8542E-03 -0.1848E-07 -0.3506E-01  0.3421E-01   0.000       0.000       0.000       0.000        0.000       0.000       0.000       0.000       0.000       0.000                           -0.1848E-07 -0.1848E-07   0.000    
  25056000.0   10.53794750   10.6230   0.000       0.000      0.8505E-03  0.2696E-06 -0.3493E-01  0.3408E-01   0.000       0.000       0.000       0.000        0.000       0.000       0.000       0.000       0.000       0.000                            0.2696E-06  0.2696E-06   0.000    
  25142400.0   10.53342441   10.6181   0.000       0.000      0.8469E-03  0.2618E-06 -0.3480E-01  0.3395E-01   0.000       0.000       0.000       0.000        0.000       0.000       0.000       0.000       0.000       0.000                            0.2618E-06  0.2618E-06   0.000    
  25228800.0   10.53799261   10.6231   0.000       0.000      0.8513E-03 -0.2644E-06 -0.3487E-01  0.3402E-01   0.000       0.000       0.000       0.000        0.000       0.000       0.000       0.000       0.000       0.000                           -0.2644E-06 -0.2644E-06   0.000    
  25315200.0   10.53377752   10.6186   0.000       0.000      0.8482E-03  0.2439E-06 -0.3476E-01  0.3391E-01   0.000       0.000       0.000       0.000        0.000       0.000       0.000       0.000       0.000       0.000                            0.2439E-06  0.2439E-06   0.000    
  25401600.0   10.53434614   10.6193   0.000       0.000      0.8492E-03 -0.3291E-07 -0.3475E-01  0.3390E-01   0.000       0.000       0.000       0.000        0.000       0.000       0.000       0.000       0.000       0.000                           -0.3291E-07 -0.3291E-07   0.000    
  25488000.0   10.53448242   10.6195   0.000       0.000      0.8497E-03 -0.7887E-08 -0.3474E-01  0.3389E-01   0.000       0.000       0.000       0.000        0.000       0.000       0.000       0.000       0.000       0.000                           -0.7887E-08 -0.7887E-08   0.000    
  25574400.0   10.53753082   10.6228   0.000       0.000      0.8529E-03 -0.1764E-06 -0.3480E-01  0.3394E-01   0.000       0.000       0.000       0.000        0.000       0.000       0.000       0.000       0.000       0.000                           -0.1764E-06 -0.1764E-06   0.000    
  25660800.0   10.53384176   10.6189   0.000       0.000      0.8503E-03  0.2135E-06 -0.3471E-01  0.3386E-01   0.000       0.000       0.000       0.000        0.000       0.000       0.000       0.000       0.000       0.000                            0.2135E-06  0.2135E-06   0.000    
  25747200.0   10.54064704   10.6263   0.000       0.000      0.8565E-03 -0.3938E-06 -0.3485E-01  0.3400E-01   0.000       0.000       0.000       0.000        0.000       0.000       0.000       0.000       0.000       0.000                           -0.3938E-06 -0.3938E-06   0.000    
  25833600.0   10.57850657   10.6675   0.000       0.000      0.8895E-03 -0.2191E-05 -0.3570E-01  0.3481E-01   0.000       0.000       0.000       0.000        0.000       0.000       0.000       0.000       0.000       0.000                           -0.2191E-05 -0.2191E-05   0.000    
  25920000.0   10.62943951   10.7227   0.000       0.000      0.9327E-03 -0.2948E-05 -0.3685E-01  0.3592E-01   0.000       0.000       0.000       0.000        0.000       0.000       0.000       0.000       0.000       0.000                           -0.2948E-05 -0.2948E-05   0.000    
  26006400.0   10.68100788   10.7786   0.000       0.000      0.9755E-03 -0.2984E-05 -0.3803E-01  0.3706E-01   0.000       0.000       0.000       0.000        0.000       0.000       0.000       0.000       0.000       0.000                           -0.2984E-05 -0.2984E-05   0.000    
  26092800.0   10.69531603   10.7944   0.000       0.000      0.9904E-03 -0.8280E-06 -0.3853E-01  0.3754E-01   0.000       0.000       0.000       0.000        0.000       0.000       0.000       0.000       0.000       0.000                           -0.8280E-06 -0.8280E-06   0.000    
  26179200.0   10.69091229   10.7899   0.000       0.000      0.9897E-03  0.2548E-06 -0.3863E-01  0.3764E-01   0.000       0.000       0.000       0.000        0.000       0.000       0.000       0.000       0.000       0.000                            0.2548E-06  0.2548E-06   0.000    
  26265600.0   10.68260887   10.7810   0.000       0.000      0.9836E-03  0.4805E-06 -0.3858E-01  0.3759E-01   0.000       0.000       0.000       0.000        0.000       0.000       0.000       0.000       0.000       0.000                            0.4805E-06  0.4805E-06   0.000    
  26352000.0   10.67317969   10.7707   0.000       0.000      0.9754E-03  0.5457E-06 -0.3845E-01  0.3747E-01   0.000       0.000       0.000       0.000        0.000       0.000       0.000       0.000       0.000       0.000                            0.5457E-06  0.5457E-06   0.000    
  26438400.0   10.66356376   10.7602   0.000       0.000      0.9664E-03  0.5565E-06 -0.3827E-01  0.3731E-01   0.000       0.000       0.000       0.000        0.000       0.000       0.000       0.000       0.000       0.000                            0.5565E-06  0.5565E-06   0.000    
  26524800.0   10.65399573   10.7497   0.000       0.000      0.9571E-03  0.5537E-06 -0.3808E-01  0.3712E-01   0.000       0.000       0.000       0.000        0.000       0.000       0.000       0.000       0.000       0.000                            0.5537E-06  0.5537E-06   0.000    
  26611200.0   10.64424066   10.7390   0.000       0.000      0.9476E-03  0.5645E-06 -0.3786E-01  0.3691E-01   0.000       0.000       0.000       0.000        0.000       0.000       0.000       0.000       0.000       0.000                            0.5645E-06  0.5645E-06   0.000    
  26697600.0   10.63500917   10.7289   0.000       0.000      0.9386E-03  0.5342E-06 -0.3764E-01  0.3670E-01   0.000       0.000       0.000       0.000        0.000       0.000       0.000       0.000       0.000       0.000                            0.5342E-06  0.5342E-06   0.000    
  26784000.0   10.62612975   10.7191   0.000       0.000      0.9300E-03  0.5139E-06 -0.3742E-01  0.3649E-01   0.000       0.000       0.000       0.000        0.000       0.000       0.000       0.000       0.000       0.000                            0.5139E-06  0.5139E-06   0.000    
  26870400.0   10.65390360   10.7489   0.000       0.000      0.9499E-03 -0.1607E-05 -0.3794E-01  0.3699E-01   0.000       0.000       0.000       0.000        0.000       0.000       0.000       0.000       0.000       0.000                           -0.1607E-05 -0.1607E-05   0.000    
  26956800.0   10.67178288   10.7682   0.000       0.000      0.9638E-03 -0.1035E-05 -0.3831E-01  0.3735E-01   0.000       0.000       0.000       0.000        0.000       0.000       0.000       0.000       0.000       0.000                           -0.1035E-05 -0.1035E-05   0.000    
  27043200.0   10.68885879   10.7866   0.000       0.000      0.9776E-03 -0.9882E-06 -0.3871E-01  0.3773E-01   0.000       0.000       0.000       0.000        0.000       0.000       0.000       0.000       0.000       0.000                           -0.9882E-06 -0.9882E-06   0.000    
  27129600.0   10.69459377   10.7929   0.000       0.000      0.9829E-03 -0.3319E-06 -0.3889E-01  0.3791E-01   0.000       0.000       0.000       0.000        0.000       0.000       0.000       0.000       0.000       0.000                           -0.3319E-06 -0.3319E-06   0.000    
  27216000.0   10.70447451   10.8036   0.000       0.000      0.9909E-03 -0.5718E-06 -0.3914E-01  0.3815E-01   0.000       0.000       0.000       0.000        0.000       0.000       0.000       0.000       0.000       0.000                           -0.5718E-06 -0.5718E-06   0.000    
  27302400.0   10.72861063   10.8295   0.000       0.000      0.1008E-02 -0.1397E-05 -0.3965E-01  0.3864E-01   0.000       0.000       0.000       0.000        0.000       0.000       0.000       0.000       0.000       0.000                           -0.1397E-05 -0.1397E-05   0.000    
  27388800.0   10.77589956   10.8801   0.000       0.000      0.1042E-02 -0.2737E-05 -0.4058E-01  0.3954E-01   0.000       0.000       0.000       0.000        0.000       0.000       0.000       0.000       0.000       0.000                           -0.2737E-05 -0.2737E-05   0.000    
  27475200.0   10.81758239   10.9247   0.000       0.000      0.1071E-02 -0.2412E-05 -0.4145E-01  0.4038E-01   0.000       0.000       0.000       0.000        0.000       0.000       0.000       0.000       0.000       0.000                           -0.2412E-05 -0.2412E-05   0.000    
  27561600.0   10.81571475   10.9230   0.000       0.000      0.1073E-02  0.1081E-06 -0.4162E-01  0.4055E-01   0.000       0.000       0.000       0.000        0.000       0.000       0.000       0.000       0.000       0.000                            0.1081E-06  0.1081E-06   0.000    
  27648000.0   10.80692695   10.9138   0.000       0.000      0.1068E-02  0.5086E-06 -0.4160E-01  0.4053E-01   0.000       0.000       0.000       0.000        0.000       0.000       0.000       0.000       0.000       0.000                            0.5086E-06  0.5086E-06   0.000    
  27734400.0   10.79446287   10.9004   0.000       0.000      0.1059E-02  0.7213E-06 -0.4145E-01  0.4039E-01   0.000       0.000       0.000       0.000        0.000       0.000       0.000       0.000       0.000       0.000                            0.7213E-06  0.7213E-06   0.000    
  27820800.0   10.78339224   10.8884   0.000       0.000      0.1050E-02  0.6407E-06 -0.4128E-01  0.4023E-01   0.000       0.000       0.000       0.000        0.000       0.000       0.000       0.000       0.000       0.000                            0.6407E-06  0.6407E-06   0.000    
  27907200.0   10.77474930   10.8790   0.000       0.000      0.1042E-02  0.5002E-06 -0.4112E-01  0.4008E-01   0.000       0.000       0.000       0.000        0.000       0.000       0.000       0.000       0.000       0.000                            0.5002E-06  0.5002E-06   0.000    
  27993600.0   10.79513267   10.9005   0.000       0.000      0.1053E-02 -0.1180E-05 -0.4145E-01  0.4040E-01   0.000       0.000       0.000       0.000        0.000       0.000       0.000       0.000       0.000       0.000                           -0.1180E-05 -0.1180E-05   0.000    
  28080000.0   10.82619286   10.9335   0.000       0.000      0.1073E-02 -0.1797E-05 -0.4200E-01  0.4093E-01   0.000       0.000       0.000       0.000        0.000       0.000       0.000       0.000       0.000       0.000                           -0.1797E-05 -0.1797E-05   0.000    
  28166400.0   10.84291298   10.9514   0.000       0.000      0.1084E-02 -0.9676E-06 -0.4237E-01  0.4129E-01   0.000       0.000       0.000       0.000        0.000       0.000       0.000       0.000       0.000       0.000                           -0.9676E-06 -0.9676E-06   0.000    
  28252800.0   10.83631682   10.9445   0.000       0.000      0.1082E-02  0.3817E-06 -0.4236E-01  0.4128E-01   0.000       0.000       0.000       0.000        0.000       0.000       0.000       0.000       0.000       0.000                            0.3817E-06  0.3817E-06   0.000    
  28339200.0   10.82474800   10.9321   0.000       0.000      0.1074E-02  0.6695E-06 -0.4223E-01  0.4115E-01   0.000       0.000       0.000       0.000        0.000       0.000       0.000       0.000       0.000       0.000                            0.6695E-06  0.6695E-06   0.000    
  28425600.0   10.81164688   10.9181   0.000       0.000      0.1064E-02  0.7582E-06 -0.4201E-01  0.4095E-01   0.000       0.000       0.000       0.000        0.000       0.000       0.000       0.000       0.000       0.000                            0.7582E-06  0.7582E-06   0.000    
  28512000.0   10.79818676   10.9036   0.000       0.000      0.1054E-02  0.7789E-06 -0.4176E-01  0.4071E-01   0.000       0.000       0.000       0.000        0.000       0.000       0.000       0.000       0.000       0.000                            0.7789E-06  0.7789E-06   0.000    
  28598400.0   10.78477702   10.8891   0.000       0.000      0.1043E-02  0.7760E-06 -0.4149E-01  0.4045E-01   0.000       0.000       0.000       0.000        0.000       0.000       0.000       0.000       0.000       0.000                            0.7760E-06  0.7760E-06   0.000    
  28684800.0   10.77166849   10.8749   0.000       0.000      0.1032E-02  0.7586E-06 -0.4121E-01  0.4018E-01   0.000       0.000       0.000       0.000        0.000       0.000       0.000       0.000       0.000       0.000                            0.7586E-06  0.7586E-06   0.000    
  28771200.0   10.75893708   10.8612   0.000       0.000      0.1022E-02  0.7368E-06 -0.4093E-01  0.3991E-01   0.000       0.000       0.000       0.000        0.000       0.000       0.000       0.000       0.000       0.000                            0.7368E-06  0.7368E-06   0.000    
  28857600.0   10.74664733   10.8479   0.000       0.000      0.1012E-02  0.7112E-06 -0.4065E-01  0.3963E-01   0.000       0.000       0.000       0.000        0.000       0.000       0.000       0.000       0.000       0.000                            0.7112E-06  0.7112E-06   0.000    
  28944000.0   10.73468573   10.8349   0.000       0.000      0.1003E-02  0.6922E-06 -0.4036E-01  0.3936E-01   0.000       0.000       0.000       0.000        0.000       0.000       0.000       0.000       0.000       0.000                            0.6922E-06  0.6922E-06   0.000    
  29030400.0   10.72302055   10.8223   0.000       0.000      0.9931E-03  0.6751E-06 -0.4008E-01  0.3908E-01   0.000       0.000       0.000       0.000        0.000       0.000       0.000       0.000       0.000       0.000                            0.6751E-06  0.6751E-06   0.000    
  29116800.0   10.71179537   10.8102   0.000       0.000      0.9840E-03  0.6496E-06 -0.3979E-01  0.3881E-01   0.000       0.000       0.000       0.000        0.000       0.000       0.000       0.000       0.000       0.000                            0.6496E-06  0.6496E-06   0.000    
  29203200.0   10.70079048   10.7983   0.000       0.000      0.9753E-03  0.6369E-06 -0.3952E-01  0.3854E-01   0.000       0.000       0.000       0.000        0.000       0.000       0.000       0.000       0.000       0.000                            0.6369E-06  0.6369E-06   0.000    
  29289600.0   10.69022140   10.7869   0.000       0.000      0.9669E-03  0.6116E-06 -0.3924E-01  0.3828E-01   0.000       0.000       0.000       0.000        0.000       0.000       0.000       0.000       0.000       0.000                            0.6116E-06  0.6116E-06   0.000    
  29376000.0   10.68013388   10.7760   0.000       0.000      0.9590E-03  0.5838E-06 -0.3898E-01  0.3802E-01   0.000       0.000       0.000       0.000        0.000       0.000       0.000       0.000       0.000       0.000                            0.5838E-06  0.5838E-06   0.000    
  29462400.0   10.67052066   10.7657   0.000       0.000      0.9513E-03  0.5563E-06 -0.3872E-01  0.3777E-01   0.000       0.000       0.000       0.000        0.000       0.000       0.000       0.000       0.000       0.000                            0.5563E-06  0.5563E-06   0.000    
  29548800.0   10.66124784   10.7557   0.000       0.000      0.9440E-03  0.5366E-06 -0.3847E-01  0.3752E-01   0.000       0.000       0.000       0.000        0.000       0.000       0.000       0.000       0.000       0.000                            0.5366E-06  0.5366E-06   0.000    
  29635200.0   10.65228843   10.7460   0.000       0.000      0.9370E-03  0.5185E-06 -0.3822E-01  0.3729E-01   0.000       0.000       0.000       0.000        0.000       0.000       0.000       0.000       0.000       0.000                            0.5185E-06  0.5185E-06   0.000    
  29721600.0   10.64364927   10.7367   0.000       0.000      0.9303E-03  0.5000E-06 -0.3798E-01  0.3705E-01   0.000       0.000       0.000       0.000        0.000       0.000       0.000       0.000       0.000       0.000                            0.5000E-06  0.5000E-06   0.000    
  29808000.0   10.63522944   10.7276   0.000       0.000      0.9237E-03  0.4873E-06 -0.3775E-01  0.3682E-01   0.000       0.000       0.000       0.000        0.000       0.000       0.000       0.000       0.000       0.000                            0.4873E-06  0.4873E-06   0.000    
  29894400.0   10.62706406   10.7188   0.000       0.000      0.9173E-03  0.4725E-06 -0.3752E-01  0.3660E-01   0.000       0.000       0.000       0.000        0.000       0.000       0.000       0.000       0.000       0.000                            0.4725E-06  0.4725E-06   0.000    
  29980800.0   10.61914133   10.7103   0.000       0.000      0.9111E-03  0.4585E-06 -0.3729E-01  0.3638E-01   0.000       0.000       0.000       0.000        0.000       0.000       0.000       0.000       0.000       0.000                            0.4585E-06  0.4585E-06   0.000    
  30067200.0   10.61152614   10.7020   0.000       0.000      0.9051E-03  0.4407E-06 -0.3707E-01  0.3616E-01   0.000       0.000       0.000       0.000        0.000       0.000       0.000       0.000       0.000       0.000                            0.4407E-06  0.4407E-06   0.000    
  30153600.0   10.60418000   10.6941   0.000       0.000      0.8993E-03  0.4251E-06 -0.3685E-01  0.3595E-01   0.000       0.000       0.000       0.000        0.000       0.000       0.000       0.000       0.000       0.000                            0.4251E-06  0.4251E-06   0.000    
  30240000.0   10.59709270   10.6865   0.000       0.000      0.8937E-03  0.4101E-06 -0.3664E-01  0.3575E-01   0.000       0.000       0.000       0.000        0.000       0.000       0.000       0.000       0.000       0.000                            0.4101E-06  0.4101E-06   0.000    
  30326400.0   10.59021270   10.6790   0.000       0.000      0.8883E-03  0.3981E-06 -0.3644E-01  0.3555E-01   0.000       0.000       0.000       0.000        0.000       0.000       0.000       0.000       0.000       0.000                            0.3981E-06  0.3981E-06   0.000    
  30412800.0   10.58354326   10.6718   0.000       0.000      0.8830E-03  0.3860E-06 -0.3624E-01  0.3535E-01   0.000       0.000       0.000       0.000        0.000       0.000       0.000       0.000       0.000       0.000                            0.3860E-06  0.3860E-06   0.000    
  30499200.0   10.57709159   10.6649   0.000       0.000      0.8779E-03  0.3734E-06 -0.3604E-01  0.3516E-01   0.000       0.000       0.000       0.000        0.000       0.000       0.000       0.000       0.000       0.000                            0.3734E-06  0.3734E-06   0.000    
  30585600.0   10.57083363   10.6581   0.000       0.000      0.8729E-03  0.3622E-06 -0.3585E-01  0.3498E-01   0.000       0.000       0.000       0.000        0.000       0.000       0.000       0.000       0.000       0.000                            0.3622E-06  0.3622E-06   0.000    
  30672000.0   10.56476974   10.6516   0.000       0.000      0.8681E-03  0.3509E-06 -0.3566E-01  0.3480E-01   0.000       0.000       0.000       0.000        0.000       0.000       0.000       0.000       0.000       0.000                            0.3509E-06  0.3509E-06   0.000    
  30758400.0   10.55888873   10.6452   0.000       0.000      0.8633E-03  0.3403E-06 -0.3548E-01  0.3462E-01   0.000       0.000       0.000       0.000        0.000       0.000       0.000       0.000       0.000       0.000                            0.3403E-06  0.3403E-06   0.000    
  30844800.0   10.55317984   10.6391   0.000       0.000      0.8587E-03  0.3304E-06 -0.3530E-01  0.3444E-01   0.000       0.000       0.000       0.000        0.000       0.000       0.000       0.000       0.000       0.000                            0.3304E-06  0.3304E-06   0.000    
  30931200.0   10.54762319   10.6330   0.000       0.000      0.8542E-03  0.3216E-06 -0.3513E-01  0.3427E-01   0.000       0.000       0.000       0.000        0.000       0.000       0.000       0.000       0.000       0.000                            0.3216E-06  0.3216E-06   0.000    
  31017600.0   10.54221295   10.6272   0.000       0.000      0.8498E-03  0.3131E-06 -0.3496E-01  0.3411E-01   0.000       0.000       0.000       0.000        0.000       0.000       0.000       0.000       0.000       0.000                            0.3131E-06  0.3131E-06   0.000    
  31104000.0   10.53695323   10.6215   0.000       0.000      0.8455E-03  0.3044E-06 -0.3479E-01  0.3394E-01   0.000       0.000       0.000       0.000        0.000       0.000       0.000       0.000       0.000       0.000                            0.3044E-06  0.3044E-06   0.000    
  31190400.0   10.53183617   10.6160   0.000       0.000      0.8413E-03  0.2961E-06 -0.3462E-01  0.3378E-01   0.000       0.000       0.000       0.000        0.000       0.000       0.000       0.000       0.000       0.000                            0.2961E-06  0.2961E-06   0.000    
  31276800.0   10.52766267   10.6115   0.000       0.000      0.8380E-03  0.2415E-06 -0.3448E-01  0.3364E-01   0.000       0.000       0.000       0.000        0.000       0.000       0.000       0.000       0.000       0.000                            0.2415E-06  0.2415E-06   0.000    
  31363200.0   10.52271064   10.6061   0.000       0.000      0.8340E-03  0.2866E-06 -0.3432E-01  0.3349E-01   0.000       0.000       0.000       0.000        0.000       0.000       0.000       0.000       0.000       0.000                            0.2866E-06  0.2866E-06   0.000    
  31449600.0   10.51790088   10.6009   0.000       0.000      0.8300E-03  0.2783E-06 -0.3417E-01  0.3334E-01   0.000       0.000       0.000       0.000        0.000       0.000       0.000       0.000       0.000       0.000                            0.2783E-06  0.2783E-06   0.000    
  31536000.0   10.51321882   10.5958   0.000       0.000      0.8262E-03  0.2710E-06 -0.3402E-01  0.3319E-01   0.000       0.000       0.000       0.000        0.000       0.000       0.000       0.000       0.000       0.000                            0.2710E-06  0.2710E-06   0.000    
  31622400.0   10.50824587   10.5904   0.000       0.000      0.8220E-03  0.2878E-06 -0.3386E-01  0.3304E-01   0.000       0.000       0.000       0.000        0.000       0.000       0.000       0.000       0.000       0.000                            0.2878E-06  0.2878E-06   0.000    
