   TOTIM (T)          HCON      HMAT     QDIR      QWELL        QMAT QCADS<->CON       QTUB1       QTUB2       QTUB3       QTUB4       QTUB5       QTUB6       NSTOR        QFIX        QLH     FHLQ (LQ)      CAUCHY CAUCHY (LQ) BREAK-DOWN CADS FLOW  QCADS<->CON    Q_CDSSTO    Q_CDSRCH
     86400.0   10.00567954   10.1458   0.000       0.000      0.1401E-02   0.000      0.7112E-02 -0.8514E-02   0.000       0.000       0.000       0.000        0.000       0.000       0.000       0.000       0.000       0.000                             0.000       0.000       0.000    
    172800.0   10.00510788   10.1390   0.000       0.000      0.1339E-02  0.3308E-07  0.6891E-02 -0.8229E-02   0.000       0.000       0.000       0.000      -0.3308E-06   0.000       0.000       0.000       0.000       0.000                            0.3308E-07  0.3308E-07   0.000    
    259200.0   10.00534800   10.1418   0.000       0.000      0.1365E-02 -0.1390E-07  0.6990E-02 -0.8354E-02   0.000       0.000       0.000       0.000       0.1390E-06   0.000       0.000       0.000       0.000       0.000                           -0.1390E-07 -0.1390E-07   0.000    
    345600.0   10.00534913   10.1419   0.000       0.000      0.1366E-02 -0.6543E-10  0.6980E-02 -0.8346E-02   0.000       0.000       0.000       0.000       0.6542E-09   0.000       0.000       0.000       0.000       0.000                           -0.6543E-10 -0.6543E-10   0.000    
    432000.0   10.00578020   10.1470   0.000       0.000      0.1412E-02 -0.2495E-07  0.7142E-02 -0.8554E-02   0.000       0.000       0.000       0.000       0.2494E-06   0.000       0.000       0.000       0.000       0.000                           -0.2495E-07 -0.2495E-07   0.000    
    518400.0   10.00587121   10.1481   0.000       0.000      0.1422E-02 -0.5267E-08  0.7169E-02 -0.8592E-02   0.000       0.000       0.000       0.000       0.5266E-07   0.000       0.000       0.000       0.000       0.000                           -0.5267E-08 -0.5267E-08   0.000    
    604800.0   10.00581368   10.1474   0.000       0.000      0.1416E-02  0.3329E-08  0.7150E-02 -0.8566E-02   0.000       0.000       0.000       0.000      -0.3329E-07   0.000       0.000       0.000       0.000       0.000                            0.3329E-08  0.3329E-08   0.000    
    691200.0   10.00637036   10.1537   0.000       0.000      0.1473E-02 -0.3222E-07  0.7358E-02 -0.8831E-02   0.000       0.000       0.000       0.000       0.3221E-06   0.000       0.000       0.000       0.000       0.000                           -0.3222E-07 -0.3222E-07   0.000    
    777600.0   10.00787351   10.1696   0.000       0.000      0.1617E-02 -0.8699E-07  0.7868E-02 -0.9484E-02   0.000       0.000       0.000       0.000       0.8698E-06   0.000       0.000       0.000       0.000       0.000                           -0.8699E-07 -0.8699E-07   0.000    
    864000.0   10.00987984   10.1890   0.000       0.000      0.1791E-02 -0.1161E-06  0.8482E-02 -0.1027E-01   0.000       0.000       0.000       0.000       0.1161E-05   0.000       0.000       0.000       0.000       0.000                           -0.1161E-06 -0.1161E-06   0.000    
    950400.0   10.00974527   10.1876   0.000       0.000      0.1779E-02  0.7788E-08  0.8457E-02 -0.1024E-01   0.000       0.000       0.000       0.000      -0.7786E-07   0.000       0.000       0.000       0.000       0.000                            0.7788E-08  0.7788E-08   0.000    
   1036800.0   10.01212653   10.2085   0.000       0.000      0.1964E-02 -0.1378E-06  0.9167E-02 -0.1113E-01   0.000       0.000       0.000       0.000       0.1378E-05   0.000       0.000       0.000       0.000       0.000                           -0.1378E-06 -0.1378E-06   0.000    
   1123200.0   10.01700192   10.2472   0.000       0.000      0.2302E-02 -0.2821E-06  0.1039E-01 -0.1269E-01   0.000       0.000       0.000       0.000       0.2820E-05   0.000       0.000       0.000       0.000       0.000                           -0.2821E-06 -0.2821E-06   0.000    
   1209600.0   10.01267815   10.2128   0.000       0.000      0.2001E-02  0.2502E-06  0.9370E-02 -0.1137E-01   0.000       0.000       0.000       0.000      -0.2501E-05   0.000       0.000       0.000       0.000       0.000                            0.2502E-06  0.2502E-06   0.000    
   1296000.0   10.01111592   10.1988   0.000       0.000      0.1877E-02  0.9041E-07  0.9067E-02 -0.1094E-01   0.000       0.000       0.000       0.000      -0.9038E-06   0.000       0.000       0.000       0.000       0.000                            0.9041E-07  0.9041E-07   0.000    
   1382400.0   10.01025450   10.1911   0.000       0.000      0.1808E-02  0.4985E-07  0.8876E-02 -0.1068E-01   0.000       0.000       0.000       0.000      -0.4984E-06   0.000       0.000       0.000       0.000       0.000                            0.4985E-07  0.4985E-07   0.000    
   1468800.0   10.00964336   10.1855   0.000       0.000      0.1759E-02  0.3537E-07  0.8728E-02 -0.1049E-01   0.000       0.000       0.000       0.000      -0.3536E-06   0.000       0.000       0.000       0.000       0.000                            0.3537E-07  0.3537E-07   0.000    
   1555200.0   10.00907851   10.1803   0.000       0.000      0.1712E-02  0.3269E-07  0.8578E-02 -0.1029E-01   0.000       0.000       0.000       0.000      -0.3268E-06   0.000       0.000       0.000       0.000       0.000                            0.3269E-07  0.3269E-07   0.000    
   1641600.0   10.00859824   10.1758   0.000       0.000      0.1672E-02  0.2779E-07  0.8443E-02 -0.1012E-01   0.000       0.000       0.000       0.000      -0.2779E-06   0.000       0.000       0.000       0.000       0.000                            0.2779E-07  0.2779E-07   0.000    
   1728000.0   10.00830043   10.1731   0.000       0.000      0.1648E-02  0.1723E-07  0.8357E-02 -0.1000E-01   0.000       0.000       0.000       0.000      -0.1723E-06   0.000       0.000       0.000       0.000       0.000                            0.1723E-07  0.1723E-07   0.000    
   1814400.0   10.00806696   10.1709   0.000       0.000      0.1629E-02  0.1351E-07  0.8285E-02 -0.9913E-02   0.000       0.000       0.000       0.000      -0.1351E-06   0.000       0.000       0.000       0.000       0.000                            0.1351E-07  0.1351E-07   0.000    
   1900800.0   10.00772929   10.1677   0.000       0.000      0.1599E-02  0.1954E-07  0.8175E-02 -0.9775E-02   0.000       0.000       0.000       0.000      -0.1954E-06   0.000       0.000       0.000       0.000       0.000                            0.1954E-07  0.1954E-07   0.000    
   1987200.0   10.00748542   10.1653   0.000       0.000      0.1578E-02  0.1411E-07  0.8094E-02 -0.9672E-02   0.000       0.000       0.000       0.000      -0.1411E-06   0.000       0.000       0.000       0.000       0.000                            0.1411E-07  0.1411E-07   0.000    
   2073600.0   10.00734148   10.1639   0.000       0.000      0.1566E-02  0.8330E-08  0.8043E-02 -0.9609E-02   0.000       0.000       0.000       0.000      -0.8329E-07   0.000       0.000       0.000       0.000       0.000                            0.8330E-08  0.8330E-08   0.000    
   2160000.0   10.00707315   10.1613   0.000       0.000      0.1542E-02  0.1553E-07  0.7946E-02 -0.9488E-02   0.000       0.000       0.000       0.000      -0.1553E-06   0.000       0.000       0.000       0.000       0.000                            0.1553E-07  0.1553E-07   0.000    
   2246400.0   10.00684178   10.1589   0.000       0.000      0.1521E-02  0.1339E-07  0.7862E-02 -0.9383E-02   0.000       0.000       0.000       0.000      -0.1339E-06   0.000       0.000       0.000       0.000       0.000                            0.1339E-07  0.1339E-07   0.000    
   2332800.0   10.00662976   10.1567   0.000       0.000      0.1501E-02  0.1227E-07  0.7781E-02 -0.9282E-02   0.000       0.000       0.000       0.000      -0.1227E-06   0.000       0.000       0.000       0.000       0.000                            0.1227E-07  0.1227E-07   0.000    
   2419200.0   10.00643267   10.1547   0.000       0.000      0.1483E-02  0.1141E-07  0.7703E-02 -0.9186E-02   0.000       0.000       0.000       0.000      -0.1140E-06   0.000       0.000       0.000       0.000       0.000                            0.1141E-07  0.1141E-07   0.000    
   2505600.0   10.00652245   10.1558   0.000       0.000      0.1493E-02 -0.5196E-08  0.7726E-02 -0.9219E-02   0.000       0.000       0.000       0.000       0.5195E-07   0.000       0.000       0.000       0.000       0.000                           -0.5196E-08 -0.5196E-08   0.000    
   2592000.0   10.00638281   10.1544   0.000       0.000      0.1480E-02  0.8081E-08  0.7664E-02 -0.9144E-02   0.000       0.000       0.000       0.000      -0.8081E-07   0.000       0.000       0.000       0.000       0.000                            0.8081E-08  0.8081E-08   0.000    
   2678400.0   10.00729274   10.1643   0.000       0.000      0.1570E-02 -0.5266E-07  0.7973E-02 -0.9542E-02   0.000       0.000       0.000       0.000       0.5265E-06   0.000       0.000       0.000       0.000       0.000                           -0.5266E-07 -0.5266E-07   0.000    
   2764800.0   10.01005181   10.1914   0.000       0.000      0.1814E-02 -0.1597E-06  0.8817E-02 -0.1063E-01   0.000       0.000       0.000       0.000       0.1596E-05   0.000       0.000       0.000       0.000       0.000                           -0.1597E-06 -0.1597E-06   0.000    
   2851200.0   10.01729379   10.2508   0.000       0.000      0.2335E-02 -0.4191E-06  0.1065E-01 -0.1298E-01   0.000       0.000       0.000       0.000       0.4189E-05   0.000       0.000       0.000       0.000       0.000                           -0.4191E-06 -0.4191E-06   0.000    
   2937600.0   10.01156116   10.2049   0.000       0.000      0.1933E-02  0.3317E-06  0.9224E-02 -0.1116E-01   0.000       0.000       0.000       0.000      -0.3316E-05   0.000       0.000       0.000       0.000       0.000                            0.3317E-06  0.3317E-06   0.000    
   3024000.0   10.01145227   10.2032   0.000       0.000      0.1917E-02  0.6301E-08  0.9321E-02 -0.1124E-01   0.000       0.000       0.000       0.000      -0.6299E-07   0.000       0.000       0.000       0.000       0.000                            0.6301E-08  0.6301E-08   0.000    
   3110400.0   10.01114267   10.2004   0.000       0.000      0.1893E-02  0.1792E-07  0.9266E-02 -0.1116E-01   0.000       0.000       0.000       0.000      -0.1791E-06   0.000       0.000       0.000       0.000       0.000                            0.1792E-07  0.1792E-07   0.000    
   3196800.0   10.01040828   10.1939   0.000       0.000      0.1835E-02  0.4250E-07  0.9088E-02 -0.1092E-01   0.000       0.000       0.000       0.000      -0.4249E-06   0.000       0.000       0.000       0.000       0.000                            0.4250E-07  0.4250E-07   0.000    
   3283200.0   10.00973567   10.1878   0.000       0.000      0.1780E-02  0.3892E-07  0.8919E-02 -0.1070E-01   0.000       0.000       0.000       0.000      -0.3892E-06   0.000       0.000       0.000       0.000       0.000                            0.3892E-07  0.3892E-07   0.000    
   3369600.0   10.01012169   10.1914   0.000       0.000      0.1813E-02 -0.2234E-07  0.9048E-02 -0.1086E-01   0.000       0.000       0.000       0.000       0.2233E-06   0.000       0.000       0.000       0.000       0.000                           -0.2234E-07 -0.2234E-07   0.000    
   3456000.0   10.01072238   10.1970   0.000       0.000      0.1863E-02 -0.3476E-07  0.9224E-02 -0.1109E-01   0.000       0.000       0.000       0.000       0.3475E-06   0.000       0.000       0.000       0.000       0.000                           -0.3476E-07 -0.3476E-07   0.000    
   3542400.0   10.01142651   10.2034   0.000       0.000      0.1919E-02 -0.4075E-07  0.9428E-02 -0.1135E-01   0.000       0.000       0.000       0.000       0.4074E-06   0.000       0.000       0.000       0.000       0.000                           -0.4075E-07 -0.4075E-07   0.000    
   3628800.0   10.01128530   10.2022   0.000       0.000      0.1909E-02  0.8171E-08  0.9402E-02 -0.1131E-01   0.000       0.000       0.000       0.000      -0.8169E-07   0.000       0.000       0.000       0.000       0.000                            0.8171E-08  0.8171E-08   0.000    
   3715200.0   10.01047367   10.1950   0.000       0.000      0.1845E-02  0.4697E-07  0.9198E-02 -0.1104E-01   0.000       0.000       0.000       0.000      -0.4696E-06   0.000       0.000       0.000       0.000       0.000                            0.4697E-07  0.4697E-07   0.000    
   3801600.0   10.01072187   10.1972   0.000       0.000      0.1865E-02 -0.1436E-07  0.9292E-02 -0.1116E-01   0.000       0.000       0.000       0.000       0.1436E-06   0.000       0.000       0.000       0.000       0.000                           -0.1436E-07 -0.1436E-07   0.000    
   3888000.0   10.01119355   10.2015   0.000       0.000      0.1903E-02 -0.2730E-07  0.9433E-02 -0.1134E-01   0.000       0.000       0.000       0.000       0.2729E-06   0.000       0.000       0.000       0.000       0.000                           -0.2730E-07 -0.2730E-07   0.000    
   3974400.0   10.01218522   10.2102   0.000       0.000      0.1980E-02 -0.5739E-07  0.9712E-02 -0.1169E-01   0.000       0.000       0.000       0.000       0.5737E-06   0.000       0.000       0.000       0.000       0.000                           -0.5739E-07 -0.5739E-07   0.000    
   4060800.0   10.01258816   10.2137   0.000       0.000      0.2011E-02 -0.2332E-07  0.9830E-02 -0.1184E-01   0.000       0.000       0.000       0.000       0.2331E-06   0.000       0.000       0.000       0.000       0.000                           -0.2332E-07 -0.2332E-07   0.000    
   4147200.0   10.01143855   10.2038   0.000       0.000      0.1924E-02  0.6653E-07  0.9545E-02 -0.1147E-01   0.000       0.000       0.000       0.000      -0.6651E-06   0.000       0.000       0.000       0.000       0.000                            0.6653E-07  0.6653E-07   0.000    
   4233600.0   10.01065692   10.1969   0.000       0.000      0.1862E-02  0.4523E-07  0.9360E-02 -0.1122E-01   0.000       0.000       0.000       0.000      -0.4522E-06   0.000       0.000       0.000       0.000       0.000                            0.4523E-07  0.4523E-07   0.000    
   4320000.0   10.01029280   10.1937   0.000       0.000      0.1834E-02  0.2107E-07  0.9273E-02 -0.1111E-01   0.000       0.000       0.000       0.000      -0.2107E-06   0.000       0.000       0.000       0.000       0.000                            0.2107E-07  0.2107E-07   0.000    
   4406400.0   10.00991511   10.1903   0.000       0.000      0.1804E-02  0.2186E-07  0.9170E-02 -0.1097E-01   0.000       0.000       0.000       0.000      -0.2185E-06   0.000       0.000       0.000       0.000       0.000                            0.2186E-07  0.2186E-07   0.000    
   4492800.0   10.00972268   10.1887   0.000       0.000      0.1790E-02  0.1114E-07  0.9118E-02 -0.1091E-01   0.000       0.000       0.000       0.000      -0.1113E-06   0.000       0.000       0.000       0.000       0.000                            0.1114E-07  0.1114E-07   0.000    
   4579200.0   10.00934168   10.1853   0.000       0.000      0.1760E-02  0.2205E-07  0.9004E-02 -0.1076E-01   0.000       0.000       0.000       0.000      -0.2204E-06   0.000       0.000       0.000       0.000       0.000                            0.2205E-07  0.2205E-07   0.000    
   4665600.0   10.00899135   10.1821   0.000       0.000      0.1731E-02  0.2027E-07  0.8898E-02 -0.1063E-01   0.000       0.000       0.000       0.000      -0.2027E-06   0.000       0.000       0.000       0.000       0.000                            0.2027E-07  0.2027E-07   0.000    
   4752000.0   10.01045780   10.1959   0.000       0.000      0.1855E-02 -0.8486E-07  0.9329E-02 -0.1118E-01   0.000       0.000       0.000       0.000       0.8485E-06   0.000       0.000       0.000       0.000       0.000                           -0.8486E-07 -0.8486E-07   0.000    
   4838400.0   10.01172692   10.2073   0.000       0.000      0.1956E-02 -0.7344E-07  0.9667E-02 -0.1162E-01   0.000       0.000       0.000       0.000       0.7343E-06   0.000       0.000       0.000       0.000       0.000                           -0.7344E-07 -0.7344E-07   0.000    
   4924800.0   10.01283096   10.2168   0.000       0.000      0.2039E-02 -0.6389E-07  0.9964E-02 -0.1200E-01   0.000       0.000       0.000       0.000       0.6387E-06   0.000       0.000       0.000       0.000       0.000                           -0.6389E-07 -0.6389E-07   0.000    
   5011200.0   10.01301976   10.2183   0.000       0.000      0.2053E-02 -0.1093E-07  0.1003E-01 -0.1208E-01   0.000       0.000       0.000       0.000       0.1092E-06   0.000       0.000       0.000       0.000       0.000                           -0.1093E-07 -0.1093E-07   0.000    
   5097600.0   10.01166953   10.2068   0.000       0.000      0.1951E-02  0.7814E-07  0.9701E-02 -0.1165E-01   0.000       0.000       0.000       0.000      -0.7811E-06   0.000       0.000       0.000       0.000       0.000                            0.7814E-07  0.7814E-07   0.000    
   5184000.0   10.01085116   10.1995   0.000       0.000      0.1887E-02  0.4736E-07  0.9510E-02 -0.1140E-01   0.000       0.000       0.000       0.000      -0.4735E-06   0.000       0.000       0.000       0.000       0.000                            0.4736E-07  0.4736E-07   0.000    
   5270400.0   10.01042577   10.1958   0.000       0.000      0.1853E-02  0.2462E-07  0.9406E-02 -0.1126E-01   0.000       0.000       0.000       0.000      -0.2461E-06   0.000       0.000       0.000       0.000       0.000                            0.2462E-07  0.2462E-07   0.000    
   5356800.0   10.00996760   10.1917   0.000       0.000      0.1817E-02  0.2651E-07  0.9279E-02 -0.1110E-01   0.000       0.000       0.000       0.000      -0.2651E-06   0.000       0.000       0.000       0.000       0.000                            0.2651E-07  0.2651E-07   0.000    
   5443200.0   10.01076520   10.1991   0.000       0.000      0.1883E-02 -0.4616E-07  0.9510E-02 -0.1139E-01   0.000       0.000       0.000       0.000       0.4615E-06   0.000       0.000       0.000       0.000       0.000                           -0.4616E-07 -0.4616E-07   0.000    
   5529600.0   10.01122392   10.2034   0.000       0.000      0.1921E-02 -0.2655E-07  0.9631E-02 -0.1155E-01   0.000       0.000       0.000       0.000       0.2654E-06   0.000       0.000       0.000       0.000       0.000                           -0.2655E-07 -0.2655E-07   0.000    
   5616000.0   10.01157221   10.2065   0.000       0.000      0.1949E-02 -0.2016E-07  0.9730E-02 -0.1168E-01   0.000       0.000       0.000       0.000       0.2015E-06   0.000       0.000       0.000       0.000       0.000                           -0.2016E-07 -0.2016E-07   0.000    
   5702400.0   10.01163984   10.2071   0.000       0.000      0.1955E-02 -0.3914E-08  0.9758E-02 -0.1171E-01   0.000       0.000       0.000       0.000       0.3913E-07   0.000       0.000       0.000       0.000       0.000                           -0.3914E-08 -0.3914E-08   0.000    
   5788800.0   10.01119647   10.2033   0.000       0.000      0.1921E-02  0.2566E-07  0.9649E-02 -0.1157E-01   0.000       0.000       0.000       0.000      -0.2565E-06   0.000       0.000       0.000       0.000       0.000                            0.2566E-07  0.2566E-07   0.000    
   5875200.0   10.01122823   10.2036   0.000       0.000      0.1924E-02 -0.1838E-08  0.9673E-02 -0.1160E-01   0.000       0.000       0.000       0.000       0.1837E-07   0.000       0.000       0.000       0.000       0.000                           -0.1838E-08 -0.1838E-08   0.000    
   5961600.0   10.01100473   10.2017   0.000       0.000      0.1907E-02  0.1293E-07  0.9618E-02 -0.1152E-01   0.000       0.000       0.000       0.000      -0.1293E-06   0.000       0.000       0.000       0.000       0.000                            0.1293E-07  0.1293E-07   0.000    
   6048000.0   10.01051086   10.1973   0.000       0.000      0.1868E-02  0.2858E-07  0.9487E-02 -0.1136E-01   0.000       0.000       0.000       0.000      -0.2857E-06   0.000       0.000       0.000       0.000       0.000                            0.2858E-07  0.2858E-07   0.000    
   6134400.0   10.01004355   10.1931   0.000       0.000      0.1831E-02  0.2704E-07  0.9359E-02 -0.1119E-01   0.000       0.000       0.000       0.000      -0.2704E-06   0.000       0.000       0.000       0.000       0.000                            0.2704E-07  0.2704E-07   0.000    
   6220800.0   10.00963126   10.1894   0.000       0.000      0.1798E-02  0.2386E-07  0.9240E-02 -0.1104E-01   0.000       0.000       0.000       0.000      -0.2385E-06   0.000       0.000       0.000       0.000       0.000                            0.2386E-07  0.2386E-07   0.000    
   6307200.0   10.00926755   10.1861   0.000       0.000      0.1768E-02  0.2105E-07  0.9129E-02 -0.1090E-01   0.000       0.000       0.000       0.000      -0.2104E-06   0.000       0.000       0.000       0.000       0.000                            0.2105E-07  0.2105E-07   0.000    
   6393600.0   10.00894379   10.1831   0.000       0.000      0.1742E-02  0.1874E-07  0.9025E-02 -0.1077E-01   0.000       0.000       0.000       0.000      -0.1873E-06   0.000       0.000       0.000       0.000       0.000                            0.1874E-07  0.1874E-07   0.000    
   6480000.0   10.00864941   10.1804   0.000       0.000      0.1718E-02  0.1704E-07  0.8926E-02 -0.1064E-01   0.000       0.000       0.000       0.000      -0.1703E-06   0.000       0.000       0.000       0.000       0.000                            0.1704E-07  0.1704E-07   0.000    
   6566400.0   10.00837439   10.1778   0.000       0.000      0.1695E-02  0.1592E-07  0.8829E-02 -0.1052E-01   0.000       0.000       0.000       0.000      -0.1591E-06   0.000       0.000       0.000       0.000       0.000                            0.1592E-07  0.1592E-07   0.000    
   6652800.0   10.00811561   10.1754   0.000       0.000      0.1673E-02  0.1498E-07  0.8735E-02 -0.1041E-01   0.000       0.000       0.000       0.000      -0.1497E-06   0.000       0.000       0.000       0.000       0.000                            0.1498E-07  0.1498E-07   0.000    
   6739200.0   10.00787896   10.1731   0.000       0.000      0.1652E-02  0.1370E-07  0.8646E-02 -0.1030E-01   0.000       0.000       0.000       0.000      -0.1369E-06   0.000       0.000       0.000       0.000       0.000                            0.1370E-07  0.1370E-07   0.000    
   6825600.0   10.00764325   10.1708   0.000       0.000      0.1632E-02  0.1364E-07  0.8554E-02 -0.1019E-01   0.000       0.000       0.000       0.000      -0.1364E-06   0.000       0.000       0.000       0.000       0.000                            0.1364E-07  0.1364E-07   0.000    
   6912000.0   10.00741442   10.1685   0.000       0.000      0.1611E-02  0.1324E-07  0.8464E-02 -0.1007E-01   0.000       0.000       0.000       0.000      -0.1324E-06   0.000       0.000       0.000       0.000       0.000                            0.1324E-07  0.1324E-07   0.000    
   6998400.0   10.00720074   10.1664   0.000       0.000      0.1592E-02  0.1237E-07  0.8376E-02 -0.9968E-02   0.000       0.000       0.000       0.000      -0.1236E-06   0.000       0.000       0.000       0.000       0.000                            0.1237E-07  0.1237E-07   0.000    
   7084800.0   10.00700564   10.1644   0.000       0.000      0.1574E-02  0.1129E-07  0.8293E-02 -0.9867E-02   0.000       0.000       0.000       0.000      -0.1129E-06   0.000       0.000       0.000       0.000       0.000                            0.1129E-07  0.1129E-07   0.000    
   7171200.0   10.00682194   10.1625   0.000       0.000      0.1557E-02  0.1063E-07  0.8212E-02 -0.9769E-02   0.000       0.000       0.000       0.000      -0.1063E-06   0.000       0.000       0.000       0.000       0.000                            0.1063E-07  0.1063E-07   0.000    
   7257600.0   10.00664392   10.1606   0.000       0.000      0.1540E-02  0.1030E-07  0.8132E-02 -0.9672E-02   0.000       0.000       0.000       0.000      -0.1030E-06   0.000       0.000       0.000       0.000       0.000                            0.1030E-07  0.1030E-07   0.000    
   7344000.0   10.00647821   10.1589   0.000       0.000      0.1524E-02  0.9590E-08  0.8055E-02 -0.9579E-02   0.000       0.000       0.000       0.000      -0.9589E-07   0.000       0.000       0.000       0.000       0.000                            0.9590E-08  0.9590E-08   0.000    
   7430400.0   10.00635424   10.1576   0.000       0.000      0.1512E-02  0.7174E-08  0.7992E-02 -0.9505E-02   0.000       0.000       0.000       0.000      -0.7174E-07   0.000       0.000       0.000       0.000       0.000                            0.7174E-08  0.7174E-08   0.000    
   7516800.0   10.00621437   10.1561   0.000       0.000      0.1498E-02  0.8094E-08  0.7923E-02 -0.9422E-02   0.000       0.000       0.000       0.000      -0.8094E-07   0.000       0.000       0.000       0.000       0.000                            0.8094E-08  0.8094E-08   0.000    
   7603200.0   10.00605519   10.1543   0.000       0.000      0.1482E-02  0.9212E-08  0.7846E-02 -0.9329E-02   0.000       0.000       0.000       0.000      -0.9211E-07   0.000       0.000       0.000       0.000       0.000                            0.9212E-08  0.9212E-08   0.000    
   7689600.0   10.00591231   10.1527   0.000       0.000      0.1468E-02  0.8268E-08  0.7775E-02 -0.9243E-02   0.000       0.000       0.000       0.000      -0.8268E-07   0.000       0.000       0.000       0.000       0.000                            0.8268E-08  0.8268E-08   0.000    
   7776000.0   10.00579539   10.1514   0.000       0.000      0.1456E-02  0.6766E-08  0.7713E-02 -0.9169E-02   0.000       0.000       0.000       0.000      -0.6766E-07   0.000       0.000       0.000       0.000       0.000                            0.6766E-08  0.6766E-08   0.000    
   7862400.0   10.00566026   10.1498   0.000       0.000      0.1442E-02  0.7820E-08  0.7643E-02 -0.9084E-02   0.000       0.000       0.000       0.000      -0.7819E-07   0.000       0.000       0.000       0.000       0.000                            0.7820E-08  0.7820E-08   0.000    
   7948800.0   10.00553601   10.1484   0.000       0.000      0.1429E-02  0.7191E-08  0.7576E-02 -0.9005E-02   0.000       0.000       0.000       0.000      -0.7190E-07   0.000       0.000       0.000       0.000       0.000                            0.7191E-08  0.7191E-08   0.000    
   8035200.0   10.00541760   10.1470   0.000       0.000      0.1416E-02  0.6853E-08  0.7512E-02 -0.8928E-02   0.000       0.000       0.000       0.000      -0.6852E-07   0.000       0.000       0.000       0.000       0.000                            0.6853E-08  0.6853E-08   0.000    
   8121600.0   10.00530380   10.1456   0.000       0.000      0.1403E-02  0.6586E-08  0.7448E-02 -0.8852E-02   0.000       0.000       0.000       0.000      -0.6585E-07   0.000       0.000       0.000       0.000       0.000                            0.6586E-08  0.6586E-08   0.000    
   8208000.0   10.00519409   10.1443   0.000       0.000      0.1391E-02  0.6349E-08  0.7386E-02 -0.8777E-02   0.000       0.000       0.000       0.000      -0.6349E-07   0.000       0.000       0.000       0.000       0.000                            0.6349E-08  0.6349E-08   0.000    
   8294400.0   10.00508809   10.1430   0.000       0.000      0.1379E-02  0.6134E-08  0.7325E-02 -0.8704E-02   0.000       0.000       0.000       0.000      -0.6134E-07   0.000       0.000       0.000       0.000       0.000                            0.6134E-08  0.6134E-08   0.000    
   8380800.0   10.00685193   10.1633   0.000       0.000      0.1565E-02 -0.1021E-06  0.7963E-02 -0.9526E-02   0.000       0.000       0.000       0.000       0.1021E-05   0.000       0.000       0.000       0.000       0.000                           -0.1021E-06 -0.1021E-06   0.000    
   8467200.0   10.00643248   10.1588   0.000       0.000      0.1524E-02  0.2427E-07  0.7783E-02 -0.9307E-02   0.000       0.000       0.000       0.000      -0.2427E-06   0.000       0.000       0.000       0.000       0.000                            0.2427E-07  0.2427E-07   0.000    
   8553600.0   10.00627892   10.1569   0.000       0.000      0.1506E-02  0.8887E-08  0.7735E-02 -0.9242E-02   0.000       0.000       0.000       0.000      -0.8886E-07   0.000       0.000       0.000       0.000       0.000                            0.8887E-08  0.8887E-08   0.000    
   8640000.0   10.00607863   10.1545   0.000       0.000      0.1484E-02  0.1159E-07  0.7661E-02 -0.9146E-02   0.000       0.000       0.000       0.000      -0.1159E-06   0.000       0.000       0.000       0.000       0.000                            0.1159E-07  0.1159E-07   0.000    
   8726400.0   10.00589580   10.1523   0.000       0.000      0.1464E-02  0.1058E-07  0.7590E-02 -0.9055E-02   0.000       0.000       0.000       0.000      -0.1058E-06   0.000       0.000       0.000       0.000       0.000                            0.1058E-07  0.1058E-07   0.000    
   8812800.0   10.00573221   10.1504   0.000       0.000      0.1447E-02  0.9467E-08  0.7522E-02 -0.8969E-02   0.000       0.000       0.000       0.000      -0.9466E-07   0.000       0.000       0.000       0.000       0.000                            0.9467E-08  0.9467E-08   0.000    
   8899200.0   10.00553693   10.1481   0.000       0.000      0.1425E-02  0.1130E-07  0.7439E-02 -0.8865E-02   0.000       0.000       0.000       0.000      -0.1130E-06   0.000       0.000       0.000       0.000       0.000                            0.1130E-07  0.1130E-07   0.000    
   8985600.0   10.00559710   10.1487   0.000       0.000      0.1431E-02 -0.3482E-08  0.7453E-02 -0.8884E-02   0.000       0.000       0.000       0.000       0.3482E-07   0.000       0.000       0.000       0.000       0.000                           -0.3482E-08 -0.3482E-08   0.000    
   9072000.0   10.00594694   10.1528   0.000       0.000      0.1469E-02 -0.2025E-07  0.7571E-02 -0.9040E-02   0.000       0.000       0.000       0.000       0.2024E-06   0.000       0.000       0.000       0.000       0.000                           -0.2025E-07 -0.2025E-07   0.000    
   9158400.0   10.00574339   10.1504   0.000       0.000      0.1447E-02  0.1178E-07  0.7481E-02 -0.8928E-02   0.000       0.000       0.000       0.000      -0.1178E-06   0.000       0.000       0.000       0.000       0.000                            0.1178E-07  0.1178E-07   0.000    
   9244800.0   10.00674758   10.1617   0.000       0.000      0.1549E-02 -0.5811E-07  0.7842E-02 -0.9390E-02   0.000       0.000       0.000       0.000       0.5811E-06   0.000       0.000       0.000       0.000       0.000                           -0.5811E-07 -0.5811E-07   0.000    
   9331200.0   10.00900139   10.1846   0.000       0.000      0.1756E-02 -0.1304E-06  0.8561E-02 -0.1032E-01   0.000       0.000       0.000       0.000       0.1304E-05   0.000       0.000       0.000       0.000       0.000                           -0.1304E-06 -0.1304E-06   0.000    
   9417600.0   10.01530660   10.2387   0.000       0.000      0.2234E-02 -0.3649E-06  0.1025E-01 -0.1248E-01   0.000       0.000       0.000       0.000       0.3648E-05   0.000       0.000       0.000       0.000       0.000                           -0.3649E-06 -0.3649E-06   0.000    
   9504000.0   10.01764911   10.2563   0.000       0.000      0.2387E-02 -0.1356E-06  0.1079E-01 -0.1318E-01   0.000       0.000       0.000       0.000       0.1355E-05   0.000       0.000       0.000       0.000       0.000                           -0.1356E-06 -0.1356E-06   0.000    
   9590400.0   10.01284255   10.2181   0.000       0.000      0.2052E-02  0.2782E-06  0.9705E-02 -0.1176E-01   0.000       0.000       0.000       0.000      -0.2780E-05   0.000       0.000       0.000       0.000       0.000                            0.2782E-06  0.2782E-06   0.000    
   9676800.0   10.01097330   10.2013   0.000       0.000      0.1904E-02  0.1082E-06  0.9319E-02 -0.1122E-01   0.000       0.000       0.000       0.000      -0.1081E-05   0.000       0.000       0.000       0.000       0.000                            0.1082E-06  0.1082E-06   0.000    
   9763200.0   10.00985456   10.1911   0.000       0.000      0.1812E-02  0.6474E-07  0.9048E-02 -0.1086E-01   0.000       0.000       0.000       0.000      -0.6473E-06   0.000       0.000       0.000       0.000       0.000                            0.6474E-07  0.6474E-07   0.000    
   9849600.0   10.00910738   10.1841   0.000       0.000      0.1750E-02  0.4324E-07  0.8848E-02 -0.1060E-01   0.000       0.000       0.000       0.000      -0.4323E-06   0.000       0.000       0.000       0.000       0.000                            0.4324E-07  0.4324E-07   0.000    
   9936000.0   10.01037844   10.1960   0.000       0.000      0.1857E-02 -0.7356E-07  0.9233E-02 -0.1109E-01   0.000       0.000       0.000       0.000       0.7354E-06   0.000       0.000       0.000       0.000       0.000                           -0.7356E-07 -0.7356E-07   0.000    
  10022400.0   10.01079026   10.1999   0.000       0.000      0.1892E-02 -0.2383E-07  0.9341E-02 -0.1123E-01   0.000       0.000       0.000       0.000       0.2383E-06   0.000       0.000       0.000       0.000       0.000                           -0.2383E-07 -0.2383E-07   0.000    
  10108800.0   10.01063225   10.1986   0.000       0.000      0.1879E-02  0.9144E-08  0.9309E-02 -0.1119E-01   0.000       0.000       0.000       0.000      -0.9142E-07   0.000       0.000       0.000       0.000       0.000                            0.9144E-08  0.9144E-08   0.000    
  10195200.0   10.01095824   10.2015   0.000       0.000      0.1905E-02 -0.1886E-07  0.9419E-02 -0.1132E-01   0.000       0.000       0.000       0.000       0.1886E-06   0.000       0.000       0.000       0.000       0.000                           -0.1886E-07 -0.1886E-07   0.000    
  10281600.0   10.01092768   10.2012   0.000       0.000      0.1903E-02  0.1768E-08  0.9424E-02 -0.1133E-01   0.000       0.000       0.000       0.000      -0.1768E-07   0.000       0.000       0.000       0.000       0.000                            0.1768E-08  0.1768E-08   0.000    
  10368000.0   10.01017771   10.1944   0.000       0.000      0.1843E-02  0.4340E-07  0.9227E-02 -0.1107E-01   0.000       0.000       0.000       0.000      -0.4339E-06   0.000       0.000       0.000       0.000       0.000                            0.4340E-07  0.4340E-07   0.000    
  10454400.0   10.00951397   10.1883   0.000       0.000      0.1788E-02  0.3841E-07  0.9052E-02 -0.1084E-01   0.000       0.000       0.000       0.000      -0.3840E-06   0.000       0.000       0.000       0.000       0.000                            0.3841E-07  0.3841E-07   0.000    
  10540800.0   10.00979488   10.1910   0.000       0.000      0.1812E-02 -0.1626E-07  0.9145E-02 -0.1096E-01   0.000       0.000       0.000       0.000       0.1625E-06   0.000       0.000       0.000       0.000       0.000                           -0.1626E-07 -0.1626E-07   0.000    
  10627200.0   10.01021998   10.1950   0.000       0.000      0.1848E-02 -0.2460E-07  0.9267E-02 -0.1111E-01   0.000       0.000       0.000       0.000       0.2460E-06   0.000       0.000       0.000       0.000       0.000                           -0.2460E-07 -0.2460E-07   0.000    
  10713600.0   10.01011595   10.1941   0.000       0.000      0.1840E-02  0.6020E-08  0.9238E-02 -0.1108E-01   0.000       0.000       0.000       0.000      -0.6019E-07   0.000       0.000       0.000       0.000       0.000                            0.6020E-08  0.6020E-08   0.000    
  10800000.0   10.00968497   10.1902   0.000       0.000      0.1805E-02  0.2494E-07  0.9121E-02 -0.1093E-01   0.000       0.000       0.000       0.000      -0.2494E-06   0.000       0.000       0.000       0.000       0.000                            0.2494E-07  0.2494E-07   0.000    
  10886400.0   10.00919796   10.1856   0.000       0.000      0.1764E-02  0.2818E-07  0.8985E-02 -0.1075E-01   0.000       0.000       0.000       0.000      -0.2818E-06   0.000       0.000       0.000       0.000       0.000                            0.2818E-07  0.2818E-07   0.000    
  10972800.0   10.00874176   10.1813   0.000       0.000      0.1725E-02  0.2640E-07  0.8849E-02 -0.1057E-01   0.000       0.000       0.000       0.000      -0.2640E-06   0.000       0.000       0.000       0.000       0.000                            0.2640E-07  0.2640E-07   0.000    
  11059200.0   10.00827292   10.1767   0.000       0.000      0.1685E-02  0.2713E-07  0.8701E-02 -0.1039E-01   0.000       0.000       0.000       0.000      -0.2713E-06   0.000       0.000       0.000       0.000       0.000                            0.2713E-07  0.2713E-07   0.000    
  11145600.0   10.00788936   10.1730   0.000       0.000      0.1651E-02  0.2220E-07  0.8574E-02 -0.1022E-01   0.000       0.000       0.000       0.000      -0.2219E-06   0.000       0.000       0.000       0.000       0.000                            0.2220E-07  0.2220E-07   0.000    
  11232000.0   10.00757470   10.1699   0.000       0.000      0.1623E-02  0.1821E-07  0.8462E-02 -0.1008E-01   0.000       0.000       0.000       0.000      -0.1821E-06   0.000       0.000       0.000       0.000       0.000                            0.1821E-07  0.1821E-07   0.000    
  11318400.0   10.00729957   10.1671   0.000       0.000      0.1598E-02  0.1592E-07  0.8358E-02 -0.9956E-02   0.000       0.000       0.000       0.000      -0.1592E-06   0.000       0.000       0.000       0.000       0.000                            0.1592E-07  0.1592E-07   0.000    
  11404800.0   10.00790677   10.1735   0.000       0.000      0.1656E-02 -0.3514E-07  0.8546E-02 -0.1020E-01   0.000       0.000       0.000       0.000       0.3513E-06   0.000       0.000       0.000       0.000       0.000                           -0.3514E-07 -0.3514E-07   0.000    
  11491200.0   10.00733230   10.1677   0.000       0.000      0.1604E-02  0.3325E-07  0.8336E-02 -0.9940E-02   0.000       0.000       0.000       0.000      -0.3324E-06   0.000       0.000       0.000       0.000       0.000                            0.3325E-07  0.3325E-07   0.000    
  11577600.0   10.00864451   10.1811   0.000       0.000      0.1724E-02 -0.7594E-07  0.8758E-02 -0.1048E-01   0.000       0.000       0.000       0.000       0.7593E-06   0.000       0.000       0.000       0.000       0.000                           -0.7594E-07 -0.7594E-07   0.000    
  11664000.0   10.01130995   10.2058   0.000       0.000      0.1945E-02 -0.1543E-06  0.9517E-02 -0.1146E-01   0.000       0.000       0.000       0.000       0.1542E-05   0.000       0.000       0.000       0.000       0.000                           -0.1543E-06 -0.1543E-06   0.000    
  11750400.0   10.01812995   10.2602   0.000       0.000      0.2421E-02 -0.3947E-06  0.1119E-01 -0.1361E-01   0.000       0.000       0.000       0.000       0.3945E-05   0.000       0.000       0.000       0.000       0.000                           -0.3947E-06 -0.3947E-06   0.000    
  11836800.0   10.01256166   10.2165   0.000       0.000      0.2040E-02  0.3222E-06  0.9844E-02 -0.1189E-01   0.000       0.000       0.000       0.000      -0.3221E-05   0.000       0.000       0.000       0.000       0.000                            0.3222E-06  0.3222E-06   0.000    
  11923200.0   10.01087559   10.2013   0.000       0.000      0.1904E-02  0.9757E-07  0.9502E-02 -0.1141E-01   0.000       0.000       0.000       0.000      -0.9755E-06   0.000       0.000       0.000       0.000       0.000                            0.9757E-07  0.9757E-07   0.000    
  12009600.0   10.01000250   10.1933   0.000       0.000      0.1833E-02  0.5053E-07  0.9286E-02 -0.1112E-01   0.000       0.000       0.000       0.000      -0.5052E-06   0.000       0.000       0.000       0.000       0.000                            0.5053E-07  0.5053E-07   0.000    
  12096000.0   10.01017897   10.1950   0.000       0.000      0.1848E-02 -0.1021E-07  0.9349E-02 -0.1120E-01   0.000       0.000       0.000       0.000       0.1021E-06   0.000       0.000       0.000       0.000       0.000                           -0.1021E-07 -0.1021E-07   0.000    
  12182400.0   10.00999059   10.1934   0.000       0.000      0.1834E-02  0.1090E-07  0.9292E-02 -0.1113E-01   0.000       0.000       0.000       0.000      -0.1090E-06   0.000       0.000       0.000       0.000       0.000                            0.1090E-07  0.1090E-07   0.000    
  12268800.0   10.00955645   10.1895   0.000       0.000      0.1799E-02  0.2512E-07  0.9167E-02 -0.1097E-01   0.000       0.000       0.000       0.000      -0.2512E-06   0.000       0.000       0.000       0.000       0.000                            0.2512E-07  0.2512E-07   0.000    
  12355200.0   10.00909364   10.1852   0.000       0.000      0.1761E-02  0.2678E-07  0.9030E-02 -0.1079E-01   0.000       0.000       0.000       0.000      -0.2678E-06   0.000       0.000       0.000       0.000       0.000                            0.2678E-07  0.2678E-07   0.000    
  12441600.0   10.00894162   10.1838   0.000       0.000      0.1749E-02  0.8798E-08  0.8983E-02 -0.1073E-01   0.000       0.000       0.000       0.000      -0.8796E-07   0.000       0.000       0.000       0.000       0.000                            0.8798E-08  0.8798E-08   0.000    
  12528000.0   10.01115375   10.2043   0.000       0.000      0.1932E-02 -0.1280E-06  0.9623E-02 -0.1155E-01   0.000       0.000       0.000       0.000       0.1280E-05   0.000       0.000       0.000       0.000       0.000                           -0.1280E-06 -0.1280E-06   0.000    
  12614400.0   10.01272861   10.2181   0.000       0.000      0.2053E-02 -0.9114E-07  0.1003E-01 -0.1208E-01   0.000       0.000       0.000       0.000       0.9111E-06   0.000       0.000       0.000       0.000       0.000                           -0.9114E-07 -0.9114E-07   0.000    
  12700800.0   10.01121086   10.2050   0.000       0.000      0.1938E-02  0.8783E-07  0.9630E-02 -0.1157E-01   0.000       0.000       0.000       0.000      -0.8781E-06   0.000       0.000       0.000       0.000       0.000                            0.8783E-07  0.8783E-07   0.000    
  12787200.0   10.01039025   10.1975   0.000       0.000      0.1871E-02  0.4749E-07  0.9437E-02 -0.1131E-01   0.000       0.000       0.000       0.000      -0.4748E-06   0.000       0.000       0.000       0.000       0.000                            0.4749E-07  0.4749E-07   0.000    
  12873600.0   10.00971438   10.1912   0.000       0.000      0.1815E-02  0.3911E-07  0.9256E-02 -0.1107E-01   0.000       0.000       0.000       0.000      -0.3910E-06   0.000       0.000       0.000       0.000       0.000                            0.3911E-07  0.3911E-07   0.000    
  12960000.0   10.01028021   10.1965   0.000       0.000      0.1862E-02 -0.3274E-07  0.9428E-02 -0.1129E-01   0.000       0.000       0.000       0.000       0.3274E-06   0.000       0.000       0.000       0.000       0.000                           -0.3274E-07 -0.3274E-07   0.000    
  13046400.0   10.00989314   10.1931   0.000       0.000      0.1832E-02  0.2240E-07  0.9308E-02 -0.1114E-01   0.000       0.000       0.000       0.000      -0.2240E-06   0.000       0.000       0.000       0.000       0.000                            0.2240E-07  0.2240E-07   0.000    
  13132800.0   10.00948767   10.1894   0.000       0.000      0.1799E-02  0.2346E-07  0.9193E-02 -0.1099E-01   0.000       0.000       0.000       0.000      -0.2346E-06   0.000       0.000       0.000       0.000       0.000                            0.2346E-07  0.2346E-07   0.000    
  13219200.0   10.00936459   10.1883   0.000       0.000      0.1789E-02  0.7123E-08  0.9158E-02 -0.1095E-01   0.000       0.000       0.000       0.000      -0.7121E-07   0.000       0.000       0.000       0.000       0.000                            0.7123E-08  0.7123E-08   0.000    
  13305600.0   10.00903246   10.1852   0.000       0.000      0.1762E-02  0.1922E-07  0.9053E-02 -0.1081E-01   0.000       0.000       0.000       0.000      -0.1922E-06   0.000       0.000       0.000       0.000       0.000                            0.1922E-07  0.1922E-07   0.000    
  13392000.0   10.01020409   10.1963   0.000       0.000      0.1861E-02 -0.6780E-07  0.9398E-02 -0.1126E-01   0.000       0.000       0.000       0.000       0.6779E-06   0.000       0.000       0.000       0.000       0.000                           -0.6780E-07 -0.6780E-07   0.000    
  13478400.0   10.01059263   10.1999   0.000       0.000      0.1893E-02 -0.2248E-07  0.9496E-02 -0.1139E-01   0.000       0.000       0.000       0.000       0.2248E-06   0.000       0.000       0.000       0.000       0.000                           -0.2248E-07 -0.2248E-07   0.000    
  13564800.0   10.01006769   10.1952   0.000       0.000      0.1851E-02  0.3038E-07  0.9350E-02 -0.1120E-01   0.000       0.000       0.000       0.000      -0.3037E-06   0.000       0.000       0.000       0.000       0.000                            0.3038E-07  0.3038E-07   0.000    
  13651200.0   10.00966537   10.1914   0.000       0.000      0.1817E-02  0.2328E-07  0.9244E-02 -0.1106E-01   0.000       0.000       0.000       0.000      -0.2328E-06   0.000       0.000       0.000       0.000       0.000                            0.2328E-07  0.2328E-07   0.000    
  13737600.0   10.00926375   10.1876   0.000       0.000      0.1783E-02  0.2324E-07  0.9129E-02 -0.1091E-01   0.000       0.000       0.000       0.000      -0.2324E-06   0.000       0.000       0.000       0.000       0.000                            0.2324E-07  0.2324E-07   0.000    
  13824000.0   10.01138247   10.2070   0.000       0.000      0.1956E-02 -0.1226E-06  0.9741E-02 -0.1170E-01   0.000       0.000       0.000       0.000       0.1226E-05   0.000       0.000       0.000       0.000       0.000                           -0.1226E-06 -0.1226E-06   0.000    
  13910400.0   10.01348654   10.2249   0.000       0.000      0.2115E-02 -0.1218E-06  0.1028E-01 -0.1240E-01   0.000       0.000       0.000       0.000       0.1217E-05   0.000       0.000       0.000       0.000       0.000                           -0.1218E-06 -0.1218E-06   0.000    
  13996800.0   10.01200089   10.2125   0.000       0.000      0.2005E-02  0.8598E-07  0.9901E-02 -0.1191E-01   0.000       0.000       0.000       0.000      -0.8595E-06   0.000       0.000       0.000       0.000       0.000                            0.8598E-07  0.8598E-07   0.000    
  14083200.0   10.01101001   10.2036   0.000       0.000      0.1926E-02  0.5734E-07  0.9673E-02 -0.1160E-01   0.000       0.000       0.000       0.000      -0.5733E-06   0.000       0.000       0.000       0.000       0.000                            0.5734E-07  0.5734E-07   0.000    
  14169600.0   10.01175748   10.2101   0.000       0.000      0.1983E-02 -0.4326E-07  0.9901E-02 -0.1188E-01   0.000       0.000       0.000       0.000       0.4325E-06   0.000       0.000       0.000       0.000       0.000                           -0.4326E-07 -0.4326E-07   0.000    
  14256000.0   10.01200132   10.2123   0.000       0.000      0.2003E-02 -0.1411E-07  0.9968E-02 -0.1197E-01   0.000       0.000       0.000       0.000       0.1411E-06   0.000       0.000       0.000       0.000       0.000                           -0.1411E-07 -0.1411E-07   0.000    
  14342400.0   10.01446377   10.2327   0.000       0.000      0.2182E-02 -0.1425E-06  0.1062E-01 -0.1280E-01   0.000       0.000       0.000       0.000       0.1425E-05   0.000       0.000       0.000       0.000       0.000                           -0.1425E-06 -0.1425E-06   0.000    
  14428800.0   10.02109218   10.2819   0.000       0.000      0.2608E-02 -0.3836E-06  0.1213E-01 -0.1473E-01   0.000       0.000       0.000       0.000       0.3833E-05   0.000       0.000       0.000       0.000       0.000                           -0.3836E-06 -0.3836E-06   0.000    
  14515200.0   10.01690333   10.2516   0.000       0.000      0.2347E-02  0.2424E-06  0.1121E-01 -0.1356E-01   0.000       0.000       0.000       0.000      -0.2422E-05   0.000       0.000       0.000       0.000       0.000                            0.2424E-06  0.2424E-06   0.000    
  14601600.0   10.01710562   10.2526   0.000       0.000      0.2355E-02 -0.1171E-07  0.1137E-01 -0.1372E-01   0.000       0.000       0.000       0.000       0.1170E-06   0.000       0.000       0.000       0.000       0.000                           -0.1171E-07 -0.1171E-07   0.000    
  14688000.0   10.01880708   10.2651   0.000       0.000      0.2463E-02 -0.9846E-07  0.1180E-01 -0.1426E-01   0.000       0.000       0.000       0.000       0.9840E-06   0.000       0.000       0.000       0.000       0.000                           -0.9846E-07 -0.9846E-07   0.000    
  14774400.0   10.01820082   10.2607   0.000       0.000      0.2425E-02  0.3508E-07  0.1169E-01 -0.1412E-01   0.000       0.000       0.000       0.000      -0.3506E-06   0.000       0.000       0.000       0.000       0.000                            0.3508E-07  0.3508E-07   0.000    
  14860800.0   10.01672608   10.2497   0.000       0.000      0.2329E-02  0.8534E-07  0.1141E-01 -0.1374E-01   0.000       0.000       0.000       0.000      -0.8529E-06   0.000       0.000       0.000       0.000       0.000                            0.8534E-07  0.8534E-07   0.000    
  14947200.0   10.01585663   10.2430   0.000       0.000      0.2272E-02  0.5032E-07  0.1125E-01 -0.1352E-01   0.000       0.000       0.000       0.000      -0.5029E-06   0.000       0.000       0.000       0.000       0.000                            0.5032E-07  0.5032E-07   0.000    
  15033600.0   10.01490295   10.2357   0.000       0.000      0.2208E-02  0.5519E-07  0.1105E-01 -0.1326E-01   0.000       0.000       0.000       0.000      -0.5516E-06   0.000       0.000       0.000       0.000       0.000                            0.5519E-07  0.5519E-07   0.000    
  15120000.0   10.01406784   10.2292   0.000       0.000      0.2151E-02  0.4833E-07  0.1086E-01 -0.1302E-01   0.000       0.000       0.000       0.000      -0.4831E-06   0.000       0.000       0.000       0.000       0.000                            0.4833E-07  0.4833E-07   0.000    
  15206400.0   10.01325091   10.2227   0.000       0.000      0.2095E-02  0.4728E-07  0.1067E-01 -0.1276E-01   0.000       0.000       0.000       0.000      -0.4726E-06   0.000       0.000       0.000       0.000       0.000                            0.4728E-07  0.4728E-07   0.000    
  15292800.0   10.01250768   10.2167   0.000       0.000      0.2042E-02  0.4301E-07  0.1048E-01 -0.1252E-01   0.000       0.000       0.000       0.000      -0.4300E-06   0.000       0.000       0.000       0.000       0.000                            0.4301E-07  0.4301E-07   0.000    
  15379200.0   10.01514032   10.2384   0.000       0.000      0.2232E-02 -0.1524E-06  0.1115E-01 -0.1338E-01   0.000       0.000       0.000       0.000       0.1523E-05   0.000       0.000       0.000       0.000       0.000                           -0.1524E-06 -0.1524E-06   0.000    
  15465600.0   10.01545110   10.2411   0.000       0.000      0.2257E-02 -0.1799E-07  0.1120E-01 -0.1346E-01   0.000       0.000       0.000       0.000       0.1798E-06   0.000       0.000       0.000       0.000       0.000                           -0.1799E-07 -0.1799E-07   0.000    
  15552000.0   10.01422757   10.2315   0.000       0.000      0.2173E-02  0.7081E-07  0.1092E-01 -0.1309E-01   0.000       0.000       0.000       0.000      -0.7077E-06   0.000       0.000       0.000       0.000       0.000                            0.7081E-07  0.7081E-07   0.000    
  15638400.0   10.01312340   10.2225   0.000       0.000      0.2093E-02  0.6390E-07  0.1066E-01 -0.1275E-01   0.000       0.000       0.000       0.000      -0.6387E-06   0.000       0.000       0.000       0.000       0.000                            0.6390E-07  0.6390E-07   0.000    
  15724800.0   10.01236636   10.2162   0.000       0.000      0.2039E-02  0.4381E-07  0.1047E-01 -0.1251E-01   0.000       0.000       0.000       0.000      -0.4380E-06   0.000       0.000       0.000       0.000       0.000                            0.4381E-07  0.4381E-07   0.000    
  15811200.0   10.01177203   10.2113   0.000       0.000      0.1995E-02  0.3439E-07  0.1031E-01 -0.1231E-01   0.000       0.000       0.000       0.000      -0.3438E-06   0.000       0.000       0.000       0.000       0.000                            0.3439E-07  0.3439E-07   0.000    
  15897600.0   10.01129035   10.2073   0.000       0.000      0.1960E-02  0.2787E-07  0.1017E-01 -0.1213E-01   0.000       0.000       0.000       0.000      -0.2787E-06   0.000       0.000       0.000       0.000       0.000                            0.2787E-07  0.2787E-07   0.000    
  15984000.0   10.01115638   10.2063   0.000       0.000      0.1952E-02  0.7753E-08  0.1012E-01 -0.1208E-01   0.000       0.000       0.000       0.000      -0.7751E-07   0.000       0.000       0.000       0.000       0.000                            0.7753E-08  0.7753E-08   0.000    
  16070400.0   10.01066552   10.2021   0.000       0.000      0.1915E-02  0.2841E-07  0.9971E-02 -0.1189E-01   0.000       0.000       0.000       0.000      -0.2840E-06   0.000       0.000       0.000       0.000       0.000                            0.2841E-07  0.2841E-07   0.000    
  16156800.0   10.01028361   10.1988   0.000       0.000      0.1885E-02  0.2210E-07  0.9850E-02 -0.1174E-01   0.000       0.000       0.000       0.000      -0.2210E-06   0.000       0.000       0.000       0.000       0.000                            0.2210E-07  0.2210E-07   0.000    
  16243200.0   10.00992806   10.1957   0.000       0.000      0.1858E-02  0.2058E-07  0.9731E-02 -0.1159E-01   0.000       0.000       0.000       0.000      -0.2057E-06   0.000       0.000       0.000       0.000       0.000                            0.2058E-07  0.2058E-07   0.000    
  16329600.0   10.00960901   10.1929   0.000       0.000      0.1833E-02  0.1846E-07  0.9620E-02 -0.1145E-01   0.000       0.000       0.000       0.000      -0.1846E-06   0.000       0.000       0.000       0.000       0.000                            0.1846E-07  0.1846E-07   0.000    
  16416000.0   10.00931219   10.1902   0.000       0.000      0.1809E-02  0.1718E-07  0.9513E-02 -0.1132E-01   0.000       0.000       0.000       0.000      -0.1717E-06   0.000       0.000       0.000       0.000       0.000                            0.1718E-07  0.1718E-07   0.000    
  16502400.0   10.00903577   10.1877   0.000       0.000      0.1787E-02  0.1600E-07  0.9409E-02 -0.1120E-01   0.000       0.000       0.000       0.000      -0.1599E-06   0.000       0.000       0.000       0.000       0.000                            0.1600E-07  0.1600E-07   0.000    
  16588800.0   10.00877801   10.1853   0.000       0.000      0.1766E-02  0.1492E-07  0.9310E-02 -0.1108E-01   0.000       0.000       0.000       0.000      -0.1491E-06   0.000       0.000       0.000       0.000       0.000                            0.1492E-07  0.1492E-07   0.000    
  16675200.0   10.00853645   10.1831   0.000       0.000      0.1746E-02  0.1398E-07  0.9214E-02 -0.1096E-01   0.000       0.000       0.000       0.000      -0.1398E-06   0.000       0.000       0.000       0.000       0.000                            0.1398E-07  0.1398E-07   0.000    
  16761600.0   10.00844922   10.1823   0.000       0.000      0.1739E-02  0.5048E-08  0.9165E-02 -0.1090E-01   0.000       0.000       0.000       0.000      -0.5047E-07   0.000       0.000       0.000       0.000       0.000                            0.5048E-08  0.5048E-08   0.000    
  16848000.0   10.00842407   10.1822   0.000       0.000      0.1738E-02  0.1456E-08  0.9135E-02 -0.1087E-01   0.000       0.000       0.000       0.000      -0.1455E-07   0.000       0.000       0.000       0.000       0.000                            0.1456E-08  0.1456E-08   0.000    
  16934400.0   10.00883788   10.1863   0.000       0.000      0.1775E-02 -0.2395E-07  0.9244E-02 -0.1102E-01   0.000       0.000       0.000       0.000       0.2394E-06   0.000       0.000       0.000       0.000       0.000                           -0.2395E-07 -0.2395E-07   0.000    
  17020800.0   10.00874420   10.1855   0.000       0.000      0.1767E-02  0.5421E-08  0.9194E-02 -0.1096E-01   0.000       0.000       0.000       0.000      -0.5420E-07   0.000       0.000       0.000       0.000       0.000                            0.5421E-08  0.5421E-08   0.000    
  17107200.0   10.00824601   10.1806   0.000       0.000      0.1723E-02  0.2883E-07  0.9024E-02 -0.1075E-01   0.000       0.000       0.000       0.000      -0.2883E-06   0.000       0.000       0.000       0.000       0.000                            0.2883E-07  0.2883E-07   0.000    
  17193600.0   10.00797024   10.1778   0.000       0.000      0.1698E-02  0.1596E-07  0.8925E-02 -0.1062E-01   0.000       0.000       0.000       0.000      -0.1596E-06   0.000       0.000       0.000       0.000       0.000                            0.1596E-07  0.1596E-07   0.000    
  17280000.0   10.00771888   10.1752   0.000       0.000      0.1675E-02  0.1455E-07  0.8826E-02 -0.1050E-01   0.000       0.000       0.000       0.000      -0.1454E-06   0.000       0.000       0.000       0.000       0.000                            0.1455E-07  0.1455E-07   0.000    
  17366400.0   10.00749126   10.1729   0.000       0.000      0.1654E-02  0.1317E-07  0.8732E-02 -0.1039E-01   0.000       0.000       0.000       0.000      -0.1317E-06   0.000       0.000       0.000       0.000       0.000                            0.1317E-07  0.1317E-07   0.000    
  17452800.0   10.00728686   10.1708   0.000       0.000      0.1635E-02  0.1183E-07  0.8644E-02 -0.1028E-01   0.000       0.000       0.000       0.000      -0.1183E-06   0.000       0.000       0.000       0.000       0.000                            0.1183E-07  0.1183E-07   0.000    
  17539200.0   10.00709861   10.1689   0.000       0.000      0.1618E-02  0.1089E-07  0.8559E-02 -0.1018E-01   0.000       0.000       0.000       0.000      -0.1089E-06   0.000       0.000       0.000       0.000       0.000                            0.1089E-07  0.1089E-07   0.000    
  17625600.0   10.00692333   10.1670   0.000       0.000      0.1601E-02  0.1014E-07  0.8478E-02 -0.1008E-01   0.000       0.000       0.000       0.000      -0.1014E-06   0.000       0.000       0.000       0.000       0.000                            0.1014E-07  0.1014E-07   0.000    
  17712000.0   10.00695033   10.1673   0.000       0.000      0.1604E-02 -0.1562E-08  0.8466E-02 -0.1007E-01   0.000       0.000       0.000       0.000       0.1562E-07   0.000       0.000       0.000       0.000       0.000                           -0.1562E-08 -0.1562E-08   0.000    
  17798400.0   10.00672661   10.1649   0.000       0.000      0.1582E-02  0.1295E-07  0.8366E-02 -0.9948E-02   0.000       0.000       0.000       0.000      -0.1295E-06   0.000       0.000       0.000       0.000       0.000                            0.1295E-07  0.1295E-07   0.000    
  17884800.0   10.00653899   10.1629   0.000       0.000      0.1563E-02  0.1086E-07  0.8280E-02 -0.9844E-02   0.000       0.000       0.000       0.000      -0.1086E-06   0.000       0.000       0.000       0.000       0.000                            0.1086E-07  0.1086E-07   0.000    
  17971200.0   10.00638214   10.1611   0.000       0.000      0.1548E-02  0.9077E-08  0.8204E-02 -0.9751E-02   0.000       0.000       0.000       0.000      -0.9077E-07   0.000       0.000       0.000       0.000       0.000                            0.9077E-08  0.9077E-08   0.000    
  18057600.0   10.00623724   10.1595   0.000       0.000      0.1533E-02  0.8385E-08  0.8130E-02 -0.9663E-02   0.000       0.000       0.000       0.000      -0.8384E-07   0.000       0.000       0.000       0.000       0.000                            0.8385E-08  0.8385E-08   0.000    
  18144000.0   10.00609990   10.1580   0.000       0.000      0.1519E-02  0.7948E-08  0.8059E-02 -0.9577E-02   0.000       0.000       0.000       0.000      -0.7948E-07   0.000       0.000       0.000       0.000       0.000                            0.7948E-08  0.7948E-08   0.000    
  18230400.0   10.00596862   10.1564   0.000       0.000      0.1505E-02  0.7597E-08  0.7988E-02 -0.9493E-02   0.000       0.000       0.000       0.000      -0.7596E-07   0.000       0.000       0.000       0.000       0.000                            0.7597E-08  0.7597E-08   0.000    
  18316800.0   10.00584288   10.1550   0.000       0.000      0.1491E-02  0.7277E-08  0.7920E-02 -0.9411E-02   0.000       0.000       0.000       0.000      -0.7276E-07   0.000       0.000       0.000       0.000       0.000                            0.7277E-08  0.7277E-08   0.000    
  18403200.0   10.00572169   10.1536   0.000       0.000      0.1478E-02  0.7013E-08  0.7853E-02 -0.9331E-02   0.000       0.000       0.000       0.000      -0.7013E-07   0.000       0.000       0.000       0.000       0.000                            0.7013E-08  0.7013E-08   0.000    
  18489600.0   10.00560484   10.1522   0.000       0.000      0.1466E-02  0.6762E-08  0.7786E-02 -0.9252E-02   0.000       0.000       0.000       0.000      -0.6762E-07   0.000       0.000       0.000       0.000       0.000                            0.6762E-08  0.6762E-08   0.000    
  18576000.0   10.00549208   10.1508   0.000       0.000      0.1453E-02  0.6525E-08  0.7722E-02 -0.9175E-02   0.000       0.000       0.000       0.000      -0.6525E-07   0.000       0.000       0.000       0.000       0.000                            0.6525E-08  0.6525E-08   0.000    
  18662400.0   10.00538294   10.1495   0.000       0.000      0.1441E-02  0.6316E-08  0.7658E-02 -0.9099E-02   0.000       0.000       0.000       0.000      -0.6315E-07   0.000       0.000       0.000       0.000       0.000                            0.6316E-08  0.6316E-08   0.000    
  18748800.0   10.00527732   10.1482   0.000       0.000      0.1429E-02  0.6113E-08  0.7595E-02 -0.9024E-02   0.000       0.000       0.000       0.000      -0.6112E-07   0.000       0.000       0.000       0.000       0.000                            0.6113E-08  0.6113E-08   0.000    
  18835200.0   10.00552327   10.1511   0.000       0.000      0.1456E-02 -0.1423E-07  0.7670E-02 -0.9125E-02   0.000       0.000       0.000       0.000       0.1423E-06   0.000       0.000       0.000       0.000       0.000                           -0.1423E-07 -0.1423E-07   0.000    
  18921600.0   10.00532709   10.1487   0.000       0.000      0.1434E-02  0.1135E-07  0.7570E-02 -0.9004E-02   0.000       0.000       0.000       0.000      -0.1135E-06   0.000       0.000       0.000       0.000       0.000                            0.1135E-07  0.1135E-07   0.000    
  19008000.0   10.00514183   10.1464   0.000       0.000      0.1412E-02  0.1072E-07  0.7481E-02 -0.8893E-02   0.000       0.000       0.000       0.000      -0.1072E-06   0.000       0.000       0.000       0.000       0.000                            0.1072E-07  0.1072E-07   0.000    
  19094400.0   10.00501633   10.1448   0.000       0.000      0.1397E-02  0.7262E-08  0.7413E-02 -0.8810E-02   0.000       0.000       0.000       0.000      -0.7262E-07   0.000       0.000       0.000       0.000       0.000                            0.7262E-08  0.7262E-08   0.000    
  19180800.0   10.00490814   10.1434   0.000       0.000      0.1385E-02  0.6261E-08  0.7350E-02 -0.8734E-02   0.000       0.000       0.000       0.000      -0.6261E-07   0.000       0.000       0.000       0.000       0.000                            0.6261E-08  0.6261E-08   0.000    
  19267200.0   10.00481588   10.1422   0.000       0.000      0.1373E-02  0.5339E-08  0.7292E-02 -0.8665E-02   0.000       0.000       0.000       0.000      -0.5339E-07   0.000       0.000       0.000       0.000       0.000                            0.5339E-08  0.5339E-08   0.000    
  19353600.0   10.00471741   10.1409   0.000       0.000      0.1361E-02  0.5698E-08  0.7231E-02 -0.8592E-02   0.000       0.000       0.000       0.000      -0.5698E-07   0.000       0.000       0.000       0.000       0.000                            0.5698E-08  0.5698E-08   0.000    
  19440000.0   10.00462584   10.1396   0.000       0.000      0.1350E-02  0.5299E-08  0.7173E-02 -0.8523E-02   0.000       0.000       0.000       0.000      -0.5299E-07   0.000       0.000       0.000       0.000       0.000                            0.5299E-08  0.5299E-08   0.000    
  19526400.0   10.00453821   10.1384   0.000       0.000      0.1339E-02  0.5071E-08  0.7116E-02 -0.8455E-02   0.000       0.000       0.000       0.000      -0.5071E-07   0.000       0.000       0.000       0.000       0.000                            0.5071E-08  0.5071E-08   0.000    
  19612800.0   10.00445374   10.1373   0.000       0.000      0.1328E-02  0.4888E-08  0.7060E-02 -0.8388E-02   0.000       0.000       0.000       0.000      -0.4888E-07   0.000       0.000       0.000       0.000       0.000                            0.4888E-08  0.4888E-08   0.000    
  19699200.0   10.00437203   10.1362   0.000       0.000      0.1318E-02  0.4729E-08  0.7005E-02 -0.8322E-02   0.000       0.000       0.000       0.000      -0.4729E-07   0.000       0.000       0.000       0.000       0.000                            0.4729E-08  0.4729E-08   0.000    
  19785600.0   10.00429282   10.1350   0.000       0.000      0.1308E-02  0.4584E-08  0.6950E-02 -0.8258E-02   0.000       0.000       0.000       0.000      -0.4584E-07   0.000       0.000       0.000       0.000       0.000                            0.4584E-08  0.4584E-08   0.000    
  19872000.0   10.00421593   10.1340   0.000       0.000      0.1297E-02  0.4450E-08  0.6897E-02 -0.8194E-02   0.000       0.000       0.000       0.000      -0.4450E-07   0.000       0.000       0.000       0.000       0.000                            0.4450E-08  0.4450E-08   0.000    
  19958400.0   10.00444014   10.1369   0.000       0.000      0.1324E-02 -0.1297E-07  0.6975E-02 -0.8299E-02   0.000       0.000       0.000       0.000       0.1297E-06   0.000       0.000       0.000       0.000       0.000                           -0.1297E-07 -0.1297E-07   0.000    
  20044800.0   10.00466605   10.1397   0.000       0.000      0.1351E-02 -0.1307E-07  0.7048E-02 -0.8399E-02   0.000       0.000       0.000       0.000       0.1307E-06   0.000       0.000       0.000       0.000       0.000                           -0.1307E-07 -0.1307E-07   0.000    
  20131200.0   10.00432228   10.1352   0.000       0.000      0.1309E-02  0.1989E-07  0.6884E-02 -0.8193E-02   0.000       0.000       0.000       0.000      -0.1989E-06   0.000       0.000       0.000       0.000       0.000                            0.1989E-07  0.1989E-07   0.000    
  20217600.0   10.00426895   10.1343   0.000       0.000      0.1301E-02  0.3086E-08  0.6853E-02 -0.8153E-02   0.000       0.000       0.000       0.000      -0.3086E-07   0.000       0.000       0.000       0.000       0.000                            0.3086E-08  0.3086E-08   0.000    
  20304000.0   10.00418216   10.1331   0.000       0.000      0.1289E-02  0.5023E-08  0.6798E-02 -0.8088E-02   0.000       0.000       0.000       0.000      -0.5023E-07   0.000       0.000       0.000       0.000       0.000                            0.5023E-08  0.5023E-08   0.000    
  20390400.0   10.00405062   10.1312   0.000       0.000      0.1272E-02  0.7612E-08  0.6724E-02 -0.7996E-02   0.000       0.000       0.000       0.000      -0.7612E-07   0.000       0.000       0.000       0.000       0.000                            0.7612E-08  0.7612E-08   0.000    
  20476800.0   10.00395560   10.1299   0.000       0.000      0.1259E-02  0.5499E-08  0.6666E-02 -0.7925E-02   0.000       0.000       0.000       0.000      -0.5499E-07   0.000       0.000       0.000       0.000       0.000                            0.5499E-08  0.5499E-08   0.000    
  20563200.0   10.00387246   10.1286   0.000       0.000      0.1248E-02  0.4811E-08  0.6611E-02 -0.7858E-02   0.000       0.000       0.000       0.000      -0.4811E-07   0.000       0.000       0.000       0.000       0.000                            0.4811E-08  0.4811E-08   0.000    
  20649600.0   10.00379589   10.1275   0.000       0.000      0.1237E-02  0.4431E-08  0.6558E-02 -0.7795E-02   0.000       0.000       0.000       0.000      -0.4431E-07   0.000       0.000       0.000       0.000       0.000                            0.4431E-08  0.4431E-08   0.000    
  20736000.0   10.00372380   10.1264   0.000       0.000      0.1227E-02  0.4172E-08  0.6506E-02 -0.7733E-02   0.000       0.000       0.000       0.000      -0.4171E-07   0.000       0.000       0.000       0.000       0.000                            0.4172E-08  0.4172E-08   0.000    
  20822400.0   10.00365518   10.1254   0.000       0.000      0.1217E-02  0.3971E-08  0.6456E-02 -0.7674E-02   0.000       0.000       0.000       0.000      -0.3971E-07   0.000       0.000       0.000       0.000       0.000                            0.3971E-08  0.3971E-08   0.000    
  20908800.0   10.00358947   10.1244   0.000       0.000      0.1208E-02  0.3803E-08  0.6407E-02 -0.7615E-02   0.000       0.000       0.000       0.000      -0.3802E-07   0.000       0.000       0.000       0.000       0.000                            0.3803E-08  0.3803E-08   0.000    
  20995200.0   10.00352623   10.1234   0.000       0.000      0.1198E-02  0.3660E-08  0.6359E-02 -0.7558E-02   0.000       0.000       0.000       0.000      -0.3660E-07   0.000       0.000       0.000       0.000       0.000                            0.3660E-08  0.3660E-08   0.000    
  21081600.0   10.00346518   10.1224   0.000       0.000      0.1189E-02  0.3533E-08  0.6312E-02 -0.7502E-02   0.000       0.000       0.000       0.000      -0.3533E-07   0.000       0.000       0.000       0.000       0.000                            0.3533E-08  0.3533E-08   0.000    
  21168000.0   10.00340605   10.1215   0.000       0.000      0.1181E-02  0.3422E-08  0.6266E-02 -0.7447E-02   0.000       0.000       0.000       0.000      -0.3422E-07   0.000       0.000       0.000       0.000       0.000                            0.3422E-08  0.3422E-08   0.000    
  21254400.0   10.00334865   10.1206   0.000       0.000      0.1172E-02  0.3322E-08  0.6220E-02 -0.7392E-02   0.000       0.000       0.000       0.000      -0.3322E-07   0.000       0.000       0.000       0.000       0.000                            0.3322E-08  0.3322E-08   0.000    
  21340800.0   10.00329287   10.1196   0.000       0.000      0.1164E-02  0.3228E-08  0.6175E-02 -0.7338E-02   0.000       0.000       0.000       0.000      -0.3228E-07   0.000       0.000       0.000       0.000       0.000                            0.3228E-08  0.3228E-08   0.000    
  21427200.0   10.00323859   10.1188   0.000       0.000      0.1155E-02  0.3141E-08  0.6130E-02 -0.7286E-02   0.000       0.000       0.000       0.000      -0.3141E-07   0.000       0.000       0.000       0.000       0.000                            0.3141E-08  0.3141E-08   0.000    
  21513600.0   10.00322371   10.1185   0.000       0.000      0.1152E-02  0.8607E-09  0.6106E-02 -0.7258E-02   0.000       0.000       0.000       0.000      -0.8607E-08   0.000       0.000       0.000       0.000       0.000                            0.8607E-09  0.8607E-09   0.000    
  21600000.0   10.00358075   10.1236   0.000       0.000      0.1201E-02 -0.2066E-07  0.6262E-02 -0.7462E-02   0.000       0.000       0.000       0.000       0.2066E-06   0.000       0.000       0.000       0.000       0.000                           -0.2066E-07 -0.2066E-07   0.000    
  21686400.0   10.00330310   10.1195   0.000       0.000      0.1162E-02  0.1607E-07  0.6107E-02 -0.7269E-02   0.000       0.000       0.000       0.000      -0.1607E-06   0.000       0.000       0.000       0.000       0.000                            0.1607E-07  0.1607E-07   0.000    
  21772800.0   10.00319300   10.1177   0.000       0.000      0.1145E-02  0.6372E-08  0.6045E-02 -0.7190E-02   0.000       0.000       0.000       0.000      -0.6372E-07   0.000       0.000       0.000       0.000       0.000                            0.6372E-08  0.6372E-08   0.000    
  21859200.0   10.00311854   10.1165   0.000       0.000      0.1134E-02  0.4309E-08  0.5993E-02 -0.7127E-02   0.000       0.000       0.000       0.000      -0.4309E-07   0.000       0.000       0.000       0.000       0.000                            0.4309E-08  0.4309E-08   0.000    
  21945600.0   10.00305607   10.1154   0.000       0.000      0.1124E-02  0.3615E-08  0.5946E-02 -0.7070E-02   0.000       0.000       0.000       0.000      -0.3615E-07   0.000       0.000       0.000       0.000       0.000                            0.3615E-08  0.3615E-08   0.000    
  22032000.0   10.00299941   10.1145   0.000       0.000      0.1115E-02  0.3279E-08  0.5901E-02 -0.7016E-02   0.000       0.000       0.000       0.000      -0.3279E-07   0.000       0.000       0.000       0.000       0.000                            0.3279E-08  0.3279E-08   0.000    
  22118400.0   10.00294635   10.1136   0.000       0.000      0.1106E-02  0.3071E-08  0.5858E-02 -0.6964E-02   0.000       0.000       0.000       0.000      -0.3071E-07   0.000       0.000       0.000       0.000       0.000                            0.3071E-08  0.3071E-08   0.000    
  22204800.0   10.00289592   10.1127   0.000       0.000      0.1098E-02  0.2918E-08  0.5815E-02 -0.6913E-02   0.000       0.000       0.000       0.000      -0.2918E-07   0.000       0.000       0.000       0.000       0.000                            0.2918E-08  0.2918E-08   0.000    
  22291200.0   10.00284758   10.1118   0.000       0.000      0.1090E-02  0.2798E-08  0.5774E-02 -0.6864E-02   0.000       0.000       0.000       0.000      -0.2798E-07   0.000       0.000       0.000       0.000       0.000                            0.2798E-08  0.2798E-08   0.000    
  22377600.0   10.00280097   10.1110   0.000       0.000      0.1082E-02  0.2697E-08  0.5733E-02 -0.6815E-02   0.000       0.000       0.000       0.000      -0.2697E-07   0.000       0.000       0.000       0.000       0.000                            0.2697E-08  0.2697E-08   0.000    
  22464000.0   10.00320209   10.1172   0.000       0.000      0.1140E-02 -0.2321E-07  0.5924E-02 -0.7064E-02   0.000       0.000       0.000       0.000       0.2321E-06   0.000       0.000       0.000       0.000       0.000                           -0.2321E-07 -0.2321E-07   0.000    
  22550400.0   10.00298134   10.1138   0.000       0.000      0.1108E-02  0.1277E-07  0.5791E-02 -0.6899E-02   0.000       0.000       0.000       0.000      -0.1277E-06   0.000       0.000       0.000       0.000       0.000                            0.1277E-07  0.1277E-07   0.000    
  22636800.0   10.00296696   10.1134   0.000       0.000      0.1104E-02  0.8321E-09  0.5778E-02 -0.6882E-02   0.000       0.000       0.000       0.000      -0.8320E-08   0.000       0.000       0.000       0.000       0.000                            0.8321E-09  0.8321E-09   0.000    
  22723200.0   10.00425022   10.1317   0.000       0.000      0.1275E-02 -0.7426E-07  0.6373E-02 -0.7647E-02   0.000       0.000       0.000       0.000       0.7426E-06   0.000       0.000       0.000       0.000       0.000                           -0.7426E-07 -0.7426E-07   0.000    
  22809600.0   10.00371290   10.1244   0.000       0.000      0.1207E-02  0.3109E-07  0.6106E-02 -0.7313E-02   0.000       0.000       0.000       0.000      -0.3109E-06   0.000       0.000       0.000       0.000       0.000                            0.3109E-07  0.3109E-07   0.000    
  22896000.0   10.00352604   10.1214   0.000       0.000      0.1179E-02  0.1081E-07  0.6033E-02 -0.7212E-02   0.000       0.000       0.000       0.000      -0.1081E-06   0.000       0.000       0.000       0.000       0.000                            0.1081E-07  0.1081E-07   0.000    
  22982400.0   10.00341247   10.1196   0.000       0.000      0.1162E-02  0.6573E-08  0.5978E-02 -0.7140E-02   0.000       0.000       0.000       0.000      -0.6573E-07   0.000       0.000       0.000       0.000       0.000                            0.6573E-08  0.6573E-08   0.000    
  23068800.0   10.00332343   10.1182   0.000       0.000      0.1148E-02  0.5153E-08  0.5931E-02 -0.7079E-02   0.000       0.000       0.000       0.000      -0.5152E-07   0.000       0.000       0.000       0.000       0.000                            0.5153E-08  0.5153E-08   0.000    
  23155200.0   10.00322429   10.1166   0.000       0.000      0.1134E-02  0.5737E-08  0.5875E-02 -0.7009E-02   0.000       0.000       0.000       0.000      -0.5737E-07   0.000       0.000       0.000       0.000       0.000                            0.5737E-08  0.5737E-08   0.000    
  23241600.0   10.00313465   10.1152   0.000       0.000      0.1120E-02  0.5187E-08  0.5823E-02 -0.6943E-02   0.000       0.000       0.000       0.000      -0.5187E-07   0.000       0.000       0.000       0.000       0.000                            0.5187E-08  0.5187E-08   0.000    
  23328000.0   10.00304733   10.1137   0.000       0.000      0.1107E-02  0.5053E-08  0.5769E-02 -0.6876E-02   0.000       0.000       0.000       0.000      -0.5053E-07   0.000       0.000       0.000       0.000       0.000                            0.5053E-08  0.5053E-08   0.000    
  23414400.0   10.00296934   10.1125   0.000       0.000      0.1095E-02  0.4514E-08  0.5719E-02 -0.6814E-02   0.000       0.000       0.000       0.000      -0.4513E-07   0.000       0.000       0.000       0.000       0.000                            0.4514E-08  0.4514E-08   0.000    
  23500800.0   10.00290376   10.1114   0.000       0.000      0.1085E-02  0.3795E-08  0.5674E-02 -0.6759E-02   0.000       0.000       0.000       0.000      -0.3795E-07   0.000       0.000       0.000       0.000       0.000                            0.3795E-08  0.3795E-08   0.000    
  23587200.0   10.00284276   10.1103   0.000       0.000      0.1075E-02  0.3530E-08  0.5630E-02 -0.6705E-02   0.000       0.000       0.000       0.000      -0.3530E-07   0.000       0.000       0.000       0.000       0.000                            0.3530E-08  0.3530E-08   0.000    
  23673600.0   10.00278325   10.1093   0.000       0.000      0.1066E-02  0.3444E-08  0.5586E-02 -0.6652E-02   0.000       0.000       0.000       0.000      -0.3443E-07   0.000       0.000       0.000       0.000       0.000                            0.3444E-08  0.3444E-08   0.000    
  23760000.0   10.00272320   10.1083   0.000       0.000      0.1056E-02  0.3475E-08  0.5542E-02 -0.6598E-02   0.000       0.000       0.000       0.000      -0.3475E-07   0.000       0.000       0.000       0.000       0.000                            0.3475E-08  0.3475E-08   0.000    
  23846400.0   10.00266789   10.1073   0.000       0.000      0.1047E-02  0.3201E-08  0.5499E-02 -0.6546E-02   0.000       0.000       0.000       0.000      -0.3201E-07   0.000       0.000       0.000       0.000       0.000                            0.3201E-08  0.3201E-08   0.000    
  23932800.0   10.00261770   10.1065   0.000       0.000      0.1038E-02  0.2905E-08  0.5459E-02 -0.6497E-02   0.000       0.000       0.000       0.000      -0.2905E-07   0.000       0.000       0.000       0.000       0.000                            0.2905E-08  0.2905E-08   0.000    
  24019200.0   10.00257008   10.1056   0.000       0.000      0.1030E-02  0.2756E-08  0.5419E-02 -0.6449E-02   0.000       0.000       0.000       0.000      -0.2756E-07   0.000       0.000       0.000       0.000       0.000                            0.2756E-08  0.2756E-08   0.000    
  24105600.0   10.00252432   10.1048   0.000       0.000      0.1022E-02  0.2648E-08  0.5380E-02 -0.6403E-02   0.000       0.000       0.000       0.000      -0.2648E-07   0.000       0.000       0.000       0.000       0.000                            0.2648E-08  0.2648E-08   0.000    
  24192000.0   10.00247949   10.1040   0.000       0.000      0.1015E-02  0.2594E-08  0.5342E-02 -0.6357E-02   0.000       0.000       0.000       0.000      -0.2594E-07   0.000       0.000       0.000       0.000       0.000                            0.2594E-08  0.2594E-08   0.000    
  24278400.0   10.00243575   10.1031   0.000       0.000      0.1007E-02  0.2531E-08  0.5304E-02 -0.6311E-02   0.000       0.000       0.000       0.000      -0.2531E-07   0.000       0.000       0.000       0.000       0.000                            0.2531E-08  0.2531E-08   0.000    
  24364800.0   10.00239402   10.1024   0.000       0.000      0.9997E-03  0.2415E-08  0.5266E-02 -0.6266E-02   0.000       0.000       0.000       0.000      -0.2415E-07   0.000       0.000       0.000       0.000       0.000                            0.2415E-08  0.2415E-08   0.000    
  24451200.0   10.00235425   10.1016   0.000       0.000      0.9926E-03  0.2302E-08  0.5230E-02 -0.6222E-02   0.000       0.000       0.000       0.000      -0.2302E-07   0.000       0.000       0.000       0.000       0.000                            0.2302E-08  0.2302E-08   0.000    
  24537600.0   10.00231600   10.1009   0.000       0.000      0.9856E-03  0.2213E-08  0.5194E-02 -0.6180E-02   0.000       0.000       0.000       0.000      -0.2213E-07   0.000       0.000       0.000       0.000       0.000                            0.2213E-08  0.2213E-08   0.000    
  24624000.0   10.00227907   10.1002   0.000       0.000      0.9789E-03  0.2137E-08  0.5159E-02 -0.6138E-02   0.000       0.000       0.000       0.000      -0.2137E-07   0.000       0.000       0.000       0.000       0.000                            0.2137E-08  0.2137E-08   0.000    
  24710400.0   10.00224319   10.0995   0.000       0.000      0.9722E-03  0.2076E-08  0.5124E-02 -0.6097E-02   0.000       0.000       0.000       0.000      -0.2076E-07   0.000       0.000       0.000       0.000       0.000                            0.2076E-08  0.2076E-08   0.000    
  24796800.0   10.00220829   10.0988   0.000       0.000      0.9657E-03  0.2019E-08  0.5090E-02 -0.6056E-02   0.000       0.000       0.000       0.000      -0.2019E-07   0.000       0.000       0.000       0.000       0.000                            0.2019E-08  0.2019E-08   0.000    
  24883200.0   10.00217953   10.0982   0.000       0.000      0.9601E-03  0.1665E-08  0.5060E-02 -0.6020E-02   0.000       0.000       0.000       0.000      -0.1665E-07   0.000       0.000       0.000       0.000       0.000                            0.1665E-08  0.1665E-08   0.000    
  24969600.0   10.00224937   10.0994   0.000       0.000      0.9713E-03 -0.4042E-08  0.5088E-02 -0.6059E-02   0.000       0.000       0.000       0.000       0.4042E-07   0.000       0.000       0.000       0.000       0.000                           -0.4042E-08 -0.4042E-08   0.000    
  25056000.0   10.00216661   10.0978   0.000       0.000      0.9567E-03  0.4790E-08  0.5024E-02 -0.5981E-02   0.000       0.000       0.000       0.000      -0.4790E-07   0.000       0.000       0.000       0.000       0.000                            0.4790E-08  0.4790E-08   0.000    
  25142400.0   10.00212123   10.0969   0.000       0.000      0.9480E-03  0.2626E-08  0.4986E-02 -0.5934E-02   0.000       0.000       0.000       0.000      -0.2626E-07   0.000       0.000       0.000       0.000       0.000                            0.2626E-08  0.2626E-08   0.000    
  25228800.0   10.00228451   10.0998   0.000       0.000      0.9750E-03 -0.9449E-08  0.5072E-02 -0.6047E-02   0.000       0.000       0.000       0.000       0.9449E-07   0.000       0.000       0.000       0.000       0.000                           -0.9449E-08 -0.9449E-08   0.000    
  25315200.0   10.00217204   10.0977   0.000       0.000      0.9555E-03  0.6509E-08  0.4990E-02 -0.5946E-02   0.000       0.000       0.000       0.000      -0.6509E-07   0.000       0.000       0.000       0.000       0.000                            0.6509E-08  0.6509E-08   0.000    
  25401600.0   10.00222641   10.0986   0.000       0.000      0.9636E-03 -0.3147E-08  0.5015E-02 -0.5979E-02   0.000       0.000       0.000       0.000       0.3146E-07   0.000       0.000       0.000       0.000       0.000                           -0.3147E-08 -0.3147E-08   0.000    
  25488000.0   10.00224046   10.0988   0.000       0.000      0.9653E-03 -0.8129E-09  0.5012E-02 -0.5977E-02   0.000       0.000       0.000       0.000       0.8129E-08   0.000       0.000       0.000       0.000       0.000                           -0.8129E-09 -0.8129E-09   0.000    
  25574400.0   10.00231816   10.1001   0.000       0.000      0.9774E-03 -0.4497E-08  0.5048E-02 -0.6025E-02   0.000       0.000       0.000       0.000       0.4497E-07   0.000       0.000       0.000       0.000       0.000                           -0.4497E-08 -0.4497E-08   0.000    
  25660800.0   10.00221521   10.0981   0.000       0.000      0.9593E-03  0.5958E-08  0.4977E-02 -0.5937E-02   0.000       0.000       0.000       0.000      -0.5958E-07   0.000       0.000       0.000       0.000       0.000                            0.5958E-08  0.5958E-08   0.000    
  25747200.0   10.00240524   10.1014   0.000       0.000      0.9897E-03 -0.1100E-07  0.5083E-02 -0.6072E-02   0.000       0.000       0.000       0.000       0.1100E-06   0.000       0.000       0.000       0.000       0.000                           -0.1100E-07 -0.1100E-07   0.000    
  25833600.0   10.00330787   10.1157   0.000       0.000      0.1124E-02 -0.5224E-07  0.5547E-02 -0.6671E-02   0.000       0.000       0.000       0.000       0.5223E-06   0.000       0.000       0.000       0.000       0.000                           -0.5224E-07 -0.5224E-07   0.000    
  25920000.0   10.00433414   10.1299   0.000       0.000      0.1256E-02 -0.5939E-07  0.6000E-02 -0.7256E-02   0.000       0.000       0.000       0.000       0.5939E-06   0.000       0.000       0.000       0.000       0.000                           -0.5939E-07 -0.5939E-07   0.000    
  26006400.0   10.00520874   10.1408   0.000       0.000      0.1356E-02 -0.5061E-07  0.6359E-02 -0.7714E-02   0.000       0.000       0.000       0.000       0.5061E-06   0.000       0.000       0.000       0.000       0.000                           -0.5061E-07 -0.5061E-07   0.000    
  26092800.0   10.00480465   10.1355   0.000       0.000      0.1307E-02  0.2338E-07  0.6214E-02 -0.7521E-02   0.000       0.000       0.000       0.000      -0.2338E-06   0.000       0.000       0.000       0.000       0.000                            0.2338E-07  0.2338E-07   0.000    
  26179200.0   10.00426162   10.1282   0.000       0.000      0.1239E-02  0.3143E-07  0.6022E-02 -0.7262E-02   0.000       0.000       0.000       0.000      -0.3142E-06   0.000       0.000       0.000       0.000       0.000                            0.3143E-07  0.3143E-07   0.000    
  26265600.0   10.00393212   10.1235   0.000       0.000      0.1196E-02  0.1907E-07  0.5905E-02 -0.7101E-02   0.000       0.000       0.000       0.000      -0.1907E-06   0.000       0.000       0.000       0.000       0.000                            0.1907E-07  0.1907E-07   0.000    
  26352000.0   10.00370439   10.1202   0.000       0.000      0.1165E-02  0.1318E-07  0.5816E-02 -0.6982E-02   0.000       0.000       0.000       0.000      -0.1318E-06   0.000       0.000       0.000       0.000       0.000                            0.1318E-07  0.1318E-07   0.000    
  26438400.0   10.00352989   10.1177   0.000       0.000      0.1142E-02  0.1010E-07  0.5742E-02 -0.6884E-02   0.000       0.000       0.000       0.000      -0.1010E-06   0.000       0.000       0.000       0.000       0.000                            0.1010E-07  0.1010E-07   0.000    
  26524800.0   10.00338423   10.1155   0.000       0.000      0.1122E-02  0.8429E-08  0.5676E-02 -0.6798E-02   0.000       0.000       0.000       0.000      -0.8429E-07   0.000       0.000       0.000       0.000       0.000                            0.8429E-08  0.8429E-08   0.000    
  26611200.0   10.00324865   10.1135   0.000       0.000      0.1103E-02  0.7846E-08  0.5611E-02 -0.6713E-02   0.000       0.000       0.000       0.000      -0.7846E-07   0.000       0.000       0.000       0.000       0.000                            0.7846E-08  0.7846E-08   0.000    
  26697600.0   10.00313897   10.1119   0.000       0.000      0.1087E-02  0.6348E-08  0.5554E-02 -0.6642E-02   0.000       0.000       0.000       0.000      -0.6347E-07   0.000       0.000       0.000       0.000       0.000                            0.6348E-08  0.6348E-08   0.000    
  26784000.0   10.00304053   10.1103   0.000       0.000      0.1073E-02  0.5696E-08  0.5501E-02 -0.6574E-02   0.000       0.000       0.000       0.000      -0.5696E-07   0.000       0.000       0.000       0.000       0.000                            0.5696E-08  0.5696E-08   0.000    
  26870400.0   10.00393646   10.1234   0.000       0.000      0.1194E-02 -0.5185E-07  0.5925E-02 -0.7118E-02   0.000       0.000       0.000       0.000       0.5185E-06   0.000       0.000       0.000       0.000       0.000                           -0.5185E-07 -0.5185E-07   0.000    
  26956800.0   10.00418190   10.1267   0.000       0.000      0.1225E-02 -0.1420E-07  0.6017E-02 -0.7242E-02   0.000       0.000       0.000       0.000       0.1420E-06   0.000       0.000       0.000       0.000       0.000                           -0.1420E-07 -0.1420E-07   0.000    
  27043200.0   10.00442322   10.1298   0.000       0.000      0.1254E-02 -0.1397E-07  0.6127E-02 -0.7380E-02   0.000       0.000       0.000       0.000       0.1396E-06   0.000       0.000       0.000       0.000       0.000                           -0.1397E-07 -0.1397E-07   0.000    
  27129600.0   10.00432068   10.1283   0.000       0.000      0.1240E-02  0.5934E-08  0.6092E-02 -0.7332E-02   0.000       0.000       0.000       0.000      -0.5934E-07   0.000       0.000       0.000       0.000       0.000                            0.5934E-08  0.5934E-08   0.000    
  27216000.0   10.00447497   10.1302   0.000       0.000      0.1257E-02 -0.8929E-08  0.6171E-02 -0.7428E-02   0.000       0.000       0.000       0.000       0.8929E-07   0.000       0.000       0.000       0.000       0.000                           -0.8929E-08 -0.8929E-08   0.000    
  27302400.0   10.00505474   10.1374   0.000       0.000      0.1324E-02 -0.3355E-07  0.6417E-02 -0.7740E-02   0.000       0.000       0.000       0.000       0.3355E-06   0.000       0.000       0.000       0.000       0.000                           -0.3355E-07 -0.3355E-07   0.000    
  27388800.0   10.00625609   10.1514   0.000       0.000      0.1451E-02 -0.6952E-07  0.6876E-02 -0.8327E-02   0.000       0.000       0.000       0.000       0.6952E-06   0.000       0.000       0.000       0.000       0.000                           -0.6952E-07 -0.6952E-07   0.000    
  27475200.0   10.00694372   10.1588   0.000       0.000      0.1519E-02 -0.3979E-07  0.7125E-02 -0.8644E-02   0.000       0.000       0.000       0.000       0.3979E-06   0.000       0.000       0.000       0.000       0.000                           -0.3979E-07 -0.3979E-07   0.000    
  27561600.0   10.00605660   10.1489   0.000       0.000      0.1428E-02  0.5134E-07  0.6838E-02 -0.8267E-02   0.000       0.000       0.000       0.000      -0.5133E-06   0.000       0.000       0.000       0.000       0.000                            0.5134E-07  0.5134E-07   0.000    
  27648000.0   10.00555244   10.1428   0.000       0.000      0.1373E-02  0.2918E-07  0.6693E-02 -0.8066E-02   0.000       0.000       0.000       0.000      -0.2917E-06   0.000       0.000       0.000       0.000       0.000                            0.2918E-07  0.2918E-07   0.000    
  27734400.0   10.00516631   10.1381   0.000       0.000      0.1330E-02  0.2235E-07  0.6568E-02 -0.7898E-02   0.000       0.000       0.000       0.000      -0.2234E-06   0.000       0.000       0.000       0.000       0.000                            0.2235E-07  0.2235E-07   0.000    
  27820800.0   10.00494962   10.1355   0.000       0.000      0.1305E-02  0.1254E-07  0.6498E-02 -0.7803E-02   0.000       0.000       0.000       0.000      -0.1254E-06   0.000       0.000       0.000       0.000       0.000                            0.1254E-07  0.1254E-07   0.000    
  27907200.0   10.00483444   10.1341   0.000       0.000      0.1292E-02  0.6665E-08  0.6460E-02 -0.7752E-02   0.000       0.000       0.000       0.000      -0.6665E-07   0.000       0.000       0.000       0.000       0.000                            0.6665E-08  0.6665E-08   0.000    
  27993600.0   10.00563395   10.1438   0.000       0.000      0.1381E-02 -0.4627E-07  0.6778E-02 -0.8159E-02   0.000       0.000       0.000       0.000       0.4627E-06   0.000       0.000       0.000       0.000       0.000                           -0.4627E-07 -0.4627E-07   0.000    
  28080000.0   10.00645132   10.1531   0.000       0.000      0.1467E-02 -0.4730E-07  0.7073E-02 -0.8539E-02   0.000       0.000       0.000       0.000       0.4730E-06   0.000       0.000       0.000       0.000       0.000                           -0.4730E-07 -0.4730E-07   0.000    
  28166400.0   10.00653474   10.1540   0.000       0.000      0.1475E-02 -0.4828E-08  0.7110E-02 -0.8585E-02   0.000       0.000       0.000       0.000       0.4827E-07   0.000       0.000       0.000       0.000       0.000                           -0.4828E-08 -0.4828E-08   0.000    
  28252800.0   10.00593936   10.1473   0.000       0.000      0.1413E-02  0.3446E-07  0.6918E-02 -0.8331E-02   0.000       0.000       0.000       0.000      -0.3445E-06   0.000       0.000       0.000       0.000       0.000                            0.3446E-07  0.3446E-07   0.000    
  28339200.0   10.00553499   10.1425   0.000       0.000      0.1369E-02  0.2340E-07  0.6792E-02 -0.8162E-02   0.000       0.000       0.000       0.000      -0.2340E-06   0.000       0.000       0.000       0.000       0.000                            0.2340E-07  0.2340E-07   0.000    
  28425600.0   10.00523585   10.1389   0.000       0.000      0.1337E-02  0.1731E-07  0.6692E-02 -0.8028E-02   0.000       0.000       0.000       0.000      -0.1731E-06   0.000       0.000       0.000       0.000       0.000                            0.1731E-07  0.1731E-07   0.000    
  28512000.0   10.00499492   10.1360   0.000       0.000      0.1310E-02  0.1394E-07  0.6604E-02 -0.7915E-02   0.000       0.000       0.000       0.000      -0.1394E-06   0.000       0.000       0.000       0.000       0.000                            0.1394E-07  0.1394E-07   0.000    
  28598400.0   10.00479092   10.1335   0.000       0.000      0.1287E-02  0.1181E-07  0.6526E-02 -0.7813E-02   0.000       0.000       0.000       0.000      -0.1181E-06   0.000       0.000       0.000       0.000       0.000                            0.1181E-07  0.1181E-07   0.000    
  28684800.0   10.00461281   10.1313   0.000       0.000      0.1267E-02  0.1031E-07  0.6453E-02 -0.7721E-02   0.000       0.000       0.000       0.000      -0.1031E-06   0.000       0.000       0.000       0.000       0.000                            0.1031E-07  0.1031E-07   0.000    
  28771200.0   10.00445328   10.1294   0.000       0.000      0.1249E-02  0.9232E-08  0.6385E-02 -0.7634E-02   0.000       0.000       0.000       0.000      -0.9232E-07   0.000       0.000       0.000       0.000       0.000                            0.9232E-08  0.9232E-08   0.000    
  28857600.0   10.00430912   10.1276   0.000       0.000      0.1232E-02  0.8343E-08  0.6320E-02 -0.7553E-02   0.000       0.000       0.000       0.000      -0.8343E-07   0.000       0.000       0.000       0.000       0.000                            0.8343E-08  0.8343E-08   0.000    
  28944000.0   10.00417352   10.1258   0.000       0.000      0.1217E-02  0.7847E-08  0.6257E-02 -0.7474E-02   0.000       0.000       0.000       0.000      -0.7846E-07   0.000       0.000       0.000       0.000       0.000                            0.7847E-08  0.7847E-08   0.000    
  29030400.0   10.00404501   10.1242   0.000       0.000      0.1201E-02  0.7437E-08  0.6195E-02 -0.7396E-02   0.000       0.000       0.000       0.000      -0.7437E-07   0.000       0.000       0.000       0.000       0.000                            0.7437E-08  0.7437E-08   0.000    
  29116800.0   10.00392718   10.1226   0.000       0.000      0.1187E-02  0.6818E-08  0.6135E-02 -0.7323E-02   0.000       0.000       0.000       0.000      -0.6818E-07   0.000       0.000       0.000       0.000       0.000                            0.6818E-08  0.6818E-08   0.000    
  29203200.0   10.00381316   10.1211   0.000       0.000      0.1173E-02  0.6599E-08  0.6076E-02 -0.7249E-02   0.000       0.000       0.000       0.000      -0.6599E-07   0.000       0.000       0.000       0.000       0.000                            0.6599E-08  0.6599E-08   0.000    
  29289600.0   10.00370922   10.1197   0.000       0.000      0.1160E-02  0.6015E-08  0.6020E-02 -0.7180E-02   0.000       0.000       0.000       0.000      -0.6015E-07   0.000       0.000       0.000       0.000       0.000                            0.6015E-08  0.6015E-08   0.000    
  29376000.0   10.00361415   10.1184   0.000       0.000      0.1148E-02  0.5502E-08  0.5967E-02 -0.7115E-02   0.000       0.000       0.000       0.000      -0.5501E-07   0.000       0.000       0.000       0.000       0.000                            0.5502E-08  0.5502E-08   0.000    
  29462400.0   10.00352546   10.1172   0.000       0.000      0.1137E-02  0.5132E-08  0.5916E-02 -0.7053E-02   0.000       0.000       0.000       0.000      -0.5132E-07   0.000       0.000       0.000       0.000       0.000                            0.5132E-08  0.5132E-08   0.000    
  29548800.0   10.00344084   10.1160   0.000       0.000      0.1126E-02  0.4897E-08  0.5866E-02 -0.6992E-02   0.000       0.000       0.000       0.000      -0.4897E-07   0.000       0.000       0.000       0.000       0.000                            0.4897E-08  0.4897E-08   0.000    
  29635200.0   10.00335967   10.1149   0.000       0.000      0.1115E-02  0.4698E-08  0.5816E-02 -0.6932E-02   0.000       0.000       0.000       0.000      -0.4697E-07   0.000       0.000       0.000       0.000       0.000                            0.4698E-08  0.4698E-08   0.000    
  29721600.0   10.00328256   10.1138   0.000       0.000      0.1105E-02  0.4462E-08  0.5768E-02 -0.6873E-02   0.000       0.000       0.000       0.000      -0.4462E-07   0.000       0.000       0.000       0.000       0.000                            0.4462E-08  0.4462E-08   0.000    
  29808000.0   10.00320677   10.1126   0.000       0.000      0.1094E-02  0.4386E-08  0.5720E-02 -0.6815E-02   0.000       0.000       0.000       0.000      -0.4385E-07   0.000       0.000       0.000       0.000       0.000                            0.4386E-08  0.4386E-08   0.000    
  29894400.0   10.00313427   10.1116   0.000       0.000      0.1084E-02  0.4196E-08  0.5673E-02 -0.6758E-02   0.000       0.000       0.000       0.000      -0.4196E-07   0.000       0.000       0.000       0.000       0.000                            0.4196E-08  0.4196E-08   0.000    
  29980800.0   10.00306455   10.1105   0.000       0.000      0.1075E-02  0.4035E-08  0.5627E-02 -0.6701E-02   0.000       0.000       0.000       0.000      -0.4035E-07   0.000       0.000       0.000       0.000       0.000                            0.4035E-08  0.4035E-08   0.000    
  30067200.0   10.00299935   10.1095   0.000       0.000      0.1065E-02  0.3773E-08  0.5582E-02 -0.6648E-02   0.000       0.000       0.000       0.000      -0.3773E-07   0.000       0.000       0.000       0.000       0.000                            0.3773E-08  0.3773E-08   0.000    
  30153600.0   10.00293696   10.1086   0.000       0.000      0.1056E-02  0.3610E-08  0.5538E-02 -0.6595E-02   0.000       0.000       0.000       0.000      -0.3610E-07   0.000       0.000       0.000       0.000       0.000                            0.3610E-08  0.3610E-08   0.000    
  30240000.0   10.00287732   10.1077   0.000       0.000      0.1048E-02  0.3451E-08  0.5496E-02 -0.6543E-02   0.000       0.000       0.000       0.000      -0.3451E-07   0.000       0.000       0.000       0.000       0.000                            0.3451E-08  0.3451E-08   0.000    
  30326400.0   10.00281925   10.1067   0.000       0.000      0.1039E-02  0.3361E-08  0.5453E-02 -0.6492E-02   0.000       0.000       0.000       0.000      -0.3361E-07   0.000       0.000       0.000       0.000       0.000                            0.3361E-08  0.3361E-08   0.000    
  30412800.0   10.00276334   10.1058   0.000       0.000      0.1031E-02  0.3236E-08  0.5412E-02 -0.6443E-02   0.000       0.000       0.000       0.000      -0.3236E-07   0.000       0.000       0.000       0.000       0.000                            0.3236E-08  0.3236E-08   0.000    
  30499200.0   10.00270982   10.1050   0.000       0.000      0.1023E-02  0.3097E-08  0.5371E-02 -0.6394E-02   0.000       0.000       0.000       0.000      -0.3097E-07   0.000       0.000       0.000       0.000       0.000                            0.3097E-08  0.3097E-08   0.000    
  30585600.0   10.00265805   10.1041   0.000       0.000      0.1015E-02  0.2996E-08  0.5331E-02 -0.6346E-02   0.000       0.000       0.000       0.000      -0.2996E-07   0.000       0.000       0.000       0.000       0.000                            0.2996E-08  0.2996E-08   0.000    
  30672000.0   10.00260826   10.1033   0.000       0.000      0.1007E-02  0.2882E-08  0.5292E-02 -0.6299E-02   0.000       0.000       0.000       0.000      -0.2882E-07   0.000       0.000       0.000       0.000       0.000                            0.2882E-08  0.2882E-08   0.000    
  30758400.0   10.00256018   10.1025   0.000       0.000      0.9992E-03  0.2782E-08  0.5253E-02 -0.6252E-02   0.000       0.000       0.000       0.000      -0.2782E-07   0.000       0.000       0.000       0.000       0.000                            0.2782E-08  0.2782E-08   0.000    
  30844800.0   10.00251368   10.1017   0.000       0.000      0.9917E-03  0.2691E-08  0.5215E-02 -0.6207E-02   0.000       0.000       0.000       0.000      -0.2691E-07   0.000       0.000       0.000       0.000       0.000                            0.2691E-08  0.2691E-08   0.000    
  30931200.0   10.00246839   10.1009   0.000       0.000      0.9844E-03  0.2621E-08  0.5178E-02 -0.6162E-02   0.000       0.000       0.000       0.000      -0.2621E-07   0.000       0.000       0.000       0.000       0.000                            0.2621E-08  0.2621E-08   0.000    
  31017600.0   10.00242439   10.1001   0.000       0.000      0.9771E-03  0.2546E-08  0.5141E-02 -0.6118E-02   0.000       0.000       0.000       0.000      -0.2546E-07   0.000       0.000       0.000       0.000       0.000                            0.2546E-08  0.2546E-08   0.000    
  31104000.0   10.00238188   10.0994   0.000       0.000      0.9700E-03  0.2460E-08  0.5104E-02 -0.6074E-02   0.000       0.000       0.000       0.000      -0.2460E-07   0.000       0.000       0.000       0.000       0.000                            0.2460E-08  0.2460E-08   0.000    
  31190400.0   10.00234065   10.0986   0.000       0.000      0.9630E-03  0.2386E-08  0.5068E-02 -0.6031E-02   0.000       0.000       0.000       0.000      -0.2386E-07   0.000       0.000       0.000       0.000       0.000                            0.2386E-08  0.2386E-08   0.000    
  31276800.0   10.00231956   10.0982   0.000       0.000      0.9593E-03  0.1221E-08  0.5044E-02 -0.6003E-02   0.000       0.000       0.000       0.000      -0.1221E-07   0.000       0.000       0.000       0.000       0.000                            0.1221E-08  0.1221E-08   0.000    
  31363200.0   10.00227165   10.0974   0.000       0.000      0.9511E-03  0.2772E-08  0.5004E-02 -0.5955E-02   0.000       0.000       0.000       0.000      -0.2772E-07   0.000       0.000       0.000       0.000       0.000                            0.2772E-08  0.2772E-08   0.000    
  31449600.0   10.00223153   10.0966   0.000       0.000      0.9440E-03  0.2322E-08  0.4968E-02 -0.5912E-02   0.000       0.000       0.000       0.000      -0.2322E-07   0.000       0.000       0.000       0.000       0.000                            0.2322E-08  0.2322E-08   0.000    
  31536000.0   10.00219379   10.0959   0.000       0.000      0.9373E-03  0.2184E-08  0.4934E-02 -0.5871E-02   0.000       0.000       0.000       0.000      -0.2184E-07   0.000       0.000       0.000       0.000       0.000                            0.2184E-08  0.2184E-08   0.000    
  31622400.0   10.00214849   10.0951   0.000       0.000      0.9292E-03  0.2622E-08  0.4895E-02 -0.5824E-02   0.000       0.000       0.000       0.000      -0.2622E-07   0.000       0.000       0.000       0.000       0.000                            0.2622E-08  0.2622E-08   0.000    
