   TOTIM (T)          HCON      HMAT     QDIR      QWELL        QMAT QCADS<->CON       QTUB1       QTUB2       QTUB3       QTUB4       QTUB5       QTUB6       NSTOR        QFIX        QLH     FHLQ (LQ)      CAUCHY CAUCHY (LQ) BREAK-DOWN CADS FLOW  QCADS<->CON    Q_CDSSTO    Q_CDSRCH
     86400.0   10.79040204   10.8854   0.000       0.000      0.9504E-03   0.000     -0.4251E-01  0.4156E-01   0.000       0.000       0.000       0.000        0.000       0.000       0.000       0.000       0.000       0.000                             0.000       0.000       0.000    
    172800.0   10.77292269   10.8668   0.000       0.000      0.9388E-03  0.1012E-05 -0.4214E-01  0.4120E-01   0.000       0.000       0.000       0.000        0.000       0.000       0.000       0.000       0.000       0.000                            0.1012E-05  0.1012E-05   0.000    
    259200.0   10.77328276   10.8671   0.000       0.000      0.9383E-03 -0.2084E-07 -0.4210E-01  0.4117E-01   0.000       0.000       0.000       0.000        0.000       0.000       0.000       0.000       0.000       0.000                           -0.2084E-07 -0.2084E-07   0.000    
    345600.0   10.77170306   10.8654   0.000       0.000      0.9369E-03  0.9142E-07 -0.4204E-01  0.4110E-01   0.000       0.000       0.000       0.000        0.000       0.000       0.000       0.000       0.000       0.000                            0.9142E-07  0.9142E-07   0.000    
    432000.0   10.78337986   10.8778   0.000       0.000      0.9446E-03 -0.6757E-06 -0.4227E-01  0.4133E-01   0.000       0.000       0.000       0.000        0.000       0.000       0.000       0.000       0.000       0.000                           -0.6757E-06 -0.6757E-06   0.000    
    518400.0   10.79031106   10.8853   0.000       0.000      0.9496E-03 -0.4011E-06 -0.4243E-01  0.4148E-01   0.000       0.000       0.000       0.000        0.000       0.000       0.000       0.000       0.000       0.000                           -0.4011E-06 -0.4011E-06   0.000    
    604800.0   10.79233529   10.8875   0.000       0.000      0.9515E-03 -0.1171E-06 -0.4250E-01  0.4155E-01   0.000       0.000       0.000       0.000        0.000       0.000       0.000       0.000       0.000       0.000                           -0.1171E-06 -0.1171E-06   0.000    
    691200.0   10.81022265   10.9066   0.000       0.000      0.9637E-03 -0.1035E-05 -0.4290E-01  0.4194E-01   0.000       0.000       0.000       0.000        0.000       0.000       0.000       0.000       0.000       0.000                           -0.1035E-05 -0.1035E-05   0.000    
    777600.0   10.85887600   10.9584   0.000       0.000      0.9953E-03 -0.2816E-05 -0.4394E-01  0.4295E-01   0.000       0.000       0.000       0.000        0.000       0.000       0.000       0.000       0.000       0.000                           -0.2816E-05 -0.2816E-05   0.000    
    864000.0   10.93054383   11.0347   0.000       0.000      0.1041E-02 -0.4147E-05 -0.4548E-01  0.4444E-01   0.000       0.000       0.000       0.000        0.000       0.000       0.000       0.000       0.000       0.000                           -0.4147E-05 -0.4147E-05   0.000    
    950400.0   10.96279277   11.0692   0.000       0.000      0.1064E-02 -0.1866E-05 -0.4636E-01  0.4530E-01   0.000       0.000       0.000       0.000        0.000       0.000       0.000       0.000       0.000       0.000                           -0.1866E-05 -0.1866E-05   0.000    
   1036800.0   11.04069145   11.1517   0.000       0.000      0.1110E-02 -0.4508E-05 -0.4798E-01  0.4688E-01   0.000       0.000       0.000       0.000        0.000       0.000       0.000       0.000       0.000       0.000                           -0.4508E-05 -0.4508E-05   0.000    
   1123200.0   11.18102568   11.2995   0.000       0.000      0.1185E-02 -0.8121E-05 -0.5059E-01  0.4942E-01   0.000       0.000       0.000       0.000        0.000       0.000       0.000       0.000       0.000       0.000                           -0.8121E-05 -0.8121E-05   0.000    
   1209600.0   11.16365289   11.2820   0.000       0.000      0.1184E-02  0.1005E-05 -0.5088E-01  0.4970E-01   0.000       0.000       0.000       0.000        0.000       0.000       0.000       0.000       0.000       0.000                            0.1005E-05  0.1005E-05   0.000    
   1296000.0   11.14276750   11.2604   0.000       0.000      0.1176E-02  0.1209E-05 -0.5088E-01  0.4971E-01   0.000       0.000       0.000       0.000        0.000       0.000       0.000       0.000       0.000       0.000                            0.1209E-05  0.1209E-05   0.000    
   1382400.0   11.12178258   11.2382   0.000       0.000      0.1164E-02  0.1214E-05 -0.5067E-01  0.4951E-01   0.000       0.000       0.000       0.000        0.000       0.000       0.000       0.000       0.000       0.000                            0.1214E-05  0.1214E-05   0.000    
   1468800.0   11.10100503   11.2161   0.000       0.000      0.1151E-02  0.1202E-05 -0.5038E-01  0.4923E-01   0.000       0.000       0.000       0.000        0.000       0.000       0.000       0.000       0.000       0.000                            0.1202E-05  0.1202E-05   0.000    
   1555200.0   11.07876902   11.1925   0.000       0.000      0.1137E-02  0.1287E-05 -0.5000E-01  0.4886E-01   0.000       0.000       0.000       0.000        0.000       0.000       0.000       0.000       0.000       0.000                            0.1287E-05  0.1287E-05   0.000    
   1641600.0   11.05645453   11.1687   0.000       0.000      0.1122E-02  0.1291E-05 -0.4957E-01  0.4845E-01   0.000       0.000       0.000       0.000        0.000       0.000       0.000       0.000       0.000       0.000                            0.1291E-05  0.1291E-05   0.000    
   1728000.0   11.03755672   11.1485   0.000       0.000      0.1110E-02  0.1094E-05 -0.4918E-01  0.4806E-01   0.000       0.000       0.000       0.000        0.000       0.000       0.000       0.000       0.000       0.000                            0.1094E-05  0.1094E-05   0.000    
   1814400.0   11.02092180   11.1308   0.000       0.000      0.1099E-02  0.9627E-06 -0.4881E-01  0.4771E-01   0.000       0.000       0.000       0.000        0.000       0.000       0.000       0.000       0.000       0.000                            0.9627E-06  0.9627E-06   0.000    
   1900800.0   11.00238108   11.1110   0.000       0.000      0.1086E-02  0.1073E-05 -0.4839E-01  0.4730E-01   0.000       0.000       0.000       0.000        0.000       0.000       0.000       0.000       0.000       0.000                            0.1073E-05  0.1073E-05   0.000    
   1987200.0   10.98531803   11.0929   0.000       0.000      0.1076E-02  0.9874E-06 -0.4800E-01  0.4692E-01   0.000       0.000       0.000       0.000        0.000       0.000       0.000       0.000       0.000       0.000                            0.9874E-06  0.9874E-06   0.000    
   2073600.0   10.97126970   11.0779   0.000       0.000      0.1066E-02  0.8130E-06 -0.4765E-01  0.4658E-01   0.000       0.000       0.000       0.000        0.000       0.000       0.000       0.000       0.000       0.000                            0.8130E-06  0.8130E-06   0.000    
   2160000.0   10.95498794   11.0606   0.000       0.000      0.1056E-02  0.9422E-06 -0.4726E-01  0.4620E-01   0.000       0.000       0.000       0.000        0.000       0.000       0.000       0.000       0.000       0.000                            0.9422E-06  0.9422E-06   0.000    
   2246400.0   10.93889246   11.0435   0.000       0.000      0.1046E-02  0.9315E-06 -0.4687E-01  0.4582E-01   0.000       0.000       0.000       0.000        0.000       0.000       0.000       0.000       0.000       0.000                            0.9315E-06  0.9315E-06   0.000    
   2332800.0   10.92323733   11.0268   0.000       0.000      0.1036E-02  0.9060E-06 -0.4647E-01  0.4543E-01   0.000       0.000       0.000       0.000        0.000       0.000       0.000       0.000       0.000       0.000                            0.9060E-06  0.9060E-06   0.000    
   2419200.0   10.90796845   11.0106   0.000       0.000      0.1026E-02  0.8836E-06 -0.4608E-01  0.4505E-01   0.000       0.000       0.000       0.000        0.000       0.000       0.000       0.000       0.000       0.000                            0.8836E-06  0.8836E-06   0.000    
   2505600.0   10.90110653   11.0032   0.000       0.000      0.1021E-02  0.3971E-06 -0.4584E-01  0.4482E-01   0.000       0.000       0.000       0.000        0.000       0.000       0.000       0.000       0.000       0.000                            0.3971E-06  0.3971E-06   0.000    
   2592000.0   10.89104541   10.9926   0.000       0.000      0.1015E-02  0.5822E-06 -0.4557E-01  0.4456E-01   0.000       0.000       0.000       0.000        0.000       0.000       0.000       0.000       0.000       0.000                            0.5822E-06  0.5822E-06   0.000    
   2678400.0   10.90995689   11.0126   0.000       0.000      0.1026E-02 -0.1094E-05 -0.4586E-01  0.4483E-01   0.000       0.000       0.000       0.000        0.000       0.000       0.000       0.000       0.000       0.000                           -0.1094E-05 -0.1094E-05   0.000    
   2764800.0   10.98515493   11.0922   0.000       0.000      0.1071E-02 -0.4352E-05 -0.4722E-01  0.4616E-01   0.000       0.000       0.000       0.000        0.000       0.000       0.000       0.000       0.000       0.000                           -0.4352E-05 -0.4352E-05   0.000    
   2851200.0   11.17003655   11.2871   0.000       0.000      0.1171E-02 -0.1070E-04 -0.5048E-01  0.4932E-01   0.000       0.000       0.000       0.000        0.000       0.000       0.000       0.000       0.000       0.000                           -0.1070E-04 -0.1070E-04   0.000    
   2937600.0   11.13643778   11.2529   0.000       0.000      0.1164E-02  0.1944E-05 -0.5052E-01  0.4935E-01   0.000       0.000       0.000       0.000        0.000       0.000       0.000       0.000       0.000       0.000                            0.1944E-05  0.1944E-05   0.000    
   3024000.0   11.14318326   11.2604   0.000       0.000      0.1172E-02 -0.3904E-06 -0.5092E-01  0.4975E-01   0.000       0.000       0.000       0.000        0.000       0.000       0.000       0.000       0.000       0.000                           -0.3904E-06 -0.3904E-06   0.000    
   3110400.0   11.14483423   11.2622   0.000       0.000      0.1174E-02 -0.9554E-07 -0.5111E-01  0.4993E-01   0.000       0.000       0.000       0.000        0.000       0.000       0.000       0.000       0.000       0.000                           -0.9554E-07 -0.9554E-07   0.000    
   3196800.0   11.13300636   11.2498   0.000       0.000      0.1168E-02  0.6845E-06 -0.5102E-01  0.4985E-01   0.000       0.000       0.000       0.000        0.000       0.000       0.000       0.000       0.000       0.000                            0.6845E-06  0.6845E-06   0.000    
   3283200.0   11.11499656   11.2308   0.000       0.000      0.1158E-02  0.1042E-05 -0.5078E-01  0.4962E-01   0.000       0.000       0.000       0.000        0.000       0.000       0.000       0.000       0.000       0.000                            0.1042E-05  0.1042E-05   0.000    
   3369600.0   11.11769907   11.2335   0.000       0.000      0.1158E-02 -0.1564E-06 -0.5081E-01  0.4966E-01   0.000       0.000       0.000       0.000        0.000       0.000       0.000       0.000       0.000       0.000                           -0.1564E-06 -0.1564E-06   0.000    
   3456000.0   11.13234703   11.2487   0.000       0.000      0.1164E-02 -0.8477E-06 -0.5104E-01  0.4988E-01   0.000       0.000       0.000       0.000        0.000       0.000       0.000       0.000       0.000       0.000                           -0.8477E-06 -0.8477E-06   0.000    
   3542400.0   11.15521432   11.2727   0.000       0.000      0.1175E-02 -0.1323E-05 -0.5146E-01  0.5029E-01   0.000       0.000       0.000       0.000        0.000       0.000       0.000       0.000       0.000       0.000                           -0.1323E-05 -0.1323E-05   0.000    
   3628800.0   11.16376913   11.2818   0.000       0.000      0.1180E-02 -0.4951E-06 -0.5168E-01  0.5050E-01   0.000       0.000       0.000       0.000        0.000       0.000       0.000       0.000       0.000       0.000                           -0.4951E-06 -0.4951E-06   0.000    
   3715200.0   11.15213899   11.2697   0.000       0.000      0.1175E-02  0.6730E-06 -0.5158E-01  0.5041E-01   0.000       0.000       0.000       0.000        0.000       0.000       0.000       0.000       0.000       0.000                            0.6730E-06  0.6730E-06   0.000    
   3801600.0   11.15585820   11.2736   0.000       0.000      0.1177E-02 -0.2152E-06 -0.5167E-01  0.5049E-01   0.000       0.000       0.000       0.000        0.000       0.000       0.000       0.000       0.000       0.000                           -0.2152E-06 -0.2152E-06   0.000    
   3888000.0   11.16870341   11.2870   0.000       0.000      0.1183E-02 -0.7434E-06 -0.5189E-01  0.5071E-01   0.000       0.000       0.000       0.000        0.000       0.000       0.000       0.000       0.000       0.000                           -0.7434E-06 -0.7434E-06   0.000    
   3974400.0   11.19754473   11.3173   0.000       0.000      0.1198E-02 -0.1669E-05 -0.5239E-01  0.5119E-01   0.000       0.000       0.000       0.000        0.000       0.000       0.000       0.000       0.000       0.000                           -0.1669E-05 -0.1669E-05   0.000    
   4060800.0   11.22083267   11.3418   0.000       0.000      0.1210E-02 -0.1348E-05 -0.5283E-01  0.5163E-01   0.000       0.000       0.000       0.000        0.000       0.000       0.000       0.000       0.000       0.000                           -0.1348E-05 -0.1348E-05   0.000    
   4147200.0   11.20915475   11.3298   0.000       0.000      0.1206E-02  0.6758E-06 -0.5279E-01  0.5158E-01   0.000       0.000       0.000       0.000        0.000       0.000       0.000       0.000       0.000       0.000                            0.6758E-06  0.6758E-06   0.000    
   4233600.0   11.19082750   11.3106   0.000       0.000      0.1198E-02  0.1061E-05 -0.5256E-01  0.5136E-01   0.000       0.000       0.000       0.000        0.000       0.000       0.000       0.000       0.000       0.000                            0.1061E-05  0.1061E-05   0.000    
   4320000.0   11.17551923   11.2945   0.000       0.000      0.1190E-02  0.8859E-06 -0.5232E-01  0.5113E-01   0.000       0.000       0.000       0.000        0.000       0.000       0.000       0.000       0.000       0.000                            0.8859E-06  0.8859E-06   0.000    
   4406400.0   11.15909657   11.2771   0.000       0.000      0.1180E-02  0.9504E-06 -0.5201E-01  0.5083E-01   0.000       0.000       0.000       0.000        0.000       0.000       0.000       0.000       0.000       0.000                            0.9504E-06  0.9504E-06   0.000    
   4492800.0   11.14596076   11.2632   0.000       0.000      0.1173E-02  0.7602E-06 -0.5175E-01  0.5057E-01   0.000       0.000       0.000       0.000        0.000       0.000       0.000       0.000       0.000       0.000                            0.7602E-06  0.7602E-06   0.000    
   4579200.0   11.12893632   11.2452   0.000       0.000      0.1163E-02  0.9852E-06 -0.5141E-01  0.5025E-01   0.000       0.000       0.000       0.000        0.000       0.000       0.000       0.000       0.000       0.000                            0.9852E-06  0.9852E-06   0.000    
   4665600.0   11.11095063   11.2262   0.000       0.000      0.1153E-02  0.1041E-05 -0.5104E-01  0.4989E-01   0.000       0.000       0.000       0.000        0.000       0.000       0.000       0.000       0.000       0.000                            0.1041E-05  0.1041E-05   0.000    
   4752000.0   11.13656341   11.2530   0.000       0.000      0.1165E-02 -0.1482E-05 -0.5136E-01  0.5020E-01   0.000       0.000       0.000       0.000        0.000       0.000       0.000       0.000       0.000       0.000                           -0.1482E-05 -0.1482E-05   0.000    
   4838400.0   11.17365698   11.2920   0.000       0.000      0.1183E-02 -0.2147E-05 -0.5195E-01  0.5077E-01   0.000       0.000       0.000       0.000        0.000       0.000       0.000       0.000       0.000       0.000                           -0.2147E-05 -0.2147E-05   0.000    
   4924800.0   11.21528755   11.3358   0.000       0.000      0.1205E-02 -0.2409E-05 -0.5267E-01  0.5147E-01   0.000       0.000       0.000       0.000        0.000       0.000       0.000       0.000       0.000       0.000                           -0.2409E-05 -0.2409E-05   0.000    
   5011200.0   11.24128042   11.3634   0.000       0.000      0.1221E-02 -0.1504E-05 -0.5324E-01  0.5202E-01   0.000       0.000       0.000       0.000        0.000       0.000       0.000       0.000       0.000       0.000                           -0.1504E-05 -0.1504E-05   0.000    
   5097600.0   11.22870190   11.3504   0.000       0.000      0.1217E-02  0.7279E-06 -0.5320E-01  0.5198E-01   0.000       0.000       0.000       0.000        0.000       0.000       0.000       0.000       0.000       0.000                            0.7279E-06  0.7279E-06   0.000    
   5184000.0   11.21012012   11.3311   0.000       0.000      0.1210E-02  0.1075E-05 -0.5300E-01  0.5179E-01   0.000       0.000       0.000       0.000        0.000       0.000       0.000       0.000       0.000       0.000                            0.1075E-05  0.1075E-05   0.000    
   5270400.0   11.19376946   11.3139   0.000       0.000      0.1201E-02  0.9462E-06 -0.5273E-01  0.5153E-01   0.000       0.000       0.000       0.000        0.000       0.000       0.000       0.000       0.000       0.000                            0.9462E-06  0.9462E-06   0.000    
   5356800.0   11.17501119   11.2941   0.000       0.000      0.1191E-02  0.1086E-05 -0.5241E-01  0.5122E-01   0.000       0.000       0.000       0.000        0.000       0.000       0.000       0.000       0.000       0.000                            0.1086E-05  0.1086E-05   0.000    
   5443200.0   11.18457169   11.3040   0.000       0.000      0.1195E-02 -0.5533E-06 -0.5249E-01  0.5130E-01   0.000       0.000       0.000       0.000        0.000       0.000       0.000       0.000       0.000       0.000                           -0.5533E-06 -0.5533E-06   0.000    
   5529600.0   11.19696782   11.3170   0.000       0.000      0.1200E-02 -0.7174E-06 -0.5266E-01  0.5146E-01   0.000       0.000       0.000       0.000        0.000       0.000       0.000       0.000       0.000       0.000                           -0.7174E-06 -0.7174E-06   0.000    
   5616000.0   11.21039677   11.3311   0.000       0.000      0.1207E-02 -0.7771E-06 -0.5290E-01  0.5169E-01   0.000       0.000       0.000       0.000        0.000       0.000       0.000       0.000       0.000       0.000                           -0.7771E-06 -0.7771E-06   0.000    
   5702400.0   11.21907777   11.3403   0.000       0.000      0.1212E-02 -0.5024E-06 -0.5308E-01  0.5187E-01   0.000       0.000       0.000       0.000        0.000       0.000       0.000       0.000       0.000       0.000                           -0.5024E-06 -0.5024E-06   0.000    
   5788800.0   11.21472856   11.3358   0.000       0.000      0.1211E-02  0.2517E-06 -0.5307E-01  0.5186E-01   0.000       0.000       0.000       0.000        0.000       0.000       0.000       0.000       0.000       0.000                            0.2517E-06  0.2517E-06   0.000    
   5875200.0   11.21562971   11.3368   0.000       0.000      0.1212E-02 -0.5215E-07 -0.5310E-01  0.5189E-01   0.000       0.000       0.000       0.000        0.000       0.000       0.000       0.000       0.000       0.000                           -0.5215E-07 -0.5215E-07   0.000    
   5961600.0   11.21144530   11.3325   0.000       0.000      0.1210E-02  0.2422E-06 -0.5305E-01  0.5184E-01   0.000       0.000       0.000       0.000        0.000       0.000       0.000       0.000       0.000       0.000                            0.2422E-06  0.2422E-06   0.000    
   6048000.0   11.19880433   11.3192   0.000       0.000      0.1204E-02  0.7315E-06 -0.5285E-01  0.5165E-01   0.000       0.000       0.000       0.000        0.000       0.000       0.000       0.000       0.000       0.000                            0.7315E-06  0.7315E-06   0.000    
   6134400.0   11.18227610   11.3018   0.000       0.000      0.1196E-02  0.9565E-06 -0.5258E-01  0.5139E-01   0.000       0.000       0.000       0.000        0.000       0.000       0.000       0.000       0.000       0.000                            0.9565E-06  0.9565E-06   0.000    
   6220800.0   11.16423157   11.2828   0.000       0.000      0.1186E-02  0.1044E-05 -0.5224E-01  0.5105E-01   0.000       0.000       0.000       0.000        0.000       0.000       0.000       0.000       0.000       0.000                            0.1044E-05  0.1044E-05   0.000    
   6307200.0   11.14553189   11.2631   0.000       0.000      0.1175E-02  0.1082E-05 -0.5187E-01  0.5070E-01   0.000       0.000       0.000       0.000        0.000       0.000       0.000       0.000       0.000       0.000                            0.1082E-05  0.1082E-05   0.000    
   6393600.0   11.12694913   11.2434   0.000       0.000      0.1165E-02  0.1075E-05 -0.5148E-01  0.5031E-01   0.000       0.000       0.000       0.000        0.000       0.000       0.000       0.000       0.000       0.000                            0.1075E-05  0.1075E-05   0.000    
   6480000.0   11.10851353   11.2239   0.000       0.000      0.1154E-02  0.1067E-05 -0.5109E-01  0.4993E-01   0.000       0.000       0.000       0.000        0.000       0.000       0.000       0.000       0.000       0.000                            0.1067E-05  0.1067E-05   0.000    
   6566400.0   11.09043885   11.2048   0.000       0.000      0.1144E-02  0.1046E-05 -0.5068E-01  0.4953E-01   0.000       0.000       0.000       0.000        0.000       0.000       0.000       0.000       0.000       0.000                            0.1046E-05  0.1046E-05   0.000    
   6652800.0   11.07256690   11.1859   0.000       0.000      0.1133E-02  0.1034E-05 -0.5028E-01  0.4914E-01   0.000       0.000       0.000       0.000        0.000       0.000       0.000       0.000       0.000       0.000                            0.1034E-05  0.1034E-05   0.000    
   6739200.0   11.05534396   11.1676   0.000       0.000      0.1123E-02  0.9967E-06 -0.4987E-01  0.4874E-01   0.000       0.000       0.000       0.000        0.000       0.000       0.000       0.000       0.000       0.000                            0.9967E-06  0.9967E-06   0.000    
   6825600.0   11.03815220   11.1495   0.000       0.000      0.1113E-02  0.9949E-06 -0.4947E-01  0.4835E-01   0.000       0.000       0.000       0.000        0.000       0.000       0.000       0.000       0.000       0.000                            0.9949E-06  0.9949E-06   0.000    
   6912000.0   11.02125104   11.1315   0.000       0.000      0.1103E-02  0.9781E-06 -0.4905E-01  0.4795E-01   0.000       0.000       0.000       0.000        0.000       0.000       0.000       0.000       0.000       0.000                            0.9781E-06  0.9781E-06   0.000    
   6998400.0   11.00464606   11.1140   0.000       0.000      0.1093E-02  0.9609E-06 -0.4866E-01  0.4756E-01   0.000       0.000       0.000       0.000        0.000       0.000       0.000       0.000       0.000       0.000                            0.9609E-06  0.9609E-06   0.000    
   7084800.0   10.98870290   11.0971   0.000       0.000      0.1083E-02  0.9226E-06 -0.4826E-01  0.4718E-01   0.000       0.000       0.000       0.000        0.000       0.000       0.000       0.000       0.000       0.000                            0.9226E-06  0.9226E-06   0.000    
   7171200.0   10.97332384   11.0807   0.000       0.000      0.1074E-02  0.8900E-06 -0.4787E-01  0.4680E-01   0.000       0.000       0.000       0.000        0.000       0.000       0.000       0.000       0.000       0.000                            0.8900E-06  0.8900E-06   0.000    
   7257600.0   10.95833864   11.0648   0.000       0.000      0.1065E-02  0.8672E-06 -0.4749E-01  0.4642E-01   0.000       0.000       0.000       0.000        0.000       0.000       0.000       0.000       0.000       0.000                            0.8672E-06  0.8672E-06   0.000    
   7344000.0   10.94395544   11.0496   0.000       0.000      0.1056E-02  0.8324E-06 -0.4711E-01  0.4606E-01   0.000       0.000       0.000       0.000        0.000       0.000       0.000       0.000       0.000       0.000                            0.8324E-06  0.8324E-06   0.000    
   7430400.0   10.93100180   11.0358   0.000       0.000      0.1048E-02  0.7496E-06 -0.4677E-01  0.4572E-01   0.000       0.000       0.000       0.000        0.000       0.000       0.000       0.000       0.000       0.000                            0.7496E-06  0.7496E-06   0.000    
   7516800.0   10.91831183   11.0223   0.000       0.000      0.1040E-02  0.7344E-06 -0.4643E-01  0.4538E-01   0.000       0.000       0.000       0.000        0.000       0.000       0.000       0.000       0.000       0.000                            0.7344E-06  0.7344E-06   0.000    
   7603200.0   10.90525108   11.0084   0.000       0.000      0.1032E-02  0.7558E-06 -0.4608E-01  0.4505E-01   0.000       0.000       0.000       0.000        0.000       0.000       0.000       0.000       0.000       0.000                            0.7558E-06  0.7558E-06   0.000    
   7689600.0   10.89267023   10.9950   0.000       0.000      0.1024E-02  0.7281E-06 -0.4574E-01  0.4472E-01   0.000       0.000       0.000       0.000        0.000       0.000       0.000       0.000       0.000       0.000                            0.7281E-06  0.7281E-06   0.000    
   7776000.0   10.88096388   10.9826   0.000       0.000      0.1016E-02  0.6775E-06 -0.4542E-01  0.4441E-01   0.000       0.000       0.000       0.000        0.000       0.000       0.000       0.000       0.000       0.000                            0.6775E-06  0.6775E-06   0.000    
   7862400.0   10.86920849   10.9701   0.000       0.000      0.1009E-02  0.6803E-06 -0.4509E-01  0.4408E-01   0.000       0.000       0.000       0.000        0.000       0.000       0.000       0.000       0.000       0.000                            0.6803E-06  0.6803E-06   0.000    
   7948800.0   10.85776100   10.9579   0.000       0.000      0.1001E-02  0.6625E-06 -0.4478E-01  0.4378E-01   0.000       0.000       0.000       0.000        0.000       0.000       0.000       0.000       0.000       0.000                            0.6625E-06  0.6625E-06   0.000    
   8035200.0   10.84675365   10.9461   0.000       0.000      0.9939E-03  0.6370E-06 -0.4447E-01  0.4347E-01   0.000       0.000       0.000       0.000        0.000       0.000       0.000       0.000       0.000       0.000                            0.6370E-06  0.6370E-06   0.000    
   8121600.0   10.83599827   10.9347   0.000       0.000      0.9870E-03  0.6224E-06 -0.4417E-01  0.4318E-01   0.000       0.000       0.000       0.000        0.000       0.000       0.000       0.000       0.000       0.000                            0.6224E-06  0.6224E-06   0.000    
   8208000.0   10.82564954   10.9236   0.000       0.000      0.9799E-03  0.5989E-06 -0.4387E-01  0.4289E-01   0.000       0.000       0.000       0.000        0.000       0.000       0.000       0.000       0.000       0.000                            0.5989E-06  0.5989E-06   0.000    
   8294400.0   10.81550739   10.9128   0.000       0.000      0.9733E-03  0.5869E-06 -0.4359E-01  0.4261E-01   0.000       0.000       0.000       0.000        0.000       0.000       0.000       0.000       0.000       0.000                            0.5869E-06  0.5869E-06   0.000    
   8380800.0   10.86110031   10.9613   0.000       0.000      0.1002E-02 -0.2638E-05 -0.4443E-01  0.4343E-01   0.000       0.000       0.000       0.000        0.000       0.000       0.000       0.000       0.000       0.000                           -0.2638E-05 -0.2638E-05   0.000    
   8467200.0   10.86557710   10.9663   0.000       0.000      0.1007E-02 -0.2591E-06 -0.4458E-01  0.4357E-01   0.000       0.000       0.000       0.000        0.000       0.000       0.000       0.000       0.000       0.000                           -0.2591E-06 -0.2591E-06   0.000    
   8553600.0   10.86635648   10.9673   0.000       0.000      0.1009E-02 -0.4510E-07 -0.4465E-01  0.4365E-01   0.000       0.000       0.000       0.000        0.000       0.000       0.000       0.000       0.000       0.000                           -0.4510E-07 -0.4510E-07   0.000    
   8640000.0   10.86227653   10.9630   0.000       0.000      0.1007E-02  0.2361E-06 -0.4460E-01  0.4359E-01   0.000       0.000       0.000       0.000        0.000       0.000       0.000       0.000       0.000       0.000                            0.2361E-06  0.2361E-06   0.000    
   8726400.0   10.85574094   10.9561   0.000       0.000      0.1003E-02  0.3782E-06 -0.4447E-01  0.4347E-01   0.000       0.000       0.000       0.000        0.000       0.000       0.000       0.000       0.000       0.000                            0.3782E-06  0.3782E-06   0.000    
   8812800.0   10.84800801   10.9478   0.000       0.000      0.9981E-03  0.4475E-06 -0.4430E-01  0.4330E-01   0.000       0.000       0.000       0.000        0.000       0.000       0.000       0.000       0.000       0.000                            0.4475E-06  0.4475E-06   0.000    
   8899200.0   10.83821154   10.9374   0.000       0.000      0.9914E-03  0.5669E-06 -0.4407E-01  0.4308E-01   0.000       0.000       0.000       0.000        0.000       0.000       0.000       0.000       0.000       0.000                            0.5669E-06  0.5669E-06   0.000    
   8985600.0   10.83494518   10.9338   0.000       0.000      0.9887E-03  0.1890E-06 -0.4396E-01  0.4297E-01   0.000       0.000       0.000       0.000        0.000       0.000       0.000       0.000       0.000       0.000                            0.1890E-06  0.1890E-06   0.000    
   9072000.0   10.84264628   10.9419   0.000       0.000      0.9930E-03 -0.4457E-06 -0.4408E-01  0.4308E-01   0.000       0.000       0.000       0.000        0.000       0.000       0.000       0.000       0.000       0.000                           -0.4457E-06 -0.4457E-06   0.000    
   9158400.0   10.83876660   10.9378   0.000       0.000      0.9906E-03  0.2245E-06 -0.4399E-01  0.4300E-01   0.000       0.000       0.000       0.000        0.000       0.000       0.000       0.000       0.000       0.000                            0.2245E-06  0.2245E-06   0.000    
   9244800.0   10.86642563   10.9672   0.000       0.000      0.1008E-02 -0.1601E-05 -0.4454E-01  0.4354E-01   0.000       0.000       0.000       0.000        0.000       0.000       0.000       0.000       0.000       0.000                           -0.1601E-05 -0.1601E-05   0.000    
   9331200.0   10.93656066   11.0417   0.000       0.000      0.1051E-02 -0.4059E-05 -0.4593E-01  0.4489E-01   0.000       0.000       0.000       0.000        0.000       0.000       0.000       0.000       0.000       0.000                           -0.4059E-05 -0.4059E-05   0.000    
   9417600.0   11.10752441   11.2223   0.000       0.000      0.1148E-02 -0.9894E-05 -0.4911E-01  0.4797E-01   0.000       0.000       0.000       0.000        0.000       0.000       0.000       0.000       0.000       0.000                           -0.9894E-05 -0.9894E-05   0.000    
   9504000.0   11.23346843   11.3553   0.000       0.000      0.1218E-02 -0.7288E-05 -0.5162E-01  0.5041E-01   0.000       0.000       0.000       0.000        0.000       0.000       0.000       0.000       0.000       0.000                           -0.7288E-05 -0.7288E-05   0.000    
   9590400.0   11.21085666   11.3325   0.000       0.000      0.1217E-02  0.1309E-05 -0.5194E-01  0.5072E-01   0.000       0.000       0.000       0.000        0.000       0.000       0.000       0.000       0.000       0.000                            0.1309E-05  0.1309E-05   0.000    
   9676800.0   11.18271261   11.3034   0.000       0.000      0.1207E-02  0.1629E-05 -0.5187E-01  0.5066E-01   0.000       0.000       0.000       0.000        0.000       0.000       0.000       0.000       0.000       0.000                            0.1629E-05  0.1629E-05   0.000    
   9763200.0   11.15262192   11.2717   0.000       0.000      0.1191E-02  0.1741E-05 -0.5154E-01  0.5034E-01   0.000       0.000       0.000       0.000        0.000       0.000       0.000       0.000       0.000       0.000                            0.1741E-05  0.1741E-05   0.000    
   9849600.0   11.12391339   11.2413   0.000       0.000      0.1173E-02  0.1661E-05 -0.5110E-01  0.4992E-01   0.000       0.000       0.000       0.000        0.000       0.000       0.000       0.000       0.000       0.000                            0.1661E-05  0.1661E-05   0.000    
   9936000.0   11.14236797   11.2603   0.000       0.000      0.1179E-02 -0.1068E-05 -0.5134E-01  0.5016E-01   0.000       0.000       0.000       0.000        0.000       0.000       0.000       0.000       0.000       0.000                           -0.1068E-05 -0.1068E-05   0.000    
  10022400.0   11.15765104   11.2762   0.000       0.000      0.1185E-02 -0.8844E-06 -0.5161E-01  0.5043E-01   0.000       0.000       0.000       0.000        0.000       0.000       0.000       0.000       0.000       0.000                           -0.8844E-06 -0.8844E-06   0.000    
  10108800.0   11.16228920   11.2810   0.000       0.000      0.1187E-02 -0.2684E-06 -0.5176E-01  0.5057E-01   0.000       0.000       0.000       0.000        0.000       0.000       0.000       0.000       0.000       0.000                           -0.2684E-06 -0.2684E-06   0.000    
  10195200.0   11.17479345   11.2941   0.000       0.000      0.1193E-02 -0.7236E-06 -0.5201E-01  0.5082E-01   0.000       0.000       0.000       0.000        0.000       0.000       0.000       0.000       0.000       0.000                           -0.7236E-06 -0.7236E-06   0.000    
  10281600.0   11.18148510   11.3011   0.000       0.000      0.1196E-02 -0.3872E-06 -0.5218E-01  0.5099E-01   0.000       0.000       0.000       0.000        0.000       0.000       0.000       0.000       0.000       0.000                           -0.3872E-06 -0.3872E-06   0.000    
  10368000.0   11.16918906   11.2883   0.000       0.000      0.1191E-02  0.7116E-06 -0.5207E-01  0.5088E-01   0.000       0.000       0.000       0.000        0.000       0.000       0.000       0.000       0.000       0.000                            0.7116E-06  0.7116E-06   0.000    
  10454400.0   11.15022584   11.2683   0.000       0.000      0.1181E-02  0.1097E-05 -0.5178E-01  0.5060E-01   0.000       0.000       0.000       0.000        0.000       0.000       0.000       0.000       0.000       0.000                            0.1097E-05  0.1097E-05   0.000    
  10540800.0   11.14923222   11.2671   0.000       0.000      0.1179E-02  0.5750E-07 -0.5173E-01  0.5055E-01   0.000       0.000       0.000       0.000        0.000       0.000       0.000       0.000       0.000       0.000                            0.5750E-07  0.5750E-07   0.000    
  10627200.0   11.15750363   11.2757   0.000       0.000      0.1182E-02 -0.4787E-06 -0.5185E-01  0.5067E-01   0.000       0.000       0.000       0.000        0.000       0.000       0.000       0.000       0.000       0.000                           -0.4787E-06 -0.4787E-06   0.000    
  10713600.0   11.15811504   11.2764   0.000       0.000      0.1183E-02 -0.3538E-07 -0.5187E-01  0.5069E-01   0.000       0.000       0.000       0.000        0.000       0.000       0.000       0.000       0.000       0.000                           -0.3538E-07 -0.3538E-07   0.000    
  10800000.0   11.14890035   11.2667   0.000       0.000      0.1178E-02  0.5333E-06 -0.5174E-01  0.5056E-01   0.000       0.000       0.000       0.000        0.000       0.000       0.000       0.000       0.000       0.000                            0.5333E-06  0.5333E-06   0.000    
  10886400.0   11.13345452   11.2505   0.000       0.000      0.1170E-02  0.8939E-06 -0.5149E-01  0.5032E-01   0.000       0.000       0.000       0.000        0.000       0.000       0.000       0.000       0.000       0.000                            0.8939E-06  0.8939E-06   0.000    
  10972800.0   11.11493808   11.2309   0.000       0.000      0.1160E-02  0.1072E-05 -0.5114E-01  0.4998E-01   0.000       0.000       0.000       0.000        0.000       0.000       0.000       0.000       0.000       0.000                            0.1072E-05  0.1072E-05   0.000    
  11059200.0   11.09327317   11.2080   0.000       0.000      0.1148E-02  0.1254E-05 -0.5073E-01  0.4958E-01   0.000       0.000       0.000       0.000        0.000       0.000       0.000       0.000       0.000       0.000                            0.1254E-05  0.1254E-05   0.000    
  11145600.0   11.07148330   11.1850   0.000       0.000      0.1135E-02  0.1261E-05 -0.5028E-01  0.4914E-01   0.000       0.000       0.000       0.000        0.000       0.000       0.000       0.000       0.000       0.000                            0.1261E-05  0.1261E-05   0.000    
  11232000.0   11.05068668   11.1629   0.000       0.000      0.1122E-02  0.1204E-05 -0.4981E-01  0.4868E-01   0.000       0.000       0.000       0.000        0.000       0.000       0.000       0.000       0.000       0.000                            0.1204E-05  0.1204E-05   0.000    
  11318400.0   11.03070193   11.1417   0.000       0.000      0.1110E-02  0.1157E-05 -0.4935E-01  0.4824E-01   0.000       0.000       0.000       0.000        0.000       0.000       0.000       0.000       0.000       0.000                            0.1157E-05  0.1157E-05   0.000    
  11404800.0   11.03488015   11.1460   0.000       0.000      0.1111E-02 -0.2418E-06 -0.4931E-01  0.4820E-01   0.000       0.000       0.000       0.000        0.000       0.000       0.000       0.000       0.000       0.000                           -0.2418E-06 -0.2418E-06   0.000    
  11491200.0   11.01725944   11.1274   0.000       0.000      0.1101E-02  0.1020E-05 -0.4893E-01  0.4782E-01   0.000       0.000       0.000       0.000        0.000       0.000       0.000       0.000       0.000       0.000                            0.1020E-05  0.1020E-05   0.000    
  11577600.0   11.04313197   11.1546   0.000       0.000      0.1115E-02 -0.1497E-05 -0.4929E-01  0.4818E-01   0.000       0.000       0.000       0.000        0.000       0.000       0.000       0.000       0.000       0.000                           -0.1497E-05 -0.1497E-05   0.000    
  11664000.0   11.11524417   11.2306   0.000       0.000      0.1154E-02 -0.4173E-05 -0.5051E-01  0.4936E-01   0.000       0.000       0.000       0.000        0.000       0.000       0.000       0.000       0.000       0.000                           -0.4173E-05 -0.4173E-05   0.000    
  11750400.0   11.28809041   11.4121   0.000       0.000      0.1240E-02 -0.1000E-04 -0.5331E-01  0.5208E-01   0.000       0.000       0.000       0.000        0.000       0.000       0.000       0.000       0.000       0.000                           -0.1000E-04 -0.1000E-04   0.000    
  11836800.0   11.25545605   11.3789   0.000       0.000      0.1234E-02  0.1889E-05 -0.5336E-01  0.5213E-01   0.000       0.000       0.000       0.000        0.000       0.000       0.000       0.000       0.000       0.000                            0.1889E-05  0.1889E-05   0.000    
  11923200.0   11.22567003   11.3481   0.000       0.000      0.1225E-02  0.1724E-05 -0.5320E-01  0.5197E-01   0.000       0.000       0.000       0.000        0.000       0.000       0.000       0.000       0.000       0.000                            0.1724E-05  0.1724E-05   0.000    
  12009600.0   11.19798105   11.3191   0.000       0.000      0.1211E-02  0.1602E-05 -0.5284E-01  0.5162E-01   0.000       0.000       0.000       0.000        0.000       0.000       0.000       0.000       0.000       0.000                            0.1602E-05  0.1602E-05   0.000    
  12096000.0   11.19095088   11.3116   0.000       0.000      0.1206E-02  0.4068E-06 -0.5271E-01  0.5150E-01   0.000       0.000       0.000       0.000        0.000       0.000       0.000       0.000       0.000       0.000                            0.4068E-06  0.4068E-06   0.000    
  12182400.0   11.18168529   11.3017   0.000       0.000      0.1200E-02  0.5362E-06 -0.5254E-01  0.5134E-01   0.000       0.000       0.000       0.000        0.000       0.000       0.000       0.000       0.000       0.000                            0.5362E-06  0.5362E-06   0.000    
  12268800.0   11.16648284   11.2856   0.000       0.000      0.1191E-02  0.8798E-06 -0.5227E-01  0.5108E-01   0.000       0.000       0.000       0.000        0.000       0.000       0.000       0.000       0.000       0.000                            0.8798E-06  0.8798E-06   0.000    
  12355200.0   11.14759129   11.2656   0.000       0.000      0.1181E-02  0.1093E-05 -0.5193E-01  0.5075E-01   0.000       0.000       0.000       0.000        0.000       0.000       0.000       0.000       0.000       0.000                            0.1093E-05  0.1093E-05   0.000    
  12441600.0   11.13408088   11.2513   0.000       0.000      0.1172E-02  0.7819E-06 -0.5164E-01  0.5047E-01   0.000       0.000       0.000       0.000        0.000       0.000       0.000       0.000       0.000       0.000                            0.7819E-06  0.7819E-06   0.000    
  12528000.0   11.17930678   11.2986   0.000       0.000      0.1193E-02 -0.2617E-05 -0.5228E-01  0.5109E-01   0.000       0.000       0.000       0.000        0.000       0.000       0.000       0.000       0.000       0.000                           -0.2617E-05 -0.2617E-05   0.000    
  12614400.0   11.23145981   11.3534   0.000       0.000      0.1219E-02 -0.3018E-05 -0.5313E-01  0.5192E-01   0.000       0.000       0.000       0.000        0.000       0.000       0.000       0.000       0.000       0.000                           -0.3018E-05 -0.3018E-05   0.000    
  12700800.0   11.22317211   11.3450   0.000       0.000      0.1219E-02  0.4796E-06 -0.5319E-01  0.5197E-01   0.000       0.000       0.000       0.000        0.000       0.000       0.000       0.000       0.000       0.000                            0.4796E-06  0.4796E-06   0.000    
  12787200.0   11.20758158   11.3288   0.000       0.000      0.1213E-02  0.9022E-06 -0.5304E-01  0.5183E-01   0.000       0.000       0.000       0.000        0.000       0.000       0.000       0.000       0.000       0.000                            0.9022E-06  0.9022E-06   0.000    
  12873600.0   11.18671642   11.3070   0.000       0.000      0.1203E-02  0.1207E-05 -0.5274E-01  0.5153E-01   0.000       0.000       0.000       0.000        0.000       0.000       0.000       0.000       0.000       0.000                            0.1207E-05  0.1207E-05   0.000    
  12960000.0   11.19135026   11.3117   0.000       0.000      0.1204E-02 -0.2682E-06 -0.5277E-01  0.5156E-01   0.000       0.000       0.000       0.000        0.000       0.000       0.000       0.000       0.000       0.000                           -0.2682E-06 -0.2682E-06   0.000    
  13046400.0   11.18200301   11.3019   0.000       0.000      0.1199E-02  0.5409E-06 -0.5261E-01  0.5141E-01   0.000       0.000       0.000       0.000        0.000       0.000       0.000       0.000       0.000       0.000                            0.5409E-06  0.5409E-06   0.000    
  13132800.0   11.16817400   11.2873   0.000       0.000      0.1191E-02  0.8003E-06 -0.5236E-01  0.5117E-01   0.000       0.000       0.000       0.000        0.000       0.000       0.000       0.000       0.000       0.000                            0.8003E-06  0.8003E-06   0.000    
  13219200.0   11.15841111   11.2770   0.000       0.000      0.1186E-02  0.5650E-06 -0.5216E-01  0.5098E-01   0.000       0.000       0.000       0.000        0.000       0.000       0.000       0.000       0.000       0.000                            0.5650E-06  0.5650E-06   0.000    
  13305600.0   11.14416306   11.2620   0.000       0.000      0.1178E-02  0.8245E-06 -0.5189E-01  0.5071E-01   0.000       0.000       0.000       0.000        0.000       0.000       0.000       0.000       0.000       0.000                            0.8245E-06  0.8245E-06   0.000    
  13392000.0   11.16537674   11.2841   0.000       0.000      0.1187E-02 -0.1228E-05 -0.5216E-01  0.5097E-01   0.000       0.000       0.000       0.000        0.000       0.000       0.000       0.000       0.000       0.000                           -0.1228E-05 -0.1228E-05   0.000    
  13478400.0   11.18131178   11.3009   0.000       0.000      0.1196E-02 -0.9222E-06 -0.5242E-01  0.5123E-01   0.000       0.000       0.000       0.000        0.000       0.000       0.000       0.000       0.000       0.000                           -0.9222E-06 -0.9222E-06   0.000    
  13564800.0   11.17683329   11.2963   0.000       0.000      0.1195E-02  0.2592E-06 -0.5240E-01  0.5121E-01   0.000       0.000       0.000       0.000        0.000       0.000       0.000       0.000       0.000       0.000                            0.2592E-06  0.2592E-06   0.000    
  13651200.0   11.16732204   11.2864   0.000       0.000      0.1191E-02  0.5504E-06 -0.5227E-01  0.5108E-01   0.000       0.000       0.000       0.000        0.000       0.000       0.000       0.000       0.000       0.000                            0.5504E-06  0.5504E-06   0.000    
  13737600.0   11.15370974   11.2721   0.000       0.000      0.1184E-02  0.7877E-06 -0.5205E-01  0.5086E-01   0.000       0.000       0.000       0.000        0.000       0.000       0.000       0.000       0.000       0.000                            0.7877E-06  0.7877E-06   0.000    
  13824000.0   11.19802792   11.3185   0.000       0.000      0.1205E-02 -0.2565E-05 -0.5269E-01  0.5149E-01   0.000       0.000       0.000       0.000        0.000       0.000       0.000       0.000       0.000       0.000                           -0.2565E-05 -0.2565E-05   0.000    
  13910400.0   11.26173572   11.3854   0.000       0.000      0.1236E-02 -0.3687E-05 -0.5372E-01  0.5249E-01   0.000       0.000       0.000       0.000        0.000       0.000       0.000       0.000       0.000       0.000                           -0.3687E-05 -0.3687E-05   0.000    
  13996800.0   11.26031662   11.3842   0.000       0.000      0.1239E-02  0.8212E-07 -0.5391E-01  0.5267E-01   0.000       0.000       0.000       0.000        0.000       0.000       0.000       0.000       0.000       0.000                            0.8212E-07  0.8212E-07   0.000    
  14083200.0   11.24579020   11.3692   0.000       0.000      0.1234E-02  0.8406E-06 -0.5382E-01  0.5258E-01   0.000       0.000       0.000       0.000        0.000       0.000       0.000       0.000       0.000       0.000                            0.8406E-06  0.8406E-06   0.000    
  14169600.0   11.26038860   11.3845   0.000       0.000      0.1241E-02 -0.8448E-06 -0.5408E-01  0.5284E-01   0.000       0.000       0.000       0.000        0.000       0.000       0.000       0.000       0.000       0.000                           -0.8448E-06 -0.8448E-06   0.000    
  14256000.0   11.27257682   11.3973   0.000       0.000      0.1247E-02 -0.7053E-06 -0.5432E-01  0.5307E-01   0.000       0.000       0.000       0.000        0.000       0.000       0.000       0.000       0.000       0.000                           -0.7053E-06 -0.7053E-06   0.000    
  14342400.0   11.33371710   11.4612   0.000       0.000      0.1275E-02 -0.3538E-05 -0.5525E-01  0.5398E-01   0.000       0.000       0.000       0.000        0.000       0.000       0.000       0.000       0.000       0.000                           -0.3538E-05 -0.3538E-05   0.000    
  14428800.0   11.49109044   11.6255   0.000       0.000      0.1345E-02 -0.9107E-05 -0.5755E-01  0.5622E-01   0.000       0.000       0.000       0.000        0.000       0.000       0.000       0.000       0.000       0.000                           -0.9107E-05 -0.9107E-05   0.000    
  14515200.0   11.48724106   11.6223   0.000       0.000      0.1350E-02  0.2228E-06 -0.5798E-01  0.5663E-01   0.000       0.000       0.000       0.000        0.000       0.000       0.000       0.000       0.000       0.000                            0.2228E-06  0.2228E-06   0.000    
  14601600.0   11.51141890   11.6479   0.000       0.000      0.1365E-02 -0.1399E-05 -0.5861E-01  0.5725E-01   0.000       0.000       0.000       0.000        0.000       0.000       0.000       0.000       0.000       0.000                           -0.1399E-05 -0.1399E-05   0.000    
  14688000.0   11.56385081   11.7026   0.000       0.000      0.1388E-02 -0.3034E-05 -0.5951E-01  0.5812E-01   0.000       0.000       0.000       0.000        0.000       0.000       0.000       0.000       0.000       0.000                           -0.3034E-05 -0.3034E-05   0.000    
  14774400.0   11.58286024   11.7227   0.000       0.000      0.1398E-02 -0.1100E-05 -0.6001E-01  0.5861E-01   0.000       0.000       0.000       0.000        0.000       0.000       0.000       0.000       0.000       0.000                           -0.1100E-05 -0.1100E-05   0.000    
  14860800.0   11.57299527   11.7126   0.000       0.000      0.1396E-02  0.5709E-06 -0.6011E-01  0.5871E-01   0.000       0.000       0.000       0.000        0.000       0.000       0.000       0.000       0.000       0.000                            0.5709E-06  0.5709E-06   0.000    
  14947200.0   11.55937967   11.6985   0.000       0.000      0.1391E-02  0.7879E-06 -0.6006E-01  0.5867E-01   0.000       0.000       0.000       0.000        0.000       0.000       0.000       0.000       0.000       0.000                            0.7879E-06  0.7879E-06   0.000    
  15033600.0   11.53744227   11.6757   0.000       0.000      0.1382E-02  0.1270E-05 -0.5985E-01  0.5847E-01   0.000       0.000       0.000       0.000        0.000       0.000       0.000       0.000       0.000       0.000                            0.1270E-05  0.1270E-05   0.000    
  15120000.0   11.51191108   11.6489   0.000       0.000      0.1370E-02  0.1477E-05 -0.5952E-01  0.5815E-01   0.000       0.000       0.000       0.000        0.000       0.000       0.000       0.000       0.000       0.000                            0.1477E-05  0.1477E-05   0.000    
  15206400.0   11.48251668   11.6182   0.000       0.000      0.1357E-02  0.1701E-05 -0.5911E-01  0.5775E-01   0.000       0.000       0.000       0.000        0.000       0.000       0.000       0.000       0.000       0.000                            0.1701E-05  0.1701E-05   0.000    
  15292800.0   11.45134402   11.5855   0.000       0.000      0.1342E-02  0.1804E-05 -0.5860E-01  0.5726E-01   0.000       0.000       0.000       0.000        0.000       0.000       0.000       0.000       0.000       0.000                            0.1804E-05  0.1804E-05   0.000    
  15379200.0   11.49121555   11.6268   0.000       0.000      0.1356E-02 -0.2307E-05 -0.5901E-01  0.5766E-01   0.000       0.000       0.000       0.000        0.000       0.000       0.000       0.000       0.000       0.000                           -0.2307E-05 -0.2307E-05   0.000    
  15465600.0   11.51020740   11.6466   0.000       0.000      0.1364E-02 -0.1099E-05 -0.5927E-01  0.5791E-01   0.000       0.000       0.000       0.000        0.000       0.000       0.000       0.000       0.000       0.000                           -0.1099E-05 -0.1099E-05   0.000    
  15552000.0   11.49557556   11.6315   0.000       0.000      0.1359E-02  0.8467E-06 -0.5916E-01  0.5780E-01   0.000       0.000       0.000       0.000        0.000       0.000       0.000       0.000       0.000       0.000                            0.8467E-06  0.8467E-06   0.000    
  15638400.0   11.46866537   11.6035   0.000       0.000      0.1349E-02  0.1557E-05 -0.5883E-01  0.5748E-01   0.000       0.000       0.000       0.000        0.000       0.000       0.000       0.000       0.000       0.000                            0.1557E-05  0.1557E-05   0.000    
  15724800.0   11.44018326   11.5738   0.000       0.000      0.1336E-02  0.1648E-05 -0.5840E-01  0.5707E-01   0.000       0.000       0.000       0.000        0.000       0.000       0.000       0.000       0.000       0.000                            0.1648E-05  0.1648E-05   0.000    
  15811200.0   11.41184799   11.5441   0.000       0.000      0.1323E-02  0.1640E-05 -0.5793E-01  0.5660E-01   0.000       0.000       0.000       0.000        0.000       0.000       0.000       0.000       0.000       0.000                            0.1640E-05  0.1640E-05   0.000    
  15897600.0   11.38464042   11.5156   0.000       0.000      0.1309E-02  0.1575E-05 -0.5744E-01  0.5613E-01   0.000       0.000       0.000       0.000        0.000       0.000       0.000       0.000       0.000       0.000                            0.1575E-05  0.1575E-05   0.000    
  15984000.0   11.36526618   11.4952   0.000       0.000      0.1299E-02  0.1121E-05 -0.5704E-01  0.5574E-01   0.000       0.000       0.000       0.000        0.000       0.000       0.000       0.000       0.000       0.000                            0.1121E-05  0.1121E-05   0.000    
  16070400.0   11.34054320   11.4692   0.000       0.000      0.1286E-02  0.1431E-05 -0.5656E-01  0.5527E-01   0.000       0.000       0.000       0.000        0.000       0.000       0.000       0.000       0.000       0.000                            0.1431E-05  0.1431E-05   0.000    
  16156800.0   11.31639608   11.4438   0.000       0.000      0.1274E-02  0.1397E-05 -0.5609E-01  0.5481E-01   0.000       0.000       0.000       0.000        0.000       0.000       0.000       0.000       0.000       0.000                            0.1397E-05  0.1397E-05   0.000    
  16243200.0   11.29270687   11.4189   0.000       0.000      0.1262E-02  0.1371E-05 -0.5560E-01  0.5434E-01   0.000       0.000       0.000       0.000        0.000       0.000       0.000       0.000       0.000       0.000                            0.1371E-05  0.1371E-05   0.000    
  16329600.0   11.26972401   11.3947   0.000       0.000      0.1250E-02  0.1330E-05 -0.5513E-01  0.5388E-01   0.000       0.000       0.000       0.000        0.000       0.000       0.000       0.000       0.000       0.000                            0.1330E-05  0.1330E-05   0.000    
  16416000.0   11.24755217   11.3714   0.000       0.000      0.1238E-02  0.1283E-05 -0.5465E-01  0.5341E-01   0.000       0.000       0.000       0.000        0.000       0.000       0.000       0.000       0.000       0.000                            0.1283E-05  0.1283E-05   0.000    
  16502400.0   11.22608689   11.3488   0.000       0.000      0.1227E-02  0.1242E-05 -0.5419E-01  0.5296E-01   0.000       0.000       0.000       0.000        0.000       0.000       0.000       0.000       0.000       0.000                            0.1242E-05  0.1242E-05   0.000    
  16588800.0   11.20543842   11.3270   0.000       0.000      0.1216E-02  0.1195E-05 -0.5373E-01  0.5251E-01   0.000       0.000       0.000       0.000        0.000       0.000       0.000       0.000       0.000       0.000                            0.1195E-05  0.1195E-05   0.000    
  16675200.0   11.18555940   11.3060   0.000       0.000      0.1205E-02  0.1150E-05 -0.5328E-01  0.5207E-01   0.000       0.000       0.000       0.000        0.000       0.000       0.000       0.000       0.000       0.000                            0.1150E-05  0.1150E-05   0.000    
  16761600.0   11.17006167   11.2897   0.000       0.000      0.1196E-02  0.8969E-06 -0.5290E-01  0.5171E-01   0.000       0.000       0.000       0.000        0.000       0.000       0.000       0.000       0.000       0.000                            0.8969E-06  0.8969E-06   0.000    
  16848000.0   11.15822071   11.2772   0.000       0.000      0.1189E-02  0.6852E-06 -0.5259E-01  0.5140E-01   0.000       0.000       0.000       0.000        0.000       0.000       0.000       0.000       0.000       0.000                            0.6852E-06  0.6852E-06   0.000    
  16934400.0   11.15977941   11.2787   0.000       0.000      0.1190E-02 -0.9020E-07 -0.5250E-01  0.5131E-01   0.000       0.000       0.000       0.000        0.000       0.000       0.000       0.000       0.000       0.000                           -0.9020E-07 -0.9020E-07   0.000    
  17020800.0   11.15449249   11.2732   0.000       0.000      0.1187E-02  0.3060E-06 -0.5235E-01  0.5116E-01   0.000       0.000       0.000       0.000        0.000       0.000       0.000       0.000       0.000       0.000                            0.3060E-06  0.3060E-06   0.000    
  17107200.0   11.13742865   11.2553   0.000       0.000      0.1178E-02  0.9875E-06 -0.5202E-01  0.5084E-01   0.000       0.000       0.000       0.000        0.000       0.000       0.000       0.000       0.000       0.000                            0.9875E-06  0.9875E-06   0.000    
  17193600.0   11.12101130   11.2380   0.000       0.000      0.1170E-02  0.9501E-06 -0.5167E-01  0.5050E-01   0.000       0.000       0.000       0.000        0.000       0.000       0.000       0.000       0.000       0.000                            0.9501E-06  0.9501E-06   0.000    
  17280000.0   11.10437798   11.2204   0.000       0.000      0.1160E-02  0.9626E-06 -0.5129E-01  0.5013E-01   0.000       0.000       0.000       0.000        0.000       0.000       0.000       0.000       0.000       0.000                            0.9626E-06  0.9626E-06   0.000    
  17366400.0   11.08773954   11.2029   0.000       0.000      0.1151E-02  0.9629E-06 -0.5092E-01  0.4977E-01   0.000       0.000       0.000       0.000        0.000       0.000       0.000       0.000       0.000       0.000                            0.9629E-06  0.9629E-06   0.000    
  17452800.0   11.07165343   11.1858   0.000       0.000      0.1142E-02  0.9309E-06 -0.5054E-01  0.4940E-01   0.000       0.000       0.000       0.000        0.000       0.000       0.000       0.000       0.000       0.000                            0.9309E-06  0.9309E-06   0.000    
  17539200.0   11.05596928   11.1692   0.000       0.000      0.1133E-02  0.9076E-06 -0.5017E-01  0.4904E-01   0.000       0.000       0.000       0.000        0.000       0.000       0.000       0.000       0.000       0.000                            0.9076E-06  0.9076E-06   0.000    
  17625600.0   11.04089441   11.1532   0.000       0.000      0.1123E-02  0.8724E-06 -0.4980E-01  0.4867E-01   0.000       0.000       0.000       0.000        0.000       0.000       0.000       0.000       0.000       0.000                            0.8724E-06  0.8724E-06   0.000    
  17712000.0   11.03175321   11.1435   0.000       0.000      0.1118E-02  0.5290E-06 -0.4953E-01  0.4841E-01   0.000       0.000       0.000       0.000        0.000       0.000       0.000       0.000       0.000       0.000                            0.5290E-06  0.5290E-06   0.000    
  17798400.0   11.01801511   11.1290   0.000       0.000      0.1110E-02  0.7950E-06 -0.4920E-01  0.4809E-01   0.000       0.000       0.000       0.000        0.000       0.000       0.000       0.000       0.000       0.000                            0.7950E-06  0.7950E-06   0.000    
  17884800.0   11.00406770   11.1142   0.000       0.000      0.1101E-02  0.8071E-06 -0.4886E-01  0.4776E-01   0.000       0.000       0.000       0.000        0.000       0.000       0.000       0.000       0.000       0.000                            0.8071E-06  0.8071E-06   0.000    
  17971200.0   10.99050477   11.0998   0.000       0.000      0.1093E-02  0.7849E-06 -0.4853E-01  0.4743E-01   0.000       0.000       0.000       0.000        0.000       0.000       0.000       0.000       0.000       0.000                            0.7849E-06  0.7849E-06   0.000    
  18057600.0   10.97746868   11.0860   0.000       0.000      0.1085E-02  0.7544E-06 -0.4819E-01  0.4710E-01   0.000       0.000       0.000       0.000        0.000       0.000       0.000       0.000       0.000       0.000                            0.7544E-06  0.7544E-06   0.000    
  18144000.0   10.96475083   11.0725   0.000       0.000      0.1077E-02  0.7360E-06 -0.4787E-01  0.4679E-01   0.000       0.000       0.000       0.000        0.000       0.000       0.000       0.000       0.000       0.000                            0.7360E-06  0.7360E-06   0.000    
  18230400.0   10.95247643   11.0594   0.000       0.000      0.1070E-02  0.7103E-06 -0.4755E-01  0.4648E-01   0.000       0.000       0.000       0.000        0.000       0.000       0.000       0.000       0.000       0.000                            0.7103E-06  0.7103E-06   0.000    
  18316800.0   10.94051192   11.0467   0.000       0.000      0.1062E-02  0.6924E-06 -0.4724E-01  0.4617E-01   0.000       0.000       0.000       0.000        0.000       0.000       0.000       0.000       0.000       0.000                            0.6924E-06  0.6924E-06   0.000    
  18403200.0   10.92891866   11.0344   0.000       0.000      0.1055E-02  0.6709E-06 -0.4693E-01  0.4587E-01   0.000       0.000       0.000       0.000        0.000       0.000       0.000       0.000       0.000       0.000                            0.6709E-06  0.6709E-06   0.000    
  18489600.0   10.91763496   11.0224   0.000       0.000      0.1048E-02  0.6530E-06 -0.4663E-01  0.4558E-01   0.000       0.000       0.000       0.000        0.000       0.000       0.000       0.000       0.000       0.000                            0.6530E-06  0.6530E-06   0.000    
  18576000.0   10.90664877   11.0107   0.000       0.000      0.1041E-02  0.6358E-06 -0.4633E-01  0.4529E-01   0.000       0.000       0.000       0.000        0.000       0.000       0.000       0.000       0.000       0.000                            0.6358E-06  0.6358E-06   0.000    
  18662400.0   10.89602044   10.9994   0.000       0.000      0.1033E-02  0.6151E-06 -0.4604E-01  0.4500E-01   0.000       0.000       0.000       0.000        0.000       0.000       0.000       0.000       0.000       0.000                            0.6151E-06  0.6151E-06   0.000    
  18748800.0   10.88556213   10.9882   0.000       0.000      0.1027E-02  0.6052E-06 -0.4576E-01  0.4473E-01   0.000       0.000       0.000       0.000        0.000       0.000       0.000       0.000       0.000       0.000                            0.6052E-06  0.6052E-06   0.000    
  18835200.0   10.88630754   10.9890   0.000       0.000      0.1027E-02 -0.4314E-07 -0.4570E-01  0.4467E-01   0.000       0.000       0.000       0.000        0.000       0.000       0.000       0.000       0.000       0.000                           -0.4314E-07 -0.4314E-07   0.000    
  18921600.0   10.87798786   10.9802   0.000       0.000      0.1022E-02  0.4815E-06 -0.4548E-01  0.4446E-01   0.000       0.000       0.000       0.000        0.000       0.000       0.000       0.000       0.000       0.000                            0.4815E-06  0.4815E-06   0.000    
  19008000.0   10.86731205   10.9688   0.000       0.000      0.1015E-02  0.6178E-06 -0.4522E-01  0.4420E-01   0.000       0.000       0.000       0.000        0.000       0.000       0.000       0.000       0.000       0.000                            0.6178E-06  0.6178E-06   0.000    
  19094400.0   10.85709125   10.9579   0.000       0.000      0.1008E-02  0.5915E-06 -0.4495E-01  0.4394E-01   0.000       0.000       0.000       0.000        0.000       0.000       0.000       0.000       0.000       0.000                            0.5915E-06  0.5915E-06   0.000    
  19180800.0   10.84719969   10.9474   0.000       0.000      0.1002E-02  0.5724E-06 -0.4468E-01  0.4368E-01   0.000       0.000       0.000       0.000        0.000       0.000       0.000       0.000       0.000       0.000                            0.5724E-06  0.5724E-06   0.000    
  19267200.0   10.83788741   10.9374   0.000       0.000      0.9953E-03  0.5389E-06 -0.4442E-01  0.4343E-01   0.000       0.000       0.000       0.000        0.000       0.000       0.000       0.000       0.000       0.000                            0.5389E-06  0.5389E-06   0.000    
  19353600.0   10.82858720   10.9275   0.000       0.000      0.9888E-03  0.5382E-06 -0.4416E-01  0.4317E-01   0.000       0.000       0.000       0.000        0.000       0.000       0.000       0.000       0.000       0.000                            0.5382E-06  0.5382E-06   0.000    
  19440000.0   10.81952798   10.9178   0.000       0.000      0.9826E-03  0.5243E-06 -0.4391E-01  0.4293E-01   0.000       0.000       0.000       0.000        0.000       0.000       0.000       0.000       0.000       0.000                            0.5243E-06  0.5243E-06   0.000    
  19526400.0   10.81077460   10.9084   0.000       0.000      0.9763E-03  0.5066E-06 -0.4365E-01  0.4268E-01   0.000       0.000       0.000       0.000        0.000       0.000       0.000       0.000       0.000       0.000                            0.5066E-06  0.5066E-06   0.000    
  19612800.0   10.80214114   10.8992   0.000       0.000      0.9705E-03  0.4996E-06 -0.4341E-01  0.4244E-01   0.000       0.000       0.000       0.000        0.000       0.000       0.000       0.000       0.000       0.000                            0.4996E-06  0.4996E-06   0.000    
  19699200.0   10.79379844   10.8902   0.000       0.000      0.9644E-03  0.4828E-06 -0.4317E-01  0.4220E-01   0.000       0.000       0.000       0.000        0.000       0.000       0.000       0.000       0.000       0.000                            0.4828E-06  0.4828E-06   0.000    
  19785600.0   10.78556852   10.8814   0.000       0.000      0.9588E-03  0.4763E-06 -0.4294E-01  0.4198E-01   0.000       0.000       0.000       0.000        0.000       0.000       0.000       0.000       0.000       0.000                            0.4763E-06  0.4763E-06   0.000    
  19872000.0   10.77759813   10.8729   0.000       0.000      0.9529E-03  0.4612E-06 -0.4270E-01  0.4174E-01   0.000       0.000       0.000       0.000        0.000       0.000       0.000       0.000       0.000       0.000                            0.4612E-06  0.4612E-06   0.000    
  19958400.0   10.77997319   10.8754   0.000       0.000      0.9543E-03 -0.1374E-06 -0.4269E-01  0.4174E-01   0.000       0.000       0.000       0.000        0.000       0.000       0.000       0.000       0.000       0.000                           -0.1374E-06 -0.1374E-06   0.000    
  20044800.0   10.78650314   10.8824   0.000       0.000      0.9589E-03 -0.3779E-06 -0.4280E-01  0.4184E-01   0.000       0.000       0.000       0.000        0.000       0.000       0.000       0.000       0.000       0.000                           -0.3779E-06 -0.3779E-06   0.000    
  20131200.0   10.77681468   10.8721   0.000       0.000      0.9528E-03  0.5607E-06 -0.4258E-01  0.4163E-01   0.000       0.000       0.000       0.000        0.000       0.000       0.000       0.000       0.000       0.000                            0.5607E-06  0.5607E-06   0.000    
  20217600.0   10.77097521   10.8659   0.000       0.000      0.9489E-03  0.3379E-06 -0.4243E-01  0.4148E-01   0.000       0.000       0.000       0.000        0.000       0.000       0.000       0.000       0.000       0.000                            0.3379E-06  0.3379E-06   0.000    
  20304000.0   10.76433899   10.8587   0.000       0.000      0.9441E-03  0.3840E-06 -0.4225E-01  0.4130E-01   0.000       0.000       0.000       0.000        0.000       0.000       0.000       0.000       0.000       0.000                            0.3840E-06  0.3840E-06   0.000    
  20390400.0   10.75577069   10.8496   0.000       0.000      0.9379E-03  0.4959E-06 -0.4202E-01  0.4108E-01   0.000       0.000       0.000       0.000        0.000       0.000       0.000       0.000       0.000       0.000                            0.4959E-06  0.4959E-06   0.000    
  20476800.0   10.74755705   10.8407   0.000       0.000      0.9317E-03  0.4753E-06 -0.4179E-01  0.4086E-01   0.000       0.000       0.000       0.000        0.000       0.000       0.000       0.000       0.000       0.000                            0.4753E-06  0.4753E-06   0.000    
  20563200.0   10.73960852   10.8322   0.000       0.000      0.9257E-03  0.4600E-06 -0.4156E-01  0.4064E-01   0.000       0.000       0.000       0.000        0.000       0.000       0.000       0.000       0.000       0.000                            0.4600E-06  0.4600E-06   0.000    
  20649600.0   10.73195882   10.8239   0.000       0.000      0.9198E-03  0.4427E-06 -0.4133E-01  0.4041E-01   0.000       0.000       0.000       0.000        0.000       0.000       0.000       0.000       0.000       0.000                            0.4427E-06  0.4427E-06   0.000    
  20736000.0   10.72450270   10.8159   0.000       0.000      0.9142E-03  0.4315E-06 -0.4111E-01  0.4020E-01   0.000       0.000       0.000       0.000        0.000       0.000       0.000       0.000       0.000       0.000                            0.4315E-06  0.4315E-06   0.000    
  20822400.0   10.71730565   10.8082   0.000       0.000      0.9085E-03  0.4165E-06 -0.4089E-01  0.3998E-01   0.000       0.000       0.000       0.000        0.000       0.000       0.000       0.000       0.000       0.000                            0.4165E-06  0.4165E-06   0.000    
  20908800.0   10.71025395   10.8006   0.000       0.000      0.9032E-03  0.4081E-06 -0.4068E-01  0.3978E-01   0.000       0.000       0.000       0.000        0.000       0.000       0.000       0.000       0.000       0.000                            0.4081E-06  0.4081E-06   0.000    
  20995200.0   10.70343708   10.7932   0.000       0.000      0.8978E-03  0.3945E-06 -0.4047E-01  0.3957E-01   0.000       0.000       0.000       0.000        0.000       0.000       0.000       0.000       0.000       0.000                            0.3945E-06  0.3945E-06   0.000    
  21081600.0   10.69672978   10.7860   0.000       0.000      0.8928E-03  0.3882E-06 -0.4026E-01  0.3937E-01   0.000       0.000       0.000       0.000        0.000       0.000       0.000       0.000       0.000       0.000                            0.3882E-06  0.3882E-06   0.000    
  21168000.0   10.69023969   10.7790   0.000       0.000      0.8876E-03  0.3756E-06 -0.4006E-01  0.3917E-01   0.000       0.000       0.000       0.000        0.000       0.000       0.000       0.000       0.000       0.000                            0.3756E-06  0.3756E-06   0.000    
  21254400.0   10.68382925   10.7721   0.000       0.000      0.8828E-03  0.3710E-06 -0.3986E-01  0.3898E-01   0.000       0.000       0.000       0.000        0.000       0.000       0.000       0.000       0.000       0.000                            0.3710E-06  0.3710E-06   0.000    
  21340800.0   10.67758740   10.7654   0.000       0.000      0.8778E-03  0.3612E-06 -0.3966E-01  0.3878E-01   0.000       0.000       0.000       0.000        0.000       0.000       0.000       0.000       0.000       0.000                            0.3612E-06  0.3612E-06   0.000    
  21427200.0   10.67149210   10.7588   0.000       0.000      0.8730E-03  0.3527E-06 -0.3947E-01  0.3859E-01   0.000       0.000       0.000       0.000        0.000       0.000       0.000       0.000       0.000       0.000                            0.3527E-06  0.3527E-06   0.000    
  21513600.0   10.66693345   10.7539   0.000       0.000      0.8695E-03  0.2638E-06 -0.3932E-01  0.3845E-01   0.000       0.000       0.000       0.000        0.000       0.000       0.000       0.000       0.000       0.000                            0.2638E-06  0.2638E-06   0.000    
  21600000.0   10.67697843   10.7647   0.000       0.000      0.8769E-03 -0.5813E-06 -0.3951E-01  0.3864E-01   0.000       0.000       0.000       0.000        0.000       0.000       0.000       0.000       0.000       0.000                           -0.5813E-06 -0.5813E-06   0.000    
  21686400.0   10.66939894   10.7565   0.000       0.000      0.8715E-03  0.4386E-06 -0.3933E-01  0.3846E-01   0.000       0.000       0.000       0.000        0.000       0.000       0.000       0.000       0.000       0.000                            0.4386E-06  0.4386E-06   0.000    
  21772800.0   10.66229198   10.7489   0.000       0.000      0.8663E-03  0.4113E-06 -0.3914E-01  0.3827E-01   0.000       0.000       0.000       0.000        0.000       0.000       0.000       0.000       0.000       0.000                            0.4113E-06  0.4113E-06   0.000    
  21859200.0   10.65559846   10.7417   0.000       0.000      0.8610E-03  0.3874E-06 -0.3895E-01  0.3808E-01   0.000       0.000       0.000       0.000        0.000       0.000       0.000       0.000       0.000       0.000                            0.3874E-06  0.3874E-06   0.000    
  21945600.0   10.64927191   10.7348   0.000       0.000      0.8556E-03  0.3661E-06 -0.3874E-01  0.3789E-01   0.000       0.000       0.000       0.000        0.000       0.000       0.000       0.000       0.000       0.000                            0.3661E-06  0.3661E-06   0.000    
  22032000.0   10.64313313   10.7282   0.000       0.000      0.8506E-03  0.3553E-06 -0.3855E-01  0.3770E-01   0.000       0.000       0.000       0.000        0.000       0.000       0.000       0.000       0.000       0.000                            0.3553E-06  0.3553E-06   0.000    
  22118400.0   10.63720738   10.7218   0.000       0.000      0.8457E-03  0.3429E-06 -0.3837E-01  0.3752E-01   0.000       0.000       0.000       0.000        0.000       0.000       0.000       0.000       0.000       0.000                            0.3429E-06  0.3429E-06   0.000    
  22204800.0   10.63149588   10.7156   0.000       0.000      0.8408E-03  0.3305E-06 -0.3818E-01  0.3733E-01   0.000       0.000       0.000       0.000        0.000       0.000       0.000       0.000       0.000       0.000                            0.3305E-06  0.3305E-06   0.000    
  22291200.0   10.62589024   10.7095   0.000       0.000      0.8362E-03  0.3244E-06 -0.3800E-01  0.3716E-01   0.000       0.000       0.000       0.000        0.000       0.000       0.000       0.000       0.000       0.000                            0.3244E-06  0.3244E-06   0.000    
  22377600.0   10.62043834   10.7036   0.000       0.000      0.8316E-03  0.3155E-06 -0.3782E-01  0.3698E-01   0.000       0.000       0.000       0.000        0.000       0.000       0.000       0.000       0.000       0.000                            0.3155E-06  0.3155E-06   0.000    
  22464000.0   10.63270349   10.7168   0.000       0.000      0.8411E-03 -0.7098E-06 -0.3809E-01  0.3724E-01   0.000       0.000       0.000       0.000        0.000       0.000       0.000       0.000       0.000       0.000                           -0.7098E-06 -0.7098E-06   0.000    
  22550400.0   10.62771640   10.7115   0.000       0.000      0.8377E-03  0.2886E-06 -0.3797E-01  0.3713E-01   0.000       0.000       0.000       0.000        0.000       0.000       0.000       0.000       0.000       0.000                            0.2886E-06  0.2886E-06   0.000    
  22636800.0   10.62555967   10.7092   0.000       0.000      0.8362E-03  0.1248E-06 -0.3791E-01  0.3707E-01   0.000       0.000       0.000       0.000        0.000       0.000       0.000       0.000       0.000       0.000                            0.1248E-06  0.1248E-06   0.000    
  22723200.0   10.67055794   10.7577   0.000       0.000      0.8709E-03 -0.2604E-05 -0.3900E-01  0.3813E-01   0.000       0.000       0.000       0.000        0.000       0.000       0.000       0.000       0.000       0.000                           -0.2604E-05 -0.2604E-05   0.000    
  22809600.0   10.66938043   10.7566   0.000       0.000      0.8718E-03  0.6814E-07 -0.3908E-01  0.3821E-01   0.000       0.000       0.000       0.000        0.000       0.000       0.000       0.000       0.000       0.000                            0.6814E-07  0.6814E-07   0.000    
  22896000.0   10.66615032   10.7532   0.000       0.000      0.8702E-03  0.1869E-06 -0.3907E-01  0.3820E-01   0.000       0.000       0.000       0.000        0.000       0.000       0.000       0.000       0.000       0.000                            0.1869E-06  0.1869E-06   0.000    
  22982400.0   10.66186270   10.7486   0.000       0.000      0.8670E-03  0.2481E-06 -0.3900E-01  0.3813E-01   0.000       0.000       0.000       0.000        0.000       0.000       0.000       0.000       0.000       0.000                            0.2481E-06  0.2481E-06   0.000    
  23068800.0   10.65709961   10.7434   0.000       0.000      0.8626E-03  0.2756E-06 -0.3888E-01  0.3802E-01   0.000       0.000       0.000       0.000        0.000       0.000       0.000       0.000       0.000       0.000                            0.2756E-06  0.2756E-06   0.000    
  23155200.0   10.65114548   10.7369   0.000       0.000      0.8574E-03  0.3446E-06 -0.3873E-01  0.3788E-01   0.000       0.000       0.000       0.000        0.000       0.000       0.000       0.000       0.000       0.000                            0.3446E-06  0.3446E-06   0.000    
  23241600.0   10.64477179   10.7299   0.000       0.000      0.8517E-03  0.3688E-06 -0.3856E-01  0.3770E-01   0.000       0.000       0.000       0.000        0.000       0.000       0.000       0.000       0.000       0.000                            0.3688E-06  0.3688E-06   0.000    
  23328000.0   10.63805173   10.7226   0.000       0.000      0.8455E-03  0.3889E-06 -0.3835E-01  0.3751E-01   0.000       0.000       0.000       0.000        0.000       0.000       0.000       0.000       0.000       0.000                            0.3889E-06  0.3889E-06   0.000    
  23414400.0   10.63126048   10.7152   0.000       0.000      0.8395E-03  0.3930E-06 -0.3815E-01  0.3731E-01   0.000       0.000       0.000       0.000        0.000       0.000       0.000       0.000       0.000       0.000                            0.3930E-06  0.3930E-06   0.000    
  23500800.0   10.62476907   10.7082   0.000       0.000      0.8338E-03  0.3757E-06 -0.3795E-01  0.3712E-01   0.000       0.000       0.000       0.000        0.000       0.000       0.000       0.000       0.000       0.000                            0.3757E-06  0.3757E-06   0.000    
  23587200.0   10.61847576   10.7013   0.000       0.000      0.8282E-03  0.3642E-06 -0.3775E-01  0.3692E-01   0.000       0.000       0.000       0.000        0.000       0.000       0.000       0.000       0.000       0.000                            0.3642E-06  0.3642E-06   0.000    
  23673600.0   10.61229716   10.6946   0.000       0.000      0.8227E-03  0.3576E-06 -0.3755E-01  0.3673E-01   0.000       0.000       0.000       0.000        0.000       0.000       0.000       0.000       0.000       0.000                            0.3576E-06  0.3576E-06   0.000    
  23760000.0   10.60607941   10.6878   0.000       0.000      0.8173E-03  0.3598E-06 -0.3735E-01  0.3653E-01   0.000       0.000       0.000       0.000        0.000       0.000       0.000       0.000       0.000       0.000                            0.3598E-06  0.3598E-06   0.000    
  23846400.0   10.59999679   10.6812   0.000       0.000      0.8120E-03  0.3520E-06 -0.3715E-01  0.3634E-01   0.000       0.000       0.000       0.000        0.000       0.000       0.000       0.000       0.000       0.000                            0.3520E-06  0.3520E-06   0.000    
  23932800.0   10.59415187   10.6749   0.000       0.000      0.8070E-03  0.3382E-06 -0.3695E-01  0.3615E-01   0.000       0.000       0.000       0.000        0.000       0.000       0.000       0.000       0.000       0.000                            0.3382E-06  0.3382E-06   0.000    
  24019200.0   10.58850134   10.6687   0.000       0.000      0.8021E-03  0.3270E-06 -0.3676E-01  0.3596E-01   0.000       0.000       0.000       0.000        0.000       0.000       0.000       0.000       0.000       0.000                            0.3270E-06  0.3270E-06   0.000    
  24105600.0   10.58302641   10.6628   0.000       0.000      0.7972E-03  0.3168E-06 -0.3657E-01  0.3577E-01   0.000       0.000       0.000       0.000        0.000       0.000       0.000       0.000       0.000       0.000                            0.3168E-06  0.3168E-06   0.000    
  24192000.0   10.57766250   10.6569   0.000       0.000      0.7925E-03  0.3104E-06 -0.3638E-01  0.3559E-01   0.000       0.000       0.000       0.000        0.000       0.000       0.000       0.000       0.000       0.000                            0.3104E-06  0.3104E-06   0.000    
  24278400.0   10.57237627   10.6512   0.000       0.000      0.7880E-03  0.3059E-06 -0.3620E-01  0.3541E-01   0.000       0.000       0.000       0.000        0.000       0.000       0.000       0.000       0.000       0.000                            0.3059E-06  0.3059E-06   0.000    
  24364800.0   10.56722050   10.6456   0.000       0.000      0.7835E-03  0.2984E-06 -0.3602E-01  0.3524E-01   0.000       0.000       0.000       0.000        0.000       0.000       0.000       0.000       0.000       0.000                            0.2984E-06  0.2984E-06   0.000    
  24451200.0   10.56221011   10.6401   0.000       0.000      0.7791E-03  0.2900E-06 -0.3585E-01  0.3507E-01   0.000       0.000       0.000       0.000        0.000       0.000       0.000       0.000       0.000       0.000                            0.2900E-06  0.2900E-06   0.000    
  24537600.0   10.55733788   10.6348   0.000       0.000      0.7748E-03  0.2820E-06 -0.3567E-01  0.3490E-01   0.000       0.000       0.000       0.000        0.000       0.000       0.000       0.000       0.000       0.000                            0.2820E-06  0.2820E-06   0.000    
  24624000.0   10.55259713   10.6297   0.000       0.000      0.7706E-03  0.2743E-06 -0.3550E-01  0.3473E-01   0.000       0.000       0.000       0.000        0.000       0.000       0.000       0.000       0.000       0.000                            0.2743E-06  0.2743E-06   0.000    
  24710400.0   10.54799146   10.6246   0.000       0.000      0.7664E-03  0.2665E-06 -0.3533E-01  0.3457E-01   0.000       0.000       0.000       0.000        0.000       0.000       0.000       0.000       0.000       0.000                            0.2665E-06  0.2665E-06   0.000    
  24796800.0   10.54345942   10.6197   0.000       0.000      0.7624E-03  0.2623E-06 -0.3517E-01  0.3441E-01   0.000       0.000       0.000       0.000        0.000       0.000       0.000       0.000       0.000       0.000                            0.2623E-06  0.2623E-06   0.000    
  24883200.0   10.53925000   10.6151   0.000       0.000      0.7587E-03  0.2436E-06 -0.3502E-01  0.3426E-01   0.000       0.000       0.000       0.000        0.000       0.000       0.000       0.000       0.000       0.000                            0.2436E-06  0.2436E-06   0.000    
  24969600.0   10.53957398   10.6155   0.000       0.000      0.7589E-03 -0.1875E-07 -0.3499E-01  0.3424E-01   0.000       0.000       0.000       0.000        0.000       0.000       0.000       0.000       0.000       0.000                           -0.1875E-07 -0.1875E-07   0.000    
  25056000.0   10.53493950   10.6104   0.000       0.000      0.7549E-03  0.2682E-06 -0.3484E-01  0.3408E-01   0.000       0.000       0.000       0.000        0.000       0.000       0.000       0.000       0.000       0.000                            0.2682E-06  0.2682E-06   0.000    
  25142400.0   10.53044045   10.6055   0.000       0.000      0.7510E-03  0.2604E-06 -0.3469E-01  0.3393E-01   0.000       0.000       0.000       0.000        0.000       0.000       0.000       0.000       0.000       0.000                            0.2604E-06  0.2604E-06   0.000    
  25228800.0   10.53499411   10.6105   0.000       0.000      0.7550E-03 -0.2635E-06 -0.3479E-01  0.3403E-01   0.000       0.000       0.000       0.000        0.000       0.000       0.000       0.000       0.000       0.000                           -0.2635E-06 -0.2635E-06   0.000    
  25315200.0   10.53079944   10.6059   0.000       0.000      0.7514E-03  0.2427E-06 -0.3466E-01  0.3391E-01   0.000       0.000       0.000       0.000        0.000       0.000       0.000       0.000       0.000       0.000                            0.2427E-06  0.2427E-06   0.000    
  25401600.0   10.53136816   10.6066   0.000       0.000      0.7520E-03 -0.3291E-07 -0.3466E-01  0.3391E-01   0.000       0.000       0.000       0.000        0.000       0.000       0.000       0.000       0.000       0.000                           -0.3291E-07 -0.3291E-07   0.000    
  25488000.0   10.53150619   10.6067   0.000       0.000      0.7522E-03 -0.7988E-08 -0.3465E-01  0.3390E-01   0.000       0.000       0.000       0.000        0.000       0.000       0.000       0.000       0.000       0.000                           -0.7988E-08 -0.7988E-08   0.000    
  25574400.0   10.53454320   10.6100   0.000       0.000      0.7550E-03 -0.1758E-06 -0.3473E-01  0.3398E-01   0.000       0.000       0.000       0.000        0.000       0.000       0.000       0.000       0.000       0.000                           -0.1758E-06 -0.1758E-06   0.000    
  25660800.0   10.53087006   10.6061   0.000       0.000      0.7518E-03  0.2126E-06 -0.3463E-01  0.3388E-01   0.000       0.000       0.000       0.000        0.000       0.000       0.000       0.000       0.000       0.000                            0.2126E-06  0.2126E-06   0.000    
  25747200.0   10.53764779   10.6134   0.000       0.000      0.7578E-03 -0.3922E-06 -0.3482E-01  0.3406E-01   0.000       0.000       0.000       0.000        0.000       0.000       0.000       0.000       0.000       0.000                           -0.3922E-06 -0.3922E-06   0.000    
  25833600.0   10.57534604   10.6544   0.000       0.000      0.7905E-03 -0.2182E-05 -0.3587E-01  0.3508E-01   0.000       0.000       0.000       0.000        0.000       0.000       0.000       0.000       0.000       0.000                           -0.2182E-05 -0.2182E-05   0.000    
  25920000.0   10.62605318   10.7094   0.000       0.000      0.8333E-03 -0.2934E-05 -0.3730E-01  0.3647E-01   0.000       0.000       0.000       0.000        0.000       0.000       0.000       0.000       0.000       0.000                           -0.2934E-05 -0.2934E-05   0.000    
  26006400.0   10.67738111   10.7649   0.000       0.000      0.8752E-03 -0.2970E-05 -0.3876E-01  0.3789E-01   0.000       0.000       0.000       0.000        0.000       0.000       0.000       0.000       0.000       0.000                           -0.2970E-05 -0.2970E-05   0.000    
  26092800.0   10.69158643   10.7805   0.000       0.000      0.8888E-03 -0.8221E-06 -0.3937E-01  0.3848E-01   0.000       0.000       0.000       0.000        0.000       0.000       0.000       0.000       0.000       0.000                           -0.8221E-06 -0.8221E-06   0.000    
  26179200.0   10.68716337   10.7758   0.000       0.000      0.8868E-03  0.2560E-06 -0.3947E-01  0.3858E-01   0.000       0.000       0.000       0.000        0.000       0.000       0.000       0.000       0.000       0.000                            0.2560E-06  0.2560E-06   0.000    
  26265600.0   10.67887368   10.7669   0.000       0.000      0.8798E-03  0.4797E-06 -0.3937E-01  0.3849E-01   0.000       0.000       0.000       0.000        0.000       0.000       0.000       0.000       0.000       0.000                            0.4797E-06  0.4797E-06   0.000    
  26352000.0   10.66947368   10.7566   0.000       0.000      0.8710E-03  0.5440E-06 -0.3919E-01  0.3832E-01   0.000       0.000       0.000       0.000        0.000       0.000       0.000       0.000       0.000       0.000                            0.5440E-06  0.5440E-06   0.000    
  26438400.0   10.65989482   10.7461   0.000       0.000      0.8617E-03  0.5543E-06 -0.3897E-01  0.3810E-01   0.000       0.000       0.000       0.000        0.000       0.000       0.000       0.000       0.000       0.000                            0.5543E-06  0.5543E-06   0.000    
  26524800.0   10.65036818   10.7356   0.000       0.000      0.8524E-03  0.5513E-06 -0.3871E-01  0.3786E-01   0.000       0.000       0.000       0.000        0.000       0.000       0.000       0.000       0.000       0.000                            0.5513E-06  0.5513E-06   0.000    
  26611200.0   10.64065810   10.7250   0.000       0.000      0.8431E-03  0.5619E-06 -0.3844E-01  0.3760E-01   0.000       0.000       0.000       0.000        0.000       0.000       0.000       0.000       0.000       0.000                            0.5619E-06  0.5619E-06   0.000    
  26697600.0   10.63147149   10.7149   0.000       0.000      0.8344E-03  0.5316E-06 -0.3817E-01  0.3733E-01   0.000       0.000       0.000       0.000        0.000       0.000       0.000       0.000       0.000       0.000                            0.5316E-06  0.5316E-06   0.000    
  26784000.0   10.62263679   10.7052   0.000       0.000      0.8261E-03  0.5113E-06 -0.3790E-01  0.3707E-01   0.000       0.000       0.000       0.000        0.000       0.000       0.000       0.000       0.000       0.000                            0.5113E-06  0.5113E-06   0.000    
  26870400.0   10.65030514   10.7350   0.000       0.000      0.8467E-03 -0.1601E-05 -0.3854E-01  0.3769E-01   0.000       0.000       0.000       0.000        0.000       0.000       0.000       0.000       0.000       0.000                           -0.1601E-05 -0.1601E-05   0.000    
  26956800.0   10.66810616   10.7542   0.000       0.000      0.8608E-03 -0.1030E-05 -0.3901E-01  0.3815E-01   0.000       0.000       0.000       0.000        0.000       0.000       0.000       0.000       0.000       0.000                           -0.1030E-05 -0.1030E-05   0.000    
  27043200.0   10.68509944   10.7726   0.000       0.000      0.8747E-03 -0.9834E-06 -0.3950E-01  0.3862E-01   0.000       0.000       0.000       0.000        0.000       0.000       0.000       0.000       0.000       0.000                           -0.9834E-06 -0.9834E-06   0.000    
  27129600.0   10.69079632   10.7788   0.000       0.000      0.8799E-03 -0.3297E-06 -0.3972E-01  0.3884E-01   0.000       0.000       0.000       0.000        0.000       0.000       0.000       0.000       0.000       0.000                           -0.3297E-06 -0.3297E-06   0.000    
  27216000.0   10.70062421   10.7894   0.000       0.000      0.8876E-03 -0.5687E-06 -0.4002E-01  0.3914E-01   0.000       0.000       0.000       0.000        0.000       0.000       0.000       0.000       0.000       0.000                           -0.5687E-06 -0.5687E-06   0.000    
  27302400.0   10.72465268   10.8152   0.000       0.000      0.9051E-03 -0.1391E-05 -0.4064E-01  0.3974E-01   0.000       0.000       0.000       0.000        0.000       0.000       0.000       0.000       0.000       0.000                           -0.1391E-05 -0.1391E-05   0.000    
  27388800.0   10.77173890   10.8656   0.000       0.000      0.9382E-03 -0.2725E-05 -0.4178E-01  0.4085E-01   0.000       0.000       0.000       0.000        0.000       0.000       0.000       0.000       0.000       0.000                           -0.2725E-05 -0.2725E-05   0.000    
  27475200.0   10.81322849   10.9100   0.000       0.000      0.9675E-03 -0.2401E-05 -0.4284E-01  0.4188E-01   0.000       0.000       0.000       0.000        0.000       0.000       0.000       0.000       0.000       0.000                           -0.2401E-05 -0.2401E-05   0.000    
  27561600.0   10.81132391   10.9082   0.000       0.000      0.9686E-03  0.1102E-06 -0.4304E-01  0.4207E-01   0.000       0.000       0.000       0.000        0.000       0.000       0.000       0.000       0.000       0.000                            0.1102E-06  0.1102E-06   0.000    
  27648000.0   10.80254240   10.8989   0.000       0.000      0.9632E-03  0.5082E-06 -0.4299E-01  0.4203E-01   0.000       0.000       0.000       0.000        0.000       0.000       0.000       0.000       0.000       0.000                            0.5082E-06  0.5082E-06   0.000    
  27734400.0   10.79011512   10.8855   0.000       0.000      0.9538E-03  0.7192E-06 -0.4278E-01  0.4183E-01   0.000       0.000       0.000       0.000        0.000       0.000       0.000       0.000       0.000       0.000                            0.7192E-06  0.7192E-06   0.000    
  27820800.0   10.77908475   10.8736   0.000       0.000      0.9448E-03  0.6383E-06 -0.4255E-01  0.4161E-01   0.000       0.000       0.000       0.000        0.000       0.000       0.000       0.000       0.000       0.000                            0.6383E-06  0.6383E-06   0.000    
  27907200.0   10.77047825   10.8642   0.000       0.000      0.9372E-03  0.4981E-06 -0.4235E-01  0.4141E-01   0.000       0.000       0.000       0.000        0.000       0.000       0.000       0.000       0.000       0.000                            0.4981E-06  0.4981E-06   0.000    
  27993600.0   10.79078840   10.8857   0.000       0.000      0.9490E-03 -0.1175E-05 -0.4274E-01  0.4179E-01   0.000       0.000       0.000       0.000        0.000       0.000       0.000       0.000       0.000       0.000                           -0.1175E-05 -0.1175E-05   0.000    
  28080000.0   10.82172326   10.9186   0.000       0.000      0.9690E-03 -0.1790E-05 -0.4342E-01  0.4245E-01   0.000       0.000       0.000       0.000        0.000       0.000       0.000       0.000       0.000       0.000                           -0.1790E-05 -0.1790E-05   0.000    
  28166400.0   10.83835926   10.9364   0.000       0.000      0.9808E-03 -0.9627E-06 -0.4387E-01  0.4289E-01   0.000       0.000       0.000       0.000        0.000       0.000       0.000       0.000       0.000       0.000                           -0.9627E-06 -0.9627E-06   0.000    
  28252800.0   10.83176514   10.9296   0.000       0.000      0.9779E-03  0.3816E-06 -0.4385E-01  0.4288E-01   0.000       0.000       0.000       0.000        0.000       0.000       0.000       0.000       0.000       0.000                            0.3816E-06  0.3816E-06   0.000    
  28339200.0   10.82022925   10.9173   0.000       0.000      0.9705E-03  0.6676E-06 -0.4367E-01  0.4270E-01   0.000       0.000       0.000       0.000        0.000       0.000       0.000       0.000       0.000       0.000                            0.6676E-06  0.6676E-06   0.000    
  28425600.0   10.80717815   10.9033   0.000       0.000      0.9610E-03  0.7553E-06 -0.4340E-01  0.4244E-01   0.000       0.000       0.000       0.000        0.000       0.000       0.000       0.000       0.000       0.000                            0.7553E-06  0.7553E-06   0.000    
  28512000.0   10.79377669   10.8888   0.000       0.000      0.9507E-03  0.7755E-06 -0.4308E-01  0.4213E-01   0.000       0.000       0.000       0.000        0.000       0.000       0.000       0.000       0.000       0.000                            0.7755E-06  0.7755E-06   0.000    
  28598400.0   10.78042822   10.8745   0.000       0.000      0.9406E-03  0.7725E-06 -0.4274E-01  0.4180E-01   0.000       0.000       0.000       0.000        0.000       0.000       0.000       0.000       0.000       0.000                            0.7725E-06  0.7725E-06   0.000    
  28684800.0   10.76738250   10.8604   0.000       0.000      0.9305E-03  0.7550E-06 -0.4240E-01  0.4147E-01   0.000       0.000       0.000       0.000        0.000       0.000       0.000       0.000       0.000       0.000                            0.7550E-06  0.7550E-06   0.000    
  28771200.0   10.75471422   10.8468   0.000       0.000      0.9208E-03  0.7331E-06 -0.4205E-01  0.4113E-01   0.000       0.000       0.000       0.000        0.000       0.000       0.000       0.000       0.000       0.000                            0.7331E-06  0.7331E-06   0.000    
  28857600.0   10.74248711   10.8336   0.000       0.000      0.9114E-03  0.7076E-06 -0.4171E-01  0.4079E-01   0.000       0.000       0.000       0.000        0.000       0.000       0.000       0.000       0.000       0.000                            0.7076E-06  0.7076E-06   0.000    
  28944000.0   10.73058769   10.8208   0.000       0.000      0.9023E-03  0.6886E-06 -0.4136E-01  0.4046E-01   0.000       0.000       0.000       0.000        0.000       0.000       0.000       0.000       0.000       0.000                            0.6886E-06  0.6886E-06   0.000    
  29030400.0   10.71898428   10.8083   0.000       0.000      0.8934E-03  0.6715E-06 -0.4101E-01  0.4012E-01   0.000       0.000       0.000       0.000        0.000       0.000       0.000       0.000       0.000       0.000                            0.6715E-06  0.6715E-06   0.000    
  29116800.0   10.70781969   10.7963   0.000       0.000      0.8847E-03  0.6461E-06 -0.4067E-01  0.3979E-01   0.000       0.000       0.000       0.000        0.000       0.000       0.000       0.000       0.000       0.000                            0.6461E-06  0.6461E-06   0.000    
  29203200.0   10.69687369   10.7845   0.000       0.000      0.8764E-03  0.6334E-06 -0.4034E-01  0.3946E-01   0.000       0.000       0.000       0.000        0.000       0.000       0.000       0.000       0.000       0.000                            0.6334E-06  0.6334E-06   0.000    
  29289600.0   10.68636183   10.7732   0.000       0.000      0.8684E-03  0.6083E-06 -0.4002E-01  0.3915E-01   0.000       0.000       0.000       0.000        0.000       0.000       0.000       0.000       0.000       0.000                            0.6083E-06  0.6083E-06   0.000    
  29376000.0   10.67632953   10.7624   0.000       0.000      0.8608E-03  0.5806E-06 -0.3970E-01  0.3884E-01   0.000       0.000       0.000       0.000        0.000       0.000       0.000       0.000       0.000       0.000                            0.5806E-06  0.5806E-06   0.000    
  29462400.0   10.66677011   10.7521   0.000       0.000      0.8533E-03  0.5532E-06 -0.3939E-01  0.3854E-01   0.000       0.000       0.000       0.000        0.000       0.000       0.000       0.000       0.000       0.000                            0.5532E-06  0.5532E-06   0.000    
  29548800.0   10.65754873   10.7422   0.000       0.000      0.8463E-03  0.5336E-06 -0.3909E-01  0.3825E-01   0.000       0.000       0.000       0.000        0.000       0.000       0.000       0.000       0.000       0.000                            0.5336E-06  0.5336E-06   0.000    
  29635200.0   10.64863927   10.7326   0.000       0.000      0.8394E-03  0.5156E-06 -0.3880E-01  0.3796E-01   0.000       0.000       0.000       0.000        0.000       0.000       0.000       0.000       0.000       0.000                            0.5156E-06  0.5156E-06   0.000    
  29721600.0   10.64004852   10.7233   0.000       0.000      0.8327E-03  0.4971E-06 -0.3852E-01  0.3768E-01   0.000       0.000       0.000       0.000        0.000       0.000       0.000       0.000       0.000       0.000                            0.4971E-06  0.4971E-06   0.000    
  29808000.0   10.63167598   10.7143   0.000       0.000      0.8262E-03  0.4845E-06 -0.3824E-01  0.3741E-01   0.000       0.000       0.000       0.000        0.000       0.000       0.000       0.000       0.000       0.000                            0.4845E-06  0.4845E-06   0.000    
  29894400.0   10.62355662   10.7055   0.000       0.000      0.8198E-03  0.4699E-06 -0.3797E-01  0.3714E-01   0.000       0.000       0.000       0.000        0.000       0.000       0.000       0.000       0.000       0.000                            0.4699E-06  0.4699E-06   0.000    
  29980800.0   10.61567870   10.6970   0.000       0.000      0.8136E-03  0.4559E-06 -0.3770E-01  0.3688E-01   0.000       0.000       0.000       0.000        0.000       0.000       0.000       0.000       0.000       0.000                            0.4559E-06  0.4559E-06   0.000    
  30067200.0   10.60810680   10.6889   0.000       0.000      0.8075E-03  0.4382E-06 -0.3744E-01  0.3663E-01   0.000       0.000       0.000       0.000        0.000       0.000       0.000       0.000       0.000       0.000                            0.4382E-06  0.4382E-06   0.000    
  30153600.0   10.60080258   10.6810   0.000       0.000      0.8016E-03  0.4227E-06 -0.3718E-01  0.3638E-01   0.000       0.000       0.000       0.000        0.000       0.000       0.000       0.000       0.000       0.000                            0.4227E-06  0.4227E-06   0.000    
  30240000.0   10.59375584   10.6733   0.000       0.000      0.7959E-03  0.4078E-06 -0.3694E-01  0.3614E-01   0.000       0.000       0.000       0.000        0.000       0.000       0.000       0.000       0.000       0.000                            0.4078E-06  0.4078E-06   0.000    
  30326400.0   10.58691526   10.6660   0.000       0.000      0.7904E-03  0.3959E-06 -0.3670E-01  0.3591E-01   0.000       0.000       0.000       0.000        0.000       0.000       0.000       0.000       0.000       0.000                            0.3959E-06  0.3959E-06   0.000    
  30412800.0   10.58028409   10.6588   0.000       0.000      0.7849E-03  0.3837E-06 -0.3646E-01  0.3568E-01   0.000       0.000       0.000       0.000        0.000       0.000       0.000       0.000       0.000       0.000                            0.3837E-06  0.3837E-06   0.000    
  30499200.0   10.57386954   10.6518   0.000       0.000      0.7796E-03  0.3712E-06 -0.3623E-01  0.3545E-01   0.000       0.000       0.000       0.000        0.000       0.000       0.000       0.000       0.000       0.000                            0.3712E-06  0.3712E-06   0.000    
  30585600.0   10.56764764   10.6451   0.000       0.000      0.7744E-03  0.3601E-06 -0.3601E-01  0.3524E-01   0.000       0.000       0.000       0.000        0.000       0.000       0.000       0.000       0.000       0.000                            0.3601E-06  0.3601E-06   0.000    
  30672000.0   10.56161876   10.6386   0.000       0.000      0.7694E-03  0.3489E-06 -0.3579E-01  0.3502E-01   0.000       0.000       0.000       0.000        0.000       0.000       0.000       0.000       0.000       0.000                            0.3489E-06  0.3489E-06   0.000    
  30758400.0   10.55577175   10.6322   0.000       0.000      0.7644E-03  0.3384E-06 -0.3558E-01  0.3481E-01   0.000       0.000       0.000       0.000        0.000       0.000       0.000       0.000       0.000       0.000                            0.3384E-06  0.3384E-06   0.000    
  30844800.0   10.55009593   10.6261   0.000       0.000      0.7596E-03  0.3285E-06 -0.3537E-01  0.3461E-01   0.000       0.000       0.000       0.000        0.000       0.000       0.000       0.000       0.000       0.000                            0.3285E-06  0.3285E-06   0.000    
  30931200.0   10.54457151   10.6201   0.000       0.000      0.7549E-03  0.3197E-06 -0.3517E-01  0.3441E-01   0.000       0.000       0.000       0.000        0.000       0.000       0.000       0.000       0.000       0.000                            0.3197E-06  0.3197E-06   0.000    
  31017600.0   10.53919270   10.6142   0.000       0.000      0.7502E-03  0.3113E-06 -0.3497E-01  0.3422E-01   0.000       0.000       0.000       0.000        0.000       0.000       0.000       0.000       0.000       0.000                            0.3113E-06  0.3113E-06   0.000    
  31104000.0   10.53396361   10.6085   0.000       0.000      0.7457E-03  0.3026E-06 -0.3477E-01  0.3402E-01   0.000       0.000       0.000       0.000        0.000       0.000       0.000       0.000       0.000       0.000                            0.3026E-06  0.3026E-06   0.000    
  31190400.0   10.52887642   10.6030   0.000       0.000      0.7412E-03  0.2944E-06 -0.3458E-01  0.3384E-01   0.000       0.000       0.000       0.000        0.000       0.000       0.000       0.000       0.000       0.000                            0.2944E-06  0.2944E-06   0.000    
  31276800.0   10.52472831   10.5985   0.000       0.000      0.7376E-03  0.2401E-06 -0.3442E-01  0.3368E-01   0.000       0.000       0.000       0.000        0.000       0.000       0.000       0.000       0.000       0.000                            0.2401E-06  0.2401E-06   0.000    
  31363200.0   10.51980438   10.5931   0.000       0.000      0.7333E-03  0.2849E-06 -0.3423E-01  0.3350E-01   0.000       0.000       0.000       0.000        0.000       0.000       0.000       0.000       0.000       0.000                            0.2849E-06  0.2849E-06   0.000    
  31449600.0   10.51502220   10.5879   0.000       0.000      0.7291E-03  0.2767E-06 -0.3406E-01  0.3333E-01   0.000       0.000       0.000       0.000        0.000       0.000       0.000       0.000       0.000       0.000                            0.2767E-06  0.2767E-06   0.000    
  31536000.0   10.51036716   10.5829   0.000       0.000      0.7249E-03  0.2694E-06 -0.3388E-01  0.3315E-01   0.000       0.000       0.000       0.000        0.000       0.000       0.000       0.000       0.000       0.000                            0.2694E-06  0.2694E-06   0.000    
  31622400.0   10.50542227   10.5775   0.000       0.000      0.7205E-03  0.2862E-06 -0.3369E-01  0.3297E-01   0.000       0.000       0.000       0.000        0.000       0.000       0.000       0.000       0.000       0.000                            0.2862E-06  0.2862E-06   0.000    
