   TOTIM (T)          HCON      HMAT     QDIR      QWELL        QMAT QCADS<->CON       QTUB1       QTUB2       QTUB3       QTUB4       QTUB5       QTUB6       NSTOR        QFIX        QLH     FHLQ (LQ)      CAUCHY CAUCHY (LQ) BREAK-DOWN CADS FLOW  QCADS<->CON    Q_CDSSTO    Q_CDSRCH
     86400.0   10.66644742   10.7939   0.000       0.000      0.1275E-02   0.000     -0.1633      0.1620       0.000       0.000       0.000       0.000        0.000       0.000       0.000       0.000       0.000       0.000                             0.000       0.000       0.000    
    172800.0   10.65117990   10.7768   0.000       0.000      0.1256E-02  0.8835E-06 -0.1618      0.1605       0.000       0.000       0.000       0.000        0.000       0.000       0.000       0.000       0.000       0.000                            0.8835E-06  0.8835E-06   0.000    
    259200.0   10.65176628   10.7776   0.000       0.000      0.1258E-02 -0.3393E-07 -0.1616      0.1604       0.000       0.000       0.000       0.000        0.000       0.000       0.000       0.000       0.000       0.000                           -0.3393E-07 -0.3393E-07   0.000    
    345600.0   10.65050916   10.7762   0.000       0.000      0.1256E-02  0.7275E-07 -0.1614      0.1602       0.000       0.000       0.000       0.000        0.000       0.000       0.000       0.000       0.000       0.000                            0.7275E-07  0.7275E-07   0.000    
    432000.0   10.66078925   10.7877   0.000       0.000      0.1269E-02 -0.5949E-06 -0.1624      0.1611       0.000       0.000       0.000       0.000        0.000       0.000       0.000       0.000       0.000       0.000                           -0.5949E-06 -0.5949E-06   0.000    
    518400.0   10.66673095   10.7943   0.000       0.000      0.1276E-02 -0.3438E-06 -0.1630      0.1618       0.000       0.000       0.000       0.000        0.000       0.000       0.000       0.000       0.000       0.000                           -0.3438E-06 -0.3438E-06   0.000    
    604800.0   10.66835015   10.7960   0.000       0.000      0.1277E-02 -0.9370E-07 -0.1633      0.1620       0.000       0.000       0.000       0.000        0.000       0.000       0.000       0.000       0.000       0.000                           -0.9370E-07 -0.9370E-07   0.000    
    691200.0   10.68386882   10.8134   0.000       0.000      0.1295E-02 -0.8981E-06 -0.1649      0.1636       0.000       0.000       0.000       0.000        0.000       0.000       0.000       0.000       0.000       0.000                           -0.8981E-06 -0.8981E-06   0.000    
    777600.0   10.72618675   10.8606   0.000       0.000      0.1344E-02 -0.2449E-05 -0.1690      0.1677       0.000       0.000       0.000       0.000        0.000       0.000       0.000       0.000       0.000       0.000                           -0.2449E-05 -0.2449E-05   0.000    
    864000.0   10.78819326   10.9292   0.000       0.000      0.1411E-02 -0.3588E-05 -0.1751      0.1737       0.000       0.000       0.000       0.000        0.000       0.000       0.000       0.000       0.000       0.000                           -0.3588E-05 -0.3588E-05   0.000    
    950400.0   10.81491269   10.9584   0.000       0.000      0.1435E-02 -0.1546E-05 -0.1785      0.1771       0.000       0.000       0.000       0.000        0.000       0.000       0.000       0.000       0.000       0.000                           -0.1546E-05 -0.1546E-05   0.000    
   1036800.0   10.88235011   11.0326   0.000       0.000      0.1503E-02 -0.3903E-05 -0.1848      0.1833       0.000       0.000       0.000       0.000        0.000       0.000       0.000       0.000       0.000       0.000                           -0.3903E-05 -0.3903E-05   0.000    
   1123200.0   11.00483835   11.1667   0.000       0.000      0.1619E-02 -0.7088E-05 -0.1950      0.1934       0.000       0.000       0.000       0.000        0.000       0.000       0.000       0.000       0.000       0.000                           -0.7088E-05 -0.7088E-05   0.000    
   1209600.0   10.98560736   11.1449   0.000       0.000      0.1593E-02  0.1113E-05 -0.1959      0.1943       0.000       0.000       0.000       0.000        0.000       0.000       0.000       0.000       0.000       0.000                            0.1113E-05  0.1113E-05   0.000    
   1296000.0   10.96546450   11.1228   0.000       0.000      0.1573E-02  0.1166E-05 -0.1954      0.1938       0.000       0.000       0.000       0.000        0.000       0.000       0.000       0.000       0.000       0.000                            0.1166E-05  0.1166E-05   0.000    
   1382400.0   10.94638450   11.1019   0.000       0.000      0.1555E-02  0.1104E-05 -0.1943      0.1928       0.000       0.000       0.000       0.000        0.000       0.000       0.000       0.000       0.000       0.000                            0.1104E-05  0.1104E-05   0.000    
   1468800.0   10.92788289   11.0818   0.000       0.000      0.1539E-02  0.1071E-05 -0.1930      0.1915       0.000       0.000       0.000       0.000        0.000       0.000       0.000       0.000       0.000       0.000                            0.1071E-05  0.1071E-05   0.000    
   1555200.0   10.90838391   11.0606   0.000       0.000      0.1522E-02  0.1128E-05 -0.1915      0.1900       0.000       0.000       0.000       0.000        0.000       0.000       0.000       0.000       0.000       0.000                            0.1128E-05  0.1128E-05   0.000    
   1641600.0   10.88905163   11.0395   0.000       0.000      0.1504E-02  0.1119E-05 -0.1898      0.1883       0.000       0.000       0.000       0.000        0.000       0.000       0.000       0.000       0.000       0.000                            0.1119E-05  0.1119E-05   0.000    
   1728000.0   10.87286311   11.0219   0.000       0.000      0.1490E-02  0.9368E-06 -0.1883      0.1868       0.000       0.000       0.000       0.000        0.000       0.000       0.000       0.000       0.000       0.000                            0.9368E-06  0.9368E-06   0.000    
   1814400.0   10.85864798   11.0064   0.000       0.000      0.1478E-02  0.8226E-06 -0.1869      0.1854       0.000       0.000       0.000       0.000        0.000       0.000       0.000       0.000       0.000       0.000                            0.8226E-06  0.8226E-06   0.000    
   1900800.0   10.84284853   10.9891   0.000       0.000      0.1463E-02  0.9143E-06 -0.1853      0.1838       0.000       0.000       0.000       0.000        0.000       0.000       0.000       0.000       0.000       0.000                            0.9143E-06  0.9143E-06   0.000    
   1987200.0   10.82828864   10.9733   0.000       0.000      0.1450E-02  0.8426E-06 -0.1838      0.1824       0.000       0.000       0.000       0.000        0.000       0.000       0.000       0.000       0.000       0.000                            0.8426E-06  0.8426E-06   0.000    
   2073600.0   10.81644737   10.9604   0.000       0.000      0.1440E-02  0.6853E-06 -0.1826      0.1811       0.000       0.000       0.000       0.000        0.000       0.000       0.000       0.000       0.000       0.000                            0.6853E-06  0.6853E-06   0.000    
   2160000.0   10.80261796   10.9452   0.000       0.000      0.1426E-02  0.8003E-06 -0.1811      0.1797       0.000       0.000       0.000       0.000        0.000       0.000       0.000       0.000       0.000       0.000                            0.8003E-06  0.8003E-06   0.000    
   2246400.0   10.78894959   10.9303   0.000       0.000      0.1413E-02  0.7910E-06 -0.1797      0.1782       0.000       0.000       0.000       0.000        0.000       0.000       0.000       0.000       0.000       0.000                            0.7910E-06  0.7910E-06   0.000    
   2332800.0   10.77576214   10.9158   0.000       0.000      0.1400E-02  0.7632E-06 -0.1782      0.1768       0.000       0.000       0.000       0.000        0.000       0.000       0.000       0.000       0.000       0.000                            0.7632E-06  0.7632E-06   0.000    
   2419200.0   10.76286256   10.9016   0.000       0.000      0.1388E-02  0.7465E-06 -0.1767      0.1754       0.000       0.000       0.000       0.000        0.000       0.000       0.000       0.000       0.000       0.000                            0.7465E-06  0.7465E-06   0.000    
   2505600.0   10.75738897   10.8957   0.000       0.000      0.1383E-02  0.3168E-06 -0.1759      0.1745       0.000       0.000       0.000       0.000        0.000       0.000       0.000       0.000       0.000       0.000                            0.3168E-06  0.3168E-06   0.000    
   2592000.0   10.74889485   10.8864   0.000       0.000      0.1375E-02  0.4916E-06 -0.1750      0.1736       0.000       0.000       0.000       0.000        0.000       0.000       0.000       0.000       0.000       0.000                            0.4916E-06  0.4916E-06   0.000    
   2678400.0   10.76584625   10.9054   0.000       0.000      0.1396E-02 -0.9810E-06 -0.1762      0.1748       0.000       0.000       0.000       0.000        0.000       0.000       0.000       0.000       0.000       0.000                           -0.9810E-06 -0.9810E-06   0.000    
   2764800.0   10.83194466   10.9786   0.000       0.000      0.1467E-02 -0.3825E-05 -0.1818      0.1803       0.000       0.000       0.000       0.000        0.000       0.000       0.000       0.000       0.000       0.000                           -0.3825E-05 -0.3825E-05   0.000    
   2851200.0   10.99437204   11.1570   0.000       0.000      0.1627E-02 -0.9400E-05 -0.1949      0.1933       0.000       0.000       0.000       0.000        0.000       0.000       0.000       0.000       0.000       0.000                           -0.9400E-05 -0.9400E-05   0.000    
   2937600.0   10.96037188   11.1188   0.000       0.000      0.1584E-02  0.1968E-05 -0.1950      0.1934       0.000       0.000       0.000       0.000        0.000       0.000       0.000       0.000       0.000       0.000                            0.1968E-05  0.1968E-05   0.000    
   3024000.0   10.96499427   11.1239   0.000       0.000      0.1589E-02 -0.2675E-06 -0.1961      0.1945       0.000       0.000       0.000       0.000        0.000       0.000       0.000       0.000       0.000       0.000                           -0.2675E-06 -0.2675E-06   0.000    
   3110400.0   10.96560845   11.1245   0.000       0.000      0.1589E-02 -0.3554E-07 -0.1966      0.1950       0.000       0.000       0.000       0.000        0.000       0.000       0.000       0.000       0.000       0.000                           -0.3554E-07 -0.3554E-07   0.000    
   3196800.0   10.95462671   11.1124   0.000       0.000      0.1577E-02  0.6355E-06 -0.1961      0.1945       0.000       0.000       0.000       0.000        0.000       0.000       0.000       0.000       0.000       0.000                            0.6355E-06  0.6355E-06   0.000    
   3283200.0   10.93846172   11.0948   0.000       0.000      0.1563E-02  0.9355E-06 -0.1951      0.1935       0.000       0.000       0.000       0.000        0.000       0.000       0.000       0.000       0.000       0.000                            0.9355E-06  0.9355E-06   0.000    
   3369600.0   10.94099303   11.0977   0.000       0.000      0.1567E-02 -0.1465E-06 -0.1952      0.1936       0.000       0.000       0.000       0.000        0.000       0.000       0.000       0.000       0.000       0.000                           -0.1465E-06 -0.1465E-06   0.000    
   3456000.0   10.95397035   11.1120   0.000       0.000      0.1580E-02 -0.7510E-06 -0.1961      0.1946       0.000       0.000       0.000       0.000        0.000       0.000       0.000       0.000       0.000       0.000                           -0.7510E-06 -0.7510E-06   0.000    
   3542400.0   10.97378522   11.1338   0.000       0.000      0.1600E-02 -0.1147E-05 -0.1979      0.1963       0.000       0.000       0.000       0.000        0.000       0.000       0.000       0.000       0.000       0.000                           -0.1147E-05 -0.1147E-05   0.000    
   3628800.0   10.98071087   11.1414   0.000       0.000      0.1606E-02 -0.4008E-06 -0.1987      0.1971       0.000       0.000       0.000       0.000        0.000       0.000       0.000       0.000       0.000       0.000                           -0.4008E-06 -0.4008E-06   0.000    
   3715200.0   10.96986811   11.1294   0.000       0.000      0.1596E-02  0.6275E-06 -0.1983      0.1967       0.000       0.000       0.000       0.000        0.000       0.000       0.000       0.000       0.000       0.000                            0.6275E-06  0.6275E-06   0.000    
   3801600.0   10.97304842   11.1331   0.000       0.000      0.1600E-02 -0.1840E-06 -0.1986      0.1970       0.000       0.000       0.000       0.000        0.000       0.000       0.000       0.000       0.000       0.000                           -0.1840E-06 -0.1840E-06   0.000    
   3888000.0   10.98425198   11.1454   0.000       0.000      0.1612E-02 -0.6484E-06 -0.1995      0.1979       0.000       0.000       0.000       0.000        0.000       0.000       0.000       0.000       0.000       0.000                           -0.6484E-06 -0.6484E-06   0.000    
   3974400.0   11.00942709   11.1730   0.000       0.000      0.1636E-02 -0.1457E-05 -0.2015      0.1999       0.000       0.000       0.000       0.000        0.000       0.000       0.000       0.000       0.000       0.000                           -0.1457E-05 -0.1457E-05   0.000    
   4060800.0   11.02937105   11.1948   0.000       0.000      0.1654E-02 -0.1154E-05 -0.2033      0.2017       0.000       0.000       0.000       0.000        0.000       0.000       0.000       0.000       0.000       0.000                           -0.1154E-05 -0.1154E-05   0.000    
   4147200.0   11.01805020   11.1823   0.000       0.000      0.1643E-02  0.6551E-06 -0.2031      0.2015       0.000       0.000       0.000       0.000        0.000       0.000       0.000       0.000       0.000       0.000                            0.6551E-06  0.6551E-06   0.000    
   4233600.0   11.00157490   11.1643   0.000       0.000      0.1628E-02  0.9534E-06 -0.2021      0.2005       0.000       0.000       0.000       0.000        0.000       0.000       0.000       0.000       0.000       0.000                            0.9534E-06  0.9534E-06   0.000    
   4320000.0   10.98808415   11.1497   0.000       0.000      0.1617E-02  0.7807E-06 -0.2011      0.1995       0.000       0.000       0.000       0.000        0.000       0.000       0.000       0.000       0.000       0.000                            0.7807E-06  0.7807E-06   0.000    
   4406400.0   10.97385096   11.1342   0.000       0.000      0.1604E-02  0.8237E-06 -0.1999      0.1983       0.000       0.000       0.000       0.000        0.000       0.000       0.000       0.000       0.000       0.000                            0.8237E-06  0.8237E-06   0.000    
   4492800.0   10.96259903   11.1221   0.000       0.000      0.1595E-02  0.6512E-06 -0.1989      0.1973       0.000       0.000       0.000       0.000        0.000       0.000       0.000       0.000       0.000       0.000                            0.6512E-06  0.6512E-06   0.000    
   4579200.0   10.94789817   11.1061   0.000       0.000      0.1582E-02  0.8507E-06 -0.1976      0.1961       0.000       0.000       0.000       0.000        0.000       0.000       0.000       0.000       0.000       0.000                            0.8507E-06  0.8507E-06   0.000    
   4665600.0   10.93248364   11.0893   0.000       0.000      0.1568E-02  0.8920E-06 -0.1962      0.1947       0.000       0.000       0.000       0.000        0.000       0.000       0.000       0.000       0.000       0.000                            0.8920E-06  0.8920E-06   0.000    
   4752000.0   10.95563942   11.1150   0.000       0.000      0.1593E-02 -0.1340E-05 -0.1976      0.1961       0.000       0.000       0.000       0.000        0.000       0.000       0.000       0.000       0.000       0.000                           -0.1340E-05 -0.1340E-05   0.000    
   4838400.0   10.98828801   11.1507   0.000       0.000      0.1624E-02 -0.1889E-05 -0.2001      0.1985       0.000       0.000       0.000       0.000        0.000       0.000       0.000       0.000       0.000       0.000                           -0.1889E-05 -0.1889E-05   0.000    
   4924800.0   11.02447773   11.1902   0.000       0.000      0.1657E-02 -0.2094E-05 -0.2031      0.2014       0.000       0.000       0.000       0.000        0.000       0.000       0.000       0.000       0.000       0.000                           -0.2094E-05 -0.2094E-05   0.000    
   5011200.0   11.04628198   11.2140   0.000       0.000      0.1677E-02 -0.1262E-05 -0.2053      0.2036       0.000       0.000       0.000       0.000        0.000       0.000       0.000       0.000       0.000       0.000                           -0.1262E-05 -0.1262E-05   0.000    
   5097600.0   11.03407836   11.2004   0.000       0.000      0.1663E-02  0.7062E-06 -0.2051      0.2034       0.000       0.000       0.000       0.000        0.000       0.000       0.000       0.000       0.000       0.000                            0.7062E-06  0.7062E-06   0.000    
   5184000.0   11.01716558   11.1820   0.000       0.000      0.1648E-02  0.9787E-06 -0.2041      0.2025       0.000       0.000       0.000       0.000        0.000       0.000       0.000       0.000       0.000       0.000                            0.9787E-06  0.9787E-06   0.000    
   5270400.0   11.00285969   11.1664   0.000       0.000      0.1635E-02  0.8279E-06 -0.2030      0.2014       0.000       0.000       0.000       0.000        0.000       0.000       0.000       0.000       0.000       0.000                            0.8279E-06  0.8279E-06   0.000    
   5356800.0   10.98645682   11.1486   0.000       0.000      0.1621E-02  0.9492E-06 -0.2018      0.2002       0.000       0.000       0.000       0.000        0.000       0.000       0.000       0.000       0.000       0.000                            0.9492E-06  0.9492E-06   0.000    
   5443200.0   10.99536640   11.1585   0.000       0.000      0.1632E-02 -0.5156E-06 -0.2022      0.2005       0.000       0.000       0.000       0.000        0.000       0.000       0.000       0.000       0.000       0.000                           -0.5156E-06 -0.5156E-06   0.000    
   5529600.0   11.00637862   11.1706   0.000       0.000      0.1642E-02 -0.6373E-06 -0.2029      0.2013       0.000       0.000       0.000       0.000        0.000       0.000       0.000       0.000       0.000       0.000                           -0.6373E-06 -0.6373E-06   0.000    
   5616000.0   11.01797451   11.1833   0.000       0.000      0.1654E-02 -0.6711E-06 -0.2039      0.2023       0.000       0.000       0.000       0.000        0.000       0.000       0.000       0.000       0.000       0.000                           -0.6711E-06 -0.6711E-06   0.000    
   5702400.0   11.02525947   11.1913   0.000       0.000      0.1660E-02 -0.4216E-06 -0.2047      0.2030       0.000       0.000       0.000       0.000        0.000       0.000       0.000       0.000       0.000       0.000                           -0.4216E-06 -0.4216E-06   0.000    
   5788800.0   11.02101170   11.1866   0.000       0.000      0.1656E-02  0.2458E-06 -0.2046      0.2029       0.000       0.000       0.000       0.000        0.000       0.000       0.000       0.000       0.000       0.000                            0.2458E-06  0.2458E-06   0.000    
   5875200.0   11.02166919   11.1874   0.000       0.000      0.1657E-02 -0.3805E-07 -0.2047      0.2031       0.000       0.000       0.000       0.000        0.000       0.000       0.000       0.000       0.000       0.000                           -0.3805E-07 -0.3805E-07   0.000    
   5961600.0   11.01784498   11.1832   0.000       0.000      0.1653E-02  0.2213E-06 -0.2045      0.2029       0.000       0.000       0.000       0.000        0.000       0.000       0.000       0.000       0.000       0.000                            0.2213E-06  0.2213E-06   0.000    
   6048000.0   11.00668030   11.1710   0.000       0.000      0.1643E-02  0.6461E-06 -0.2037      0.2021       0.000       0.000       0.000       0.000        0.000       0.000       0.000       0.000       0.000       0.000                            0.6461E-06  0.6461E-06   0.000    
   6134400.0   10.99215226   11.1552   0.000       0.000      0.1630E-02  0.8407E-06 -0.2027      0.2010       0.000       0.000       0.000       0.000        0.000       0.000       0.000       0.000       0.000       0.000                            0.8407E-06  0.8407E-06   0.000    
   6220800.0   10.97660767   11.1382   0.000       0.000      0.1616E-02  0.8996E-06 -0.2013      0.1997       0.000       0.000       0.000       0.000        0.000       0.000       0.000       0.000       0.000       0.000                            0.8996E-06  0.8996E-06   0.000    
   6307200.0   10.96049557   11.1207   0.000       0.000      0.1602E-02  0.9324E-06 -0.1999      0.1983       0.000       0.000       0.000       0.000        0.000       0.000       0.000       0.000       0.000       0.000                            0.9324E-06  0.9324E-06   0.000    
   6393600.0   10.94469560   11.1034   0.000       0.000      0.1587E-02  0.9144E-06 -0.1984      0.1968       0.000       0.000       0.000       0.000        0.000       0.000       0.000       0.000       0.000       0.000                            0.9144E-06  0.9144E-06   0.000    
   6480000.0   10.92896473   11.0863   0.000       0.000      0.1573E-02  0.9104E-06 -0.1969      0.1954       0.000       0.000       0.000       0.000        0.000       0.000       0.000       0.000       0.000       0.000                            0.9104E-06  0.9104E-06   0.000    
   6566400.0   10.91370686   11.0695   0.000       0.000      0.1558E-02  0.8830E-06 -0.1954      0.1938       0.000       0.000       0.000       0.000        0.000       0.000       0.000       0.000       0.000       0.000                            0.8830E-06  0.8830E-06   0.000    
   6652800.0   10.89853504   11.0530   0.000       0.000      0.1545E-02  0.8780E-06 -0.1939      0.1923       0.000       0.000       0.000       0.000        0.000       0.000       0.000       0.000       0.000       0.000                            0.8780E-06  0.8780E-06   0.000    
   6739200.0   10.88407272   11.0371   0.000       0.000      0.1530E-02  0.8369E-06 -0.1923      0.1908       0.000       0.000       0.000       0.000        0.000       0.000       0.000       0.000       0.000       0.000                            0.8369E-06  0.8369E-06   0.000    
   6825600.0   10.86952481   11.0212   0.000       0.000      0.1517E-02  0.8419E-06 -0.1908      0.1893       0.000       0.000       0.000       0.000        0.000       0.000       0.000       0.000       0.000       0.000                            0.8419E-06  0.8419E-06   0.000    
   6912000.0   10.85537202   11.0056   0.000       0.000      0.1502E-02  0.8190E-06 -0.1893      0.1878       0.000       0.000       0.000       0.000        0.000       0.000       0.000       0.000       0.000       0.000                            0.8190E-06  0.8190E-06   0.000    
   6998400.0   10.84135503   10.9903   0.000       0.000      0.1489E-02  0.8112E-06 -0.1878      0.1863       0.000       0.000       0.000       0.000        0.000       0.000       0.000       0.000       0.000       0.000                            0.8112E-06  0.8112E-06   0.000    
   7084800.0   10.82798981   10.9755   0.000       0.000      0.1476E-02  0.7735E-06 -0.1863      0.1848       0.000       0.000       0.000       0.000        0.000       0.000       0.000       0.000       0.000       0.000                            0.7735E-06  0.7735E-06   0.000    
   7171200.0   10.81511542   10.9614   0.000       0.000      0.1462E-02  0.7450E-06 -0.1848      0.1834       0.000       0.000       0.000       0.000        0.000       0.000       0.000       0.000       0.000       0.000                            0.7450E-06  0.7450E-06   0.000    
   7257600.0   10.80256122   10.9475   0.000       0.000      0.1450E-02  0.7265E-06 -0.1834      0.1820       0.000       0.000       0.000       0.000        0.000       0.000       0.000       0.000       0.000       0.000                            0.7265E-06  0.7265E-06   0.000    
   7344000.0   10.79057078   10.9343   0.000       0.000      0.1437E-02  0.6939E-06 -0.1820      0.1806       0.000       0.000       0.000       0.000        0.000       0.000       0.000       0.000       0.000       0.000                            0.6939E-06  0.6939E-06   0.000    
   7430400.0   10.77977052   10.9223   0.000       0.000      0.1426E-02  0.6250E-06 -0.1807      0.1793       0.000       0.000       0.000       0.000        0.000       0.000       0.000       0.000       0.000       0.000                            0.6250E-06  0.6250E-06   0.000    
   7516800.0   10.76922846   10.9106   0.000       0.000      0.1414E-02  0.6101E-06 -0.1794      0.1780       0.000       0.000       0.000       0.000        0.000       0.000       0.000       0.000       0.000       0.000                            0.6101E-06  0.6101E-06   0.000    
   7603200.0   10.75829295   10.8985   0.000       0.000      0.1402E-02  0.6328E-06 -0.1781      0.1767       0.000       0.000       0.000       0.000        0.000       0.000       0.000       0.000       0.000       0.000                            0.6328E-06  0.6328E-06   0.000    
   7689600.0   10.74784330   10.8869   0.000       0.000      0.1391E-02  0.6047E-06 -0.1768      0.1754       0.000       0.000       0.000       0.000        0.000       0.000       0.000       0.000       0.000       0.000                            0.6047E-06  0.6047E-06   0.000    
   7776000.0   10.73808014   10.8761   0.000       0.000      0.1380E-02  0.5650E-06 -0.1756      0.1743       0.000       0.000       0.000       0.000        0.000       0.000       0.000       0.000       0.000       0.000                            0.5650E-06  0.5650E-06   0.000    
   7862400.0   10.72833399   10.8652   0.000       0.000      0.1369E-02  0.5640E-06 -0.1744      0.1730       0.000       0.000       0.000       0.000        0.000       0.000       0.000       0.000       0.000       0.000                            0.5640E-06  0.5640E-06   0.000    
   7948800.0   10.71877248   10.8546   0.000       0.000      0.1358E-02  0.5533E-06 -0.1732      0.1719       0.000       0.000       0.000       0.000        0.000       0.000       0.000       0.000       0.000       0.000                            0.5533E-06  0.5533E-06   0.000    
   8035200.0   10.70967281   10.8444   0.000       0.000      0.1347E-02  0.5266E-06 -0.1720      0.1707       0.000       0.000       0.000       0.000        0.000       0.000       0.000       0.000       0.000       0.000                            0.5266E-06  0.5266E-06   0.000    
   8121600.0   10.70069516   10.8344   0.000       0.000      0.1337E-02  0.5195E-06 -0.1709      0.1696       0.000       0.000       0.000       0.000        0.000       0.000       0.000       0.000       0.000       0.000                            0.5195E-06  0.5195E-06   0.000    
   8208000.0   10.69215634   10.8248   0.000       0.000      0.1326E-02  0.4941E-06 -0.1697      0.1684       0.000       0.000       0.000       0.000        0.000       0.000       0.000       0.000       0.000       0.000                            0.4941E-06  0.4941E-06   0.000    
   8294400.0   10.68369277   10.8154   0.000       0.000      0.1317E-02  0.4898E-06 -0.1687      0.1673       0.000       0.000       0.000       0.000        0.000       0.000       0.000       0.000       0.000       0.000                            0.4898E-06  0.4898E-06   0.000    
   8380800.0   10.72395976   10.8604   0.000       0.000      0.1365E-02 -0.2330E-05 -0.1721      0.1708       0.000       0.000       0.000       0.000        0.000       0.000       0.000       0.000       0.000       0.000                           -0.2330E-05 -0.2330E-05   0.000    
   8467200.0   10.72736656   10.8638   0.000       0.000      0.1365E-02 -0.1972E-06 -0.1728      0.1714       0.000       0.000       0.000       0.000        0.000       0.000       0.000       0.000       0.000       0.000                           -0.1972E-06 -0.1972E-06   0.000    
   8553600.0   10.72779243   10.8642   0.000       0.000      0.1364E-02 -0.2465E-07 -0.1730      0.1716       0.000       0.000       0.000       0.000        0.000       0.000       0.000       0.000       0.000       0.000                           -0.2465E-07 -0.2465E-07   0.000    
   8640000.0   10.72416011   10.8600   0.000       0.000      0.1358E-02  0.2102E-06 -0.1727      0.1713       0.000       0.000       0.000       0.000        0.000       0.000       0.000       0.000       0.000       0.000                            0.2102E-06  0.2102E-06   0.000    
   8726400.0   10.71846618   10.8535   0.000       0.000      0.1351E-02  0.3295E-06 -0.1721      0.1708       0.000       0.000       0.000       0.000        0.000       0.000       0.000       0.000       0.000       0.000                            0.3295E-06  0.3295E-06   0.000    
   8812800.0   10.71186839   10.8461   0.000       0.000      0.1342E-02  0.3818E-06 -0.1714      0.1700       0.000       0.000       0.000       0.000        0.000       0.000       0.000       0.000       0.000       0.000                            0.3818E-06  0.3818E-06   0.000    
   8899200.0   10.70352798   10.8368   0.000       0.000      0.1332E-02  0.4827E-06 -0.1704      0.1691       0.000       0.000       0.000       0.000        0.000       0.000       0.000       0.000       0.000       0.000                            0.4827E-06  0.4827E-06   0.000    
   8985600.0   10.70094638   10.8339   0.000       0.000      0.1329E-02  0.1494E-06 -0.1700      0.1687       0.000       0.000       0.000       0.000        0.000       0.000       0.000       0.000       0.000       0.000                            0.1494E-06  0.1494E-06   0.000    
   9072000.0   10.70790952   10.8416   0.000       0.000      0.1337E-02 -0.4030E-06 -0.1705      0.1692       0.000       0.000       0.000       0.000        0.000       0.000       0.000       0.000       0.000       0.000                           -0.4030E-06 -0.4030E-06   0.000    
   9158400.0   10.70454463   10.8377   0.000       0.000      0.1332E-02  0.1947E-06 -0.1701      0.1688       0.000       0.000       0.000       0.000        0.000       0.000       0.000       0.000       0.000       0.000                            0.1947E-06  0.1947E-06   0.000    
   9244800.0   10.72877630   10.8648   0.000       0.000      0.1360E-02 -0.1402E-05 -0.1723      0.1710       0.000       0.000       0.000       0.000        0.000       0.000       0.000       0.000       0.000       0.000                           -0.1402E-05 -0.1402E-05   0.000    
   9331200.0   10.78998435   10.9326   0.000       0.000      0.1427E-02 -0.3542E-05 -0.1779      0.1765       0.000       0.000       0.000       0.000        0.000       0.000       0.000       0.000       0.000       0.000                           -0.3542E-05 -0.3542E-05   0.000    
   9417600.0   10.93962320   11.0974   0.000       0.000      0.1578E-02 -0.8660E-05 -0.1906      0.1891       0.000       0.000       0.000       0.000        0.000       0.000       0.000       0.000       0.000       0.000                           -0.8660E-05 -0.8660E-05   0.000    
   9504000.0   11.04776583   11.2148   0.000       0.000      0.1671E-02 -0.6258E-05 -0.2005      0.1989       0.000       0.000       0.000       0.000        0.000       0.000       0.000       0.000       0.000       0.000                           -0.6258E-05 -0.6258E-05   0.000    
   9590400.0   11.02333098   11.1873   0.000       0.000      0.1640E-02  0.1414E-05 -0.2013      0.1997       0.000       0.000       0.000       0.000        0.000       0.000       0.000       0.000       0.000       0.000                            0.1414E-05  0.1414E-05   0.000    
   9676800.0   10.99660902   11.1580   0.000       0.000      0.1613E-02  0.1546E-05 -0.2004      0.1988       0.000       0.000       0.000       0.000        0.000       0.000       0.000       0.000       0.000       0.000                            0.1546E-05  0.1546E-05   0.000    
   9763200.0   10.96947114   11.1282   0.000       0.000      0.1588E-02  0.1570E-05 -0.1988      0.1972       0.000       0.000       0.000       0.000        0.000       0.000       0.000       0.000       0.000       0.000                            0.1570E-05  0.1570E-05   0.000    
   9849600.0   10.94420995   11.1006   0.000       0.000      0.1564E-02  0.1462E-05 -0.1968      0.1953       0.000       0.000       0.000       0.000        0.000       0.000       0.000       0.000       0.000       0.000                            0.1462E-05  0.1462E-05   0.000    
   9936000.0   10.96104789   11.1193   0.000       0.000      0.1583E-02 -0.9744E-06 -0.1978      0.1962       0.000       0.000       0.000       0.000        0.000       0.000       0.000       0.000       0.000       0.000                           -0.9744E-06 -0.9744E-06   0.000    
  10022400.0   10.97428987   11.1339   0.000       0.000      0.1596E-02 -0.7663E-06 -0.1989      0.1973       0.000       0.000       0.000       0.000        0.000       0.000       0.000       0.000       0.000       0.000                           -0.7663E-06 -0.7663E-06   0.000    
  10108800.0   10.97790394   11.1378   0.000       0.000      0.1599E-02 -0.2091E-06 -0.1995      0.1979       0.000       0.000       0.000       0.000        0.000       0.000       0.000       0.000       0.000       0.000                           -0.2091E-06 -0.2091E-06   0.000    
  10195200.0   10.98864681   11.1496   0.000       0.000      0.1609E-02 -0.6217E-06 -0.2004      0.1988       0.000       0.000       0.000       0.000        0.000       0.000       0.000       0.000       0.000       0.000                           -0.6217E-06 -0.6217E-06   0.000    
  10281600.0   10.99411151   11.1555   0.000       0.000      0.1614E-02 -0.3162E-06 -0.2011      0.1995       0.000       0.000       0.000       0.000        0.000       0.000       0.000       0.000       0.000       0.000                           -0.3162E-06 -0.3162E-06   0.000    
  10368000.0   10.98270395   11.1431   0.000       0.000      0.1604E-02  0.6602E-06 -0.2006      0.1990       0.000       0.000       0.000       0.000        0.000       0.000       0.000       0.000       0.000       0.000                            0.6602E-06  0.6602E-06   0.000    
  10454400.0   10.96594005   11.1247   0.000       0.000      0.1588E-02  0.9701E-06 -0.1994      0.1978       0.000       0.000       0.000       0.000        0.000       0.000       0.000       0.000       0.000       0.000                            0.9701E-06  0.9701E-06   0.000    
  10540800.0   10.96532733   11.1242   0.000       0.000      0.1589E-02  0.3546E-07 -0.1992      0.1976       0.000       0.000       0.000       0.000        0.000       0.000       0.000       0.000       0.000       0.000                            0.3546E-07  0.3546E-07   0.000    
  10627200.0   10.97268679   11.1324   0.000       0.000      0.1597E-02 -0.4259E-06 -0.1997      0.1981       0.000       0.000       0.000       0.000        0.000       0.000       0.000       0.000       0.000       0.000                           -0.4259E-06 -0.4259E-06   0.000    
  10713600.0   10.97306181   11.1328   0.000       0.000      0.1598E-02 -0.2170E-07 -0.1998      0.1982       0.000       0.000       0.000       0.000        0.000       0.000       0.000       0.000       0.000       0.000                           -0.2170E-07 -0.2170E-07   0.000    
  10800000.0   10.96483151   11.1238   0.000       0.000      0.1590E-02  0.4763E-06 -0.1993      0.1977       0.000       0.000       0.000       0.000        0.000       0.000       0.000       0.000       0.000       0.000                            0.4763E-06  0.4763E-06   0.000    
  10886400.0   10.95116499   11.1089   0.000       0.000      0.1578E-02  0.7909E-06 -0.1983      0.1967       0.000       0.000       0.000       0.000        0.000       0.000       0.000       0.000       0.000       0.000                            0.7909E-06  0.7909E-06   0.000    
  10972800.0   10.93516831   11.0914   0.000       0.000      0.1562E-02  0.9257E-06 -0.1969      0.1954       0.000       0.000       0.000       0.000        0.000       0.000       0.000       0.000       0.000       0.000                            0.9257E-06  0.9257E-06   0.000    
  11059200.0   10.91642959   11.0710   0.000       0.000      0.1545E-02  0.1084E-05 -0.1953      0.1938       0.000       0.000       0.000       0.000        0.000       0.000       0.000       0.000       0.000       0.000                            0.1084E-05  0.1084E-05   0.000    
  11145600.0   10.89776717   11.0506   0.000       0.000      0.1528E-02  0.1080E-05 -0.1936      0.1920       0.000       0.000       0.000       0.000        0.000       0.000       0.000       0.000       0.000       0.000                            0.1080E-05  0.1080E-05   0.000    
  11232000.0   10.88018090   11.0313   0.000       0.000      0.1511E-02  0.1018E-05 -0.1918      0.1902       0.000       0.000       0.000       0.000        0.000       0.000       0.000       0.000       0.000       0.000                            0.1018E-05  0.1018E-05   0.000    
  11318400.0   10.86322300   11.0128   0.000       0.000      0.1496E-02  0.9814E-06 -0.1900      0.1886       0.000       0.000       0.000       0.000        0.000       0.000       0.000       0.000       0.000       0.000                            0.9814E-06  0.9814E-06   0.000    
  11404800.0   10.86757364   11.0178   0.000       0.000      0.1502E-02 -0.2518E-06 -0.1900      0.1885       0.000       0.000       0.000       0.000        0.000       0.000       0.000       0.000       0.000       0.000                           -0.2518E-06 -0.2518E-06   0.000    
  11491200.0   10.85241681   11.0010   0.000       0.000      0.1486E-02  0.8771E-06 -0.1886      0.1871       0.000       0.000       0.000       0.000        0.000       0.000       0.000       0.000       0.000       0.000                            0.8771E-06  0.8771E-06   0.000    
  11577600.0   10.87566381   11.0269   0.000       0.000      0.1512E-02 -0.1345E-05 -0.1901      0.1886       0.000       0.000       0.000       0.000        0.000       0.000       0.000       0.000       0.000       0.000                           -0.1345E-05 -0.1345E-05   0.000    
  11664000.0   10.93907582   11.0967   0.000       0.000      0.1576E-02 -0.3670E-05 -0.1951      0.1935       0.000       0.000       0.000       0.000        0.000       0.000       0.000       0.000       0.000       0.000                           -0.3670E-05 -0.3670E-05   0.000    
  11750400.0   11.09126284   11.2630   0.000       0.000      0.1717E-02 -0.8807E-05 -0.2064      0.2047       0.000       0.000       0.000       0.000        0.000       0.000       0.000       0.000       0.000       0.000                           -0.8807E-05 -0.8807E-05   0.000    
  11836800.0   11.05811567   11.2259   0.000       0.000      0.1678E-02  0.1918E-05 -0.2066      0.2049       0.000       0.000       0.000       0.000        0.000       0.000       0.000       0.000       0.000       0.000                            0.1918E-05  0.1918E-05   0.000    
  11923200.0   11.03032303   11.1955   0.000       0.000      0.1652E-02  0.1608E-05 -0.2054      0.2037       0.000       0.000       0.000       0.000        0.000       0.000       0.000       0.000       0.000       0.000                            0.1608E-05  0.1608E-05   0.000    
  12009600.0   11.00567502   11.1686   0.000       0.000      0.1629E-02  0.1426E-05 -0.2037      0.2021       0.000       0.000       0.000       0.000        0.000       0.000       0.000       0.000       0.000       0.000                            0.1426E-05  0.1426E-05   0.000    
  12096000.0   10.99974547   11.1623   0.000       0.000      0.1625E-02  0.3431E-06 -0.2032      0.2015       0.000       0.000       0.000       0.000        0.000       0.000       0.000       0.000       0.000       0.000                            0.3431E-06  0.3431E-06   0.000    
  12182400.0   10.99169137   11.1535   0.000       0.000      0.1618E-02  0.4661E-06 -0.2025      0.2009       0.000       0.000       0.000       0.000        0.000       0.000       0.000       0.000       0.000       0.000                            0.4661E-06  0.4661E-06   0.000    
  12268800.0   10.97846794   11.1391   0.000       0.000      0.1606E-02  0.7652E-06 -0.2014      0.1998       0.000       0.000       0.000       0.000        0.000       0.000       0.000       0.000       0.000       0.000                            0.7652E-06  0.7652E-06   0.000    
  12355200.0   10.96204820   11.1212   0.000       0.000      0.1591E-02  0.9502E-06 -0.2001      0.1985       0.000       0.000       0.000       0.000        0.000       0.000       0.000       0.000       0.000       0.000                            0.9502E-06  0.9502E-06   0.000    
  12441600.0   10.95060064   11.1087   0.000       0.000      0.1581E-02  0.6625E-06 -0.1990      0.1974       0.000       0.000       0.000       0.000        0.000       0.000       0.000       0.000       0.000       0.000                            0.6625E-06  0.6625E-06   0.000    
  12528000.0   10.99106124   11.1534   0.000       0.000      0.1623E-02 -0.2341E-05 -0.2016      0.2000       0.000       0.000       0.000       0.000        0.000       0.000       0.000       0.000       0.000       0.000                           -0.2341E-05 -0.2341E-05   0.000    
  12614400.0   11.03671859   11.2032   0.000       0.000      0.1664E-02 -0.2642E-05 -0.2052      0.2035       0.000       0.000       0.000       0.000        0.000       0.000       0.000       0.000       0.000       0.000                           -0.2642E-05 -0.2642E-05   0.000    
  12700800.0   11.02798154   11.1934   0.000       0.000      0.1654E-02  0.5056E-06 -0.2054      0.2037       0.000       0.000       0.000       0.000        0.000       0.000       0.000       0.000       0.000       0.000                            0.5056E-06  0.5056E-06   0.000    
  12787200.0   11.01369317   11.1777   0.000       0.000      0.1640E-02  0.8269E-06 -0.2046      0.2030       0.000       0.000       0.000       0.000        0.000       0.000       0.000       0.000       0.000       0.000                            0.8269E-06  0.8269E-06   0.000    
  12873600.0   10.99518828   11.1575   0.000       0.000      0.1624E-02  0.1071E-05 -0.2033      0.2017       0.000       0.000       0.000       0.000        0.000       0.000       0.000       0.000       0.000       0.000                            0.1071E-05  0.1071E-05   0.000    
  12960000.0   10.99965771   11.1626   0.000       0.000      0.1629E-02 -0.2586E-06 -0.2035      0.2018       0.000       0.000       0.000       0.000        0.000       0.000       0.000       0.000       0.000       0.000                           -0.2586E-06 -0.2586E-06   0.000    
  13046400.0   10.99139981   11.1535   0.000       0.000      0.1621E-02  0.4779E-06 -0.2029      0.2012       0.000       0.000       0.000       0.000        0.000       0.000       0.000       0.000       0.000       0.000                            0.4779E-06  0.4779E-06   0.000    
  13132800.0   10.97936786   11.1404   0.000       0.000      0.1610E-02  0.6963E-06 -0.2019      0.2003       0.000       0.000       0.000       0.000        0.000       0.000       0.000       0.000       0.000       0.000                            0.6963E-06  0.6963E-06   0.000    
  13219200.0   10.97105929   11.1313   0.000       0.000      0.1603E-02  0.4808E-06 -0.2011      0.1995       0.000       0.000       0.000       0.000        0.000       0.000       0.000       0.000       0.000       0.000                            0.4808E-06  0.4808E-06   0.000    
  13305600.0   10.95872200   11.1179   0.000       0.000      0.1592E-02  0.7140E-06 -0.2001      0.1985       0.000       0.000       0.000       0.000        0.000       0.000       0.000       0.000       0.000       0.000                            0.7140E-06  0.7140E-06   0.000    
  13392000.0   10.97792178   11.1391   0.000       0.000      0.1612E-02 -0.1111E-05 -0.2012      0.1996       0.000       0.000       0.000       0.000        0.000       0.000       0.000       0.000       0.000       0.000                           -0.1111E-05 -0.1111E-05   0.000    
  13478400.0   10.99178208   11.1543   0.000       0.000      0.1625E-02 -0.8021E-06 -0.2024      0.2007       0.000       0.000       0.000       0.000        0.000       0.000       0.000       0.000       0.000       0.000                           -0.8021E-06 -0.8021E-06   0.000    
  13564800.0   10.98741694   11.1494   0.000       0.000      0.1620E-02  0.2526E-06 -0.2023      0.2007       0.000       0.000       0.000       0.000        0.000       0.000       0.000       0.000       0.000       0.000                            0.2526E-06  0.2526E-06   0.000    
  13651200.0   10.97892816   11.1401   0.000       0.000      0.1611E-02  0.4912E-06 -0.2017      0.2001       0.000       0.000       0.000       0.000        0.000       0.000       0.000       0.000       0.000       0.000                            0.4912E-06  0.4912E-06   0.000    
  13737600.0   10.96696858   11.1270   0.000       0.000      0.1601E-02  0.6921E-06 -0.2008      0.1992       0.000       0.000       0.000       0.000        0.000       0.000       0.000       0.000       0.000       0.000                            0.6921E-06  0.6921E-06   0.000    
  13824000.0   11.00654453   11.1705   0.000       0.000      0.1640E-02 -0.2290E-05 -0.2034      0.2018       0.000       0.000       0.000       0.000        0.000       0.000       0.000       0.000       0.000       0.000                           -0.2290E-05 -0.2290E-05   0.000    
  13910400.0   11.06232876   11.2315   0.000       0.000      0.1691E-02 -0.3228E-05 -0.2077      0.2060       0.000       0.000       0.000       0.000        0.000       0.000       0.000       0.000       0.000       0.000                           -0.3228E-05 -0.3228E-05   0.000    
  13996800.0   11.05946076   11.2280   0.000       0.000      0.1685E-02  0.1660E-06 -0.2084      0.2067       0.000       0.000       0.000       0.000        0.000       0.000       0.000       0.000       0.000       0.000                            0.1660E-06  0.1660E-06   0.000    
  14083200.0   11.04587676   11.2130   0.000       0.000      0.1671E-02  0.7861E-06 -0.2078      0.2062       0.000       0.000       0.000       0.000        0.000       0.000       0.000       0.000       0.000       0.000                            0.7861E-06  0.7861E-06   0.000    
  14169600.0   11.05863938   11.2271   0.000       0.000      0.1685E-02 -0.7386E-06 -0.2088      0.2071       0.000       0.000       0.000       0.000        0.000       0.000       0.000       0.000       0.000       0.000                           -0.7386E-06 -0.7386E-06   0.000    
  14256000.0   11.06902793   11.2384   0.000       0.000      0.1694E-02 -0.6012E-06 -0.2097      0.2081       0.000       0.000       0.000       0.000        0.000       0.000       0.000       0.000       0.000       0.000                           -0.6012E-06 -0.6012E-06   0.000    
  14342400.0   11.12300167   11.2972   0.000       0.000      0.1742E-02 -0.3123E-05 -0.2135      0.2117       0.000       0.000       0.000       0.000        0.000       0.000       0.000       0.000       0.000       0.000                           -0.3123E-05 -0.3123E-05   0.000    
  14428800.0   11.26206840   11.4482   0.000       0.000      0.1861E-02 -0.8048E-05 -0.2228      0.2209       0.000       0.000       0.000       0.000        0.000       0.000       0.000       0.000       0.000       0.000                           -0.8048E-05 -0.8048E-05   0.000    
  14515200.0   11.25451433   11.4394   0.000       0.000      0.1849E-02  0.4372E-06 -0.2245      0.2226       0.000       0.000       0.000       0.000        0.000       0.000       0.000       0.000       0.000       0.000                            0.4372E-06  0.4372E-06   0.000    
  14601600.0   11.27416209   11.4607   0.000       0.000      0.1865E-02 -0.1137E-05 -0.2266      0.2247       0.000       0.000       0.000       0.000        0.000       0.000       0.000       0.000       0.000       0.000                           -0.1137E-05 -0.1137E-05   0.000    
  14688000.0   11.31946429   11.5097   0.000       0.000      0.1902E-02 -0.2622E-05 -0.2300      0.2281       0.000       0.000       0.000       0.000        0.000       0.000       0.000       0.000       0.000       0.000                           -0.2622E-05 -0.2622E-05   0.000    
  14774400.0   11.33440977   11.5257   0.000       0.000      0.1913E-02 -0.8649E-06 -0.2319      0.2300       0.000       0.000       0.000       0.000        0.000       0.000       0.000       0.000       0.000       0.000                           -0.8649E-06 -0.8649E-06   0.000    
  14860800.0   11.32399169   11.5143   0.000       0.000      0.1903E-02  0.6029E-06 -0.2321      0.2302       0.000       0.000       0.000       0.000        0.000       0.000       0.000       0.000       0.000       0.000                            0.6029E-06  0.6029E-06   0.000    
  14947200.0   11.31109518   11.5004   0.000       0.000      0.1893E-02  0.7463E-06 -0.2317      0.2298       0.000       0.000       0.000       0.000        0.000       0.000       0.000       0.000       0.000       0.000                            0.7463E-06  0.7463E-06   0.000    
  15033600.0   11.29102261   11.4789   0.000       0.000      0.1879E-02  0.1162E-05 -0.2308      0.2290       0.000       0.000       0.000       0.000        0.000       0.000       0.000       0.000       0.000       0.000                            0.1162E-05  0.1162E-05   0.000    
  15120000.0   11.26838625   11.4544   0.000       0.000      0.1861E-02  0.1310E-05 -0.2294      0.2276       0.000       0.000       0.000       0.000        0.000       0.000       0.000       0.000       0.000       0.000                            0.1310E-05  0.1310E-05   0.000    
  15206400.0   11.24245826   11.4266   0.000       0.000      0.1841E-02  0.1500E-05 -0.2278      0.2259       0.000       0.000       0.000       0.000        0.000       0.000       0.000       0.000       0.000       0.000                            0.1500E-05  0.1500E-05   0.000    
  15292800.0   11.21541802   11.3974   0.000       0.000      0.1819E-02  0.1565E-05 -0.2258      0.2240       0.000       0.000       0.000       0.000        0.000       0.000       0.000       0.000       0.000       0.000                            0.1565E-05  0.1565E-05   0.000    
  15379200.0   11.25185969   11.4372   0.000       0.000      0.1854E-02 -0.2109E-05 -0.2275      0.2257       0.000       0.000       0.000       0.000        0.000       0.000       0.000       0.000       0.000       0.000                           -0.2109E-05 -0.2109E-05   0.000    
  15465600.0   11.26832902   11.4551   0.000       0.000      0.1868E-02 -0.9531E-06 -0.2288      0.2269       0.000       0.000       0.000       0.000        0.000       0.000       0.000       0.000       0.000       0.000                           -0.9531E-06 -0.9531E-06   0.000    
  15552000.0   11.25456182   11.4402   0.000       0.000      0.1856E-02  0.7967E-06 -0.2283      0.2265       0.000       0.000       0.000       0.000        0.000       0.000       0.000       0.000       0.000       0.000                            0.7967E-06  0.7967E-06   0.000    
  15638400.0   11.23044849   11.4141   0.000       0.000      0.1836E-02  0.1395E-05 -0.2270      0.2251       0.000       0.000       0.000       0.000        0.000       0.000       0.000       0.000       0.000       0.000                            0.1395E-05  0.1395E-05   0.000    
  15724800.0   11.20548307   11.3871   0.000       0.000      0.1817E-02  0.1445E-05 -0.2253      0.2234       0.000       0.000       0.000       0.000        0.000       0.000       0.000       0.000       0.000       0.000                            0.1445E-05  0.1445E-05   0.000    
  15811200.0   11.18099095   11.3607   0.000       0.000      0.1797E-02  0.1417E-05 -0.2234      0.2216       0.000       0.000       0.000       0.000        0.000       0.000       0.000       0.000       0.000       0.000                            0.1417E-05  0.1417E-05   0.000    
  15897600.0   11.15764801   11.3355   0.000       0.000      0.1778E-02  0.1351E-05 -0.2215      0.2197       0.000       0.000       0.000       0.000        0.000       0.000       0.000       0.000       0.000       0.000                            0.1351E-05  0.1351E-05   0.000    
  15984000.0   11.14134813   11.3179   0.000       0.000      0.1766E-02  0.9433E-06 -0.2200      0.2182       0.000       0.000       0.000       0.000        0.000       0.000       0.000       0.000       0.000       0.000                            0.9433E-06  0.9433E-06   0.000    
  16070400.0   11.12030397   11.2951   0.000       0.000      0.1748E-02  0.1218E-05 -0.2182      0.2164       0.000       0.000       0.000       0.000        0.000       0.000       0.000       0.000       0.000       0.000                            0.1218E-05  0.1218E-05   0.000    
  16156800.0   11.09968937   11.2728   0.000       0.000      0.1731E-02  0.1193E-05 -0.2164      0.2147       0.000       0.000       0.000       0.000        0.000       0.000       0.000       0.000       0.000       0.000                            0.1193E-05  0.1193E-05   0.000    
  16243200.0   11.07967456   11.2510   0.000       0.000      0.1714E-02  0.1158E-05 -0.2146      0.2129       0.000       0.000       0.000       0.000        0.000       0.000       0.000       0.000       0.000       0.000                            0.1158E-05  0.1158E-05   0.000    
  16329600.0   11.06019081   11.2300   0.000       0.000      0.1698E-02  0.1128E-05 -0.2128      0.2111       0.000       0.000       0.000       0.000        0.000       0.000       0.000       0.000       0.000       0.000                            0.1128E-05  0.1128E-05   0.000    
  16416000.0   11.04154249   11.2096   0.000       0.000      0.1681E-02  0.1079E-05 -0.2110      0.2093       0.000       0.000       0.000       0.000        0.000       0.000       0.000       0.000       0.000       0.000                            0.1079E-05  0.1079E-05   0.000    
  16502400.0   11.02344624   11.1900   0.000       0.000      0.1665E-02  0.1047E-05 -0.2093      0.2076       0.000       0.000       0.000       0.000        0.000       0.000       0.000       0.000       0.000       0.000                            0.1047E-05  0.1047E-05   0.000    
  16588800.0   11.00612163   11.1711   0.000       0.000      0.1650E-02  0.1003E-05 -0.2076      0.2059       0.000       0.000       0.000       0.000        0.000       0.000       0.000       0.000       0.000       0.000                            0.1003E-05  0.1003E-05   0.000    
  16675200.0   10.98946208   11.1529   0.000       0.000      0.1635E-02  0.9641E-06 -0.2059      0.2042       0.000       0.000       0.000       0.000        0.000       0.000       0.000       0.000       0.000       0.000                            0.9641E-06  0.9641E-06   0.000    
  16761600.0   10.97661740   11.1390   0.000       0.000      0.1623E-02  0.7433E-06 -0.2045      0.2029       0.000       0.000       0.000       0.000        0.000       0.000       0.000       0.000       0.000       0.000                            0.7433E-06  0.7433E-06   0.000    
  16848000.0   10.96696943   11.1284   0.000       0.000      0.1614E-02  0.5583E-06 -0.2033      0.2017       0.000       0.000       0.000       0.000        0.000       0.000       0.000       0.000       0.000       0.000                            0.5583E-06  0.5583E-06   0.000    
  16934400.0   10.96899822   11.1307   0.000       0.000      0.1617E-02 -0.1174E-06 -0.2031      0.2015       0.000       0.000       0.000       0.000        0.000       0.000       0.000       0.000       0.000       0.000                           -0.1174E-06 -0.1174E-06   0.000    
  17020800.0   10.96470656   11.1260   0.000       0.000      0.1612E-02  0.2484E-06 -0.2026      0.2010       0.000       0.000       0.000       0.000        0.000       0.000       0.000       0.000       0.000       0.000                            0.2484E-06  0.2484E-06   0.000    
  17107200.0   10.95000176   11.1097   0.000       0.000      0.1597E-02  0.8510E-06 -0.2013      0.1997       0.000       0.000       0.000       0.000        0.000       0.000       0.000       0.000       0.000       0.000                            0.8510E-06  0.8510E-06   0.000    
  17193600.0   10.93606179   11.0945   0.000       0.000      0.1584E-02  0.8067E-06 -0.1999      0.1984       0.000       0.000       0.000       0.000        0.000       0.000       0.000       0.000       0.000       0.000                            0.8067E-06  0.8067E-06   0.000    
  17280000.0   10.92210470   11.0791   0.000       0.000      0.1570E-02  0.8077E-06 -0.1985      0.1969       0.000       0.000       0.000       0.000        0.000       0.000       0.000       0.000       0.000       0.000                            0.8077E-06  0.8077E-06   0.000    
  17366400.0   10.90804295   11.0637   0.000       0.000      0.1556E-02  0.8138E-06 -0.1971      0.1955       0.000       0.000       0.000       0.000        0.000       0.000       0.000       0.000       0.000       0.000                            0.8138E-06  0.8138E-06   0.000    
  17452800.0   10.89462529   11.0489   0.000       0.000      0.1542E-02  0.7765E-06 -0.1956      0.1940       0.000       0.000       0.000       0.000        0.000       0.000       0.000       0.000       0.000       0.000                            0.7765E-06  0.7765E-06   0.000    
  17539200.0   10.88145029   11.0344   0.000       0.000      0.1530E-02  0.7624E-06 -0.1942      0.1927       0.000       0.000       0.000       0.000        0.000       0.000       0.000       0.000       0.000       0.000                            0.7624E-06  0.7624E-06   0.000    
  17625600.0   10.86891666   11.0206   0.000       0.000      0.1516E-02  0.7253E-06 -0.1928      0.1912       0.000       0.000       0.000       0.000        0.000       0.000       0.000       0.000       0.000       0.000                            0.7253E-06  0.7253E-06   0.000    
  17712000.0   10.86153426   11.0124   0.000       0.000      0.1509E-02  0.4272E-06 -0.1918      0.1903       0.000       0.000       0.000       0.000        0.000       0.000       0.000       0.000       0.000       0.000                            0.4272E-06  0.4272E-06   0.000    
  17798400.0   10.84998564   10.9997   0.000       0.000      0.1497E-02  0.6683E-06 -0.1905      0.1890       0.000       0.000       0.000       0.000        0.000       0.000       0.000       0.000       0.000       0.000                            0.6683E-06  0.6683E-06   0.000    
  17884800.0   10.83837558   10.9868   0.000       0.000      0.1484E-02  0.6719E-06 -0.1892      0.1877       0.000       0.000       0.000       0.000        0.000       0.000       0.000       0.000       0.000       0.000                            0.6719E-06  0.6719E-06   0.000    
  17971200.0   10.82700273   10.9743   0.000       0.000      0.1473E-02  0.6582E-06 -0.1879      0.1865       0.000       0.000       0.000       0.000        0.000       0.000       0.000       0.000       0.000       0.000                            0.6582E-06  0.6582E-06   0.000    
  18057600.0   10.81620367   10.9622   0.000       0.000      0.1460E-02  0.6249E-06 -0.1866      0.1852       0.000       0.000       0.000       0.000        0.000       0.000       0.000       0.000       0.000       0.000                            0.6249E-06  0.6249E-06   0.000    
  18144000.0   10.80558368   10.9505   0.000       0.000      0.1449E-02  0.6146E-06 -0.1854      0.1840       0.000       0.000       0.000       0.000        0.000       0.000       0.000       0.000       0.000       0.000                            0.6146E-06  0.6146E-06   0.000    
  18230400.0   10.79542546   10.9392   0.000       0.000      0.1438E-02  0.5879E-06 -0.1842      0.1827       0.000       0.000       0.000       0.000        0.000       0.000       0.000       0.000       0.000       0.000                            0.5879E-06  0.5879E-06   0.000    
  18316800.0   10.78546682   10.9282   0.000       0.000      0.1427E-02  0.5763E-06 -0.1830      0.1815       0.000       0.000       0.000       0.000        0.000       0.000       0.000       0.000       0.000       0.000                            0.5763E-06  0.5763E-06   0.000    
  18403200.0   10.77586969   10.9175   0.000       0.000      0.1416E-02  0.5554E-06 -0.1818      0.1804       0.000       0.000       0.000       0.000        0.000       0.000       0.000       0.000       0.000       0.000                            0.5554E-06  0.5554E-06   0.000    
  18489600.0   10.76651517   10.9071   0.000       0.000      0.1405E-02  0.5413E-06 -0.1806      0.1792       0.000       0.000       0.000       0.000        0.000       0.000       0.000       0.000       0.000       0.000                            0.5413E-06  0.5413E-06   0.000    
  18576000.0   10.75740560   10.8969   0.000       0.000      0.1395E-02  0.5272E-06 -0.1795      0.1781       0.000       0.000       0.000       0.000        0.000       0.000       0.000       0.000       0.000       0.000                            0.5272E-06  0.5272E-06   0.000    
  18662400.0   10.74865874   10.8871   0.000       0.000      0.1384E-02  0.5062E-06 -0.1783      0.1770       0.000       0.000       0.000       0.000        0.000       0.000       0.000       0.000       0.000       0.000                            0.5062E-06  0.5062E-06   0.000    
  18748800.0   10.73994189   10.8774   0.000       0.000      0.1375E-02  0.5044E-06 -0.1773      0.1759       0.000       0.000       0.000       0.000        0.000       0.000       0.000       0.000       0.000       0.000                            0.5044E-06  0.5044E-06   0.000    
  18835200.0   10.74105500   10.8786   0.000       0.000      0.1376E-02 -0.6442E-07 -0.1771      0.1757       0.000       0.000       0.000       0.000        0.000       0.000       0.000       0.000       0.000       0.000                           -0.6442E-07 -0.6442E-07   0.000    
  18921600.0   10.73408062   10.8707   0.000       0.000      0.1367E-02  0.4036E-06 -0.1762      0.1748       0.000       0.000       0.000       0.000        0.000       0.000       0.000       0.000       0.000       0.000                            0.4036E-06  0.4036E-06   0.000    
  19008000.0   10.72507356   10.8606   0.000       0.000      0.1356E-02  0.5212E-06 -0.1752      0.1738       0.000       0.000       0.000       0.000        0.000       0.000       0.000       0.000       0.000       0.000                            0.5212E-06  0.5212E-06   0.000    
  19094400.0   10.71656481   10.8511   0.000       0.000      0.1345E-02  0.4924E-06 -0.1741      0.1728       0.000       0.000       0.000       0.000        0.000       0.000       0.000       0.000       0.000       0.000                            0.4924E-06  0.4924E-06   0.000    
  19180800.0   10.70833622   10.8419   0.000       0.000      0.1335E-02  0.4762E-06 -0.1731      0.1717       0.000       0.000       0.000       0.000        0.000       0.000       0.000       0.000       0.000       0.000                            0.4762E-06  0.4762E-06   0.000    
  19267200.0   10.70063497   10.8332   0.000       0.000      0.1326E-02  0.4457E-06 -0.1720      0.1707       0.000       0.000       0.000       0.000        0.000       0.000       0.000       0.000       0.000       0.000                            0.4457E-06  0.4457E-06   0.000    
  19353600.0   10.69293727   10.8246   0.000       0.000      0.1316E-02  0.4455E-06 -0.1710      0.1697       0.000       0.000       0.000       0.000        0.000       0.000       0.000       0.000       0.000       0.000                            0.4455E-06  0.4455E-06   0.000    
  19440000.0   10.68543002   10.8162   0.000       0.000      0.1307E-02  0.4344E-06 -0.1700      0.1687       0.000       0.000       0.000       0.000        0.000       0.000       0.000       0.000       0.000       0.000                            0.4344E-06  0.4344E-06   0.000    
  19526400.0   10.67824259   10.8080   0.000       0.000      0.1298E-02  0.4159E-06 -0.1690      0.1677       0.000       0.000       0.000       0.000        0.000       0.000       0.000       0.000       0.000       0.000                            0.4159E-06  0.4159E-06   0.000    
  19612800.0   10.67105428   10.8000   0.000       0.000      0.1289E-02  0.4160E-06 -0.1681      0.1668       0.000       0.000       0.000       0.000        0.000       0.000       0.000       0.000       0.000       0.000                            0.4160E-06  0.4160E-06   0.000    
  19699200.0   10.66420603   10.7922   0.000       0.000      0.1280E-02  0.3963E-06 -0.1671      0.1658       0.000       0.000       0.000       0.000        0.000       0.000       0.000       0.000       0.000       0.000                            0.3963E-06  0.3963E-06   0.000    
  19785600.0   10.65736504   10.7846   0.000       0.000      0.1272E-02  0.3959E-06 -0.1662      0.1649       0.000       0.000       0.000       0.000        0.000       0.000       0.000       0.000       0.000       0.000                            0.3959E-06  0.3959E-06   0.000    
  19872000.0   10.65082279   10.7771   0.000       0.000      0.1263E-02  0.3786E-06 -0.1653      0.1640       0.000       0.000       0.000       0.000        0.000       0.000       0.000       0.000       0.000       0.000                            0.3786E-06  0.3786E-06   0.000    
  19958400.0   10.65321125   10.7798   0.000       0.000      0.1266E-02 -0.1382E-06 -0.1653      0.1640       0.000       0.000       0.000       0.000        0.000       0.000       0.000       0.000       0.000       0.000                           -0.1382E-06 -0.1382E-06   0.000    
  20044800.0   10.65906326   10.7863   0.000       0.000      0.1272E-02 -0.3387E-06 -0.1657      0.1644       0.000       0.000       0.000       0.000        0.000       0.000       0.000       0.000       0.000       0.000                           -0.3387E-06 -0.3387E-06   0.000    
  20131200.0   10.65069203   10.7767   0.000       0.000      0.1260E-02  0.4844E-06 -0.1648      0.1635       0.000       0.000       0.000       0.000        0.000       0.000       0.000       0.000       0.000       0.000                            0.4844E-06  0.4844E-06   0.000    
  20217600.0   10.64581034   10.7712   0.000       0.000      0.1254E-02  0.2825E-06 -0.1642      0.1629       0.000       0.000       0.000       0.000        0.000       0.000       0.000       0.000       0.000       0.000                            0.2825E-06  0.2825E-06   0.000    
  20304000.0   10.64028570   10.7649   0.000       0.000      0.1246E-02  0.3197E-06 -0.1634      0.1622       0.000       0.000       0.000       0.000        0.000       0.000       0.000       0.000       0.000       0.000                            0.3197E-06  0.3197E-06   0.000    
  20390400.0   10.63309715   10.7568   0.000       0.000      0.1237E-02  0.4160E-06 -0.1625      0.1613       0.000       0.000       0.000       0.000        0.000       0.000       0.000       0.000       0.000       0.000                            0.4160E-06  0.4160E-06   0.000    
  20476800.0   10.62626657   10.7491   0.000       0.000      0.1228E-02  0.3953E-06 -0.1616      0.1603       0.000       0.000       0.000       0.000        0.000       0.000       0.000       0.000       0.000       0.000                            0.3953E-06  0.3953E-06   0.000    
  20563200.0   10.61965754   10.7416   0.000       0.000      0.1219E-02  0.3825E-06 -0.1606      0.1594       0.000       0.000       0.000       0.000        0.000       0.000       0.000       0.000       0.000       0.000                            0.3825E-06  0.3825E-06   0.000    
  20649600.0   10.61334468   10.7344   0.000       0.000      0.1211E-02  0.3653E-06 -0.1597      0.1585       0.000       0.000       0.000       0.000        0.000       0.000       0.000       0.000       0.000       0.000                            0.3653E-06  0.3653E-06   0.000    
  20736000.0   10.60715808   10.7274   0.000       0.000      0.1203E-02  0.3580E-06 -0.1589      0.1577       0.000       0.000       0.000       0.000        0.000       0.000       0.000       0.000       0.000       0.000                            0.3580E-06  0.3580E-06   0.000    
  20822400.0   10.60123840   10.7207   0.000       0.000      0.1195E-02  0.3426E-06 -0.1580      0.1568       0.000       0.000       0.000       0.000        0.000       0.000       0.000       0.000       0.000       0.000                            0.3426E-06  0.3426E-06   0.000    
  20908800.0   10.59539177   10.7141   0.000       0.000      0.1187E-02  0.3383E-06 -0.1572      0.1560       0.000       0.000       0.000       0.000        0.000       0.000       0.000       0.000       0.000       0.000                            0.3383E-06  0.3383E-06   0.000    
  20995200.0   10.58979748   10.7077   0.000       0.000      0.1179E-02  0.3237E-06 -0.1563      0.1551       0.000       0.000       0.000       0.000        0.000       0.000       0.000       0.000       0.000       0.000                            0.3237E-06  0.3237E-06   0.000    
  21081600.0   10.58423758   10.7014   0.000       0.000      0.1172E-02  0.3218E-06 -0.1555      0.1543       0.000       0.000       0.000       0.000        0.000       0.000       0.000       0.000       0.000       0.000                            0.3218E-06  0.3218E-06   0.000    
  21168000.0   10.57892130   10.6954   0.000       0.000      0.1164E-02  0.3077E-06 -0.1547      0.1535       0.000       0.000       0.000       0.000        0.000       0.000       0.000       0.000       0.000       0.000                            0.3077E-06  0.3077E-06   0.000    
  21254400.0   10.57360722   10.6893   0.000       0.000      0.1157E-02  0.3075E-06 -0.1539      0.1527       0.000       0.000       0.000       0.000        0.000       0.000       0.000       0.000       0.000       0.000                            0.3075E-06  0.3075E-06   0.000    
  21340800.0   10.56847486   10.6835   0.000       0.000      0.1150E-02  0.2970E-06 -0.1531      0.1520       0.000       0.000       0.000       0.000        0.000       0.000       0.000       0.000       0.000       0.000                            0.2970E-06  0.2970E-06   0.000    
  21427200.0   10.56347131   10.6778   0.000       0.000      0.1143E-02  0.2896E-06 -0.1523      0.1512       0.000       0.000       0.000       0.000        0.000       0.000       0.000       0.000       0.000       0.000                            0.2896E-06  0.2896E-06   0.000    
  21513600.0   10.55975326   10.6735   0.000       0.000      0.1138E-02  0.2152E-06 -0.1517      0.1506       0.000       0.000       0.000       0.000        0.000       0.000       0.000       0.000       0.000       0.000                            0.2152E-06  0.2152E-06   0.000    
  21600000.0   10.56867912   10.6836   0.000       0.000      0.1150E-02 -0.5165E-06 -0.1525      0.1514       0.000       0.000       0.000       0.000        0.000       0.000       0.000       0.000       0.000       0.000                           -0.5165E-06 -0.5165E-06   0.000    
  21686400.0   10.56214988   10.6760   0.000       0.000      0.1139E-02  0.3779E-06 -0.1518      0.1506       0.000       0.000       0.000       0.000        0.000       0.000       0.000       0.000       0.000       0.000                            0.3779E-06  0.3779E-06   0.000    
  21772800.0   10.55612534   10.6692   0.000       0.000      0.1131E-02  0.3486E-06 -0.1510      0.1498       0.000       0.000       0.000       0.000        0.000       0.000       0.000       0.000       0.000       0.000                            0.3486E-06  0.3486E-06   0.000    
  21859200.0   10.55053862   10.6628   0.000       0.000      0.1123E-02  0.3233E-06 -0.1502      0.1490       0.000       0.000       0.000       0.000        0.000       0.000       0.000       0.000       0.000       0.000                            0.3233E-06  0.3233E-06   0.000    
  21945600.0   10.54533015   10.6568   0.000       0.000      0.1115E-02  0.3014E-06 -0.1493      0.1482       0.000       0.000       0.000       0.000        0.000       0.000       0.000       0.000       0.000       0.000                            0.3014E-06  0.3014E-06   0.000    
  22032000.0   10.54023019   10.6510   0.000       0.000      0.1108E-02  0.2951E-06 -0.1486      0.1475       0.000       0.000       0.000       0.000        0.000       0.000       0.000       0.000       0.000       0.000                            0.2951E-06  0.2951E-06   0.000    
  22118400.0   10.53533534   10.6455   0.000       0.000      0.1101E-02  0.2833E-06 -0.1478      0.1467       0.000       0.000       0.000       0.000        0.000       0.000       0.000       0.000       0.000       0.000                            0.2833E-06  0.2833E-06   0.000    
  22204800.0   10.53065120   10.6401   0.000       0.000      0.1094E-02  0.2711E-06 -0.1471      0.1460       0.000       0.000       0.000       0.000        0.000       0.000       0.000       0.000       0.000       0.000                            0.2711E-06  0.2711E-06   0.000    
  22291200.0   10.52601184   10.6348   0.000       0.000      0.1088E-02  0.2685E-06 -0.1463      0.1453       0.000       0.000       0.000       0.000        0.000       0.000       0.000       0.000       0.000       0.000                            0.2685E-06  0.2685E-06   0.000    
  22377600.0   10.52152554   10.6297   0.000       0.000      0.1081E-02  0.2596E-06 -0.1456      0.1445       0.000       0.000       0.000       0.000        0.000       0.000       0.000       0.000       0.000       0.000                            0.2596E-06  0.2596E-06   0.000    
  22464000.0   10.53233557   10.6420   0.000       0.000      0.1096E-02 -0.6256E-06 -0.1467      0.1456       0.000       0.000       0.000       0.000        0.000       0.000       0.000       0.000       0.000       0.000                           -0.6256E-06 -0.6256E-06   0.000    
  22550400.0   10.52799700   10.6368   0.000       0.000      0.1088E-02  0.2511E-06 -0.1462      0.1451       0.000       0.000       0.000       0.000        0.000       0.000       0.000       0.000       0.000       0.000                            0.2511E-06  0.2511E-06   0.000    
  22636800.0   10.52621991   10.6348   0.000       0.000      0.1086E-02  0.1028E-06 -0.1459      0.1448       0.000       0.000       0.000       0.000        0.000       0.000       0.000       0.000       0.000       0.000                            0.1028E-06  0.1028E-06   0.000    
  22723200.0   10.56528545   10.6792   0.000       0.000      0.1139E-02 -0.2261E-05 -0.1503      0.1491       0.000       0.000       0.000       0.000        0.000       0.000       0.000       0.000       0.000       0.000                           -0.2261E-05 -0.2261E-05   0.000    
  22809600.0   10.56371934   10.6769   0.000       0.000      0.1132E-02  0.9063E-07 -0.1505      0.1494       0.000       0.000       0.000       0.000        0.000       0.000       0.000       0.000       0.000       0.000                            0.9063E-07  0.9063E-07   0.000    
  22896000.0   10.56071629   10.6734   0.000       0.000      0.1127E-02  0.1738E-06 -0.1503      0.1492       0.000       0.000       0.000       0.000        0.000       0.000       0.000       0.000       0.000       0.000                            0.1738E-06  0.1738E-06   0.000    
  22982400.0   10.55693545   10.6691   0.000       0.000      0.1121E-02  0.2188E-06 -0.1499      0.1488       0.000       0.000       0.000       0.000        0.000       0.000       0.000       0.000       0.000       0.000                            0.2188E-06  0.2188E-06   0.000    
  23068800.0   10.55289990   10.6644   0.000       0.000      0.1115E-02  0.2335E-06 -0.1494      0.1483       0.000       0.000       0.000       0.000        0.000       0.000       0.000       0.000       0.000       0.000                            0.2335E-06  0.2335E-06   0.000    
  23155200.0   10.54782838   10.6587   0.000       0.000      0.1108E-02  0.2935E-06 -0.1488      0.1476       0.000       0.000       0.000       0.000        0.000       0.000       0.000       0.000       0.000       0.000                            0.2935E-06  0.2935E-06   0.000    
  23241600.0   10.54245800   10.6526   0.000       0.000      0.1101E-02  0.3108E-06 -0.1480      0.1469       0.000       0.000       0.000       0.000        0.000       0.000       0.000       0.000       0.000       0.000                            0.3108E-06  0.3108E-06   0.000    
  23328000.0   10.53685132   10.6462   0.000       0.000      0.1093E-02  0.3245E-06 -0.1472      0.1461       0.000       0.000       0.000       0.000        0.000       0.000       0.000       0.000       0.000       0.000                            0.3245E-06  0.3245E-06   0.000    
  23414400.0   10.53115473   10.6397   0.000       0.000      0.1086E-02  0.3297E-06 -0.1464      0.1453       0.000       0.000       0.000       0.000        0.000       0.000       0.000       0.000       0.000       0.000                            0.3297E-06  0.3297E-06   0.000    
  23500800.0   10.52573903   10.6336   0.000       0.000      0.1078E-02  0.3134E-06 -0.1456      0.1445       0.000       0.000       0.000       0.000        0.000       0.000       0.000       0.000       0.000       0.000                            0.3134E-06  0.3134E-06   0.000    
  23587200.0   10.52050830   10.6276   0.000       0.000      0.1071E-02  0.3027E-06 -0.1448      0.1437       0.000       0.000       0.000       0.000        0.000       0.000       0.000       0.000       0.000       0.000                            0.3027E-06  0.3027E-06   0.000    
  23673600.0   10.51539831   10.6218   0.000       0.000      0.1064E-02  0.2957E-06 -0.1440      0.1429       0.000       0.000       0.000       0.000        0.000       0.000       0.000       0.000       0.000       0.000                            0.2957E-06  0.2957E-06   0.000    
  23760000.0   10.51023671   10.6159   0.000       0.000      0.1057E-02  0.2987E-06 -0.1432      0.1421       0.000       0.000       0.000       0.000        0.000       0.000       0.000       0.000       0.000       0.000                            0.2987E-06  0.2987E-06   0.000    
  23846400.0   10.50518459   10.6102   0.000       0.000      0.1050E-02  0.2924E-06 -0.1424      0.1414       0.000       0.000       0.000       0.000        0.000       0.000       0.000       0.000       0.000       0.000                            0.2924E-06  0.2924E-06   0.000    
  23932800.0   10.50034337   10.6047   0.000       0.000      0.1044E-02  0.2802E-06 -0.1417      0.1406       0.000       0.000       0.000       0.000        0.000       0.000       0.000       0.000       0.000       0.000                            0.2802E-06  0.2802E-06   0.000    
  24019200.0   10.49586791   10.5995   0.000       0.000      0.1037E-02  0.2590E-06 -0.1409      0.1399       0.000       0.000       0.000       0.000      -0.2047E-06   0.000       0.000       0.000       0.000       0.000                            0.2590E-06  0.2590E-06   0.000    
  24105600.0   10.49163075   10.5946   0.000       0.000      0.1030E-02  0.2452E-06 -0.1402      0.1391       0.000       0.000       0.000       0.000      -0.3846E-06   0.000       0.000       0.000       0.000       0.000                            0.2452E-06  0.2452E-06   0.000    
  24192000.0   10.48756918   10.5898   0.000       0.000      0.1023E-02  0.2350E-06 -0.1394      0.1384       0.000       0.000       0.000       0.000      -0.4761E-06   0.000       0.000       0.000       0.000       0.000                            0.2350E-06  0.2350E-06   0.000    
  24278400.0   10.48367041   10.5853   0.000       0.000      0.1016E-02  0.2256E-06 -0.1387      0.1377       0.000       0.000       0.000       0.000      -0.5368E-06   0.000       0.000       0.000       0.000       0.000                            0.2256E-06  0.2256E-06   0.000    
  24364800.0   10.47990590   10.5808   0.000       0.000      0.1009E-02  0.2179E-06 -0.1380      0.1370       0.000       0.000       0.000       0.000      -0.5823E-06   0.000       0.000       0.000       0.000       0.000                            0.2179E-06  0.2179E-06   0.000    
  24451200.0   10.47627563   10.5766   0.000       0.000      0.1003E-02  0.2101E-06 -0.1373      0.1363       0.000       0.000       0.000       0.000      -0.6149E-06   0.000       0.000       0.000       0.000       0.000                            0.2101E-06  0.2101E-06   0.000    
  24537600.0   10.47276500   10.5724   0.000       0.000      0.9966E-03  0.2032E-06 -0.1366      0.1356       0.000       0.000       0.000       0.000      -0.6401E-06   0.000       0.000       0.000       0.000       0.000                            0.2032E-06  0.2032E-06   0.000    
  24624000.0   10.46936065   10.5684   0.000       0.000      0.9905E-03  0.1970E-06 -0.1360      0.1350       0.000       0.000       0.000       0.000      -0.6604E-06   0.000       0.000       0.000       0.000       0.000                            0.1970E-06  0.1970E-06   0.000    
  24710400.0   10.46603182   10.5645   0.000       0.000      0.9846E-03  0.1926E-06 -0.1353      0.1343       0.000       0.000       0.000       0.000      -0.6811E-06   0.000       0.000       0.000       0.000       0.000                            0.1926E-06  0.1926E-06   0.000    
  24796800.0   10.46283300   10.5607   0.000       0.000      0.9786E-03  0.1851E-06 -0.1346      0.1337       0.000       0.000       0.000       0.000      -0.6856E-06   0.000       0.000       0.000       0.000       0.000                            0.1851E-06  0.1851E-06   0.000    
  24883200.0   10.45988384   10.5572   0.000       0.000      0.9732E-03  0.1707E-06 -0.1340      0.1331       0.000       0.000       0.000       0.000      -0.6578E-06   0.000       0.000       0.000       0.000       0.000                            0.1707E-06  0.1707E-06   0.000    
  24969600.0   10.46026751   10.5578   0.000       0.000      0.9754E-03 -0.2220E-07 -0.1340      0.1330       0.000       0.000       0.000       0.000       0.8694E-07   0.000       0.000       0.000       0.000       0.000                           -0.2220E-07 -0.2220E-07   0.000    
  25056000.0   10.45694733   10.5537   0.000       0.000      0.9677E-03  0.1921E-06 -0.1333      0.1324       0.000       0.000       0.000       0.000      -0.7654E-06   0.000       0.000       0.000       0.000       0.000                            0.1921E-06  0.1921E-06   0.000    
  25142400.0   10.45375685   10.5499   0.000       0.000      0.9614E-03  0.1846E-06 -0.1327      0.1317       0.000       0.000       0.000       0.000      -0.7626E-06   0.000       0.000       0.000       0.000       0.000                            0.1846E-06  0.1846E-06   0.000    
  25228800.0   10.45722617   10.5543   0.000       0.000      0.9709E-03 -0.2008E-06 -0.1331      0.1321       0.000       0.000       0.000       0.000       0.8280E-06   0.000       0.000       0.000       0.000       0.000                           -0.2008E-06 -0.2008E-06   0.000    
  25315200.0   10.45419385   10.5504   0.000       0.000      0.9624E-03  0.1755E-06 -0.1326      0.1316       0.000       0.000       0.000       0.000      -0.7220E-06   0.000       0.000       0.000       0.000       0.000                            0.1755E-06  0.1755E-06   0.000    
  25401600.0   10.45469632   10.5511   0.000       0.000      0.9644E-03 -0.2908E-07 -0.1326      0.1316       0.000       0.000       0.000       0.000       0.1213E-06   0.000       0.000       0.000       0.000       0.000                           -0.2908E-07 -0.2908E-07   0.000    
  25488000.0   10.45485887   10.5513   0.000       0.000      0.9644E-03 -0.9407E-08 -0.1325      0.1316       0.000       0.000       0.000       0.000       0.3909E-07   0.000       0.000       0.000       0.000       0.000                           -0.9407E-08 -0.9407E-08   0.000    
  25574400.0   10.45712027   10.5541   0.000       0.000      0.9693E-03 -0.1309E-06 -0.1328      0.1318       0.000       0.000       0.000       0.000       0.5369E-06   0.000       0.000       0.000       0.000       0.000                           -0.1309E-06 -0.1309E-06   0.000    
  25660800.0   10.45444886   10.5506   0.000       0.000      0.9617E-03  0.1546E-06 -0.1324      0.1314       0.000       0.000       0.000       0.000      -0.6356E-06   0.000       0.000       0.000       0.000       0.000                            0.1546E-06  0.1546E-06   0.000    
  25747200.0   10.45946223   10.5569   0.000       0.000      0.9740E-03 -0.2901E-06 -0.1331      0.1321       0.000       0.000       0.000       0.000       0.1177E-05   0.000       0.000       0.000       0.000       0.000                           -0.2901E-06 -0.2901E-06   0.000    
  25833600.0   10.48790726   10.5912   0.000       0.000      0.1033E-02 -0.1646E-05 -0.1373      0.1363       0.000       0.000       0.000       0.000       0.5198E-05   0.000       0.000       0.000       0.000       0.000                           -0.1646E-05 -0.1646E-05   0.000    
  25920000.0   10.53053927   10.6391   0.000       0.000      0.1086E-02 -0.2467E-05 -0.1429      0.1418       0.000       0.000       0.000       0.000       0.1022E-05   0.000       0.000       0.000       0.000       0.000                           -0.2467E-05 -0.2467E-05   0.000    
  26006400.0   10.57422712   10.6879   0.000       0.000      0.1136E-02 -0.2528E-05 -0.1485      0.1474       0.000       0.000       0.000       0.000        0.000       0.000       0.000       0.000       0.000       0.000                           -0.2528E-05 -0.2528E-05   0.000    
  26092800.0   10.58539961   10.6998   0.000       0.000      0.1144E-02 -0.6466E-06 -0.1507      0.1495       0.000       0.000       0.000       0.000        0.000       0.000       0.000       0.000       0.000       0.000                           -0.6466E-06 -0.6466E-06   0.000    
  26179200.0   10.58076813   10.6943   0.000       0.000      0.1136E-02  0.2680E-06 -0.1507      0.1496       0.000       0.000       0.000       0.000        0.000       0.000       0.000       0.000       0.000       0.000                            0.2680E-06  0.2680E-06   0.000    
  26265600.0   10.57326454   10.6857   0.000       0.000      0.1125E-02  0.4342E-06 -0.1501      0.1490       0.000       0.000       0.000       0.000        0.000       0.000       0.000       0.000       0.000       0.000                            0.4342E-06  0.4342E-06   0.000    
  26352000.0   10.56502896   10.6764   0.000       0.000      0.1114E-02  0.4766E-06 -0.1493      0.1482       0.000       0.000       0.000       0.000        0.000       0.000       0.000       0.000       0.000       0.000                            0.4766E-06  0.4766E-06   0.000    
  26438400.0   10.55678216   10.6672   0.000       0.000      0.1104E-02  0.4772E-06 -0.1483      0.1472       0.000       0.000       0.000       0.000        0.000       0.000       0.000       0.000       0.000       0.000                            0.4772E-06  0.4772E-06   0.000    
  26524800.0   10.54866454   10.6580   0.000       0.000      0.1094E-02  0.4698E-06 -0.1473      0.1462       0.000       0.000       0.000       0.000        0.000       0.000       0.000       0.000       0.000       0.000                            0.4698E-06  0.4698E-06   0.000    
  26611200.0   10.54043375   10.6488   0.000       0.000      0.1084E-02  0.4763E-06 -0.1462      0.1451       0.000       0.000       0.000       0.000        0.000       0.000       0.000       0.000       0.000       0.000                            0.4763E-06  0.4763E-06   0.000    
  26697600.0   10.53268997   10.6401   0.000       0.000      0.1074E-02  0.4481E-06 -0.1452      0.1441       0.000       0.000       0.000       0.000        0.000       0.000       0.000       0.000       0.000       0.000                            0.4481E-06  0.4481E-06   0.000    
  26784000.0   10.52526736   10.6318   0.000       0.000      0.1065E-02  0.4295E-06 -0.1441      0.1431       0.000       0.000       0.000       0.000        0.000       0.000       0.000       0.000       0.000       0.000                            0.4295E-06  0.4295E-06   0.000    
  26870400.0   10.54946656   10.6595   0.000       0.000      0.1100E-02 -0.1400E-05 -0.1467      0.1456       0.000       0.000       0.000       0.000        0.000       0.000       0.000       0.000       0.000       0.000                           -0.1400E-05 -0.1400E-05   0.000    
  26956800.0   10.56465761   10.6765   0.000       0.000      0.1118E-02 -0.8791E-06 -0.1486      0.1475       0.000       0.000       0.000       0.000        0.000       0.000       0.000       0.000       0.000       0.000                           -0.8791E-06 -0.8791E-06   0.000    
  27043200.0   10.57903349   10.6926   0.000       0.000      0.1136E-02 -0.8319E-06 -0.1505      0.1494       0.000       0.000       0.000       0.000        0.000       0.000       0.000       0.000       0.000       0.000                           -0.8319E-06 -0.8319E-06   0.000    
  27129600.0   10.58359954   10.6976   0.000       0.000      0.1140E-02 -0.2642E-06 -0.1513      0.1502       0.000       0.000       0.000       0.000        0.000       0.000       0.000       0.000       0.000       0.000                           -0.2642E-06 -0.2642E-06   0.000    
  27216000.0   10.59184264   10.7069   0.000       0.000      0.1151E-02 -0.4770E-06 -0.1524      0.1513       0.000       0.000       0.000       0.000        0.000       0.000       0.000       0.000       0.000       0.000                           -0.4770E-06 -0.4770E-06   0.000    
  27302400.0   10.61247824   10.7301   0.000       0.000      0.1177E-02 -0.1194E-05 -0.1548      0.1536       0.000       0.000       0.000       0.000        0.000       0.000       0.000       0.000       0.000       0.000                           -0.1194E-05 -0.1194E-05   0.000    
  27388800.0   10.65306857   10.7756   0.000       0.000      0.1226E-02 -0.2349E-05 -0.1593      0.1581       0.000       0.000       0.000       0.000        0.000       0.000       0.000       0.000       0.000       0.000                           -0.2349E-05 -0.2349E-05   0.000    
  27475200.0   10.68839768   10.8149   0.000       0.000      0.1265E-02 -0.2045E-05 -0.1634      0.1622       0.000       0.000       0.000       0.000        0.000       0.000       0.000       0.000       0.000       0.000                           -0.2045E-05 -0.2045E-05   0.000    
  27561600.0   10.68554447   10.8114   0.000       0.000      0.1258E-02  0.1651E-06 -0.1640      0.1627       0.000       0.000       0.000       0.000        0.000       0.000       0.000       0.000       0.000       0.000                            0.1651E-06  0.1651E-06   0.000    
  27648000.0   10.67732525   10.8021   0.000       0.000      0.1248E-02  0.4756E-06 -0.1636      0.1623       0.000       0.000       0.000       0.000        0.000       0.000       0.000       0.000       0.000       0.000                            0.4756E-06  0.4756E-06   0.000    
  27734400.0   10.66632319   10.7899   0.000       0.000      0.1235E-02  0.6367E-06 -0.1626      0.1614       0.000       0.000       0.000       0.000        0.000       0.000       0.000       0.000       0.000       0.000                            0.6367E-06  0.6367E-06   0.000    
  27820800.0   10.65672711   10.7793   0.000       0.000      0.1226E-02  0.5553E-06 -0.1617      0.1605       0.000       0.000       0.000       0.000        0.000       0.000       0.000       0.000       0.000       0.000                            0.5553E-06  0.5553E-06   0.000    
  27907200.0   10.64935234   10.7712   0.000       0.000      0.1218E-02  0.4268E-06 -0.1609      0.1596       0.000       0.000       0.000       0.000        0.000       0.000       0.000       0.000       0.000       0.000                            0.4268E-06  0.4268E-06   0.000    
  27993600.0   10.66728497   10.7915   0.000       0.000      0.1242E-02 -0.1038E-05 -0.1625      0.1612       0.000       0.000       0.000       0.000        0.000       0.000       0.000       0.000       0.000       0.000                           -0.1038E-05 -0.1038E-05   0.000    
  28080000.0   10.69408882   10.8214   0.000       0.000      0.1273E-02 -0.1551E-05 -0.1652      0.1640       0.000       0.000       0.000       0.000        0.000       0.000       0.000       0.000       0.000       0.000                           -0.1551E-05 -0.1551E-05   0.000    
  28166400.0   10.70800991   10.8368   0.000       0.000      0.1288E-02 -0.8056E-06 -0.1670      0.1657       0.000       0.000       0.000       0.000        0.000       0.000       0.000       0.000       0.000       0.000                           -0.8056E-06 -0.8056E-06   0.000    
  28252800.0   10.70161224   10.8296   0.000       0.000      0.1280E-02  0.3702E-06 -0.1668      0.1656       0.000       0.000       0.000       0.000        0.000       0.000       0.000       0.000       0.000       0.000                            0.3702E-06  0.3702E-06   0.000    
  28339200.0   10.69130908   10.8182   0.000       0.000      0.1269E-02  0.5962E-06 -0.1660      0.1648       0.000       0.000       0.000       0.000        0.000       0.000       0.000       0.000       0.000       0.000                            0.5962E-06  0.5962E-06   0.000    
  28425600.0   10.67996656   10.8056   0.000       0.000      0.1257E-02  0.6564E-06 -0.1649      0.1637       0.000       0.000       0.000       0.000        0.000       0.000       0.000       0.000       0.000       0.000                            0.6564E-06  0.6564E-06   0.000    
  28512000.0   10.66848675   10.7929   0.000       0.000      0.1244E-02  0.6643E-06 -0.1637      0.1624       0.000       0.000       0.000       0.000        0.000       0.000       0.000       0.000       0.000       0.000                            0.6643E-06  0.6643E-06   0.000    
  28598400.0   10.65709170   10.7803   0.000       0.000      0.1233E-02  0.6594E-06 -0.1624      0.1611       0.000       0.000       0.000       0.000        0.000       0.000       0.000       0.000       0.000       0.000                            0.6594E-06  0.6594E-06   0.000    
  28684800.0   10.64601566   10.7681   0.000       0.000      0.1221E-02  0.6410E-06 -0.1611      0.1599       0.000       0.000       0.000       0.000        0.000       0.000       0.000       0.000       0.000       0.000                            0.6410E-06  0.6410E-06   0.000    
  28771200.0   10.63530315   10.7563   0.000       0.000      0.1210E-02  0.6199E-06 -0.1598      0.1586       0.000       0.000       0.000       0.000        0.000       0.000       0.000       0.000       0.000       0.000                            0.6199E-06  0.6199E-06   0.000    
  28857600.0   10.62499828   10.7449   0.000       0.000      0.1199E-02  0.5963E-06 -0.1585      0.1573       0.000       0.000       0.000       0.000        0.000       0.000       0.000       0.000       0.000       0.000                            0.5963E-06  0.5963E-06   0.000    
  28944000.0   10.61499512   10.7338   0.000       0.000      0.1188E-02  0.5789E-06 -0.1572      0.1560       0.000       0.000       0.000       0.000        0.000       0.000       0.000       0.000       0.000       0.000                            0.5789E-06  0.5789E-06   0.000    
  29030400.0   10.60526666   10.7230   0.000       0.000      0.1177E-02  0.5630E-06 -0.1559      0.1547       0.000       0.000       0.000       0.000        0.000       0.000       0.000       0.000       0.000       0.000                            0.5630E-06  0.5630E-06   0.000    
  29116800.0   10.59593435   10.7126   0.000       0.000      0.1166E-02  0.5401E-06 -0.1547      0.1535       0.000       0.000       0.000       0.000        0.000       0.000       0.000       0.000       0.000       0.000                            0.5401E-06  0.5401E-06   0.000    
  29203200.0   10.58675962   10.7024   0.000       0.000      0.1156E-02  0.5309E-06 -0.1534      0.1523       0.000       0.000       0.000       0.000        0.000       0.000       0.000       0.000       0.000       0.000                            0.5309E-06  0.5309E-06   0.000    
  29289600.0   10.57796584   10.6926   0.000       0.000      0.1146E-02  0.5089E-06 -0.1522      0.1511       0.000       0.000       0.000       0.000        0.000       0.000       0.000       0.000       0.000       0.000                            0.5089E-06  0.5089E-06   0.000    
  29376000.0   10.56958698   10.6832   0.000       0.000      0.1137E-02  0.4849E-06 -0.1511      0.1499       0.000       0.000       0.000       0.000        0.000       0.000       0.000       0.000       0.000       0.000                            0.4849E-06  0.4849E-06   0.000    
  29462400.0   10.56163726   10.6743   0.000       0.000      0.1127E-02  0.4601E-06 -0.1499      0.1488       0.000       0.000       0.000       0.000        0.000       0.000       0.000       0.000       0.000       0.000                            0.4601E-06  0.4601E-06   0.000    
  29548800.0   10.55394951   10.6658   0.000       0.000      0.1118E-02  0.4449E-06 -0.1488      0.1477       0.000       0.000       0.000       0.000        0.000       0.000       0.000       0.000       0.000       0.000                            0.4449E-06  0.4449E-06   0.000    
  29635200.0   10.54652970   10.6574   0.000       0.000      0.1109E-02  0.4294E-06 -0.1478      0.1466       0.000       0.000       0.000       0.000        0.000       0.000       0.000       0.000       0.000       0.000                            0.4294E-06  0.4294E-06   0.000    
  29721600.0   10.53938267   10.6494   0.000       0.000      0.1100E-02  0.4136E-06 -0.1467      0.1456       0.000       0.000       0.000       0.000        0.000       0.000       0.000       0.000       0.000       0.000                            0.4136E-06  0.4136E-06   0.000    
  29808000.0   10.53242106   10.6416   0.000       0.000      0.1092E-02  0.4029E-06 -0.1457      0.1446       0.000       0.000       0.000       0.000        0.000       0.000       0.000       0.000       0.000       0.000                            0.4029E-06  0.4029E-06   0.000    
  29894400.0   10.52567541   10.6340   0.000       0.000      0.1083E-02  0.3904E-06 -0.1447      0.1436       0.000       0.000       0.000       0.000        0.000       0.000       0.000       0.000       0.000       0.000                            0.3904E-06  0.3904E-06   0.000    
  29980800.0   10.51913505   10.6266   0.000       0.000      0.1075E-02  0.3785E-06 -0.1437      0.1426       0.000       0.000       0.000       0.000        0.000       0.000       0.000       0.000       0.000       0.000                            0.3785E-06  0.3785E-06   0.000    
  30067200.0   10.51285523   10.6195   0.000       0.000      0.1067E-02  0.3634E-06 -0.1427      0.1416       0.000       0.000       0.000       0.000        0.000       0.000       0.000       0.000       0.000       0.000                            0.3634E-06  0.3634E-06   0.000    
  30153600.0   10.50680173   10.6127   0.000       0.000      0.1059E-02  0.3503E-06 -0.1418      0.1407       0.000       0.000       0.000       0.000        0.000       0.000       0.000       0.000       0.000       0.000                            0.3503E-06  0.3503E-06   0.000    
  30240000.0   10.50096544   10.6061   0.000       0.000      0.1051E-02  0.3377E-06 -0.1408      0.1398       0.000       0.000       0.000       0.000        0.000       0.000       0.000       0.000       0.000       0.000                            0.3377E-06  0.3377E-06   0.000    
  30326400.0   10.49551975   10.5998   0.000       0.000      0.1043E-02  0.3151E-06 -0.1399      0.1389       0.000       0.000       0.000       0.000      -0.2311E-06   0.000       0.000       0.000       0.000       0.000                            0.3151E-06  0.3151E-06   0.000    
  30412800.0   10.49043694   10.5939   0.000       0.000      0.1035E-02  0.2941E-06 -0.1390      0.1380       0.000       0.000       0.000       0.000      -0.4884E-06   0.000       0.000       0.000       0.000       0.000                            0.2941E-06  0.2941E-06   0.000    
  30499200.0   10.48562595   10.5883   0.000       0.000      0.1027E-02  0.2784E-06 -0.1382      0.1372       0.000       0.000       0.000       0.000      -0.6045E-06   0.000       0.000       0.000       0.000       0.000                            0.2784E-06  0.2784E-06   0.000    
  30585600.0   10.48103073   10.5829   0.000       0.000      0.1019E-02  0.2659E-06 -0.1373      0.1363       0.000       0.000       0.000       0.000      -0.6804E-06   0.000       0.000       0.000       0.000       0.000                            0.2659E-06  0.2659E-06   0.000    
  30672000.0   10.47663019   10.5778   0.000       0.000      0.1011E-02  0.2547E-06 -0.1365      0.1355       0.000       0.000       0.000       0.000      -0.7328E-06   0.000       0.000       0.000       0.000       0.000                            0.2547E-06  0.2547E-06   0.000    
  30758400.0   10.47240133   10.5728   0.000       0.000      0.1004E-02  0.2447E-06 -0.1357      0.1347       0.000       0.000       0.000       0.000      -0.7711E-06   0.000       0.000       0.000       0.000       0.000                            0.2447E-06  0.2447E-06   0.000    
  30844800.0   10.46832554   10.5680   0.000       0.000      0.9969E-03  0.2359E-06 -0.1349      0.1339       0.000       0.000       0.000       0.000      -0.7998E-06   0.000       0.000       0.000       0.000       0.000                            0.2359E-06  0.2359E-06   0.000    
  30931200.0   10.46438024   10.5634   0.000       0.000      0.9899E-03  0.2283E-06 -0.1341      0.1332       0.000       0.000       0.000       0.000      -0.8233E-06   0.000       0.000       0.000       0.000       0.000                            0.2283E-06  0.2283E-06   0.000    
  31017600.0   10.46055507   10.5589   0.000       0.000      0.9830E-03  0.2214E-06 -0.1334      0.1324       0.000       0.000       0.000       0.000      -0.8414E-06   0.000       0.000       0.000       0.000       0.000                            0.2214E-06  0.2214E-06   0.000    
  31104000.0   10.45684838   10.5545   0.000       0.000      0.9763E-03  0.2145E-06 -0.1326      0.1317       0.000       0.000       0.000       0.000      -0.8536E-06   0.000       0.000       0.000       0.000       0.000                            0.2145E-06  0.2145E-06   0.000    
  31190400.0   10.45325039   10.5502   0.000       0.000      0.9697E-03  0.2082E-06 -0.1319      0.1309       0.000       0.000       0.000       0.000      -0.8628E-06   0.000       0.000       0.000       0.000       0.000                            0.2082E-06  0.2082E-06   0.000    
  31276800.0   10.45036354   10.5468   0.000       0.000      0.9647E-03  0.1671E-06 -0.1313      0.1303       0.000       0.000       0.000       0.000      -0.7156E-06   0.000       0.000       0.000       0.000       0.000                            0.1671E-06  0.1671E-06   0.000    
  31363200.0   10.44692439   10.5427   0.000       0.000      0.9579E-03  0.1990E-06 -0.1306      0.1296       0.000       0.000       0.000       0.000      -0.8785E-06   0.000       0.000       0.000       0.000       0.000                            0.1990E-06  0.1990E-06   0.000    
  31449600.0   10.44357906   10.5387   0.000       0.000      0.9516E-03  0.1936E-06 -0.1299      0.1289       0.000       0.000       0.000       0.000      -0.8808E-06   0.000       0.000       0.000       0.000       0.000                            0.1936E-06  0.1936E-06   0.000    
  31536000.0   10.44032449   10.5349   0.000       0.000      0.9455E-03  0.1883E-06 -0.1292      0.1282       0.000       0.000       0.000       0.000      -0.8808E-06   0.000       0.000       0.000       0.000       0.000                            0.1883E-06  0.1883E-06   0.000    
  31622400.0   10.43686293   10.5307   0.000       0.000      0.9388E-03  0.2003E-06 -0.1285      0.1275       0.000       0.000       0.000       0.000      -0.9618E-06   0.000       0.000       0.000       0.000       0.000                            0.2003E-06  0.2003E-06   0.000    
