   TOTIM (T)          HCON      HMAT     QDIR      QWELL        QMAT QCADS<->CON       QTUB1       QTUB2       QTUB3       QTUB4       QTUB5       QTUB6       NSTOR        QFIX        QLH     FHLQ (LQ)      CAUCHY CAUCHY (LQ) BREAK-DOWN CADS FLOW  QCADS<->CON    Q_CDSSTO    Q_CDSRCH
     86400.0   10.75596792   10.8862   0.000       0.000      0.1302E-02   0.000      0.7037E-01 -0.1424      0.7077E-01   0.000       0.000       0.000        0.000       0.000       0.000       0.000       0.000       0.000                             0.000       0.000       0.000    
    172800.0   10.73909584   10.8680   0.000       0.000      0.1289E-02  0.1465E-05  0.6973E-01 -0.1412      0.7013E-01   0.000       0.000       0.000        0.000       0.000       0.000       0.000       0.000       0.000                            0.1465E-05  0.1465E-05   0.000    
    259200.0   10.73952008   10.8685   0.000       0.000      0.1290E-02 -0.3683E-07  0.6967E-01 -0.1410      0.7007E-01   0.000       0.000       0.000        0.000       0.000       0.000       0.000       0.000       0.000                           -0.3683E-07 -0.3683E-07   0.000    
    345600.0   10.73803338   10.8669   0.000       0.000      0.1288E-02  0.1291E-06  0.6958E-01 -0.1408      0.6997E-01   0.000       0.000       0.000        0.000       0.000       0.000       0.000       0.000       0.000                            0.1291E-06  0.1291E-06   0.000    
    432000.0   10.74932881   10.8790   0.000       0.000      0.1297E-02 -0.9805E-06  0.6998E-01 -0.1417      0.7038E-01   0.000       0.000       0.000        0.000       0.000       0.000       0.000       0.000       0.000                           -0.9805E-06 -0.9805E-06   0.000    
    518400.0   10.75598828   10.8862   0.000       0.000      0.1302E-02 -0.5781E-06  0.7026E-01 -0.1422      0.7066E-01   0.000       0.000       0.000        0.000       0.000       0.000       0.000       0.000       0.000                           -0.5781E-06 -0.5781E-06   0.000    
    604800.0   10.75789817   10.8882   0.000       0.000      0.1303E-02 -0.1658E-06  0.7038E-01 -0.1425      0.7078E-01   0.000       0.000       0.000        0.000       0.000       0.000       0.000       0.000       0.000                           -0.1658E-06 -0.1658E-06   0.000    
    691200.0   10.77513238   10.9068   0.000       0.000      0.1316E-02 -0.1496E-05  0.7105E-01 -0.1438      0.7145E-01   0.000       0.000       0.000        0.000       0.000       0.000       0.000       0.000       0.000                           -0.1496E-05 -0.1496E-05   0.000    
    777600.0   10.82204326   10.9571   0.000       0.000      0.1351E-02 -0.4072E-05  0.7282E-01 -0.1474      0.7323E-01   0.000       0.000       0.000        0.000       0.000       0.000       0.000       0.000       0.000                           -0.4072E-05 -0.4072E-05   0.000    
    864000.0   10.89105075   11.0310   0.000       0.000      0.1400E-02 -0.5990E-05  0.7544E-01 -0.1527      0.7585E-01   0.000       0.000       0.000        0.000       0.000       0.000       0.000       0.000       0.000                           -0.5990E-05 -0.5990E-05   0.000    
    950400.0   10.92176130   11.0639   0.000       0.000      0.1421E-02 -0.2666E-05  0.7690E-01 -0.1556      0.7731E-01   0.000       0.000       0.000        0.000       0.000       0.000       0.000       0.000       0.000                           -0.2666E-05 -0.2666E-05   0.000    
   1036800.0   10.99676314   11.1440   0.000       0.000      0.1472E-02 -0.6511E-05  0.7958E-01 -0.1611      0.8000E-01   0.000       0.000       0.000        0.000       0.000       0.000       0.000       0.000       0.000                           -0.6511E-05 -0.6511E-05   0.000    
   1123200.0   11.13218265   11.2878   0.000       0.000      0.1556E-02 -0.1176E-04  0.8396E-01 -0.1699      0.8439E-01   0.000       0.000       0.000        0.000       0.000       0.000       0.000       0.000       0.000                           -0.1176E-04 -0.1176E-04   0.000    
   1209600.0   11.11426308   11.2691   0.000       0.000      0.1549E-02  0.1556E-05  0.8441E-01 -0.1708      0.8484E-01   0.000       0.000       0.000        0.000       0.000       0.000       0.000       0.000       0.000                            0.1556E-05  0.1556E-05   0.000    
   1296000.0   11.09352633   11.2476   0.000       0.000      0.1541E-02  0.1800E-05  0.8422E-01 -0.1704      0.8466E-01   0.000       0.000       0.000        0.000       0.000       0.000       0.000       0.000       0.000                            0.1800E-05  0.1800E-05   0.000    
   1382400.0   11.07304237   11.2262   0.000       0.000      0.1532E-02  0.1778E-05  0.8376E-01 -0.1695      0.8419E-01   0.000       0.000       0.000        0.000       0.000       0.000       0.000       0.000       0.000                            0.1778E-05  0.1778E-05   0.000    
   1468800.0   11.05288492   11.2051   0.000       0.000      0.1522E-02  0.1750E-05  0.8320E-01 -0.1684      0.8364E-01   0.000       0.000       0.000        0.000       0.000       0.000       0.000       0.000       0.000                            0.1750E-05  0.1750E-05   0.000    
   1555200.0   11.03140377   11.1825   0.000       0.000      0.1511E-02  0.1865E-05  0.8253E-01 -0.1670      0.8297E-01   0.000       0.000       0.000        0.000       0.000       0.000       0.000       0.000       0.000                            0.1865E-05  0.1865E-05   0.000    
   1641600.0   11.00991633   11.1598   0.000       0.000      0.1499E-02  0.1865E-05  0.8180E-01 -0.1655      0.8224E-01   0.000       0.000       0.000        0.000       0.000       0.000       0.000       0.000       0.000                            0.1865E-05  0.1865E-05   0.000    
   1728000.0   10.99177446   11.1406   0.000       0.000      0.1488E-02  0.1575E-05  0.8112E-01 -0.1642      0.8156E-01   0.000       0.000       0.000        0.000       0.000       0.000       0.000       0.000       0.000                            0.1575E-05  0.1575E-05   0.000    
   1814400.0   10.97581823   11.1237   0.000       0.000      0.1479E-02  0.1385E-05  0.8052E-01 -0.1630      0.8096E-01   0.000       0.000       0.000        0.000       0.000       0.000       0.000       0.000       0.000                            0.1385E-05  0.1385E-05   0.000    
   1900800.0   10.95804406   11.1048   0.000       0.000      0.1468E-02  0.1543E-05  0.7983E-01 -0.1616      0.8027E-01   0.000       0.000       0.000        0.000       0.000       0.000       0.000       0.000       0.000                            0.1543E-05  0.1543E-05   0.000    
   1987200.0   10.94168282   11.0875   0.000       0.000      0.1458E-02  0.1420E-05  0.7920E-01 -0.1603      0.7964E-01   0.000       0.000       0.000        0.000       0.000       0.000       0.000       0.000       0.000                            0.1420E-05  0.1420E-05   0.000    
   2073600.0   10.92825497   11.0732   0.000       0.000      0.1449E-02  0.1166E-05  0.7864E-01 -0.1592      0.7907E-01   0.000       0.000       0.000        0.000       0.000       0.000       0.000       0.000       0.000                            0.1166E-05  0.1166E-05   0.000    
   2160000.0   10.91266054   11.0566   0.000       0.000      0.1439E-02  0.1354E-05  0.7801E-01 -0.1579      0.7845E-01   0.000       0.000       0.000        0.000       0.000       0.000       0.000       0.000       0.000                            0.1354E-05  0.1354E-05   0.000    
   2246400.0   10.89724482   11.0401   0.000       0.000      0.1429E-02  0.1338E-05  0.7738E-01 -0.1566      0.7782E-01   0.000       0.000       0.000        0.000       0.000       0.000       0.000       0.000       0.000                            0.1338E-05  0.1338E-05   0.000    
   2332800.0   10.88228030   11.0241   0.000       0.000      0.1418E-02  0.1299E-05  0.7674E-01 -0.1553      0.7717E-01   0.000       0.000       0.000        0.000       0.000       0.000       0.000       0.000       0.000                            0.1299E-05  0.1299E-05   0.000    
   2419200.0   10.86767525   11.0085   0.000       0.000      0.1408E-02  0.1268E-05  0.7612E-01 -0.1541      0.7655E-01   0.000       0.000       0.000        0.000       0.000       0.000       0.000       0.000       0.000                            0.1268E-05  0.1268E-05   0.000    
   2505600.0   10.86120756   11.0015   0.000       0.000      0.1403E-02  0.5614E-06  0.7575E-01 -0.1533      0.7618E-01   0.000       0.000       0.000        0.000       0.000       0.000       0.000       0.000       0.000                            0.5614E-06  0.5614E-06   0.000    
   2592000.0   10.85158874   10.9912   0.000       0.000      0.1396E-02  0.8350E-06  0.7534E-01 -0.1525      0.7577E-01   0.000       0.000       0.000        0.000       0.000       0.000       0.000       0.000       0.000                            0.8350E-06  0.8350E-06   0.000    
   2678400.0   10.86997310   11.0109   0.000       0.000      0.1409E-02 -0.1596E-05  0.7586E-01 -0.1536      0.7629E-01   0.000       0.000       0.000        0.000       0.000       0.000       0.000       0.000       0.000                           -0.1596E-05 -0.1596E-05   0.000    
   2764800.0   10.94268530   11.0885   0.000       0.000      0.1458E-02 -0.6312E-05  0.7823E-01 -0.1583      0.7866E-01   0.000       0.000       0.000        0.000       0.000       0.000       0.000       0.000       0.000                           -0.6312E-05 -0.6312E-05   0.000    
   2851200.0   11.12141702   11.2784   0.000       0.000      0.1569E-02 -0.1551E-04  0.8380E-01 -0.1696      0.8424E-01   0.000       0.000       0.000        0.000       0.000       0.000       0.000       0.000       0.000                           -0.1551E-04 -0.1551E-04   0.000    
   2937600.0   11.08768027   11.2428   0.000       0.000      0.1551E-02  0.2929E-05  0.8391E-01 -0.1698      0.8435E-01   0.000       0.000       0.000        0.000       0.000       0.000       0.000       0.000       0.000                            0.2929E-05  0.2929E-05   0.000    
   3024000.0   11.09378559   11.2496   0.000       0.000      0.1559E-02 -0.5300E-06  0.8441E-01 -0.1708      0.8485E-01   0.000       0.000       0.000        0.000       0.000       0.000       0.000       0.000       0.000                           -0.5300E-06 -0.5300E-06   0.000    
   3110400.0   11.09513406   11.2513   0.000       0.000      0.1561E-02 -0.1171E-06  0.8465E-01 -0.1713      0.8510E-01   0.000       0.000       0.000        0.000       0.000       0.000       0.000       0.000       0.000                           -0.1171E-06 -0.1171E-06   0.000    
   3196800.0   11.08352651   11.2391   0.000       0.000      0.1556E-02  0.1008E-05  0.8444E-01 -0.1709      0.8489E-01   0.000       0.000       0.000        0.000       0.000       0.000       0.000       0.000       0.000                            0.1008E-05  0.1008E-05   0.000    
   3283200.0   11.06601713   11.2208   0.000       0.000      0.1547E-02  0.1520E-05  0.8400E-01 -0.1700      0.8445E-01   0.000       0.000       0.000        0.000       0.000       0.000       0.000       0.000       0.000                            0.1520E-05  0.1520E-05   0.000    
   3369600.0   11.06867509   11.2237   0.000       0.000      0.1551E-02 -0.2307E-06  0.8403E-01 -0.1701      0.8449E-01   0.000       0.000       0.000        0.000       0.000       0.000       0.000       0.000       0.000                           -0.2307E-06 -0.2307E-06   0.000    
   3456000.0   11.08287254   11.2389   0.000       0.000      0.1560E-02 -0.1232E-05  0.8443E-01 -0.1709      0.8488E-01   0.000       0.000       0.000        0.000       0.000       0.000       0.000       0.000       0.000                           -0.1232E-05 -0.1232E-05   0.000    
   3542400.0   11.10490885   11.2624   0.000       0.000      0.1575E-02 -0.1913E-05  0.8515E-01 -0.1723      0.8560E-01   0.000       0.000       0.000        0.000       0.000       0.000       0.000       0.000       0.000                           -0.1913E-05 -0.1913E-05   0.000    
   3628800.0   11.11301669   11.2711   0.000       0.000      0.1581E-02 -0.7038E-06  0.8553E-01 -0.1731      0.8599E-01   0.000       0.000       0.000        0.000       0.000       0.000       0.000       0.000       0.000                           -0.7038E-06 -0.7038E-06   0.000    
   3715200.0   11.10159705   11.2592   0.000       0.000      0.1576E-02  0.9913E-06  0.8534E-01 -0.1727      0.8580E-01   0.000       0.000       0.000        0.000       0.000       0.000       0.000       0.000       0.000                            0.9913E-06  0.9913E-06   0.000    
   3801600.0   11.10516689   11.2631   0.000       0.000      0.1579E-02 -0.3099E-06  0.8547E-01 -0.1730      0.8593E-01   0.000       0.000       0.000        0.000       0.000       0.000       0.000       0.000       0.000                           -0.3099E-06 -0.3099E-06   0.000    
   3888000.0   11.11756703   11.2763   0.000       0.000      0.1588E-02 -0.1076E-05  0.8585E-01 -0.1737      0.8631E-01   0.000       0.000       0.000        0.000       0.000       0.000       0.000       0.000       0.000                           -0.1076E-05 -0.1076E-05   0.000    
   3974400.0   11.14540844   11.3060   0.000       0.000      0.1605E-02 -0.2417E-05  0.8670E-01 -0.1755      0.8716E-01   0.000       0.000       0.000        0.000       0.000       0.000       0.000       0.000       0.000                           -0.2417E-05 -0.2417E-05   0.000    
   4060800.0   11.16778107   11.3297   0.000       0.000      0.1620E-02 -0.1942E-05  0.8747E-01 -0.1770      0.8794E-01   0.000       0.000       0.000        0.000       0.000       0.000       0.000       0.000       0.000                           -0.1942E-05 -0.1942E-05   0.000    
   4147200.0   11.15619454   11.3177   0.000       0.000      0.1615E-02  0.1006E-05  0.8739E-01 -0.1769      0.8786E-01   0.000       0.000       0.000        0.000       0.000       0.000       0.000       0.000       0.000                            0.1006E-05  0.1006E-05   0.000    
   4233600.0   11.13836622   11.2990   0.000       0.000      0.1606E-02  0.1548E-05  0.8696E-01 -0.1760      0.8743E-01   0.000       0.000       0.000        0.000       0.000       0.000       0.000       0.000       0.000                            0.1548E-05  0.1548E-05   0.000    
   4320000.0   11.12355772   11.2834   0.000       0.000      0.1599E-02  0.1285E-05  0.8654E-01 -0.1751      0.8701E-01   0.000       0.000       0.000        0.000       0.000       0.000       0.000       0.000       0.000                            0.1285E-05  0.1285E-05   0.000    
   4406400.0   11.10774201   11.2668   0.000       0.000      0.1590E-02  0.1373E-05  0.8603E-01 -0.1741      0.8649E-01   0.000       0.000       0.000        0.000       0.000       0.000       0.000       0.000       0.000                            0.1373E-05  0.1373E-05   0.000    
   4492800.0   11.09513239   11.2535   0.000       0.000      0.1583E-02  0.1095E-05  0.8558E-01 -0.1732      0.8605E-01   0.000       0.000       0.000        0.000       0.000       0.000       0.000       0.000       0.000                            0.1095E-05  0.1095E-05   0.000    
   4579200.0   11.07875582   11.2362   0.000       0.000      0.1574E-02  0.1422E-05  0.8504E-01 -0.1721      0.8550E-01   0.000       0.000       0.000        0.000       0.000       0.000       0.000       0.000       0.000                            0.1422E-05  0.1422E-05   0.000    
   4665600.0   11.06148566   11.2179   0.000       0.000      0.1564E-02  0.1499E-05  0.8443E-01 -0.1709      0.8489E-01   0.000       0.000       0.000        0.000       0.000       0.000       0.000       0.000       0.000                            0.1499E-05  0.1499E-05   0.000    
   4752000.0   11.08644083   11.2444   0.000       0.000      0.1579E-02 -0.2166E-05  0.8500E-01 -0.1721      0.8547E-01   0.000       0.000       0.000        0.000       0.000       0.000       0.000       0.000       0.000                           -0.2166E-05 -0.2166E-05   0.000    
   4838400.0   11.12233215   11.2824   0.000       0.000      0.1601E-02 -0.3116E-05  0.8605E-01 -0.1742      0.8652E-01   0.000       0.000       0.000        0.000       0.000       0.000       0.000       0.000       0.000                           -0.3116E-05 -0.3116E-05   0.000    
   4924800.0   11.16247663   11.3250   0.000       0.000      0.1625E-02 -0.3485E-05  0.8731E-01 -0.1767      0.8778E-01   0.000       0.000       0.000        0.000       0.000       0.000       0.000       0.000       0.000                           -0.3485E-05 -0.3485E-05   0.000    
   5011200.0   11.18731760   11.3514   0.000       0.000      0.1641E-02 -0.2156E-05  0.8827E-01 -0.1787      0.8874E-01   0.000       0.000       0.000        0.000       0.000       0.000       0.000       0.000       0.000                           -0.2156E-05 -0.2156E-05   0.000    
   5097600.0   11.17482703   11.3383   0.000       0.000      0.1635E-02  0.1084E-05  0.8819E-01 -0.1785      0.8866E-01   0.000       0.000       0.000        0.000       0.000       0.000       0.000       0.000       0.000                            0.1084E-05  0.1084E-05   0.000    
   5184000.0   11.15668993   11.3193   0.000       0.000      0.1627E-02  0.1574E-05  0.8780E-01 -0.1777      0.8828E-01   0.000       0.000       0.000        0.000       0.000       0.000       0.000       0.000       0.000                            0.1574E-05  0.1574E-05   0.000    
   5270400.0   11.14089726   11.3027   0.000       0.000      0.1618E-02  0.1371E-05  0.8733E-01 -0.1768      0.8781E-01   0.000       0.000       0.000        0.000       0.000       0.000       0.000       0.000       0.000                            0.1371E-05  0.1371E-05   0.000    
   5356800.0   11.12278987   11.2836   0.000       0.000      0.1608E-02  0.1572E-05  0.8679E-01 -0.1757      0.8726E-01   0.000       0.000       0.000        0.000       0.000       0.000       0.000       0.000       0.000                            0.1572E-05  0.1572E-05   0.000    
   5443200.0   11.13218232   11.2936   0.000       0.000      0.1615E-02 -0.8153E-06  0.8693E-01 -0.1760      0.8741E-01   0.000       0.000       0.000        0.000       0.000       0.000       0.000       0.000       0.000                           -0.8153E-06 -0.8153E-06   0.000    
   5529600.0   11.14421165   11.3064   0.000       0.000      0.1622E-02 -0.1044E-05  0.8725E-01 -0.1766      0.8773E-01   0.000       0.000       0.000        0.000       0.000       0.000       0.000       0.000       0.000                           -0.1044E-05 -0.1044E-05   0.000    
   5616000.0   11.15714478   11.3202   0.000       0.000      0.1630E-02 -0.1123E-05  0.8767E-01 -0.1775      0.8815E-01   0.000       0.000       0.000        0.000       0.000       0.000       0.000       0.000       0.000                           -0.1123E-05 -0.1123E-05   0.000    
   5702400.0   11.16544498   11.3290   0.000       0.000      0.1636E-02 -0.7205E-06  0.8799E-01 -0.1781      0.8847E-01   0.000       0.000       0.000        0.000       0.000       0.000       0.000       0.000       0.000                           -0.7205E-06 -0.7205E-06   0.000    
   5788800.0   11.16112173   11.3245   0.000       0.000      0.1634E-02  0.3753E-06  0.8797E-01 -0.1781      0.8845E-01   0.000       0.000       0.000        0.000       0.000       0.000       0.000       0.000       0.000                            0.3753E-06  0.3753E-06   0.000    
   5875200.0   11.16195519   11.3255   0.000       0.000      0.1636E-02 -0.7235E-07  0.8802E-01 -0.1782      0.8850E-01   0.000       0.000       0.000        0.000       0.000       0.000       0.000       0.000       0.000                           -0.7235E-07 -0.7235E-07   0.000    
   5961600.0   11.15787141   11.3213   0.000       0.000      0.1634E-02  0.3545E-06  0.8794E-01 -0.1780      0.8842E-01   0.000       0.000       0.000        0.000       0.000       0.000       0.000       0.000       0.000                            0.3545E-06  0.3545E-06   0.000    
   6048000.0   11.14563602   11.3084   0.000       0.000      0.1627E-02  0.1062E-05  0.8760E-01 -0.1773      0.8808E-01   0.000       0.000       0.000        0.000       0.000       0.000       0.000       0.000       0.000                            0.1062E-05  0.1062E-05   0.000    
   6134400.0   11.12965894   11.2915   0.000       0.000      0.1619E-02  0.1387E-05  0.8714E-01 -0.1764      0.8762E-01   0.000       0.000       0.000        0.000       0.000       0.000       0.000       0.000       0.000                            0.1387E-05  0.1387E-05   0.000    
   6220800.0   11.11230446   11.2731   0.000       0.000      0.1608E-02  0.1506E-05  0.8657E-01 -0.1752      0.8704E-01   0.000       0.000       0.000        0.000       0.000       0.000       0.000       0.000       0.000                            0.1506E-05  0.1506E-05   0.000    
   6307200.0   11.09432231   11.2541   0.000       0.000      0.1598E-02  0.1561E-05  0.8596E-01 -0.1740      0.8644E-01   0.000       0.000       0.000        0.000       0.000       0.000       0.000       0.000       0.000                            0.1561E-05  0.1561E-05   0.000    
   6393600.0   11.07651150   11.2352   0.000       0.000      0.1587E-02  0.1546E-05  0.8531E-01 -0.1727      0.8579E-01   0.000       0.000       0.000        0.000       0.000       0.000       0.000       0.000       0.000                            0.1546E-05  0.1546E-05   0.000    
   6480000.0   11.05882837   11.2164   0.000       0.000      0.1576E-02  0.1535E-05  0.8467E-01 -0.1714      0.8515E-01   0.000       0.000       0.000        0.000       0.000       0.000       0.000       0.000       0.000                            0.1535E-05  0.1535E-05   0.000    
   6566400.0   11.04153660   11.1980   0.000       0.000      0.1565E-02  0.1501E-05  0.8400E-01 -0.1700      0.8448E-01   0.000       0.000       0.000        0.000       0.000       0.000       0.000       0.000       0.000                            0.1501E-05  0.1501E-05   0.000    
   6652800.0   11.02441657   11.1798   0.000       0.000      0.1554E-02  0.1486E-05  0.8336E-01 -0.1687      0.8383E-01   0.000       0.000       0.000        0.000       0.000       0.000       0.000       0.000       0.000                            0.1486E-05  0.1486E-05   0.000    
   6739200.0   11.00796132   11.1622   0.000       0.000      0.1542E-02  0.1428E-05  0.8269E-01 -0.1674      0.8316E-01   0.000       0.000       0.000        0.000       0.000       0.000       0.000       0.000       0.000                            0.1428E-05  0.1428E-05   0.000    
   6825600.0   10.99150585   11.1446   0.000       0.000      0.1531E-02  0.1428E-05  0.8205E-01 -0.1661      0.8252E-01   0.000       0.000       0.000        0.000       0.000       0.000       0.000       0.000       0.000                            0.1428E-05  0.1428E-05   0.000    
   6912000.0   10.97536844   11.1273   0.000       0.000      0.1519E-02  0.1401E-05  0.8138E-01 -0.1647      0.8184E-01   0.000       0.000       0.000        0.000       0.000       0.000       0.000       0.000       0.000                            0.1401E-05  0.1401E-05   0.000    
   6998400.0   10.95948385   11.1103   0.000       0.000      0.1508E-02  0.1379E-05  0.8074E-01 -0.1634      0.8120E-01   0.000       0.000       0.000        0.000       0.000       0.000       0.000       0.000       0.000                            0.1379E-05  0.1379E-05   0.000    
   7084800.0   10.94425734   11.0940   0.000       0.000      0.1497E-02  0.1322E-05  0.8010E-01 -0.1622      0.8056E-01   0.000       0.000       0.000        0.000       0.000       0.000       0.000       0.000       0.000                            0.1322E-05  0.1322E-05   0.000    
   7171200.0   10.92957462   11.0782   0.000       0.000      0.1486E-02  0.1275E-05  0.7947E-01 -0.1609      0.7993E-01   0.000       0.000       0.000        0.000       0.000       0.000       0.000       0.000       0.000                            0.1275E-05  0.1275E-05   0.000    
   7257600.0   10.91526515   11.0628   0.000       0.000      0.1476E-02  0.1242E-05  0.7886E-01 -0.1596      0.7931E-01   0.000       0.000       0.000        0.000       0.000       0.000       0.000       0.000       0.000                            0.1242E-05  0.1242E-05   0.000    
   7344000.0   10.90154648   11.0481   0.000       0.000      0.1465E-02  0.1191E-05  0.7825E-01 -0.1584      0.7870E-01   0.000       0.000       0.000        0.000       0.000       0.000       0.000       0.000       0.000                            0.1191E-05  0.1191E-05   0.000    
   7430400.0   10.88919166   11.0347   0.000       0.000      0.1455E-02  0.1072E-05  0.7770E-01 -0.1573      0.7815E-01   0.000       0.000       0.000        0.000       0.000       0.000       0.000       0.000       0.000                            0.1072E-05  0.1072E-05   0.000    
   7516800.0   10.87709802   11.0217   0.000       0.000      0.1446E-02  0.1050E-05  0.7714E-01 -0.1562      0.7759E-01   0.000       0.000       0.000        0.000       0.000       0.000       0.000       0.000       0.000                            0.1050E-05  0.1050E-05   0.000    
   7603200.0   10.86462687   11.0082   0.000       0.000      0.1436E-02  0.1083E-05  0.7659E-01 -0.1551      0.7704E-01   0.000       0.000       0.000        0.000       0.000       0.000       0.000       0.000       0.000                            0.1083E-05  0.1083E-05   0.000    
   7689600.0   10.85263637   10.9952   0.000       0.000      0.1426E-02  0.1041E-05  0.7603E-01 -0.1539      0.7648E-01   0.000       0.000       0.000        0.000       0.000       0.000       0.000       0.000       0.000                            0.1041E-05  0.1041E-05   0.000    
   7776000.0   10.84146899   10.9831   0.000       0.000      0.1417E-02  0.9694E-06  0.7552E-01 -0.1529      0.7596E-01   0.000       0.000       0.000        0.000       0.000       0.000       0.000       0.000       0.000                            0.9694E-06  0.9694E-06   0.000    
   7862400.0   10.83026972   10.9710   0.000       0.000      0.1407E-02  0.9722E-06  0.7499E-01 -0.1518      0.7543E-01   0.000       0.000       0.000        0.000       0.000       0.000       0.000       0.000       0.000                            0.9722E-06  0.9722E-06   0.000    
   7948800.0   10.81934451   10.9591   0.000       0.000      0.1398E-02  0.9484E-06  0.7448E-01 -0.1508      0.7492E-01   0.000       0.000       0.000        0.000       0.000       0.000       0.000       0.000       0.000                            0.9484E-06  0.9484E-06   0.000    
   8035200.0   10.80886455   10.9477   0.000       0.000      0.1389E-02  0.9097E-06  0.7397E-01 -0.1498      0.7441E-01   0.000       0.000       0.000        0.000       0.000       0.000       0.000       0.000       0.000                            0.9097E-06  0.9097E-06   0.000    
   8121600.0   10.79860107   10.9366   0.000       0.000      0.1380E-02  0.8909E-06  0.7349E-01 -0.1488      0.7393E-01   0.000       0.000       0.000        0.000       0.000       0.000       0.000       0.000       0.000                            0.8909E-06  0.8909E-06   0.000    
   8208000.0   10.78875216   10.9258   0.000       0.000      0.1371E-02  0.8549E-06  0.7300E-01 -0.1478      0.7343E-01   0.000       0.000       0.000        0.000       0.000       0.000       0.000       0.000       0.000                            0.8549E-06  0.8549E-06   0.000    
   8294400.0   10.77907399   10.9153   0.000       0.000      0.1362E-02  0.8401E-06  0.7254E-01 -0.1469      0.7297E-01   0.000       0.000       0.000        0.000       0.000       0.000       0.000       0.000       0.000                            0.8401E-06  0.8401E-06   0.000    
   8380800.0   10.82321420   10.9626   0.000       0.000      0.1394E-02 -0.3832E-05  0.7400E-01 -0.1498      0.7443E-01   0.000       0.000       0.000        0.000       0.000       0.000       0.000       0.000       0.000                           -0.3832E-05 -0.3832E-05   0.000    
   8467200.0   10.82739601   10.9669   0.000       0.000      0.1395E-02 -0.3630E-06  0.7430E-01 -0.1504      0.7473E-01   0.000       0.000       0.000        0.000       0.000       0.000       0.000       0.000       0.000                           -0.3630E-06 -0.3630E-06   0.000    
   8553600.0   10.82806547   10.9675   0.000       0.000      0.1395E-02 -0.5811E-07  0.7439E-01 -0.1506      0.7482E-01   0.000       0.000       0.000        0.000       0.000       0.000       0.000       0.000       0.000                           -0.5811E-07 -0.5811E-07   0.000    
   8640000.0   10.82409916   10.9632   0.000       0.000      0.1391E-02  0.3443E-06  0.7427E-01 -0.1504      0.7470E-01   0.000       0.000       0.000        0.000       0.000       0.000       0.000       0.000       0.000                            0.3443E-06  0.3443E-06   0.000    
   8726400.0   10.81778823   10.9564   0.000       0.000      0.1386E-02  0.5478E-06  0.7405E-01 -0.1499      0.7448E-01   0.000       0.000       0.000        0.000       0.000       0.000       0.000       0.000       0.000                            0.5478E-06  0.5478E-06   0.000    
   8812800.0   10.81036265   10.9483   0.000       0.000      0.1379E-02  0.6446E-06  0.7374E-01 -0.1493      0.7417E-01   0.000       0.000       0.000        0.000       0.000       0.000       0.000       0.000       0.000                            0.6446E-06  0.6446E-06   0.000    
   8899200.0   10.80096342   10.9381   0.000       0.000      0.1372E-02  0.8159E-06  0.7334E-01 -0.1485      0.7377E-01   0.000       0.000       0.000        0.000       0.000       0.000       0.000       0.000       0.000                            0.8159E-06  0.8159E-06   0.000    
   8985600.0   10.79788475   10.9347   0.000       0.000      0.1369E-02  0.2672E-06  0.7315E-01 -0.1481      0.7358E-01   0.000       0.000       0.000        0.000       0.000       0.000       0.000       0.000       0.000                            0.2672E-06  0.2672E-06   0.000    
   9072000.0   10.80538456   10.9427   0.000       0.000      0.1373E-02 -0.6510E-06  0.7336E-01 -0.1485      0.7378E-01   0.000       0.000       0.000        0.000       0.000       0.000       0.000       0.000       0.000                           -0.6510E-06 -0.6510E-06   0.000    
   9158400.0   10.80164416   10.9386   0.000       0.000      0.1369E-02  0.3247E-06  0.7322E-01 -0.1482      0.7364E-01   0.000       0.000       0.000        0.000       0.000       0.000       0.000       0.000       0.000                            0.3247E-06  0.3247E-06   0.000    
   9244800.0   10.82836184   10.9672   0.000       0.000      0.1388E-02 -0.2319E-05  0.7415E-01 -0.1501      0.7458E-01   0.000       0.000       0.000        0.000       0.000       0.000       0.000       0.000       0.000                           -0.2319E-05 -0.2319E-05   0.000    
   9331200.0   10.89604912   11.0395   0.000       0.000      0.1435E-02 -0.5876E-05  0.7654E-01 -0.1549      0.7696E-01   0.000       0.000       0.000        0.000       0.000       0.000       0.000       0.000       0.000                           -0.5876E-05 -0.5876E-05   0.000    
   9417600.0   11.06116746   11.2153   0.000       0.000      0.1541E-02 -0.1433E-04  0.8194E-01 -0.1658      0.8238E-01   0.000       0.000       0.000        0.000       0.000       0.000       0.000       0.000       0.000                           -0.1433E-04 -0.1433E-04   0.000    
   9504000.0   11.18221298   11.3435   0.000       0.000      0.1613E-02 -0.1051E-04  0.8620E-01 -0.1744      0.8664E-01   0.000       0.000       0.000        0.000       0.000       0.000       0.000       0.000       0.000                           -0.1051E-04 -0.1051E-04   0.000    
   9590400.0   11.15903491   11.3194   0.000       0.000      0.1603E-02  0.2012E-05  0.8663E-01 -0.1753      0.8708E-01   0.000       0.000       0.000        0.000       0.000       0.000       0.000       0.000       0.000                            0.2012E-05  0.2012E-05   0.000    
   9676800.0   11.13121054   11.2903   0.000       0.000      0.1591E-02  0.2415E-05  0.8629E-01 -0.1746      0.8674E-01   0.000       0.000       0.000        0.000       0.000       0.000       0.000       0.000       0.000                            0.2415E-05  0.2415E-05   0.000    
   9763200.0   11.10189792   11.2596   0.000       0.000      0.1577E-02  0.2544E-05  0.8559E-01 -0.1732      0.8604E-01   0.000       0.000       0.000        0.000       0.000       0.000       0.000       0.000       0.000                            0.2544E-05  0.2544E-05   0.000    
   9849600.0   11.07412343   11.2303   0.000       0.000      0.1561E-02  0.2411E-05  0.8477E-01 -0.1716      0.8522E-01   0.000       0.000       0.000        0.000       0.000       0.000       0.000       0.000       0.000                            0.2411E-05  0.2411E-05   0.000    
   9936000.0   11.09213897   11.2495   0.000       0.000      0.1573E-02 -0.1564E-05  0.8514E-01 -0.1723      0.8560E-01   0.000       0.000       0.000        0.000       0.000       0.000       0.000       0.000       0.000                           -0.1564E-05 -0.1564E-05   0.000    
  10022400.0   11.10687151   11.2652   0.000       0.000      0.1583E-02 -0.1279E-05  0.8562E-01 -0.1733      0.8608E-01   0.000       0.000       0.000        0.000       0.000       0.000       0.000       0.000       0.000                           -0.1279E-05 -0.1279E-05   0.000    
  10108800.0   11.11122714   11.2699   0.000       0.000      0.1587E-02 -0.3781E-06  0.8586E-01 -0.1738      0.8632E-01   0.000       0.000       0.000        0.000       0.000       0.000       0.000       0.000       0.000                           -0.3781E-06 -0.3781E-06   0.000    
  10195200.0   11.12324471   11.2827   0.000       0.000      0.1595E-02 -0.1043E-05  0.8626E-01 -0.1746      0.8673E-01   0.000       0.000       0.000        0.000       0.000       0.000       0.000       0.000       0.000                           -0.1043E-05 -0.1043E-05   0.000    
  10281600.0   11.12959754   11.2896   0.000       0.000      0.1600E-02 -0.5515E-06  0.8655E-01 -0.1752      0.8701E-01   0.000       0.000       0.000        0.000       0.000       0.000       0.000       0.000       0.000                           -0.5515E-06 -0.5515E-06   0.000    
  10368000.0   11.11753978   11.2770   0.000       0.000      0.1594E-02  0.1047E-05  0.8634E-01 -0.1747      0.8681E-01   0.000       0.000       0.000        0.000       0.000       0.000       0.000       0.000       0.000                            0.1047E-05  0.1047E-05   0.000    
  10454400.0   11.09917406   11.2576   0.000       0.000      0.1584E-02  0.1594E-05  0.8583E-01 -0.1737      0.8629E-01   0.000       0.000       0.000        0.000       0.000       0.000       0.000       0.000       0.000                            0.1594E-05  0.1594E-05   0.000    
  10540800.0   11.09828812   11.2567   0.000       0.000      0.1585E-02  0.7690E-07  0.8573E-01 -0.1735      0.8620E-01   0.000       0.000       0.000        0.000       0.000       0.000       0.000       0.000       0.000                            0.7690E-07  0.7690E-07   0.000    
  10627200.0   11.10631798   11.2653   0.000       0.000      0.1590E-02 -0.6970E-06  0.8594E-01 -0.1739      0.8641E-01   0.000       0.000       0.000        0.000       0.000       0.000       0.000       0.000       0.000                           -0.6970E-06 -0.6970E-06   0.000    
  10713600.0   11.10686906   11.2660   0.000       0.000      0.1591E-02 -0.4784E-07  0.8600E-01 -0.1741      0.8647E-01   0.000       0.000       0.000        0.000       0.000       0.000       0.000       0.000       0.000                           -0.4784E-07 -0.4784E-07   0.000    
  10800000.0   11.09792425   11.2565   0.000       0.000      0.1586E-02  0.7765E-06  0.8577E-01 -0.1736      0.8624E-01   0.000       0.000       0.000        0.000       0.000       0.000       0.000       0.000       0.000                            0.7765E-06  0.7765E-06   0.000    
  10886400.0   11.08296709   11.2408   0.000       0.000      0.1578E-02  0.1298E-05  0.8535E-01 -0.1727      0.8582E-01   0.000       0.000       0.000        0.000       0.000       0.000       0.000       0.000       0.000                            0.1298E-05  0.1298E-05   0.000    
  10972800.0   11.06514404   11.2219   0.000       0.000      0.1567E-02  0.1547E-05  0.8476E-01 -0.1715      0.8522E-01   0.000       0.000       0.000        0.000       0.000       0.000       0.000       0.000       0.000                            0.1547E-05  0.1547E-05   0.000    
  11059200.0   11.04428794   11.1998   0.000       0.000      0.1555E-02  0.1810E-05  0.8406E-01 -0.1701      0.8452E-01   0.000       0.000       0.000        0.000       0.000       0.000       0.000       0.000       0.000                            0.1810E-05  0.1810E-05   0.000    
  11145600.0   11.02336404   11.1776   0.000       0.000      0.1542E-02  0.1816E-05  0.8331E-01 -0.1686      0.8377E-01   0.000       0.000       0.000        0.000       0.000       0.000       0.000       0.000       0.000                            0.1816E-05  0.1816E-05   0.000    
  11232000.0   11.00345801   11.1563   0.000       0.000      0.1529E-02  0.1728E-05  0.8253E-01 -0.1671      0.8299E-01   0.000       0.000       0.000        0.000       0.000       0.000       0.000       0.000       0.000                            0.1728E-05  0.1728E-05   0.000    
  11318400.0   10.98431557   11.1359   0.000       0.000      0.1516E-02  0.1662E-05  0.8179E-01 -0.1656      0.8225E-01   0.000       0.000       0.000        0.000       0.000       0.000       0.000       0.000       0.000                            0.1662E-05  0.1662E-05   0.000    
  11404800.0   10.98855546   11.1404   0.000       0.000      0.1519E-02 -0.3680E-06  0.8175E-01 -0.1655      0.8221E-01   0.000       0.000       0.000        0.000       0.000       0.000       0.000       0.000       0.000                           -0.3680E-06 -0.3680E-06   0.000    
  11491200.0   10.97162068   11.1223   0.000       0.000      0.1506E-02  0.1470E-05  0.8115E-01 -0.1643      0.8160E-01   0.000       0.000       0.000        0.000       0.000       0.000       0.000       0.000       0.000                            0.1470E-05  0.1470E-05   0.000    
  11577600.0   10.99678326   11.1490   0.000       0.000      0.1523E-02 -0.2184E-05  0.8179E-01 -0.1656      0.8225E-01   0.000       0.000       0.000        0.000       0.000       0.000       0.000       0.000       0.000                           -0.2184E-05 -0.2184E-05   0.000    
  11664000.0   11.06652559   11.2231   0.000       0.000      0.1566E-02 -0.6054E-05  0.8390E-01 -0.1698      0.8436E-01   0.000       0.000       0.000        0.000       0.000       0.000       0.000       0.000       0.000                           -0.6054E-05 -0.6054E-05   0.000    
  11750400.0   11.23372491   11.4000   0.000       0.000      0.1663E-02 -0.1451E-04  0.8870E-01 -0.1795      0.8917E-01   0.000       0.000       0.000        0.000       0.000       0.000       0.000       0.000       0.000                           -0.1451E-04 -0.1451E-04   0.000    
  11836800.0   11.20092484   11.3656   0.000       0.000      0.1646E-02  0.2847E-05  0.8884E-01 -0.1798      0.8931E-01   0.000       0.000       0.000        0.000       0.000       0.000       0.000       0.000       0.000                            0.2847E-05  0.2847E-05   0.000    
  11923200.0   11.17162296   11.3350   0.000       0.000      0.1633E-02  0.2544E-05  0.8838E-01 -0.1789      0.8885E-01   0.000       0.000       0.000        0.000       0.000       0.000       0.000       0.000       0.000                            0.2544E-05  0.2544E-05   0.000    
  12009600.0   11.14474515   11.3067   0.000       0.000      0.1619E-02  0.2333E-05  0.8768E-01 -0.1775      0.8815E-01   0.000       0.000       0.000        0.000       0.000       0.000       0.000       0.000       0.000                            0.2333E-05  0.2333E-05   0.000    
  12096000.0   11.13801468   11.2996   0.000       0.000      0.1616E-02  0.5842E-06  0.8742E-01 -0.1769      0.8789E-01   0.000       0.000       0.000        0.000       0.000       0.000       0.000       0.000       0.000                            0.5842E-06  0.5842E-06   0.000    
  12182400.0   11.12908648   11.2903   0.000       0.000      0.1612E-02  0.7750E-06  0.8714E-01 -0.1764      0.8761E-01   0.000       0.000       0.000        0.000       0.000       0.000       0.000       0.000       0.000                            0.7750E-06  0.7750E-06   0.000    
  12268800.0   11.11442958   11.2748   0.000       0.000      0.1603E-02  0.1272E-05  0.8668E-01 -0.1754      0.8716E-01   0.000       0.000       0.000        0.000       0.000       0.000       0.000       0.000       0.000                            0.1272E-05  0.1272E-05   0.000    
  12355200.0   11.09621962   11.2555   0.000       0.000      0.1593E-02  0.1581E-05  0.8611E-01 -0.1743      0.8658E-01   0.000       0.000       0.000        0.000       0.000       0.000       0.000       0.000       0.000                            0.1581E-05  0.1581E-05   0.000    
  12441600.0   11.08328116   11.2418   0.000       0.000      0.1585E-02  0.1123E-05  0.8562E-01 -0.1733      0.8609E-01   0.000       0.000       0.000        0.000       0.000       0.000       0.000       0.000       0.000                            0.1123E-05  0.1123E-05   0.000    
  12528000.0   11.12721637   11.2884   0.000       0.000      0.1612E-02 -0.3814E-05  0.8673E-01 -0.1755      0.8720E-01   0.000       0.000       0.000        0.000       0.000       0.000       0.000       0.000       0.000                           -0.3814E-05 -0.3814E-05   0.000    
  12614400.0   11.17760368   11.3417   0.000       0.000      0.1641E-02 -0.4374E-05  0.8822E-01 -0.1786      0.8870E-01   0.000       0.000       0.000        0.000       0.000       0.000       0.000       0.000       0.000                           -0.4374E-05 -0.4374E-05   0.000    
  12700800.0   11.16918469   11.3329   0.000       0.000      0.1637E-02  0.7308E-06  0.8833E-01 -0.1788      0.8881E-01   0.000       0.000       0.000        0.000       0.000       0.000       0.000       0.000       0.000                            0.7308E-06  0.7308E-06   0.000    
  12787200.0   11.15393210   11.3169   0.000       0.000      0.1630E-02  0.1324E-05  0.8803E-01 -0.1782      0.8851E-01   0.000       0.000       0.000        0.000       0.000       0.000       0.000       0.000       0.000                            0.1324E-05  0.1324E-05   0.000    
  12873600.0   11.13370684   11.2956   0.000       0.000      0.1619E-02  0.1756E-05  0.8749E-01 -0.1771      0.8797E-01   0.000       0.000       0.000        0.000       0.000       0.000       0.000       0.000       0.000                            0.1756E-05  0.1756E-05   0.000    
  12960000.0   11.13829873   11.3005   0.000       0.000      0.1622E-02 -0.3986E-06  0.8752E-01 -0.1771      0.8800E-01   0.000       0.000       0.000        0.000       0.000       0.000       0.000       0.000       0.000                           -0.3986E-06 -0.3986E-06   0.000    
  13046400.0   11.12925640   11.2909   0.000       0.000      0.1617E-02  0.7849E-06  0.8727E-01 -0.1766      0.8775E-01   0.000       0.000       0.000        0.000       0.000       0.000       0.000       0.000       0.000                            0.7849E-06  0.7849E-06   0.000    
  13132800.0   11.11592124   11.2768   0.000       0.000      0.1609E-02  0.1158E-05  0.8686E-01 -0.1758      0.8734E-01   0.000       0.000       0.000        0.000       0.000       0.000       0.000       0.000       0.000                            0.1158E-05  0.1158E-05   0.000    
  13219200.0   11.10656127   11.2669   0.000       0.000      0.1604E-02  0.8125E-06  0.8652E-01 -0.1751      0.8700E-01   0.000       0.000       0.000        0.000       0.000       0.000       0.000       0.000       0.000                            0.8125E-06  0.8125E-06   0.000    
  13305600.0   11.09284296   11.2524   0.000       0.000      0.1596E-02  0.1191E-05  0.8608E-01 -0.1742      0.8655E-01   0.000       0.000       0.000        0.000       0.000       0.000       0.000       0.000       0.000                            0.1191E-05  0.1191E-05   0.000    
  13392000.0   11.11351432   11.2743   0.000       0.000      0.1608E-02 -0.1794E-05  0.8654E-01 -0.1752      0.8702E-01   0.000       0.000       0.000        0.000       0.000       0.000       0.000       0.000       0.000                           -0.1794E-05 -0.1794E-05   0.000    
  13478400.0   11.12889069   11.2906   0.000       0.000      0.1617E-02 -0.1335E-05  0.8703E-01 -0.1761      0.8750E-01   0.000       0.000       0.000        0.000       0.000       0.000       0.000       0.000       0.000                           -0.1335E-05 -0.1335E-05   0.000    
  13564800.0   11.12444118   11.2859   0.000       0.000      0.1615E-02  0.3862E-06  0.8700E-01 -0.1761      0.8748E-01   0.000       0.000       0.000        0.000       0.000       0.000       0.000       0.000       0.000                            0.3862E-06  0.3862E-06   0.000    
  13651200.0   11.11520492   11.2762   0.000       0.000      0.1609E-02  0.8018E-06  0.8677E-01 -0.1756      0.8724E-01   0.000       0.000       0.000        0.000       0.000       0.000       0.000       0.000       0.000                            0.8018E-06  0.8018E-06   0.000    
  13737600.0   11.10204450   11.2622   0.000       0.000      0.1602E-02  0.1142E-05  0.8638E-01 -0.1748      0.8686E-01   0.000       0.000       0.000        0.000       0.000       0.000       0.000       0.000       0.000                            0.1142E-05  0.1142E-05   0.000    
  13824000.0   11.14507179   11.3078   0.000       0.000      0.1628E-02 -0.3735E-05  0.8747E-01 -0.1770      0.8795E-01   0.000       0.000       0.000        0.000       0.000       0.000       0.000       0.000       0.000                           -0.3735E-05 -0.3735E-05   0.000    
  13910400.0   11.20662205   11.3729   0.000       0.000      0.1663E-02 -0.5343E-05  0.8927E-01 -0.1807      0.8975E-01   0.000       0.000       0.000        0.000       0.000       0.000       0.000       0.000       0.000                           -0.5343E-05 -0.5343E-05   0.000    
  13996800.0   11.20479626   11.3711   0.000       0.000      0.1663E-02  0.1585E-06  0.8960E-01 -0.1814      0.9009E-01   0.000       0.000       0.000        0.000       0.000       0.000       0.000       0.000       0.000                            0.1585E-06  0.1585E-06   0.000    
  14083200.0   11.19050408   11.3561   0.000       0.000      0.1656E-02  0.1241E-05  0.8939E-01 -0.1809      0.8987E-01   0.000       0.000       0.000        0.000       0.000       0.000       0.000       0.000       0.000                            0.1241E-05  0.1241E-05   0.000    
  14169600.0   11.20459234   11.3712   0.000       0.000      0.1666E-02 -0.1223E-05  0.8980E-01 -0.1817      0.9028E-01   0.000       0.000       0.000        0.000       0.000       0.000       0.000       0.000       0.000                           -0.1223E-05 -0.1223E-05   0.000    
  14256000.0   11.21628830   11.3836   0.000       0.000      0.1673E-02 -0.1015E-05  0.9020E-01 -0.1826      0.9068E-01   0.000       0.000       0.000        0.000       0.000       0.000       0.000       0.000       0.000                           -0.1015E-05 -0.1015E-05   0.000    
  14342400.0   11.27546852   11.4461   0.000       0.000      0.1707E-02 -0.5137E-05  0.9177E-01 -0.1857      0.9226E-01   0.000       0.000       0.000        0.000       0.000       0.000       0.000       0.000       0.000                           -0.5137E-05 -0.5137E-05   0.000    
  14428800.0   11.42784591   11.6067   0.000       0.000      0.1788E-02 -0.1323E-04  0.9568E-01 -0.1936      0.9618E-01   0.000       0.000       0.000        0.000       0.000       0.000       0.000       0.000       0.000                           -0.1323E-04 -0.1323E-04   0.000    
  14515200.0   11.42296905   11.6018   0.000       0.000      0.1789E-02  0.4233E-06  0.9647E-01 -0.1952      0.9697E-01   0.000       0.000       0.000        0.000       0.000       0.000       0.000       0.000       0.000                            0.4233E-06  0.4233E-06   0.000    
  14601600.0   11.44585496   11.6263   0.000       0.000      0.1804E-02 -0.1987E-05  0.9740E-01 -0.1971      0.9791E-01   0.000       0.000       0.000        0.000       0.000       0.000       0.000       0.000       0.000                           -0.1987E-05 -0.1987E-05   0.000    
  14688000.0   11.49631828   11.6796   0.000       0.000      0.1833E-02 -0.4380E-05  0.9885E-01 -0.2000      0.9936E-01   0.000       0.000       0.000        0.000       0.000       0.000       0.000       0.000       0.000                           -0.4380E-05 -0.4380E-05   0.000    
  14774400.0   11.51420093   11.6987   0.000       0.000      0.1845E-02 -0.1552E-05  0.9967E-01 -0.2017      0.1002       0.000       0.000       0.000        0.000       0.000       0.000       0.000       0.000       0.000                           -0.1552E-05 -0.1552E-05   0.000    
  14860800.0   11.50415882   11.6885   0.000       0.000      0.1843E-02  0.8717E-06  0.9978E-01 -0.2019      0.1003       0.000       0.000       0.000        0.000       0.000       0.000       0.000       0.000       0.000                            0.8717E-06  0.8717E-06   0.000    
  14947200.0   11.49071947   11.6746   0.000       0.000      0.1839E-02  0.1167E-05  0.9963E-01 -0.2016      0.1002       0.000       0.000       0.000        0.000       0.000       0.000       0.000       0.000       0.000                            0.1167E-05  0.1167E-05   0.000    
  15033600.0   11.46928423   11.6524   0.000       0.000      0.1832E-02  0.1861E-05  0.9925E-01 -0.2009      0.9977E-01   0.000       0.000       0.000        0.000       0.000       0.000       0.000       0.000       0.000                            0.1861E-05  0.1861E-05   0.000    
  15120000.0   11.44454182   11.6266   0.000       0.000      0.1821E-02  0.2148E-05  0.9866E-01 -0.1997      0.9918E-01   0.000       0.000       0.000        0.000       0.000       0.000       0.000       0.000       0.000                            0.2148E-05  0.2148E-05   0.000    
  15206400.0   11.41610035   11.5969   0.000       0.000      0.1808E-02  0.2469E-05  0.9795E-01 -0.1982      0.9847E-01   0.000       0.000       0.000        0.000       0.000       0.000       0.000       0.000       0.000                            0.2469E-05  0.2469E-05   0.000    
  15292800.0   11.38606609   11.5653   0.000       0.000      0.1793E-02  0.2607E-05  0.9710E-01 -0.1965      0.9762E-01   0.000       0.000       0.000        0.000       0.000       0.000       0.000       0.000       0.000                            0.2607E-05  0.2607E-05   0.000    
  15379200.0   11.42502105   11.6064   0.000       0.000      0.1814E-02 -0.3382E-05  0.9780E-01 -0.1979      0.9832E-01   0.000       0.000       0.000        0.000       0.000       0.000       0.000       0.000       0.000                           -0.3382E-05 -0.3382E-05   0.000    
  15465600.0   11.44334768   11.6257   0.000       0.000      0.1824E-02 -0.1591E-05  0.9832E-01 -0.1990      0.9884E-01   0.000       0.000       0.000        0.000       0.000       0.000       0.000       0.000       0.000                           -0.1591E-05 -0.1591E-05   0.000    
  15552000.0   11.42895281   11.6107   0.000       0.000      0.1818E-02  0.1250E-05  0.9814E-01 -0.1986      0.9867E-01   0.000       0.000       0.000        0.000       0.000       0.000       0.000       0.000       0.000                            0.1250E-05  0.1250E-05   0.000    
  15638400.0   11.40280183   11.5834   0.000       0.000      0.1806E-02  0.2270E-05  0.9757E-01 -0.1975      0.9809E-01   0.000       0.000       0.000        0.000       0.000       0.000       0.000       0.000       0.000                            0.2270E-05  0.2270E-05   0.000    
  15724800.0   11.37528311   11.5545   0.000       0.000      0.1792E-02  0.2389E-05  0.9685E-01 -0.1960      0.9736E-01   0.000       0.000       0.000        0.000       0.000       0.000       0.000       0.000       0.000                            0.2389E-05  0.2389E-05   0.000    
  15811200.0   11.34800770   11.5258   0.000       0.000      0.1778E-02  0.2368E-05  0.9605E-01 -0.1944      0.9656E-01   0.000       0.000       0.000        0.000       0.000       0.000       0.000       0.000       0.000                            0.2368E-05  0.2368E-05   0.000    
  15897600.0   11.32187046   11.4983   0.000       0.000      0.1764E-02  0.2269E-05  0.9523E-01 -0.1928      0.9575E-01   0.000       0.000       0.000        0.000       0.000       0.000       0.000       0.000       0.000                            0.2269E-05  0.2269E-05   0.000    
  15984000.0   11.30335349   11.4788   0.000       0.000      0.1754E-02  0.1607E-05  0.9458E-01 -0.1914      0.9510E-01   0.000       0.000       0.000        0.000       0.000       0.000       0.000       0.000       0.000                            0.1607E-05  0.1607E-05   0.000    
  16070400.0   11.27965299   11.4537   0.000       0.000      0.1740E-02  0.2057E-05  0.9380E-01 -0.1899      0.9432E-01   0.000       0.000       0.000        0.000       0.000       0.000       0.000       0.000       0.000                            0.2057E-05  0.2057E-05   0.000    
  16156800.0   11.25648771   11.4292   0.000       0.000      0.1727E-02  0.2011E-05  0.9304E-01 -0.1883      0.9356E-01   0.000       0.000       0.000        0.000       0.000       0.000       0.000       0.000       0.000                            0.2011E-05  0.2011E-05   0.000    
  16243200.0   11.23381865   11.4052   0.000       0.000      0.1714E-02  0.1968E-05  0.9225E-01 -0.1867      0.9276E-01   0.000       0.000       0.000        0.000       0.000       0.000       0.000       0.000       0.000                            0.1968E-05  0.1968E-05   0.000    
  16329600.0   11.21180910   11.3819   0.000       0.000      0.1701E-02  0.1911E-05  0.9149E-01 -0.1852      0.9199E-01   0.000       0.000       0.000        0.000       0.000       0.000       0.000       0.000       0.000                            0.1911E-05  0.1911E-05   0.000    
  16416000.0   11.19061627   11.3593   0.000       0.000      0.1687E-02  0.1840E-05  0.9071E-01 -0.1836      0.9122E-01   0.000       0.000       0.000        0.000       0.000       0.000       0.000       0.000       0.000                            0.1840E-05  0.1840E-05   0.000    
  16502400.0   11.17008801   11.3375   0.000       0.000      0.1674E-02  0.1782E-05  0.8997E-01 -0.1821      0.9047E-01   0.000       0.000       0.000        0.000       0.000       0.000       0.000       0.000       0.000                            0.1782E-05  0.1782E-05   0.000    
  16588800.0   11.15036323   11.3165   0.000       0.000      0.1662E-02  0.1712E-05  0.8922E-01 -0.1806      0.8973E-01   0.000       0.000       0.000        0.000       0.000       0.000       0.000       0.000       0.000                            0.1712E-05  0.1712E-05   0.000    
  16675200.0   11.13137894   11.2963   0.000       0.000      0.1649E-02  0.1648E-05  0.8850E-01 -0.1791      0.8900E-01   0.000       0.000       0.000        0.000       0.000       0.000       0.000       0.000       0.000                            0.1648E-05  0.1648E-05   0.000    
  16761600.0   11.11662086   11.2805   0.000       0.000      0.1639E-02  0.1281E-05  0.8790E-01 -0.1779      0.8839E-01   0.000       0.000       0.000        0.000       0.000       0.000       0.000       0.000       0.000                            0.1281E-05  0.1281E-05   0.000    
  16848000.0   11.10539278   11.2685   0.000       0.000      0.1631E-02  0.9747E-06  0.8740E-01 -0.1769      0.8789E-01   0.000       0.000       0.000        0.000       0.000       0.000       0.000       0.000       0.000                            0.9747E-06  0.9747E-06   0.000    
  16934400.0   11.10709284   11.2702   0.000       0.000      0.1631E-02 -0.1476E-06  0.8729E-01 -0.1767      0.8779E-01   0.000       0.000       0.000        0.000       0.000       0.000       0.000       0.000       0.000                           -0.1476E-06 -0.1476E-06   0.000    
  17020800.0   11.10208731   11.2647   0.000       0.000      0.1626E-02  0.4345E-06  0.8707E-01 -0.1763      0.8756E-01   0.000       0.000       0.000        0.000       0.000       0.000       0.000       0.000       0.000                            0.4345E-06  0.4345E-06   0.000    
  17107200.0   11.08567191   11.2472   0.000       0.000      0.1615E-02  0.1425E-05  0.8653E-01 -0.1752      0.8702E-01   0.000       0.000       0.000        0.000       0.000       0.000       0.000       0.000       0.000                            0.1425E-05  0.1425E-05   0.000    
  17193600.0   11.06993531   11.2304   0.000       0.000      0.1604E-02  0.1366E-05  0.8595E-01 -0.1740      0.8644E-01   0.000       0.000       0.000        0.000       0.000       0.000       0.000       0.000       0.000                            0.1366E-05  0.1366E-05   0.000    
  17280000.0   11.05403947   11.2133   0.000       0.000      0.1593E-02  0.1380E-05  0.8533E-01 -0.1727      0.8581E-01   0.000       0.000       0.000        0.000       0.000       0.000       0.000       0.000       0.000                            0.1380E-05  0.1380E-05   0.000    
  17366400.0   11.03811308   11.1963   0.000       0.000      0.1582E-02  0.1382E-05  0.8472E-01 -0.1715      0.8520E-01   0.000       0.000       0.000        0.000       0.000       0.000       0.000       0.000       0.000                            0.1382E-05  0.1382E-05   0.000    
  17452800.0   11.02276361   11.1798   0.000       0.000      0.1571E-02  0.1332E-05  0.8409E-01 -0.1702      0.8457E-01   0.000       0.000       0.000        0.000       0.000       0.000       0.000       0.000       0.000                            0.1332E-05  0.1332E-05   0.000    
  17539200.0   11.00777350   11.1638   0.000       0.000      0.1560E-02  0.1301E-05  0.8349E-01 -0.1690      0.8397E-01   0.000       0.000       0.000        0.000       0.000       0.000       0.000       0.000       0.000                            0.1301E-05  0.1301E-05   0.000    
  17625600.0   10.99340057   11.1483   0.000       0.000      0.1549E-02  0.1248E-05  0.8288E-01 -0.1678      0.8336E-01   0.000       0.000       0.000        0.000       0.000       0.000       0.000       0.000       0.000                            0.1248E-05  0.1248E-05   0.000    
  17712000.0   10.98474799   11.1389   0.000       0.000      0.1542E-02  0.7511E-06  0.8245E-01 -0.1669      0.8293E-01   0.000       0.000       0.000        0.000       0.000       0.000       0.000       0.000       0.000                            0.7511E-06  0.7511E-06   0.000    
  17798400.0   10.97161505   11.1248   0.000       0.000      0.1532E-02  0.1140E-05  0.8192E-01 -0.1658      0.8239E-01   0.000       0.000       0.000        0.000       0.000       0.000       0.000       0.000       0.000                            0.1140E-05  0.1140E-05   0.000    
  17884800.0   10.95831122   11.1104   0.000       0.000      0.1521E-02  0.1155E-05  0.8135E-01 -0.1647      0.8182E-01   0.000       0.000       0.000        0.000       0.000       0.000       0.000       0.000       0.000                            0.1155E-05  0.1155E-05   0.000    
  17971200.0   10.94535264   11.0965   0.000       0.000      0.1511E-02  0.1125E-05  0.8081E-01 -0.1636      0.8128E-01   0.000       0.000       0.000        0.000       0.000       0.000       0.000       0.000       0.000                            0.1125E-05  0.1125E-05   0.000    
  18057600.0   10.93293307   11.0830   0.000       0.000      0.1501E-02  0.1078E-05  0.8026E-01 -0.1625      0.8072E-01   0.000       0.000       0.000        0.000       0.000       0.000       0.000       0.000       0.000                            0.1078E-05  0.1078E-05   0.000    
  18144000.0   10.92079411   11.0699   0.000       0.000      0.1491E-02  0.1054E-05  0.7973E-01 -0.1614      0.8020E-01   0.000       0.000       0.000        0.000       0.000       0.000       0.000       0.000       0.000                            0.1054E-05  0.1054E-05   0.000    
  18230400.0   10.90910278   11.0573   0.000       0.000      0.1482E-02  0.1015E-05  0.7920E-01 -0.1603      0.7966E-01   0.000       0.000       0.000        0.000       0.000       0.000       0.000       0.000       0.000                            0.1015E-05  0.1015E-05   0.000    
  18316800.0   10.89769127   11.0449   0.000       0.000      0.1472E-02  0.9906E-06  0.7869E-01 -0.1593      0.7915E-01   0.000       0.000       0.000        0.000       0.000       0.000       0.000       0.000       0.000                            0.9906E-06  0.9906E-06   0.000    
  18403200.0   10.88664770   11.0329   0.000       0.000      0.1463E-02  0.9586E-06  0.7819E-01 -0.1583      0.7864E-01   0.000       0.000       0.000        0.000       0.000       0.000       0.000       0.000       0.000                            0.9586E-06  0.9586E-06   0.000    
  18489600.0   10.87589524   11.0213   0.000       0.000      0.1454E-02  0.9334E-06  0.7769E-01 -0.1573      0.7815E-01   0.000       0.000       0.000        0.000       0.000       0.000       0.000       0.000       0.000                            0.9334E-06  0.9334E-06   0.000    
  18576000.0   10.86542557   11.0099   0.000       0.000      0.1445E-02  0.9088E-06  0.7721E-01 -0.1563      0.7766E-01   0.000       0.000       0.000        0.000       0.000       0.000       0.000       0.000       0.000                            0.9088E-06  0.9088E-06   0.000    
  18662400.0   10.85531460   10.9989   0.000       0.000      0.1435E-02  0.8777E-06  0.7672E-01 -0.1553      0.7717E-01   0.000       0.000       0.000        0.000       0.000       0.000       0.000       0.000       0.000                            0.8777E-06  0.8777E-06   0.000    
  18748800.0   10.84533555   10.9880   0.000       0.000      0.1427E-02  0.8662E-06  0.7627E-01 -0.1544      0.7671E-01   0.000       0.000       0.000        0.000       0.000       0.000       0.000       0.000       0.000                            0.8662E-06  0.8662E-06   0.000    
  18835200.0   10.84618403   10.9888   0.000       0.000      0.1426E-02 -0.7365E-07  0.7617E-01 -0.1542      0.7662E-01   0.000       0.000       0.000        0.000       0.000       0.000       0.000       0.000       0.000                           -0.7365E-07 -0.7365E-07   0.000    
  18921600.0   10.83823310   10.9801   0.000       0.000      0.1418E-02  0.6902E-06  0.7582E-01 -0.1535      0.7626E-01   0.000       0.000       0.000        0.000       0.000       0.000       0.000       0.000       0.000                            0.6902E-06  0.6902E-06   0.000    
  19008000.0   10.82801240   10.9690   0.000       0.000      0.1409E-02  0.8872E-06  0.7538E-01 -0.1526      0.7582E-01   0.000       0.000       0.000        0.000       0.000       0.000       0.000       0.000       0.000                            0.8872E-06  0.8872E-06   0.000    
  19094400.0   10.81825962   10.9583   0.000       0.000      0.1401E-02  0.8466E-06  0.7492E-01 -0.1517      0.7537E-01   0.000       0.000       0.000        0.000       0.000       0.000       0.000       0.000       0.000                            0.8466E-06  0.8466E-06   0.000    
  19180800.0   10.80882379   10.9480   0.000       0.000      0.1392E-02  0.8191E-06  0.7448E-01 -0.1508      0.7492E-01   0.000       0.000       0.000        0.000       0.000       0.000       0.000       0.000       0.000                            0.8191E-06  0.8191E-06   0.000    
  19267200.0   10.79995319   10.9383   0.000       0.000      0.1384E-02  0.7700E-06  0.7405E-01 -0.1499      0.7448E-01   0.000       0.000       0.000        0.000       0.000       0.000       0.000       0.000       0.000                            0.7700E-06  0.7700E-06   0.000    
  19353600.0   10.79109239   10.9287   0.000       0.000      0.1376E-02  0.7692E-06  0.7361E-01 -0.1490      0.7405E-01   0.000       0.000       0.000        0.000       0.000       0.000       0.000       0.000       0.000                            0.7692E-06  0.7692E-06   0.000    
  19440000.0   10.78245868   10.9192   0.000       0.000      0.1368E-02  0.7495E-06  0.7319E-01 -0.1482      0.7362E-01   0.000       0.000       0.000        0.000       0.000       0.000       0.000       0.000       0.000                            0.7495E-06  0.7495E-06   0.000    
  19526400.0   10.77413437   10.9101   0.000       0.000      0.1359E-02  0.7226E-06  0.7276E-01 -0.1473      0.7319E-01   0.000       0.000       0.000        0.000       0.000       0.000       0.000       0.000       0.000                            0.7226E-06  0.7226E-06   0.000    
  19612800.0   10.76589724   10.9011   0.000       0.000      0.1352E-02  0.7150E-06  0.7237E-01 -0.1465      0.7279E-01   0.000       0.000       0.000        0.000       0.000       0.000       0.000       0.000       0.000                            0.7150E-06  0.7150E-06   0.000    
  19699200.0   10.75796368   10.8923   0.000       0.000      0.1344E-02  0.6887E-06  0.7195E-01 -0.1457      0.7238E-01   0.000       0.000       0.000        0.000       0.000       0.000       0.000       0.000       0.000                            0.6887E-06  0.6887E-06   0.000    
  19785600.0   10.75011435   10.8837   0.000       0.000      0.1336E-02  0.6814E-06  0.7157E-01 -0.1449      0.7199E-01   0.000       0.000       0.000        0.000       0.000       0.000       0.000       0.000       0.000                            0.6814E-06  0.6814E-06   0.000    
  19872000.0   10.74253474   10.8754   0.000       0.000      0.1329E-02  0.6580E-06  0.7117E-01 -0.1441      0.7159E-01   0.000       0.000       0.000        0.000       0.000       0.000       0.000       0.000       0.000                            0.6580E-06  0.6580E-06   0.000    
  19958400.0   10.74491354   10.8778   0.000       0.000      0.1329E-02 -0.2065E-06  0.7117E-01 -0.1441      0.7159E-01   0.000       0.000       0.000        0.000       0.000       0.000       0.000       0.000       0.000                           -0.2065E-06 -0.2065E-06   0.000    
  20044800.0   10.75125628   10.8845   0.000       0.000      0.1332E-02 -0.5506E-06  0.7136E-01 -0.1445      0.7178E-01   0.000       0.000       0.000        0.000       0.000       0.000       0.000       0.000       0.000                           -0.5506E-06 -0.5506E-06   0.000    
  20131200.0   10.74192332   10.8743   0.000       0.000      0.1323E-02  0.8102E-06  0.7099E-01 -0.1437      0.7141E-01   0.000       0.000       0.000        0.000       0.000       0.000       0.000       0.000       0.000                            0.8102E-06  0.8102E-06   0.000    
  20217600.0   10.73634091   10.8681   0.000       0.000      0.1318E-02  0.4846E-06  0.7072E-01 -0.1432      0.7114E-01   0.000       0.000       0.000        0.000       0.000       0.000       0.000       0.000       0.000                            0.4846E-06  0.4846E-06   0.000    
  20304000.0   10.73000639   10.8611   0.000       0.000      0.1311E-02  0.5499E-06  0.7041E-01 -0.1425      0.7082E-01   0.000       0.000       0.000        0.000       0.000       0.000       0.000       0.000       0.000                            0.5499E-06  0.5499E-06   0.000    
  20390400.0   10.72181379   10.8522   0.000       0.000      0.1304E-02  0.7112E-06  0.7002E-01 -0.1417      0.7043E-01   0.000       0.000       0.000        0.000       0.000       0.000       0.000       0.000       0.000                            0.7112E-06  0.7112E-06   0.000    
  20476800.0   10.71397748   10.8436   0.000       0.000      0.1296E-02  0.6802E-06  0.6962E-01 -0.1409      0.7003E-01   0.000       0.000       0.000        0.000       0.000       0.000       0.000       0.000       0.000                            0.6802E-06  0.6802E-06   0.000    
  20563200.0   10.70639517   10.8352   0.000       0.000      0.1288E-02  0.6582E-06  0.6923E-01 -0.1402      0.6964E-01   0.000       0.000       0.000        0.000       0.000       0.000       0.000       0.000       0.000                            0.6582E-06  0.6582E-06   0.000    
  20649600.0   10.69911111   10.8272   0.000       0.000      0.1281E-02  0.6323E-06  0.6885E-01 -0.1394      0.6925E-01   0.000       0.000       0.000        0.000       0.000       0.000       0.000       0.000       0.000                            0.6323E-06  0.6323E-06   0.000    
  20736000.0   10.69200247   10.8194   0.000       0.000      0.1274E-02  0.6171E-06  0.6848E-01 -0.1386      0.6888E-01   0.000       0.000       0.000        0.000       0.000       0.000       0.000       0.000       0.000                            0.6171E-06  0.6171E-06   0.000    
  20822400.0   10.68515484   10.8118   0.000       0.000      0.1267E-02  0.5944E-06  0.6810E-01 -0.1379      0.6851E-01   0.000       0.000       0.000        0.000       0.000       0.000       0.000       0.000       0.000                            0.5944E-06  0.5944E-06   0.000    
  20908800.0   10.67843296   10.8044   0.000       0.000      0.1260E-02  0.5835E-06  0.6775E-01 -0.1372      0.6815E-01   0.000       0.000       0.000        0.000       0.000       0.000       0.000       0.000       0.000                            0.5835E-06  0.5835E-06   0.000    
  20995200.0   10.67195041   10.7972   0.000       0.000      0.1253E-02  0.5627E-06  0.6739E-01 -0.1364      0.6779E-01   0.000       0.000       0.000        0.000       0.000       0.000       0.000       0.000       0.000                            0.5627E-06  0.5627E-06   0.000    
  21081600.0   10.66555702   10.7902   0.000       0.000      0.1246E-02  0.5550E-06  0.6705E-01 -0.1357      0.6745E-01   0.000       0.000       0.000        0.000       0.000       0.000       0.000       0.000       0.000                            0.5550E-06  0.5550E-06   0.000    
  21168000.0   10.65938774   10.7833   0.000       0.000      0.1239E-02  0.5355E-06  0.6670E-01 -0.1350      0.6709E-01   0.000       0.000       0.000        0.000       0.000       0.000       0.000       0.000       0.000                            0.5355E-06  0.5355E-06   0.000    
  21254400.0   10.65327711   10.7766   0.000       0.000      0.1233E-02  0.5304E-06  0.6637E-01 -0.1344      0.6676E-01   0.000       0.000       0.000        0.000       0.000       0.000       0.000       0.000       0.000                            0.5304E-06  0.5304E-06   0.000    
  21340800.0   10.64733837   10.7700   0.000       0.000      0.1227E-02  0.5155E-06  0.6603E-01 -0.1337      0.6643E-01   0.000       0.000       0.000        0.000       0.000       0.000       0.000       0.000       0.000                            0.5155E-06  0.5155E-06   0.000    
  21427200.0   10.64154134   10.7635   0.000       0.000      0.1220E-02  0.5032E-06  0.6570E-01 -0.1330      0.6610E-01   0.000       0.000       0.000        0.000       0.000       0.000       0.000       0.000       0.000                            0.5032E-06  0.5032E-06   0.000    
  21513600.0   10.63721212   10.7587   0.000       0.000      0.1215E-02  0.3758E-06  0.6545E-01 -0.1325      0.6584E-01   0.000       0.000       0.000        0.000       0.000       0.000       0.000       0.000       0.000                            0.3758E-06  0.3758E-06   0.000    
  21600000.0   10.64694821   10.7692   0.000       0.000      0.1222E-02 -0.8451E-06  0.6579E-01 -0.1332      0.6618E-01   0.000       0.000       0.000        0.000       0.000       0.000       0.000       0.000       0.000                           -0.8451E-06 -0.8451E-06   0.000    
  21686400.0   10.63965259   10.7611   0.000       0.000      0.1214E-02  0.6333E-06  0.6547E-01 -0.1326      0.6586E-01   0.000       0.000       0.000        0.000       0.000       0.000       0.000       0.000       0.000                            0.6333E-06  0.6333E-06   0.000    
  21772800.0   10.63283736   10.7536   0.000       0.000      0.1207E-02  0.5916E-06  0.6514E-01 -0.1319      0.6553E-01   0.000       0.000       0.000        0.000       0.000       0.000       0.000       0.000       0.000                            0.5916E-06  0.5916E-06   0.000    
  21859200.0   10.62644482   10.7465   0.000       0.000      0.1200E-02  0.5549E-06  0.6480E-01 -0.1312      0.6519E-01   0.000       0.000       0.000        0.000       0.000       0.000       0.000       0.000       0.000                            0.5549E-06  0.5549E-06   0.000    
  21945600.0   10.62042331   10.7398   0.000       0.000      0.1194E-02  0.5227E-06  0.6446E-01 -0.1305      0.6484E-01   0.000       0.000       0.000        0.000       0.000       0.000       0.000       0.000       0.000                            0.5227E-06  0.5227E-06   0.000    
  22032000.0   10.61456847   10.7333   0.000       0.000      0.1187E-02  0.5082E-06  0.6413E-01 -0.1298      0.6452E-01   0.000       0.000       0.000        0.000       0.000       0.000       0.000       0.000       0.000                            0.5082E-06  0.5082E-06   0.000    
  22118400.0   10.60892443   10.7270   0.000       0.000      0.1181E-02  0.4899E-06  0.6381E-01 -0.1292      0.6419E-01   0.000       0.000       0.000        0.000       0.000       0.000       0.000       0.000       0.000                            0.4899E-06  0.4899E-06   0.000    
  22204800.0   10.60349371   10.7210   0.000       0.000      0.1175E-02  0.4714E-06  0.6349E-01 -0.1285      0.6387E-01   0.000       0.000       0.000        0.000       0.000       0.000       0.000       0.000       0.000                            0.4714E-06  0.4714E-06   0.000    
  22291200.0   10.59815226   10.7151   0.000       0.000      0.1169E-02  0.4637E-06  0.6318E-01 -0.1279      0.6356E-01   0.000       0.000       0.000        0.000       0.000       0.000       0.000       0.000       0.000                            0.4637E-06  0.4637E-06   0.000    
  22377600.0   10.59296418   10.7093   0.000       0.000      0.1163E-02  0.4504E-06  0.6288E-01 -0.1273      0.6325E-01   0.000       0.000       0.000        0.000       0.000       0.000       0.000       0.000       0.000                            0.4504E-06  0.4504E-06   0.000    
  22464000.0   10.60482787   10.7221   0.000       0.000      0.1173E-02 -0.1030E-05  0.6334E-01 -0.1282      0.6372E-01   0.000       0.000       0.000        0.000       0.000       0.000       0.000       0.000       0.000                           -0.1030E-05 -0.1030E-05   0.000    
  22550400.0   10.60001460   10.7167   0.000       0.000      0.1167E-02  0.4178E-06  0.6314E-01 -0.1278      0.6352E-01   0.000       0.000       0.000        0.000       0.000       0.000       0.000       0.000       0.000                            0.4178E-06  0.4178E-06   0.000    
  22636800.0   10.59795612   10.7143   0.000       0.000      0.1164E-02  0.1787E-06  0.6302E-01 -0.1276      0.6340E-01   0.000       0.000       0.000        0.000       0.000       0.000       0.000       0.000       0.000                            0.1787E-06  0.1787E-06   0.000    
  22723200.0   10.64131958   10.7614   0.000       0.000      0.1201E-02 -0.3764E-05  0.6489E-01 -0.1314      0.6527E-01   0.000       0.000       0.000        0.000       0.000       0.000       0.000       0.000       0.000                           -0.3764E-05 -0.3764E-05   0.000    
  22809600.0   10.64002400   10.7598   0.000       0.000      0.1198E-02  0.1125E-06  0.6501E-01 -0.1316      0.6539E-01   0.000       0.000       0.000        0.000       0.000       0.000       0.000       0.000       0.000                            0.1125E-06  0.1125E-06   0.000    
  22896000.0   10.63684032   10.7563   0.000       0.000      0.1194E-02  0.2764E-06  0.6494E-01 -0.1315      0.6532E-01   0.000       0.000       0.000        0.000       0.000       0.000       0.000       0.000       0.000                            0.2764E-06  0.2764E-06   0.000    
  22982400.0   10.63268306   10.7517   0.000       0.000      0.1191E-02  0.3609E-06  0.6478E-01 -0.1311      0.6516E-01   0.000       0.000       0.000        0.000       0.000       0.000       0.000       0.000       0.000                            0.3609E-06  0.3609E-06   0.000    
  23068800.0   10.62811421   10.7467   0.000       0.000      0.1186E-02  0.3966E-06  0.6456E-01 -0.1307      0.6493E-01   0.000       0.000       0.000        0.000       0.000       0.000       0.000       0.000       0.000                            0.3966E-06  0.3966E-06   0.000    
  23155200.0   10.62239922   10.7404   0.000       0.000      0.1180E-02  0.4961E-06  0.6428E-01 -0.1301      0.6465E-01   0.000       0.000       0.000        0.000       0.000       0.000       0.000       0.000       0.000                            0.4961E-06  0.4961E-06   0.000    
  23241600.0   10.61629903   10.7337   0.000       0.000      0.1174E-02  0.5295E-06  0.6396E-01 -0.1295      0.6434E-01   0.000       0.000       0.000        0.000       0.000       0.000       0.000       0.000       0.000                            0.5295E-06  0.5295E-06   0.000    
  23328000.0   10.60988379   10.7267   0.000       0.000      0.1168E-02  0.5569E-06  0.6361E-01 -0.1288      0.6399E-01   0.000       0.000       0.000        0.000       0.000       0.000       0.000       0.000       0.000                            0.5569E-06  0.5569E-06   0.000    
  23414400.0   10.60339319   10.7195   0.000       0.000      0.1161E-02  0.5634E-06  0.6327E-01 -0.1281      0.6364E-01   0.000       0.000       0.000        0.000       0.000       0.000       0.000       0.000       0.000                            0.5634E-06  0.5634E-06   0.000    
  23500800.0   10.59719759   10.7127   0.000       0.000      0.1155E-02  0.5378E-06  0.6292E-01 -0.1274      0.6330E-01   0.000       0.000       0.000        0.000       0.000       0.000       0.000       0.000       0.000                            0.5378E-06  0.5378E-06   0.000    
  23587200.0   10.59119673   10.7061   0.000       0.000      0.1149E-02  0.5209E-06  0.6258E-01 -0.1267      0.6295E-01   0.000       0.000       0.000        0.000       0.000       0.000       0.000       0.000       0.000                            0.5209E-06  0.5209E-06   0.000    
  23673600.0   10.58531237   10.6996   0.000       0.000      0.1143E-02  0.5108E-06  0.6224E-01 -0.1260      0.6261E-01   0.000       0.000       0.000        0.000       0.000       0.000       0.000       0.000       0.000                            0.5108E-06  0.5108E-06   0.000    
  23760000.0   10.57938560   10.6930   0.000       0.000      0.1137E-02  0.5145E-06  0.6190E-01 -0.1253      0.6227E-01   0.000       0.000       0.000        0.000       0.000       0.000       0.000       0.000       0.000                            0.5145E-06  0.5145E-06   0.000    
  23846400.0   10.57358695   10.6866   0.000       0.000      0.1130E-02  0.5034E-06  0.6157E-01 -0.1246      0.6193E-01   0.000       0.000       0.000        0.000       0.000       0.000       0.000       0.000       0.000                            0.5034E-06  0.5034E-06   0.000    
  23932800.0   10.56801860   10.6805   0.000       0.000      0.1124E-02  0.4834E-06  0.6124E-01 -0.1240      0.6160E-01   0.000       0.000       0.000        0.000       0.000       0.000       0.000       0.000       0.000                            0.4834E-06  0.4834E-06   0.000    
  24019200.0   10.56263829   10.6745   0.000       0.000      0.1119E-02  0.4670E-06  0.6092E-01 -0.1233      0.6128E-01   0.000       0.000       0.000        0.000       0.000       0.000       0.000       0.000       0.000                            0.4670E-06  0.4670E-06   0.000    
  24105600.0   10.55742923   10.6687   0.000       0.000      0.1113E-02  0.4522E-06  0.6060E-01 -0.1227      0.6096E-01   0.000       0.000       0.000        0.000       0.000       0.000       0.000       0.000       0.000                            0.4522E-06  0.4522E-06   0.000    
  24192000.0   10.55232491   10.6630   0.000       0.000      0.1107E-02  0.4431E-06  0.6029E-01 -0.1220      0.6065E-01   0.000       0.000       0.000        0.000       0.000       0.000       0.000       0.000       0.000                            0.4431E-06  0.4431E-06   0.000    
  24278400.0   10.54729034   10.6574   0.000       0.000      0.1101E-02  0.4370E-06  0.5998E-01 -0.1214      0.6034E-01   0.000       0.000       0.000        0.000       0.000       0.000       0.000       0.000       0.000                            0.4370E-06  0.4370E-06   0.000    
  24364800.0   10.54238191   10.6519   0.000       0.000      0.1096E-02  0.4261E-06  0.5968E-01 -0.1208      0.6004E-01   0.000       0.000       0.000        0.000       0.000       0.000       0.000       0.000       0.000                            0.4261E-06  0.4261E-06   0.000    
  24451200.0   10.53761346   10.6466   0.000       0.000      0.1090E-02  0.4139E-06  0.5939E-01 -0.1202      0.5974E-01   0.000       0.000       0.000        0.000       0.000       0.000       0.000       0.000       0.000                            0.4139E-06  0.4139E-06   0.000    
  24537600.0   10.53297787   10.6415   0.000       0.000      0.1085E-02  0.4024E-06  0.5910E-01 -0.1196      0.5945E-01   0.000       0.000       0.000        0.000       0.000       0.000       0.000       0.000       0.000                            0.4024E-06  0.4024E-06   0.000    
  24624000.0   10.52846885   10.6364   0.000       0.000      0.1079E-02  0.3914E-06  0.5881E-01 -0.1191      0.5917E-01   0.000       0.000       0.000        0.000       0.000       0.000       0.000       0.000       0.000                            0.3914E-06  0.3914E-06   0.000    
  24710400.0   10.52409266   10.6315   0.000       0.000      0.1074E-02  0.3799E-06  0.5853E-01 -0.1185      0.5888E-01   0.000       0.000       0.000        0.000       0.000       0.000       0.000       0.000       0.000                            0.3799E-06  0.3799E-06   0.000    
  24796800.0   10.51977941   10.6267   0.000       0.000      0.1069E-02  0.3744E-06  0.5825E-01 -0.1179      0.5861E-01   0.000       0.000       0.000        0.000       0.000       0.000       0.000       0.000       0.000                            0.3744E-06  0.3744E-06   0.000    
  24883200.0   10.51577613   10.6222   0.000       0.000      0.1064E-02  0.3475E-06  0.5800E-01 -0.1174      0.5835E-01   0.000       0.000       0.000        0.000       0.000       0.000       0.000       0.000       0.000                            0.3475E-06  0.3475E-06   0.000    
  24969600.0   10.51613021   10.6225   0.000       0.000      0.1063E-02 -0.3074E-07  0.5796E-01 -0.1173      0.5831E-01   0.000       0.000       0.000        0.000       0.000       0.000       0.000       0.000       0.000                           -0.3074E-07 -0.3074E-07   0.000    
  25056000.0   10.51170263   10.6175   0.000       0.000      0.1058E-02  0.3843E-06  0.5770E-01 -0.1168      0.5805E-01   0.000       0.000       0.000        0.000       0.000       0.000       0.000       0.000       0.000                            0.3843E-06  0.3843E-06   0.000    
  25142400.0   10.50741217   10.6127   0.000       0.000      0.1053E-02  0.3724E-06  0.5743E-01 -0.1163      0.5778E-01   0.000       0.000       0.000        0.000       0.000       0.000       0.000       0.000       0.000                            0.3724E-06  0.3724E-06   0.000    
  25228800.0   10.51182812   10.6175   0.000       0.000      0.1056E-02 -0.3833E-06  0.5761E-01 -0.1166      0.5795E-01   0.000       0.000       0.000        0.000       0.000       0.000       0.000       0.000       0.000                           -0.3833E-06 -0.3833E-06   0.000    
  25315200.0   10.50780700   10.6129   0.000       0.000      0.1051E-02  0.3491E-06  0.5739E-01 -0.1162      0.5773E-01   0.000       0.000       0.000        0.000       0.000       0.000       0.000       0.000       0.000                            0.3491E-06  0.3491E-06   0.000    
  25401600.0   10.50837542   10.6135   0.000       0.000      0.1051E-02 -0.4934E-07  0.5738E-01 -0.1162      0.5773E-01   0.000       0.000       0.000        0.000       0.000       0.000       0.000       0.000       0.000                           -0.4934E-07 -0.4934E-07   0.000    
  25488000.0   10.50852482   10.6135   0.000       0.000      0.1050E-02 -0.1297E-07  0.5737E-01 -0.1161      0.5771E-01   0.000       0.000       0.000        0.000       0.000       0.000       0.000       0.000       0.000                           -0.1297E-07 -0.1297E-07   0.000    
  25574400.0   10.51145847   10.6167   0.000       0.000      0.1052E-02 -0.2547E-06  0.5750E-01 -0.1164      0.5784E-01   0.000       0.000       0.000        0.000       0.000       0.000       0.000       0.000       0.000                           -0.2547E-06 -0.2547E-06   0.000    
  25660800.0   10.50792671   10.6127   0.000       0.000      0.1048E-02  0.3066E-06  0.5731E-01 -0.1160      0.5765E-01   0.000       0.000       0.000        0.000       0.000       0.000       0.000       0.000       0.000                            0.3066E-06  0.3066E-06   0.000    
  25747200.0   10.51446175   10.6198   0.000       0.000      0.1054E-02 -0.5673E-06  0.5762E-01 -0.1166      0.5796E-01   0.000       0.000       0.000        0.000       0.000       0.000       0.000       0.000       0.000                           -0.5673E-06 -0.5673E-06   0.000    
  25833600.0   10.55071720   10.6595   0.000       0.000      0.1088E-02 -0.3147E-05  0.5941E-01 -0.1203      0.5976E-01   0.000       0.000       0.000        0.000       0.000       0.000       0.000       0.000       0.000                           -0.3147E-05 -0.3147E-05   0.000    
  25920000.0   10.59940392   10.7125   0.000       0.000      0.1131E-02 -0.4226E-05  0.6184E-01 -0.1251      0.6218E-01   0.000       0.000       0.000        0.000       0.000       0.000       0.000       0.000       0.000                           -0.4226E-05 -0.4226E-05   0.000    
  26006400.0   10.64860351   10.7658   0.000       0.000      0.1172E-02 -0.4271E-05  0.6428E-01 -0.1301      0.6463E-01   0.000       0.000       0.000        0.000       0.000       0.000       0.000       0.000       0.000                           -0.4271E-05 -0.4271E-05   0.000    
  26092800.0   10.66194421   10.7803   0.000       0.000      0.1183E-02 -0.1158E-05  0.6522E-01 -0.1320      0.6557E-01   0.000       0.000       0.000        0.000       0.000       0.000       0.000       0.000       0.000                           -0.1158E-05 -0.1158E-05   0.000    
  26179200.0   10.65743708   10.7755   0.000       0.000      0.1180E-02  0.3912E-06  0.6528E-01 -0.1321      0.6563E-01   0.000       0.000       0.000        0.000       0.000       0.000       0.000       0.000       0.000                            0.3912E-06  0.3912E-06   0.000    
  26265600.0   10.64934809   10.7668   0.000       0.000      0.1174E-02  0.7022E-06  0.6503E-01 -0.1316      0.6538E-01   0.000       0.000       0.000        0.000       0.000       0.000       0.000       0.000       0.000                            0.7022E-06  0.7022E-06   0.000    
  26352000.0   10.64026231   10.7570   0.000       0.000      0.1167E-02  0.7887E-06  0.6466E-01 -0.1308      0.6502E-01   0.000       0.000       0.000        0.000       0.000       0.000       0.000       0.000       0.000                            0.7887E-06  0.7887E-06   0.000    
  26438400.0   10.63104910   10.7471   0.000       0.000      0.1160E-02  0.7998E-06  0.6424E-01 -0.1300      0.6460E-01   0.000       0.000       0.000        0.000       0.000       0.000       0.000       0.000       0.000                            0.7998E-06  0.7998E-06   0.000    
  26524800.0   10.62191235   10.7372   0.000       0.000      0.1153E-02  0.7931E-06  0.6379E-01 -0.1291      0.6415E-01   0.000       0.000       0.000        0.000       0.000       0.000       0.000       0.000       0.000                            0.7931E-06  0.7931E-06   0.000    
  26611200.0   10.61261330   10.7271   0.000       0.000      0.1145E-02  0.8072E-06  0.6332E-01 -0.1281      0.6368E-01   0.000       0.000       0.000        0.000       0.000       0.000       0.000       0.000       0.000                            0.8072E-06  0.8072E-06   0.000    
  26697600.0   10.60382874   10.7176   0.000       0.000      0.1138E-02  0.7625E-06  0.6285E-01 -0.1272      0.6321E-01   0.000       0.000       0.000        0.000       0.000       0.000       0.000       0.000       0.000                            0.7625E-06  0.7625E-06   0.000    
  26784000.0   10.59538825   10.7084   0.000       0.000      0.1130E-02  0.7327E-06  0.6240E-01 -0.1263      0.6276E-01   0.000       0.000       0.000        0.000       0.000       0.000       0.000       0.000       0.000                            0.7327E-06  0.7327E-06   0.000    
  26870400.0   10.62210400   10.7375   0.000       0.000      0.1154E-02 -0.2319E-05  0.6351E-01 -0.1285      0.6387E-01   0.000       0.000       0.000        0.000       0.000       0.000       0.000       0.000       0.000                           -0.2319E-05 -0.2319E-05   0.000    
  26956800.0   10.63918427   10.7560   0.000       0.000      0.1168E-02 -0.1483E-05  0.6433E-01 -0.1302      0.6470E-01   0.000       0.000       0.000        0.000       0.000       0.000       0.000       0.000       0.000                           -0.1483E-05 -0.1483E-05   0.000    
  27043200.0   10.65544752   10.7736   0.000       0.000      0.1182E-02 -0.1412E-05  0.6515E-01 -0.1318      0.6551E-01   0.000       0.000       0.000        0.000       0.000       0.000       0.000       0.000       0.000                           -0.1412E-05 -0.1412E-05   0.000    
  27129600.0   10.66082290   10.7795   0.000       0.000      0.1187E-02 -0.4666E-06  0.6550E-01 -0.1325      0.6586E-01   0.000       0.000       0.000        0.000       0.000       0.000       0.000       0.000       0.000                           -0.4666E-06 -0.4666E-06   0.000    
  27216000.0   10.67020537   10.7897   0.000       0.000      0.1195E-02 -0.8145E-06  0.6598E-01 -0.1335      0.6634E-01   0.000       0.000       0.000        0.000       0.000       0.000       0.000       0.000       0.000                           -0.8145E-06 -0.8145E-06   0.000    
  27302400.0   10.69329169   10.8147   0.000       0.000      0.1214E-02 -0.2004E-05  0.6700E-01 -0.1356      0.6737E-01   0.000       0.000       0.000        0.000       0.000       0.000       0.000       0.000       0.000                           -0.2004E-05 -0.2004E-05   0.000    
  27388800.0   10.73857903   10.8636   0.000       0.000      0.1251E-02 -0.3931E-05  0.6892E-01 -0.1395      0.6930E-01   0.000       0.000       0.000        0.000       0.000       0.000       0.000       0.000       0.000                           -0.3931E-05 -0.3931E-05   0.000    
  27475200.0   10.77835666   10.9065   0.000       0.000      0.1281E-02 -0.3453E-05  0.7070E-01 -0.1431      0.7107E-01   0.000       0.000       0.000        0.000       0.000       0.000       0.000       0.000       0.000                           -0.3453E-05 -0.3453E-05   0.000    
  27561600.0   10.77616969   10.9042   0.000       0.000      0.1281E-02  0.1898E-06  0.7097E-01 -0.1436      0.7134E-01   0.000       0.000       0.000        0.000       0.000       0.000       0.000       0.000       0.000                            0.1898E-06  0.1898E-06   0.000    
  27648000.0   10.76752497   10.8951   0.000       0.000      0.1276E-02  0.7504E-06  0.7080E-01 -0.1433      0.7118E-01   0.000       0.000       0.000        0.000       0.000       0.000       0.000       0.000       0.000                            0.7504E-06  0.7504E-06   0.000    
  27734400.0   10.75548377   10.8823   0.000       0.000      0.1268E-02  0.1045E-05  0.7039E-01 -0.1424      0.7077E-01   0.000       0.000       0.000        0.000       0.000       0.000       0.000       0.000       0.000                            0.1045E-05  0.1045E-05   0.000    
  27820800.0   10.74484930   10.8710   0.000       0.000      0.1261E-02  0.9231E-06  0.6997E-01 -0.1416      0.7035E-01   0.000       0.000       0.000        0.000       0.000       0.000       0.000       0.000       0.000                            0.9231E-06  0.9231E-06   0.000    
  27907200.0   10.73658683   10.8622   0.000       0.000      0.1256E-02  0.7172E-06  0.6961E-01 -0.1409      0.6999E-01   0.000       0.000       0.000        0.000       0.000       0.000       0.000       0.000       0.000                            0.7172E-06  0.7172E-06   0.000    
  27993600.0   10.75624773   10.8835   0.000       0.000      0.1272E-02 -0.1707E-05  0.7029E-01 -0.1422      0.7067E-01   0.000       0.000       0.000        0.000       0.000       0.000       0.000       0.000       0.000                           -0.1707E-05 -0.1707E-05   0.000    
  28080000.0   10.78604775   10.9156   0.000       0.000      0.1295E-02 -0.2587E-05  0.7146E-01 -0.1446      0.7185E-01   0.000       0.000       0.000        0.000       0.000       0.000       0.000       0.000       0.000                           -0.2587E-05 -0.2587E-05   0.000    
  28166400.0   10.80193105   10.9327   0.000       0.000      0.1308E-02 -0.1379E-05  0.7222E-01 -0.1461      0.7261E-01   0.000       0.000       0.000        0.000       0.000       0.000       0.000       0.000       0.000                           -0.1379E-05 -0.1379E-05   0.000    
  28252800.0   10.79538183   10.9258   0.000       0.000      0.1304E-02  0.5685E-06  0.7216E-01 -0.1460      0.7255E-01   0.000       0.000       0.000        0.000       0.000       0.000       0.000       0.000       0.000                            0.5685E-06  0.5685E-06   0.000    
  28339200.0   10.78417970   10.9139   0.000       0.000      0.1297E-02  0.9724E-06  0.7182E-01 -0.1453      0.7221E-01   0.000       0.000       0.000        0.000       0.000       0.000       0.000       0.000       0.000                            0.9724E-06  0.9724E-06   0.000    
  28425600.0   10.77160053   10.9005   0.000       0.000      0.1289E-02  0.1092E-05  0.7133E-01 -0.1443      0.7172E-01   0.000       0.000       0.000        0.000       0.000       0.000       0.000       0.000       0.000                            0.1092E-05  0.1092E-05   0.000    
  28512000.0   10.75873424   10.8867   0.000       0.000      0.1280E-02  0.1117E-05  0.7078E-01 -0.1432      0.7117E-01   0.000       0.000       0.000        0.000       0.000       0.000       0.000       0.000       0.000                            0.1117E-05  0.1117E-05   0.000    
  28598400.0   10.74593246   10.8730   0.000       0.000      0.1271E-02  0.1111E-05  0.7022E-01 -0.1421      0.7061E-01   0.000       0.000       0.000        0.000       0.000       0.000       0.000       0.000       0.000                            0.1111E-05  0.1111E-05   0.000    
  28684800.0   10.73343915   10.8597   0.000       0.000      0.1262E-02  0.1084E-05  0.6966E-01 -0.1410      0.7005E-01   0.000       0.000       0.000        0.000       0.000       0.000       0.000       0.000       0.000                            0.1084E-05  0.1084E-05   0.000    
  28771200.0   10.72132008   10.8466   0.000       0.000      0.1253E-02  0.1052E-05  0.6909E-01 -0.1398      0.6948E-01   0.000       0.000       0.000        0.000       0.000       0.000       0.000       0.000       0.000                            0.1052E-05  0.1052E-05   0.000    
  28857600.0   10.70963319   10.8341   0.000       0.000      0.1244E-02  0.1014E-05  0.6853E-01 -0.1387      0.6891E-01   0.000       0.000       0.000        0.000       0.000       0.000       0.000       0.000       0.000                            0.1014E-05  0.1014E-05   0.000    
  28944000.0   10.69826682   10.8218   0.000       0.000      0.1235E-02  0.9867E-06  0.6797E-01 -0.1376      0.6836E-01   0.000       0.000       0.000        0.000       0.000       0.000       0.000       0.000       0.000                            0.9867E-06  0.9867E-06   0.000    
  29030400.0   10.68719040   10.8098   0.000       0.000      0.1227E-02  0.9615E-06  0.6741E-01 -0.1364      0.6780E-01   0.000       0.000       0.000        0.000       0.000       0.000       0.000       0.000       0.000                            0.9615E-06  0.9615E-06   0.000    
  29116800.0   10.67654082   10.7983   0.000       0.000      0.1218E-02  0.9244E-06  0.6686E-01 -0.1353      0.6725E-01   0.000       0.000       0.000        0.000       0.000       0.000       0.000       0.000       0.000                            0.9244E-06  0.9244E-06   0.000    
  29203200.0   10.66609281   10.7870   0.000       0.000      0.1209E-02  0.9069E-06  0.6633E-01 -0.1343      0.6671E-01   0.000       0.000       0.000        0.000       0.000       0.000       0.000       0.000       0.000                            0.9069E-06  0.9069E-06   0.000    
  29289600.0   10.65606378   10.7761   0.000       0.000      0.1201E-02  0.8706E-06  0.6581E-01 -0.1332      0.6619E-01   0.000       0.000       0.000        0.000       0.000       0.000       0.000       0.000       0.000                            0.8706E-06  0.8706E-06   0.000    
  29376000.0   10.64649609   10.7657   0.000       0.000      0.1193E-02  0.8305E-06  0.6530E-01 -0.1322      0.6568E-01   0.000       0.000       0.000        0.000       0.000       0.000       0.000       0.000       0.000                            0.8305E-06  0.8305E-06   0.000    
  29462400.0   10.63738870   10.7558   0.000       0.000      0.1184E-02  0.7906E-06  0.6481E-01 -0.1312      0.6519E-01   0.000       0.000       0.000        0.000       0.000       0.000       0.000       0.000       0.000                            0.7906E-06  0.7906E-06   0.000    
  29548800.0   10.62859804   10.7463   0.000       0.000      0.1177E-02  0.7631E-06  0.6433E-01 -0.1302      0.6471E-01   0.000       0.000       0.000        0.000       0.000       0.000       0.000       0.000       0.000                            0.7631E-06  0.7631E-06   0.000    
  29635200.0   10.62010662   10.7370   0.000       0.000      0.1169E-02  0.7371E-06  0.6386E-01 -0.1293      0.6424E-01   0.000       0.000       0.000        0.000       0.000       0.000       0.000       0.000       0.000                            0.7371E-06  0.7371E-06   0.000    
  29721600.0   10.61192078   10.7281   0.000       0.000      0.1161E-02  0.7106E-06  0.6341E-01 -0.1284      0.6379E-01   0.000       0.000       0.000        0.000       0.000       0.000       0.000       0.000       0.000                            0.7106E-06  0.7106E-06   0.000    
  29808000.0   10.60394368   10.7193   0.000       0.000      0.1154E-02  0.6925E-06  0.6296E-01 -0.1275      0.6334E-01   0.000       0.000       0.000        0.000       0.000       0.000       0.000       0.000       0.000                            0.6925E-06  0.6925E-06   0.000    
  29894400.0   10.59620911   10.7109   0.000       0.000      0.1146E-02  0.6714E-06  0.6253E-01 -0.1266      0.6290E-01   0.000       0.000       0.000        0.000       0.000       0.000       0.000       0.000       0.000                            0.6714E-06  0.6714E-06   0.000    
  29980800.0   10.58870564   10.7026   0.000       0.000      0.1139E-02  0.6513E-06  0.6210E-01 -0.1257      0.6247E-01   0.000       0.000       0.000        0.000       0.000       0.000       0.000       0.000       0.000                            0.6513E-06  0.6513E-06   0.000    
  30067200.0   10.58149530   10.6947   0.000       0.000      0.1132E-02  0.6259E-06  0.6168E-01 -0.1249      0.6205E-01   0.000       0.000       0.000        0.000       0.000       0.000       0.000       0.000       0.000                            0.6259E-06  0.6259E-06   0.000    
  30153600.0   10.57454088   10.6871   0.000       0.000      0.1125E-02  0.6037E-06  0.6127E-01 -0.1240      0.6164E-01   0.000       0.000       0.000        0.000       0.000       0.000       0.000       0.000       0.000                            0.6037E-06  0.6037E-06   0.000    
  30240000.0   10.56783250   10.6797   0.000       0.000      0.1118E-02  0.5823E-06  0.6087E-01 -0.1232      0.6124E-01   0.000       0.000       0.000        0.000       0.000       0.000       0.000       0.000       0.000                            0.5823E-06  0.5823E-06   0.000    
  30326400.0   10.56132073   10.6725   0.000       0.000      0.1112E-02  0.5653E-06  0.6049E-01 -0.1225      0.6085E-01   0.000       0.000       0.000        0.000       0.000       0.000       0.000       0.000       0.000                            0.5653E-06  0.5653E-06   0.000    
  30412800.0   10.55500886   10.6655   0.000       0.000      0.1105E-02  0.5479E-06  0.6011E-01 -0.1217      0.6047E-01   0.000       0.000       0.000        0.000       0.000       0.000       0.000       0.000       0.000                            0.5479E-06  0.5479E-06   0.000    
  30499200.0   10.54890387   10.6588   0.000       0.000      0.1099E-02  0.5299E-06  0.5974E-01 -0.1209      0.6010E-01   0.000       0.000       0.000        0.000       0.000       0.000       0.000       0.000       0.000                            0.5299E-06  0.5299E-06   0.000    
  30585600.0   10.54298267   10.6522   0.000       0.000      0.1092E-02  0.5140E-06  0.5938E-01 -0.1202      0.5974E-01   0.000       0.000       0.000        0.000       0.000       0.000       0.000       0.000       0.000                            0.5140E-06  0.5140E-06   0.000    
  30672000.0   10.53724569   10.6459   0.000       0.000      0.1086E-02  0.4980E-06  0.5902E-01 -0.1195      0.5938E-01   0.000       0.000       0.000        0.000       0.000       0.000       0.000       0.000       0.000                            0.4980E-06  0.4980E-06   0.000    
  30758400.0   10.53168228   10.6397   0.000       0.000      0.1080E-02  0.4829E-06  0.5868E-01 -0.1188      0.5903E-01   0.000       0.000       0.000        0.000       0.000       0.000       0.000       0.000       0.000                            0.4829E-06  0.4829E-06   0.000    
  30844800.0   10.52628223   10.6337   0.000       0.000      0.1074E-02  0.4688E-06  0.5834E-01 -0.1181      0.5870E-01   0.000       0.000       0.000        0.000       0.000       0.000       0.000       0.000       0.000                            0.4688E-06  0.4688E-06   0.000    
  30931200.0   10.52102662   10.6278   0.000       0.000      0.1068E-02  0.4562E-06  0.5801E-01 -0.1174      0.5836E-01   0.000       0.000       0.000        0.000       0.000       0.000       0.000       0.000       0.000                            0.4562E-06  0.4562E-06   0.000    
  31017600.0   10.51591003   10.6221   0.000       0.000      0.1062E-02  0.4441E-06  0.5768E-01 -0.1168      0.5803E-01   0.000       0.000       0.000        0.000       0.000       0.000       0.000       0.000       0.000                            0.4441E-06  0.4441E-06   0.000    
  31104000.0   10.51093647   10.6166   0.000       0.000      0.1057E-02  0.4317E-06  0.5736E-01 -0.1161      0.5771E-01   0.000       0.000       0.000        0.000       0.000       0.000       0.000       0.000       0.000                            0.4317E-06  0.4317E-06   0.000    
  31190400.0   10.50609850   10.6112   0.000       0.000      0.1051E-02  0.4200E-06  0.5705E-01 -0.1155      0.5740E-01   0.000       0.000       0.000        0.000       0.000       0.000       0.000       0.000       0.000                            0.4200E-06  0.4200E-06   0.000    
  31276800.0   10.50216005   10.6068   0.000       0.000      0.1046E-02  0.3419E-06  0.5678E-01 -0.1150      0.5713E-01   0.000       0.000       0.000        0.000       0.000       0.000       0.000       0.000       0.000                            0.3419E-06  0.3419E-06   0.000    
  31363200.0   10.49753734   10.6016   0.000       0.000      0.1041E-02  0.4013E-06  0.5649E-01 -0.1144      0.5683E-01   0.000       0.000       0.000      -0.1413E-06   0.000       0.000       0.000       0.000       0.000                            0.4013E-06  0.4013E-06   0.000    
  31449600.0   10.49327041   10.5967   0.000       0.000      0.1035E-02  0.3704E-06  0.5619E-01 -0.1138      0.5654E-01   0.000       0.000       0.000      -0.4963E-06   0.000       0.000       0.000       0.000       0.000                            0.3704E-06  0.3704E-06   0.000    
  31536000.0   10.48920337   10.5921   0.000       0.000      0.1029E-02  0.3530E-06  0.5590E-01 -0.1132      0.5624E-01   0.000       0.000       0.000      -0.6566E-06   0.000       0.000       0.000       0.000       0.000                            0.3530E-06  0.3530E-06   0.000    
  31622400.0   10.48495303   10.5872   0.000       0.000      0.1023E-02  0.3690E-06  0.5559E-01 -0.1125      0.5593E-01   0.000       0.000       0.000      -0.8324E-06   0.000       0.000       0.000       0.000       0.000                            0.3690E-06  0.3690E-06   0.000    
