   TOTIM (T)          HCON      HMAT     QDIR      QWELL        QMAT QCADS<->CON       QTUB1       QTUB2       QTUB3       QTUB4       QTUB5       QTUB6       NSTOR        QFIX        QLH     FHLQ (LQ)      CAUCHY CAUCHY (LQ) BREAK-DOWN CADS FLOW  QCADS<->CON    Q_CDSSTO    Q_CDSRCH
     86400.0   10.00399221   10.1021   0.000       0.000      0.9815E-03   0.000      0.1609E-01 -0.1707E-01   0.000       0.000       0.000       0.000        0.000       0.000       0.000       0.000       0.000       0.000                             0.000       0.000       0.000    
    172800.0   10.00355801   10.0954   0.000       0.000      0.9179E-03  0.2513E-07  0.1530E-01 -0.1622E-01   0.000       0.000       0.000       0.000      -0.2513E-06   0.000       0.000       0.000       0.000       0.000                            0.2513E-07  0.2513E-07   0.000    
    259200.0   10.00373981   10.0982   0.000       0.000      0.9441E-03 -0.1052E-07  0.1563E-01 -0.1658E-01   0.000       0.000       0.000       0.000       0.1052E-06   0.000       0.000       0.000       0.000       0.000                           -0.1052E-07 -0.1052E-07   0.000    
    345600.0   10.00374188   10.0982   0.000       0.000      0.9446E-03 -0.1196E-09  0.1563E-01 -0.1658E-01   0.000       0.000       0.000       0.000       0.1196E-08   0.000       0.000       0.000       0.000       0.000                           -0.1196E-09 -0.1196E-09   0.000    
    432000.0   10.00407028   10.1032   0.000       0.000      0.9918E-03 -0.1900E-07  0.1622E-01 -0.1721E-01   0.000       0.000       0.000       0.000       0.1900E-06   0.000       0.000       0.000       0.000       0.000                           -0.1900E-07 -0.1900E-07   0.000    
    518400.0   10.00414040   10.1044   0.000       0.000      0.1002E-02 -0.4058E-08  0.1634E-01 -0.1734E-01   0.000       0.000       0.000       0.000       0.4058E-07   0.000       0.000       0.000       0.000       0.000                           -0.4058E-08 -0.4058E-08   0.000    
    604800.0   10.00409625   10.1037   0.000       0.000      0.9962E-03  0.2555E-08  0.1626E-01 -0.1726E-01   0.000       0.000       0.000       0.000      -0.2555E-07   0.000       0.000       0.000       0.000       0.000                            0.2555E-08  0.2555E-08   0.000    
    691200.0   10.00452078   10.1100   0.000       0.000      0.1055E-02 -0.2457E-07  0.1698E-01 -0.1803E-01   0.000       0.000       0.000       0.000       0.2457E-06   0.000       0.000       0.000       0.000       0.000                           -0.2457E-07 -0.2457E-07   0.000    
    777600.0   10.00567553   10.1259   0.000       0.000      0.1202E-02 -0.6683E-07  0.1879E-01 -0.1999E-01   0.000       0.000       0.000       0.000       0.6682E-06   0.000       0.000       0.000       0.000       0.000                           -0.6683E-07 -0.6683E-07   0.000    
    864000.0   10.00722940   10.1453   0.000       0.000      0.1381E-02 -0.8992E-07  0.2097E-01 -0.2235E-01   0.000       0.000       0.000       0.000       0.8992E-06   0.000       0.000       0.000       0.000       0.000                           -0.8992E-07 -0.8992E-07   0.000    
    950400.0   10.00712109   10.1444   0.000       0.000      0.1372E-02  0.6268E-08  0.2084E-01 -0.2221E-01   0.000       0.000       0.000       0.000      -0.6267E-07   0.000       0.000       0.000       0.000       0.000                            0.6268E-08  0.6268E-08   0.000    
   1036800.0   10.00897163   10.1653   0.000       0.000      0.1563E-02 -0.1071E-06  0.2320E-01 -0.2476E-01   0.000       0.000       0.000       0.000       0.1071E-05   0.000       0.000       0.000       0.000       0.000                           -0.1071E-06 -0.1071E-06   0.000    
   1123200.0   10.01281199   10.2040   0.000       0.000      0.1912E-02 -0.2222E-06  0.2745E-01 -0.2936E-01   0.000       0.000       0.000       0.000       0.2222E-05   0.000       0.000       0.000       0.000       0.000                           -0.2222E-06 -0.2222E-06   0.000    
   1209600.0   10.00938685   10.1706   0.000       0.000      0.1612E-02  0.1982E-06  0.2376E-01 -0.2537E-01   0.000       0.000       0.000       0.000      -0.1982E-05   0.000       0.000       0.000       0.000       0.000                            0.1982E-06  0.1982E-06   0.000    
   1296000.0   10.00814378   10.1570   0.000       0.000      0.1488E-02  0.7194E-07  0.2230E-01 -0.2379E-01   0.000       0.000       0.000       0.000      -0.7193E-06   0.000       0.000       0.000       0.000       0.000                            0.7194E-07  0.7194E-07   0.000    
   1382400.0   10.00746270   10.1491   0.000       0.000      0.1417E-02  0.3941E-07  0.2146E-01 -0.2287E-01   0.000       0.000       0.000       0.000      -0.3941E-06   0.000       0.000       0.000       0.000       0.000                            0.3941E-07  0.3941E-07   0.000    
   1468800.0   10.00698155   10.1434   0.000       0.000      0.1364E-02  0.2784E-07  0.2084E-01 -0.2220E-01   0.000       0.000       0.000       0.000      -0.2784E-06   0.000       0.000       0.000       0.000       0.000                            0.2784E-07  0.2784E-07   0.000    
   1555200.0   10.00653941   10.1379   0.000       0.000      0.1314E-02  0.2559E-07  0.2025E-01 -0.2157E-01   0.000       0.000       0.000       0.000      -0.2558E-06   0.000       0.000       0.000       0.000       0.000                            0.2559E-07  0.2559E-07   0.000    
   1641600.0   10.00616494   10.1331   0.000       0.000      0.1269E-02  0.2167E-07  0.1974E-01 -0.2101E-01   0.000       0.000       0.000       0.000      -0.2167E-06   0.000       0.000       0.000       0.000       0.000                            0.2167E-07  0.2167E-07   0.000    
   1728000.0   10.00593284   10.1300   0.000       0.000      0.1241E-02  0.1343E-07  0.1941E-01 -0.2065E-01   0.000       0.000       0.000       0.000      -0.1343E-06   0.000       0.000       0.000       0.000       0.000                            0.1343E-07  0.1343E-07   0.000    
   1814400.0   10.00575148   10.1275   0.000       0.000      0.1218E-02  0.1050E-07  0.1915E-01 -0.2037E-01   0.000       0.000       0.000       0.000      -0.1049E-06   0.000       0.000       0.000       0.000       0.000                            0.1050E-07  0.1050E-07   0.000    
   1900800.0   10.00549096   10.1239   0.000       0.000      0.1185E-02  0.1508E-07  0.1877E-01 -0.1996E-01   0.000       0.000       0.000       0.000      -0.1508E-06   0.000       0.000       0.000       0.000       0.000                            0.1508E-07  0.1508E-07   0.000    
   1987200.0   10.00530305   10.1213   0.000       0.000      0.1160E-02  0.1087E-07  0.1849E-01 -0.1965E-01   0.000       0.000       0.000       0.000      -0.1087E-06   0.000       0.000       0.000       0.000       0.000                            0.1087E-07  0.1087E-07   0.000    
   2073600.0   10.00519244   10.1196   0.000       0.000      0.1144E-02  0.6401E-08  0.1832E-01 -0.1947E-01   0.000       0.000       0.000       0.000      -0.6401E-07   0.000       0.000       0.000       0.000       0.000                            0.6401E-08  0.6401E-08   0.000    
   2160000.0   10.00498727   10.1167   0.000       0.000      0.1117E-02  0.1187E-07  0.1800E-01 -0.1912E-01   0.000       0.000       0.000       0.000      -0.1187E-06   0.000       0.000       0.000       0.000       0.000                            0.1187E-07  0.1187E-07   0.000    
   2246400.0   10.00481072   10.1140   0.000       0.000      0.1092E-02  0.1022E-07  0.1772E-01 -0.1881E-01   0.000       0.000       0.000       0.000      -0.1022E-06   0.000       0.000       0.000       0.000       0.000                            0.1022E-07  0.1022E-07   0.000    
   2332800.0   10.00464958   10.1116   0.000       0.000      0.1070E-02  0.9326E-08  0.1746E-01 -0.1853E-01   0.000       0.000       0.000       0.000      -0.9325E-07   0.000       0.000       0.000       0.000       0.000                            0.9326E-08  0.9326E-08   0.000    
   2419200.0   10.00450031   10.1093   0.000       0.000      0.1048E-02  0.8638E-08  0.1721E-01 -0.1826E-01   0.000       0.000       0.000       0.000      -0.8638E-07   0.000       0.000       0.000       0.000       0.000                            0.8638E-08  0.8638E-08   0.000    
   2505600.0   10.00456965   10.1102   0.000       0.000      0.1056E-02 -0.4012E-08  0.1732E-01 -0.1838E-01   0.000       0.000       0.000       0.000       0.4012E-07   0.000       0.000       0.000       0.000       0.000                           -0.4012E-08 -0.4012E-08   0.000    
   2592000.0   10.00446480   10.1086   0.000       0.000      0.1041E-02  0.6068E-08  0.1714E-01 -0.1818E-01   0.000       0.000       0.000       0.000      -0.6067E-07   0.000       0.000       0.000       0.000       0.000                            0.6068E-08  0.6068E-08   0.000    
   2678400.0   10.00515991   10.1182   0.000       0.000      0.1130E-02 -0.4023E-07  0.1826E-01 -0.1939E-01   0.000       0.000       0.000       0.000       0.4022E-06   0.000       0.000       0.000       0.000       0.000                           -0.4023E-07 -0.4023E-07   0.000    
   2764800.0   10.00728762   10.1450   0.000       0.000      0.1377E-02 -0.1231E-06  0.2129E-01 -0.2266E-01   0.000       0.000       0.000       0.000       0.1231E-05   0.000       0.000       0.000       0.000       0.000                           -0.1231E-06 -0.1231E-06   0.000    
   2851200.0   10.01297260   10.2040   0.000       0.000      0.1910E-02 -0.3290E-06  0.2780E-01 -0.2971E-01   0.000       0.000       0.000       0.000       0.3289E-05   0.000       0.000       0.000       0.000       0.000                           -0.3290E-06 -0.3290E-06   0.000    
   2937600.0   10.00845778   10.1592   0.000       0.000      0.1507E-02  0.2613E-06  0.2281E-01 -0.2432E-01   0.000       0.000       0.000       0.000      -0.2612E-05   0.000       0.000       0.000       0.000       0.000                            0.2613E-06  0.2613E-06   0.000    
   3024000.0   10.00835211   10.1577   0.000       0.000      0.1494E-02  0.6115E-08  0.2273E-01 -0.2422E-01   0.000       0.000       0.000       0.000      -0.6114E-07   0.000       0.000       0.000       0.000       0.000                            0.6115E-08  0.6115E-08   0.000    
   3110400.0   10.00810430   10.1550   0.000       0.000      0.1469E-02  0.1434E-07  0.2244E-01 -0.2391E-01   0.000       0.000       0.000       0.000      -0.1434E-06   0.000       0.000       0.000       0.000       0.000                            0.1434E-07  0.1434E-07   0.000    
   3196800.0   10.00752759   10.1484   0.000       0.000      0.1409E-02  0.3337E-07  0.2172E-01 -0.2313E-01   0.000       0.000       0.000       0.000      -0.3337E-06   0.000       0.000       0.000       0.000       0.000                            0.3337E-07  0.3337E-07   0.000    
   3283200.0   10.00700130   10.1421   0.000       0.000      0.1351E-02  0.3046E-07  0.2104E-01 -0.2239E-01   0.000       0.000       0.000       0.000      -0.3045E-06   0.000       0.000       0.000       0.000       0.000                            0.3046E-07  0.3046E-07   0.000    
   3369600.0   10.00729558   10.1455   0.000       0.000      0.1382E-02 -0.1703E-07  0.2144E-01 -0.2283E-01   0.000       0.000       0.000       0.000       0.1703E-06   0.000       0.000       0.000       0.000       0.000                           -0.1703E-07 -0.1703E-07   0.000    
   3456000.0   10.00775841   10.1508   0.000       0.000      0.1430E-02 -0.2678E-07  0.2205E-01 -0.2348E-01   0.000       0.000       0.000       0.000       0.2678E-06   0.000       0.000       0.000       0.000       0.000                           -0.2678E-07 -0.2678E-07   0.000    
   3542400.0   10.00830188   10.1569   0.000       0.000      0.1486E-02 -0.3145E-07  0.2275E-01 -0.2424E-01   0.000       0.000       0.000       0.000       0.3145E-06   0.000       0.000       0.000       0.000       0.000                           -0.3145E-07 -0.3145E-07   0.000    
   3628800.0   10.00818773   10.1556   0.000       0.000      0.1474E-02  0.6606E-08  0.2262E-01 -0.2410E-01   0.000       0.000       0.000       0.000      -0.6605E-07   0.000       0.000       0.000       0.000       0.000                            0.6606E-08  0.6606E-08   0.000    
   3715200.0   10.00755249   10.1483   0.000       0.000      0.1408E-02  0.3676E-07  0.2183E-01 -0.2324E-01   0.000       0.000       0.000       0.000      -0.3676E-06   0.000       0.000       0.000       0.000       0.000                            0.3676E-07  0.3676E-07   0.000    
   3801600.0   10.00773938   10.1504   0.000       0.000      0.1426E-02 -0.1082E-07  0.2209E-01 -0.2351E-01   0.000       0.000       0.000       0.000       0.1081E-06   0.000       0.000       0.000       0.000       0.000                           -0.1082E-07 -0.1082E-07   0.000    
   3888000.0   10.00810193   10.1544   0.000       0.000      0.1463E-02 -0.2098E-07  0.2256E-01 -0.2402E-01   0.000       0.000       0.000       0.000       0.2098E-06   0.000       0.000       0.000       0.000       0.000                           -0.2098E-07 -0.2098E-07   0.000    
   3974400.0   10.00886921   10.1628   0.000       0.000      0.1539E-02 -0.4440E-07  0.2352E-01 -0.2505E-01   0.000       0.000       0.000       0.000       0.4440E-06   0.000       0.000       0.000       0.000       0.000                           -0.4440E-07 -0.4440E-07   0.000    
   4060800.0   10.00917870   10.1662   0.000       0.000      0.1570E-02 -0.1791E-07  0.2390E-01 -0.2547E-01   0.000       0.000       0.000       0.000       0.1791E-06   0.000       0.000       0.000       0.000       0.000                           -0.1791E-07 -0.1791E-07   0.000    
   4147200.0   10.00827781   10.1563   0.000       0.000      0.1480E-02  0.5213E-07  0.2283E-01 -0.2431E-01   0.000       0.000       0.000       0.000      -0.5213E-06   0.000       0.000       0.000       0.000       0.000                            0.5213E-07  0.5213E-07   0.000    
   4233600.0   10.00766504   10.1492   0.000       0.000      0.1416E-02  0.3546E-07  0.2207E-01 -0.2349E-01   0.000       0.000       0.000       0.000      -0.3546E-06   0.000       0.000       0.000       0.000       0.000                            0.3546E-07  0.3546E-07   0.000    
   4320000.0   10.00737935   10.1458   0.000       0.000      0.1384E-02  0.1653E-07  0.2171E-01 -0.2309E-01   0.000       0.000       0.000       0.000      -0.1653E-06   0.000       0.000       0.000       0.000       0.000                            0.1653E-07  0.1653E-07   0.000    
   4406400.0   10.00708542   10.1422   0.000       0.000      0.1351E-02  0.1701E-07  0.2133E-01 -0.2268E-01   0.000       0.000       0.000       0.000      -0.1701E-06   0.000       0.000       0.000       0.000       0.000                            0.1701E-07  0.1701E-07   0.000    
   4492800.0   10.00693529   10.1402   0.000       0.000      0.1333E-02  0.8688E-08  0.2113E-01 -0.2246E-01   0.000       0.000       0.000       0.000      -0.8687E-07   0.000       0.000       0.000       0.000       0.000                            0.8688E-08  0.8688E-08   0.000    
   4579200.0   10.00664103   10.1365   0.000       0.000      0.1299E-02  0.1703E-07  0.2073E-01 -0.2203E-01   0.000       0.000       0.000       0.000      -0.1703E-06   0.000       0.000       0.000       0.000       0.000                            0.1703E-07  0.1703E-07   0.000    
   4665600.0   10.00637109   10.1330   0.000       0.000      0.1266E-02  0.1562E-07  0.2036E-01 -0.2162E-01   0.000       0.000       0.000       0.000      -0.1562E-06   0.000       0.000       0.000       0.000       0.000                            0.1562E-07  0.1562E-07   0.000    
   4752000.0   10.00750005   10.1464   0.000       0.000      0.1389E-02 -0.6533E-07  0.2188E-01 -0.2327E-01   0.000       0.000       0.000       0.000       0.6533E-06   0.000       0.000       0.000       0.000       0.000                           -0.6533E-07 -0.6533E-07   0.000    
   4838400.0   10.00848410   10.1575   0.000       0.000      0.1490E-02 -0.5695E-07  0.2313E-01 -0.2462E-01   0.000       0.000       0.000       0.000       0.5694E-06   0.000       0.000       0.000       0.000       0.000                           -0.5695E-07 -0.5695E-07   0.000    
   4924800.0   10.00934062   10.1668   0.000       0.000      0.1575E-02 -0.4957E-07  0.2417E-01 -0.2575E-01   0.000       0.000       0.000       0.000       0.4956E-06   0.000       0.000       0.000       0.000       0.000                           -0.4957E-07 -0.4957E-07   0.000    
   5011200.0   10.00948275   10.1683   0.000       0.000      0.1589E-02 -0.8225E-08  0.2436E-01 -0.2595E-01   0.000       0.000       0.000       0.000       0.8224E-07   0.000       0.000       0.000       0.000       0.000                           -0.8225E-08 -0.8225E-08   0.000    
   5097600.0   10.00842540   10.1569   0.000       0.000      0.1485E-02  0.6119E-07  0.2311E-01 -0.2459E-01   0.000       0.000       0.000       0.000      -0.6118E-06   0.000       0.000       0.000       0.000       0.000                            0.6119E-07  0.6119E-07   0.000    
   5184000.0   10.00778461   10.1496   0.000       0.000      0.1418E-02  0.3708E-07  0.2232E-01 -0.2374E-01   0.000       0.000       0.000       0.000      -0.3708E-06   0.000       0.000       0.000       0.000       0.000                            0.3708E-07  0.3708E-07   0.000    
   5270400.0   10.00745234   10.1456   0.000       0.000      0.1382E-02  0.1923E-07  0.2190E-01 -0.2328E-01   0.000       0.000       0.000       0.000      -0.1923E-06   0.000       0.000       0.000       0.000       0.000                            0.1923E-07  0.1923E-07   0.000    
   5356800.0   10.00709727   10.1413   0.000       0.000      0.1342E-02  0.2055E-07  0.2143E-01 -0.2278E-01   0.000       0.000       0.000       0.000      -0.2055E-06   0.000       0.000       0.000       0.000       0.000                            0.2055E-07  0.2055E-07   0.000    
   5443200.0   10.00771114   10.1483   0.000       0.000      0.1406E-02 -0.3552E-07  0.2224E-01 -0.2365E-01   0.000       0.000       0.000       0.000       0.3552E-06   0.000       0.000       0.000       0.000       0.000                           -0.3552E-07 -0.3552E-07   0.000    
   5529600.0   10.00806582   10.1523   0.000       0.000      0.1442E-02 -0.2053E-07  0.2269E-01 -0.2414E-01   0.000       0.000       0.000       0.000       0.2052E-06   0.000       0.000       0.000       0.000       0.000                           -0.2053E-07 -0.2053E-07   0.000    
   5616000.0   10.00833358   10.1553   0.000       0.000      0.1469E-02 -0.1550E-07  0.2304E-01 -0.2451E-01   0.000       0.000       0.000       0.000       0.1549E-06   0.000       0.000       0.000       0.000       0.000                           -0.1550E-07 -0.1550E-07   0.000    
   5702400.0   10.00838314   10.1558   0.000       0.000      0.1474E-02 -0.2868E-08  0.2311E-01 -0.2458E-01   0.000       0.000       0.000       0.000       0.2868E-07   0.000       0.000       0.000       0.000       0.000                           -0.2868E-08 -0.2868E-08   0.000    
   5788800.0   10.00803638   10.1518   0.000       0.000      0.1438E-02  0.2007E-07  0.2268E-01 -0.2412E-01   0.000       0.000       0.000       0.000      -0.2006E-06   0.000       0.000       0.000       0.000       0.000                            0.2007E-07  0.2007E-07   0.000    
   5875200.0   10.00805745   10.1520   0.000       0.000      0.1439E-02 -0.1219E-08  0.2272E-01 -0.2416E-01   0.000       0.000       0.000       0.000       0.1219E-07   0.000       0.000       0.000       0.000       0.000                           -0.1219E-08 -0.1219E-08   0.000    
   5961600.0   10.00788236   10.1499   0.000       0.000      0.1420E-02  0.1013E-07  0.2250E-01 -0.2392E-01   0.000       0.000       0.000       0.000      -0.1013E-06   0.000       0.000       0.000       0.000       0.000                            0.1013E-07  0.1013E-07   0.000    
   6048000.0   10.00749877   10.1454   0.000       0.000      0.1379E-02  0.2220E-07  0.2202E-01 -0.2340E-01   0.000       0.000       0.000       0.000      -0.2220E-06   0.000       0.000       0.000       0.000       0.000                            0.2220E-07  0.2220E-07   0.000    
   6134400.0   10.00713694   10.1411   0.000       0.000      0.1339E-02  0.2094E-07  0.2154E-01 -0.2288E-01   0.000       0.000       0.000       0.000      -0.2094E-06   0.000       0.000       0.000       0.000       0.000                            0.2094E-07  0.2094E-07   0.000    
   6220800.0   10.00681918   10.1371   0.000       0.000      0.1303E-02  0.1839E-07  0.2112E-01 -0.2242E-01   0.000       0.000       0.000       0.000      -0.1839E-06   0.000       0.000       0.000       0.000       0.000                            0.1839E-07  0.1839E-07   0.000    
   6307200.0   10.00654014   10.1336   0.000       0.000      0.1270E-02  0.1615E-07  0.2073E-01 -0.2200E-01   0.000       0.000       0.000       0.000      -0.1615E-06   0.000       0.000       0.000       0.000       0.000                            0.1615E-07  0.1615E-07   0.000    
   6393600.0   10.00629286   10.1304   0.000       0.000      0.1241E-02  0.1431E-07  0.2038E-01 -0.2162E-01   0.000       0.000       0.000       0.000      -0.1431E-06   0.000       0.000       0.000       0.000       0.000                            0.1431E-07  0.1431E-07   0.000    
   6480000.0   10.00606898   10.1274   0.000       0.000      0.1214E-02  0.1296E-07  0.2006E-01 -0.2127E-01   0.000       0.000       0.000       0.000      -0.1296E-06   0.000       0.000       0.000       0.000       0.000                            0.1296E-07  0.1296E-07   0.000    
   6566400.0   10.00586064   10.1246   0.000       0.000      0.1188E-02  0.1206E-07  0.1975E-01 -0.2094E-01   0.000       0.000       0.000       0.000      -0.1206E-06   0.000       0.000       0.000       0.000       0.000                            0.1206E-07  0.1206E-07   0.000    
   6652800.0   10.00566534   10.1220   0.000       0.000      0.1163E-02  0.1130E-07  0.1945E-01 -0.2062E-01   0.000       0.000       0.000       0.000      -0.1130E-06   0.000       0.000       0.000       0.000       0.000                            0.1130E-07  0.1130E-07   0.000    
   6739200.0   10.00548744   10.1195   0.000       0.000      0.1140E-02  0.1029E-07  0.1918E-01 -0.2032E-01   0.000       0.000       0.000       0.000      -0.1029E-06   0.000       0.000       0.000       0.000       0.000                            0.1029E-07  0.1029E-07   0.000    
   6825600.0   10.00531076   10.1170   0.000       0.000      0.1117E-02  0.1022E-07  0.1890E-01 -0.2002E-01   0.000       0.000       0.000       0.000      -0.1022E-06   0.000       0.000       0.000       0.000       0.000                            0.1022E-07  0.1022E-07   0.000    
   6912000.0   10.00513973   10.1146   0.000       0.000      0.1095E-02  0.9897E-08  0.1863E-01 -0.1972E-01   0.000       0.000       0.000       0.000      -0.9897E-07   0.000       0.000       0.000       0.000       0.000                            0.9897E-08  0.9897E-08   0.000    
   6998400.0   10.00498061   10.1123   0.000       0.000      0.1073E-02  0.9208E-08  0.1837E-01 -0.1944E-01   0.000       0.000       0.000       0.000      -0.9208E-07   0.000       0.000       0.000       0.000       0.000                            0.9208E-08  0.9208E-08   0.000    
   7084800.0   10.00483595   10.1102   0.000       0.000      0.1054E-02  0.8372E-08  0.1812E-01 -0.1918E-01   0.000       0.000       0.000       0.000      -0.8371E-07   0.000       0.000       0.000       0.000       0.000                            0.8372E-08  0.8372E-08   0.000    
   7171200.0   10.00470022   10.1082   0.000       0.000      0.1035E-02  0.7855E-08  0.1789E-01 -0.1893E-01   0.000       0.000       0.000       0.000      -0.7854E-07   0.000       0.000       0.000       0.000       0.000                            0.7855E-08  0.7855E-08   0.000    
   7257600.0   10.00456906   10.1063   0.000       0.000      0.1017E-02  0.7591E-08  0.1766E-01 -0.1868E-01   0.000       0.000       0.000       0.000      -0.7590E-07   0.000       0.000       0.000       0.000       0.000                            0.7591E-08  0.7591E-08   0.000    
   7344000.0   10.00444741   10.1044   0.000       0.000      0.9998E-03  0.7040E-08  0.1745E-01 -0.1845E-01   0.000       0.000       0.000       0.000      -0.7040E-07   0.000       0.000       0.000       0.000       0.000                            0.7040E-08  0.7040E-08   0.000    
   7430400.0   10.00435746   10.1031   0.000       0.000      0.9870E-03  0.5205E-08  0.1728E-01 -0.1827E-01   0.000       0.000       0.000       0.000      -0.5205E-07   0.000       0.000       0.000       0.000       0.000                            0.5205E-08  0.5205E-08   0.000    
   7516800.0   10.00425567   10.1015   0.000       0.000      0.9725E-03  0.5891E-08  0.1710E-01 -0.1807E-01   0.000       0.000       0.000       0.000      -0.5891E-07   0.000       0.000       0.000       0.000       0.000                            0.5891E-08  0.5891E-08   0.000    
   7603200.0   10.00413938   10.0997   0.000       0.000      0.9559E-03  0.6730E-08  0.1688E-01 -0.1784E-01   0.000       0.000       0.000       0.000      -0.6729E-07   0.000       0.000       0.000       0.000       0.000                            0.6730E-08  0.6730E-08   0.000    
   7689600.0   10.00403549   10.0981   0.000       0.000      0.9409E-03  0.6012E-08  0.1669E-01 -0.1763E-01   0.000       0.000       0.000       0.000      -0.6012E-07   0.000       0.000       0.000       0.000       0.000                            0.6012E-08  0.6012E-08   0.000    
   7776000.0   10.00395128   10.0968   0.000       0.000      0.9286E-03  0.4873E-08  0.1652E-01 -0.1745E-01   0.000       0.000       0.000       0.000      -0.4873E-07   0.000       0.000       0.000       0.000       0.000                            0.4873E-08  0.4873E-08   0.000    
   7862400.0   10.00385349   10.0953   0.000       0.000      0.9144E-03  0.5659E-08  0.1633E-01 -0.1725E-01   0.000       0.000       0.000       0.000      -0.5659E-07   0.000       0.000       0.000       0.000       0.000                            0.5659E-08  0.5659E-08   0.000    
   7948800.0   10.00376392   10.0939   0.000       0.000      0.9012E-03  0.5184E-08  0.1616E-01 -0.1706E-01   0.000       0.000       0.000       0.000      -0.5184E-07   0.000       0.000       0.000       0.000       0.000                            0.5184E-08  0.5184E-08   0.000    
   8035200.0   10.00367882   10.0925   0.000       0.000      0.8886E-03  0.4925E-08  0.1599E-01 -0.1687E-01   0.000       0.000       0.000       0.000      -0.4924E-07   0.000       0.000       0.000       0.000       0.000                            0.4925E-08  0.4925E-08   0.000    
   8121600.0   10.00359725   10.0912   0.000       0.000      0.8764E-03  0.4720E-08  0.1582E-01 -0.1670E-01   0.000       0.000       0.000       0.000      -0.4720E-07   0.000       0.000       0.000       0.000       0.000                            0.4720E-08  0.4720E-08   0.000    
   8208000.0   10.00351880   10.0900   0.000       0.000      0.8647E-03  0.4540E-08  0.1566E-01 -0.1652E-01   0.000       0.000       0.000       0.000      -0.4540E-07   0.000       0.000       0.000       0.000       0.000                            0.4540E-08  0.4540E-08   0.000    
   8294400.0   10.00344317   10.0888   0.000       0.000      0.8533E-03  0.4376E-08  0.1550E-01 -0.1635E-01   0.000       0.000       0.000       0.000      -0.4376E-07   0.000       0.000       0.000       0.000       0.000                            0.4376E-08  0.4376E-08   0.000    
   8380800.0   10.00477919   10.1090   0.000       0.000      0.1042E-02 -0.7732E-07  0.1780E-01 -0.1884E-01   0.000       0.000       0.000       0.000       0.7731E-06   0.000       0.000       0.000       0.000       0.000                           -0.7732E-07 -0.7732E-07   0.000    
   8467200.0   10.00446593   10.1048   0.000       0.000      0.1003E-02  0.1813E-07  0.1728E-01 -0.1828E-01   0.000       0.000       0.000       0.000      -0.1813E-06   0.000       0.000       0.000       0.000       0.000                            0.1813E-07  0.1813E-07   0.000    
   8553600.0   10.00434985   10.1031   0.000       0.000      0.9878E-03  0.6718E-08  0.1708E-01 -0.1807E-01   0.000       0.000       0.000       0.000      -0.6718E-07   0.000       0.000       0.000       0.000       0.000                            0.6718E-08  0.6718E-08   0.000    
   8640000.0   10.00419964   10.1010   0.000       0.000      0.9678E-03  0.8693E-08  0.1682E-01 -0.1778E-01   0.000       0.000       0.000       0.000      -0.8692E-07   0.000       0.000       0.000       0.000       0.000                            0.8693E-08  0.8693E-08   0.000    
   8726400.0   10.00406308   10.0990   0.000       0.000      0.9493E-03  0.7903E-08  0.1657E-01 -0.1752E-01   0.000       0.000       0.000       0.000      -0.7902E-07   0.000       0.000       0.000       0.000       0.000                            0.7903E-08  0.7903E-08   0.000    
   8812800.0   10.00394153   10.0972   0.000       0.000      0.9326E-03  0.7034E-08  0.1635E-01 -0.1728E-01   0.000       0.000       0.000       0.000      -0.7034E-07   0.000       0.000       0.000       0.000       0.000                            0.7034E-08  0.7034E-08   0.000    
   8899200.0   10.00379649   10.0950   0.000       0.000      0.9121E-03  0.8394E-08  0.1608E-01 -0.1699E-01   0.000       0.000       0.000       0.000      -0.8393E-07   0.000       0.000       0.000       0.000       0.000                            0.8394E-08  0.8394E-08   0.000    
   8985600.0   10.00384428   10.0958   0.000       0.000      0.9194E-03 -0.2766E-08  0.1615E-01 -0.1707E-01   0.000       0.000       0.000       0.000       0.2766E-07   0.000       0.000       0.000       0.000       0.000                           -0.2766E-08 -0.2766E-08   0.000    
   9072000.0   10.00411142   10.0999   0.000       0.000      0.9583E-03 -0.1546E-07  0.1661E-01 -0.1757E-01   0.000       0.000       0.000       0.000       0.1546E-06   0.000       0.000       0.000       0.000       0.000                           -0.1546E-07 -0.1546E-07   0.000    
   9158400.0   10.00396026   10.0978   0.000       0.000      0.9380E-03  0.8748E-08  0.1634E-01 -0.1728E-01   0.000       0.000       0.000       0.000      -0.8747E-07   0.000       0.000       0.000       0.000       0.000                            0.8748E-08  0.8748E-08   0.000    
   9244800.0   10.00472366   10.1090   0.000       0.000      0.1043E-02 -0.4418E-07  0.1762E-01 -0.1866E-01   0.000       0.000       0.000       0.000       0.4418E-06   0.000       0.000       0.000       0.000       0.000                           -0.4418E-07 -0.4418E-07   0.000    
   9331200.0   10.00645377   10.1320   0.000       0.000      0.1256E-02 -0.1001E-06  0.2021E-01 -0.2146E-01   0.000       0.000       0.000       0.000       0.1001E-05   0.000       0.000       0.000       0.000       0.000                           -0.1001E-06 -0.1001E-06   0.000    
   9417600.0   10.01137524   10.1859   0.000       0.000      0.1746E-02 -0.2848E-06  0.2618E-01 -0.2792E-01   0.000       0.000       0.000       0.000       0.2848E-05   0.000       0.000       0.000       0.000       0.000                           -0.2848E-06 -0.2848E-06   0.000    
   9504000.0   10.01322438   10.2042   0.000       0.000      0.1910E-02 -0.1070E-06  0.2813E-01 -0.3003E-01   0.000       0.000       0.000       0.000       0.1070E-05   0.000       0.000       0.000       0.000       0.000                           -0.1070E-06 -0.1070E-06   0.000    
   9590400.0   10.00942068   10.1673   0.000       0.000      0.1579E-02  0.2201E-06  0.2406E-01 -0.2564E-01   0.000       0.000       0.000       0.000      -0.2201E-05   0.000       0.000       0.000       0.000       0.000                            0.2201E-06  0.2201E-06   0.000    
   9676800.0   10.00794446   10.1512   0.000       0.000      0.1432E-02  0.8543E-07  0.2231E-01 -0.2374E-01   0.000       0.000       0.000       0.000      -0.8542E-06   0.000       0.000       0.000       0.000       0.000                            0.8543E-07  0.8543E-07   0.000    
   9763200.0   10.00706982   10.1410   0.000       0.000      0.1340E-02  0.5062E-07  0.2119E-01 -0.2253E-01   0.000       0.000       0.000       0.000      -0.5061E-06   0.000       0.000       0.000       0.000       0.000                            0.5062E-07  0.5062E-07   0.000    
   9849600.0   10.00648935   10.1340   0.000       0.000      0.1275E-02  0.3359E-07  0.2040E-01 -0.2168E-01   0.000       0.000       0.000       0.000      -0.3359E-06   0.000       0.000       0.000       0.000       0.000                            0.3359E-07  0.3359E-07   0.000    
   9936000.0   10.00746725   10.1456   0.000       0.000      0.1382E-02 -0.5659E-07  0.2173E-01 -0.2311E-01   0.000       0.000       0.000       0.000       0.5659E-06   0.000       0.000       0.000       0.000       0.000                           -0.5659E-07 -0.5659E-07   0.000    
  10022400.0   10.00778556   10.1494   0.000       0.000      0.1416E-02 -0.1842E-07  0.2214E-01 -0.2356E-01   0.000       0.000       0.000       0.000       0.1842E-06   0.000       0.000       0.000       0.000       0.000                           -0.1842E-07 -0.1842E-07   0.000    
  10108800.0   10.00765957   10.1480   0.000       0.000      0.1404E-02  0.7291E-08  0.2199E-01 -0.2340E-01   0.000       0.000       0.000       0.000      -0.7290E-07   0.000       0.000       0.000       0.000       0.000                            0.7291E-08  0.7291E-08   0.000    
  10195200.0   10.00790763   10.1509   0.000       0.000      0.1430E-02 -0.1436E-07  0.2233E-01 -0.2376E-01   0.000       0.000       0.000       0.000       0.1435E-06   0.000       0.000       0.000       0.000       0.000                           -0.1436E-07 -0.1436E-07   0.000    
  10281600.0   10.00788023   10.1506   0.000       0.000      0.1427E-02  0.1586E-08  0.2230E-01 -0.2373E-01   0.000       0.000       0.000       0.000      -0.1586E-07   0.000       0.000       0.000       0.000       0.000                            0.1586E-08  0.1586E-08   0.000    
  10368000.0   10.00729588   10.1439   0.000       0.000      0.1366E-02  0.3382E-07  0.2156E-01 -0.2293E-01   0.000       0.000       0.000       0.000      -0.3381E-06   0.000       0.000       0.000       0.000       0.000                            0.3382E-07  0.3382E-07   0.000    
  10454400.0   10.00678006   10.1377   0.000       0.000      0.1309E-02  0.2985E-07  0.2088E-01 -0.2219E-01   0.000       0.000       0.000       0.000      -0.2985E-06   0.000       0.000       0.000       0.000       0.000                            0.2985E-07  0.2985E-07   0.000    
  10540800.0   10.00699389   10.1401   0.000       0.000      0.1331E-02 -0.1237E-07  0.2118E-01 -0.2251E-01   0.000       0.000       0.000       0.000       0.1237E-06   0.000       0.000       0.000       0.000       0.000                           -0.1237E-07 -0.1237E-07   0.000    
  10627200.0   10.00732086   10.1440   0.000       0.000      0.1367E-02 -0.1892E-07  0.2161E-01 -0.2298E-01   0.000       0.000       0.000       0.000       0.1892E-06   0.000       0.000       0.000       0.000       0.000                           -0.1892E-07 -0.1892E-07   0.000    
  10713600.0   10.00723902   10.1430   0.000       0.000      0.1358E-02  0.4736E-08  0.2151E-01 -0.2287E-01   0.000       0.000       0.000       0.000      -0.4736E-07   0.000       0.000       0.000       0.000       0.000                            0.4736E-08  0.4736E-08   0.000    
  10800000.0   10.00690430   10.1390   0.000       0.000      0.1321E-02  0.1937E-07  0.2107E-01 -0.2239E-01   0.000       0.000       0.000       0.000      -0.1937E-06   0.000       0.000       0.000       0.000       0.000                            0.1937E-07  0.1937E-07   0.000    
  10886400.0   10.00652751   10.1343   0.000       0.000      0.1278E-02  0.2181E-07  0.2056E-01 -0.2184E-01   0.000       0.000       0.000       0.000      -0.2180E-06   0.000       0.000       0.000       0.000       0.000                            0.2181E-07  0.2181E-07   0.000    
  10972800.0   10.00617617   10.1299   0.000       0.000      0.1237E-02  0.2033E-07  0.2007E-01 -0.2131E-01   0.000       0.000       0.000       0.000      -0.2033E-06   0.000       0.000       0.000       0.000       0.000                            0.2033E-07  0.2033E-07   0.000    
  11059200.0   10.00581696   10.1252   0.000       0.000      0.1193E-02  0.2079E-07  0.1955E-01 -0.2075E-01   0.000       0.000       0.000       0.000      -0.2079E-06   0.000       0.000       0.000       0.000       0.000                            0.2079E-07  0.2079E-07   0.000    
  11145600.0   10.00552447   10.1212   0.000       0.000      0.1157E-02  0.1693E-07  0.1912E-01 -0.2027E-01   0.000       0.000       0.000       0.000      -0.1693E-06   0.000       0.000       0.000       0.000       0.000                            0.1693E-07  0.1693E-07   0.000    
  11232000.0   10.00528583   10.1179   0.000       0.000      0.1126E-02  0.1381E-07  0.1875E-01 -0.1988E-01   0.000       0.000       0.000       0.000      -0.1381E-06   0.000       0.000       0.000       0.000       0.000                            0.1381E-07  0.1381E-07   0.000    
  11318400.0   10.00507823   10.1150   0.000       0.000      0.1099E-02  0.1201E-07  0.1842E-01 -0.1952E-01   0.000       0.000       0.000       0.000      -0.1201E-06   0.000       0.000       0.000       0.000       0.000                            0.1201E-07  0.1201E-07   0.000    
  11404800.0   10.00554272   10.1211   0.000       0.000      0.1155E-02 -0.2688E-07  0.1913E-01 -0.2028E-01   0.000       0.000       0.000       0.000       0.2688E-06   0.000       0.000       0.000       0.000       0.000                           -0.2688E-07 -0.2688E-07   0.000    
  11491200.0   10.00510792   10.1152   0.000       0.000      0.1101E-02  0.2516E-07  0.1845E-01 -0.1956E-01   0.000       0.000       0.000       0.000      -0.2516E-06   0.000       0.000       0.000       0.000       0.000                            0.2516E-07  0.2516E-07   0.000    
  11577600.0   10.00611061   10.1283   0.000       0.000      0.1222E-02 -0.5803E-07  0.1995E-01 -0.2117E-01   0.000       0.000       0.000       0.000       0.5802E-06   0.000       0.000       0.000       0.000       0.000                           -0.5803E-07 -0.5803E-07   0.000    
  11664000.0   10.00816909   10.1528   0.000       0.000      0.1446E-02 -0.1191E-06  0.2269E-01 -0.2414E-01   0.000       0.000       0.000       0.000       0.1191E-05   0.000       0.000       0.000       0.000       0.000                           -0.1191E-06 -0.1191E-06   0.000    
  11750400.0   10.01351894   10.2067   0.000       0.000      0.1932E-02 -0.3096E-06  0.2863E-01 -0.3056E-01   0.000       0.000       0.000       0.000       0.3095E-05   0.000       0.000       0.000       0.000       0.000                           -0.3096E-06 -0.3096E-06   0.000    
  11836800.0   10.00913786   10.1642   0.000       0.000      0.1550E-02  0.2535E-06  0.2391E-01 -0.2547E-01   0.000       0.000       0.000       0.000      -0.2535E-05   0.000       0.000       0.000       0.000       0.000                            0.2535E-06  0.2535E-06   0.000    
  11923200.0   10.00780969   10.1493   0.000       0.000      0.1415E-02  0.7686E-07  0.2232E-01 -0.2373E-01   0.000       0.000       0.000       0.000      -0.7685E-06   0.000       0.000       0.000       0.000       0.000                            0.7686E-07  0.7686E-07   0.000    
  12009600.0   10.00712966   10.1413   0.000       0.000      0.1342E-02  0.3935E-07  0.2144E-01 -0.2278E-01   0.000       0.000       0.000       0.000      -0.3935E-06   0.000       0.000       0.000       0.000       0.000                            0.3935E-07  0.3935E-07   0.000    
  12096000.0   10.00726299   10.1428   0.000       0.000      0.1356E-02 -0.7716E-08  0.2162E-01 -0.2298E-01   0.000       0.000       0.000       0.000       0.7715E-07   0.000       0.000       0.000       0.000       0.000                           -0.7716E-08 -0.7716E-08   0.000    
  12182400.0   10.00711709   10.1411   0.000       0.000      0.1339E-02  0.8443E-08  0.2143E-01 -0.2277E-01   0.000       0.000       0.000       0.000      -0.8443E-07   0.000       0.000       0.000       0.000       0.000                            0.8443E-08  0.8443E-08   0.000    
  12268800.0   10.00678171   10.1370   0.000       0.000      0.1302E-02  0.1941E-07  0.2098E-01 -0.2229E-01   0.000       0.000       0.000       0.000      -0.1941E-06   0.000       0.000       0.000       0.000       0.000                            0.1941E-07  0.1941E-07   0.000    
  12355200.0   10.00642537   10.1325   0.000       0.000      0.1261E-02  0.2062E-07  0.2049E-01 -0.2175E-01   0.000       0.000       0.000       0.000      -0.2062E-06   0.000       0.000       0.000       0.000       0.000                            0.2062E-07  0.2062E-07   0.000    
  12441600.0   10.00630858   10.1309   0.000       0.000      0.1246E-02  0.6759E-08  0.2033E-01 -0.2158E-01   0.000       0.000       0.000       0.000      -0.6759E-07   0.000       0.000       0.000       0.000       0.000                            0.6759E-08  0.6759E-08   0.000    
  12528000.0   10.00801273   10.1510   0.000       0.000      0.1430E-02 -0.9862E-07  0.2260E-01 -0.2403E-01   0.000       0.000       0.000       0.000       0.9861E-06   0.000       0.000       0.000       0.000       0.000                           -0.9862E-07 -0.9862E-07   0.000    
  12614400.0   10.00923677   10.1646   0.000       0.000      0.1553E-02 -0.7084E-07  0.2410E-01 -0.2565E-01   0.000       0.000       0.000       0.000       0.7083E-06   0.000       0.000       0.000       0.000       0.000                           -0.7084E-07 -0.7084E-07   0.000    
  12700800.0   10.00805497   10.1518   0.000       0.000      0.1437E-02  0.6839E-07  0.2267E-01 -0.2411E-01   0.000       0.000       0.000       0.000      -0.6838E-06   0.000       0.000       0.000       0.000       0.000                            0.6839E-07  0.6839E-07   0.000    
  12787200.0   10.00741412   10.1443   0.000       0.000      0.1369E-02  0.3709E-07  0.2186E-01 -0.2323E-01   0.000       0.000       0.000       0.000      -0.3708E-06   0.000       0.000       0.000       0.000       0.000                            0.3709E-07  0.3709E-07   0.000    
  12873600.0   10.00689075   10.1381   0.000       0.000      0.1312E-02  0.3029E-07  0.2117E-01 -0.2248E-01   0.000       0.000       0.000       0.000      -0.3028E-06   0.000       0.000       0.000       0.000       0.000                            0.3029E-07  0.3029E-07   0.000    
  12960000.0   10.00732472   10.1431   0.000       0.000      0.1358E-02 -0.2511E-07  0.2176E-01 -0.2311E-01   0.000       0.000       0.000       0.000       0.2511E-06   0.000       0.000       0.000       0.000       0.000                           -0.2511E-07 -0.2511E-07   0.000    
  13046400.0   10.00702700   10.1396   0.000       0.000      0.1325E-02  0.1723E-07  0.2136E-01 -0.2269E-01   0.000       0.000       0.000       0.000      -0.1723E-06   0.000       0.000       0.000       0.000       0.000                            0.1723E-07  0.1723E-07   0.000    
  13132800.0   10.00671411   10.1357   0.000       0.000      0.1290E-02  0.1811E-07  0.2094E-01 -0.2223E-01   0.000       0.000       0.000       0.000      -0.1811E-06   0.000       0.000       0.000       0.000       0.000                            0.1811E-07  0.1811E-07   0.000    
  13219200.0   10.00661914   10.1345   0.000       0.000      0.1278E-02  0.5496E-08  0.2081E-01 -0.2209E-01   0.000       0.000       0.000       0.000      -0.5496E-07   0.000       0.000       0.000       0.000       0.000                            0.5496E-08  0.5496E-08   0.000    
  13305600.0   10.00636491   10.1312   0.000       0.000      0.1249E-02  0.1471E-07  0.2045E-01 -0.2170E-01   0.000       0.000       0.000       0.000      -0.1471E-06   0.000       0.000       0.000       0.000       0.000                            0.1471E-07  0.1471E-07   0.000    
  13392000.0   10.00726507   10.1420   0.000       0.000      0.1348E-02 -0.5209E-07  0.2168E-01 -0.2303E-01   0.000       0.000       0.000       0.000       0.5209E-06   0.000       0.000       0.000       0.000       0.000                           -0.5209E-07 -0.5209E-07   0.000    
  13478400.0   10.00756603   10.1456   0.000       0.000      0.1380E-02 -0.1742E-07  0.2207E-01 -0.2345E-01   0.000       0.000       0.000       0.000       0.1741E-06   0.000       0.000       0.000       0.000       0.000                           -0.1742E-07 -0.1742E-07   0.000    
  13564800.0   10.00716012   10.1408   0.000       0.000      0.1337E-02  0.2349E-07  0.2154E-01 -0.2288E-01   0.000       0.000       0.000       0.000      -0.2349E-06   0.000       0.000       0.000       0.000       0.000                            0.2349E-07  0.2349E-07   0.000    
  13651200.0   10.00684856   10.1371   0.000       0.000      0.1302E-02  0.1803E-07  0.2113E-01 -0.2243E-01   0.000       0.000       0.000       0.000      -0.1803E-06   0.000       0.000       0.000       0.000       0.000                            0.1803E-07  0.1803E-07   0.000    
  13737600.0   10.00653943   10.1332   0.000       0.000      0.1267E-02  0.1789E-07  0.2071E-01 -0.2197E-01   0.000       0.000       0.000       0.000      -0.1789E-06   0.000       0.000       0.000       0.000       0.000                            0.1789E-07  0.1789E-07   0.000    
  13824000.0   10.00817138   10.1522   0.000       0.000      0.1441E-02 -0.9444E-07  0.2286E-01 -0.2430E-01   0.000       0.000       0.000       0.000       0.9443E-06   0.000       0.000       0.000       0.000       0.000                           -0.9444E-07 -0.9444E-07   0.000    
  13910400.0   10.00980764   10.1700   0.000       0.000      0.1602E-02 -0.9469E-07  0.2482E-01 -0.2642E-01   0.000       0.000       0.000       0.000       0.9468E-06   0.000       0.000       0.000       0.000       0.000                           -0.9469E-07 -0.9469E-07   0.000    
  13996800.0   10.00864853   10.1578   0.000       0.000      0.1492E-02  0.6708E-07  0.2346E-01 -0.2495E-01   0.000       0.000       0.000       0.000      -0.6707E-06   0.000       0.000       0.000       0.000       0.000                            0.6708E-07  0.6708E-07   0.000    
  14083200.0   10.00787360   10.1491   0.000       0.000      0.1413E-02  0.4485E-07  0.2252E-01 -0.2393E-01   0.000       0.000       0.000       0.000      -0.4484E-06   0.000       0.000       0.000       0.000       0.000                            0.4485E-07  0.4485E-07   0.000    
  14169600.0   10.00844755   10.1555   0.000       0.000      0.1470E-02 -0.3321E-07  0.2324E-01 -0.2471E-01   0.000       0.000       0.000       0.000       0.3321E-06   0.000       0.000       0.000       0.000       0.000                           -0.3321E-07 -0.3321E-07   0.000    
  14256000.0   10.00863490   10.1576   0.000       0.000      0.1490E-02 -0.1084E-07  0.2348E-01 -0.2497E-01   0.000       0.000       0.000       0.000       0.1084E-06   0.000       0.000       0.000       0.000       0.000                           -0.1084E-07 -0.1084E-07   0.000    
  14342400.0   10.01054863   10.1777   0.000       0.000      0.1671E-02 -0.1107E-06  0.2572E-01 -0.2739E-01   0.000       0.000       0.000       0.000       0.1107E-05   0.000       0.000       0.000       0.000       0.000                           -0.1107E-06 -0.1107E-06   0.000    
  14428800.0   10.01577547   10.2263   0.000       0.000      0.2105E-02 -0.3025E-06  0.3104E-01 -0.3314E-01   0.000       0.000       0.000       0.000       0.3024E-05   0.000       0.000       0.000       0.000       0.000                           -0.3025E-06 -0.3025E-06   0.000    
  14515200.0   10.01245071   10.1968   0.000       0.000      0.1844E-02  0.1924E-06  0.2781E-01 -0.2966E-01   0.000       0.000       0.000       0.000      -0.1923E-05   0.000       0.000       0.000       0.000       0.000                            0.1924E-06  0.1924E-06   0.000    
  14601600.0   10.01258698   10.1980   0.000       0.000      0.1854E-02 -0.7886E-08  0.2800E-01 -0.2985E-01   0.000       0.000       0.000       0.000       0.7884E-07   0.000       0.000       0.000       0.000       0.000                           -0.7886E-08 -0.7886E-08   0.000    
  14688000.0   10.01391712   10.2103   0.000       0.000      0.1964E-02 -0.7698E-07  0.2937E-01 -0.3133E-01   0.000       0.000       0.000       0.000       0.7695E-06   0.000       0.000       0.000       0.000       0.000                           -0.7698E-07 -0.7698E-07   0.000    
  14774400.0   10.01342643   10.2060   0.000       0.000      0.1925E-02  0.2840E-07  0.2891E-01 -0.3084E-01   0.000       0.000       0.000       0.000      -0.2839E-06   0.000       0.000       0.000       0.000       0.000                            0.2840E-07  0.2840E-07   0.000    
  14860800.0   10.01225061   10.1950   0.000       0.000      0.1827E-02  0.6805E-07  0.2775E-01 -0.2957E-01   0.000       0.000       0.000       0.000      -0.6802E-06   0.000       0.000       0.000       0.000       0.000                            0.6805E-07  0.6805E-07   0.000    
  14947200.0   10.01155627   10.1882   0.000       0.000      0.1766E-02  0.4018E-07  0.2704E-01 -0.2881E-01   0.000       0.000       0.000       0.000      -0.4017E-06   0.000       0.000       0.000       0.000       0.000                            0.4018E-07  0.4018E-07   0.000    
  15033600.0   10.01080210   10.1806   0.000       0.000      0.1698E-02  0.4364E-07  0.2624E-01 -0.2794E-01   0.000       0.000       0.000       0.000      -0.4363E-06   0.000       0.000       0.000       0.000       0.000                            0.4364E-07  0.4364E-07   0.000    
  15120000.0   10.01014476   10.1738   0.000       0.000      0.1637E-02  0.3804E-07  0.2552E-01 -0.2716E-01   0.000       0.000       0.000       0.000      -0.3803E-06   0.000       0.000       0.000       0.000       0.000                            0.3804E-07  0.3804E-07   0.000    
  15206400.0   10.00950564   10.1670   0.000       0.000      0.1575E-02  0.3699E-07  0.2480E-01 -0.2637E-01   0.000       0.000       0.000       0.000      -0.3698E-06   0.000       0.000       0.000       0.000       0.000                            0.3699E-07  0.3699E-07   0.000    
  15292800.0   10.00892720   10.1606   0.000       0.000      0.1517E-02  0.3347E-07  0.2412E-01 -0.2563E-01   0.000       0.000       0.000       0.000      -0.3347E-06   0.000       0.000       0.000       0.000       0.000                            0.3347E-07  0.3347E-07   0.000    
  15379200.0   10.01097169   10.1815   0.000       0.000      0.1706E-02 -0.1183E-06  0.2646E-01 -0.2817E-01   0.000       0.000       0.000       0.000       0.1183E-05   0.000       0.000       0.000       0.000       0.000                           -0.1183E-06 -0.1183E-06   0.000    
  15465600.0   10.01121495   10.1840   0.000       0.000      0.1728E-02 -0.1408E-07  0.2673E-01 -0.2846E-01   0.000       0.000       0.000       0.000       0.1407E-06   0.000       0.000       0.000       0.000       0.000                           -0.1408E-07 -0.1408E-07   0.000    
  15552000.0   10.01025496   10.1743   0.000       0.000      0.1640E-02  0.5555E-07  0.2569E-01 -0.2733E-01   0.000       0.000       0.000       0.000      -0.5554E-06   0.000       0.000       0.000       0.000       0.000                            0.5555E-07  0.5555E-07   0.000    
  15638400.0   10.00939154   10.1651   0.000       0.000      0.1557E-02  0.4997E-07  0.2471E-01 -0.2627E-01   0.000       0.000       0.000       0.000      -0.4996E-06   0.000       0.000       0.000       0.000       0.000                            0.4997E-07  0.4997E-07   0.000    
  15724800.0   10.00880278   10.1586   0.000       0.000      0.1498E-02  0.3407E-07  0.2401E-01 -0.2551E-01   0.000       0.000       0.000       0.000      -0.3407E-06   0.000       0.000       0.000       0.000       0.000                            0.3407E-07  0.3407E-07   0.000    
  15811200.0   10.00834345   10.1534   0.000       0.000      0.1450E-02  0.2658E-07  0.2345E-01 -0.2490E-01   0.000       0.000       0.000       0.000      -0.2658E-06   0.000       0.000       0.000       0.000       0.000                            0.2658E-07  0.2658E-07   0.000    
  15897600.0   10.00797320   10.1490   0.000       0.000      0.1411E-02  0.2143E-07  0.2298E-01 -0.2439E-01   0.000       0.000       0.000       0.000      -0.2142E-06   0.000       0.000       0.000       0.000       0.000                            0.2143E-07  0.2143E-07   0.000    
  15984000.0   10.00787165   10.1477   0.000       0.000      0.1398E-02  0.5877E-08  0.2285E-01 -0.2425E-01   0.000       0.000       0.000       0.000      -0.5876E-07   0.000       0.000       0.000       0.000       0.000                            0.5877E-08  0.5877E-08   0.000    
  16070400.0   10.00749698   10.1432   0.000       0.000      0.1357E-02  0.2168E-07  0.2236E-01 -0.2372E-01   0.000       0.000       0.000       0.000      -0.2168E-06   0.000       0.000       0.000       0.000       0.000                            0.2168E-07  0.2168E-07   0.000    
  16156800.0   10.00720636   10.1396   0.000       0.000      0.1324E-02  0.1682E-07  0.2197E-01 -0.2329E-01   0.000       0.000       0.000       0.000      -0.1682E-06   0.000       0.000       0.000       0.000       0.000                            0.1682E-07  0.1682E-07   0.000    
  16243200.0   10.00693712   10.1362   0.000       0.000      0.1293E-02  0.1558E-07  0.2160E-01 -0.2289E-01   0.000       0.000       0.000       0.000      -0.1558E-06   0.000       0.000       0.000       0.000       0.000                            0.1558E-07  0.1558E-07   0.000    
  16329600.0   10.00669663   10.1332   0.000       0.000      0.1265E-02  0.1392E-07  0.2126E-01 -0.2253E-01   0.000       0.000       0.000       0.000      -0.1392E-06   0.000       0.000       0.000       0.000       0.000                            0.1392E-07  0.1392E-07   0.000    
  16416000.0   10.00647381   10.1303   0.000       0.000      0.1238E-02  0.1290E-07  0.2094E-01 -0.2218E-01   0.000       0.000       0.000       0.000      -0.1289E-06   0.000       0.000       0.000       0.000       0.000                            0.1290E-07  0.1290E-07   0.000    
  16502400.0   10.00626710   10.1276   0.000       0.000      0.1213E-02  0.1196E-07  0.2064E-01 -0.2185E-01   0.000       0.000       0.000       0.000      -0.1196E-06   0.000       0.000       0.000       0.000       0.000                            0.1196E-07  0.1196E-07   0.000    
  16588800.0   10.00607510   10.1250   0.000       0.000      0.1189E-02  0.1111E-07  0.2035E-01 -0.2154E-01   0.000       0.000       0.000       0.000      -0.1111E-06   0.000       0.000       0.000       0.000       0.000                            0.1111E-07  0.1111E-07   0.000    
  16675200.0   10.00589583   10.1226   0.000       0.000      0.1167E-02  0.1037E-07  0.2008E-01 -0.2124E-01   0.000       0.000       0.000       0.000      -0.1037E-06   0.000       0.000       0.000       0.000       0.000                            0.1037E-07  0.1037E-07   0.000    
  16761600.0   10.00583405   10.1217   0.000       0.000      0.1159E-02  0.3575E-08  0.1997E-01 -0.2113E-01   0.000       0.000       0.000       0.000      -0.3575E-07   0.000       0.000       0.000       0.000       0.000                            0.3575E-08  0.3575E-08   0.000    
  16848000.0   10.00581960   10.1214   0.000       0.000      0.1156E-02  0.8362E-09  0.1993E-01 -0.2109E-01   0.000       0.000       0.000       0.000      -0.8362E-08   0.000       0.000       0.000       0.000       0.000                            0.8362E-09  0.8362E-09   0.000    
  16934400.0   10.00613879   10.1254   0.000       0.000      0.1193E-02 -0.1847E-07  0.2038E-01 -0.2158E-01   0.000       0.000       0.000       0.000       0.1847E-06   0.000       0.000       0.000       0.000       0.000                           -0.1847E-07 -0.1847E-07   0.000    
  17020800.0   10.00607197   10.1246   0.000       0.000      0.1185E-02  0.3867E-08  0.2027E-01 -0.2146E-01   0.000       0.000       0.000       0.000      -0.3867E-07   0.000       0.000       0.000       0.000       0.000                            0.3867E-08  0.3867E-08   0.000    
  17107200.0   10.00569647   10.1197   0.000       0.000      0.1140E-02  0.2173E-07  0.1971E-01 -0.2085E-01   0.000       0.000       0.000       0.000      -0.2173E-06   0.000       0.000       0.000       0.000       0.000                            0.2173E-07  0.2173E-07   0.000    
  17193600.0   10.00549039   10.1170   0.000       0.000      0.1115E-02  0.1193E-07  0.1939E-01 -0.2051E-01   0.000       0.000       0.000       0.000      -0.1193E-06   0.000       0.000       0.000       0.000       0.000                            0.1193E-07  0.1193E-07   0.000    
  17280000.0   10.00530397   10.1144   0.000       0.000      0.1091E-02  0.1079E-07  0.1909E-01 -0.2018E-01   0.000       0.000       0.000       0.000      -0.1079E-06   0.000       0.000       0.000       0.000       0.000                            0.1079E-07  0.1079E-07   0.000    
  17366400.0   10.00513601   10.1121   0.000       0.000      0.1070E-02  0.9720E-08  0.1882E-01 -0.1989E-01   0.000       0.000       0.000       0.000      -0.9719E-07   0.000       0.000       0.000       0.000       0.000                            0.9720E-08  0.9720E-08   0.000    
  17452800.0   10.00498599   10.1100   0.000       0.000      0.1050E-02  0.8682E-08  0.1857E-01 -0.1962E-01   0.000       0.000       0.000       0.000      -0.8681E-07   0.000       0.000       0.000       0.000       0.000                            0.8682E-08  0.8682E-08   0.000    
  17539200.0   10.00484847   10.1081   0.000       0.000      0.1032E-02  0.7958E-08  0.1833E-01 -0.1936E-01   0.000       0.000       0.000       0.000      -0.7958E-07   0.000       0.000       0.000       0.000       0.000                            0.7958E-08  0.7958E-08   0.000    
  17625600.0   10.00472096   10.1063   0.000       0.000      0.1016E-02  0.7379E-08  0.1811E-01 -0.1912E-01   0.000       0.000       0.000       0.000      -0.7379E-07   0.000       0.000       0.000       0.000       0.000                            0.7379E-08  0.7379E-08   0.000    
  17712000.0   10.00474607   10.1066   0.000       0.000      0.1019E-02 -0.1453E-08  0.1813E-01 -0.1915E-01   0.000       0.000       0.000       0.000       0.1453E-07   0.000       0.000       0.000       0.000       0.000                           -0.1453E-08 -0.1453E-08   0.000    
  17798400.0   10.00458233   10.1043   0.000       0.000      0.9973E-03  0.9476E-08  0.1784E-01 -0.1884E-01   0.000       0.000       0.000       0.000      -0.9475E-07   0.000       0.000       0.000       0.000       0.000                            0.9476E-08  0.9476E-08   0.000    
  17884800.0   10.00444549   10.1023   0.000       0.000      0.9789E-03  0.7919E-08  0.1760E-01 -0.1858E-01   0.000       0.000       0.000       0.000      -0.7919E-07   0.000       0.000       0.000       0.000       0.000                            0.7919E-08  0.7919E-08   0.000    
  17971200.0   10.00433212   10.1007   0.000       0.000      0.9635E-03  0.6561E-08  0.1739E-01 -0.1835E-01   0.000       0.000       0.000       0.000      -0.6561E-07   0.000       0.000       0.000       0.000       0.000                            0.6561E-08  0.6561E-08   0.000    
  18057600.0   10.00422792   10.0992   0.000       0.000      0.9494E-03  0.6030E-08  0.1720E-01 -0.1814E-01   0.000       0.000       0.000       0.000      -0.6030E-07   0.000       0.000       0.000       0.000       0.000                            0.6030E-08  0.6030E-08   0.000    
  18144000.0   10.00412950   10.0977   0.000       0.000      0.9359E-03  0.5696E-08  0.1701E-01 -0.1794E-01   0.000       0.000       0.000       0.000      -0.5696E-07   0.000       0.000       0.000       0.000       0.000                            0.5696E-08  0.5696E-08   0.000    
  18230400.0   10.00403570   10.0963   0.000       0.000      0.9229E-03  0.5428E-08  0.1683E-01 -0.1775E-01   0.000       0.000       0.000       0.000      -0.5428E-07   0.000       0.000       0.000       0.000       0.000                            0.5428E-08  0.5428E-08   0.000    
  18316800.0   10.00394610   10.0950   0.000       0.000      0.9105E-03  0.5185E-08  0.1665E-01 -0.1756E-01   0.000       0.000       0.000       0.000      -0.5185E-07   0.000       0.000       0.000       0.000       0.000                            0.5185E-08  0.5185E-08   0.000    
  18403200.0   10.00385995   10.0937   0.000       0.000      0.8985E-03  0.4985E-08  0.1648E-01 -0.1738E-01   0.000       0.000       0.000       0.000      -0.4985E-07   0.000       0.000       0.000       0.000       0.000                            0.4985E-08  0.4985E-08   0.000    
  18489600.0   10.00377709   10.0925   0.000       0.000      0.8869E-03  0.4795E-08  0.1631E-01 -0.1720E-01   0.000       0.000       0.000       0.000      -0.4795E-07   0.000       0.000       0.000       0.000       0.000                            0.4795E-08  0.4795E-08   0.000    
  18576000.0   10.00369731   10.0913   0.000       0.000      0.8757E-03  0.4617E-08  0.1614E-01 -0.1702E-01   0.000       0.000       0.000       0.000      -0.4617E-07   0.000       0.000       0.000       0.000       0.000                            0.4617E-08  0.4617E-08   0.000    
  18662400.0   10.00362025   10.0901   0.000       0.000      0.8648E-03  0.4459E-08  0.1598E-01 -0.1685E-01   0.000       0.000       0.000       0.000      -0.4459E-07   0.000       0.000       0.000       0.000       0.000                            0.4459E-08  0.4459E-08   0.000    
  18748800.0   10.00354583   10.0890   0.000       0.000      0.8542E-03  0.4307E-08  0.1583E-01 -0.1668E-01   0.000       0.000       0.000       0.000      -0.4307E-07   0.000       0.000       0.000       0.000       0.000                            0.4307E-08  0.4307E-08   0.000    
  18835200.0   10.00373453   10.0920   0.000       0.000      0.8830E-03 -0.1092E-07  0.1616E-01 -0.1704E-01   0.000       0.000       0.000       0.000       0.1092E-06   0.000       0.000       0.000       0.000       0.000                           -0.1092E-07 -0.1092E-07   0.000    
  18921600.0   10.00359231   10.0899   0.000       0.000      0.8630E-03  0.8231E-08  0.1588E-01 -0.1674E-01   0.000       0.000       0.000       0.000      -0.8230E-07   0.000       0.000       0.000       0.000       0.000                            0.8231E-08  0.8231E-08   0.000    
  19008000.0   10.00345747   10.0878   0.000       0.000      0.8433E-03  0.7803E-08  0.1561E-01 -0.1645E-01   0.000       0.000       0.000       0.000      -0.7803E-07   0.000       0.000       0.000       0.000       0.000                            0.7803E-08  0.7803E-08   0.000    
  19094400.0   10.00336765   10.0864   0.000       0.000      0.8302E-03  0.5198E-08  0.1542E-01 -0.1625E-01   0.000       0.000       0.000       0.000      -0.5197E-07   0.000       0.000       0.000       0.000       0.000                            0.5198E-08  0.5198E-08   0.000    
  19180800.0   10.00329100   10.0852   0.000       0.000      0.8191E-03  0.4436E-08  0.1525E-01 -0.1607E-01   0.000       0.000       0.000       0.000      -0.4436E-07   0.000       0.000       0.000       0.000       0.000                            0.4436E-08  0.4436E-08   0.000    
  19267200.0   10.00322631   10.0842   0.000       0.000      0.8097E-03  0.3744E-08  0.1511E-01 -0.1592E-01   0.000       0.000       0.000       0.000      -0.3744E-07   0.000       0.000       0.000       0.000       0.000                            0.3744E-08  0.3744E-08   0.000    
  19353600.0   10.00315701   10.0831   0.000       0.000      0.7995E-03  0.4010E-08  0.1496E-01 -0.1576E-01   0.000       0.000       0.000       0.000      -0.4010E-07   0.000       0.000       0.000       0.000       0.000                            0.4010E-08  0.4010E-08   0.000    
  19440000.0   10.00309284   10.0821   0.000       0.000      0.7901E-03  0.3713E-08  0.1481E-01 -0.1560E-01   0.000       0.000       0.000       0.000      -0.3713E-07   0.000       0.000       0.000       0.000       0.000                            0.3713E-08  0.3713E-08   0.000    
  19526400.0   10.00303162   10.0811   0.000       0.000      0.7810E-03  0.3543E-08  0.1467E-01 -0.1545E-01   0.000       0.000       0.000       0.000      -0.3543E-07   0.000       0.000       0.000       0.000       0.000                            0.3543E-08  0.3543E-08   0.000    
  19612800.0   10.00297275   10.0802   0.000       0.000      0.7723E-03  0.3407E-08  0.1453E-01 -0.1531E-01   0.000       0.000       0.000       0.000      -0.3407E-07   0.000       0.000       0.000       0.000       0.000                            0.3407E-08  0.3407E-08   0.000    
  19699200.0   10.00291591   10.0793   0.000       0.000      0.7638E-03  0.3289E-08  0.1440E-01 -0.1516E-01   0.000       0.000       0.000       0.000      -0.3289E-07   0.000       0.000       0.000       0.000       0.000                            0.3289E-08  0.3289E-08   0.000    
  19785600.0   10.00286092   10.0784   0.000       0.000      0.7556E-03  0.3182E-08  0.1427E-01 -0.1502E-01   0.000       0.000       0.000       0.000      -0.3182E-07   0.000       0.000       0.000       0.000       0.000                            0.3182E-08  0.3182E-08   0.000    
  19872000.0   10.00280763   10.0776   0.000       0.000      0.7476E-03  0.3084E-08  0.1414E-01 -0.1489E-01   0.000       0.000       0.000       0.000      -0.3084E-07   0.000       0.000       0.000       0.000       0.000                            0.3084E-08  0.3084E-08   0.000    
  19958400.0   10.00297858   10.0807   0.000       0.000      0.7770E-03 -0.9893E-08  0.1447E-01 -0.1525E-01   0.000       0.000       0.000       0.000       0.9893E-07   0.000       0.000       0.000       0.000       0.000                           -0.9893E-08 -0.9893E-08   0.000    
  20044800.0   10.00315156   10.0838   0.000       0.000      0.8065E-03 -0.1001E-07  0.1480E-01 -0.1561E-01   0.000       0.000       0.000       0.000       0.1001E-06   0.000       0.000       0.000       0.000       0.000                           -0.1001E-07 -0.1001E-07   0.000    
  20131200.0   10.00289823   10.0796   0.000       0.000      0.7668E-03  0.1466E-07  0.1428E-01 -0.1504E-01   0.000       0.000       0.000       0.000      -0.1466E-06   0.000       0.000       0.000       0.000       0.000                            0.1466E-07  0.1466E-07   0.000    
  20217600.0   10.00286105   10.0790   0.000       0.000      0.7614E-03  0.2152E-08  0.1419E-01 -0.1495E-01   0.000       0.000       0.000       0.000      -0.2152E-07   0.000       0.000       0.000       0.000       0.000                            0.2152E-08  0.2152E-08   0.000    
  20304000.0   10.00279967   10.0780   0.000       0.000      0.7522E-03  0.3552E-08  0.1404E-01 -0.1480E-01   0.000       0.000       0.000       0.000      -0.3552E-07   0.000       0.000       0.000       0.000       0.000                            0.3552E-08  0.3552E-08   0.000    
  20390400.0   10.00270493   10.0764   0.000       0.000      0.7371E-03  0.5483E-08  0.1383E-01 -0.1457E-01   0.000       0.000       0.000       0.000      -0.5483E-07   0.000       0.000       0.000       0.000       0.000                            0.5483E-08  0.5483E-08   0.000    
  20476800.0   10.00263742   10.0753   0.000       0.000      0.7263E-03  0.3907E-08  0.1367E-01 -0.1440E-01   0.000       0.000       0.000       0.000      -0.3906E-07   0.000       0.000       0.000       0.000       0.000                            0.3907E-08  0.3907E-08   0.000    
  20563200.0   10.00257891   10.0743   0.000       0.000      0.7171E-03  0.3386E-08  0.1353E-01 -0.1425E-01   0.000       0.000       0.000       0.000      -0.3386E-07   0.000       0.000       0.000       0.000       0.000                            0.3386E-08  0.3386E-08   0.000    
  20649600.0   10.00252532   10.0734   0.000       0.000      0.7086E-03  0.3101E-08  0.1340E-01 -0.1410E-01   0.000       0.000       0.000       0.000      -0.3101E-07   0.000       0.000       0.000       0.000       0.000                            0.3101E-08  0.3101E-08   0.000    
  20736000.0   10.00247509   10.0725   0.000       0.000      0.7006E-03  0.2907E-08  0.1327E-01 -0.1397E-01   0.000       0.000       0.000       0.000      -0.2907E-07   0.000       0.000       0.000       0.000       0.000                            0.2907E-08  0.2907E-08   0.000    
  20822400.0   10.00242743   10.0717   0.000       0.000      0.6930E-03  0.2758E-08  0.1315E-01 -0.1384E-01   0.000       0.000       0.000       0.000      -0.2758E-07   0.000       0.000       0.000       0.000       0.000                            0.2758E-08  0.2758E-08   0.000    
  20908800.0   10.00238193   10.0710   0.000       0.000      0.6857E-03  0.2633E-08  0.1303E-01 -0.1371E-01   0.000       0.000       0.000       0.000      -0.2633E-07   0.000       0.000       0.000       0.000       0.000                            0.2633E-08  0.2633E-08   0.000    
  20995200.0   10.00233824   10.0702   0.000       0.000      0.6787E-03  0.2528E-08  0.1291E-01 -0.1359E-01   0.000       0.000       0.000       0.000      -0.2528E-07   0.000       0.000       0.000       0.000       0.000                            0.2528E-08  0.2528E-08   0.000    
  21081600.0   10.00229616   10.0695   0.000       0.000      0.6719E-03  0.2435E-08  0.1280E-01 -0.1347E-01   0.000       0.000       0.000       0.000      -0.2435E-07   0.000       0.000       0.000       0.000       0.000                            0.2435E-08  0.2435E-08   0.000    
  21168000.0   10.00225549   10.0688   0.000       0.000      0.6653E-03  0.2354E-08  0.1269E-01 -0.1336E-01   0.000       0.000       0.000       0.000      -0.2354E-07   0.000       0.000       0.000       0.000       0.000                            0.2354E-08  0.2354E-08   0.000    
  21254400.0   10.00221607   10.0681   0.000       0.000      0.6588E-03  0.2281E-08  0.1258E-01 -0.1324E-01   0.000       0.000       0.000       0.000      -0.2281E-07   0.000       0.000       0.000       0.000       0.000                            0.2281E-08  0.2281E-08   0.000    
  21340800.0   10.00217783   10.0674   0.000       0.000      0.6526E-03  0.2213E-08  0.1248E-01 -0.1313E-01   0.000       0.000       0.000       0.000      -0.2213E-07   0.000       0.000       0.000       0.000       0.000                            0.2213E-08  0.2213E-08   0.000    
  21427200.0   10.00214068   10.0668   0.000       0.000      0.6465E-03  0.2150E-08  0.1237E-01 -0.1302E-01   0.000       0.000       0.000       0.000      -0.2150E-07   0.000       0.000       0.000       0.000       0.000                            0.2150E-08  0.2150E-08   0.000    
  21513600.0   10.00213268   10.0667   0.000       0.000      0.6459E-03  0.4630E-09  0.1234E-01 -0.1299E-01   0.000       0.000       0.000       0.000      -0.4630E-08   0.000       0.000       0.000       0.000       0.000                            0.4630E-09  0.4630E-09   0.000    
  21600000.0   10.00240101   10.0721   0.000       0.000      0.6973E-03 -0.1553E-07  0.1295E-01 -0.1364E-01   0.000       0.000       0.000       0.000       0.1553E-06   0.000       0.000       0.000       0.000       0.000                           -0.1553E-07 -0.1553E-07   0.000    
  21686400.0   10.00219778   10.0683   0.000       0.000      0.6614E-03  0.1176E-07  0.1246E-01 -0.1313E-01   0.000       0.000       0.000       0.000      -0.1176E-06   0.000       0.000       0.000       0.000       0.000                            0.1176E-07  0.1176E-07   0.000    
  21772800.0   10.00211807   10.0668   0.000       0.000      0.6468E-03  0.4613E-08  0.1226E-01 -0.1291E-01   0.000       0.000       0.000       0.000      -0.4613E-07   0.000       0.000       0.000       0.000       0.000                            0.4613E-08  0.4613E-08   0.000    
  21859200.0   10.00206541   10.0658   0.000       0.000      0.6376E-03  0.3047E-08  0.1212E-01 -0.1276E-01   0.000       0.000       0.000       0.000      -0.3047E-07   0.000       0.000       0.000       0.000       0.000                            0.3047E-08  0.3047E-08   0.000    
  21945600.0   10.00202178   10.0650   0.000       0.000      0.6300E-03  0.2525E-08  0.1200E-01 -0.1263E-01   0.000       0.000       0.000       0.000      -0.2525E-07   0.000       0.000       0.000       0.000       0.000                            0.2525E-08  0.2525E-08   0.000    
  22032000.0   10.00198248   10.0643   0.000       0.000      0.6231E-03  0.2274E-08  0.1189E-01 -0.1252E-01   0.000       0.000       0.000       0.000      -0.2274E-07   0.000       0.000       0.000       0.000       0.000                            0.2274E-08  0.2274E-08   0.000    
  22118400.0   10.00194586   10.0636   0.000       0.000      0.6168E-03  0.2119E-08  0.1179E-01 -0.1240E-01   0.000       0.000       0.000       0.000      -0.2119E-07   0.000       0.000       0.000       0.000       0.000                            0.2119E-08  0.2119E-08   0.000    
  22204800.0   10.00191119   10.0630   0.000       0.000      0.6107E-03  0.2007E-08  0.1169E-01 -0.1230E-01   0.000       0.000       0.000       0.000      -0.2006E-07   0.000       0.000       0.000       0.000       0.000                            0.2007E-08  0.2007E-08   0.000    
  22291200.0   10.00187805   10.0624   0.000       0.000      0.6049E-03  0.1918E-08  0.1159E-01 -0.1219E-01   0.000       0.000       0.000       0.000      -0.1918E-07   0.000       0.000       0.000       0.000       0.000                            0.1918E-08  0.1918E-08   0.000    
  22377600.0   10.00184617   10.0618   0.000       0.000      0.5993E-03  0.1845E-08  0.1149E-01 -0.1209E-01   0.000       0.000       0.000       0.000      -0.1845E-07   0.000       0.000       0.000       0.000       0.000                            0.1845E-08  0.1845E-08   0.000    
  22464000.0   10.00214640   10.0682   0.000       0.000      0.6602E-03 -0.1737E-07  0.1222E-01 -0.1288E-01   0.000       0.000       0.000       0.000       0.1737E-06   0.000       0.000       0.000       0.000       0.000                           -0.1737E-07 -0.1737E-07   0.000    
  22550400.0   10.00198530   10.0650   0.000       0.000      0.6306E-03  0.9323E-08  0.1182E-01 -0.1245E-01   0.000       0.000       0.000       0.000      -0.9323E-07   0.000       0.000       0.000       0.000       0.000                            0.9323E-08  0.9323E-08   0.000    
  22636800.0   10.00197627   10.0649   0.000       0.000      0.6296E-03  0.5227E-09  0.1178E-01 -0.1241E-01   0.000       0.000       0.000       0.000      -0.5227E-08   0.000       0.000       0.000       0.000       0.000                            0.5227E-09  0.5227E-09   0.000    
  22723200.0   10.00293994   10.0834   0.000       0.000      0.8051E-03 -0.5577E-07  0.1392E-01 -0.1473E-01   0.000       0.000       0.000       0.000       0.5577E-06   0.000       0.000       0.000       0.000       0.000                           -0.5577E-07 -0.5577E-07   0.000    
  22809600.0   10.00253878   10.0766   0.000       0.000      0.7402E-03  0.2322E-07  0.1307E-01 -0.1381E-01   0.000       0.000       0.000       0.000      -0.2322E-06   0.000       0.000       0.000       0.000       0.000                            0.2322E-07  0.2322E-07   0.000    
  22896000.0   10.00239815   10.0740   0.000       0.000      0.7157E-03  0.8138E-08  0.1276E-01 -0.1347E-01   0.000       0.000       0.000       0.000      -0.8138E-07   0.000       0.000       0.000       0.000       0.000                            0.8138E-08  0.8138E-08   0.000    
  22982400.0   10.00231394   10.0724   0.000       0.000      0.7013E-03  0.4873E-08  0.1256E-01 -0.1326E-01   0.000       0.000       0.000       0.000      -0.4873E-07   0.000       0.000       0.000       0.000       0.000                            0.4873E-08  0.4873E-08   0.000    
  23068800.0   10.00224856   10.0713   0.000       0.000      0.6901E-03  0.3784E-08  0.1240E-01 -0.1309E-01   0.000       0.000       0.000       0.000      -0.3784E-07   0.000       0.000       0.000       0.000       0.000                            0.3784E-08  0.3784E-08   0.000    
  23155200.0   10.00217587   10.0699   0.000       0.000      0.6773E-03  0.4207E-08  0.1222E-01 -0.1290E-01   0.000       0.000       0.000       0.000      -0.4207E-07   0.000       0.000       0.000       0.000       0.000                            0.4207E-08  0.4207E-08   0.000    
  23241600.0   10.00211044   10.0687   0.000       0.000      0.6656E-03  0.3786E-08  0.1206E-01 -0.1273E-01   0.000       0.000       0.000       0.000      -0.3786E-07   0.000       0.000       0.000       0.000       0.000                            0.3786E-08  0.3786E-08   0.000    
  23328000.0   10.00204693   10.0674   0.000       0.000      0.6540E-03  0.3675E-08  0.1190E-01 -0.1255E-01   0.000       0.000       0.000       0.000      -0.3675E-07   0.000       0.000       0.000       0.000       0.000                            0.3675E-08  0.3675E-08   0.000    
  23414400.0   10.00199050   10.0663   0.000       0.000      0.6435E-03  0.3265E-08  0.1175E-01 -0.1240E-01   0.000       0.000       0.000       0.000      -0.3265E-07   0.000       0.000       0.000       0.000       0.000                            0.3265E-08  0.3265E-08   0.000    
  23500800.0   10.00194344   10.0654   0.000       0.000      0.6348E-03  0.2723E-08  0.1163E-01 -0.1226E-01   0.000       0.000       0.000       0.000      -0.2723E-07   0.000       0.000       0.000       0.000       0.000                            0.2723E-08  0.2723E-08   0.000    
  23587200.0   10.00189988   10.0646   0.000       0.000      0.6266E-03  0.2521E-08  0.1151E-01 -0.1213E-01   0.000       0.000       0.000       0.000      -0.2521E-07   0.000       0.000       0.000       0.000       0.000                            0.2521E-08  0.2521E-08   0.000    
  23673600.0   10.00185749   10.0637   0.000       0.000      0.6186E-03  0.2453E-08  0.1139E-01 -0.1201E-01   0.000       0.000       0.000       0.000      -0.2453E-07   0.000       0.000       0.000       0.000       0.000                            0.2453E-08  0.2453E-08   0.000    
  23760000.0   10.00181474   10.0629   0.000       0.000      0.6104E-03  0.2474E-08  0.1127E-01 -0.1188E-01   0.000       0.000       0.000       0.000      -0.2474E-07   0.000       0.000       0.000       0.000       0.000                            0.2474E-08  0.2474E-08   0.000    
  23846400.0   10.00177555   10.0621   0.000       0.000      0.6028E-03  0.2268E-08  0.1116E-01 -0.1176E-01   0.000       0.000       0.000       0.000      -0.2268E-07   0.000       0.000       0.000       0.000       0.000                            0.2268E-08  0.2268E-08   0.000    
  23932800.0   10.00174020   10.0613   0.000       0.000      0.5959E-03  0.2046E-08  0.1106E-01 -0.1165E-01   0.000       0.000       0.000       0.000      -0.2046E-07   0.000       0.000       0.000       0.000       0.000                            0.2046E-08  0.2046E-08   0.000    
  24019200.0   10.00170678   10.0606   0.000       0.000      0.5894E-03  0.1934E-08  0.1096E-01 -0.1155E-01   0.000       0.000       0.000       0.000      -0.1934E-07   0.000       0.000       0.000       0.000       0.000                            0.1934E-08  0.1934E-08   0.000    
  24105600.0   10.00167477   10.0600   0.000       0.000      0.5831E-03  0.1853E-08  0.1086E-01 -0.1145E-01   0.000       0.000       0.000       0.000      -0.1853E-07   0.000       0.000       0.000       0.000       0.000                            0.1853E-08  0.1853E-08   0.000    
  24192000.0   10.00164345   10.0593   0.000       0.000      0.5769E-03  0.1812E-08  0.1077E-01 -0.1134E-01   0.000       0.000       0.000       0.000      -0.1812E-07   0.000       0.000       0.000       0.000       0.000                            0.1812E-08  0.1812E-08   0.000    
  24278400.0   10.00161295   10.0587   0.000       0.000      0.5708E-03  0.1765E-08  0.1067E-01 -0.1124E-01   0.000       0.000       0.000       0.000      -0.1765E-07   0.000       0.000       0.000       0.000       0.000                            0.1765E-08  0.1765E-08   0.000    
  24364800.0   10.00158394   10.0581   0.000       0.000      0.5650E-03  0.1679E-08  0.1058E-01 -0.1115E-01   0.000       0.000       0.000       0.000      -0.1679E-07   0.000       0.000       0.000       0.000       0.000                            0.1679E-08  0.1679E-08   0.000    
  24451200.0   10.00155638   10.0575   0.000       0.000      0.5594E-03  0.1595E-08  0.1050E-01 -0.1106E-01   0.000       0.000       0.000       0.000      -0.1595E-07   0.000       0.000       0.000       0.000       0.000                            0.1595E-08  0.1595E-08   0.000    
  24537600.0   10.00152995   10.0569   0.000       0.000      0.5541E-03  0.1529E-08  0.1041E-01 -0.1097E-01   0.000       0.000       0.000       0.000      -0.1529E-07   0.000       0.000       0.000       0.000       0.000                            0.1529E-08  0.1529E-08   0.000    
  24624000.0   10.00150450   10.0564   0.000       0.000      0.5489E-03  0.1473E-08  0.1033E-01 -0.1088E-01   0.000       0.000       0.000       0.000      -0.1473E-07   0.000       0.000       0.000       0.000       0.000                            0.1473E-08  0.1473E-08   0.000    
  24710400.0   10.00147981   10.0559   0.000       0.000      0.5438E-03  0.1429E-08  0.1025E-01 -0.1079E-01   0.000       0.000       0.000       0.000      -0.1428E-07   0.000       0.000       0.000       0.000       0.000                            0.1429E-08  0.1429E-08   0.000    
  24796800.0   10.00145585   10.0553   0.000       0.000      0.5389E-03  0.1387E-08  0.1017E-01 -0.1071E-01   0.000       0.000       0.000       0.000      -0.1387E-07   0.000       0.000       0.000       0.000       0.000                            0.1387E-08  0.1387E-08   0.000    
  24883200.0   10.00143641   10.0549   0.000       0.000      0.5350E-03  0.1125E-08  0.1010E-01 -0.1064E-01   0.000       0.000       0.000       0.000      -0.1125E-07   0.000       0.000       0.000       0.000       0.000                            0.1125E-08  0.1125E-08   0.000    
  24969600.0   10.00148984   10.0563   0.000       0.000      0.5481E-03 -0.3092E-08  0.1025E-01 -0.1079E-01   0.000       0.000       0.000       0.000       0.3092E-07   0.000       0.000       0.000       0.000       0.000                           -0.3092E-08 -0.3092E-08   0.000    
  25056000.0   10.00143052   10.0550   0.000       0.000      0.5352E-03  0.3433E-08  0.1006E-01 -0.1060E-01   0.000       0.000       0.000       0.000      -0.3433E-07   0.000       0.000       0.000       0.000       0.000                            0.3433E-08  0.3433E-08   0.000    
  25142400.0   10.00139854   10.0542   0.000       0.000      0.5282E-03  0.1851E-08  0.9961E-02 -0.1049E-01   0.000       0.000       0.000       0.000      -0.1851E-07   0.000       0.000       0.000       0.000       0.000                            0.1851E-08  0.1851E-08   0.000    
  25228800.0   10.00152104   10.0573   0.000       0.000      0.5574E-03 -0.7090E-08  0.1030E-01 -0.1086E-01   0.000       0.000       0.000       0.000       0.7090E-07   0.000       0.000       0.000       0.000       0.000                           -0.7090E-08 -0.7090E-08   0.000    
  25315200.0   10.00143963   10.0554   0.000       0.000      0.5398E-03  0.4711E-08  0.1006E-01 -0.1060E-01   0.000       0.000       0.000       0.000      -0.4711E-07   0.000       0.000       0.000       0.000       0.000                            0.4711E-08  0.4711E-08   0.000    
  25401600.0   10.00148119   10.0565   0.000       0.000      0.5500E-03 -0.2405E-08  0.1017E-01 -0.1072E-01   0.000       0.000       0.000       0.000       0.2405E-07   0.000       0.000       0.000       0.000       0.000                           -0.2405E-08 -0.2405E-08   0.000    
  25488000.0   10.00149322   10.0569   0.000       0.000      0.5537E-03 -0.6963E-09  0.1020E-01 -0.1075E-01   0.000       0.000       0.000       0.000       0.6963E-08   0.000       0.000       0.000       0.000       0.000                           -0.6963E-09 -0.6963E-09   0.000    
  25574400.0   10.00155235   10.0584   0.000       0.000      0.5681E-03 -0.3422E-08  0.1035E-01 -0.1092E-01   0.000       0.000       0.000       0.000       0.3422E-07   0.000       0.000       0.000       0.000       0.000                           -0.3422E-08 -0.3422E-08   0.000    
  25660800.0   10.00147734   10.0567   0.000       0.000      0.5520E-03  0.4341E-08  0.1013E-01 -0.1069E-01   0.000       0.000       0.000       0.000      -0.4341E-07   0.000       0.000       0.000       0.000       0.000                            0.4341E-08  0.4341E-08   0.000    
  25747200.0   10.00161972   10.0601   0.000       0.000      0.5848E-03 -0.8239E-08  0.1052E-01 -0.1111E-01   0.000       0.000       0.000       0.000       0.8239E-07   0.000       0.000       0.000       0.000       0.000                           -0.8239E-08 -0.8239E-08   0.000    
  25833600.0   10.00229871   10.0746   0.000       0.000      0.7231E-03 -0.3929E-07  0.1221E-01 -0.1293E-01   0.000       0.000       0.000       0.000       0.3929E-06   0.000       0.000       0.000       0.000       0.000                           -0.3929E-07 -0.3929E-07   0.000    
  25920000.0   10.00308011   10.0892   0.000       0.000      0.8611E-03 -0.4522E-07  0.1386E-01 -0.1472E-01   0.000       0.000       0.000       0.000       0.4522E-06   0.000       0.000       0.000       0.000       0.000                           -0.4522E-07 -0.4522E-07   0.000    
  26006400.0   10.00375004   10.1005   0.000       0.000      0.9673E-03 -0.3877E-07  0.1513E-01 -0.1610E-01   0.000       0.000       0.000       0.000       0.3877E-06   0.000       0.000       0.000       0.000       0.000                           -0.3877E-07 -0.3877E-07   0.000    
  26092800.0   10.00343827   10.0958   0.000       0.000      0.9240E-03  0.1804E-07  0.1457E-01 -0.1549E-01   0.000       0.000       0.000       0.000      -0.1804E-06   0.000       0.000       0.000       0.000       0.000                            0.1804E-07  0.1804E-07   0.000    
  26179200.0   10.00301947   10.0890   0.000       0.000      0.8593E-03  0.2424E-07  0.1377E-01 -0.1463E-01   0.000       0.000       0.000       0.000      -0.2424E-06   0.000       0.000       0.000       0.000       0.000                            0.2424E-07  0.2424E-07   0.000    
  26265600.0   10.00276581   10.0846   0.000       0.000      0.8178E-03  0.1468E-07  0.1326E-01 -0.1408E-01   0.000       0.000       0.000       0.000      -0.1468E-06   0.000       0.000       0.000       0.000       0.000                            0.1468E-07  0.1468E-07   0.000    
  26352000.0   10.00259135   10.0814   0.000       0.000      0.7883E-03  0.1010E-07  0.1290E-01 -0.1369E-01   0.000       0.000       0.000       0.000      -0.1010E-06   0.000       0.000       0.000       0.000       0.000                            0.1010E-07  0.1010E-07   0.000    
  26438400.0   10.00245830   10.0790   0.000       0.000      0.7650E-03  0.7700E-08  0.1261E-01 -0.1338E-01   0.000       0.000       0.000       0.000      -0.7700E-07   0.000       0.000       0.000       0.000       0.000                            0.7700E-08  0.7700E-08   0.000    
  26524800.0   10.00234775   10.0769   0.000       0.000      0.7451E-03  0.6398E-08  0.1236E-01 -0.1311E-01   0.000       0.000       0.000       0.000      -0.6397E-07   0.000       0.000       0.000       0.000       0.000                            0.6398E-08  0.6398E-08   0.000    
  26611200.0   10.00224532   10.0749   0.000       0.000      0.7262E-03  0.5928E-08  0.1213E-01 -0.1286E-01   0.000       0.000       0.000       0.000      -0.5928E-07   0.000       0.000       0.000       0.000       0.000                            0.5928E-08  0.5928E-08   0.000    
  26697600.0   10.00216279   10.0732   0.000       0.000      0.7106E-03  0.4776E-08  0.1194E-01 -0.1265E-01   0.000       0.000       0.000       0.000      -0.4776E-07   0.000       0.000       0.000       0.000       0.000                            0.4776E-08  0.4776E-08   0.000    
  26784000.0   10.00208906   10.0717   0.000       0.000      0.6963E-03  0.4267E-08  0.1176E-01 -0.1246E-01   0.000       0.000       0.000       0.000      -0.4267E-07   0.000       0.000       0.000       0.000       0.000                            0.4267E-08  0.4267E-08   0.000    
  26870400.0   10.00276649   10.0847   0.000       0.000      0.8193E-03 -0.3920E-07  0.1327E-01 -0.1409E-01   0.000       0.000       0.000       0.000       0.3920E-06   0.000       0.000       0.000       0.000       0.000                           -0.3920E-07 -0.3920E-07   0.000    
  26956800.0   10.00295459   10.0882   0.000       0.000      0.8527E-03 -0.1089E-07  0.1366E-01 -0.1451E-01   0.000       0.000       0.000       0.000       0.1089E-06   0.000       0.000       0.000       0.000       0.000                           -0.1089E-07 -0.1089E-07   0.000    
  27043200.0   10.00313765   10.0915   0.000       0.000      0.8834E-03 -0.1059E-07  0.1403E-01 -0.1491E-01   0.000       0.000       0.000       0.000       0.1059E-06   0.000       0.000       0.000       0.000       0.000                           -0.1059E-07 -0.1059E-07   0.000    
  27129600.0   10.00305832   10.0902   0.000       0.000      0.8718E-03  0.4591E-08  0.1388E-01 -0.1475E-01   0.000       0.000       0.000       0.000      -0.4591E-07   0.000       0.000       0.000       0.000       0.000                            0.4591E-08  0.4591E-08   0.000    
  27216000.0   10.00317419   10.0923   0.000       0.000      0.8909E-03 -0.6705E-08  0.1412E-01 -0.1501E-01   0.000       0.000       0.000       0.000       0.6705E-07   0.000       0.000       0.000       0.000       0.000                           -0.6705E-08 -0.6705E-08   0.000    
  27302400.0   10.00361604   10.0996   0.000       0.000      0.9597E-03 -0.2557E-07  0.1496E-01 -0.1592E-01   0.000       0.000       0.000       0.000       0.2557E-06   0.000       0.000       0.000       0.000       0.000                           -0.2557E-07 -0.2557E-07   0.000    
  27388800.0   10.00453843   10.1137   0.000       0.000      0.1091E-02 -0.5338E-07  0.1657E-01 -0.1766E-01   0.000       0.000       0.000       0.000       0.5338E-06   0.000       0.000       0.000       0.000       0.000                           -0.5338E-07 -0.5338E-07   0.000    
  27475200.0   10.00506789   10.1214   0.000       0.000      0.1163E-02 -0.3064E-07  0.1743E-01 -0.1859E-01   0.000       0.000       0.000       0.000       0.3064E-06   0.000       0.000       0.000       0.000       0.000                           -0.3064E-07 -0.3064E-07   0.000    
  27561600.0   10.00437828   10.1118   0.000       0.000      0.1074E-02  0.3991E-07  0.1634E-01 -0.1741E-01   0.000       0.000       0.000       0.000      -0.3991E-06   0.000       0.000       0.000       0.000       0.000                            0.3991E-07  0.3991E-07   0.000    
  27648000.0   10.00398457   10.1059   0.000       0.000      0.1019E-02  0.2278E-07  0.1568E-01 -0.1670E-01   0.000       0.000       0.000       0.000      -0.2278E-06   0.000       0.000       0.000       0.000       0.000                            0.2278E-07  0.2278E-07   0.000    
  27734400.0   10.00368477   10.1012   0.000       0.000      0.9755E-03  0.1735E-07  0.1516E-01 -0.1614E-01   0.000       0.000       0.000       0.000      -0.1735E-06   0.000       0.000       0.000       0.000       0.000                            0.1735E-07  0.1735E-07   0.000    
  27820800.0   10.00351637   10.0985   0.000       0.000      0.9498E-03  0.9746E-08  0.1486E-01 -0.1581E-01   0.000       0.000       0.000       0.000      -0.9745E-07   0.000       0.000       0.000       0.000       0.000                            0.9746E-08  0.9746E-08   0.000    
  27907200.0   10.00342657   10.0970   0.000       0.000      0.9356E-03  0.5197E-08  0.1470E-01 -0.1564E-01   0.000       0.000       0.000       0.000      -0.5197E-07   0.000       0.000       0.000       0.000       0.000                            0.5197E-08  0.5197E-08   0.000    
  27993600.0   10.00403673   10.1065   0.000       0.000      0.1025E-02 -0.3531E-07  0.1582E-01 -0.1684E-01   0.000       0.000       0.000       0.000       0.3531E-06   0.000       0.000       0.000       0.000       0.000                           -0.3531E-07 -0.3531E-07   0.000    
  28080000.0   10.00466460   10.1158   0.000       0.000      0.1112E-02 -0.3633E-07  0.1688E-01 -0.1799E-01   0.000       0.000       0.000       0.000       0.3633E-06   0.000       0.000       0.000       0.000       0.000                           -0.3633E-07 -0.3633E-07   0.000    
  28166400.0   10.00472665   10.1168   0.000       0.000      0.1121E-02 -0.3591E-08  0.1699E-01 -0.1811E-01   0.000       0.000       0.000       0.000       0.3591E-07   0.000       0.000       0.000       0.000       0.000                           -0.3591E-08 -0.3591E-08   0.000    
  28252800.0   10.00426447   10.1102   0.000       0.000      0.1059E-02  0.2675E-07  0.1624E-01 -0.1730E-01   0.000       0.000       0.000       0.000      -0.2675E-06   0.000       0.000       0.000       0.000       0.000                            0.2675E-07  0.2675E-07   0.000    
  28339200.0   10.00395018   10.1054   0.000       0.000      0.1014E-02  0.1819E-07  0.1571E-01 -0.1673E-01   0.000       0.000       0.000       0.000      -0.1819E-06   0.000       0.000       0.000       0.000       0.000                            0.1819E-07  0.1819E-07   0.000    
  28425600.0   10.00371859   10.1017   0.000       0.000      0.9797E-03  0.1340E-07  0.1531E-01 -0.1629E-01   0.000       0.000       0.000       0.000      -0.1340E-06   0.000       0.000       0.000       0.000       0.000                            0.1340E-07  0.1340E-07   0.000    
  28512000.0   10.00353281   10.0986   0.000       0.000      0.9511E-03  0.1075E-07  0.1498E-01 -0.1593E-01   0.000       0.000       0.000       0.000      -0.1075E-06   0.000       0.000       0.000       0.000       0.000                            0.1075E-07  0.1075E-07   0.000    
  28598400.0   10.00337610   10.0960   0.000       0.000      0.9261E-03  0.9069E-08  0.1469E-01 -0.1562E-01   0.000       0.000       0.000       0.000      -0.9069E-07   0.000       0.000       0.000       0.000       0.000                            0.9069E-08  0.9069E-08   0.000    
  28684800.0   10.00323980   10.0936   0.000       0.000      0.9037E-03  0.7888E-08  0.1443E-01 -0.1534E-01   0.000       0.000       0.000       0.000      -0.7888E-07   0.000       0.000       0.000       0.000       0.000                            0.7888E-08  0.7888E-08   0.000    
  28771200.0   10.00311817   10.0914   0.000       0.000      0.8832E-03  0.7039E-08  0.1420E-01 -0.1508E-01   0.000       0.000       0.000       0.000      -0.7039E-07   0.000       0.000       0.000       0.000       0.000                            0.7039E-08  0.7039E-08   0.000    
  28857600.0   10.00300866   10.0894   0.000       0.000      0.8643E-03  0.6338E-08  0.1398E-01 -0.1484E-01   0.000       0.000       0.000       0.000      -0.6338E-07   0.000       0.000       0.000       0.000       0.000                            0.6338E-08  0.6338E-08   0.000    
  28944000.0   10.00290602   10.0875   0.000       0.000      0.8463E-03  0.5939E-08  0.1377E-01 -0.1462E-01   0.000       0.000       0.000       0.000      -0.5939E-07   0.000       0.000       0.000       0.000       0.000                            0.5939E-08  0.5939E-08   0.000    
  29030400.0   10.00280908   10.0857   0.000       0.000      0.8289E-03  0.5610E-08  0.1357E-01 -0.1440E-01   0.000       0.000       0.000       0.000      -0.5610E-07   0.000       0.000       0.000       0.000       0.000                            0.5610E-08  0.5610E-08   0.000    
  29116800.0   10.00272051   10.0840   0.000       0.000      0.8127E-03  0.5126E-08  0.1338E-01 -0.1420E-01   0.000       0.000       0.000       0.000      -0.5125E-07   0.000       0.000       0.000       0.000       0.000                            0.5126E-08  0.5126E-08   0.000    
  29203200.0   10.00263507   10.0823   0.000       0.000      0.7969E-03  0.4944E-08  0.1320E-01 -0.1400E-01   0.000       0.000       0.000       0.000      -0.4944E-07   0.000       0.000       0.000       0.000       0.000                            0.4944E-08  0.4944E-08   0.000    
  29289600.0   10.00255747   10.0808   0.000       0.000      0.7822E-03  0.4491E-08  0.1303E-01 -0.1381E-01   0.000       0.000       0.000       0.000      -0.4491E-07   0.000       0.000       0.000       0.000       0.000                            0.4491E-08  0.4491E-08   0.000    
  29376000.0   10.00248675   10.0793   0.000       0.000      0.7686E-03  0.4092E-08  0.1287E-01 -0.1364E-01   0.000       0.000       0.000       0.000      -0.4092E-07   0.000       0.000       0.000       0.000       0.000                            0.4092E-08  0.4092E-08   0.000    
  29462400.0   10.00242102   10.0780   0.000       0.000      0.7558E-03  0.3804E-08  0.1272E-01 -0.1348E-01   0.000       0.000       0.000       0.000      -0.3804E-07   0.000       0.000       0.000       0.000       0.000                            0.3804E-08  0.3804E-08   0.000    
  29548800.0   10.00235849   10.0767   0.000       0.000      0.7435E-03  0.3619E-08  0.1258E-01 -0.1332E-01   0.000       0.000       0.000       0.000      -0.3619E-07   0.000       0.000       0.000       0.000       0.000                            0.3619E-08  0.3619E-08   0.000    
  29635200.0   10.00229868   10.0755   0.000       0.000      0.7315E-03  0.3461E-08  0.1243E-01 -0.1316E-01   0.000       0.000       0.000       0.000      -0.3461E-07   0.000       0.000       0.000       0.000       0.000                            0.3461E-08  0.3461E-08   0.000    
  29721600.0   10.00224203   10.0743   0.000       0.000      0.7201E-03  0.3278E-08  0.1230E-01 -0.1302E-01   0.000       0.000       0.000       0.000      -0.3278E-07   0.000       0.000       0.000       0.000       0.000                            0.3278E-08  0.3278E-08   0.000    
  29808000.0   10.00218649   10.0731   0.000       0.000      0.7088E-03  0.3214E-08  0.1216E-01 -0.1287E-01   0.000       0.000       0.000       0.000      -0.3214E-07   0.000       0.000       0.000       0.000       0.000                            0.3214E-08  0.3214E-08   0.000    
  29894400.0   10.00213350   10.0719   0.000       0.000      0.6980E-03  0.3066E-08  0.1203E-01 -0.1273E-01   0.000       0.000       0.000       0.000      -0.3066E-07   0.000       0.000       0.000       0.000       0.000                            0.3066E-08  0.3066E-08   0.000    
  29980800.0   10.00208269   10.0708   0.000       0.000      0.6875E-03  0.2940E-08  0.1190E-01 -0.1259E-01   0.000       0.000       0.000       0.000      -0.2940E-07   0.000       0.000       0.000       0.000       0.000                            0.2940E-08  0.2940E-08   0.000    
  30067200.0   10.00203534   10.0698   0.000       0.000      0.6776E-03  0.2740E-08  0.1178E-01 -0.1246E-01   0.000       0.000       0.000       0.000      -0.2740E-07   0.000       0.000       0.000       0.000       0.000                            0.2740E-08  0.2740E-08   0.000    
  30153600.0   10.00199017   10.0688   0.000       0.000      0.6681E-03  0.2614E-08  0.1166E-01 -0.1233E-01   0.000       0.000       0.000       0.000      -0.2614E-07   0.000       0.000       0.000       0.000       0.000                            0.2614E-08  0.2614E-08   0.000    
  30240000.0   10.00194711   10.0678   0.000       0.000      0.6589E-03  0.2492E-08  0.1154E-01 -0.1220E-01   0.000       0.000       0.000       0.000      -0.2492E-07   0.000       0.000       0.000       0.000       0.000                            0.2492E-08  0.2492E-08   0.000    
  30326400.0   10.00190528   10.0669   0.000       0.000      0.6500E-03  0.2421E-08  0.1143E-01 -0.1208E-01   0.000       0.000       0.000       0.000      -0.2421E-07   0.000       0.000       0.000       0.000       0.000                            0.2421E-08  0.2421E-08   0.000    
  30412800.0   10.00186510   10.0660   0.000       0.000      0.6414E-03  0.2325E-08  0.1132E-01 -0.1196E-01   0.000       0.000       0.000       0.000      -0.2325E-07   0.000       0.000       0.000       0.000       0.000                            0.2325E-08  0.2325E-08   0.000    
  30499200.0   10.00182675   10.0651   0.000       0.000      0.6331E-03  0.2219E-08  0.1121E-01 -0.1185E-01   0.000       0.000       0.000       0.000      -0.2219E-07   0.000       0.000       0.000       0.000       0.000                            0.2219E-08  0.2219E-08   0.000    
  30585600.0   10.00178975   10.0643   0.000       0.000      0.6251E-03  0.2141E-08  0.1111E-01 -0.1174E-01   0.000       0.000       0.000       0.000      -0.2141E-07   0.000       0.000       0.000       0.000       0.000                            0.2141E-08  0.2141E-08   0.000    
  30672000.0   10.00175424   10.0635   0.000       0.000      0.6174E-03  0.2055E-08  0.1101E-01 -0.1163E-01   0.000       0.000       0.000       0.000      -0.2055E-07   0.000       0.000       0.000       0.000       0.000                            0.2055E-08  0.2055E-08   0.000    
  30758400.0   10.00172005   10.0627   0.000       0.000      0.6099E-03  0.1979E-08  0.1091E-01 -0.1152E-01   0.000       0.000       0.000       0.000      -0.1979E-07   0.000       0.000       0.000       0.000       0.000                            0.1979E-08  0.1979E-08   0.000    
  30844800.0   10.00168705   10.0619   0.000       0.000      0.6026E-03  0.1910E-08  0.1081E-01 -0.1142E-01   0.000       0.000       0.000       0.000      -0.1910E-07   0.000       0.000       0.000       0.000       0.000                            0.1910E-08  0.1910E-08   0.000    
  30931200.0   10.00165497   10.0612   0.000       0.000      0.5956E-03  0.1856E-08  0.1072E-01 -0.1131E-01   0.000       0.000       0.000       0.000      -0.1856E-07   0.000       0.000       0.000       0.000       0.000                            0.1856E-08  0.1856E-08   0.000    
  31017600.0   10.00162387   10.0605   0.000       0.000      0.5887E-03  0.1800E-08  0.1062E-01 -0.1121E-01   0.000       0.000       0.000       0.000      -0.1800E-07   0.000       0.000       0.000       0.000       0.000                            0.1800E-08  0.1800E-08   0.000    
  31104000.0   10.00159389   10.0598   0.000       0.000      0.5820E-03  0.1735E-08  0.1053E-01 -0.1111E-01   0.000       0.000       0.000       0.000      -0.1735E-07   0.000       0.000       0.000       0.000       0.000                            0.1735E-08  0.1735E-08   0.000    
  31190400.0   10.00156487   10.0591   0.000       0.000      0.5755E-03  0.1679E-08  0.1044E-01 -0.1102E-01   0.000       0.000       0.000       0.000      -0.1679E-07   0.000       0.000       0.000       0.000       0.000                            0.1679E-08  0.1679E-08   0.000    
  31276800.0   10.00155082   10.0588   0.000       0.000      0.5724E-03  0.8133E-09  0.1039E-01 -0.1097E-01   0.000       0.000       0.000       0.000      -0.8133E-08   0.000       0.000       0.000       0.000       0.000                            0.8133E-09  0.8133E-09   0.000    
  31363200.0   10.00151688   10.0580   0.000       0.000      0.5648E-03  0.1964E-08  0.1029E-01 -0.1085E-01   0.000       0.000       0.000       0.000      -0.1964E-07   0.000       0.000       0.000       0.000       0.000                            0.1964E-08  0.1964E-08   0.000    
  31449600.0   10.00148867   10.0573   0.000       0.000      0.5585E-03  0.1633E-08  0.1020E-01 -0.1076E-01   0.000       0.000       0.000       0.000      -0.1633E-07   0.000       0.000       0.000       0.000       0.000                            0.1633E-08  0.1633E-08   0.000    
  31536000.0   10.00146225   10.0567   0.000       0.000      0.5525E-03  0.1529E-08  0.1011E-01 -0.1067E-01   0.000       0.000       0.000       0.000      -0.1529E-07   0.000       0.000       0.000       0.000       0.000                            0.1529E-08  0.1529E-08   0.000    
  31622400.0   10.00143024   10.0560   0.000       0.000      0.5452E-03  0.1853E-08  0.1001E-01 -0.1056E-01   0.000       0.000       0.000       0.000      -0.1853E-07   0.000       0.000       0.000       0.000       0.000                            0.1853E-08  0.1853E-08   0.000    
