   TOTIM (T)          HCON      HMAT     QDIR      QWELL        QMAT QCADS<->CON       QTUB1       QTUB2       QTUB3       QTUB4       QTUB5       QTUB6       NSTOR        QFIX        QLH     FHLQ (LQ)      CAUCHY CAUCHY (LQ) BREAK-DOWN CADS FLOW  QCADS<->CON    Q_CDSSTO    Q_CDSRCH
     86400.0   10.00480419   10.0910   0.000       0.000      0.8617E-03   0.000     -0.1447E-01  0.1360E-01   0.000       0.000       0.000       0.000        0.000       0.000       0.000       0.000       0.000       0.000                             0.000       0.000       0.000    
    172800.0   10.00429785   10.0841   0.000       0.000      0.7985E-03  0.2930E-07 -0.1381E-01  0.1301E-01   0.000       0.000       0.000       0.000      -0.2930E-06   0.000       0.000       0.000       0.000       0.000                            0.2930E-07  0.2930E-07   0.000    
    259200.0   10.00450999   10.0870   0.000       0.000      0.8245E-03 -0.1228E-07 -0.1409E-01  0.1326E-01   0.000       0.000       0.000       0.000       0.1228E-06   0.000       0.000       0.000       0.000       0.000                           -0.1228E-07 -0.1228E-07   0.000    
    345600.0   10.00451192   10.0870   0.000       0.000      0.8250E-03 -0.1118E-09 -0.1409E-01  0.1326E-01   0.000       0.000       0.000       0.000       0.1118E-08   0.000       0.000       0.000       0.000       0.000                           -0.1118E-09 -0.1118E-09   0.000    
    432000.0   10.00489439   10.0921   0.000       0.000      0.8720E-03 -0.2213E-07 -0.1457E-01  0.1370E-01   0.000       0.000       0.000       0.000       0.2213E-06   0.000       0.000       0.000       0.000       0.000                           -0.2213E-07 -0.2213E-07   0.000    
    518400.0   10.00497581   10.0932   0.000       0.000      0.8824E-03 -0.4711E-08 -0.1467E-01  0.1379E-01   0.000       0.000       0.000       0.000       0.4711E-07   0.000       0.000       0.000       0.000       0.000                           -0.4711E-08 -0.4711E-08   0.000    
    604800.0   10.00492457   10.0926   0.000       0.000      0.8765E-03  0.2965E-08 -0.1461E-01  0.1373E-01   0.000       0.000       0.000       0.000      -0.2965E-07   0.000       0.000       0.000       0.000       0.000                            0.2965E-08  0.2965E-08   0.000    
    691200.0   10.00541864   10.0989   0.000       0.000      0.9345E-03 -0.2859E-07 -0.1522E-01  0.1428E-01   0.000       0.000       0.000       0.000       0.2859E-06   0.000       0.000       0.000       0.000       0.000                           -0.2859E-07 -0.2859E-07   0.000    
    777600.0   10.00675831   10.1149   0.000       0.000      0.1081E-02 -0.7753E-07 -0.1673E-01  0.1565E-01   0.000       0.000       0.000       0.000       0.7752E-06   0.000       0.000       0.000       0.000       0.000                           -0.7753E-07 -0.7753E-07   0.000    
    864000.0   10.00855432   10.1345   0.000       0.000      0.1259E-02 -0.1039E-06 -0.1856E-01  0.1730E-01   0.000       0.000       0.000       0.000       0.1039E-05   0.000       0.000       0.000       0.000       0.000                           -0.1039E-06 -0.1039E-06   0.000    
    950400.0   10.00843167   10.1335   0.000       0.000      0.1250E-02  0.7098E-08 -0.1846E-01  0.1721E-01   0.000       0.000       0.000       0.000      -0.7097E-07   0.000       0.000       0.000       0.000       0.000                            0.7098E-08  0.7098E-08   0.000    
   1036800.0   10.01056583   10.1545   0.000       0.000      0.1440E-02 -0.1235E-06 -0.2045E-01  0.1901E-01   0.000       0.000       0.000       0.000       0.1235E-05   0.000       0.000       0.000       0.000       0.000                           -0.1235E-06 -0.1235E-06   0.000    
   1123200.0   10.01496753   10.1935   0.000       0.000      0.1785E-02 -0.2547E-06 -0.2403E-01  0.2225E-01   0.000       0.000       0.000       0.000       0.2546E-05   0.000       0.000       0.000       0.000       0.000                           -0.2547E-06 -0.2547E-06   0.000    
   1209600.0   10.01105292   10.1599   0.000       0.000      0.1488E-02  0.2265E-06 -0.2094E-01  0.1944E-01   0.000       0.000       0.000       0.000      -0.2265E-05   0.000       0.000       0.000       0.000       0.000                            0.2265E-06  0.2265E-06   0.000    
   1296000.0   10.00963174   10.1460   0.000       0.000      0.1364E-02  0.8224E-07 -0.1974E-01  0.1837E-01   0.000       0.000       0.000       0.000      -0.8223E-06   0.000       0.000       0.000       0.000       0.000                            0.8224E-07  0.8224E-07   0.000    
   1382400.0   10.00885101   10.1381   0.000       0.000      0.1292E-02  0.4518E-07 -0.1905E-01  0.1775E-01   0.000       0.000       0.000       0.000      -0.4517E-06   0.000       0.000       0.000       0.000       0.000                            0.4518E-07  0.4518E-07   0.000    
   1468800.0   10.00829852   10.1323   0.000       0.000      0.1240E-02  0.3197E-07 -0.1854E-01  0.1730E-01   0.000       0.000       0.000       0.000      -0.3197E-06   0.000       0.000       0.000       0.000       0.000                            0.3197E-07  0.3197E-07   0.000    
   1555200.0   10.00778964   10.1267   0.000       0.000      0.1189E-02  0.2945E-07 -0.1805E-01  0.1686E-01   0.000       0.000       0.000       0.000      -0.2945E-06   0.000       0.000       0.000       0.000       0.000                            0.2945E-07  0.2945E-07   0.000    
   1641600.0   10.00735792   10.1219   0.000       0.000      0.1145E-02  0.2498E-07 -0.1762E-01  0.1648E-01   0.000       0.000       0.000       0.000      -0.2498E-06   0.000       0.000       0.000       0.000       0.000                            0.2498E-07  0.2498E-07   0.000    
   1728000.0   10.00709026   10.1188   0.000       0.000      0.1117E-02  0.1549E-07 -0.1736E-01  0.1624E-01   0.000       0.000       0.000       0.000      -0.1549E-06   0.000       0.000       0.000       0.000       0.000                            0.1549E-07  0.1549E-07   0.000    
   1814400.0   10.00688088   10.1163   0.000       0.000      0.1094E-02  0.1212E-07 -0.1714E-01  0.1605E-01   0.000       0.000       0.000       0.000      -0.1212E-06   0.000       0.000       0.000       0.000       0.000                            0.1212E-07  0.1212E-07   0.000    
   1900800.0   10.00657925   10.1127   0.000       0.000      0.1061E-02  0.1746E-07 -0.1682E-01  0.1576E-01   0.000       0.000       0.000       0.000      -0.1745E-06   0.000       0.000       0.000       0.000       0.000                            0.1746E-07  0.1746E-07   0.000    
   1987200.0   10.00636154   10.1101   0.000       0.000      0.1037E-02  0.1260E-07 -0.1659E-01  0.1555E-01   0.000       0.000       0.000       0.000      -0.1260E-06   0.000       0.000       0.000       0.000       0.000                            0.1260E-07  0.1260E-07   0.000    
   2073600.0   10.00623327   10.1084   0.000       0.000      0.1022E-02  0.7423E-08 -0.1645E-01  0.1542E-01   0.000       0.000       0.000       0.000      -0.7422E-07   0.000       0.000       0.000       0.000       0.000                            0.7423E-08  0.7423E-08   0.000    
   2160000.0   10.00599483   10.1055   0.000       0.000      0.9951E-03  0.1380E-07 -0.1618E-01  0.1518E-01   0.000       0.000       0.000       0.000      -0.1380E-06   0.000       0.000       0.000       0.000       0.000                            0.1380E-07  0.1380E-07   0.000    
   2246400.0   10.00578942   10.1029   0.000       0.000      0.9713E-03  0.1189E-07 -0.1594E-01  0.1497E-01   0.000       0.000       0.000       0.000      -0.1189E-06   0.000       0.000       0.000       0.000       0.000                            0.1189E-07  0.1189E-07   0.000    
   2332800.0   10.00560162   10.1005   0.000       0.000      0.9492E-03  0.1087E-07 -0.1572E-01  0.1477E-01   0.000       0.000       0.000       0.000      -0.1087E-06   0.000       0.000       0.000       0.000       0.000                            0.1087E-07  0.1087E-07   0.000    
   2419200.0   10.00542741   10.0983   0.000       0.000      0.9283E-03  0.1008E-07 -0.1551E-01  0.1458E-01   0.000       0.000       0.000       0.000      -0.1008E-06   0.000       0.000       0.000       0.000       0.000                            0.1008E-07  0.1008E-07   0.000    
   2505600.0   10.00550775   10.0992   0.000       0.000      0.9365E-03 -0.4650E-08 -0.1560E-01  0.1467E-01   0.000       0.000       0.000       0.000       0.4649E-07   0.000       0.000       0.000       0.000       0.000                           -0.4650E-08 -0.4650E-08   0.000    
   2592000.0   10.00538502   10.0976   0.000       0.000      0.9219E-03  0.7102E-08 -0.1545E-01  0.1453E-01   0.000       0.000       0.000       0.000      -0.7102E-07   0.000       0.000       0.000       0.000       0.000                            0.7102E-08  0.7102E-08   0.000    
   2678400.0   10.00619359   10.1073   0.000       0.000      0.1011E-02 -0.4679E-07 -0.1638E-01  0.1537E-01   0.000       0.000       0.000       0.000       0.4679E-06   0.000       0.000       0.000       0.000       0.000                           -0.4679E-07 -0.4679E-07   0.000    
   2764800.0   10.00865780   10.1344   0.000       0.000      0.1257E-02 -0.1426E-06 -0.1893E-01  0.1767E-01   0.000       0.000       0.000       0.000       0.1426E-05   0.000       0.000       0.000       0.000       0.000                           -0.1426E-06 -0.1426E-06   0.000    
   2851200.0   10.01518540   10.1938   0.000       0.000      0.1787E-02 -0.3778E-06 -0.2440E-01  0.2261E-01   0.000       0.000       0.000       0.000       0.3776E-05   0.000       0.000       0.000       0.000       0.000                           -0.3778E-06 -0.3778E-06   0.000    
   2937600.0   10.01001202   10.1487   0.000       0.000      0.1387E-02  0.2994E-06 -0.2021E-01  0.1882E-01   0.000       0.000       0.000       0.000      -0.2993E-05   0.000       0.000       0.000       0.000       0.000                            0.2994E-06  0.2994E-06   0.000    
   3024000.0   10.00989818   10.1472   0.000       0.000      0.1373E-02  0.6588E-08 -0.2016E-01  0.1879E-01   0.000       0.000       0.000       0.000      -0.6587E-07   0.000       0.000       0.000       0.000       0.000                            0.6588E-08  0.6588E-08   0.000    
   3110400.0   10.00961555   10.1445   0.000       0.000      0.1349E-02  0.1636E-07 -0.1993E-01  0.1858E-01   0.000       0.000       0.000       0.000      -0.1635E-06   0.000       0.000       0.000       0.000       0.000                            0.1636E-07  0.1636E-07   0.000    
   3196800.0   10.00895281   10.1378   0.000       0.000      0.1288E-02  0.3835E-07 -0.1933E-01  0.1804E-01   0.000       0.000       0.000       0.000      -0.3835E-06   0.000       0.000       0.000       0.000       0.000                            0.3835E-07  0.3835E-07   0.000    
   3283200.0   10.00834688   10.1314   0.000       0.000      0.1231E-02  0.3507E-07 -0.1877E-01  0.1754E-01   0.000       0.000       0.000       0.000      -0.3506E-06   0.000       0.000       0.000       0.000       0.000                            0.3507E-07  0.3507E-07   0.000    
   3369600.0   10.00868898   10.1348   0.000       0.000      0.1261E-02 -0.1980E-07 -0.1912E-01  0.1785E-01   0.000       0.000       0.000       0.000       0.1979E-06   0.000       0.000       0.000       0.000       0.000                           -0.1980E-07 -0.1980E-07   0.000    
   3456000.0   10.00922508   10.1402   0.000       0.000      0.1309E-02 -0.3102E-07 -0.1963E-01  0.1832E-01   0.000       0.000       0.000       0.000       0.3102E-06   0.000       0.000       0.000       0.000       0.000                           -0.3102E-07 -0.3102E-07   0.000    
   3542400.0   10.00985408   10.1463   0.000       0.000      0.1365E-02 -0.3640E-07 -0.2022E-01  0.1886E-01   0.000       0.000       0.000       0.000       0.3639E-06   0.000       0.000       0.000       0.000       0.000                           -0.3640E-07 -0.3640E-07   0.000    
   3628800.0   10.00972471   10.1450   0.000       0.000      0.1353E-02  0.7487E-08 -0.2012E-01  0.1877E-01   0.000       0.000       0.000       0.000      -0.7485E-07   0.000       0.000       0.000       0.000       0.000                            0.7487E-08  0.7487E-08   0.000    
   3715200.0   10.00899382   10.1377   0.000       0.000      0.1287E-02  0.4230E-07 -0.1946E-01  0.1817E-01   0.000       0.000       0.000       0.000      -0.4229E-06   0.000       0.000       0.000       0.000       0.000                            0.4230E-07  0.4230E-07   0.000    
   3801600.0   10.00921206   10.1397   0.000       0.000      0.1305E-02 -0.1263E-07 -0.1968E-01  0.1838E-01   0.000       0.000       0.000       0.000       0.1263E-06   0.000       0.000       0.000       0.000       0.000                           -0.1263E-07 -0.1263E-07   0.000    
   3888000.0   10.00963239   10.1438   0.000       0.000      0.1342E-02 -0.2432E-07 -0.2008E-01  0.1874E-01   0.000       0.000       0.000       0.000       0.2432E-06   0.000       0.000       0.000       0.000       0.000                           -0.2432E-07 -0.2432E-07   0.000    
   3974400.0   10.01051932   10.1523   0.000       0.000      0.1418E-02 -0.5133E-07 -0.2089E-01  0.1947E-01   0.000       0.000       0.000       0.000       0.5132E-06   0.000       0.000       0.000       0.000       0.000                           -0.5133E-07 -0.5133E-07   0.000    
   4060800.0   10.01087837   10.1557   0.000       0.000      0.1448E-02 -0.2078E-07 -0.2122E-01  0.1977E-01   0.000       0.000       0.000       0.000       0.2077E-06   0.000       0.000       0.000       0.000       0.000                           -0.2078E-07 -0.2078E-07   0.000    
   4147200.0   10.00984280   10.1458   0.000       0.000      0.1360E-02  0.5993E-07 -0.2032E-01  0.1896E-01   0.000       0.000       0.000       0.000      -0.5992E-06   0.000       0.000       0.000       0.000       0.000                            0.5993E-07  0.5993E-07   0.000    
   4233600.0   10.00913787   10.1387   0.000       0.000      0.1295E-02  0.4079E-07 -0.1969E-01  0.1840E-01   0.000       0.000       0.000       0.000      -0.4079E-06   0.000       0.000       0.000       0.000       0.000                            0.4079E-07  0.4079E-07   0.000    
   4320000.0   10.00880921   10.1352   0.000       0.000      0.1264E-02  0.1902E-07 -0.1940E-01  0.1813E-01   0.000       0.000       0.000       0.000      -0.1902E-06   0.000       0.000       0.000       0.000       0.000                            0.1902E-07  0.1902E-07   0.000    
   4406400.0   10.00847009   10.1316   0.000       0.000      0.1231E-02  0.1963E-07 -0.1908E-01  0.1785E-01   0.000       0.000       0.000       0.000      -0.1962E-06   0.000       0.000       0.000       0.000       0.000                            0.1963E-07  0.1963E-07   0.000    
   4492800.0   10.00829701   10.1296   0.000       0.000      0.1213E-02  0.1002E-07 -0.1892E-01  0.1770E-01   0.000       0.000       0.000       0.000      -0.1001E-06   0.000       0.000       0.000       0.000       0.000                            0.1002E-07  0.1002E-07   0.000    
   4579200.0   10.00795645   10.1259   0.000       0.000      0.1180E-02  0.1971E-07 -0.1858E-01  0.1740E-01   0.000       0.000       0.000       0.000      -0.1971E-06   0.000       0.000       0.000       0.000       0.000                            0.1971E-07  0.1971E-07   0.000    
   4665600.0   10.00764365   10.1224   0.000       0.000      0.1148E-02  0.1810E-07 -0.1827E-01  0.1712E-01   0.000       0.000       0.000       0.000      -0.1810E-06   0.000       0.000       0.000       0.000       0.000                            0.1810E-07  0.1810E-07   0.000    
   4752000.0   10.00895188   10.1359   0.000       0.000      0.1270E-02 -0.7571E-07 -0.1955E-01  0.1829E-01   0.000       0.000       0.000       0.000       0.7570E-06   0.000       0.000       0.000       0.000       0.000                           -0.7571E-07 -0.7571E-07   0.000    
   4838400.0   10.01008899   10.1472   0.000       0.000      0.1371E-02 -0.6581E-07 -0.2060E-01  0.1923E-01   0.000       0.000       0.000       0.000       0.6579E-06   0.000       0.000       0.000       0.000       0.000                           -0.6581E-07 -0.6581E-07   0.000    
   4924800.0   10.01107816   10.1566   0.000       0.000      0.1455E-02 -0.5724E-07 -0.2148E-01  0.2002E-01   0.000       0.000       0.000       0.000       0.5723E-06   0.000       0.000       0.000       0.000       0.000                           -0.5724E-07 -0.5724E-07   0.000    
   5011200.0   10.01124458   10.1581   0.000       0.000      0.1469E-02 -0.9631E-08 -0.2164E-01  0.2017E-01   0.000       0.000       0.000       0.000       0.9629E-07   0.000       0.000       0.000       0.000       0.000                           -0.9631E-08 -0.9631E-08   0.000    
   5097600.0   10.01002864   10.1466   0.000       0.000      0.1366E-02  0.7037E-07 -0.2059E-01  0.1923E-01   0.000       0.000       0.000       0.000      -0.7035E-06   0.000       0.000       0.000       0.000       0.000                            0.7037E-07  0.7037E-07   0.000    
   5184000.0   10.00929097   10.1392   0.000       0.000      0.1300E-02  0.4269E-07 -0.1994E-01  0.1864E-01   0.000       0.000       0.000       0.000      -0.4268E-06   0.000       0.000       0.000       0.000       0.000                            0.4269E-07  0.4269E-07   0.000    
   5270400.0   10.00890798   10.1352   0.000       0.000      0.1263E-02  0.2216E-07 -0.1959E-01  0.1833E-01   0.000       0.000       0.000       0.000      -0.2216E-06   0.000       0.000       0.000       0.000       0.000                            0.2216E-07  0.2216E-07   0.000    
   5356800.0   10.00849753   10.1309   0.000       0.000      0.1224E-02  0.2375E-07 -0.1920E-01  0.1798E-01   0.000       0.000       0.000       0.000      -0.2375E-06   0.000       0.000       0.000       0.000       0.000                            0.2375E-07  0.2375E-07   0.000    
   5443200.0   10.00920878   10.1380   0.000       0.000      0.1287E-02 -0.4116E-07 -0.1988E-01  0.1860E-01   0.000       0.000       0.000       0.000       0.4115E-06   0.000       0.000       0.000       0.000       0.000                           -0.4116E-07 -0.4116E-07   0.000    
   5529600.0   10.00961925   10.1420   0.000       0.000      0.1324E-02 -0.2375E-07 -0.2026E-01  0.1894E-01   0.000       0.000       0.000       0.000       0.2375E-06   0.000       0.000       0.000       0.000       0.000                           -0.2375E-07 -0.2375E-07   0.000    
   5616000.0   10.00992975   10.1450   0.000       0.000      0.1350E-02 -0.1797E-07 -0.2055E-01  0.1920E-01   0.000       0.000       0.000       0.000       0.1797E-06   0.000       0.000       0.000       0.000       0.000                           -0.1797E-07 -0.1797E-07   0.000    
   5702400.0   10.00998844   10.1455   0.000       0.000      0.1355E-02 -0.3397E-08 -0.2062E-01  0.1926E-01   0.000       0.000       0.000       0.000       0.3396E-07   0.000       0.000       0.000       0.000       0.000                           -0.3397E-08 -0.3397E-08   0.000    
   5788800.0   10.00958933   10.1415   0.000       0.000      0.1319E-02  0.2310E-07 -0.2026E-01  0.1895E-01   0.000       0.000       0.000       0.000      -0.2309E-06   0.000       0.000       0.000       0.000       0.000                            0.2310E-07  0.2310E-07   0.000    
   5875200.0   10.00961517   10.1417   0.000       0.000      0.1320E-02 -0.1495E-08 -0.2030E-01  0.1898E-01   0.000       0.000       0.000       0.000       0.1495E-07   0.000       0.000       0.000       0.000       0.000                           -0.1495E-08 -0.1495E-08   0.000    
   5961600.0   10.00941376   10.1396   0.000       0.000      0.1302E-02  0.1166E-07 -0.2012E-01  0.1882E-01   0.000       0.000       0.000       0.000      -0.1165E-06   0.000       0.000       0.000       0.000       0.000                            0.1166E-07  0.1166E-07   0.000    
   6048000.0   10.00897083   10.1351   0.000       0.000      0.1261E-02  0.2563E-07 -0.1971E-01  0.1845E-01   0.000       0.000       0.000       0.000      -0.2563E-06   0.000       0.000       0.000       0.000       0.000                            0.2563E-07  0.2563E-07   0.000    
   6134400.0   10.00855236   10.1306   0.000       0.000      0.1221E-02  0.2422E-07 -0.1932E-01  0.1810E-01   0.000       0.000       0.000       0.000      -0.2421E-06   0.000       0.000       0.000       0.000       0.000                            0.2422E-07  0.2422E-07   0.000    
   6220800.0   10.00818411   10.1267   0.000       0.000      0.1185E-02  0.2131E-07 -0.1896E-01  0.1778E-01   0.000       0.000       0.000       0.000      -0.2131E-06   0.000       0.000       0.000       0.000       0.000                            0.2131E-07  0.2131E-07   0.000    
   6307200.0   10.00786011   10.1231   0.000       0.000      0.1153E-02  0.1875E-07 -0.1864E-01  0.1749E-01   0.000       0.000       0.000       0.000      -0.1875E-06   0.000       0.000       0.000       0.000       0.000                            0.1875E-07  0.1875E-07   0.000    
   6393600.0   10.00757244   10.1199   0.000       0.000      0.1123E-02  0.1665E-07 -0.1835E-01  0.1722E-01   0.000       0.000       0.000       0.000      -0.1665E-06   0.000       0.000       0.000       0.000       0.000                            0.1665E-07  0.1665E-07   0.000    
   6480000.0   10.00731152   10.1169   0.000       0.000      0.1096E-02  0.1510E-07 -0.1807E-01  0.1698E-01   0.000       0.000       0.000       0.000      -0.1510E-06   0.000       0.000       0.000       0.000       0.000                            0.1510E-07  0.1510E-07   0.000    
   6566400.0   10.00706831   10.1141   0.000       0.000      0.1070E-02  0.1407E-07 -0.1781E-01  0.1674E-01   0.000       0.000       0.000       0.000      -0.1407E-06   0.000       0.000       0.000       0.000       0.000                            0.1407E-07  0.1407E-07   0.000    
   6652800.0   10.00683996   10.1114   0.000       0.000      0.1046E-02  0.1322E-07 -0.1756E-01  0.1651E-01   0.000       0.000       0.000       0.000      -0.1321E-06   0.000       0.000       0.000       0.000       0.000                            0.1322E-07  0.1322E-07   0.000    
   6739200.0   10.00663160   10.1090   0.000       0.000      0.1023E-02  0.1206E-07 -0.1733E-01  0.1630E-01   0.000       0.000       0.000       0.000      -0.1206E-06   0.000       0.000       0.000       0.000       0.000                            0.1206E-07  0.1206E-07   0.000    
   6825600.0   10.00642440   10.1065   0.000       0.000      0.1000E-02  0.1199E-07 -0.1709E-01  0.1609E-01   0.000       0.000       0.000       0.000      -0.1199E-06   0.000       0.000       0.000       0.000       0.000                            0.1199E-07  0.1199E-07   0.000    
   6912000.0   10.00622359   10.1040   0.000       0.000      0.9781E-03  0.1162E-07 -0.1685E-01  0.1588E-01   0.000       0.000       0.000       0.000      -0.1162E-06   0.000       0.000       0.000       0.000       0.000                            0.1162E-07  0.1162E-07   0.000    
   6998400.0   10.00603645   10.1017   0.000       0.000      0.9569E-03  0.1083E-07 -0.1663E-01  0.1567E-01   0.000       0.000       0.000       0.000      -0.1083E-06   0.000       0.000       0.000       0.000       0.000                            0.1083E-07  0.1083E-07   0.000    
   7084800.0   10.00586601   10.0996   0.000       0.000      0.9374E-03  0.9864E-08 -0.1642E-01  0.1549E-01   0.000       0.000       0.000       0.000      -0.9863E-07   0.000       0.000       0.000       0.000       0.000                            0.9864E-08  0.9864E-08   0.000    
   7171200.0   10.00570584   10.0976   0.000       0.000      0.9188E-03  0.9269E-08 -0.1622E-01  0.1531E-01   0.000       0.000       0.000       0.000      -0.9268E-07   0.000       0.000       0.000       0.000       0.000                            0.9269E-08  0.9269E-08   0.000    
   7257600.0   10.00555087   10.0956   0.000       0.000      0.9007E-03  0.8968E-08 -0.1603E-01  0.1513E-01   0.000       0.000       0.000       0.000      -0.8967E-07   0.000       0.000       0.000       0.000       0.000                            0.8968E-08  0.8968E-08   0.000    
   7344000.0   10.00540692   10.0938   0.000       0.000      0.8837E-03  0.8331E-08 -0.1584E-01  0.1496E-01   0.000       0.000       0.000       0.000      -0.8330E-07   0.000       0.000       0.000       0.000       0.000                            0.8331E-08  0.8331E-08   0.000    
   7430400.0   10.00529995   10.0924   0.000       0.000      0.8708E-03  0.6191E-08 -0.1570E-01  0.1483E-01   0.000       0.000       0.000       0.000      -0.6190E-07   0.000       0.000       0.000       0.000       0.000                            0.6191E-08  0.6191E-08   0.000    
   7516800.0   10.00517905   10.0908   0.000       0.000      0.8563E-03  0.6996E-08 -0.1554E-01  0.1468E-01   0.000       0.000       0.000       0.000      -0.6996E-07   0.000       0.000       0.000       0.000       0.000                            0.6996E-08  0.6996E-08   0.000    
   7603200.0   10.00504115   10.0890   0.000       0.000      0.8397E-03  0.7981E-08 -0.1535E-01  0.1451E-01   0.000       0.000       0.000       0.000      -0.7980E-07   0.000       0.000       0.000       0.000       0.000                            0.7981E-08  0.7981E-08   0.000    
   7689600.0   10.00491769   10.0874   0.000       0.000      0.8246E-03  0.7145E-08 -0.1518E-01  0.1436E-01   0.000       0.000       0.000       0.000      -0.7144E-07   0.000       0.000       0.000       0.000       0.000                            0.7145E-08  0.7145E-08   0.000    
   7776000.0   10.00481721   10.0860   0.000       0.000      0.8122E-03  0.5815E-08 -0.1504E-01  0.1423E-01   0.000       0.000       0.000       0.000      -0.5814E-07   0.000       0.000       0.000       0.000       0.000                            0.5815E-08  0.5815E-08   0.000    
   7862400.0   10.00470077   10.0845   0.000       0.000      0.7978E-03  0.6739E-08 -0.1487E-01  0.1407E-01   0.000       0.000       0.000       0.000      -0.6738E-07   0.000       0.000       0.000       0.000       0.000                            0.6739E-08  0.6739E-08   0.000    
   7948800.0   10.00459392   10.0830   0.000       0.000      0.7845E-03  0.6183E-08 -0.1472E-01  0.1393E-01   0.000       0.000       0.000       0.000      -0.6183E-07   0.000       0.000       0.000       0.000       0.000                            0.6183E-08  0.6183E-08   0.000    
   8035200.0   10.00449229   10.0817   0.000       0.000      0.7717E-03  0.5882E-08 -0.1457E-01  0.1380E-01   0.000       0.000       0.000       0.000      -0.5882E-07   0.000       0.000       0.000       0.000       0.000                            0.5882E-08  0.5882E-08   0.000    
   8121600.0   10.00439475   10.0803   0.000       0.000      0.7593E-03  0.5644E-08 -0.1442E-01  0.1366E-01   0.000       0.000       0.000       0.000      -0.5644E-07   0.000       0.000       0.000       0.000       0.000                            0.5644E-08  0.5644E-08   0.000    
   8208000.0   10.00430085   10.0790   0.000       0.000      0.7473E-03  0.5434E-08 -0.1428E-01  0.1353E-01   0.000       0.000       0.000       0.000      -0.5434E-07   0.000       0.000       0.000       0.000       0.000                            0.5434E-08  0.5434E-08   0.000    
   8294400.0   10.00421024   10.0778   0.000       0.000      0.7357E-03  0.5243E-08 -0.1414E-01  0.1341E-01   0.000       0.000       0.000       0.000      -0.5243E-07   0.000       0.000       0.000       0.000       0.000                            0.5243E-08  0.5243E-08   0.000    
   8380800.0   10.00577042   10.0981   0.000       0.000      0.9229E-03 -0.9029E-07 -0.1607E-01  0.1515E-01   0.000       0.000       0.000       0.000       0.9028E-06   0.000       0.000       0.000       0.000       0.000                           -0.9029E-07 -0.9029E-07   0.000    
   8467200.0   10.00540308   10.0938   0.000       0.000      0.8840E-03  0.2126E-07 -0.1562E-01  0.1474E-01   0.000       0.000       0.000       0.000      -0.2126E-06   0.000       0.000       0.000       0.000       0.000                            0.2126E-07  0.2126E-07   0.000    
   8553600.0   10.00526718   10.0921   0.000       0.000      0.8683E-03  0.7865E-08 -0.1545E-01  0.1459E-01   0.000       0.000       0.000       0.000      -0.7864E-07   0.000       0.000       0.000       0.000       0.000                            0.7865E-08  0.7865E-08   0.000    
   8640000.0   10.00509092   10.0899   0.000       0.000      0.8480E-03  0.1020E-07 -0.1523E-01  0.1438E-01   0.000       0.000       0.000       0.000      -0.1020E-06   0.000       0.000       0.000       0.000       0.000                            0.1020E-07  0.1020E-07   0.000    
   8726400.0   10.00493039   10.0878   0.000       0.000      0.8290E-03  0.9290E-08 -0.1502E-01  0.1420E-01   0.000       0.000       0.000       0.000      -0.9290E-07   0.000       0.000       0.000       0.000       0.000                            0.9290E-08  0.9290E-08   0.000    
   8812800.0   10.00478719   10.0860   0.000       0.000      0.8119E-03  0.8287E-08 -0.1483E-01  0.1402E-01   0.000       0.000       0.000       0.000      -0.8286E-07   0.000       0.000       0.000       0.000       0.000                            0.8287E-08  0.8287E-08   0.000    
   8899200.0   10.00461633   10.0837   0.000       0.000      0.7910E-03  0.9888E-08 -0.1461E-01  0.1381E-01   0.000       0.000       0.000       0.000      -0.9887E-07   0.000       0.000       0.000       0.000       0.000                            0.9888E-08  0.9888E-08   0.000    
   8985600.0   10.00467099   10.0845   0.000       0.000      0.7978E-03 -0.3163E-08 -0.1466E-01  0.1387E-01   0.000       0.000       0.000       0.000       0.3163E-07   0.000       0.000       0.000       0.000       0.000                           -0.3163E-08 -0.3163E-08   0.000    
   9072000.0   10.00498190   10.0886   0.000       0.000      0.8360E-03 -0.1799E-07 -0.1505E-01  0.1421E-01   0.000       0.000       0.000       0.000       0.1799E-06   0.000       0.000       0.000       0.000       0.000                           -0.1799E-07 -0.1799E-07   0.000    
   9158400.0   10.00480402   10.0863   0.000       0.000      0.8154E-03  0.1029E-07 -0.1481E-01  0.1399E-01   0.000       0.000       0.000       0.000      -0.1029E-06   0.000       0.000       0.000       0.000       0.000                            0.1029E-07  0.1029E-07   0.000    
   9244800.0   10.00569382   10.0976   0.000       0.000      0.9194E-03 -0.5149E-07 -0.1588E-01  0.1497E-01   0.000       0.000       0.000       0.000       0.5149E-06   0.000       0.000       0.000       0.000       0.000                           -0.5149E-07 -0.5149E-07   0.000    
   9331200.0   10.00770175   10.1207   0.000       0.000      0.1130E-02 -0.1162E-06 -0.1805E-01  0.1692E-01   0.000       0.000       0.000       0.000       0.1162E-05   0.000       0.000       0.000       0.000       0.000                           -0.1162E-06 -0.1162E-06   0.000    
   9417600.0   10.01336769   10.1750   0.000       0.000      0.1616E-02 -0.3279E-06 -0.2307E-01  0.2145E-01   0.000       0.000       0.000       0.000       0.3278E-05   0.000       0.000       0.000       0.000       0.000                           -0.3279E-06 -0.3279E-06   0.000    
   9504000.0   10.01548633   10.1934   0.000       0.000      0.1779E-02 -0.1226E-06 -0.2470E-01  0.2292E-01   0.000       0.000       0.000       0.000       0.1226E-05   0.000       0.000       0.000       0.000       0.000                           -0.1226E-06 -0.1226E-06   0.000    
   9590400.0   10.01113567   10.1561   0.000       0.000      0.1450E-02  0.2518E-06 -0.2130E-01  0.1985E-01   0.000       0.000       0.000       0.000      -0.2517E-05   0.000       0.000       0.000       0.000       0.000                            0.2518E-06  0.2518E-06   0.000    
   9676800.0   10.00944235   10.1397   0.000       0.000      0.1303E-02  0.9799E-07 -0.1985E-01  0.1855E-01   0.000       0.000       0.000       0.000      -0.9797E-06   0.000       0.000       0.000       0.000       0.000                            0.9799E-07  0.9799E-07   0.000    
   9763200.0   10.00843481   10.1294   0.000       0.000      0.1210E-02  0.5831E-07 -0.1893E-01  0.1772E-01   0.000       0.000       0.000       0.000      -0.5830E-06   0.000       0.000       0.000       0.000       0.000                            0.5831E-07  0.5831E-07   0.000    
   9849600.0   10.00776431   10.1222   0.000       0.000      0.1144E-02  0.3880E-07 -0.1828E-01  0.1713E-01   0.000       0.000       0.000       0.000      -0.3880E-06   0.000       0.000       0.000       0.000       0.000                            0.3880E-07  0.3880E-07   0.000    
   9936000.0   10.00889732   10.1339   0.000       0.000      0.1250E-02 -0.6557E-07 -0.1939E-01  0.1814E-01   0.000       0.000       0.000       0.000       0.6556E-06   0.000       0.000       0.000       0.000       0.000                           -0.6557E-07 -0.6557E-07   0.000    
  10022400.0   10.00926586   10.1376   0.000       0.000      0.1284E-02 -0.2133E-07 -0.1974E-01  0.1846E-01   0.000       0.000       0.000       0.000       0.2132E-06   0.000       0.000       0.000       0.000       0.000                           -0.2133E-07 -0.2133E-07   0.000    
  10108800.0   10.00912214   10.1362   0.000       0.000      0.1271E-02  0.8317E-08 -0.1962E-01  0.1835E-01   0.000       0.000       0.000       0.000      -0.8316E-07   0.000       0.000       0.000       0.000       0.000                            0.8317E-08  0.8317E-08   0.000    
  10195200.0   10.00941079   10.1390   0.000       0.000      0.1296E-02 -0.1670E-07 -0.1990E-01  0.1861E-01   0.000       0.000       0.000       0.000       0.1670E-06   0.000       0.000       0.000       0.000       0.000                           -0.1670E-07 -0.1670E-07   0.000    
  10281600.0   10.00938102   10.1387   0.000       0.000      0.1294E-02  0.1723E-08 -0.1989E-01  0.1859E-01   0.000       0.000       0.000       0.000      -0.1722E-07   0.000       0.000       0.000       0.000       0.000                            0.1723E-08  0.1723E-08   0.000    
  10368000.0   10.00870746   10.1319   0.000       0.000      0.1232E-02  0.3898E-07 -0.1927E-01  0.1804E-01   0.000       0.000       0.000       0.000      -0.3897E-06   0.000       0.000       0.000       0.000       0.000                            0.3898E-07  0.3898E-07   0.000    
  10454400.0   10.00811192   10.1257   0.000       0.000      0.1175E-02  0.3446E-07 -0.1870E-01  0.1753E-01   0.000       0.000       0.000       0.000      -0.3446E-06   0.000       0.000       0.000       0.000       0.000                            0.3446E-07  0.3446E-07   0.000    
  10540800.0   10.00836069   10.1281   0.000       0.000      0.1198E-02 -0.1440E-07 -0.1895E-01  0.1776E-01   0.000       0.000       0.000       0.000       0.1439E-06   0.000       0.000       0.000       0.000       0.000                           -0.1440E-07 -0.1440E-07   0.000    
  10627200.0   10.00873982   10.1320   0.000       0.000      0.1233E-02 -0.2194E-07 -0.1932E-01  0.1809E-01   0.000       0.000       0.000       0.000       0.2194E-06   0.000       0.000       0.000       0.000       0.000                           -0.2194E-07 -0.2194E-07   0.000    
  10713600.0   10.00864605   10.1310   0.000       0.000      0.1224E-02  0.5427E-08 -0.1924E-01  0.1802E-01   0.000       0.000       0.000       0.000      -0.5426E-07   0.000       0.000       0.000       0.000       0.000                            0.5427E-08  0.5427E-08   0.000    
  10800000.0   10.00825964   10.1270   0.000       0.000      0.1187E-02  0.2236E-07 -0.1887E-01  0.1769E-01   0.000       0.000       0.000       0.000      -0.2236E-06   0.000       0.000       0.000       0.000       0.000                            0.2236E-07  0.2236E-07   0.000    
  10886400.0   10.00782382   10.1223   0.000       0.000      0.1145E-02  0.2522E-07 -0.1845E-01  0.1730E-01   0.000       0.000       0.000       0.000      -0.2522E-06   0.000       0.000       0.000       0.000       0.000                            0.2522E-07  0.2522E-07   0.000    
  10972800.0   10.00741660   10.1178   0.000       0.000      0.1104E-02  0.2357E-07 -0.1804E-01  0.1693E-01   0.000       0.000       0.000       0.000      -0.2356E-06   0.000       0.000       0.000       0.000       0.000                            0.2357E-07  0.2357E-07   0.000    
  11059200.0   10.00699934   10.1131   0.000       0.000      0.1061E-02  0.2415E-07 -0.1760E-01  0.1654E-01   0.000       0.000       0.000       0.000      -0.2414E-06   0.000       0.000       0.000       0.000       0.000                            0.2415E-07  0.2415E-07   0.000    
  11145600.0   10.00665888   10.1091   0.000       0.000      0.1025E-02  0.1970E-07 -0.1724E-01  0.1621E-01   0.000       0.000       0.000       0.000      -0.1970E-06   0.000       0.000       0.000       0.000       0.000                            0.1970E-07  0.1970E-07   0.000    
  11232000.0   10.00638047   10.1058   0.000       0.000      0.9943E-03  0.1611E-07 -0.1693E-01  0.1593E-01   0.000       0.000       0.000       0.000      -0.1611E-06   0.000       0.000       0.000       0.000       0.000                            0.1611E-07  0.1611E-07   0.000    
  11318400.0   10.00613776   10.1029   0.000       0.000      0.9672E-03  0.1405E-07 -0.1665E-01  0.1568E-01   0.000       0.000       0.000       0.000      -0.1404E-06   0.000       0.000       0.000       0.000       0.000                            0.1405E-07  0.1405E-07   0.000    
  11404800.0   10.00667777   10.1091   0.000       0.000      0.1024E-02 -0.3125E-07 -0.1724E-01  0.1621E-01   0.000       0.000       0.000       0.000       0.3125E-06   0.000       0.000       0.000       0.000       0.000                           -0.3125E-07 -0.3125E-07   0.000    
  11491200.0   10.00617038   10.1032   0.000       0.000      0.9702E-03  0.2936E-07 -0.1667E-01  0.1570E-01   0.000       0.000       0.000       0.000      -0.2936E-06   0.000       0.000       0.000       0.000       0.000                            0.2936E-07  0.2936E-07   0.000    
  11577600.0   10.00733627   10.1163   0.000       0.000      0.1090E-02 -0.6747E-07 -0.1792E-01  0.1683E-01   0.000       0.000       0.000       0.000       0.6746E-06   0.000       0.000       0.000       0.000       0.000                           -0.6747E-07 -0.6747E-07   0.000    
  11664000.0   10.00971863   10.1410   0.000       0.000      0.1313E-02 -0.1379E-06 -0.2023E-01  0.1891E-01   0.000       0.000       0.000       0.000       0.1378E-05   0.000       0.000       0.000       0.000       0.000                           -0.1379E-06 -0.1379E-06   0.000    
  11750400.0   10.01586279   10.1954   0.000       0.000      0.1795E-02 -0.3556E-06 -0.2521E-01  0.2342E-01   0.000       0.000       0.000       0.000       0.3554E-05   0.000       0.000       0.000       0.000       0.000                           -0.3556E-06 -0.3556E-06   0.000    
  11836800.0   10.01084081   10.1526   0.000       0.000      0.1418E-02  0.2906E-06 -0.2125E-01  0.1983E-01   0.000       0.000       0.000       0.000      -0.2905E-05   0.000       0.000       0.000       0.000       0.000                            0.2906E-06  0.2906E-06   0.000    
  11923200.0   10.00931503   10.1375   0.000       0.000      0.1282E-02  0.8830E-07 -0.1993E-01  0.1865E-01   0.000       0.000       0.000       0.000      -0.8828E-06   0.000       0.000       0.000       0.000       0.000                            0.8830E-07  0.8830E-07   0.000    
  12009600.0   10.00853026   10.1294   0.000       0.000      0.1209E-02  0.4541E-07 -0.1920E-01  0.1800E-01   0.000       0.000       0.000       0.000      -0.4541E-06   0.000       0.000       0.000       0.000       0.000                            0.4541E-07  0.4541E-07   0.000    
  12096000.0   10.00868564   10.1309   0.000       0.000      0.1222E-02 -0.8992E-08 -0.1936E-01  0.1814E-01   0.000       0.000       0.000       0.000       0.8990E-07   0.000       0.000       0.000       0.000       0.000                           -0.8992E-08 -0.8992E-08   0.000    
  12182400.0   10.00851707   10.1291   0.000       0.000      0.1206E-02  0.9755E-08 -0.1920E-01  0.1800E-01   0.000       0.000       0.000       0.000      -0.9754E-07   0.000       0.000       0.000       0.000       0.000                            0.9755E-08  0.9755E-08   0.000    
  12268800.0   10.00812894   10.1250   0.000       0.000      0.1168E-02  0.2246E-07 -0.1883E-01  0.1766E-01   0.000       0.000       0.000       0.000      -0.2246E-06   0.000       0.000       0.000       0.000       0.000                            0.2246E-07  0.2246E-07   0.000    
  12355200.0   10.00771588   10.1205   0.000       0.000      0.1127E-02  0.2390E-07 -0.1842E-01  0.1729E-01   0.000       0.000       0.000       0.000      -0.2390E-06   0.000       0.000       0.000       0.000       0.000                            0.2390E-07  0.2390E-07   0.000    
  12441600.0   10.00758029   10.1189   0.000       0.000      0.1113E-02  0.7847E-08 -0.1828E-01  0.1717E-01   0.000       0.000       0.000       0.000      -0.7846E-07   0.000       0.000       0.000       0.000       0.000                            0.7847E-08  0.7847E-08   0.000    
  12528000.0   10.00955435   10.1391   0.000       0.000      0.1296E-02 -0.1142E-06 -0.2019E-01  0.1889E-01   0.000       0.000       0.000       0.000       0.1142E-05   0.000       0.000       0.000       0.000       0.000                           -0.1142E-06 -0.1142E-06   0.000    
  12614400.0   10.01096714   10.1528   0.000       0.000      0.1418E-02 -0.8176E-07 -0.2144E-01  0.2003E-01   0.000       0.000       0.000       0.000       0.8174E-06   0.000       0.000       0.000       0.000       0.000                           -0.8176E-07 -0.8176E-07   0.000    
  12700800.0   10.00960533   10.1399   0.000       0.000      0.1303E-02  0.7881E-07 -0.2025E-01  0.1894E-01   0.000       0.000       0.000       0.000      -0.7879E-06   0.000       0.000       0.000       0.000       0.000                            0.7881E-07  0.7881E-07   0.000    
  12787200.0   10.00886668   10.1324   0.000       0.000      0.1235E-02  0.4275E-07 -0.1958E-01  0.1834E-01   0.000       0.000       0.000       0.000      -0.4274E-06   0.000       0.000       0.000       0.000       0.000                            0.4275E-07  0.4275E-07   0.000    
  12873600.0   10.00826139   10.1260   0.000       0.000      0.1178E-02  0.3503E-07 -0.1900E-01  0.1782E-01   0.000       0.000       0.000       0.000      -0.3502E-06   0.000       0.000       0.000       0.000       0.000                            0.3503E-07  0.3503E-07   0.000    
  12960000.0   10.00876483   10.1311   0.000       0.000      0.1223E-02 -0.2913E-07 -0.1949E-01  0.1827E-01   0.000       0.000       0.000       0.000       0.2913E-06   0.000       0.000       0.000       0.000       0.000                           -0.2913E-07 -0.2913E-07   0.000    
  13046400.0   10.00841994   10.1276   0.000       0.000      0.1191E-02  0.1996E-07 -0.1916E-01  0.1797E-01   0.000       0.000       0.000       0.000      -0.1996E-06   0.000       0.000       0.000       0.000       0.000                            0.1996E-07  0.1996E-07   0.000    
  13132800.0   10.00805758   10.1237   0.000       0.000      0.1156E-02  0.2097E-07 -0.1881E-01  0.1765E-01   0.000       0.000       0.000       0.000      -0.2097E-06   0.000       0.000       0.000       0.000       0.000                            0.2097E-07  0.2097E-07   0.000    
  13219200.0   10.00794751   10.1224   0.000       0.000      0.1145E-02  0.6370E-08 -0.1870E-01  0.1756E-01   0.000       0.000       0.000       0.000      -0.6369E-07   0.000       0.000       0.000       0.000       0.000                            0.6370E-08  0.6370E-08   0.000    
  13305600.0   10.00765215   10.1192   0.000       0.000      0.1115E-02  0.1709E-07 -0.1840E-01  0.1729E-01   0.000       0.000       0.000       0.000      -0.1709E-06   0.000       0.000       0.000       0.000       0.000                            0.1709E-07  0.1709E-07   0.000    
  13392000.0   10.00869616   10.1300   0.000       0.000      0.1213E-02 -0.6042E-07 -0.1943E-01  0.1822E-01   0.000       0.000       0.000       0.000       0.6041E-06   0.000       0.000       0.000       0.000       0.000                           -0.6042E-07 -0.6042E-07   0.000    
  13478400.0   10.00904440   10.1336   0.000       0.000      0.1246E-02 -0.2015E-07 -0.1976E-01  0.1851E-01   0.000       0.000       0.000       0.000       0.2015E-06   0.000       0.000       0.000       0.000       0.000                           -0.2015E-07 -0.2015E-07   0.000    
  13564800.0   10.00857505   10.1289   0.000       0.000      0.1203E-02  0.2716E-07 -0.1932E-01  0.1811E-01   0.000       0.000       0.000       0.000      -0.2716E-06   0.000       0.000       0.000       0.000       0.000                            0.2716E-07  0.2716E-07   0.000    
  13651200.0   10.00821467   10.1250   0.000       0.000      0.1168E-02  0.2086E-07 -0.1897E-01  0.1780E-01   0.000       0.000       0.000       0.000      -0.2085E-06   0.000       0.000       0.000       0.000       0.000                            0.2086E-07  0.2086E-07   0.000    
  13737600.0   10.00785623   10.1212   0.000       0.000      0.1133E-02  0.2074E-07 -0.1862E-01  0.1748E-01   0.000       0.000       0.000       0.000      -0.2074E-06   0.000       0.000       0.000       0.000       0.000                            0.2074E-07  0.2074E-07   0.000    
  13824000.0   10.00974659   10.1403   0.000       0.000      0.1306E-02 -0.1094E-06 -0.2042E-01  0.1912E-01   0.000       0.000       0.000       0.000       0.1094E-05   0.000       0.000       0.000       0.000       0.000                           -0.1094E-06 -0.1094E-06   0.000    
  13910400.0   10.01163426   10.1582   0.000       0.000      0.1466E-02 -0.1092E-06 -0.2207E-01  0.2061E-01   0.000       0.000       0.000       0.000       0.1092E-05   0.000       0.000       0.000       0.000       0.000                           -0.1092E-06 -0.1092E-06   0.000    
  13996800.0   10.01030003   10.1460   0.000       0.000      0.1357E-02  0.7721E-07 -0.2093E-01  0.1957E-01   0.000       0.000       0.000       0.000      -0.7719E-06   0.000       0.000       0.000       0.000       0.000                            0.7721E-07  0.7721E-07   0.000    
  14083200.0   10.00940757   10.1372   0.000       0.000      0.1278E-02  0.5165E-07 -0.2015E-01  0.1887E-01   0.000       0.000       0.000       0.000      -0.5164E-06   0.000       0.000       0.000       0.000       0.000                            0.5165E-07  0.5165E-07   0.000    
  14169600.0   10.01007272   10.1436   0.000       0.000      0.1335E-02 -0.3849E-07 -0.2076E-01  0.1943E-01   0.000       0.000       0.000       0.000       0.3849E-06   0.000       0.000       0.000       0.000       0.000                           -0.3849E-07 -0.3849E-07   0.000    
  14256000.0   10.01029011   10.1457   0.000       0.000      0.1354E-02 -0.1258E-07 -0.2096E-01  0.1961E-01   0.000       0.000       0.000       0.000       0.1258E-06   0.000       0.000       0.000       0.000       0.000                           -0.1258E-07 -0.1258E-07   0.000    
  14342400.0   10.01249731   10.1659   0.000       0.000      0.1534E-02 -0.1277E-06 -0.2285E-01  0.2132E-01   0.000       0.000       0.000       0.000       0.1277E-05   0.000       0.000       0.000       0.000       0.000                           -0.1277E-06 -0.1277E-06   0.000    
  14428800.0   10.01848403   10.2150   0.000       0.000      0.1965E-02 -0.3465E-06 -0.2732E-01  0.2536E-01   0.000       0.000       0.000       0.000       0.3463E-05   0.000       0.000       0.000       0.000       0.000                           -0.3465E-06 -0.3465E-06   0.000    
  14515200.0   10.01468967   10.1852   0.000       0.000      0.1705E-02  0.2196E-06 -0.2461E-01  0.2291E-01   0.000       0.000       0.000       0.000      -0.2195E-05   0.000       0.000       0.000       0.000       0.000                            0.2196E-06  0.2196E-06   0.000    
  14601600.0   10.01485512   10.1863   0.000       0.000      0.1715E-02 -0.9575E-08 -0.2480E-01  0.2308E-01   0.000       0.000       0.000       0.000       0.9571E-07   0.000       0.000       0.000       0.000       0.000                           -0.9575E-08 -0.9575E-08   0.000    
  14688000.0   10.01638387   10.1987   0.000       0.000      0.1823E-02 -0.8847E-07 -0.2596E-01  0.2414E-01   0.000       0.000       0.000       0.000       0.8843E-06   0.000       0.000       0.000       0.000       0.000                           -0.8847E-07 -0.8847E-07   0.000    
  14774400.0   10.01582837   10.1943   0.000       0.000      0.1785E-02  0.3215E-07 -0.2559E-01  0.2380E-01   0.000       0.000       0.000       0.000      -0.3213E-06   0.000       0.000       0.000       0.000       0.000                            0.3215E-07  0.3215E-07   0.000    
  14860800.0   10.01448727   10.1832   0.000       0.000      0.1687E-02  0.7761E-07 -0.2462E-01  0.2293E-01   0.000       0.000       0.000       0.000      -0.7757E-06   0.000       0.000       0.000       0.000       0.000                            0.7761E-07  0.7761E-07   0.000    
  14947200.0   10.01369525   10.1763   0.000       0.000      0.1626E-02  0.4583E-07 -0.2404E-01  0.2242E-01   0.000       0.000       0.000       0.000      -0.4582E-06   0.000       0.000       0.000       0.000       0.000                            0.4583E-07  0.4583E-07   0.000    
  15033600.0   10.01283162   10.1687   0.000       0.000      0.1558E-02  0.4998E-07 -0.2338E-01  0.2182E-01   0.000       0.000       0.000       0.000      -0.4996E-06   0.000       0.000       0.000       0.000       0.000                            0.4998E-07  0.4998E-07   0.000    
  15120000.0   10.01207725   10.1618   0.000       0.000      0.1497E-02  0.4366E-07 -0.2278E-01  0.2129E-01   0.000       0.000       0.000       0.000      -0.4364E-06   0.000       0.000       0.000       0.000       0.000                            0.4366E-07  0.4366E-07   0.000    
  15206400.0   10.01134187   10.1549   0.000       0.000      0.1435E-02  0.4256E-07 -0.2218E-01  0.2074E-01   0.000       0.000       0.000       0.000      -0.4255E-06   0.000       0.000       0.000       0.000       0.000                            0.4256E-07  0.4256E-07   0.000    
  15292800.0   10.01067476   10.1485   0.000       0.000      0.1378E-02  0.3861E-07 -0.2161E-01  0.2023E-01   0.000       0.000       0.000       0.000      -0.3860E-06   0.000       0.000       0.000       0.000       0.000                            0.3861E-07  0.3861E-07   0.000    
  15379200.0   10.01303359   10.1696   0.000       0.000      0.1565E-02 -0.1365E-06 -0.2359E-01  0.2202E-01   0.000       0.000       0.000       0.000       0.1365E-05   0.000       0.000       0.000       0.000       0.000                           -0.1365E-06 -0.1365E-06   0.000    
  15465600.0   10.01331432   10.1721   0.000       0.000      0.1587E-02 -0.1625E-07 -0.2381E-01  0.2222E-01   0.000       0.000       0.000       0.000       0.1624E-06   0.000       0.000       0.000       0.000       0.000                           -0.1625E-07 -0.1625E-07   0.000    
  15552000.0   10.01221177   10.1623   0.000       0.000      0.1501E-02  0.6381E-07 -0.2294E-01  0.2144E-01   0.000       0.000       0.000       0.000      -0.6378E-06   0.000       0.000       0.000       0.000       0.000                            0.6381E-07  0.6381E-07   0.000    
  15638400.0   10.01121792   10.1531   0.000       0.000      0.1419E-02  0.5751E-07 -0.2212E-01  0.2070E-01   0.000       0.000       0.000       0.000      -0.5750E-06   0.000       0.000       0.000       0.000       0.000                            0.5751E-07  0.5751E-07   0.000    
  15724800.0   10.01053849   10.1465   0.000       0.000      0.1360E-02  0.3932E-07 -0.2154E-01  0.2018E-01   0.000       0.000       0.000       0.000      -0.3931E-06   0.000       0.000       0.000       0.000       0.000                            0.3932E-07  0.3932E-07   0.000    
  15811200.0   10.01000703   10.1413   0.000       0.000      0.1313E-02  0.3076E-07 -0.2107E-01  0.1976E-01   0.000       0.000       0.000       0.000      -0.3075E-06   0.000       0.000       0.000       0.000       0.000                            0.3076E-07  0.3076E-07   0.000    
  15897600.0   10.00957767   10.1369   0.000       0.000      0.1273E-02  0.2485E-07 -0.2068E-01  0.1940E-01   0.000       0.000       0.000       0.000      -0.2484E-06   0.000       0.000       0.000       0.000       0.000                            0.2485E-07  0.2485E-07   0.000    
  15984000.0   10.00945920   10.1356   0.000       0.000      0.1261E-02  0.6856E-08 -0.2056E-01  0.1930E-01   0.000       0.000       0.000       0.000      -0.6855E-07   0.000       0.000       0.000       0.000       0.000                            0.6856E-08  0.6856E-08   0.000    
  16070400.0   10.00902354   10.1311   0.000       0.000      0.1221E-02  0.2521E-07 -0.2015E-01  0.1893E-01   0.000       0.000       0.000       0.000      -0.2521E-06   0.000       0.000       0.000       0.000       0.000                            0.2521E-07  0.2521E-07   0.000    
  16156800.0   10.00868502   10.1275   0.000       0.000      0.1188E-02  0.1959E-07 -0.1982E-01  0.1863E-01   0.000       0.000       0.000       0.000      -0.1959E-06   0.000       0.000       0.000       0.000       0.000                            0.1959E-07  0.1959E-07   0.000    
  16243200.0   10.00837077   10.1241   0.000       0.000      0.1158E-02  0.1819E-07 -0.1951E-01  0.1835E-01   0.000       0.000       0.000       0.000      -0.1818E-06   0.000       0.000       0.000       0.000       0.000                            0.1819E-07  0.1819E-07   0.000    
  16329600.0   10.00808952   10.1211   0.000       0.000      0.1130E-02  0.1628E-07 -0.1922E-01  0.1809E-01   0.000       0.000       0.000       0.000      -0.1627E-06   0.000       0.000       0.000       0.000       0.000                            0.1628E-07  0.1628E-07   0.000    
  16416000.0   10.00782847   10.1182   0.000       0.000      0.1104E-02  0.1511E-07 -0.1894E-01  0.1784E-01   0.000       0.000       0.000       0.000      -0.1511E-06   0.000       0.000       0.000       0.000       0.000                            0.1511E-07  0.1511E-07   0.000    
  16502400.0   10.00758590   10.1155   0.000       0.000      0.1079E-02  0.1404E-07 -0.1868E-01  0.1761E-01   0.000       0.000       0.000       0.000      -0.1404E-06   0.000       0.000       0.000       0.000       0.000                            0.1404E-07  0.1404E-07   0.000    
  16588800.0   10.00736020   10.1129   0.000       0.000      0.1055E-02  0.1306E-07 -0.1844E-01  0.1738E-01   0.000       0.000       0.000       0.000      -0.1306E-06   0.000       0.000       0.000       0.000       0.000                            0.1306E-07  0.1306E-07   0.000    
  16675200.0   10.00714912   10.1105   0.000       0.000      0.1033E-02  0.1222E-07 -0.1820E-01  0.1717E-01   0.000       0.000       0.000       0.000      -0.1221E-06   0.000       0.000       0.000       0.000       0.000                            0.1222E-07  0.1222E-07   0.000    
  16761600.0   10.00707491   10.1096   0.000       0.000      0.1025E-02  0.4294E-08 -0.1811E-01  0.1708E-01   0.000       0.000       0.000       0.000      -0.4294E-07   0.000       0.000       0.000       0.000       0.000                            0.4294E-08  0.4294E-08   0.000    
  16848000.0   10.00705586   10.1093   0.000       0.000      0.1023E-02  0.1103E-08 -0.1807E-01  0.1705E-01   0.000       0.000       0.000       0.000      -0.1103E-07   0.000       0.000       0.000       0.000       0.000                            0.1103E-08  0.1103E-08   0.000    
  16934400.0   10.00742573   10.1134   0.000       0.000      0.1059E-02 -0.2140E-07 -0.1844E-01  0.1738E-01   0.000       0.000       0.000       0.000       0.2140E-06   0.000       0.000       0.000       0.000       0.000                           -0.2140E-07 -0.2140E-07   0.000    
  17020800.0   10.00734588   10.1125   0.000       0.000      0.1052E-02  0.4621E-08 -0.1834E-01  0.1729E-01   0.000       0.000       0.000       0.000      -0.4620E-07   0.000       0.000       0.000       0.000       0.000                            0.4621E-08  0.4621E-08   0.000    
  17107200.0   10.00690658   10.1076   0.000       0.000      0.1007E-02  0.2542E-07 -0.1787E-01  0.1686E-01   0.000       0.000       0.000       0.000      -0.2542E-06   0.000       0.000       0.000       0.000       0.000                            0.2542E-07  0.2542E-07   0.000    
  17193600.0   10.00666443   10.1048   0.000       0.000      0.9812E-03  0.1401E-07 -0.1760E-01  0.1661E-01   0.000       0.000       0.000       0.000      -0.1401E-06   0.000       0.000       0.000       0.000       0.000                            0.1401E-07  0.1401E-07   0.000    
  17280000.0   10.00644477   10.1022   0.000       0.000      0.9577E-03  0.1271E-07 -0.1734E-01  0.1638E-01   0.000       0.000       0.000       0.000      -0.1271E-06   0.000       0.000       0.000       0.000       0.000                            0.1271E-07  0.1271E-07   0.000    
  17366400.0   10.00624642   10.0999   0.000       0.000      0.9361E-03  0.1148E-07 -0.1710E-01  0.1617E-01   0.000       0.000       0.000       0.000      -0.1148E-06   0.000       0.000       0.000       0.000       0.000                            0.1148E-07  0.1148E-07   0.000    
  17452800.0   10.00606886   10.0977   0.000       0.000      0.9166E-03  0.1028E-07 -0.1689E-01  0.1597E-01   0.000       0.000       0.000       0.000      -0.1027E-06   0.000       0.000       0.000       0.000       0.000                            0.1028E-07  0.1028E-07   0.000    
  17539200.0   10.00590578   10.0957   0.000       0.000      0.8984E-03  0.9438E-08 -0.1668E-01  0.1578E-01   0.000       0.000       0.000       0.000      -0.9437E-07   0.000       0.000       0.000       0.000       0.000                            0.9438E-08  0.9438E-08   0.000    
  17625600.0   10.00575430   10.0939   0.000       0.000      0.8814E-03  0.8766E-08 -0.1649E-01  0.1561E-01   0.000       0.000       0.000       0.000      -0.8766E-07   0.000       0.000       0.000       0.000       0.000                            0.8766E-08  0.8766E-08   0.000    
  17712000.0   10.00578135   10.0942   0.000       0.000      0.8843E-03 -0.1566E-08 -0.1650E-01  0.1562E-01   0.000       0.000       0.000       0.000       0.1565E-07   0.000       0.000       0.000       0.000       0.000                           -0.1566E-08 -0.1566E-08   0.000    
  17798400.0   10.00558740   10.0919   0.000       0.000      0.8627E-03  0.1122E-07 -0.1625E-01  0.1539E-01   0.000       0.000       0.000       0.000      -0.1122E-06   0.000       0.000       0.000       0.000       0.000                            0.1122E-07  0.1122E-07   0.000    
  17884800.0   10.00542499   10.0898   0.000       0.000      0.8441E-03  0.9399E-08 -0.1604E-01  0.1520E-01   0.000       0.000       0.000       0.000      -0.9398E-07   0.000       0.000       0.000       0.000       0.000                            0.9399E-08  0.9399E-08   0.000    
  17971200.0   10.00528992   10.0881   0.000       0.000      0.8285E-03  0.7817E-08 -0.1586E-01  0.1503E-01   0.000       0.000       0.000       0.000      -0.7816E-07   0.000       0.000       0.000       0.000       0.000                            0.7817E-08  0.7817E-08   0.000    
  18057600.0   10.00516552   10.0866   0.000       0.000      0.8141E-03  0.7199E-08 -0.1569E-01  0.1487E-01   0.000       0.000       0.000       0.000      -0.7198E-07   0.000       0.000       0.000       0.000       0.000                            0.7199E-08  0.7199E-08   0.000    
  18144000.0   10.00504784   10.0851   0.000       0.000      0.8003E-03  0.6810E-08 -0.1552E-01  0.1472E-01   0.000       0.000       0.000       0.000      -0.6810E-07   0.000       0.000       0.000       0.000       0.000                            0.6810E-08  0.6810E-08   0.000    
  18230400.0   10.00493555   10.0836   0.000       0.000      0.7871E-03  0.6498E-08 -0.1536E-01  0.1458E-01   0.000       0.000       0.000       0.000      -0.6498E-07   0.000       0.000       0.000       0.000       0.000                            0.6498E-08  0.6498E-08   0.000    
  18316800.0   10.00482816   10.0823   0.000       0.000      0.7744E-03  0.6215E-08 -0.1521E-01  0.1443E-01   0.000       0.000       0.000       0.000      -0.6214E-07   0.000       0.000       0.000       0.000       0.000                            0.6215E-08  0.6215E-08   0.000    
  18403200.0   10.00472481   10.0809   0.000       0.000      0.7621E-03  0.5981E-08 -0.1506E-01  0.1430E-01   0.000       0.000       0.000       0.000      -0.5981E-07   0.000       0.000       0.000       0.000       0.000                            0.5981E-08  0.5981E-08   0.000    
  18489600.0   10.00462530   10.0796   0.000       0.000      0.7502E-03  0.5759E-08 -0.1491E-01  0.1416E-01   0.000       0.000       0.000       0.000      -0.5759E-07   0.000       0.000       0.000       0.000       0.000                            0.5759E-08  0.5759E-08   0.000    
  18576000.0   10.00452939   10.0784   0.000       0.000      0.7387E-03  0.5550E-08 -0.1476E-01  0.1403E-01   0.000       0.000       0.000       0.000      -0.5550E-07   0.000       0.000       0.000       0.000       0.000                            0.5550E-08  0.5550E-08   0.000    
  18662400.0   10.00443668   10.0772   0.000       0.000      0.7274E-03  0.5365E-08 -0.1462E-01  0.1389E-01   0.000       0.000       0.000       0.000      -0.5365E-07   0.000       0.000       0.000       0.000       0.000                            0.5365E-08  0.5365E-08   0.000    
  18748800.0   10.00434705   10.0760   0.000       0.000      0.7165E-03  0.5187E-08 -0.1448E-01  0.1377E-01   0.000       0.000       0.000       0.000      -0.5186E-07   0.000       0.000       0.000       0.000       0.000                            0.5187E-08  0.5187E-08   0.000    
  18835200.0   10.00456633   10.0790   0.000       0.000      0.7447E-03 -0.1269E-07 -0.1475E-01  0.1401E-01   0.000       0.000       0.000       0.000       0.1269E-06   0.000       0.000       0.000       0.000       0.000                           -0.1269E-07 -0.1269E-07   0.000    
  18921600.0   10.00439724   10.0768   0.000       0.000      0.7245E-03  0.9785E-08 -0.1451E-01  0.1378E-01   0.000       0.000       0.000       0.000      -0.9785E-07   0.000       0.000       0.000       0.000       0.000                            0.9785E-08  0.9785E-08   0.000    
  19008000.0   10.00423703   10.0747   0.000       0.000      0.7045E-03  0.9271E-08 -0.1428E-01  0.1357E-01   0.000       0.000       0.000       0.000      -0.9271E-07   0.000       0.000       0.000       0.000       0.000                            0.9271E-08  0.9271E-08   0.000    
  19094400.0   10.00412956   10.0732   0.000       0.000      0.6910E-03  0.6220E-08 -0.1411E-01  0.1342E-01   0.000       0.000       0.000       0.000      -0.6219E-07   0.000       0.000       0.000       0.000       0.000                            0.6220E-08  0.6220E-08   0.000    
  19180800.0   10.00403746   10.0720   0.000       0.000      0.6795E-03  0.5330E-08 -0.1397E-01  0.1329E-01   0.000       0.000       0.000       0.000      -0.5330E-07   0.000       0.000       0.000       0.000       0.000                            0.5330E-08  0.5330E-08   0.000    
  19267200.0   10.00395939   10.0709   0.000       0.000      0.6698E-03  0.4518E-08 -0.1384E-01  0.1317E-01   0.000       0.000       0.000       0.000      -0.4518E-07   0.000       0.000       0.000       0.000       0.000                            0.4518E-08  0.4518E-08   0.000    
  19353600.0   10.00387591   10.0698   0.000       0.000      0.6593E-03  0.4831E-08 -0.1370E-01  0.1305E-01   0.000       0.000       0.000       0.000      -0.4831E-07   0.000       0.000       0.000       0.000       0.000                            0.4831E-08  0.4831E-08   0.000    
  19440000.0   10.00379846   10.0687   0.000       0.000      0.6495E-03  0.4482E-08 -0.1358E-01  0.1293E-01   0.000       0.000       0.000       0.000      -0.4482E-07   0.000       0.000       0.000       0.000       0.000                            0.4482E-08  0.4482E-08   0.000    
  19526400.0   10.00372448   10.0677   0.000       0.000      0.6401E-03  0.4281E-08 -0.1345E-01  0.1281E-01   0.000       0.000       0.000       0.000      -0.4281E-07   0.000       0.000       0.000       0.000       0.000                            0.4281E-08  0.4281E-08   0.000    
  19612800.0   10.00365327   10.0668   0.000       0.000      0.6310E-03  0.4121E-08 -0.1333E-01  0.1270E-01   0.000       0.000       0.000       0.000      -0.4121E-07   0.000       0.000       0.000       0.000       0.000                            0.4121E-08  0.4121E-08   0.000    
  19699200.0   10.00358446   10.0658   0.000       0.000      0.6222E-03  0.3982E-08 -0.1321E-01  0.1259E-01   0.000       0.000       0.000       0.000      -0.3982E-07   0.000       0.000       0.000       0.000       0.000                            0.3982E-08  0.3982E-08   0.000    
  19785600.0   10.00351784   10.0649   0.000       0.000      0.6136E-03  0.3856E-08 -0.1309E-01  0.1248E-01   0.000       0.000       0.000       0.000      -0.3855E-07   0.000       0.000       0.000       0.000       0.000                            0.3856E-08  0.3856E-08   0.000    
  19872000.0   10.00345323   10.0640   0.000       0.000      0.6052E-03  0.3739E-08 -0.1298E-01  0.1237E-01   0.000       0.000       0.000       0.000      -0.3739E-07   0.000       0.000       0.000       0.000       0.000                            0.3739E-08  0.3739E-08   0.000    
  19958400.0   10.00365242   10.0671   0.000       0.000      0.6341E-03 -0.1153E-07 -0.1325E-01  0.1262E-01   0.000       0.000       0.000       0.000       0.1153E-06   0.000       0.000       0.000       0.000       0.000                           -0.1153E-07 -0.1153E-07   0.000    
  20044800.0   10.00385370   10.0702   0.000       0.000      0.6630E-03 -0.1165E-07 -0.1352E-01  0.1286E-01   0.000       0.000       0.000       0.000       0.1165E-06   0.000       0.000       0.000       0.000       0.000                           -0.1165E-07 -0.1165E-07   0.000    
  20131200.0   10.00355448   10.0659   0.000       0.000      0.6232E-03  0.1732E-07 -0.1307E-01  0.1245E-01   0.000       0.000       0.000       0.000      -0.1732E-06   0.000       0.000       0.000       0.000       0.000                            0.1732E-07  0.1732E-07   0.000    
  20217600.0   10.00350940   10.0652   0.000       0.000      0.6174E-03  0.2609E-08 -0.1299E-01  0.1237E-01   0.000       0.000       0.000       0.000      -0.2609E-07   0.000       0.000       0.000       0.000       0.000                            0.2609E-08  0.2609E-08   0.000    
  20304000.0   10.00343562   10.0642   0.000       0.000      0.6078E-03  0.4270E-08 -0.1287E-01  0.1226E-01   0.000       0.000       0.000       0.000      -0.4270E-07   0.000       0.000       0.000       0.000       0.000                            0.4270E-08  0.4270E-08   0.000    
  20390400.0   10.00332261   10.0626   0.000       0.000      0.5924E-03  0.6540E-08 -0.1268E-01  0.1209E-01   0.000       0.000       0.000       0.000      -0.6540E-07   0.000       0.000       0.000       0.000       0.000                            0.6540E-08  0.6540E-08   0.000    
  20476800.0   10.00324160   10.0614   0.000       0.000      0.5814E-03  0.4688E-08 -0.1254E-01  0.1196E-01   0.000       0.000       0.000       0.000      -0.4688E-07   0.000       0.000       0.000       0.000       0.000                            0.4688E-08  0.4688E-08   0.000    
  20563200.0   10.00317112   10.0604   0.000       0.000      0.5718E-03  0.4079E-08 -0.1241E-01  0.1184E-01   0.000       0.000       0.000       0.000      -0.4079E-07   0.000       0.000       0.000       0.000       0.000                            0.4079E-08  0.4079E-08   0.000    
  20649600.0   10.00310643   10.0594   0.000       0.000      0.5631E-03  0.3744E-08 -0.1230E-01  0.1173E-01   0.000       0.000       0.000       0.000      -0.3743E-07   0.000       0.000       0.000       0.000       0.000                            0.3744E-08  0.3744E-08   0.000    
  20736000.0   10.00304569   10.0585   0.000       0.000      0.5548E-03  0.3515E-08 -0.1218E-01  0.1163E-01   0.000       0.000       0.000       0.000      -0.3515E-07   0.000       0.000       0.000       0.000       0.000                            0.3515E-08  0.3515E-08   0.000    
  20822400.0   10.00298798   10.0577   0.000       0.000      0.5469E-03  0.3340E-08 -0.1208E-01  0.1153E-01   0.000       0.000       0.000       0.000      -0.3340E-07   0.000       0.000       0.000       0.000       0.000                            0.3340E-08  0.3340E-08   0.000    
  20908800.0   10.00293281   10.0569   0.000       0.000      0.5394E-03  0.3192E-08 -0.1197E-01  0.1143E-01   0.000       0.000       0.000       0.000      -0.3192E-07   0.000       0.000       0.000       0.000       0.000                            0.3192E-08  0.3192E-08   0.000    
  20995200.0   10.00287980   10.0561   0.000       0.000      0.5321E-03  0.3068E-08 -0.1187E-01  0.1133E-01   0.000       0.000       0.000       0.000      -0.3068E-07   0.000       0.000       0.000       0.000       0.000                            0.3068E-08  0.3068E-08   0.000    
  21081600.0   10.00282869   10.0553   0.000       0.000      0.5251E-03  0.2958E-08 -0.1177E-01  0.1124E-01   0.000       0.000       0.000       0.000      -0.2958E-07   0.000       0.000       0.000       0.000       0.000                            0.2958E-08  0.2958E-08   0.000    
  21168000.0   10.00277924   10.0546   0.000       0.000      0.5183E-03  0.2862E-08 -0.1167E-01  0.1115E-01   0.000       0.000       0.000       0.000      -0.2862E-07   0.000       0.000       0.000       0.000       0.000                            0.2862E-08  0.2862E-08   0.000    
  21254400.0   10.00273130   10.0539   0.000       0.000      0.5116E-03  0.2775E-08 -0.1157E-01  0.1106E-01   0.000       0.000       0.000       0.000      -0.2775E-07   0.000       0.000       0.000       0.000       0.000                            0.2775E-08  0.2775E-08   0.000    
  21340800.0   10.00268475   10.0532   0.000       0.000      0.5052E-03  0.2694E-08 -0.1148E-01  0.1097E-01   0.000       0.000       0.000       0.000      -0.2694E-07   0.000       0.000       0.000       0.000       0.000                            0.2694E-08  0.2694E-08   0.000    
  21427200.0   10.00263949   10.0525   0.000       0.000      0.4989E-03  0.2619E-08 -0.1138E-01  0.1088E-01   0.000       0.000       0.000       0.000      -0.2619E-07   0.000       0.000       0.000       0.000       0.000                            0.2619E-08  0.2619E-08   0.000    
  21513600.0   10.00262863   10.0524   0.000       0.000      0.4981E-03  0.6285E-09 -0.1135E-01  0.1085E-01   0.000       0.000       0.000       0.000      -0.6285E-08   0.000       0.000       0.000       0.000       0.000                            0.6285E-09  0.6285E-09   0.000    
  21600000.0   10.00294316   10.0578   0.000       0.000      0.5490E-03 -0.1820E-07 -0.1185E-01  0.1130E-01   0.000       0.000       0.000       0.000       0.1820E-06   0.000       0.000       0.000       0.000       0.000                           -0.1820E-07 -0.1820E-07   0.000    
  21686400.0   10.00270253   10.0540   0.000       0.000      0.5130E-03  0.1393E-07 -0.1144E-01  0.1093E-01   0.000       0.000       0.000       0.000      -0.1392E-06   0.000       0.000       0.000       0.000       0.000                            0.1393E-07  0.1393E-07   0.000    
  21772800.0   10.00260759   10.0524   0.000       0.000      0.4983E-03  0.5494E-08 -0.1127E-01  0.1077E-01   0.000       0.000       0.000       0.000      -0.5494E-07   0.000       0.000       0.000       0.000       0.000                            0.5494E-08  0.5494E-08   0.000    
  21859200.0   10.00254430   10.0514   0.000       0.000      0.4889E-03  0.3662E-08 -0.1114E-01  0.1066E-01   0.000       0.000       0.000       0.000      -0.3662E-07   0.000       0.000       0.000       0.000       0.000                            0.3662E-08  0.3662E-08   0.000    
  21945600.0   10.00249159   10.0506   0.000       0.000      0.4811E-03  0.3050E-08 -0.1104E-01  0.1056E-01   0.000       0.000       0.000       0.000      -0.3050E-07   0.000       0.000       0.000       0.000       0.000                            0.3050E-08  0.3050E-08   0.000    
  22032000.0   10.00244400   10.0499   0.000       0.000      0.4741E-03  0.2754E-08 -0.1094E-01  0.1047E-01   0.000       0.000       0.000       0.000      -0.2754E-07   0.000       0.000       0.000       0.000       0.000                            0.2754E-08  0.2754E-08   0.000    
  22118400.0   10.00239955   10.0492   0.000       0.000      0.4676E-03  0.2572E-08 -0.1085E-01  0.1038E-01   0.000       0.000       0.000       0.000      -0.2572E-07   0.000       0.000       0.000       0.000       0.000                            0.2572E-08  0.2572E-08   0.000    
  22204800.0   10.00235741   10.0485   0.000       0.000      0.4614E-03  0.2439E-08 -0.1076E-01  0.1029E-01   0.000       0.000       0.000       0.000      -0.2439E-07   0.000       0.000       0.000       0.000       0.000                            0.2439E-08  0.2439E-08   0.000    
  22291200.0   10.00231708   10.0479   0.000       0.000      0.4555E-03  0.2334E-08 -0.1067E-01  0.1021E-01   0.000       0.000       0.000       0.000      -0.2334E-07   0.000       0.000       0.000       0.000       0.000                            0.2334E-08  0.2334E-08   0.000    
  22377600.0   10.00227825   10.0473   0.000       0.000      0.4498E-03  0.2247E-08 -0.1058E-01  0.1013E-01   0.000       0.000       0.000       0.000      -0.2247E-07   0.000       0.000       0.000       0.000       0.000                            0.2247E-08  0.2247E-08   0.000    
  22464000.0   10.00263074   10.0537   0.000       0.000      0.5102E-03 -0.2040E-07 -0.1119E-01  0.1068E-01   0.000       0.000       0.000       0.000       0.2040E-06   0.000       0.000       0.000       0.000       0.000                           -0.2040E-07 -0.2040E-07   0.000    
  22550400.0   10.00243981   10.0505   0.000       0.000      0.4806E-03  0.1105E-07 -0.1084E-01  0.1036E-01   0.000       0.000       0.000       0.000      -0.1105E-06   0.000       0.000       0.000       0.000       0.000                            0.1105E-07  0.1105E-07   0.000    
  22636800.0   10.00242833   10.0504   0.000       0.000      0.4794E-03  0.6643E-09 -0.1081E-01  0.1033E-01   0.000       0.000       0.000       0.000      -0.6643E-08   0.000       0.000       0.000       0.000       0.000                            0.6643E-09  0.6643E-09   0.000    
  22723200.0   10.00355763   10.0689   0.000       0.000      0.6537E-03 -0.6535E-07 -0.1260E-01  0.1195E-01   0.000       0.000       0.000       0.000       0.6535E-06   0.000       0.000       0.000       0.000       0.000                           -0.6535E-07 -0.6535E-07   0.000    
  22809600.0   10.00308689   10.0620   0.000       0.000      0.5890E-03  0.2724E-07 -0.1188E-01  0.1129E-01   0.000       0.000       0.000       0.000      -0.2724E-06   0.000       0.000       0.000       0.000       0.000                            0.2724E-07  0.2724E-07   0.000    
  22896000.0   10.00292203   10.0594   0.000       0.000      0.5643E-03  0.9540E-08 -0.1162E-01  0.1105E-01   0.000       0.000       0.000       0.000      -0.9540E-07   0.000       0.000       0.000       0.000       0.000                            0.9540E-08  0.9540E-08   0.000    
  22982400.0   10.00282276   10.0578   0.000       0.000      0.5498E-03  0.5745E-08 -0.1145E-01  0.1090E-01   0.000       0.000       0.000       0.000      -0.5745E-07   0.000       0.000       0.000       0.000       0.000                            0.5745E-08  0.5745E-08   0.000    
  23068800.0   10.00274539   10.0566   0.000       0.000      0.5384E-03  0.4477E-08 -0.1132E-01  0.1078E-01   0.000       0.000       0.000       0.000      -0.4477E-07   0.000       0.000       0.000       0.000       0.000                            0.4477E-08  0.4477E-08   0.000    
  23155200.0   10.00265934   10.0552   0.000       0.000      0.5255E-03  0.4980E-08 -0.1116E-01  0.1064E-01   0.000       0.000       0.000       0.000      -0.4979E-07   0.000       0.000       0.000       0.000       0.000                            0.4980E-08  0.4980E-08   0.000    
  23241600.0   10.00258175   10.0540   0.000       0.000      0.5137E-03  0.4490E-08 -0.1102E-01  0.1051E-01   0.000       0.000       0.000       0.000      -0.4490E-07   0.000       0.000       0.000       0.000       0.000                            0.4490E-08  0.4490E-08   0.000    
  23328000.0   10.00250634   10.0527   0.000       0.000      0.5020E-03  0.4364E-08 -0.1088E-01  0.1038E-01   0.000       0.000       0.000       0.000      -0.4364E-07   0.000       0.000       0.000       0.000       0.000                            0.4364E-08  0.4364E-08   0.000    
  23414400.0   10.00243920   10.0516   0.000       0.000      0.4916E-03  0.3886E-08 -0.1076E-01  0.1027E-01   0.000       0.000       0.000       0.000      -0.3886E-07   0.000       0.000       0.000       0.000       0.000                            0.3886E-08  0.3886E-08   0.000    
  23500800.0   10.00238302   10.0507   0.000       0.000      0.4829E-03  0.3251E-08 -0.1065E-01  0.1017E-01   0.000       0.000       0.000       0.000      -0.3251E-07   0.000       0.000       0.000       0.000       0.000                            0.3251E-08  0.3251E-08   0.000    
  23587200.0   10.00233091   10.0498   0.000       0.000      0.4747E-03  0.3015E-08 -0.1054E-01  0.1007E-01   0.000       0.000       0.000       0.000      -0.3015E-07   0.000       0.000       0.000       0.000       0.000                            0.3015E-08  0.3015E-08   0.000    
  23673600.0   10.00228017   10.0490   0.000       0.000      0.4668E-03  0.2937E-08 -0.1044E-01  0.9975E-02   0.000       0.000       0.000       0.000      -0.2937E-07   0.000       0.000       0.000       0.000       0.000                            0.2937E-08  0.2937E-08   0.000    
  23760000.0   10.00222898   10.0481   0.000       0.000      0.4586E-03  0.2962E-08 -0.1034E-01  0.9879E-02   0.000       0.000       0.000       0.000      -0.2962E-07   0.000       0.000       0.000       0.000       0.000                            0.2962E-08  0.2962E-08   0.000    
  23846400.0   10.00218197   10.0473   0.000       0.000      0.4511E-03  0.2721E-08 -0.1024E-01  0.9788E-02   0.000       0.000       0.000       0.000      -0.2721E-07   0.000       0.000       0.000       0.000       0.000                            0.2721E-08  0.2721E-08   0.000    
  23932800.0   10.00213945   10.0466   0.000       0.000      0.4444E-03  0.2460E-08 -0.1015E-01  0.9705E-02   0.000       0.000       0.000       0.000      -0.2460E-07   0.000       0.000       0.000       0.000       0.000                            0.2460E-08  0.2460E-08   0.000    
  24019200.0   10.00209921   10.0459   0.000       0.000      0.4380E-03  0.2329E-08 -0.1006E-01  0.9624E-02   0.000       0.000       0.000       0.000      -0.2329E-07   0.000       0.000       0.000       0.000       0.000                            0.2329E-08  0.2329E-08   0.000    
  24105600.0   10.00206060   10.0452   0.000       0.000      0.4318E-03  0.2234E-08 -0.9977E-02  0.9545E-02   0.000       0.000       0.000       0.000      -0.2234E-07   0.000       0.000       0.000       0.000       0.000                            0.2234E-08  0.2234E-08   0.000    
  24192000.0   10.00202282   10.0446   0.000       0.000      0.4258E-03  0.2187E-08 -0.9893E-02  0.9467E-02   0.000       0.000       0.000       0.000      -0.2187E-07   0.000       0.000       0.000       0.000       0.000                            0.2187E-08  0.2187E-08   0.000    
  24278400.0   10.00198600   10.0440   0.000       0.000      0.4198E-03  0.2131E-08 -0.9810E-02  0.9390E-02   0.000       0.000       0.000       0.000      -0.2131E-07   0.000       0.000       0.000       0.000       0.000                            0.2131E-08  0.2131E-08   0.000    
  24364800.0   10.00195092   10.0434   0.000       0.000      0.4141E-03  0.2030E-08 -0.9729E-02  0.9315E-02   0.000       0.000       0.000       0.000      -0.2030E-07   0.000       0.000       0.000       0.000       0.000                            0.2030E-08  0.2030E-08   0.000    
  24451200.0   10.00191756   10.0428   0.000       0.000      0.4087E-03  0.1931E-08 -0.9652E-02  0.9243E-02   0.000       0.000       0.000       0.000      -0.1931E-07   0.000       0.000       0.000       0.000       0.000                            0.1931E-08  0.1931E-08   0.000    
  24537600.0   10.00188554   10.0422   0.000       0.000      0.4035E-03  0.1853E-08 -0.9577E-02  0.9173E-02   0.000       0.000       0.000       0.000      -0.1853E-07   0.000       0.000       0.000       0.000       0.000                            0.1853E-08  0.1853E-08   0.000    
  24624000.0   10.00185466   10.0417   0.000       0.000      0.3985E-03  0.1787E-08 -0.9503E-02  0.9104E-02   0.000       0.000       0.000       0.000      -0.1787E-07   0.000       0.000       0.000       0.000       0.000                            0.1787E-08  0.1787E-08   0.000    
  24710400.0   10.00182469   10.0412   0.000       0.000      0.3937E-03  0.1734E-08 -0.9431E-02  0.9037E-02   0.000       0.000       0.000       0.000      -0.1734E-07   0.000       0.000       0.000       0.000       0.000                            0.1734E-08  0.1734E-08   0.000    
  24796800.0   10.00179558   10.0407   0.000       0.000      0.3889E-03  0.1685E-08 -0.9360E-02  0.8971E-02   0.000       0.000       0.000       0.000      -0.1685E-07   0.000       0.000       0.000       0.000       0.000                            0.1685E-08  0.1685E-08   0.000    
  24883200.0   10.00177180   10.0403   0.000       0.000      0.3852E-03  0.1376E-08 -0.9299E-02  0.8914E-02   0.000       0.000       0.000       0.000      -0.1376E-07   0.000       0.000       0.000       0.000       0.000                            0.1376E-08  0.1376E-08   0.000    
  24969600.0   10.00183402   10.0417   0.000       0.000      0.3983E-03 -0.3601E-08 -0.9414E-02  0.9016E-02   0.000       0.000       0.000       0.000       0.3601E-07   0.000       0.000       0.000       0.000       0.000                           -0.3601E-08 -0.3601E-08   0.000    
  25056000.0   10.00176320   10.0403   0.000       0.000      0.3856E-03  0.4098E-08 -0.9258E-02  0.8872E-02   0.000       0.000       0.000       0.000      -0.4098E-07   0.000       0.000       0.000       0.000       0.000                            0.4098E-08  0.4098E-08   0.000    
  25142400.0   10.00172473   10.0396   0.000       0.000      0.3788E-03  0.2226E-08 -0.9167E-02  0.8789E-02   0.000       0.000       0.000       0.000      -0.2226E-07   0.000       0.000       0.000       0.000       0.000                            0.2226E-08  0.2226E-08   0.000    
  25228800.0   10.00186843   10.0427   0.000       0.000      0.4080E-03 -0.8316E-08 -0.9450E-02  0.9043E-02   0.000       0.000       0.000       0.000       0.8316E-07   0.000       0.000       0.000       0.000       0.000                           -0.8316E-08 -0.8316E-08   0.000    
  25315200.0   10.00177164   10.0408   0.000       0.000      0.3906E-03  0.5602E-08 -0.9242E-02  0.8851E-02   0.000       0.000       0.000       0.000      -0.5602E-07   0.000       0.000       0.000       0.000       0.000                            0.5602E-08  0.5602E-08   0.000    
  25401600.0   10.00182001   10.0419   0.000       0.000      0.4008E-03 -0.2799E-08 -0.9332E-02  0.8931E-02   0.000       0.000       0.000       0.000       0.2799E-07   0.000       0.000       0.000       0.000       0.000                           -0.2799E-08 -0.2799E-08   0.000    
  25488000.0   10.00183346   10.0423   0.000       0.000      0.4047E-03 -0.7784E-09 -0.9349E-02  0.8944E-02   0.000       0.000       0.000       0.000       0.7784E-08   0.000       0.000       0.000       0.000       0.000                           -0.7784E-09 -0.7784E-09   0.000    
  25574400.0   10.00190243   10.0438   0.000       0.000      0.4190E-03 -0.3992E-08 -0.9478E-02  0.9059E-02   0.000       0.000       0.000       0.000       0.3992E-07   0.000       0.000       0.000       0.000       0.000                           -0.3992E-08 -0.3992E-08   0.000    
  25660800.0   10.00181347   10.0421   0.000       0.000      0.4031E-03  0.5149E-08 -0.9290E-02  0.8887E-02   0.000       0.000       0.000       0.000      -0.5148E-07   0.000       0.000       0.000       0.000       0.000                            0.5149E-08  0.5149E-08   0.000    
  25747200.0   10.00198050   10.0456   0.000       0.000      0.4358E-03 -0.9666E-08 -0.9615E-02  0.9179E-02   0.000       0.000       0.000       0.000       0.9666E-07   0.000       0.000       0.000       0.000       0.000                           -0.9666E-08 -0.9666E-08   0.000    
  25833600.0   10.00277556   10.0601   0.000       0.000      0.5735E-03 -0.4601E-07 -0.1102E-01  0.1045E-01   0.000       0.000       0.000       0.000       0.4601E-06   0.000       0.000       0.000       0.000       0.000                           -0.4601E-07 -0.4601E-07   0.000    
  25920000.0   10.00368580   10.0747   0.000       0.000      0.7106E-03 -0.5268E-07 -0.1241E-01  0.1170E-01   0.000       0.000       0.000       0.000       0.5267E-06   0.000       0.000       0.000       0.000       0.000                           -0.5268E-07 -0.5268E-07   0.000    
  26006400.0   10.00446402   10.0861   0.000       0.000      0.8161E-03 -0.4504E-07 -0.1347E-01  0.1266E-01   0.000       0.000       0.000       0.000       0.4503E-06   0.000       0.000       0.000       0.000       0.000                           -0.4504E-07 -0.4504E-07   0.000    
  26092800.0   10.00410321   10.0814   0.000       0.000      0.7727E-03  0.2088E-07 -0.1300E-01  0.1223E-01   0.000       0.000       0.000       0.000      -0.2088E-06   0.000       0.000       0.000       0.000       0.000                            0.2088E-07  0.2088E-07   0.000    
  26179200.0   10.00361794   10.0744   0.000       0.000      0.7081E-03  0.2808E-07 -0.1234E-01  0.1163E-01   0.000       0.000       0.000       0.000      -0.2808E-06   0.000       0.000       0.000       0.000       0.000                            0.2808E-07  0.2808E-07   0.000    
  26265600.0   10.00332366   10.0700   0.000       0.000      0.6666E-03  0.1703E-07 -0.1192E-01  0.1125E-01   0.000       0.000       0.000       0.000      -0.1703E-06   0.000       0.000       0.000       0.000       0.000                            0.1703E-07  0.1703E-07   0.000    
  26352000.0   10.00312087   10.0668   0.000       0.000      0.6371E-03  0.1174E-07 -0.1162E-01  0.1098E-01   0.000       0.000       0.000       0.000      -0.1174E-06   0.000       0.000       0.000       0.000       0.000                            0.1174E-07  0.1174E-07   0.000    
  26438400.0   10.00296593   10.0644   0.000       0.000      0.6139E-03  0.8966E-08 -0.1138E-01  0.1076E-01   0.000       0.000       0.000       0.000      -0.8966E-07   0.000       0.000       0.000       0.000       0.000                            0.8966E-08  0.8966E-08   0.000    
  26524800.0   10.00283697   10.0623   0.000       0.000      0.5942E-03  0.7463E-08 -0.1117E-01  0.1058E-01   0.000       0.000       0.000       0.000      -0.7463E-07   0.000       0.000       0.000       0.000       0.000                            0.7463E-08  0.7463E-08   0.000    
  26611200.0   10.00271728   10.0603   0.000       0.000      0.5754E-03  0.6927E-08 -0.1098E-01  0.1040E-01   0.000       0.000       0.000       0.000      -0.6927E-07   0.000       0.000       0.000       0.000       0.000                            0.6927E-08  0.6927E-08   0.000    
  26697600.0   10.00262068   10.0586   0.000       0.000      0.5601E-03  0.5590E-08 -0.1081E-01  0.1025E-01   0.000       0.000       0.000       0.000      -0.5590E-07   0.000       0.000       0.000       0.000       0.000                            0.5590E-08  0.5590E-08   0.000    
  26784000.0   10.00253424   10.0571   0.000       0.000      0.5461E-03  0.5002E-08 -0.1067E-01  0.1012E-01   0.000       0.000       0.000       0.000      -0.5002E-07   0.000       0.000       0.000       0.000       0.000                            0.5002E-08  0.5002E-08   0.000    
  26870400.0   10.00332559   10.0702   0.000       0.000      0.6686E-03 -0.4580E-07 -0.1194E-01  0.1127E-01   0.000       0.000       0.000       0.000       0.4580E-06   0.000       0.000       0.000       0.000       0.000                           -0.4580E-07 -0.4580E-07   0.000    
  26956800.0   10.00354439   10.0738   0.000       0.000      0.7021E-03 -0.1266E-07 -0.1225E-01  0.1155E-01   0.000       0.000       0.000       0.000       0.1266E-06   0.000       0.000       0.000       0.000       0.000                           -0.1266E-07 -0.1266E-07   0.000    
  27043200.0   10.00375797   10.0770   0.000       0.000      0.7329E-03 -0.1236E-07 -0.1257E-01  0.1183E-01   0.000       0.000       0.000       0.000       0.1236E-06   0.000       0.000       0.000       0.000       0.000                           -0.1236E-07 -0.1236E-07   0.000    
  27129600.0   10.00366628   10.0758   0.000       0.000      0.7215E-03  0.5306E-08 -0.1244E-01  0.1172E-01   0.000       0.000       0.000       0.000      -0.5306E-07   0.000       0.000       0.000       0.000       0.000                            0.5306E-08  0.5306E-08   0.000    
  27216000.0   10.00380194   10.0779   0.000       0.000      0.7407E-03 -0.7851E-08 -0.1264E-01  0.1190E-01   0.000       0.000       0.000       0.000       0.7851E-07   0.000       0.000       0.000       0.000       0.000                           -0.7851E-08 -0.7851E-08   0.000    
  27302400.0   10.00431625   10.0852   0.000       0.000      0.8093E-03 -0.2976E-07 -0.1336E-01  0.1255E-01   0.000       0.000       0.000       0.000       0.2976E-06   0.000       0.000       0.000       0.000       0.000                           -0.2976E-07 -0.2976E-07   0.000    
  27388800.0   10.00538641   10.0994   0.000       0.000      0.9404E-03 -0.6193E-07 -0.1471E-01  0.1377E-01   0.000       0.000       0.000       0.000       0.6193E-06   0.000       0.000       0.000       0.000       0.000                           -0.6193E-07 -0.6193E-07   0.000    
  27475200.0   10.00600007   10.1072   0.000       0.000      0.1012E-02 -0.3551E-07 -0.1543E-01  0.1442E-01   0.000       0.000       0.000       0.000       0.3551E-06   0.000       0.000       0.000       0.000       0.000                           -0.3551E-07 -0.3551E-07   0.000    
  27561600.0   10.00520449   10.0976   0.000       0.000      0.9236E-03  0.4604E-07 -0.1452E-01  0.1360E-01   0.000       0.000       0.000       0.000      -0.4604E-06   0.000       0.000       0.000       0.000       0.000                            0.4604E-07  0.4604E-07   0.000    
  27648000.0   10.00475063   10.0916   0.000       0.000      0.8689E-03  0.2626E-07 -0.1398E-01  0.1311E-01   0.000       0.000       0.000       0.000      -0.2626E-06   0.000       0.000       0.000       0.000       0.000                            0.2626E-07  0.2626E-07   0.000    
  27734400.0   10.00440425   10.0870   0.000       0.000      0.8255E-03  0.2005E-07 -0.1355E-01  0.1273E-01   0.000       0.000       0.000       0.000      -0.2004E-06   0.000       0.000       0.000       0.000       0.000                            0.2005E-07  0.2005E-07   0.000    
  27820800.0   10.00420974   10.0842   0.000       0.000      0.8002E-03  0.1126E-07 -0.1331E-01  0.1251E-01   0.000       0.000       0.000       0.000      -0.1126E-06   0.000       0.000       0.000       0.000       0.000                            0.1126E-07  0.1126E-07   0.000    
  27907200.0   10.00410618   10.0827   0.000       0.000      0.7864E-03  0.5993E-08 -0.1317E-01  0.1239E-01   0.000       0.000       0.000       0.000      -0.5993E-07   0.000       0.000       0.000       0.000       0.000                            0.5993E-08  0.5993E-08   0.000    
  27993600.0   10.00481596   10.0924   0.000       0.000      0.8756E-03 -0.4108E-07 -0.1411E-01  0.1324E-01   0.000       0.000       0.000       0.000       0.4107E-06   0.000       0.000       0.000       0.000       0.000                           -0.4108E-07 -0.4108E-07   0.000    
  28080000.0   10.00554449   10.1018   0.000       0.000      0.9622E-03 -0.4216E-07 -0.1500E-01  0.1404E-01   0.000       0.000       0.000       0.000       0.4216E-06   0.000       0.000       0.000       0.000       0.000                           -0.4216E-07 -0.4216E-07   0.000    
  28166400.0   10.00561771   10.1028   0.000       0.000      0.9718E-03 -0.4238E-08 -0.1510E-01  0.1413E-01   0.000       0.000       0.000       0.000       0.4237E-07   0.000       0.000       0.000       0.000       0.000                           -0.4238E-08 -0.4238E-08   0.000    
  28252800.0   10.00508403   10.0961   0.000       0.000      0.9106E-03  0.3088E-07 -0.1448E-01  0.1357E-01   0.000       0.000       0.000       0.000      -0.3088E-06   0.000       0.000       0.000       0.000       0.000                            0.3088E-07  0.3088E-07   0.000    
  28339200.0   10.00472106   10.0914   0.000       0.000      0.8663E-03  0.2101E-07 -0.1404E-01  0.1318E-01   0.000       0.000       0.000       0.000      -0.2100E-06   0.000       0.000       0.000       0.000       0.000                            0.2101E-07  0.2101E-07   0.000    
  28425600.0   10.00445318   10.0877   0.000       0.000      0.8325E-03  0.1550E-07 -0.1371E-01  0.1288E-01   0.000       0.000       0.000       0.000      -0.1550E-06   0.000       0.000       0.000       0.000       0.000                            0.1550E-07  0.1550E-07   0.000    
  28512000.0   10.00423795   10.0847   0.000       0.000      0.8044E-03  0.1246E-07 -0.1343E-01  0.1263E-01   0.000       0.000       0.000       0.000      -0.1246E-06   0.000       0.000       0.000       0.000       0.000                            0.1246E-07  0.1246E-07   0.000    
  28598400.0   10.00405613   10.0821   0.000       0.000      0.7801E-03  0.1052E-07 -0.1319E-01  0.1241E-01   0.000       0.000       0.000       0.000      -0.1052E-06   0.000       0.000       0.000       0.000       0.000                            0.1052E-07  0.1052E-07   0.000    
  28684800.0   10.00389775   10.0797   0.000       0.000      0.7585E-03  0.9165E-08 -0.1298E-01  0.1222E-01   0.000       0.000       0.000       0.000      -0.9165E-07   0.000       0.000       0.000       0.000       0.000                            0.9165E-08  0.9165E-08   0.000    
  28771200.0   10.00375621   10.0776   0.000       0.000      0.7387E-03  0.8191E-08 -0.1278E-01  0.1204E-01   0.000       0.000       0.000       0.000      -0.8191E-07   0.000       0.000       0.000       0.000       0.000                            0.8191E-08  0.8191E-08   0.000    
  28857600.0   10.00362857   10.0757   0.000       0.000      0.7206E-03  0.7386E-08 -0.1260E-01  0.1188E-01   0.000       0.000       0.000       0.000      -0.7386E-07   0.000       0.000       0.000       0.000       0.000                            0.7386E-08  0.7386E-08   0.000    
  28944000.0   10.00350878   10.0738   0.000       0.000      0.7034E-03  0.6932E-08 -0.1242E-01  0.1172E-01   0.000       0.000       0.000       0.000      -0.6932E-07   0.000       0.000       0.000       0.000       0.000                            0.6932E-08  0.6932E-08   0.000    
  29030400.0   10.00339547   10.0721   0.000       0.000      0.6868E-03  0.6558E-08 -0.1226E-01  0.1157E-01   0.000       0.000       0.000       0.000      -0.6557E-07   0.000       0.000       0.000       0.000       0.000                            0.6558E-08  0.6558E-08   0.000    
  29116800.0   10.00329180   10.0704   0.000       0.000      0.6714E-03  0.6000E-08 -0.1210E-01  0.1143E-01   0.000       0.000       0.000       0.000      -0.5999E-07   0.000       0.000       0.000       0.000       0.000                            0.6000E-08  0.6000E-08   0.000    
  29203200.0   10.00319165   10.0688   0.000       0.000      0.6563E-03  0.5795E-08 -0.1194E-01  0.1129E-01   0.000       0.000       0.000       0.000      -0.5795E-07   0.000       0.000       0.000       0.000       0.000                            0.5795E-08  0.5795E-08   0.000    
  29289600.0   10.00310055   10.0673   0.000       0.000      0.6424E-03  0.5272E-08 -0.1180E-01  0.1116E-01   0.000       0.000       0.000       0.000      -0.5272E-07   0.000       0.000       0.000       0.000       0.000                            0.5272E-08  0.5272E-08   0.000    
  29376000.0   10.00301742   10.0660   0.000       0.000      0.6296E-03  0.4811E-08 -0.1166E-01  0.1103E-01   0.000       0.000       0.000       0.000      -0.4811E-07   0.000       0.000       0.000       0.000       0.000                            0.4811E-08  0.4811E-08   0.000    
  29462400.0   10.00294002   10.0647   0.000       0.000      0.6175E-03  0.4479E-08 -0.1153E-01  0.1092E-01   0.000       0.000       0.000       0.000      -0.4479E-07   0.000       0.000       0.000       0.000       0.000                            0.4479E-08  0.4479E-08   0.000    
  29548800.0   10.00286629   10.0635   0.000       0.000      0.6059E-03  0.4266E-08 -0.1141E-01  0.1080E-01   0.000       0.000       0.000       0.000      -0.4266E-07   0.000       0.000       0.000       0.000       0.000                            0.4266E-08  0.4266E-08   0.000    
  29635200.0   10.00279569   10.0623   0.000       0.000      0.5946E-03  0.4086E-08 -0.1129E-01  0.1069E-01   0.000       0.000       0.000       0.000      -0.4086E-07   0.000       0.000       0.000       0.000       0.000                            0.4086E-08  0.4086E-08   0.000    
  29721600.0   10.00272874   10.0611   0.000       0.000      0.5839E-03  0.3875E-08 -0.1117E-01  0.1059E-01   0.000       0.000       0.000       0.000      -0.3875E-07   0.000       0.000       0.000       0.000       0.000                            0.3875E-08  0.3875E-08   0.000    
  29808000.0   10.00266302   10.0600   0.000       0.000      0.5732E-03  0.3803E-08 -0.1105E-01  0.1048E-01   0.000       0.000       0.000       0.000      -0.3803E-07   0.000       0.000       0.000       0.000       0.000                            0.3803E-08  0.3803E-08   0.000    
  29894400.0   10.00260025   10.0589   0.000       0.000      0.5630E-03  0.3633E-08 -0.1094E-01  0.1038E-01   0.000       0.000       0.000       0.000      -0.3633E-07   0.000       0.000       0.000       0.000       0.000                            0.3633E-08  0.3633E-08   0.000    
  29980800.0   10.00253998   10.0578   0.000       0.000      0.5530E-03  0.3488E-08 -0.1083E-01  0.1028E-01   0.000       0.000       0.000       0.000      -0.3487E-07   0.000       0.000       0.000       0.000       0.000                            0.3488E-08  0.3488E-08   0.000    
  30067200.0   10.00248373   10.0569   0.000       0.000      0.5437E-03  0.3255E-08 -0.1073E-01  0.1018E-01   0.000       0.000       0.000       0.000      -0.3255E-07   0.000       0.000       0.000       0.000       0.000                            0.3255E-08  0.3255E-08   0.000    
  30153600.0   10.00243001   10.0559   0.000       0.000      0.5347E-03  0.3109E-08 -0.1062E-01  0.1009E-01   0.000       0.000       0.000       0.000      -0.3109E-07   0.000       0.000       0.000       0.000       0.000                            0.3109E-08  0.3109E-08   0.000    
  30240000.0   10.00237874   10.0550   0.000       0.000      0.5261E-03  0.2967E-08 -0.1052E-01  0.9997E-02   0.000       0.000       0.000       0.000      -0.2967E-07   0.000       0.000       0.000       0.000       0.000                            0.2967E-08  0.2967E-08   0.000    
  30326400.0   10.00232887   10.0541   0.000       0.000      0.5177E-03  0.2886E-08 -0.1043E-01  0.9908E-02   0.000       0.000       0.000       0.000      -0.2886E-07   0.000       0.000       0.000       0.000       0.000                            0.2886E-08  0.2886E-08   0.000    
  30412800.0   10.00228092   10.0532   0.000       0.000      0.5095E-03  0.2775E-08 -0.1033E-01  0.9820E-02   0.000       0.000       0.000       0.000      -0.2775E-07   0.000       0.000       0.000       0.000       0.000                            0.2775E-08  0.2775E-08   0.000    
  30499200.0   10.00223511   10.0524   0.000       0.000      0.5017E-03  0.2651E-08 -0.1024E-01  0.9735E-02   0.000       0.000       0.000       0.000      -0.2651E-07   0.000       0.000       0.000       0.000       0.000                            0.2651E-08  0.2651E-08   0.000    
  30585600.0   10.00219086   10.0516   0.000       0.000      0.4940E-03  0.2561E-08 -0.1015E-01  0.9651E-02   0.000       0.000       0.000       0.000      -0.2561E-07   0.000       0.000       0.000       0.000       0.000                            0.2561E-08  0.2561E-08   0.000    
  30672000.0   10.00214834   10.0508   0.000       0.000      0.4867E-03  0.2460E-08 -0.1006E-01  0.9570E-02   0.000       0.000       0.000       0.000      -0.2460E-07   0.000       0.000       0.000       0.000       0.000                            0.2460E-08  0.2460E-08   0.000    
  30758400.0   10.00210736   10.0501   0.000       0.000      0.4796E-03  0.2372E-08 -0.9970E-02  0.9490E-02   0.000       0.000       0.000       0.000      -0.2372E-07   0.000       0.000       0.000       0.000       0.000                            0.2372E-08  0.2372E-08   0.000    
  30844800.0   10.00206777   10.0493   0.000       0.000      0.4727E-03  0.2291E-08 -0.9885E-02  0.9412E-02   0.000       0.000       0.000       0.000      -0.2291E-07   0.000       0.000       0.000       0.000       0.000                            0.2291E-08  0.2291E-08   0.000    
  30931200.0   10.00202926   10.0486   0.000       0.000      0.4659E-03  0.2229E-08 -0.9801E-02  0.9335E-02   0.000       0.000       0.000       0.000      -0.2229E-07   0.000       0.000       0.000       0.000       0.000                            0.2229E-08  0.2229E-08   0.000    
  31017600.0   10.00199189   10.0479   0.000       0.000      0.4594E-03  0.2163E-08 -0.9718E-02  0.9259E-02   0.000       0.000       0.000       0.000      -0.2163E-07   0.000       0.000       0.000       0.000       0.000                            0.2163E-08  0.2163E-08   0.000    
  31104000.0   10.00195582   10.0473   0.000       0.000      0.4530E-03  0.2087E-08 -0.9638E-02  0.9185E-02   0.000       0.000       0.000       0.000      -0.2087E-07   0.000       0.000       0.000       0.000       0.000                            0.2087E-08  0.2087E-08   0.000    
  31190400.0   10.00192089   10.0466   0.000       0.000      0.4468E-03  0.2022E-08 -0.9559E-02  0.9112E-02   0.000       0.000       0.000       0.000      -0.2022E-07   0.000       0.000       0.000       0.000       0.000                            0.2022E-08  0.2022E-08   0.000    
  31276800.0   10.00190358   10.0463   0.000       0.000      0.4439E-03  0.1002E-08 -0.9514E-02  0.9070E-02   0.000       0.000       0.000       0.000      -0.1002E-07   0.000       0.000       0.000       0.000       0.000                            0.1002E-08  0.1002E-08   0.000    
  31363200.0   10.00186283   10.0455   0.000       0.000      0.4366E-03  0.2358E-08 -0.9422E-02  0.8985E-02   0.000       0.000       0.000       0.000      -0.2358E-07   0.000       0.000       0.000       0.000       0.000                            0.2358E-08  0.2358E-08   0.000    
  31449600.0   10.00182885   10.0449   0.000       0.000      0.4305E-03  0.1966E-08 -0.9343E-02  0.8913E-02   0.000       0.000       0.000       0.000      -0.1966E-07   0.000       0.000       0.000       0.000       0.000                            0.1966E-08  0.1966E-08   0.000    
  31536000.0   10.00179697   10.0443   0.000       0.000      0.4248E-03  0.1845E-08 -0.9268E-02  0.8843E-02   0.000       0.000       0.000       0.000      -0.1844E-07   0.000       0.000       0.000       0.000       0.000                            0.1845E-08  0.1845E-08   0.000    
  31622400.0   10.00175850   10.0435   0.000       0.000      0.4177E-03  0.2227E-08 -0.9178E-02  0.8761E-02   0.000       0.000       0.000       0.000      -0.2227E-07   0.000       0.000       0.000       0.000       0.000                            0.2227E-08  0.2227E-08   0.000    
