   TOTIM (T)          HCON      HMAT     QDIR      QWELL        QMAT QCADS<->CON       QTUB1       QTUB2       QTUB3       QTUB4       QTUB5       QTUB6       NSTOR        QFIX        QLH     FHLQ (LQ)      CAUCHY CAUCHY (LQ) BREAK-DOWN CADS FLOW  QCADS<->CON    Q_CDSSTO    Q_CDSRCH
     86400.0   10.26803699   10.3896   0.000       0.000      0.1216E-02   0.000     -0.2616E-01  0.2494E-01   0.000       0.000       0.000       0.000        0.000       0.000       0.000       0.000       0.000       0.000                             0.000       0.000       0.000    
    172800.0   10.25985124   10.3774   0.000       0.000      0.1175E-02  0.4737E-06 -0.2569E-01  0.2451E-01   0.000       0.000       0.000       0.000      -0.4023E-05   0.000       0.000       0.000       0.000       0.000                            0.4737E-06  0.4737E-06   0.000    
    259200.0   10.26116211   10.3798   0.000       0.000      0.1186E-02 -0.7586E-07 -0.2578E-01  0.2460E-01   0.000       0.000       0.000       0.000       0.6475E-06   0.000       0.000       0.000       0.000       0.000                           -0.7586E-07 -0.7586E-07   0.000    
    345600.0   10.26103784   10.3796   0.000       0.000      0.1185E-02  0.7191E-08 -0.2577E-01  0.2459E-01   0.000       0.000       0.000       0.000      -0.6133E-07   0.000       0.000       0.000       0.000       0.000                            0.7191E-08  0.7191E-08   0.000    
    432000.0   10.26695468   10.3884   0.000       0.000      0.1215E-02 -0.3424E-06 -0.2611E-01  0.2490E-01   0.000       0.000       0.000       0.000       0.2908E-05   0.000       0.000       0.000       0.000       0.000                           -0.3424E-06 -0.3424E-06   0.000    
    518400.0   10.26968682   10.3922   0.000       0.000      0.1225E-02 -0.1581E-06 -0.2625E-01  0.2503E-01   0.000       0.000       0.000       0.000       0.1334E-05   0.000       0.000       0.000       0.000       0.000                           -0.1581E-06 -0.1581E-06   0.000    
    604800.0   10.26991048   10.3924   0.000       0.000      0.1225E-02 -0.1294E-07 -0.2626E-01  0.2503E-01   0.000       0.000       0.000       0.000       0.1090E-06   0.000       0.000       0.000       0.000       0.000                           -0.1294E-07 -0.1294E-07   0.000    
    691200.0   10.27779478   10.4041   0.000       0.000      0.1263E-02 -0.4563E-06 -0.2671E-01  0.2545E-01   0.000       0.000       0.000       0.000       0.3817E-05   0.000       0.000       0.000       0.000       0.000                           -0.4563E-06 -0.4563E-06   0.000    
    777600.0   10.29898157   10.4353   0.000       0.000      0.1363E-02 -0.1226E-05 -0.2790E-01  0.2655E-01   0.000       0.000       0.000       0.000       0.1001E-04   0.000       0.000       0.000       0.000       0.000                           -0.1226E-05 -0.1226E-05   0.000    
    864000.0   10.32808569   10.4776   0.000       0.000      0.1495E-02 -0.1684E-05 -0.2951E-01  0.2803E-01   0.000       0.000       0.000       0.000       0.1311E-04   0.000       0.000       0.000       0.000       0.000                           -0.1684E-05 -0.1684E-05   0.000    
    950400.0   10.33562810   10.4873   0.000       0.000      0.1517E-02 -0.4365E-06 -0.2988E-01  0.2837E-01   0.000       0.000       0.000       0.000       0.3265E-05   0.000       0.000       0.000       0.000       0.000                           -0.4365E-06 -0.4365E-06   0.000    
   1036800.0   10.36511847   10.5305   0.000       0.000      0.1654E-02 -0.1707E-05 -0.3155E-01  0.2991E-01   0.000       0.000       0.000       0.000       0.1217E-04   0.000       0.000       0.000       0.000       0.000                           -0.1707E-05 -0.1707E-05   0.000    
   1123200.0   10.42108180   10.6111   0.000       0.000      0.1900E-02 -0.3239E-05 -0.3457E-01  0.3269E-01   0.000       0.000       0.000       0.000       0.1994E-04   0.000       0.000       0.000       0.000       0.000                           -0.3239E-05 -0.3239E-05   0.000    
   1209600.0   10.39620146   10.5727   0.000       0.000      0.1765E-02  0.1440E-05 -0.3314E-01  0.3136E-01   0.000       0.000       0.000       0.000      -0.8289E-05   0.000       0.000       0.000       0.000       0.000                            0.1440E-05  0.1440E-05   0.000    
   1296000.0   10.37879626   10.5476   0.000       0.000      0.1688E-02  0.1007E-05 -0.3224E-01  0.3054E-01   0.000       0.000       0.000       0.000      -0.6363E-05   0.000       0.000       0.000       0.000       0.000                            0.1007E-05  0.1007E-05   0.000    
   1382400.0   10.36605684   10.5294   0.000       0.000      0.1633E-02  0.7372E-06 -0.3158E-01  0.2994E-01   0.000       0.000       0.000       0.000      -0.4918E-05   0.000       0.000       0.000       0.000       0.000                            0.7372E-06  0.7372E-06   0.000    
   1468800.0   10.35583252   10.5148   0.000       0.000      0.1589E-02  0.5917E-06 -0.3104E-01  0.2945E-01   0.000       0.000       0.000       0.000      -0.4094E-05   0.000       0.000       0.000       0.000       0.000                            0.5917E-06  0.5917E-06   0.000    
   1555200.0   10.34619142   10.5010   0.000       0.000      0.1548E-02  0.5579E-06 -0.3055E-01  0.2900E-01   0.000       0.000       0.000       0.000      -0.3973E-05   0.000       0.000       0.000       0.000       0.000                            0.5579E-06  0.5579E-06   0.000    
   1641600.0   10.33735460   10.4884   0.000       0.000      0.1510E-02  0.5114E-06 -0.3010E-01  0.2858E-01   0.000       0.000       0.000       0.000      -0.3733E-05   0.000       0.000       0.000       0.000       0.000                            0.5114E-06  0.5114E-06   0.000    
   1728000.0   10.33063148   10.4790   0.000       0.000      0.1483E-02  0.3891E-06 -0.2977E-01  0.2828E-01   0.000       0.000       0.000       0.000      -0.2895E-05   0.000       0.000       0.000       0.000       0.000                            0.3891E-06  0.3891E-06   0.000    
   1814400.0   10.32512102   10.4712   0.000       0.000      0.1461E-02  0.3189E-06 -0.2950E-01  0.2803E-01   0.000       0.000       0.000       0.000      -0.2408E-05   0.000       0.000       0.000       0.000       0.000                            0.3189E-06  0.3189E-06   0.000    
   1900800.0   10.31865751   10.4620   0.000       0.000      0.1434E-02  0.3740E-06 -0.2917E-01  0.2773E-01   0.000       0.000       0.000       0.000      -0.2862E-05   0.000       0.000       0.000       0.000       0.000                            0.3740E-06  0.3740E-06   0.000    
   1987200.0   10.31316208   10.4543   0.000       0.000      0.1411E-02  0.3180E-06 -0.2889E-01  0.2748E-01   0.000       0.000       0.000       0.000      -0.2465E-05   0.000       0.000       0.000       0.000       0.000                            0.3180E-06  0.3180E-06   0.000    
   2073600.0   10.30905452   10.4486   0.000       0.000      0.1395E-02  0.2377E-06 -0.2869E-01  0.2730E-01   0.000       0.000       0.000       0.000      -0.1861E-05   0.000       0.000       0.000       0.000       0.000                            0.2377E-06  0.2377E-06   0.000    
   2160000.0   10.30377725   10.4410   0.000       0.000      0.1373E-02  0.3054E-06 -0.2842E-01  0.2704E-01   0.000       0.000       0.000       0.000      -0.2413E-05   0.000       0.000       0.000       0.000       0.000                            0.3054E-06  0.3054E-06   0.000    
   2246400.0   10.29873366   10.4339   0.000       0.000      0.1352E-02  0.2919E-06 -0.2816E-01  0.2680E-01   0.000       0.000       0.000       0.000      -0.2329E-05   0.000       0.000       0.000       0.000       0.000                            0.2919E-06  0.2919E-06   0.000    
   2332800.0   10.29390525   10.4271   0.000       0.000      0.1332E-02  0.2794E-06 -0.2791E-01  0.2657E-01   0.000       0.000       0.000       0.000      -0.2251E-05   0.000       0.000       0.000       0.000       0.000                            0.2794E-06  0.2794E-06   0.000    
   2419200.0   10.28932824   10.4206   0.000       0.000      0.1312E-02  0.2649E-06 -0.2767E-01  0.2635E-01   0.000       0.000       0.000       0.000      -0.2152E-05   0.000       0.000       0.000       0.000       0.000                            0.2649E-06  0.2649E-06   0.000    
   2505600.0   10.28855757   10.4198   0.000       0.000      0.1312E-02  0.4460E-07 -0.2765E-01  0.2634E-01   0.000       0.000       0.000       0.000      -0.3640E-06   0.000       0.000       0.000       0.000       0.000                            0.4460E-07  0.4460E-07   0.000    
   2592000.0   10.28583995   10.4158   0.000       0.000      0.1300E-02  0.1573E-06 -0.2750E-01  0.2620E-01   0.000       0.000       0.000       0.000      -0.1287E-05   0.000       0.000       0.000       0.000       0.000                            0.1573E-06  0.1573E-06   0.000    
   2678400.0   10.29629360   10.4317   0.000       0.000      0.1354E-02 -0.6050E-06 -0.2812E-01  0.2677E-01   0.000       0.000       0.000       0.000       0.4919E-05   0.000       0.000       0.000       0.000       0.000                           -0.6050E-06 -0.6050E-06   0.000    
   2764800.0   10.33037506   10.4822   0.000       0.000      0.1519E-02 -0.1972E-05 -0.3008E-01  0.2858E-01   0.000       0.000       0.000       0.000       0.1536E-04   0.000       0.000       0.000       0.000       0.000                           -0.1972E-05 -0.1972E-05   0.000    
   2851200.0   10.41015029   10.5984   0.000       0.000      0.1883E-02 -0.4617E-05 -0.3449E-01  0.3264E-01   0.000       0.000       0.000       0.000       0.3086E-04   0.000       0.000       0.000       0.000       0.000                           -0.4617E-05 -0.4617E-05   0.000    
   2937600.0   10.37731803   10.5470   0.000       0.000      0.1696E-02  0.1900E-05 -0.3253E-01  0.3082E-01   0.000       0.000       0.000       0.000      -0.1170E-04   0.000       0.000       0.000       0.000       0.000                            0.1900E-05  0.1900E-05   0.000    
   3024000.0   10.37400403   10.5428   0.000       0.000      0.1688E-02  0.1918E-06 -0.3241E-01  0.3073E-01   0.000       0.000       0.000       0.000      -0.1266E-05   0.000       0.000       0.000       0.000       0.000                            0.1918E-06  0.1918E-06   0.000    
   3110400.0   10.37063736   10.5378   0.000       0.000      0.1672E-02  0.1948E-06 -0.3223E-01  0.3056E-01   0.000       0.000       0.000       0.000      -0.1300E-05   0.000       0.000       0.000       0.000       0.000                            0.1948E-06  0.1948E-06   0.000    
   3196800.0   10.36242091   10.5257   0.000       0.000      0.1633E-02  0.4755E-06 -0.3179E-01  0.3015E-01   0.000       0.000       0.000       0.000      -0.3234E-05   0.000       0.000       0.000       0.000       0.000                            0.4755E-06  0.4755E-06   0.000    
   3283200.0   10.35327814   10.5124   0.000       0.000      0.1591E-02  0.5291E-06 -0.3130E-01  0.2970E-01   0.000       0.000       0.000       0.000      -0.3695E-05   0.000       0.000       0.000       0.000       0.000                            0.5291E-06  0.5291E-06   0.000    
   3369600.0   10.35489421   10.5152   0.000       0.000      0.1603E-02 -0.9352E-07 -0.3143E-01  0.2983E-01   0.000       0.000       0.000       0.000       0.6603E-06   0.000       0.000       0.000       0.000       0.000                           -0.9352E-07 -0.9352E-07   0.000    
   3456000.0   10.36105692   10.5245   0.000       0.000      0.1634E-02 -0.3566E-06 -0.3182E-01  0.3018E-01   0.000       0.000       0.000       0.000       0.2490E-05   0.000       0.000       0.000       0.000       0.000                           -0.3566E-06 -0.3566E-06   0.000    
   3542400.0   10.36982164   10.5373   0.000       0.000      0.1674E-02 -0.5072E-06 -0.3233E-01  0.3066E-01   0.000       0.000       0.000       0.000       0.3462E-05   0.000       0.000       0.000       0.000       0.000                           -0.5072E-06 -0.5072E-06   0.000    
   3628800.0   10.37079176   10.5384   0.000       0.000      0.1676E-02 -0.5614E-07 -0.3239E-01  0.3072E-01   0.000       0.000       0.000       0.000       0.3772E-06   0.000       0.000       0.000       0.000       0.000                           -0.5614E-07 -0.5614E-07   0.000    
   3715200.0   10.36308632   10.5269   0.000       0.000      0.1638E-02  0.4459E-06 -0.3197E-01  0.3033E-01   0.000       0.000       0.000       0.000      -0.3029E-05   0.000       0.000       0.000       0.000       0.000                            0.4459E-06  0.4459E-06   0.000    
   3801600.0   10.36413172   10.5287   0.000       0.000      0.1646E-02 -0.6050E-07 -0.3207E-01  0.3042E-01   0.000       0.000       0.000       0.000       0.4153E-06   0.000       0.000       0.000       0.000       0.000                           -0.6050E-07 -0.6050E-07   0.000    
   3888000.0   10.36902727   10.5360   0.000       0.000      0.1670E-02 -0.2833E-06 -0.3237E-01  0.3070E-01   0.000       0.000       0.000       0.000       0.1927E-05   0.000       0.000       0.000       0.000       0.000                           -0.2833E-06 -0.2833E-06   0.000    
   3974400.0   10.38036049   10.5527   0.000       0.000      0.1723E-02 -0.6559E-06 -0.3303E-01  0.3131E-01   0.000       0.000       0.000       0.000       0.4342E-05   0.000       0.000       0.000       0.000       0.000                           -0.6559E-06 -0.6559E-06   0.000    
   4060800.0   10.38745052   10.5627   0.000       0.000      0.1753E-02 -0.4103E-06 -0.3344E-01  0.3169E-01   0.000       0.000       0.000       0.000       0.2629E-05   0.000       0.000       0.000       0.000       0.000                           -0.4103E-06 -0.4103E-06   0.000    
   4147200.0   10.37829765   10.5489   0.000       0.000      0.1706E-02  0.5297E-06 -0.3293E-01  0.3122E-01   0.000       0.000       0.000       0.000      -0.3406E-05   0.000       0.000       0.000       0.000       0.000                            0.5297E-06  0.5297E-06   0.000    
   4233600.0   10.36858976   10.5348   0.000       0.000      0.1662E-02  0.5618E-06 -0.3242E-01  0.3075E-01   0.000       0.000       0.000       0.000      -0.3735E-05   0.000       0.000       0.000       0.000       0.000                            0.5618E-06  0.5618E-06   0.000    
   4320000.0   10.36215147   10.5256   0.000       0.000      0.1634E-02  0.3726E-06 -0.3208E-01  0.3045E-01   0.000       0.000       0.000       0.000      -0.2543E-05   0.000       0.000       0.000       0.000       0.000                            0.3726E-06  0.3726E-06   0.000    
   4406400.0   10.35582869   10.5165   0.000       0.000      0.1607E-02  0.3659E-06 -0.3176E-01  0.3015E-01   0.000       0.000       0.000       0.000      -0.2547E-05   0.000       0.000       0.000       0.000       0.000                            0.3659E-06  0.3659E-06   0.000    
   4492800.0   10.35149435   10.5104   0.000       0.000      0.1589E-02  0.2508E-06 -0.3154E-01  0.2995E-01   0.000       0.000       0.000       0.000      -0.1773E-05   0.000       0.000       0.000       0.000       0.000                            0.2508E-06  0.2508E-06   0.000    
   4579200.0   10.34550215   10.5017   0.000       0.000      0.1562E-02  0.3468E-06 -0.3123E-01  0.2966E-01   0.000       0.000       0.000       0.000      -0.2487E-05   0.000       0.000       0.000       0.000       0.000                            0.3468E-06  0.3468E-06   0.000    
   4665600.0   10.33942983   10.4930   0.000       0.000      0.1536E-02  0.3514E-06 -0.3091E-01  0.2937E-01   0.000       0.000       0.000       0.000      -0.2560E-05   0.000       0.000       0.000       0.000       0.000                            0.3514E-06  0.3514E-06   0.000    
   4752000.0   10.35326399   10.5140   0.000       0.000      0.1608E-02 -0.8006E-06 -0.3175E-01  0.3015E-01   0.000       0.000       0.000       0.000       0.5773E-05   0.000       0.000       0.000       0.000       0.000                           -0.8006E-06 -0.8006E-06   0.000    
   4838400.0   10.36919608   10.5373   0.000       0.000      0.1681E-02 -0.9220E-06 -0.3266E-01  0.3099E-01   0.000       0.000       0.000       0.000       0.6374E-05   0.000       0.000       0.000       0.000       0.000                           -0.9220E-06 -0.9220E-06   0.000    
   4924800.0   10.38468636   10.5596   0.000       0.000      0.1749E-02 -0.8964E-06 -0.3353E-01  0.3179E-01   0.000       0.000       0.000       0.000       0.5888E-05   0.000       0.000       0.000       0.000       0.000                           -0.8964E-06 -0.8964E-06   0.000    
   5011200.0   10.39153666   10.5690   0.000       0.000      0.1774E-02 -0.3964E-06 -0.3390E-01  0.3213E-01   0.000       0.000       0.000       0.000       0.2499E-05   0.000       0.000       0.000       0.000       0.000                           -0.3964E-06 -0.3964E-06   0.000    
   5097600.0   10.38096819   10.5530   0.000       0.000      0.1720E-02  0.6116E-06 -0.3331E-01  0.3158E-01   0.000       0.000       0.000       0.000      -0.3883E-05   0.000       0.000       0.000       0.000       0.000                            0.6116E-06  0.6116E-06   0.000    
   5184000.0   10.37098759   10.5384   0.000       0.000      0.1674E-02  0.5776E-06 -0.3277E-01  0.3109E-01   0.000       0.000       0.000       0.000      -0.3807E-05   0.000       0.000       0.000       0.000       0.000                            0.5776E-06  0.5776E-06   0.000    
   5270400.0   10.36391666   10.5283   0.000       0.000      0.1644E-02  0.4092E-06 -0.3240E-01  0.3075E-01   0.000       0.000       0.000       0.000      -0.2775E-05   0.000       0.000       0.000       0.000       0.000                            0.4092E-06  0.4092E-06   0.000    
   5356800.0   10.35674511   10.5179   0.000       0.000      0.1611E-02  0.4150E-06 -0.3201E-01  0.3040E-01   0.000       0.000       0.000       0.000      -0.2877E-05   0.000       0.000       0.000       0.000       0.000                            0.4150E-06  0.4150E-06   0.000    
   5443200.0   10.36286525   10.5274   0.000       0.000      0.1645E-02 -0.3542E-06 -0.3240E-01  0.3076E-01   0.000       0.000       0.000       0.000       0.2459E-05   0.000       0.000       0.000       0.000       0.000                           -0.3542E-06 -0.3542E-06   0.000    
   5529600.0   10.36845996   10.5355   0.000       0.000      0.1671E-02 -0.3238E-06 -0.3274E-01  0.3107E-01   0.000       0.000       0.000       0.000       0.2208E-05   0.000       0.000       0.000       0.000       0.000                           -0.3238E-06 -0.3238E-06   0.000    
   5616000.0   10.37349244   10.5428   0.000       0.000      0.1693E-02 -0.2912E-06 -0.3303E-01  0.3134E-01   0.000       0.000       0.000       0.000       0.1953E-05   0.000       0.000       0.000       0.000       0.000                           -0.2912E-06 -0.2912E-06   0.000    
   5702400.0   10.37573608   10.5459   0.000       0.000      0.1701E-02 -0.1298E-06 -0.3317E-01  0.3147E-01   0.000       0.000       0.000       0.000       0.8599E-06   0.000       0.000       0.000       0.000       0.000                           -0.1298E-06 -0.1298E-06   0.000    
   5788800.0   10.37212710   10.5404   0.000       0.000      0.1682E-02  0.2089E-06 -0.3297E-01  0.3129E-01   0.000       0.000       0.000       0.000      -0.1386E-05   0.000       0.000       0.000       0.000       0.000                            0.2089E-06  0.2089E-06   0.000    
   5875200.0   10.37189738   10.5401   0.000       0.000      0.1682E-02  0.1329E-07 -0.3298E-01  0.3130E-01   0.000       0.000       0.000       0.000      -0.8883E-07   0.000       0.000       0.000       0.000       0.000                            0.1329E-07  0.1329E-07   0.000    
   5961600.0   10.36946246   10.5365   0.000       0.000      0.1670E-02  0.1409E-06 -0.3286E-01  0.3119E-01   0.000       0.000       0.000       0.000      -0.9456E-06   0.000       0.000       0.000       0.000       0.000                            0.1409E-06  0.1409E-06   0.000    
   6048000.0   10.36362514   10.5279   0.000       0.000      0.1643E-02  0.3378E-06 -0.3255E-01  0.3090E-01   0.000       0.000       0.000       0.000      -0.2297E-05   0.000       0.000       0.000       0.000       0.000                            0.3378E-06  0.3378E-06   0.000    
   6134400.0   10.35708240   10.5183   0.000       0.000      0.1612E-02  0.3786E-06 -0.3219E-01  0.3058E-01   0.000       0.000       0.000       0.000      -0.2625E-05   0.000       0.000       0.000       0.000       0.000                            0.3786E-06  0.3786E-06   0.000    
   6220800.0   10.35054273   10.5088   0.000       0.000      0.1583E-02  0.3785E-06 -0.3184E-01  0.3026E-01   0.000       0.000       0.000       0.000      -0.2674E-05   0.000       0.000       0.000       0.000       0.000                            0.3785E-06  0.3785E-06   0.000    
   6307200.0   10.34435734   10.4999   0.000       0.000      0.1555E-02  0.3580E-06 -0.3151E-01  0.2995E-01   0.000       0.000       0.000       0.000      -0.2574E-05   0.000       0.000       0.000       0.000       0.000                            0.3580E-06  0.3580E-06   0.000    
   6393600.0   10.33849388   10.4914   0.000       0.000      0.1529E-02  0.3393E-06 -0.3120E-01  0.2966E-01   0.000       0.000       0.000       0.000      -0.2479E-05   0.000       0.000       0.000       0.000       0.000                            0.3393E-06  0.3393E-06   0.000    
   6480000.0   10.33300953   10.4835   0.000       0.000      0.1505E-02  0.3174E-06 -0.3090E-01  0.2939E-01   0.000       0.000       0.000       0.000      -0.2352E-05   0.000       0.000       0.000       0.000       0.000                            0.3174E-06  0.3174E-06   0.000    
   6566400.0   10.32772852   10.4759   0.000       0.000      0.1482E-02  0.3056E-06 -0.3062E-01  0.2913E-01   0.000       0.000       0.000       0.000      -0.2294E-05   0.000       0.000       0.000       0.000       0.000                            0.3056E-06  0.3056E-06   0.000    
   6652800.0   10.32270826   10.4686   0.000       0.000      0.1459E-02  0.2905E-06 -0.3034E-01  0.2888E-01   0.000       0.000       0.000       0.000      -0.2207E-05   0.000       0.000       0.000       0.000       0.000                            0.2905E-06  0.2905E-06   0.000    
   6739200.0   10.31793095   10.4618   0.000       0.000      0.1438E-02  0.2765E-06 -0.3008E-01  0.2864E-01   0.000       0.000       0.000       0.000      -0.2123E-05   0.000       0.000       0.000       0.000       0.000                            0.2765E-06  0.2765E-06   0.000    
   6825600.0   10.31326317   10.4550   0.000       0.000      0.1417E-02  0.2701E-06 -0.2983E-01  0.2841E-01   0.000       0.000       0.000       0.000      -0.2095E-05   0.000       0.000       0.000       0.000       0.000                            0.2701E-06  0.2701E-06   0.000    
   6912000.0   10.30863331   10.4483   0.000       0.000      0.1397E-02  0.2679E-06 -0.2957E-01  0.2817E-01   0.000       0.000       0.000       0.000      -0.2098E-05   0.000       0.000       0.000       0.000       0.000                            0.2679E-06  0.2679E-06   0.000    
   6998400.0   10.30424003   10.4420   0.000       0.000      0.1377E-02  0.2542E-06 -0.2933E-01  0.2795E-01   0.000       0.000       0.000       0.000      -0.2009E-05   0.000       0.000       0.000       0.000       0.000                            0.2542E-06  0.2542E-06   0.000    
   7084800.0   10.30008502   10.4359   0.000       0.000      0.1359E-02  0.2405E-06 -0.2909E-01  0.2773E-01   0.000       0.000       0.000       0.000      -0.1916E-05   0.000       0.000       0.000       0.000       0.000                            0.2405E-06  0.2405E-06   0.000    
   7171200.0   10.29612972   10.4302   0.000       0.000      0.1341E-02  0.2289E-06 -0.2887E-01  0.2753E-01   0.000       0.000       0.000       0.000      -0.1838E-05   0.000       0.000       0.000       0.000       0.000                            0.2289E-06  0.2289E-06   0.000    
   7257600.0   10.29230497   10.4247   0.000       0.000      0.1324E-02  0.2213E-06 -0.2865E-01  0.2733E-01   0.000       0.000       0.000       0.000      -0.1790E-05   0.000       0.000       0.000       0.000       0.000                            0.2213E-06  0.2213E-06   0.000    
   7344000.0   10.28865675   10.4194   0.000       0.000      0.1307E-02  0.2111E-06 -0.2845E-01  0.2714E-01   0.000       0.000       0.000       0.000      -0.1718E-05   0.000       0.000       0.000       0.000       0.000                            0.2111E-06  0.2111E-06   0.000    
   7430400.0   10.28562454   10.4150   0.000       0.000      0.1294E-02  0.1755E-06 -0.2827E-01  0.2698E-01   0.000       0.000       0.000       0.000      -0.1437E-05   0.000       0.000       0.000       0.000       0.000                            0.1755E-06  0.1755E-06   0.000    
   7516800.0   10.28252932   10.4105   0.000       0.000      0.1280E-02  0.1791E-06 -0.2809E-01  0.2681E-01   0.000       0.000       0.000       0.000      -0.1474E-05   0.000       0.000       0.000       0.000       0.000                            0.1791E-06  0.1791E-06   0.000    
   7603200.0   10.27921321   10.4056   0.000       0.000      0.1264E-02  0.1919E-06 -0.2790E-01  0.2663E-01   0.000       0.000       0.000       0.000      -0.1588E-05   0.000       0.000       0.000       0.000       0.000                            0.1919E-06  0.1919E-06   0.000    
   7689600.0   10.27603299   10.4010   0.000       0.000      0.1250E-02  0.1840E-06 -0.2771E-01  0.2646E-01   0.000       0.000       0.000       0.000      -0.1531E-05   0.000       0.000       0.000       0.000       0.000                            0.1840E-06  0.1840E-06   0.000    
   7776000.0   10.27325461   10.3969   0.000       0.000      0.1237E-02  0.1608E-06 -0.2755E-01  0.2631E-01   0.000       0.000       0.000       0.000      -0.1344E-05   0.000       0.000       0.000       0.000       0.000                            0.1608E-06  0.1608E-06   0.000    
   7862400.0   10.27029623   10.3926   0.000       0.000      0.1223E-02  0.1712E-06 -0.2737E-01  0.2615E-01   0.000       0.000       0.000       0.000      -0.1437E-05   0.000       0.000       0.000       0.000       0.000                            0.1712E-06  0.1712E-06   0.000    
   7948800.0   10.26748617   10.3885   0.000       0.000      0.1210E-02  0.1626E-06 -0.2720E-01  0.2599E-01   0.000       0.000       0.000       0.000      -0.1371E-05   0.000       0.000       0.000       0.000       0.000                            0.1626E-06  0.1626E-06   0.000    
   8035200.0   10.26475304   10.3845   0.000       0.000      0.1197E-02  0.1582E-06 -0.2704E-01  0.2584E-01   0.000       0.000       0.000       0.000      -0.1339E-05   0.000       0.000       0.000       0.000       0.000                            0.1582E-06  0.1582E-06   0.000    
   8121600.0   10.26213774   10.3807   0.000       0.000      0.1185E-02  0.1513E-06 -0.2687E-01  0.2569E-01   0.000       0.000       0.000       0.000      -0.1286E-05   0.000       0.000       0.000       0.000       0.000                            0.1513E-06  0.1513E-06   0.000    
   8208000.0   10.25957446   10.3769   0.000       0.000      0.1173E-02  0.1483E-06 -0.2672E-01  0.2554E-01   0.000       0.000       0.000       0.000      -0.1265E-05   0.000       0.000       0.000       0.000       0.000                            0.1483E-06  0.1483E-06   0.000    
   8294400.0   10.25711427   10.3733   0.000       0.000      0.1162E-02  0.1424E-06 -0.2656E-01  0.2540E-01   0.000       0.000       0.000       0.000      -0.1219E-05   0.000       0.000       0.000       0.000       0.000                            0.1424E-06  0.1424E-06   0.000    
   8380800.0   10.28029656   10.4081   0.000       0.000      0.1278E-02 -0.1342E-05 -0.2790E-01  0.2663E-01   0.000       0.000       0.000       0.000       0.1131E-04   0.000       0.000       0.000       0.000       0.000                           -0.1342E-05 -0.1342E-05   0.000    
   8467200.0   10.28075242   10.4075   0.000       0.000      0.1267E-02 -0.2638E-07 -0.2785E-01  0.2658E-01   0.000       0.000       0.000       0.000       0.2184E-06   0.000       0.000       0.000       0.000       0.000                           -0.2638E-07 -0.2638E-07   0.000    
   8553600.0   10.28017031   10.4064   0.000       0.000      0.1262E-02  0.3369E-07 -0.2780E-01  0.2654E-01   0.000       0.000       0.000       0.000      -0.2789E-06   0.000       0.000       0.000       0.000       0.000                            0.3369E-07  0.3369E-07   0.000    
   8640000.0   10.27797815   10.4029   0.000       0.000      0.1250E-02  0.1269E-06 -0.2765E-01  0.2640E-01   0.000       0.000       0.000       0.000      -0.1053E-05   0.000       0.000       0.000       0.000       0.000                            0.1269E-06  0.1269E-06   0.000    
   8726400.0   10.27529715   10.3989   0.000       0.000      0.1236E-02  0.1552E-06 -0.2748E-01  0.2624E-01   0.000       0.000       0.000       0.000      -0.1292E-05   0.000       0.000       0.000       0.000       0.000                            0.1552E-06  0.1552E-06   0.000    
   8812800.0   10.27247955   10.3947   0.000       0.000      0.1222E-02  0.1631E-06 -0.2731E-01  0.2608E-01   0.000       0.000       0.000       0.000      -0.1364E-05   0.000       0.000       0.000       0.000       0.000                            0.1631E-06  0.1631E-06   0.000    
   8899200.0   10.26901058   10.3895   0.000       0.000      0.1205E-02  0.2008E-06 -0.2710E-01  0.2589E-01   0.000       0.000       0.000       0.000      -0.1688E-05   0.000       0.000       0.000       0.000       0.000                            0.2008E-06  0.2008E-06   0.000    
   8985600.0   10.26886240   10.3894   0.000       0.000      0.1206E-02  0.8575E-08 -0.2708E-01  0.2588E-01   0.000       0.000       0.000       0.000      -0.7229E-07   0.000       0.000       0.000       0.000       0.000                            0.8575E-08  0.8575E-08   0.000    
   9072000.0   10.27347868   10.3963   0.000       0.000      0.1228E-02 -0.2671E-06 -0.2734E-01  0.2611E-01   0.000       0.000       0.000       0.000       0.2244E-05   0.000       0.000       0.000       0.000       0.000                           -0.2671E-06 -0.2671E-06   0.000    
   9158400.0   10.27185597   10.3936   0.000       0.000      0.1217E-02  0.9391E-07 -0.2722E-01  0.2600E-01   0.000       0.000       0.000       0.000      -0.7871E-06   0.000       0.000       0.000       0.000       0.000                            0.9391E-07  0.9391E-07   0.000    
   9244800.0   10.28516701   10.4135   0.000       0.000      0.1283E-02 -0.7703E-06 -0.2798E-01  0.2670E-01   0.000       0.000       0.000       0.000       0.6397E-05   0.000       0.000       0.000       0.000       0.000                           -0.7703E-06 -0.7703E-06   0.000    
   9331200.0   10.31589209   10.4586   0.000       0.000      0.1428E-02 -0.1778E-05 -0.2971E-01  0.2830E-01   0.000       0.000       0.000       0.000       0.1420E-04   0.000       0.000       0.000       0.000       0.000                           -0.1778E-05 -0.1778E-05   0.000    
   9417600.0   10.38890354   10.5653   0.000       0.000      0.1764E-02 -0.4225E-05 -0.3378E-01  0.3205E-01   0.000       0.000       0.000       0.000       0.2987E-04   0.000       0.000       0.000       0.000       0.000                           -0.4225E-05 -0.4225E-05   0.000    
   9504000.0   10.43177932   10.6243   0.000       0.000      0.1926E-02 -0.2481E-05 -0.3595E-01  0.3404E-01   0.000       0.000       0.000       0.000       0.1414E-04   0.000       0.000       0.000       0.000       0.000                           -0.2481E-05 -0.2481E-05   0.000    
   9590400.0   10.40203152   10.5793   0.000       0.000      0.1773E-02  0.1722E-05 -0.3428E-01  0.3250E-01   0.000       0.000       0.000       0.000      -0.9488E-05   0.000       0.000       0.000       0.000       0.000                            0.1722E-05  0.1722E-05   0.000    
   9676800.0   10.38084780   10.5486   0.000       0.000      0.1678E-02  0.1226E-05 -0.3315E-01  0.3147E-01   0.000       0.000       0.000       0.000      -0.7623E-05   0.000       0.000       0.000       0.000       0.000                            0.1226E-05  0.1226E-05   0.000    
   9763200.0   10.36450007   10.5250   0.000       0.000      0.1605E-02  0.9460E-06 -0.3226E-01  0.3065E-01   0.000       0.000       0.000       0.000      -0.6306E-05   0.000       0.000       0.000       0.000       0.000                            0.9460E-06  0.9460E-06   0.000    
   9849600.0   10.35170189   10.5066   0.000       0.000      0.1549E-02  0.7406E-06 -0.3157E-01  0.3002E-01   0.000       0.000       0.000       0.000      -0.5168E-05   0.000       0.000       0.000       0.000       0.000                            0.7406E-06  0.7406E-06   0.000    
   9936000.0   10.36156716   10.5219   0.000       0.000      0.1604E-02 -0.5709E-06 -0.3219E-01  0.3059E-01   0.000       0.000       0.000       0.000       0.4001E-05   0.000       0.000       0.000       0.000       0.000                           -0.5709E-06 -0.5709E-06   0.000    
  10022400.0   10.36739807   10.5303   0.000       0.000      0.1629E-02 -0.3374E-06 -0.3253E-01  0.3091E-01   0.000       0.000       0.000       0.000       0.2310E-05   0.000       0.000       0.000       0.000       0.000                           -0.3374E-06 -0.3374E-06   0.000    
  10108800.0   10.36731003   10.5300   0.000       0.000      0.1627E-02  0.5095E-08 -0.3254E-01  0.3091E-01   0.000       0.000       0.000       0.000      -0.3456E-07   0.000       0.000       0.000       0.000       0.000                            0.5095E-08  0.5095E-08   0.000    
  10195200.0   10.37107918   10.5356   0.000       0.000      0.1646E-02 -0.2181E-06 -0.3278E-01  0.3114E-01   0.000       0.000       0.000       0.000       0.1471E-05   0.000       0.000       0.000       0.000       0.000                           -0.2181E-06 -0.2181E-06   0.000    
  10281600.0   10.37182310   10.5366   0.000       0.000      0.1648E-02 -0.4305E-07 -0.3284E-01  0.3119E-01   0.000       0.000       0.000       0.000       0.2882E-06   0.000       0.000       0.000       0.000       0.000                           -0.4305E-07 -0.4305E-07   0.000    
  10368000.0   10.36432036   10.5254   0.000       0.000      0.1611E-02  0.4342E-06 -0.3242E-01  0.3081E-01   0.000       0.000       0.000       0.000      -0.2939E-05   0.000       0.000       0.000       0.000       0.000                            0.4342E-06  0.4342E-06   0.000    
  10454400.0   10.35531729   10.5124   0.000       0.000      0.1571E-02  0.5210E-06 -0.3194E-01  0.3037E-01   0.000       0.000       0.000       0.000      -0.3617E-05   0.000       0.000       0.000       0.000       0.000                            0.5210E-06  0.5210E-06   0.000    
  10540800.0   10.35580172   10.5136   0.000       0.000      0.1578E-02 -0.2803E-07 -0.3201E-01  0.3043E-01   0.000       0.000       0.000       0.000       0.1971E-06   0.000       0.000       0.000       0.000       0.000                           -0.2803E-07 -0.2803E-07   0.000    
  10627200.0   10.35985860   10.5197   0.000       0.000      0.1598E-02 -0.2348E-06 -0.3226E-01  0.3066E-01   0.000       0.000       0.000       0.000       0.1640E-05   0.000       0.000       0.000       0.000       0.000                           -0.2348E-06 -0.2348E-06   0.000    
  10713600.0   10.35943158   10.5190   0.000       0.000      0.1596E-02  0.2471E-07 -0.3225E-01  0.3065E-01   0.000       0.000       0.000       0.000      -0.1717E-06   0.000       0.000       0.000       0.000       0.000                            0.2471E-07  0.2471E-07   0.000    
  10800000.0   10.35464096   10.5119   0.000       0.000      0.1573E-02  0.2772E-06 -0.3199E-01  0.3041E-01   0.000       0.000       0.000       0.000      -0.1941E-05   0.000       0.000       0.000       0.000       0.000                            0.2772E-06  0.2772E-06   0.000    
  10886400.0   10.34801143   10.5023   0.000       0.000      0.1542E-02  0.3837E-06 -0.3163E-01  0.3008E-01   0.000       0.000       0.000       0.000      -0.2730E-05   0.000       0.000       0.000       0.000       0.000                            0.3837E-06  0.3837E-06   0.000    
  10972800.0   10.34079421   10.4919   0.000       0.000      0.1511E-02  0.4177E-06 -0.3124E-01  0.2973E-01   0.000       0.000       0.000       0.000      -0.3028E-05   0.000       0.000       0.000       0.000       0.000                            0.4177E-06  0.4177E-06   0.000    
  11059200.0   10.33300166   10.4806   0.000       0.000      0.1476E-02  0.4510E-06 -0.3081E-01  0.2933E-01   0.000       0.000       0.000       0.000      -0.3332E-05   0.000       0.000       0.000       0.000       0.000                            0.4510E-06  0.4510E-06   0.000    
  11145600.0   10.32577889   10.4702   0.000       0.000      0.1444E-02  0.4180E-06 -0.3042E-01  0.2897E-01   0.000       0.000       0.000       0.000      -0.3145E-05   0.000       0.000       0.000       0.000       0.000                            0.4180E-06  0.4180E-06   0.000    
  11232000.0   10.31927529   10.4609   0.000       0.000      0.1417E-02  0.3764E-06 -0.3007E-01  0.2865E-01   0.000       0.000       0.000       0.000      -0.2876E-05   0.000       0.000       0.000       0.000       0.000                            0.3764E-06  0.3764E-06   0.000    
  11318400.0   10.31339499   10.4525   0.000       0.000      0.1391E-02  0.3403E-06 -0.2975E-01  0.2836E-01   0.000       0.000       0.000       0.000      -0.2635E-05   0.000       0.000       0.000       0.000       0.000                            0.3403E-06  0.3403E-06   0.000    
  11404800.0   10.31840791   10.4605   0.000       0.000      0.1421E-02 -0.2901E-06 -0.3007E-01  0.2865E-01   0.000       0.000       0.000       0.000       0.2249E-05   0.000       0.000       0.000       0.000       0.000                           -0.2901E-06 -0.2901E-06   0.000    
  11491200.0   10.31186477   10.4506   0.000       0.000      0.1387E-02  0.3787E-06 -0.2969E-01  0.2830E-01   0.000       0.000       0.000       0.000      -0.2940E-05   0.000       0.000       0.000       0.000       0.000                            0.3787E-06  0.3787E-06   0.000    
  11577600.0   10.32565891   10.4716   0.000       0.000      0.1460E-02 -0.7983E-06 -0.3051E-01  0.2906E-01   0.000       0.000       0.000       0.000       0.6150E-05   0.000       0.000       0.000       0.000       0.000                           -0.7983E-06 -0.7983E-06   0.000    
  11664000.0   10.35765261   10.5188   0.000       0.000      0.1611E-02 -0.1851E-05 -0.3234E-01  0.3074E-01   0.000       0.000       0.000       0.000       0.1351E-04   0.000       0.000       0.000       0.000       0.000                           -0.1851E-05 -0.1851E-05   0.000    
  11750400.0   10.43152948   10.6258   0.000       0.000      0.1943E-02 -0.4275E-05 -0.3639E-01  0.3447E-01   0.000       0.000       0.000       0.000       0.2609E-04   0.000       0.000       0.000       0.000       0.000                           -0.4275E-05 -0.4275E-05   0.000    
  11836800.0   10.39923737   10.5760   0.000       0.000      0.1768E-02  0.1869E-05 -0.3450E-01  0.3272E-01   0.000       0.000       0.000       0.000      -0.1038E-04   0.000       0.000       0.000       0.000       0.000                            0.1869E-05  0.1869E-05   0.000    
  11923200.0   10.37955231   10.5475   0.000       0.000      0.1680E-02  0.1139E-05 -0.3345E-01  0.3177E-01   0.000       0.000       0.000       0.000      -0.7143E-05   0.000       0.000       0.000       0.000       0.000                            0.1139E-05  0.1139E-05   0.000    
  12009600.0   10.36594700   10.5279   0.000       0.000      0.1620E-02  0.7873E-06 -0.3271E-01  0.3108E-01   0.000       0.000       0.000       0.000      -0.5247E-05   0.000       0.000       0.000       0.000       0.000                            0.7873E-06  0.7873E-06   0.000    
  12096000.0   10.36393817   10.5255   0.000       0.000      0.1616E-02  0.1163E-06 -0.3263E-01  0.3101E-01   0.000       0.000       0.000       0.000      -0.7947E-06   0.000       0.000       0.000       0.000       0.000                            0.1163E-06  0.1163E-06   0.000    
  12182400.0   10.36052744   10.5206   0.000       0.000      0.1600E-02  0.1974E-06 -0.3245E-01  0.3085E-01   0.000       0.000       0.000       0.000      -0.1361E-05   0.000       0.000       0.000       0.000       0.000                            0.1974E-06  0.1974E-06   0.000    
  12268800.0   10.35445084   10.5117   0.000       0.000      0.1573E-02  0.3517E-06 -0.3213E-01  0.3055E-01   0.000       0.000       0.000       0.000      -0.2459E-05   0.000       0.000       0.000       0.000       0.000                            0.3517E-06  0.3517E-06   0.000    
  12355200.0   10.34737957   10.5015   0.000       0.000      0.1541E-02  0.4092E-06 -0.3174E-01  0.3020E-01   0.000       0.000       0.000       0.000      -0.2915E-05   0.000       0.000       0.000       0.000       0.000                            0.4092E-06  0.4092E-06   0.000    
  12441600.0   10.34331231   10.4958   0.000       0.000      0.1525E-02  0.2354E-06 -0.3154E-01  0.3001E-01   0.000       0.000       0.000       0.000      -0.1702E-05   0.000       0.000       0.000       0.000       0.000                            0.2354E-06  0.2354E-06   0.000    
  12528000.0   10.36557221   10.5293   0.000       0.000      0.1637E-02 -0.1288E-05 -0.3285E-01  0.3123E-01   0.000       0.000       0.000       0.000       0.9083E-05   0.000       0.000       0.000       0.000       0.000                           -0.1288E-05 -0.1288E-05   0.000    
  12614400.0   10.38657920   10.5596   0.000       0.000      0.1730E-02 -0.1216E-05 -0.3403E-01  0.3230E-01   0.000       0.000       0.000       0.000       0.8008E-05   0.000       0.000       0.000       0.000       0.000                           -0.1216E-05 -0.1216E-05   0.000    
  12700800.0   10.37737685   10.5451   0.000       0.000      0.1677E-02  0.5325E-06 -0.3347E-01  0.3179E-01   0.000       0.000       0.000       0.000      -0.3436E-05   0.000       0.000       0.000       0.000       0.000                            0.5325E-06  0.5325E-06   0.000    
  12787200.0   10.36808878   10.5315   0.000       0.000      0.1634E-02  0.5375E-06 -0.3297E-01  0.3133E-01   0.000       0.000       0.000       0.000      -0.3582E-05   0.000       0.000       0.000       0.000       0.000                            0.5375E-06  0.5375E-06   0.000    
  12873600.0   10.35869311   10.5178   0.000       0.000      0.1591E-02  0.5437E-06 -0.3245E-01  0.3085E-01   0.000       0.000       0.000       0.000      -0.3734E-05   0.000       0.000       0.000       0.000       0.000                            0.5437E-06  0.5437E-06   0.000    
  12960000.0   10.36213156   10.5233   0.000       0.000      0.1612E-02 -0.1990E-06 -0.3268E-01  0.3107E-01   0.000       0.000       0.000       0.000       0.1379E-05   0.000       0.000       0.000       0.000       0.000                           -0.1990E-06 -0.1990E-06   0.000    
  13046400.0   10.35813364   10.5173   0.000       0.000      0.1592E-02  0.2314E-06 -0.3245E-01  0.3086E-01   0.000       0.000       0.000       0.000      -0.1605E-05   0.000       0.000       0.000       0.000       0.000                            0.2314E-06  0.2314E-06   0.000    
  13132800.0   10.35257986   10.5092   0.000       0.000      0.1566E-02  0.3214E-06 -0.3215E-01  0.3058E-01   0.000       0.000       0.000       0.000      -0.2261E-05   0.000       0.000       0.000       0.000       0.000                            0.3214E-06  0.3214E-06   0.000    
  13219200.0   10.34952542   10.5049   0.000       0.000      0.1554E-02  0.1768E-06 -0.3200E-01  0.3044E-01   0.000       0.000       0.000       0.000      -0.1259E-05   0.000       0.000       0.000       0.000       0.000                            0.1768E-06  0.1768E-06   0.000    
  13305600.0   10.34458422   10.4977   0.000       0.000      0.1531E-02  0.2859E-06 -0.3173E-01  0.3019E-01   0.000       0.000       0.000       0.000      -0.2058E-05   0.000       0.000       0.000       0.000       0.000                            0.2859E-06  0.2859E-06   0.000    
  13392000.0   10.35581571   10.5148   0.000       0.000      0.1589E-02 -0.6500E-06 -0.3240E-01  0.3082E-01   0.000       0.000       0.000       0.000       0.4639E-05   0.000       0.000       0.000       0.000       0.000                           -0.6500E-06 -0.6500E-06   0.000    
  13478400.0   10.36229238   10.5240   0.000       0.000      0.1617E-02 -0.3748E-06 -0.3276E-01  0.3115E-01   0.000       0.000       0.000       0.000       0.2608E-05   0.000       0.000       0.000       0.000       0.000                           -0.3748E-06 -0.3748E-06   0.000    
  13564800.0   10.35869209   10.5183   0.000       0.000      0.1596E-02  0.2083E-06 -0.3255E-01  0.3095E-01   0.000       0.000       0.000       0.000      -0.1444E-05   0.000       0.000       0.000       0.000       0.000                            0.2083E-06  0.2083E-06   0.000    
  13651200.0   10.35392808   10.5113   0.000       0.000      0.1574E-02  0.2757E-06 -0.3229E-01  0.3072E-01   0.000       0.000       0.000       0.000      -0.1934E-05   0.000       0.000       0.000       0.000       0.000                            0.2757E-06  0.2757E-06   0.000    
  13737600.0   10.34833728   10.5031   0.000       0.000      0.1548E-02  0.3235E-06 -0.3198E-01  0.3043E-01   0.000       0.000       0.000       0.000      -0.2303E-05   0.000       0.000       0.000       0.000       0.000                            0.3235E-06  0.3235E-06   0.000    
  13824000.0   10.36941278   10.5348   0.000       0.000      0.1654E-02 -0.1220E-05 -0.3322E-01  0.3158E-01   0.000       0.000       0.000       0.000       0.8490E-05   0.000       0.000       0.000       0.000       0.000                           -0.1220E-05 -0.1220E-05   0.000    
  13910400.0   10.39545189   10.5725   0.000       0.000      0.1770E-02 -0.1507E-05 -0.3467E-01  0.3291E-01   0.000       0.000       0.000       0.000       0.9701E-05   0.000       0.000       0.000       0.000       0.000                           -0.1507E-05 -0.1507E-05   0.000    
  13996800.0   10.38817477   10.5607   0.000       0.000      0.1725E-02  0.4211E-06 -0.3422E-01  0.3249E-01   0.000       0.000       0.000       0.000      -0.2616E-05   0.000       0.000       0.000       0.000       0.000                            0.4211E-06  0.4211E-06   0.000    
  14083200.0   10.37816123   10.5459   0.000       0.000      0.1678E-02  0.5795E-06 -0.3367E-01  0.3199E-01   0.000       0.000       0.000       0.000      -0.3722E-05   0.000       0.000       0.000       0.000       0.000                            0.5795E-06  0.5795E-06   0.000    
  14169600.0   10.38403393   10.5549   0.000       0.000      0.1708E-02 -0.3399E-06 -0.3403E-01  0.3232E-01   0.000       0.000       0.000       0.000       0.2200E-05   0.000       0.000       0.000       0.000       0.000                           -0.3399E-06 -0.3399E-06   0.000    
  14256000.0   10.38776160   10.5602   0.000       0.000      0.1724E-02 -0.2157E-06 -0.3424E-01  0.3251E-01   0.000       0.000       0.000       0.000       0.1372E-05   0.000       0.000       0.000       0.000       0.000                           -0.2157E-06 -0.2157E-06   0.000    
  14342400.0   10.41337543   10.5977   0.000       0.000      0.1843E-02 -0.1482E-05 -0.3568E-01  0.3385E-01   0.000       0.000       0.000       0.000       0.8864E-05   0.000       0.000       0.000       0.000       0.000                           -0.1482E-05 -0.1482E-05   0.000    
  14428800.0   10.48242500   10.6951   0.000       0.000      0.2127E-02 -0.3996E-05 -0.3919E-01  0.3709E-01   0.000       0.000       0.000       0.000       0.1736E-04   0.000       0.000       0.000       0.000       0.000                           -0.3996E-05 -0.3996E-05   0.000    
  14515200.0   10.46213860   10.6651   0.000       0.000      0.2029E-02  0.1174E-05 -0.3814E-01  0.3611E-01   0.000       0.000       0.000       0.000      -0.3831E-05   0.000       0.000       0.000       0.000       0.000                            0.1174E-05  0.1174E-05   0.000    
  14601600.0   10.46464478   10.6686   0.000       0.000      0.2040E-02 -0.1450E-06 -0.3833E-01  0.3629E-01   0.000       0.000       0.000       0.000       0.5447E-06   0.000       0.000       0.000       0.000       0.000                           -0.1450E-06 -0.1450E-06   0.000    
  14688000.0   10.48303879   10.6941   0.000       0.000      0.2110E-02 -0.1064E-05 -0.3922E-01  0.3712E-01   0.000       0.000       0.000       0.000       0.3379E-05   0.000       0.000       0.000       0.000       0.000                           -0.1064E-05 -0.1064E-05   0.000    
  14774400.0   10.48271679   10.6932   0.000       0.000      0.2105E-02  0.1863E-07 -0.3922E-01  0.3711E-01   0.000       0.000       0.000       0.000      -0.4835E-07   0.000       0.000       0.000       0.000       0.000                            0.1863E-07  0.1863E-07   0.000    
  14860800.0   10.46996840   10.6755   0.000       0.000      0.2055E-02  0.7378E-06 -0.3865E-01  0.3659E-01   0.000       0.000       0.000       0.000      -0.2235E-05   0.000       0.000       0.000       0.000       0.000                            0.7378E-06  0.7378E-06   0.000    
  14947200.0   10.45932779   10.6606   0.000       0.000      0.2013E-02  0.6158E-06 -0.3817E-01  0.3616E-01   0.000       0.000       0.000       0.000      -0.2272E-05   0.000       0.000       0.000       0.000       0.000                            0.6158E-06  0.6158E-06   0.000    
  15033600.0   10.44730522   10.6437   0.000       0.000      0.1963E-02  0.6958E-06 -0.3759E-01  0.3563E-01   0.000       0.000       0.000       0.000      -0.2933E-05   0.000       0.000       0.000       0.000       0.000                            0.6958E-06  0.6958E-06   0.000    
  15120000.0   10.43553259   10.6271   0.000       0.000      0.1915E-02  0.6813E-06 -0.3702E-01  0.3510E-01   0.000       0.000       0.000       0.000      -0.3198E-05   0.000       0.000       0.000       0.000       0.000                            0.6813E-06  0.6813E-06   0.000    
  15206400.0   10.42368907   10.6102   0.000       0.000      0.1865E-02  0.6854E-06 -0.3642E-01  0.3456E-01   0.000       0.000       0.000       0.000      -0.3505E-05   0.000       0.000       0.000       0.000       0.000                            0.6854E-06  0.6854E-06   0.000    
  15292800.0   10.41216900   10.5939   0.000       0.000      0.1817E-02  0.6667E-06 -0.3584E-01  0.3402E-01   0.000       0.000       0.000       0.000      -0.3659E-05   0.000       0.000       0.000       0.000       0.000                            0.6667E-06  0.6667E-06   0.000    
  15379200.0   10.43406129   10.6263   0.000       0.000      0.1923E-02 -0.1267E-05 -0.3710E-01  0.3519E-01   0.000       0.000       0.000       0.000       0.6744E-05   0.000       0.000       0.000       0.000       0.000                           -0.1267E-05 -0.1267E-05   0.000    
  15465600.0   10.44108134   10.6360   0.000       0.000      0.1949E-02 -0.4063E-06 -0.3747E-01  0.3552E-01   0.000       0.000       0.000       0.000       0.1965E-05   0.000       0.000       0.000       0.000       0.000                           -0.4063E-06 -0.4063E-06   0.000    
  15552000.0   10.43150040   10.6219   0.000       0.000      0.1904E-02  0.5545E-06 -0.3698E-01  0.3507E-01   0.000       0.000       0.000       0.000      -0.2708E-05   0.000       0.000       0.000       0.000       0.000                            0.5545E-06  0.5545E-06   0.000    
  15638400.0   10.41883374   10.6037   0.000       0.000      0.1849E-02  0.7330E-06 -0.3632E-01  0.3447E-01   0.000       0.000       0.000       0.000      -0.3856E-05   0.000       0.000       0.000       0.000       0.000                            0.7330E-06  0.7330E-06   0.000    
  15724800.0   10.40780549   10.5879   0.000       0.000      0.1801E-02  0.6382E-06 -0.3575E-01  0.3394E-01   0.000       0.000       0.000       0.000      -0.3591E-05   0.000       0.000       0.000       0.000       0.000                            0.6382E-06  0.6382E-06   0.000    
  15811200.0   10.39814501   10.5741   0.000       0.000      0.1760E-02  0.5591E-06 -0.3524E-01  0.3348E-01   0.000       0.000       0.000       0.000      -0.3309E-05   0.000       0.000       0.000       0.000       0.000                            0.5591E-06  0.5591E-06   0.000    
  15897600.0   10.38973600   10.5621   0.000       0.000      0.1724E-02  0.4866E-06 -0.3480E-01  0.3307E-01   0.000       0.000       0.000       0.000      -0.2997E-05   0.000       0.000       0.000       0.000       0.000                            0.4866E-06  0.4866E-06   0.000    
  15984000.0   10.38517427   10.5558   0.000       0.000      0.1706E-02  0.2640E-06 -0.3457E-01  0.3287E-01   0.000       0.000       0.000       0.000      -0.1669E-05   0.000       0.000       0.000       0.000       0.000                            0.2640E-06  0.2640E-06   0.000    
  16070400.0   10.37776799   10.5451   0.000       0.000      0.1673E-02  0.4286E-06 -0.3418E-01  0.3250E-01   0.000       0.000       0.000       0.000      -0.2771E-05   0.000       0.000       0.000       0.000       0.000                            0.4286E-06  0.4286E-06   0.000    
  16156800.0   10.37107338   10.5354   0.000       0.000      0.1644E-02  0.3874E-06 -0.3381E-01  0.3217E-01   0.000       0.000       0.000       0.000      -0.2568E-05   0.000       0.000       0.000       0.000       0.000                            0.3874E-06  0.3874E-06   0.000    
  16243200.0   10.36463063   10.5262   0.000       0.000      0.1616E-02  0.3728E-06 -0.3347E-01  0.3185E-01   0.000       0.000       0.000       0.000      -0.2525E-05   0.000       0.000       0.000       0.000       0.000                            0.3728E-06  0.3728E-06   0.000    
  16329600.0   10.35868311   10.5176   0.000       0.000      0.1590E-02  0.3442E-06 -0.3314E-01  0.3155E-01   0.000       0.000       0.000       0.000      -0.2377E-05   0.000       0.000       0.000       0.000       0.000                            0.3442E-06  0.3442E-06   0.000    
  16416000.0   10.35302933   10.5095   0.000       0.000      0.1565E-02  0.3272E-06 -0.3283E-01  0.3127E-01   0.000       0.000       0.000       0.000      -0.2298E-05   0.000       0.000       0.000       0.000       0.000                            0.3272E-06  0.3272E-06   0.000    
  16502400.0   10.34771897   10.5019   0.000       0.000      0.1542E-02  0.3073E-06 -0.3254E-01  0.3100E-01   0.000       0.000       0.000       0.000      -0.2192E-05   0.000       0.000       0.000       0.000       0.000                            0.3073E-06  0.3073E-06   0.000    
  16588800.0   10.34268106   10.4946   0.000       0.000      0.1519E-02  0.2915E-06 -0.3226E-01  0.3074E-01   0.000       0.000       0.000       0.000      -0.2109E-05   0.000       0.000       0.000       0.000       0.000                            0.2915E-06  0.2915E-06   0.000    
  16675200.0   10.33791143   10.4877   0.000       0.000      0.1498E-02  0.2760E-06 -0.3199E-01  0.3049E-01   0.000       0.000       0.000       0.000      -0.2022E-05   0.000       0.000       0.000       0.000       0.000                            0.2760E-06  0.2760E-06   0.000    
  16761600.0   10.33502612   10.4837   0.000       0.000      0.1486E-02  0.1670E-06 -0.3183E-01  0.3035E-01   0.000       0.000       0.000       0.000      -0.1235E-05   0.000       0.000       0.000       0.000       0.000                            0.1670E-06  0.1670E-06   0.000    
  16848000.0   10.33334313   10.4813   0.000       0.000      0.1480E-02  0.9739E-07 -0.3174E-01  0.3026E-01   0.000       0.000       0.000       0.000      -0.7245E-06   0.000       0.000       0.000       0.000       0.000                            0.9739E-07  0.9739E-07   0.000    
  16934400.0   10.33715749   10.4871   0.000       0.000      0.1500E-02 -0.2207E-06 -0.3197E-01  0.3047E-01   0.000       0.000       0.000       0.000       0.1638E-05   0.000       0.000       0.000       0.000       0.000                           -0.2207E-06 -0.2207E-06   0.000    
  17020800.0   10.33667783   10.4863   0.000       0.000      0.1496E-02  0.2776E-07 -0.3193E-01  0.3044E-01   0.000       0.000       0.000       0.000      -0.2051E-06   0.000       0.000       0.000       0.000       0.000                            0.2776E-07  0.2776E-07   0.000    
  17107200.0   10.33084159   10.4775   0.000       0.000      0.1466E-02  0.3377E-06 -0.3158E-01  0.3011E-01   0.000       0.000       0.000       0.000      -0.2515E-05   0.000       0.000       0.000       0.000       0.000                            0.3377E-06  0.3377E-06   0.000    
  17193600.0   10.32611147   10.4705   0.000       0.000      0.1444E-02  0.2737E-06 -0.3131E-01  0.2986E-01   0.000       0.000       0.000       0.000      -0.2064E-05   0.000       0.000       0.000       0.000       0.000                            0.2737E-06  0.2737E-06   0.000    
  17280000.0   10.32154377   10.4639   0.000       0.000      0.1423E-02  0.2643E-06 -0.3104E-01  0.2961E-01   0.000       0.000       0.000       0.000      -0.2014E-05   0.000       0.000       0.000       0.000       0.000                            0.2643E-06  0.2643E-06   0.000    
  17366400.0   10.31726056   10.4576   0.000       0.000      0.1403E-02  0.2479E-06 -0.3078E-01  0.2938E-01   0.000       0.000       0.000       0.000      -0.1907E-05   0.000       0.000       0.000       0.000       0.000                            0.2479E-06  0.2479E-06   0.000    
  17452800.0   10.31320325   10.4517   0.000       0.000      0.1385E-02  0.2348E-06 -0.3055E-01  0.2916E-01   0.000       0.000       0.000       0.000      -0.1823E-05   0.000       0.000       0.000       0.000       0.000                            0.2348E-06  0.2348E-06   0.000    
  17539200.0   10.30942178   10.4462   0.000       0.000      0.1367E-02  0.2188E-06 -0.3032E-01  0.2895E-01   0.000       0.000       0.000       0.000      -0.1712E-05   0.000       0.000       0.000       0.000       0.000                            0.2188E-06  0.2188E-06   0.000    
  17625600.0   10.30580278   10.4409   0.000       0.000      0.1351E-02  0.2094E-06 -0.3011E-01  0.2876E-01   0.000       0.000       0.000       0.000      -0.1651E-05   0.000       0.000       0.000       0.000       0.000                            0.2094E-06  0.2094E-06   0.000    
  17712000.0   10.30480940   10.4396   0.000       0.000      0.1347E-02  0.5749E-07 -0.3005E-01  0.2870E-01   0.000       0.000       0.000       0.000      -0.4553E-06   0.000       0.000       0.000       0.000       0.000                            0.5749E-07  0.5749E-07   0.000    
  17798400.0   10.30132955   10.4343   0.000       0.000      0.1330E-02  0.2014E-06 -0.2983E-01  0.2850E-01   0.000       0.000       0.000       0.000      -0.1602E-05   0.000       0.000       0.000       0.000       0.000                            0.2014E-06  0.2014E-06   0.000    
  17884800.0   10.29776558   10.4291   0.000       0.000      0.1314E-02  0.2062E-06 -0.2962E-01  0.2830E-01   0.000       0.000       0.000       0.000      -0.1651E-05   0.000       0.000       0.000       0.000       0.000                            0.2062E-06  0.2062E-06   0.000    
  17971200.0   10.29452929   10.4244   0.000       0.000      0.1298E-02  0.1873E-06 -0.2942E-01  0.2812E-01   0.000       0.000       0.000       0.000      -0.1509E-05   0.000       0.000       0.000       0.000       0.000                            0.1873E-06  0.1873E-06   0.000    
  18057600.0   10.29143430   10.4198   0.000       0.000      0.1284E-02  0.1791E-06 -0.2923E-01  0.2794E-01   0.000       0.000       0.000       0.000      -0.1451E-05   0.000       0.000       0.000       0.000       0.000                            0.1791E-06  0.1791E-06   0.000    
  18144000.0   10.28850260   10.4155   0.000       0.000      0.1270E-02  0.1697E-06 -0.2905E-01  0.2777E-01   0.000       0.000       0.000       0.000      -0.1382E-05   0.000       0.000       0.000       0.000       0.000                            0.1697E-06  0.1697E-06   0.000    
  18230400.0   10.28565120   10.4114   0.000       0.000      0.1257E-02  0.1650E-06 -0.2887E-01  0.2761E-01   0.000       0.000       0.000       0.000      -0.1351E-05   0.000       0.000       0.000       0.000       0.000                            0.1650E-06  0.1650E-06   0.000    
  18316800.0   10.28291815   10.4073   0.000       0.000      0.1244E-02  0.1582E-06 -0.2870E-01  0.2745E-01   0.000       0.000       0.000       0.000      -0.1301E-05   0.000       0.000       0.000       0.000       0.000                            0.1582E-06  0.1582E-06   0.000    
  18403200.0   10.28025316   10.4034   0.000       0.000      0.1232E-02  0.1542E-06 -0.2853E-01  0.2730E-01   0.000       0.000       0.000       0.000      -0.1274E-05   0.000       0.000       0.000       0.000       0.000                            0.1542E-06  0.1542E-06   0.000    
  18489600.0   10.27767081   10.3996   0.000       0.000      0.1220E-02  0.1494E-06 -0.2837E-01  0.2715E-01   0.000       0.000       0.000       0.000      -0.1240E-05   0.000       0.000       0.000       0.000       0.000                            0.1494E-06  0.1494E-06   0.000    
  18576000.0   10.27516394   10.3960   0.000       0.000      0.1208E-02  0.1451E-06 -0.2821E-01  0.2700E-01   0.000       0.000       0.000       0.000      -0.1209E-05   0.000       0.000       0.000       0.000       0.000                            0.1451E-06  0.1451E-06   0.000    
  18662400.0   10.27270126   10.3923   0.000       0.000      0.1196E-02  0.1425E-06 -0.2805E-01  0.2685E-01   0.000       0.000       0.000       0.000      -0.1192E-05   0.000       0.000       0.000       0.000       0.000                            0.1425E-06  0.1425E-06   0.000    
  18748800.0   10.27033795   10.3889   0.000       0.000      0.1185E-02  0.1368E-06 -0.2789E-01  0.2671E-01   0.000       0.000       0.000       0.000      -0.1148E-05   0.000       0.000       0.000       0.000       0.000                            0.1368E-06  0.1368E-06   0.000    
  18835200.0   10.27299787   10.3929   0.000       0.000      0.1199E-02 -0.1539E-06 -0.2803E-01  0.2684E-01   0.000       0.000       0.000       0.000       0.1292E-05   0.000       0.000       0.000       0.000       0.000                           -0.1539E-06 -0.1539E-06   0.000    
  18921600.0   10.27069770   10.3893   0.000       0.000      0.1186E-02  0.1331E-06 -0.2787E-01  0.2668E-01   0.000       0.000       0.000       0.000      -0.1117E-05   0.000       0.000       0.000       0.000       0.000                            0.1331E-06  0.1331E-06   0.000    
  19008000.0   10.26752310   10.3845   0.000       0.000      0.1170E-02  0.1837E-06 -0.2767E-01  0.2650E-01   0.000       0.000       0.000       0.000      -0.1548E-05   0.000       0.000       0.000       0.000       0.000                            0.1837E-06  0.1837E-06   0.000    
  19094400.0   10.26478078   10.3805   0.000       0.000      0.1157E-02  0.1587E-06 -0.2749E-01  0.2633E-01   0.000       0.000       0.000       0.000      -0.1343E-05   0.000       0.000       0.000       0.000       0.000                            0.1587E-06  0.1587E-06   0.000    
  19180800.0   10.26228886   10.3769   0.000       0.000      0.1146E-02  0.1442E-06 -0.2733E-01  0.2618E-01   0.000       0.000       0.000       0.000      -0.1226E-05   0.000       0.000       0.000       0.000       0.000                            0.1442E-06  0.1442E-06   0.000    
  19267200.0   10.26005402   10.3736   0.000       0.000      0.1135E-02  0.1293E-06 -0.2718E-01  0.2605E-01   0.000       0.000       0.000       0.000      -0.1103E-05   0.000       0.000       0.000       0.000       0.000                            0.1293E-06  0.1293E-06   0.000    
  19353600.0   10.25777799   10.3702   0.000       0.000      0.1125E-02  0.1317E-06 -0.2703E-01  0.2591E-01   0.000       0.000       0.000       0.000      -0.1127E-05   0.000       0.000       0.000       0.000       0.000                            0.1317E-06  0.1317E-06   0.000    
  19440000.0   10.25559749   10.3670   0.000       0.000      0.1114E-02  0.1262E-06 -0.2689E-01  0.2577E-01   0.000       0.000       0.000       0.000      -0.1083E-05   0.000       0.000       0.000       0.000       0.000                            0.1262E-06  0.1262E-06   0.000    
  19526400.0   10.25346830   10.3639   0.000       0.000      0.1104E-02  0.1232E-06 -0.2675E-01  0.2564E-01   0.000       0.000       0.000       0.000      -0.1061E-05   0.000       0.000       0.000       0.000       0.000                            0.1232E-06  0.1232E-06   0.000    
  19612800.0   10.25142877   10.3609   0.000       0.000      0.1095E-02  0.1180E-06 -0.2661E-01  0.2551E-01   0.000       0.000       0.000       0.000      -0.1019E-05   0.000       0.000       0.000       0.000       0.000                            0.1180E-06  0.1180E-06   0.000    
  19699200.0   10.24941375   10.3580   0.000       0.000      0.1085E-02  0.1166E-06 -0.2647E-01  0.2539E-01   0.000       0.000       0.000       0.000      -0.1009E-05   0.000       0.000       0.000       0.000       0.000                            0.1166E-06  0.1166E-06   0.000    
  19785600.0   10.24746930   10.3551   0.000       0.000      0.1076E-02  0.1125E-06 -0.2634E-01  0.2526E-01   0.000       0.000       0.000       0.000      -0.9765E-06   0.000       0.000       0.000       0.000       0.000                            0.1125E-06  0.1125E-06   0.000    
  19872000.0   10.24554472   10.3523   0.000       0.000      0.1067E-02  0.1114E-06 -0.2621E-01  0.2514E-01   0.000       0.000       0.000       0.000      -0.9690E-06   0.000       0.000       0.000       0.000       0.000                            0.1114E-06  0.1114E-06   0.000    
  19958400.0   10.24844903   10.3567   0.000       0.000      0.1082E-02 -0.1681E-06 -0.2635E-01  0.2527E-01   0.000       0.000       0.000       0.000       0.1461E-05   0.000       0.000       0.000       0.000       0.000                           -0.1681E-06 -0.1681E-06   0.000    
  20044800.0   10.25259316   10.3627   0.000       0.000      0.1101E-02 -0.2398E-06 -0.2656E-01  0.2546E-01   0.000       0.000       0.000       0.000       0.2075E-05   0.000       0.000       0.000       0.000       0.000                           -0.2398E-06 -0.2398E-06   0.000    
  20131200.0   10.24847292   10.3562   0.000       0.000      0.1077E-02  0.2384E-06 -0.2629E-01  0.2521E-01   0.000       0.000       0.000       0.000      -0.2063E-05   0.000       0.000       0.000       0.000       0.000                            0.2384E-06  0.2384E-06   0.000    
  20217600.0   10.24687159   10.3539   0.000       0.000      0.1071E-02  0.9267E-07 -0.2618E-01  0.2511E-01   0.000       0.000       0.000       0.000      -0.8050E-06   0.000       0.000       0.000       0.000       0.000                            0.9267E-07  0.9267E-07   0.000    
  20304000.0   10.24499743   10.3512   0.000       0.000      0.1062E-02  0.1085E-06 -0.2605E-01  0.2498E-01   0.000       0.000       0.000       0.000      -0.9443E-06   0.000       0.000       0.000       0.000       0.000                            0.1085E-06  0.1085E-06   0.000    
  20390400.0   10.24229531   10.3472   0.000       0.000      0.1049E-02  0.1564E-06 -0.2587E-01  0.2482E-01   0.000       0.000       0.000       0.000      -0.1366E-05   0.000       0.000       0.000       0.000       0.000                            0.1564E-06  0.1564E-06   0.000    
  20476800.0   10.23990765   10.3437   0.000       0.000      0.1038E-02  0.1382E-06 -0.2572E-01  0.2468E-01   0.000       0.000       0.000       0.000      -0.1210E-05   0.000       0.000       0.000       0.000       0.000                            0.1382E-06  0.1382E-06   0.000    
  20563200.0   10.23772158   10.3405   0.000       0.000      0.1028E-02  0.1265E-06 -0.2557E-01  0.2454E-01   0.000       0.000       0.000       0.000      -0.1111E-05   0.000       0.000       0.000       0.000       0.000                            0.1265E-06  0.1265E-06   0.000    
  20649600.0   10.23565706   10.3375   0.000       0.000      0.1019E-02  0.1195E-06 -0.2543E-01  0.2441E-01   0.000       0.000       0.000       0.000      -0.1052E-05   0.000       0.000       0.000       0.000       0.000                            0.1195E-06  0.1195E-06   0.000    
  20736000.0   10.23369928   10.3347   0.000       0.000      0.1010E-02  0.1133E-06 -0.2530E-01  0.2429E-01   0.000       0.000       0.000       0.000      -0.1000E-05   0.000       0.000       0.000       0.000       0.000                            0.1133E-06  0.1133E-06   0.000    
  20822400.0   10.23180466   10.3320   0.000       0.000      0.1002E-02  0.1096E-06 -0.2517E-01  0.2417E-01   0.000       0.000       0.000       0.000      -0.9704E-06   0.000       0.000       0.000       0.000       0.000                            0.1096E-06  0.1096E-06   0.000    
  20908800.0   10.22998611   10.3293   0.000       0.000      0.9933E-03  0.1052E-06 -0.2505E-01  0.2405E-01   0.000       0.000       0.000       0.000      -0.9335E-06   0.000       0.000       0.000       0.000       0.000                            0.1052E-06  0.1052E-06   0.000    
  20995200.0   10.22820756   10.3268   0.000       0.000      0.9854E-03  0.1029E-06 -0.2493E-01  0.2394E-01   0.000       0.000       0.000       0.000      -0.9149E-06   0.000       0.000       0.000       0.000       0.000                            0.1029E-06  0.1029E-06   0.000    
  21081600.0   10.22649087   10.3243   0.000       0.000      0.9777E-03  0.9935E-07 -0.2481E-01  0.2383E-01   0.000       0.000       0.000       0.000      -0.8848E-06   0.000       0.000       0.000       0.000       0.000                            0.9935E-07  0.9935E-07   0.000    
  21168000.0   10.22480050   10.3218   0.000       0.000      0.9702E-03  0.9782E-07 -0.2469E-01  0.2372E-01   0.000       0.000       0.000       0.000      -0.8729E-06   0.000       0.000       0.000       0.000       0.000                            0.9782E-07  0.9782E-07   0.000    
  21254400.0   10.22316306   10.3194   0.000       0.000      0.9628E-03  0.9476E-07 -0.2457E-01  0.2361E-01   0.000       0.000       0.000       0.000      -0.8472E-06   0.000       0.000       0.000       0.000       0.000                            0.9476E-07  0.9476E-07   0.000    
  21340800.0   10.22155100   10.3171   0.000       0.000      0.9556E-03  0.9329E-07 -0.2446E-01  0.2350E-01   0.000       0.000       0.000       0.000      -0.8356E-06   0.000       0.000       0.000       0.000       0.000                            0.9329E-07  0.9329E-07   0.000    
  21427200.0   10.21996692   10.3148   0.000       0.000      0.9486E-03  0.9167E-07 -0.2435E-01  0.2340E-01   0.000       0.000       0.000       0.000      -0.8225E-06   0.000       0.000       0.000       0.000       0.000                            0.9167E-07  0.9167E-07   0.000    
  21513600.0   10.21912564   10.3136   0.000       0.000      0.9451E-03  0.4868E-07 -0.2428E-01  0.2333E-01   0.000       0.000       0.000       0.000      -0.4374E-06   0.000       0.000       0.000       0.000       0.000                            0.4868E-07  0.4868E-07   0.000    
  21600000.0   10.22518598   10.3227   0.000       0.000      0.9750E-03 -0.3507E-06 -0.2459E-01  0.2362E-01   0.000       0.000       0.000       0.000       0.3142E-05   0.000       0.000       0.000       0.000       0.000                           -0.3507E-06 -0.3507E-06   0.000    
  21686400.0   10.22178966   10.3173   0.000       0.000      0.9549E-03  0.1965E-06 -0.2436E-01  0.2340E-01   0.000       0.000       0.000       0.000      -0.1758E-05   0.000       0.000       0.000       0.000       0.000                            0.1965E-06  0.1965E-06   0.000    
  21772800.0   10.21918081   10.3135   0.000       0.000      0.9434E-03  0.1510E-06 -0.2419E-01  0.2325E-01   0.000       0.000       0.000       0.000      -0.1355E-05   0.000       0.000       0.000       0.000       0.000                            0.1510E-06  0.1510E-06   0.000    
  21859200.0   10.21704256   10.3104   0.000       0.000      0.9341E-03  0.1237E-06 -0.2405E-01  0.2311E-01   0.000       0.000       0.000       0.000      -0.1113E-05   0.000       0.000       0.000       0.000       0.000                            0.1237E-06  0.1237E-06   0.000    
  21945600.0   10.21513592   10.3077   0.000       0.000      0.9259E-03  0.1103E-06 -0.2392E-01  0.2299E-01   0.000       0.000       0.000       0.000      -0.9950E-06   0.000       0.000       0.000       0.000       0.000                            0.1103E-06  0.1103E-06   0.000    
  22032000.0   10.21338397   10.3052   0.000       0.000      0.9183E-03  0.1014E-06 -0.2380E-01  0.2288E-01   0.000       0.000       0.000       0.000      -0.9161E-06   0.000       0.000       0.000       0.000       0.000                            0.1014E-06  0.1014E-06   0.000    
  22118400.0   10.21172318   10.3028   0.000       0.000      0.9111E-03  0.9611E-07 -0.2369E-01  0.2277E-01   0.000       0.000       0.000       0.000      -0.8699E-06   0.000       0.000       0.000       0.000       0.000                            0.9611E-07  0.9611E-07   0.000    
  22204800.0   10.21012334   10.3006   0.000       0.000      0.9043E-03  0.9258E-07 -0.2357E-01  0.2267E-01   0.000       0.000       0.000       0.000      -0.8394E-06   0.000       0.000       0.000       0.000       0.000                            0.9258E-07  0.9258E-07   0.000    
  22291200.0   10.20858561   10.2983   0.000       0.000      0.8976E-03  0.8899E-07 -0.2347E-01  0.2257E-01   0.000       0.000       0.000       0.000      -0.8081E-06   0.000       0.000       0.000       0.000       0.000                            0.8899E-07  0.8899E-07   0.000    
  22377600.0   10.20708801   10.2962   0.000       0.000      0.8912E-03  0.8667E-07 -0.2336E-01  0.2247E-01   0.000       0.000       0.000       0.000      -0.7882E-06   0.000       0.000       0.000       0.000       0.000                            0.8667E-07  0.8667E-07   0.000    
  22464000.0   10.21423285   10.3069   0.000       0.000      0.9266E-03 -0.4135E-06 -0.2373E-01  0.2281E-01   0.000       0.000       0.000       0.000       0.3750E-05   0.000       0.000       0.000       0.000       0.000                           -0.4135E-06 -0.4135E-06   0.000    
  22550400.0   10.21190358   10.3030   0.000       0.000      0.9113E-03  0.1348E-06 -0.2356E-01  0.2265E-01   0.000       0.000       0.000       0.000      -0.1219E-05   0.000       0.000       0.000       0.000       0.000                            0.1348E-06  0.1348E-06   0.000    
  22636800.0   10.21135833   10.3023   0.000       0.000      0.9095E-03  0.3155E-07 -0.2351E-01  0.2260E-01   0.000       0.000       0.000       0.000      -0.2859E-06   0.000       0.000       0.000       0.000       0.000                            0.3155E-07  0.3155E-07   0.000    
  22723200.0   10.23382464   10.3357   0.000       0.000      0.1018E-02 -0.1300E-05 -0.2474E-01  0.2373E-01   0.000       0.000       0.000       0.000       0.1164E-04   0.000       0.000       0.000       0.000       0.000                           -0.1300E-05 -0.1300E-05   0.000    
  22809600.0   10.23104509   10.3303   0.000       0.000      0.9926E-03  0.1609E-06 -0.2451E-01  0.2351E-01   0.000       0.000       0.000       0.000      -0.1424E-05   0.000       0.000       0.000       0.000       0.000                            0.1609E-06  0.1609E-06   0.000    
  22896000.0   10.22839492   10.3264   0.000       0.000      0.9799E-03  0.1534E-06 -0.2434E-01  0.2336E-01   0.000       0.000       0.000       0.000      -0.1362E-05   0.000       0.000       0.000       0.000       0.000                            0.1534E-06  0.1534E-06   0.000    
  22982400.0   10.22610912   10.3231   0.000       0.000      0.9697E-03  0.1323E-06 -0.2419E-01  0.2322E-01   0.000       0.000       0.000       0.000      -0.1178E-05   0.000       0.000       0.000       0.000       0.000                            0.1323E-06  0.1323E-06   0.000    
  23068800.0   10.22398591   10.3200   0.000       0.000      0.9605E-03  0.1229E-06 -0.2406E-01  0.2310E-01   0.000       0.000       0.000       0.000      -0.1097E-05   0.000       0.000       0.000       0.000       0.000                            0.1229E-06  0.1229E-06   0.000    
  23155200.0   10.22157214   10.3166   0.000       0.000      0.9501E-03  0.1397E-06 -0.2391E-01  0.2296E-01   0.000       0.000       0.000       0.000      -0.1251E-05   0.000       0.000       0.000       0.000       0.000                            0.1397E-06  0.1397E-06   0.000    
  23241600.0   10.21914620   10.3131   0.000       0.000      0.9399E-03  0.1404E-06 -0.2376E-01  0.2282E-01   0.000       0.000       0.000       0.000      -0.1260E-05   0.000       0.000       0.000       0.000       0.000                            0.1404E-06  0.1404E-06   0.000    
  23328000.0   10.21665741   10.3096   0.000       0.000      0.9296E-03  0.1440E-06 -0.2361E-01  0.2268E-01   0.000       0.000       0.000       0.000      -0.1296E-05   0.000       0.000       0.000       0.000       0.000                            0.1440E-06  0.1440E-06   0.000    
  23414400.0   10.21427373   10.3063   0.000       0.000      0.9199E-03  0.1379E-06 -0.2347E-01  0.2254E-01   0.000       0.000       0.000       0.000      -0.1245E-05   0.000       0.000       0.000       0.000       0.000                            0.1379E-06  0.1379E-06   0.000    
  23500800.0   10.21210413   10.3032   0.000       0.000      0.9111E-03  0.1256E-06 -0.2333E-01  0.2242E-01   0.000       0.000       0.000       0.000      -0.1136E-05   0.000       0.000       0.000       0.000       0.000                            0.1256E-06  0.1256E-06   0.000    
  23587200.0   10.21004891   10.3003   0.000       0.000      0.9029E-03  0.1189E-06 -0.2321E-01  0.2230E-01   0.000       0.000       0.000       0.000      -0.1078E-05   0.000       0.000       0.000       0.000       0.000                            0.1189E-06  0.1189E-06   0.000    
  23673600.0   10.20803555   10.2975   0.000       0.000      0.8949E-03  0.1165E-06 -0.2308E-01  0.2218E-01   0.000       0.000       0.000       0.000      -0.1058E-05   0.000       0.000       0.000       0.000       0.000                            0.1165E-06  0.1165E-06   0.000    
  23760000.0   10.20601597   10.2947   0.000       0.000      0.8868E-03  0.1169E-06 -0.2295E-01  0.2207E-01   0.000       0.000       0.000       0.000      -0.1064E-05   0.000       0.000       0.000       0.000       0.000                            0.1169E-06  0.1169E-06   0.000    
  23846400.0   10.20408043   10.2920   0.000       0.000      0.8791E-03  0.1120E-06 -0.2283E-01  0.2195E-01   0.000       0.000       0.000       0.000      -0.1022E-05   0.000       0.000       0.000       0.000       0.000                            0.1120E-06  0.1120E-06   0.000    
  23932800.0   10.20225836   10.2894   0.000       0.000      0.8718E-03  0.1054E-06 -0.2272E-01  0.2184E-01   0.000       0.000       0.000       0.000      -0.9635E-06   0.000       0.000       0.000       0.000       0.000                            0.1054E-06  0.1054E-06   0.000    
  24019200.0   10.20051325   10.2870   0.000       0.000      0.8649E-03  0.1010E-06 -0.2260E-01  0.2174E-01   0.000       0.000       0.000       0.000      -0.9244E-06   0.000       0.000       0.000       0.000       0.000                            0.1010E-06  0.1010E-06   0.000    
  24105600.0   10.19882444   10.2846   0.000       0.000      0.8583E-03  0.9773E-07 -0.2249E-01  0.2163E-01   0.000       0.000       0.000       0.000      -0.8960E-06   0.000       0.000       0.000       0.000       0.000                            0.9773E-07  0.9773E-07   0.000    
  24192000.0   10.19717124   10.2823   0.000       0.000      0.8517E-03  0.9567E-07 -0.2239E-01  0.2153E-01   0.000       0.000       0.000       0.000      -0.8785E-06   0.000       0.000       0.000       0.000       0.000                            0.9567E-07  0.9567E-07   0.000    
  24278400.0   10.19555343   10.2801   0.000       0.000      0.8453E-03  0.9362E-07 -0.2228E-01  0.2143E-01   0.000       0.000       0.000       0.000      -0.8610E-06   0.000       0.000       0.000       0.000       0.000                            0.9362E-07  0.9362E-07   0.000    
  24364800.0   10.19398514   10.2779   0.000       0.000      0.8390E-03  0.9076E-07 -0.2217E-01  0.2133E-01   0.000       0.000       0.000       0.000      -0.8359E-06   0.000       0.000       0.000       0.000       0.000                            0.9076E-07  0.9076E-07   0.000    
  24451200.0   10.19246998   10.2758   0.000       0.000      0.8330E-03  0.8768E-07 -0.2207E-01  0.2124E-01   0.000       0.000       0.000       0.000      -0.8087E-06   0.000       0.000       0.000       0.000       0.000                            0.8768E-07  0.8768E-07   0.000    
  24537600.0   10.19100120   10.2737   0.000       0.000      0.8272E-03  0.8500E-07 -0.2197E-01  0.2114E-01   0.000       0.000       0.000       0.000      -0.7850E-06   0.000       0.000       0.000       0.000       0.000                            0.8500E-07  0.8500E-07   0.000    
  24624000.0   10.18957338   10.2717   0.000       0.000      0.8215E-03  0.8263E-07 -0.2187E-01  0.2105E-01   0.000       0.000       0.000       0.000      -0.7641E-06   0.000       0.000       0.000       0.000       0.000                            0.8263E-07  0.8263E-07   0.000    
  24710400.0   10.18817747   10.2698   0.000       0.000      0.8160E-03  0.8078E-07 -0.2178E-01  0.2096E-01   0.000       0.000       0.000       0.000      -0.7480E-06   0.000       0.000       0.000       0.000       0.000                            0.8078E-07  0.8078E-07   0.000    
  24796800.0   10.18681752   10.2679   0.000       0.000      0.8106E-03  0.7870E-07 -0.2168E-01  0.2087E-01   0.000       0.000       0.000       0.000      -0.7296E-06   0.000       0.000       0.000       0.000       0.000                            0.7870E-07  0.7870E-07   0.000    
  24883200.0   10.18560531   10.2662   0.000       0.000      0.8059E-03  0.7015E-07 -0.2160E-01  0.2079E-01   0.000       0.000       0.000       0.000      -0.6510E-06   0.000       0.000       0.000       0.000       0.000                            0.7015E-07  0.7015E-07   0.000    
  24969600.0   10.18665630   10.2678   0.000       0.000      0.8118E-03 -0.6082E-07 -0.2163E-01  0.2082E-01   0.000       0.000       0.000       0.000       0.5645E-06   0.000       0.000       0.000       0.000       0.000                           -0.6082E-07 -0.6082E-07   0.000    
  25056000.0   10.18493286   10.2653   0.000       0.000      0.8033E-03  0.9974E-07 -0.2151E-01  0.2071E-01   0.000       0.000       0.000       0.000      -0.9259E-06   0.000       0.000       0.000       0.000       0.000                            0.9974E-07  0.9974E-07   0.000    
  25142400.0   10.18338729   10.2631   0.000       0.000      0.7970E-03  0.8944E-07 -0.2141E-01  0.2061E-01   0.000       0.000       0.000       0.000      -0.8316E-06   0.000       0.000       0.000       0.000       0.000                            0.8944E-07  0.8944E-07   0.000    
  25228800.0   10.18650121   10.2678   0.000       0.000      0.8129E-03 -0.1802E-06 -0.2156E-01  0.2074E-01   0.000       0.000       0.000       0.000       0.1674E-05   0.000       0.000       0.000       0.000       0.000                           -0.1802E-06 -0.1802E-06   0.000    
  25315200.0   10.18471762   10.2650   0.000       0.000      0.8029E-03  0.1032E-06 -0.2143E-01  0.2062E-01   0.000       0.000       0.000       0.000      -0.9584E-06   0.000       0.000       0.000       0.000       0.000                            0.1032E-06  0.1032E-06   0.000    
  25401600.0   10.18555004   10.2663   0.000       0.000      0.8079E-03 -0.4817E-07 -0.2145E-01  0.2065E-01   0.000       0.000       0.000       0.000       0.4475E-06   0.000       0.000       0.000       0.000       0.000                           -0.4817E-07 -0.4817E-07   0.000    
  25488000.0   10.18603387   10.2670   0.000       0.000      0.8099E-03 -0.2800E-07 -0.2145E-01  0.2064E-01   0.000       0.000       0.000       0.000       0.2599E-06   0.000       0.000       0.000       0.000       0.000                           -0.2800E-07 -0.2800E-07   0.000    
  25574400.0   10.18791254   10.2698   0.000       0.000      0.8187E-03 -0.1087E-06 -0.2153E-01  0.2071E-01   0.000       0.000       0.000       0.000       0.1008E-05   0.000       0.000       0.000       0.000       0.000                           -0.1087E-06 -0.1087E-06   0.000    
  25660800.0   10.18619802   10.2672   0.000       0.000      0.8096E-03  0.9922E-07 -0.2141E-01  0.2060E-01   0.000       0.000       0.000       0.000      -0.9201E-06   0.000       0.000       0.000       0.000       0.000                            0.9922E-07  0.9922E-07   0.000    
  25747200.0   10.19001503   10.2729   0.000       0.000      0.8287E-03 -0.2209E-06 -0.2160E-01  0.2077E-01   0.000       0.000       0.000       0.000       0.2047E-05   0.000       0.000       0.000       0.000       0.000                           -0.2209E-06 -0.2209E-06   0.000    
  25833600.0   10.20895526   10.3006   0.000       0.000      0.9169E-03 -0.1096E-05 -0.2260E-01  0.2170E-01   0.000       0.000       0.000       0.000       0.1005E-04   0.000       0.000       0.000       0.000       0.000                           -0.1096E-05 -0.1096E-05   0.000    
  25920000.0   10.23208090   10.3338   0.000       0.000      0.1017E-02 -0.1338E-05 -0.2381E-01  0.2280E-01   0.000       0.000       0.000       0.000       0.1201E-04   0.000       0.000       0.000       0.000       0.000                           -0.1338E-05 -0.1338E-05   0.000    
  26006400.0   10.25309312   10.3636   0.000       0.000      0.1105E-02 -0.1216E-05 -0.2491E-01  0.2381E-01   0.000       0.000       0.000       0.000       0.1063E-04   0.000       0.000       0.000       0.000       0.000                           -0.1216E-05 -0.1216E-05   0.000    
  26092800.0   10.25464313   10.3647   0.000       0.000      0.1101E-02 -0.8970E-07 -0.2494E-01  0.2384E-01   0.000       0.000       0.000       0.000       0.7728E-06   0.000       0.000       0.000       0.000       0.000                           -0.8970E-07 -0.8970E-07   0.000    
  26179200.0   10.24867106   10.3556   0.000       0.000      0.1070E-02  0.3456E-06 -0.2459E-01  0.2352E-01   0.000       0.000       0.000       0.000      -0.2986E-05   0.000       0.000       0.000       0.000       0.000                            0.3456E-06  0.3456E-06   0.000    
  26265600.0   10.24274035   10.3471   0.000       0.000      0.1044E-02  0.3432E-06 -0.2426E-01  0.2322E-01   0.000       0.000       0.000       0.000      -0.2989E-05   0.000       0.000       0.000       0.000       0.000                            0.3432E-06  0.3432E-06   0.000    
  26352000.0   10.23751398   10.3397   0.000       0.000      0.1022E-02  0.3025E-06 -0.2398E-01  0.2296E-01   0.000       0.000       0.000       0.000      -0.2653E-05   0.000       0.000       0.000       0.000       0.000                            0.3025E-06  0.3025E-06   0.000    
  26438400.0   10.23289485   10.3333   0.000       0.000      0.1004E-02  0.2673E-06 -0.2374E-01  0.2273E-01   0.000       0.000       0.000       0.000      -0.2359E-05   0.000       0.000       0.000       0.000       0.000                            0.2673E-06  0.2673E-06   0.000    
  26524800.0   10.22869066   10.3274   0.000       0.000      0.9874E-03  0.2433E-06 -0.2352E-01  0.2253E-01   0.000       0.000       0.000       0.000      -0.2158E-05   0.000       0.000       0.000       0.000       0.000                            0.2433E-06  0.2433E-06   0.000    
  26611200.0   10.22463136   10.3218   0.000       0.000      0.9716E-03  0.2349E-06 -0.2331E-01  0.2233E-01   0.000       0.000       0.000       0.000      -0.2094E-05   0.000       0.000       0.000       0.000       0.000                            0.2349E-06  0.2349E-06   0.000    
  26697600.0   10.22099231   10.3168   0.000       0.000      0.9578E-03  0.2106E-06 -0.2312E-01  0.2216E-01   0.000       0.000       0.000       0.000      -0.1885E-05   0.000       0.000       0.000       0.000       0.000                            0.2106E-06  0.2106E-06   0.000    
  26784000.0   10.21760937   10.3121   0.000       0.000      0.9451E-03  0.1958E-06 -0.2294E-01  0.2199E-01   0.000       0.000       0.000       0.000      -0.1759E-05   0.000       0.000       0.000       0.000       0.000                            0.1958E-06  0.1958E-06   0.000    
  26870400.0   10.23213678   10.3340   0.000       0.000      0.1019E-02 -0.8407E-06 -0.2376E-01  0.2275E-01   0.000       0.000       0.000       0.000       0.7508E-05   0.000       0.000       0.000       0.000       0.000                           -0.8407E-06 -0.8407E-06   0.000    
  26956800.0   10.23968421   10.3446   0.000       0.000      0.1049E-02 -0.4368E-06 -0.2414E-01  0.2310E-01   0.000       0.000       0.000       0.000       0.3851E-05   0.000       0.000       0.000       0.000       0.000                           -0.4368E-06 -0.4368E-06   0.000    
  27043200.0   10.24618180   10.3539   0.000       0.000      0.1077E-02 -0.3760E-06 -0.2449E-01  0.2341E-01   0.000       0.000       0.000       0.000       0.3286E-05   0.000       0.000       0.000       0.000       0.000                           -0.3760E-06 -0.3760E-06   0.000    
  27129600.0   10.24690524   10.3546   0.000       0.000      0.1077E-02 -0.4187E-07 -0.2451E-01  0.2344E-01   0.000       0.000       0.000       0.000       0.3642E-06   0.000       0.000       0.000       0.000       0.000                           -0.4187E-07 -0.4187E-07   0.000    
  27216000.0   10.25016137   10.3595   0.000       0.000      0.1093E-02 -0.1884E-06 -0.2469E-01  0.2360E-01   0.000       0.000       0.000       0.000       0.1635E-05   0.000       0.000       0.000       0.000       0.000                           -0.1884E-06 -0.1884E-06   0.000    
  27302400.0   10.26018391   10.3743   0.000       0.000      0.1141E-02 -0.5800E-06 -0.2525E-01  0.2411E-01   0.000       0.000       0.000       0.000       0.4988E-05   0.000       0.000       0.000       0.000       0.000                           -0.5800E-06 -0.5800E-06   0.000    
  27388800.0   10.28012662   10.4035   0.000       0.000      0.1234E-02 -0.1154E-05 -0.2635E-01  0.2513E-01   0.000       0.000       0.000       0.000       0.9710E-05   0.000       0.000       0.000       0.000       0.000                           -0.1154E-05 -0.1154E-05   0.000    
  27475200.0   10.29516012   10.4249   0.000       0.000      0.1297E-02 -0.8700E-06 -0.2716E-01  0.2587E-01   0.000       0.000       0.000       0.000       0.7116E-05   0.000       0.000       0.000       0.000       0.000                           -0.8700E-06 -0.8700E-06   0.000    
  27561600.0   10.28890653   10.4148   0.000       0.000      0.1259E-02  0.3619E-06 -0.2678E-01  0.2552E-01   0.000       0.000       0.000       0.000      -0.2937E-05   0.000       0.000       0.000       0.000       0.000                            0.3619E-06  0.3619E-06   0.000    
  27648000.0   10.28180327   10.4045   0.000       0.000      0.1227E-02  0.4111E-06 -0.2640E-01  0.2517E-01   0.000       0.000       0.000       0.000      -0.3375E-05   0.000       0.000       0.000       0.000       0.000                            0.4111E-06  0.4111E-06   0.000    
  27734400.0   10.27469555   10.3944   0.000       0.000      0.1197E-02  0.4113E-06 -0.2602E-01  0.2482E-01   0.000       0.000       0.000       0.000      -0.3417E-05   0.000       0.000       0.000       0.000       0.000                            0.4113E-06  0.4113E-06   0.000    
  27820800.0   10.26939088   10.3870   0.000       0.000      0.1176E-02  0.3070E-06 -0.2575E-01  0.2457E-01   0.000       0.000       0.000       0.000      -0.2576E-05   0.000       0.000       0.000       0.000       0.000                            0.3070E-06  0.3070E-06   0.000    
  27907200.0   10.26573391   10.3820   0.000       0.000      0.1163E-02  0.2116E-06 -0.2557E-01  0.2441E-01   0.000       0.000       0.000       0.000      -0.1788E-05   0.000       0.000       0.000       0.000       0.000                            0.2116E-06  0.2116E-06   0.000    
  27993600.0   10.27579245   10.3974   0.000       0.000      0.1216E-02 -0.5821E-06 -0.2617E-01  0.2496E-01   0.000       0.000       0.000       0.000       0.4893E-05   0.000       0.000       0.000       0.000       0.000                           -0.5821E-06 -0.5821E-06   0.000    
  28080000.0   10.28903869   10.4168   0.000       0.000      0.1278E-02 -0.7666E-06 -0.2692E-01  0.2565E-01   0.000       0.000       0.000       0.000       0.6325E-05   0.000       0.000       0.000       0.000       0.000                           -0.7666E-06 -0.7666E-06   0.000    
  28166400.0   10.29389479   10.4236   0.000       0.000      0.1297E-02 -0.2810E-06 -0.2719E-01  0.2589E-01   0.000       0.000       0.000       0.000       0.2283E-05   0.000       0.000       0.000       0.000       0.000                           -0.2810E-06 -0.2810E-06   0.000    
  28252800.0   10.28799505   10.4146   0.000       0.000      0.1266E-02  0.3414E-06 -0.2685E-01  0.2558E-01   0.000       0.000       0.000       0.000      -0.2777E-05   0.000       0.000       0.000       0.000       0.000                            0.3414E-06  0.3414E-06   0.000    
  28339200.0   10.28137967   10.4051   0.000       0.000      0.1237E-02  0.3828E-06 -0.2650E-01  0.2526E-01   0.000       0.000       0.000       0.000      -0.3147E-05   0.000       0.000       0.000       0.000       0.000                            0.3828E-06  0.3828E-06   0.000    
  28425600.0   10.27519495   10.3963   0.000       0.000      0.1211E-02  0.3579E-06 -0.2618E-01  0.2496E-01   0.000       0.000       0.000       0.000      -0.2973E-05   0.000       0.000       0.000       0.000       0.000                            0.3579E-06  0.3579E-06   0.000    
  28512000.0   10.26951549   10.3883   0.000       0.000      0.1188E-02  0.3287E-06 -0.2588E-01  0.2469E-01   0.000       0.000       0.000       0.000      -0.2756E-05   0.000       0.000       0.000       0.000       0.000                            0.3287E-06  0.3287E-06   0.000    
  28598400.0   10.26430364   10.3810   0.000       0.000      0.1167E-02  0.3016E-06 -0.2562E-01  0.2445E-01   0.000       0.000       0.000       0.000      -0.2550E-05   0.000       0.000       0.000       0.000       0.000                            0.3016E-06  0.3016E-06   0.000    
  28684800.0   10.25947713   10.3743   0.000       0.000      0.1148E-02  0.2793E-06 -0.2537E-01  0.2422E-01   0.000       0.000       0.000       0.000      -0.2379E-05   0.000       0.000       0.000       0.000       0.000                            0.2793E-06  0.2793E-06   0.000    
  28771200.0   10.25496457   10.3680   0.000       0.000      0.1131E-02  0.2611E-06 -0.2514E-01  0.2401E-01   0.000       0.000       0.000       0.000      -0.2239E-05   0.000       0.000       0.000       0.000       0.000                            0.2611E-06  0.2611E-06   0.000    
  28857600.0   10.25073236   10.3621   0.000       0.000      0.1114E-02  0.2449E-06 -0.2493E-01  0.2381E-01   0.000       0.000       0.000       0.000      -0.2113E-05   0.000       0.000       0.000       0.000       0.000                            0.2449E-06  0.2449E-06   0.000    
  28944000.0   10.24668446   10.3565   0.000       0.000      0.1098E-02  0.2343E-06 -0.2472E-01  0.2362E-01   0.000       0.000       0.000       0.000      -0.2032E-05   0.000       0.000       0.000       0.000       0.000                            0.2343E-06  0.2343E-06   0.000    
  29030400.0   10.24278252   10.3511   0.000       0.000      0.1083E-02  0.2258E-06 -0.2452E-01  0.2343E-01   0.000       0.000       0.000       0.000      -0.1969E-05   0.000       0.000       0.000       0.000       0.000                            0.2258E-06  0.2258E-06   0.000    
  29116800.0   10.23908202   10.3460   0.000       0.000      0.1069E-02  0.2141E-06 -0.2432E-01  0.2325E-01   0.000       0.000       0.000       0.000      -0.1876E-05   0.000       0.000       0.000       0.000       0.000                            0.2141E-06  0.2141E-06   0.000    
  29203200.0   10.23550143   10.3410   0.000       0.000      0.1055E-02  0.2072E-06 -0.2414E-01  0.2308E-01   0.000       0.000       0.000       0.000      -0.1824E-05   0.000       0.000       0.000       0.000       0.000                            0.2072E-06  0.2072E-06   0.000    
  29289600.0   10.23212073   10.3363   0.000       0.000      0.1041E-02  0.1956E-06 -0.2396E-01  0.2291E-01   0.000       0.000       0.000       0.000      -0.1729E-05   0.000       0.000       0.000       0.000       0.000                            0.1956E-06  0.1956E-06   0.000    
  29376000.0   10.22894532   10.3318   0.000       0.000      0.1029E-02  0.1838E-06 -0.2379E-01  0.2276E-01   0.000       0.000       0.000       0.000      -0.1631E-05   0.000       0.000       0.000       0.000       0.000                            0.1838E-06  0.1838E-06   0.000    
  29462400.0   10.22593614   10.3277   0.000       0.000      0.1017E-02  0.1741E-06 -0.2363E-01  0.2261E-01   0.000       0.000       0.000       0.000      -0.1551E-05   0.000       0.000       0.000       0.000       0.000                            0.1741E-06  0.1741E-06   0.000    
  29548800.0   10.22306101   10.3236   0.000       0.000      0.1006E-02  0.1664E-06 -0.2347E-01  0.2246E-01   0.000       0.000       0.000       0.000      -0.1487E-05   0.000       0.000       0.000       0.000       0.000                            0.1664E-06  0.1664E-06   0.000    
  29635200.0   10.22029396   10.3198   0.000       0.000      0.9949E-03  0.1601E-06 -0.2332E-01  0.2232E-01   0.000       0.000       0.000       0.000      -0.1435E-05   0.000       0.000       0.000       0.000       0.000                            0.1601E-06  0.1601E-06   0.000    
  29721600.0   10.21763902   10.3161   0.000       0.000      0.9843E-03  0.1536E-06 -0.2317E-01  0.2219E-01   0.000       0.000       0.000       0.000      -0.1381E-05   0.000       0.000       0.000       0.000       0.000                            0.1536E-06  0.1536E-06   0.000    
  29808000.0   10.21504638   10.3124   0.000       0.000      0.9739E-03  0.1500E-06 -0.2303E-01  0.2205E-01   0.000       0.000       0.000       0.000      -0.1353E-05   0.000       0.000       0.000       0.000       0.000                            0.1500E-06  0.1500E-06   0.000    
  29894400.0   10.21253840   10.3089   0.000       0.000      0.9638E-03  0.1451E-06 -0.2289E-01  0.2192E-01   0.000       0.000       0.000       0.000      -0.1312E-05   0.000       0.000       0.000       0.000       0.000                            0.1451E-06  0.1451E-06   0.000    
  29980800.0   10.21010992   10.3055   0.000       0.000      0.9540E-03  0.1405E-06 -0.2275E-01  0.2179E-01   0.000       0.000       0.000       0.000      -0.1274E-05   0.000       0.000       0.000       0.000       0.000                            0.1405E-06  0.1405E-06   0.000    
  30067200.0   10.20779353   10.3023   0.000       0.000      0.9446E-03  0.1341E-06 -0.2261E-01  0.2167E-01   0.000       0.000       0.000       0.000      -0.1218E-05   0.000       0.000       0.000       0.000       0.000                            0.1341E-06  0.1341E-06   0.000    
  30153600.0   10.20556696   10.2991   0.000       0.000      0.9355E-03  0.1289E-06 -0.2249E-01  0.2155E-01   0.000       0.000       0.000       0.000      -0.1173E-05   0.000       0.000       0.000       0.000       0.000                            0.1289E-06  0.1289E-06   0.000    
  30240000.0   10.20342540   10.2961   0.000       0.000      0.9268E-03  0.1239E-06 -0.2236E-01  0.2143E-01   0.000       0.000       0.000       0.000      -0.1131E-05   0.000       0.000       0.000       0.000       0.000                            0.1239E-06  0.1239E-06   0.000    
  30326400.0   10.20134424   10.2932   0.000       0.000      0.9182E-03  0.1204E-06 -0.2224E-01  0.2132E-01   0.000       0.000       0.000       0.000      -0.1101E-05   0.000       0.000       0.000       0.000       0.000                            0.1204E-06  0.1204E-06   0.000    
  30412800.0   10.19932821   10.2903   0.000       0.000      0.9098E-03  0.1167E-06 -0.2212E-01  0.2121E-01   0.000       0.000       0.000       0.000      -0.1069E-05   0.000       0.000       0.000       0.000       0.000                            0.1167E-06  0.1167E-06   0.000    
  30499200.0   10.19738240   10.2876   0.000       0.000      0.9017E-03  0.1126E-06 -0.2200E-01  0.2110E-01   0.000       0.000       0.000       0.000      -0.1034E-05   0.000       0.000       0.000       0.000       0.000                            0.1126E-06  0.1126E-06   0.000    
  30585600.0   10.19549525   10.2849   0.000       0.000      0.8938E-03  0.1092E-06 -0.2189E-01  0.2099E-01   0.000       0.000       0.000       0.000      -0.1004E-05   0.000       0.000       0.000       0.000       0.000                            0.1092E-06  0.1092E-06   0.000    
  30672000.0   10.19366837   10.2823   0.000       0.000      0.8861E-03  0.1057E-06 -0.2177E-01  0.2089E-01   0.000       0.000       0.000       0.000      -0.9739E-06   0.000       0.000       0.000       0.000       0.000                            0.1057E-06  0.1057E-06   0.000    
  30758400.0   10.19189696   10.2798   0.000       0.000      0.8787E-03  0.1025E-06 -0.2167E-01  0.2079E-01   0.000       0.000       0.000       0.000      -0.9459E-06   0.000       0.000       0.000       0.000       0.000                            0.1025E-06  0.1025E-06   0.000    
  30844800.0   10.19017654   10.2773   0.000       0.000      0.8714E-03  0.9956E-07 -0.2156E-01  0.2069E-01   0.000       0.000       0.000       0.000      -0.9201E-06   0.000       0.000       0.000       0.000       0.000                            0.9956E-07  0.9956E-07   0.000    
  30931200.0   10.18849817   10.2749   0.000       0.000      0.8642E-03  0.9713E-07 -0.2145E-01  0.2059E-01   0.000       0.000       0.000       0.000      -0.8989E-06   0.000       0.000       0.000       0.000       0.000                            0.9713E-07  0.9713E-07   0.000    
  31017600.0   10.18686047   10.2726   0.000       0.000      0.8572E-03  0.9477E-07 -0.2135E-01  0.2049E-01   0.000       0.000       0.000       0.000      -0.8784E-06   0.000       0.000       0.000       0.000       0.000                            0.9477E-07  0.9477E-07   0.000    
  31104000.0   10.18526674   10.2703   0.000       0.000      0.8504E-03  0.9223E-07 -0.2125E-01  0.2040E-01   0.000       0.000       0.000       0.000      -0.8561E-06   0.000       0.000       0.000       0.000       0.000                            0.9223E-07  0.9223E-07   0.000    
  31190400.0   10.18371345   10.2681   0.000       0.000      0.8437E-03  0.8989E-07 -0.2115E-01  0.2030E-01   0.000       0.000       0.000       0.000      -0.8355E-06   0.000       0.000       0.000       0.000       0.000                            0.8989E-07  0.8989E-07   0.000    
  31276800.0   10.18261592   10.2665   0.000       0.000      0.8391E-03  0.6351E-07 -0.2107E-01  0.2023E-01   0.000       0.000       0.000       0.000      -0.5910E-06   0.000       0.000       0.000       0.000       0.000                            0.6351E-07  0.6351E-07   0.000    
  31363200.0   10.18106187   10.2643   0.000       0.000      0.8321E-03  0.8993E-07 -0.2097E-01  0.2014E-01   0.000       0.000       0.000       0.000      -0.8378E-06   0.000       0.000       0.000       0.000       0.000                            0.8993E-07  0.8993E-07   0.000    
  31449600.0   10.17957145   10.2621   0.000       0.000      0.8256E-03  0.8625E-07 -0.2087E-01  0.2005E-01   0.000       0.000       0.000       0.000      -0.8045E-06   0.000       0.000       0.000       0.000       0.000                            0.8625E-07  0.8625E-07   0.000    
  31536000.0   10.17813177   10.2601   0.000       0.000      0.8194E-03  0.8331E-07 -0.2078E-01  0.1996E-01   0.000       0.000       0.000       0.000      -0.7780E-06   0.000       0.000       0.000       0.000       0.000                            0.8331E-07  0.8331E-07   0.000    
  31622400.0   10.17652691   10.2578   0.000       0.000      0.8123E-03  0.9287E-07 -0.2067E-01  0.1986E-01   0.000       0.000       0.000       0.000      -0.8684E-06   0.000       0.000       0.000       0.000       0.000                            0.9287E-07  0.9287E-07   0.000    
