   TOTIM (T)          HCON      HMAT     QDIR      QWELL        QMAT QCADS<->CON       QTUB1       QTUB2       QTUB3       QTUB4       QTUB5       QTUB6       NSTOR        QFIX        QLH     FHLQ (LQ)      CAUCHY CAUCHY (LQ) BREAK-DOWN CADS FLOW  QCADS<->CON    Q_CDSSTO    Q_CDSRCH
     86400.0   10.67421286   10.8158   0.000       0.000      0.1416E-02   0.000      0.1606     -0.1620       0.000       0.000       0.000       0.000        0.000       0.000       0.000       0.000       0.000       0.000                             0.000       0.000       0.000    
    172800.0   10.65880486   10.7985   0.000       0.000      0.1397E-02  0.8917E-06  0.1591     -0.1605       0.000       0.000       0.000       0.000        0.000       0.000       0.000       0.000       0.000       0.000                            0.8917E-06  0.8917E-06   0.000    
    259200.0   10.65937793   10.7993   0.000       0.000      0.1399E-02 -0.3316E-07  0.1590     -0.1604       0.000       0.000       0.000       0.000        0.000       0.000       0.000       0.000       0.000       0.000                           -0.3316E-07 -0.3316E-07   0.000    
    345600.0   10.65810105   10.7978   0.000       0.000      0.1397E-02  0.7389E-07  0.1588     -0.1602       0.000       0.000       0.000       0.000        0.000       0.000       0.000       0.000       0.000       0.000                            0.7389E-07  0.7389E-07   0.000    
    432000.0   10.66847021   10.8095   0.000       0.000      0.1410E-02 -0.6001E-06  0.1597     -0.1611       0.000       0.000       0.000       0.000        0.000       0.000       0.000       0.000       0.000       0.000                           -0.6001E-06 -0.6001E-06   0.000    
    518400.0   10.67447421   10.8161   0.000       0.000      0.1416E-02 -0.3475E-06  0.1603     -0.1618       0.000       0.000       0.000       0.000        0.000       0.000       0.000       0.000       0.000       0.000                           -0.3475E-06 -0.3475E-06   0.000    
    604800.0   10.67611829   10.8179   0.000       0.000      0.1418E-02 -0.9514E-07  0.1606     -0.1620       0.000       0.000       0.000       0.000        0.000       0.000       0.000       0.000       0.000       0.000                           -0.9514E-07 -0.9514E-07   0.000    
    691200.0   10.69178686   10.8355   0.000       0.000      0.1437E-02 -0.9067E-06  0.1621     -0.1636       0.000       0.000       0.000       0.000        0.000       0.000       0.000       0.000       0.000       0.000                           -0.9067E-06 -0.9067E-06   0.000    
    777600.0   10.73450614   10.8831   0.000       0.000      0.1486E-02 -0.2472E-05  0.1662     -0.1677       0.000       0.000       0.000       0.000        0.000       0.000       0.000       0.000       0.000       0.000                           -0.2472E-05 -0.2472E-05   0.000    
    864000.0   10.79712355   10.9526   0.000       0.000      0.1554E-02 -0.3624E-05  0.1722     -0.1737       0.000       0.000       0.000       0.000        0.000       0.000       0.000       0.000       0.000       0.000                           -0.3624E-05 -0.3624E-05   0.000    
    950400.0   10.82418807   10.9823   0.000       0.000      0.1582E-02 -0.1566E-05  0.1755     -0.1771       0.000       0.000       0.000       0.000        0.000       0.000       0.000       0.000       0.000       0.000                           -0.1566E-05 -0.1566E-05   0.000    
   1036800.0   10.89228582   11.0576   0.000       0.000      0.1653E-02 -0.3941E-05  0.1816     -0.1833       0.000       0.000       0.000       0.000        0.000       0.000       0.000       0.000       0.000       0.000                           -0.3941E-05 -0.3941E-05   0.000    
   1123200.0   11.01590523   11.1932   0.000       0.000      0.1773E-02 -0.7154E-05  0.1916     -0.1934       0.000       0.000       0.000       0.000        0.000       0.000       0.000       0.000       0.000       0.000                           -0.7154E-05 -0.7154E-05   0.000    
   1209600.0   10.99677910   11.1721   0.000       0.000      0.1753E-02  0.1107E-05  0.1926     -0.1943       0.000       0.000       0.000       0.000        0.000       0.000       0.000       0.000       0.000       0.000                            0.1107E-05  0.1107E-05   0.000    
   1296000.0   10.97658015   11.1503   0.000       0.000      0.1737E-02  0.1169E-05  0.1921     -0.1938       0.000       0.000       0.000       0.000        0.000       0.000       0.000       0.000       0.000       0.000                            0.1169E-05  0.1169E-05   0.000    
   1382400.0   10.95737654   11.1295   0.000       0.000      0.1721E-02  0.1111E-05  0.1910     -0.1928       0.000       0.000       0.000       0.000        0.000       0.000       0.000       0.000       0.000       0.000                            0.1111E-05  0.1111E-05   0.000    
   1468800.0   10.93873076   11.1094   0.000       0.000      0.1706E-02  0.1079E-05  0.1898     -0.1915       0.000       0.000       0.000       0.000        0.000       0.000       0.000       0.000       0.000       0.000                            0.1079E-05  0.1079E-05   0.000    
   1555200.0   10.91905955   11.0880   0.000       0.000      0.1689E-02  0.1138E-05  0.1883     -0.1900       0.000       0.000       0.000       0.000        0.000       0.000       0.000       0.000       0.000       0.000                            0.1138E-05  0.1138E-05   0.000    
   1641600.0   10.89954026   11.0667   0.000       0.000      0.1672E-02  0.1130E-05  0.1866     -0.1883       0.000       0.000       0.000       0.000        0.000       0.000       0.000       0.000       0.000       0.000                            0.1130E-05  0.1130E-05   0.000    
   1728000.0   10.88318270   11.0489   0.000       0.000      0.1657E-02  0.9466E-06  0.1851     -0.1868       0.000       0.000       0.000       0.000        0.000       0.000       0.000       0.000       0.000       0.000                            0.9466E-06  0.9466E-06   0.000    
   1814400.0   10.86881709   11.0333   0.000       0.000      0.1644E-02  0.8313E-06  0.1838     -0.1854       0.000       0.000       0.000       0.000        0.000       0.000       0.000       0.000       0.000       0.000                            0.8313E-06  0.8313E-06   0.000    
   1900800.0   10.85284645   11.0157   0.000       0.000      0.1629E-02  0.9242E-06  0.1822     -0.1838       0.000       0.000       0.000       0.000        0.000       0.000       0.000       0.000       0.000       0.000                            0.9242E-06  0.9242E-06   0.000    
   1987200.0   10.83813065   10.9996   0.000       0.000      0.1615E-02  0.8516E-06  0.1808     -0.1824       0.000       0.000       0.000       0.000        0.000       0.000       0.000       0.000       0.000       0.000                            0.8516E-06  0.8516E-06   0.000    
   2073600.0   10.82615222   10.9865   0.000       0.000      0.1604E-02  0.6932E-06  0.1795     -0.1811       0.000       0.000       0.000       0.000        0.000       0.000       0.000       0.000       0.000       0.000                            0.6932E-06  0.6932E-06   0.000    
   2160000.0   10.81216977   10.9711   0.000       0.000      0.1590E-02  0.8092E-06  0.1781     -0.1797       0.000       0.000       0.000       0.000        0.000       0.000       0.000       0.000       0.000       0.000                            0.8092E-06  0.8092E-06   0.000    
   2246400.0   10.79834994   10.9559   0.000       0.000      0.1576E-02  0.7998E-06  0.1767     -0.1782       0.000       0.000       0.000       0.000        0.000       0.000       0.000       0.000       0.000       0.000                            0.7998E-06  0.7998E-06   0.000    
   2332800.0   10.78500839   10.9412   0.000       0.000      0.1562E-02  0.7721E-06  0.1752     -0.1768       0.000       0.000       0.000       0.000        0.000       0.000       0.000       0.000       0.000       0.000                            0.7721E-06  0.7721E-06   0.000    
   2419200.0   10.77196098   10.9268   0.000       0.000      0.1548E-02  0.7551E-06  0.1738     -0.1754       0.000       0.000       0.000       0.000        0.000       0.000       0.000       0.000       0.000       0.000                            0.7551E-06  0.7551E-06   0.000    
   2505600.0   10.76640189   10.9206   0.000       0.000      0.1542E-02  0.3217E-06  0.1730     -0.1745       0.000       0.000       0.000       0.000        0.000       0.000       0.000       0.000       0.000       0.000                            0.3217E-06  0.3217E-06   0.000    
   2592000.0   10.75781031   10.9111   0.000       0.000      0.1533E-02  0.4972E-06  0.1720     -0.1736       0.000       0.000       0.000       0.000        0.000       0.000       0.000       0.000       0.000       0.000                            0.4972E-06  0.4972E-06   0.000    
   2678400.0   10.77488856   10.9302   0.000       0.000      0.1553E-02 -0.9883E-06  0.1733     -0.1748       0.000       0.000       0.000       0.000        0.000       0.000       0.000       0.000       0.000       0.000                           -0.9883E-06 -0.9883E-06   0.000    
   2764800.0   10.84156721   11.0040   0.000       0.000      0.1624E-02 -0.3859E-05  0.1787     -0.1803       0.000       0.000       0.000       0.000        0.000       0.000       0.000       0.000       0.000       0.000                           -0.3859E-05 -0.3859E-05   0.000    
   2851200.0   11.00542420   11.1841   0.000       0.000      0.1786E-02 -0.9482E-05  0.1915     -0.1933       0.000       0.000       0.000       0.000        0.000       0.000       0.000       0.000       0.000       0.000                           -0.9482E-05 -0.9482E-05   0.000    
   2937600.0   10.97143464   11.1464   0.000       0.000      0.1749E-02  0.1967E-05  0.1916     -0.1934       0.000       0.000       0.000       0.000        0.000       0.000       0.000       0.000       0.000       0.000                            0.1967E-05  0.1967E-05   0.000    
   3024000.0   10.97618357   11.1519   0.000       0.000      0.1757E-02 -0.2748E-06  0.1927     -0.1945       0.000       0.000       0.000       0.000        0.000       0.000       0.000       0.000       0.000       0.000                           -0.2748E-06 -0.2748E-06   0.000    
   3110400.0   10.97686065   11.1528   0.000       0.000      0.1759E-02 -0.3918E-07  0.1933     -0.1950       0.000       0.000       0.000       0.000        0.000       0.000       0.000       0.000       0.000       0.000                           -0.3918E-07 -0.3918E-07   0.000    
   3196800.0   10.96582306   11.1408   0.000       0.000      0.1750E-02  0.6387E-06  0.1928     -0.1945       0.000       0.000       0.000       0.000        0.000       0.000       0.000       0.000       0.000       0.000                            0.6387E-06  0.6387E-06   0.000    
   3283200.0   10.94954025   11.1231   0.000       0.000      0.1736E-02  0.9423E-06  0.1918     -0.1935       0.000       0.000       0.000       0.000        0.000       0.000       0.000       0.000       0.000       0.000                            0.9423E-06  0.9423E-06   0.000    
   3369600.0   10.95208411   11.1261   0.000       0.000      0.1740E-02 -0.1472E-06  0.1919     -0.1936       0.000       0.000       0.000       0.000        0.000       0.000       0.000       0.000       0.000       0.000                           -0.1472E-06 -0.1472E-06   0.000    
   3456000.0   10.96516949   11.1405   0.000       0.000      0.1754E-02 -0.7573E-06  0.1928     -0.1946       0.000       0.000       0.000       0.000        0.000       0.000       0.000       0.000       0.000       0.000                           -0.7573E-06 -0.7573E-06   0.000    
   3542400.0   10.98517953   11.1626   0.000       0.000      0.1775E-02 -0.1158E-05  0.1945     -0.1963       0.000       0.000       0.000       0.000        0.000       0.000       0.000       0.000       0.000       0.000                           -0.1158E-05 -0.1158E-05   0.000    
   3628800.0   10.99220786   11.1704   0.000       0.000      0.1782E-02 -0.4067E-06  0.1954     -0.1971       0.000       0.000       0.000       0.000        0.000       0.000       0.000       0.000       0.000       0.000                           -0.4067E-06 -0.4067E-06   0.000    
   3715200.0   10.98131331   11.1585   0.000       0.000      0.1772E-02  0.6305E-06  0.1949     -0.1967       0.000       0.000       0.000       0.000        0.000       0.000       0.000       0.000       0.000       0.000                            0.6305E-06  0.6305E-06   0.000    
   3801600.0   10.98452835   11.1622   0.000       0.000      0.1777E-02 -0.1861E-06  0.1952     -0.1970       0.000       0.000       0.000       0.000        0.000       0.000       0.000       0.000       0.000       0.000                           -0.1861E-06 -0.1861E-06   0.000    
   3888000.0   10.99583747   11.1747   0.000       0.000      0.1789E-02 -0.6545E-06  0.1961     -0.1979       0.000       0.000       0.000       0.000        0.000       0.000       0.000       0.000       0.000       0.000                           -0.6545E-06 -0.6545E-06   0.000    
   3974400.0   11.02124693   11.2027   0.000       0.000      0.1814E-02 -0.1470E-05  0.1981     -0.1999       0.000       0.000       0.000       0.000        0.000       0.000       0.000       0.000       0.000       0.000                           -0.1470E-05 -0.1470E-05   0.000    
   4060800.0   11.04140309   11.2247   0.000       0.000      0.1833E-02 -0.1166E-05  0.1998     -0.2017       0.000       0.000       0.000       0.000        0.000       0.000       0.000       0.000       0.000       0.000                           -0.1166E-05 -0.1166E-05   0.000    
   4147200.0   11.03005675   11.2124   0.000       0.000      0.1824E-02  0.6566E-06  0.1996     -0.2015       0.000       0.000       0.000       0.000        0.000       0.000       0.000       0.000       0.000       0.000                            0.6566E-06  0.6566E-06   0.000    
   4233600.0   11.01346209   11.1944   0.000       0.000      0.1809E-02  0.9603E-06  0.1986     -0.2005       0.000       0.000       0.000       0.000        0.000       0.000       0.000       0.000       0.000       0.000                            0.9603E-06  0.9603E-06   0.000    
   4320000.0   10.99985653   11.1797   0.000       0.000      0.1798E-02  0.7874E-06  0.1977     -0.1995       0.000       0.000       0.000       0.000        0.000       0.000       0.000       0.000       0.000       0.000                            0.7874E-06  0.7874E-06   0.000    
   4406400.0   10.98548561   11.1640   0.000       0.000      0.1785E-02  0.8317E-06  0.1965     -0.1983       0.000       0.000       0.000       0.000        0.000       0.000       0.000       0.000       0.000       0.000                            0.8317E-06  0.8317E-06   0.000    
   4492800.0   10.97411605   11.1517   0.000       0.000      0.1776E-02  0.6580E-06  0.1955     -0.1973       0.000       0.000       0.000       0.000        0.000       0.000       0.000       0.000       0.000       0.000                            0.6580E-06  0.6580E-06   0.000    
   4579200.0   10.95926947   11.1355   0.000       0.000      0.1762E-02  0.8592E-06  0.1943     -0.1961       0.000       0.000       0.000       0.000        0.000       0.000       0.000       0.000       0.000       0.000                            0.8592E-06  0.8592E-06   0.000    
   4665600.0   10.94369357   11.1184   0.000       0.000      0.1747E-02  0.9014E-06  0.1929     -0.1947       0.000       0.000       0.000       0.000        0.000       0.000       0.000       0.000       0.000       0.000                            0.9014E-06  0.9014E-06   0.000    
   4752000.0   10.96700994   11.1442   0.000       0.000      0.1772E-02 -0.1349E-05  0.1943     -0.1961       0.000       0.000       0.000       0.000        0.000       0.000       0.000       0.000       0.000       0.000                           -0.1349E-05 -0.1349E-05   0.000    
   4838400.0   10.99994377   11.1803   0.000       0.000      0.1803E-02 -0.1906E-05  0.1967     -0.1985       0.000       0.000       0.000       0.000        0.000       0.000       0.000       0.000       0.000       0.000                           -0.1906E-05 -0.1906E-05   0.000    
   4924800.0   11.03647971   11.2202   0.000       0.000      0.1837E-02 -0.2114E-05  0.1996     -0.2014       0.000       0.000       0.000       0.000        0.000       0.000       0.000       0.000       0.000       0.000                           -0.2114E-05 -0.2114E-05   0.000    
   5011200.0   11.05854822   11.2444   0.000       0.000      0.1858E-02 -0.1277E-05  0.2018     -0.2036       0.000       0.000       0.000       0.000        0.000       0.000       0.000       0.000       0.000       0.000                           -0.1277E-05 -0.1277E-05   0.000    
   5097600.0   11.04631615   11.2310   0.000       0.000      0.1847E-02  0.7079E-06  0.2015     -0.2034       0.000       0.000       0.000       0.000        0.000       0.000       0.000       0.000       0.000       0.000                            0.7079E-06  0.7079E-06   0.000    
   5184000.0   11.02929489   11.2125   0.000       0.000      0.1833E-02  0.9850E-06  0.2007     -0.2025       0.000       0.000       0.000       0.000        0.000       0.000       0.000       0.000       0.000       0.000                            0.9850E-06  0.9850E-06   0.000    
   5270400.0   11.01485895   11.1968   0.000       0.000      0.1819E-02  0.8354E-06  0.1996     -0.2014       0.000       0.000       0.000       0.000        0.000       0.000       0.000       0.000       0.000       0.000                            0.8354E-06  0.8354E-06   0.000    
   5356800.0   10.99830748   11.1788   0.000       0.000      0.1805E-02  0.9578E-06  0.1983     -0.2002       0.000       0.000       0.000       0.000        0.000       0.000       0.000       0.000       0.000       0.000                            0.9578E-06  0.9578E-06   0.000    
   5443200.0   11.00726155   11.1888   0.000       0.000      0.1815E-02 -0.5182E-06  0.1987     -0.2005       0.000       0.000       0.000       0.000        0.000       0.000       0.000       0.000       0.000       0.000                           -0.5182E-06 -0.5182E-06   0.000    
   5529600.0   11.01836387   11.2009   0.000       0.000      0.1825E-02 -0.6425E-06  0.1995     -0.2013       0.000       0.000       0.000       0.000        0.000       0.000       0.000       0.000       0.000       0.000                           -0.6425E-06 -0.6425E-06   0.000    
   5616000.0   11.03007717   11.2138   0.000       0.000      0.1837E-02 -0.6779E-06  0.2004     -0.2023       0.000       0.000       0.000       0.000        0.000       0.000       0.000       0.000       0.000       0.000                           -0.6779E-06 -0.6779E-06   0.000    
   5702400.0   11.03745068   11.2219   0.000       0.000      0.1844E-02 -0.4267E-06  0.2012     -0.2030       0.000       0.000       0.000       0.000        0.000       0.000       0.000       0.000       0.000       0.000                           -0.4267E-06 -0.4267E-06   0.000    
   5788800.0   11.03319536   11.2172   0.000       0.000      0.1841E-02  0.2463E-06  0.2011     -0.2029       0.000       0.000       0.000       0.000        0.000       0.000       0.000       0.000       0.000       0.000                            0.2463E-06  0.2463E-06   0.000    
   5875200.0   11.03386831   11.2181   0.000       0.000      0.1842E-02 -0.3894E-07  0.2012     -0.2031       0.000       0.000       0.000       0.000        0.000       0.000       0.000       0.000       0.000       0.000                           -0.3894E-07 -0.3894E-07   0.000    
   5961600.0   11.03002125   11.2139   0.000       0.000      0.1839E-02  0.2226E-06  0.2010     -0.2029       0.000       0.000       0.000       0.000        0.000       0.000       0.000       0.000       0.000       0.000                            0.2226E-06  0.2226E-06   0.000    
   6048000.0   11.01876253   11.2015   0.000       0.000      0.1828E-02  0.6515E-06  0.2003     -0.2021       0.000       0.000       0.000       0.000        0.000       0.000       0.000       0.000       0.000       0.000                            0.6515E-06  0.6515E-06   0.000    
   6134400.0   11.00410782   11.1856   0.000       0.000      0.1815E-02  0.8481E-06  0.1992     -0.2010       0.000       0.000       0.000       0.000        0.000       0.000       0.000       0.000       0.000       0.000                            0.8481E-06  0.8481E-06   0.000    
   6220800.0   10.98840526   11.1684   0.000       0.000      0.1800E-02  0.9087E-06  0.1979     -0.1997       0.000       0.000       0.000       0.000        0.000       0.000       0.000       0.000       0.000       0.000                            0.9087E-06  0.9087E-06   0.000    
   6307200.0   10.97213031   11.1507   0.000       0.000      0.1785E-02  0.9418E-06  0.1965     -0.1983       0.000       0.000       0.000       0.000        0.000       0.000       0.000       0.000       0.000       0.000                            0.9418E-06  0.9418E-06   0.000    
   6393600.0   10.95615525   11.1331   0.000       0.000      0.1769E-02  0.9245E-06  0.1950     -0.1968       0.000       0.000       0.000       0.000        0.000       0.000       0.000       0.000       0.000       0.000                            0.9245E-06  0.9245E-06   0.000    
   6480000.0   10.94025460   11.1157   0.000       0.000      0.1754E-02  0.9202E-06  0.1936     -0.1954       0.000       0.000       0.000       0.000        0.000       0.000       0.000       0.000       0.000       0.000                            0.9202E-06  0.9202E-06   0.000    
   6566400.0   10.92481975   11.0987   0.000       0.000      0.1738E-02  0.8932E-06  0.1921     -0.1938       0.000       0.000       0.000       0.000        0.000       0.000       0.000       0.000       0.000       0.000                            0.8932E-06  0.8932E-06   0.000    
   6652800.0   10.90947852   11.0818   0.000       0.000      0.1723E-02  0.8878E-06  0.1906     -0.1923       0.000       0.000       0.000       0.000        0.000       0.000       0.000       0.000       0.000       0.000                            0.8878E-06  0.8878E-06   0.000    
   6739200.0   10.89484280   11.0656   0.000       0.000      0.1708E-02  0.8470E-06  0.1891     -0.1908       0.000       0.000       0.000       0.000        0.000       0.000       0.000       0.000       0.000       0.000                            0.8470E-06  0.8470E-06   0.000    
   6825600.0   10.88012900   11.0494   0.000       0.000      0.1693E-02  0.8515E-06  0.1876     -0.1893       0.000       0.000       0.000       0.000        0.000       0.000       0.000       0.000       0.000       0.000                            0.8515E-06  0.8515E-06   0.000    
   6912000.0   10.86580347   11.0335   0.000       0.000      0.1677E-02  0.8290E-06  0.1861     -0.1878       0.000       0.000       0.000       0.000        0.000       0.000       0.000       0.000       0.000       0.000                            0.8290E-06  0.8290E-06   0.000    
   6998400.0   10.85162403   11.0178   0.000       0.000      0.1662E-02  0.8206E-06  0.1846     -0.1863       0.000       0.000       0.000       0.000        0.000       0.000       0.000       0.000       0.000       0.000                            0.8206E-06  0.8206E-06   0.000    
   7084800.0   10.83809683   11.0028   0.000       0.000      0.1647E-02  0.7828E-06  0.1832     -0.1848       0.000       0.000       0.000       0.000        0.000       0.000       0.000       0.000       0.000       0.000                            0.7828E-06  0.7828E-06   0.000    
   7171200.0   10.82506506   10.9883   0.000       0.000      0.1633E-02  0.7542E-06  0.1817     -0.1834       0.000       0.000       0.000       0.000        0.000       0.000       0.000       0.000       0.000       0.000                            0.7542E-06  0.7542E-06   0.000    
   7257600.0   10.81235809   10.9742   0.000       0.000      0.1618E-02  0.7354E-06  0.1803     -0.1820       0.000       0.000       0.000       0.000        0.000       0.000       0.000       0.000       0.000       0.000                            0.7354E-06  0.7354E-06   0.000    
   7344000.0   10.80021718   10.9606   0.000       0.000      0.1604E-02  0.7026E-06  0.1790     -0.1806       0.000       0.000       0.000       0.000        0.000       0.000       0.000       0.000       0.000       0.000                            0.7026E-06  0.7026E-06   0.000    
   7430400.0   10.78928165   10.9484   0.000       0.000      0.1591E-02  0.6328E-06  0.1777     -0.1793       0.000       0.000       0.000       0.000        0.000       0.000       0.000       0.000       0.000       0.000                            0.6328E-06  0.6328E-06   0.000    
   7516800.0   10.77860445   10.9364   0.000       0.000      0.1578E-02  0.6179E-06  0.1764     -0.1780       0.000       0.000       0.000       0.000        0.000       0.000       0.000       0.000       0.000       0.000                            0.6179E-06  0.6179E-06   0.000    
   7603200.0   10.76753515   10.9240   0.000       0.000      0.1565E-02  0.6406E-06  0.1752     -0.1767       0.000       0.000       0.000       0.000        0.000       0.000       0.000       0.000       0.000       0.000                            0.6406E-06  0.6406E-06   0.000    
   7689600.0   10.75695120   10.9121   0.000       0.000      0.1552E-02  0.6125E-06  0.1739     -0.1754       0.000       0.000       0.000       0.000        0.000       0.000       0.000       0.000       0.000       0.000                            0.6125E-06  0.6125E-06   0.000    
   7776000.0   10.74706573   10.9010   0.000       0.000      0.1540E-02  0.5721E-06  0.1727     -0.1743       0.000       0.000       0.000       0.000        0.000       0.000       0.000       0.000       0.000       0.000                            0.5721E-06  0.5721E-06   0.000    
   7862400.0   10.73719287   10.8899   0.000       0.000      0.1527E-02  0.5713E-06  0.1715     -0.1730       0.000       0.000       0.000       0.000        0.000       0.000       0.000       0.000       0.000       0.000                            0.5713E-06  0.5713E-06   0.000    
   7948800.0   10.72751249   10.8790   0.000       0.000      0.1515E-02  0.5602E-06  0.1703     -0.1719       0.000       0.000       0.000       0.000        0.000       0.000       0.000       0.000       0.000       0.000                            0.5602E-06  0.5602E-06   0.000    
   8035200.0   10.71829244   10.8685   0.000       0.000      0.1503E-02  0.5336E-06  0.1692     -0.1707       0.000       0.000       0.000       0.000        0.000       0.000       0.000       0.000       0.000       0.000                            0.5336E-06  0.5336E-06   0.000    
   8121600.0   10.70920268   10.8583   0.000       0.000      0.1491E-02  0.5260E-06  0.1681     -0.1696       0.000       0.000       0.000       0.000        0.000       0.000       0.000       0.000       0.000       0.000                            0.5260E-06  0.5260E-06   0.000    
   8208000.0   10.70054956   10.8484   0.000       0.000      0.1479E-02  0.5008E-06  0.1669     -0.1684       0.000       0.000       0.000       0.000        0.000       0.000       0.000       0.000       0.000       0.000                            0.5008E-06  0.5008E-06   0.000    
   8294400.0   10.69198005   10.8388   0.000       0.000      0.1468E-02  0.4959E-06  0.1659     -0.1673       0.000       0.000       0.000       0.000        0.000       0.000       0.000       0.000       0.000       0.000                            0.4959E-06  0.4959E-06   0.000    
   8380800.0   10.73258733   10.8841   0.000       0.000      0.1515E-02 -0.2350E-05  0.1692     -0.1708       0.000       0.000       0.000       0.000        0.000       0.000       0.000       0.000       0.000       0.000                           -0.2350E-05 -0.2350E-05   0.000    
   8467200.0   10.73605959   10.8876   0.000       0.000      0.1515E-02 -0.2009E-06  0.1699     -0.1714       0.000       0.000       0.000       0.000        0.000       0.000       0.000       0.000       0.000       0.000                           -0.2009E-06 -0.2009E-06   0.000    
   8553600.0   10.73650524   10.8879   0.000       0.000      0.1514E-02 -0.2579E-07  0.1701     -0.1716       0.000       0.000       0.000       0.000        0.000       0.000       0.000       0.000       0.000       0.000                           -0.2579E-07 -0.2579E-07   0.000    
   8640000.0   10.73284272   10.8836   0.000       0.000      0.1508E-02  0.2120E-06  0.1698     -0.1713       0.000       0.000       0.000       0.000        0.000       0.000       0.000       0.000       0.000       0.000                            0.2120E-06  0.2120E-06   0.000    
   8726400.0   10.72709430   10.8772   0.000       0.000      0.1501E-02  0.3327E-06  0.1693     -0.1708       0.000       0.000       0.000       0.000        0.000       0.000       0.000       0.000       0.000       0.000                            0.3327E-06  0.3327E-06   0.000    
   8812800.0   10.72042387   10.8696   0.000       0.000      0.1492E-02  0.3860E-06  0.1685     -0.1700       0.000       0.000       0.000       0.000        0.000       0.000       0.000       0.000       0.000       0.000                            0.3860E-06  0.3860E-06   0.000    
   8899200.0   10.71199079   10.8601   0.000       0.000      0.1481E-02  0.4880E-06  0.1676     -0.1691       0.000       0.000       0.000       0.000        0.000       0.000       0.000       0.000       0.000       0.000                            0.4880E-06  0.4880E-06   0.000    
   8985600.0   10.70936598   10.8571   0.000       0.000      0.1477E-02  0.1519E-06  0.1672     -0.1687       0.000       0.000       0.000       0.000        0.000       0.000       0.000       0.000       0.000       0.000                            0.1519E-06  0.1519E-06   0.000    
   9072000.0   10.71637629   10.8648   0.000       0.000      0.1484E-02 -0.4057E-06  0.1677     -0.1692       0.000       0.000       0.000       0.000        0.000       0.000       0.000       0.000       0.000       0.000                           -0.4057E-06 -0.4057E-06   0.000    
   9158400.0   10.71297788   10.8608   0.000       0.000      0.1478E-02  0.1967E-06  0.1673     -0.1688       0.000       0.000       0.000       0.000        0.000       0.000       0.000       0.000       0.000       0.000                            0.1967E-06  0.1967E-06   0.000    
   9244800.0   10.73742735   10.8881   0.000       0.000      0.1506E-02 -0.1415E-05  0.1695     -0.1710       0.000       0.000       0.000       0.000        0.000       0.000       0.000       0.000       0.000       0.000                           -0.1415E-05 -0.1415E-05   0.000    
   9331200.0   10.79920223   10.9565   0.000       0.000      0.1573E-02 -0.3575E-05  0.1749     -0.1765       0.000       0.000       0.000       0.000        0.000       0.000       0.000       0.000       0.000       0.000                           -0.3575E-05 -0.3575E-05   0.000    
   9417600.0   10.95019687   11.1228   0.000       0.000      0.1727E-02 -0.8738E-05  0.1873     -0.1891       0.000       0.000       0.000       0.000        0.000       0.000       0.000       0.000       0.000       0.000                           -0.8738E-05 -0.8738E-05   0.000    
   9504000.0   11.05946339   11.2420   0.000       0.000      0.1825E-02 -0.6323E-05  0.1970     -0.1989       0.000       0.000       0.000       0.000        0.000       0.000       0.000       0.000       0.000       0.000                           -0.6323E-05 -0.6323E-05   0.000    
   9590400.0   11.03512595   11.2152   0.000       0.000      0.1800E-02  0.1408E-05  0.1979     -0.1997       0.000       0.000       0.000       0.000        0.000       0.000       0.000       0.000       0.000       0.000                            0.1408E-05  0.1408E-05   0.000    
   9676800.0   11.00830192   11.1861   0.000       0.000      0.1778E-02  0.1552E-05  0.1970     -0.1988       0.000       0.000       0.000       0.000        0.000       0.000       0.000       0.000       0.000       0.000                            0.1552E-05  0.1552E-05   0.000    
   9763200.0   10.98097213   11.1563   0.000       0.000      0.1754E-02  0.1582E-05  0.1954     -0.1972       0.000       0.000       0.000       0.000        0.000       0.000       0.000       0.000       0.000       0.000                            0.1582E-05  0.1582E-05   0.000    
   9849600.0   10.95549130   11.1286   0.000       0.000      0.1731E-02  0.1475E-05  0.1935     -0.1953       0.000       0.000       0.000       0.000        0.000       0.000       0.000       0.000       0.000       0.000                            0.1475E-05  0.1475E-05   0.000    
   9936000.0   10.97243532   11.1474   0.000       0.000      0.1749E-02 -0.9806E-06  0.1944     -0.1962       0.000       0.000       0.000       0.000        0.000       0.000       0.000       0.000       0.000       0.000                           -0.9806E-06 -0.9806E-06   0.000    
  10022400.0   10.98580860   11.1621   0.000       0.000      0.1763E-02 -0.7739E-06  0.1956     -0.1973       0.000       0.000       0.000       0.000        0.000       0.000       0.000       0.000       0.000       0.000                           -0.7739E-06 -0.7739E-06   0.000    
  10108800.0   10.98948702   11.1662   0.000       0.000      0.1767E-02 -0.2129E-06  0.1961     -0.1979       0.000       0.000       0.000       0.000        0.000       0.000       0.000       0.000       0.000       0.000                           -0.2129E-06 -0.2129E-06   0.000    
  10195200.0   11.00034149   11.1781   0.000       0.000      0.1778E-02 -0.6282E-06  0.1971     -0.1988       0.000       0.000       0.000       0.000        0.000       0.000       0.000       0.000       0.000       0.000                           -0.6282E-06 -0.6282E-06   0.000    
  10281600.0   11.00588348   11.1842   0.000       0.000      0.1783E-02 -0.3207E-06  0.1977     -0.1995       0.000       0.000       0.000       0.000        0.000       0.000       0.000       0.000       0.000       0.000                           -0.3207E-06 -0.3207E-06   0.000    
  10368000.0   10.99441789   11.1718   0.000       0.000      0.1774E-02  0.6635E-06  0.1972     -0.1990       0.000       0.000       0.000       0.000        0.000       0.000       0.000       0.000       0.000       0.000                            0.6635E-06  0.6635E-06   0.000    
  10454400.0   10.97751336   11.1533   0.000       0.000      0.1758E-02  0.9783E-06  0.1960     -0.1978       0.000       0.000       0.000       0.000        0.000       0.000       0.000       0.000       0.000       0.000                            0.9783E-06  0.9783E-06   0.000    
  10540800.0   10.97687809   11.1528   0.000       0.000      0.1759E-02  0.3676E-07  0.1958     -0.1976       0.000       0.000       0.000       0.000        0.000       0.000       0.000       0.000       0.000       0.000                            0.3676E-07  0.3676E-07   0.000    
  10627200.0   10.98429744   11.1610   0.000       0.000      0.1767E-02 -0.4294E-06  0.1963     -0.1981       0.000       0.000       0.000       0.000        0.000       0.000       0.000       0.000       0.000       0.000                           -0.4294E-06 -0.4294E-06   0.000    
  10713600.0   10.98468790   11.1615   0.000       0.000      0.1768E-02 -0.2260E-07  0.1965     -0.1982       0.000       0.000       0.000       0.000        0.000       0.000       0.000       0.000       0.000       0.000                           -0.2260E-07 -0.2260E-07   0.000    
  10800000.0   10.97639470   11.1524   0.000       0.000      0.1760E-02  0.4799E-06  0.1959     -0.1977       0.000       0.000       0.000       0.000        0.000       0.000       0.000       0.000       0.000       0.000                            0.4799E-06  0.4799E-06   0.000    
  10886400.0   10.96261523   11.1374   0.000       0.000      0.1748E-02  0.7974E-06  0.1950     -0.1967       0.000       0.000       0.000       0.000        0.000       0.000       0.000       0.000       0.000       0.000                            0.7974E-06  0.7974E-06   0.000    
  10972800.0   10.94645908   11.1197   0.000       0.000      0.1732E-02  0.9350E-06  0.1936     -0.1954       0.000       0.000       0.000       0.000        0.000       0.000       0.000       0.000       0.000       0.000                            0.9350E-06  0.9350E-06   0.000    
  11059200.0   10.92753585   11.0990   0.000       0.000      0.1715E-02  0.1095E-05  0.1920     -0.1938       0.000       0.000       0.000       0.000        0.000       0.000       0.000       0.000       0.000       0.000                            0.1095E-05  0.1095E-05   0.000    
  11145600.0   10.90867661   11.0783   0.000       0.000      0.1697E-02  0.1091E-05  0.1903     -0.1920       0.000       0.000       0.000       0.000        0.000       0.000       0.000       0.000       0.000       0.000                            0.1091E-05  0.1091E-05   0.000    
  11232000.0   10.89088862   11.0587   0.000       0.000      0.1678E-02  0.1029E-05  0.1886     -0.1902       0.000       0.000       0.000       0.000        0.000       0.000       0.000       0.000       0.000       0.000                            0.1029E-05  0.1029E-05   0.000    
  11318400.0   10.87374099   11.0399   0.000       0.000      0.1662E-02  0.9923E-06  0.1869     -0.1886       0.000       0.000       0.000       0.000        0.000       0.000       0.000       0.000       0.000       0.000                            0.9923E-06  0.9923E-06   0.000    
  11404800.0   10.87808414   11.0448   0.000       0.000      0.1667E-02 -0.2513E-06  0.1868     -0.1885       0.000       0.000       0.000       0.000        0.000       0.000       0.000       0.000       0.000       0.000                           -0.2513E-06 -0.2513E-06   0.000    
  11491200.0   10.86277176   11.0277   0.000       0.000      0.1650E-02  0.8861E-06  0.1854     -0.1871       0.000       0.000       0.000       0.000        0.000       0.000       0.000       0.000       0.000       0.000                            0.8861E-06  0.8861E-06   0.000    
  11577600.0   10.88618865   11.0537   0.000       0.000      0.1675E-02 -0.1355E-05  0.1869     -0.1886       0.000       0.000       0.000       0.000        0.000       0.000       0.000       0.000       0.000       0.000                           -0.1355E-05 -0.1355E-05   0.000    
  11664000.0   10.95015683   11.1241   0.000       0.000      0.1739E-02 -0.3702E-05  0.1918     -0.1935       0.000       0.000       0.000       0.000        0.000       0.000       0.000       0.000       0.000       0.000                           -0.3702E-05 -0.3702E-05   0.000    
  11750400.0   11.10366203   11.2919   0.000       0.000      0.1882E-02 -0.8883E-05  0.2029     -0.2047       0.000       0.000       0.000       0.000        0.000       0.000       0.000       0.000       0.000       0.000                           -0.8883E-05 -0.8883E-05   0.000    
  11836800.0   11.07053273   11.2553   0.000       0.000      0.1848E-02  0.1917E-05  0.2030     -0.2049       0.000       0.000       0.000       0.000        0.000       0.000       0.000       0.000       0.000       0.000                            0.1917E-05  0.1917E-05   0.000    
  11923200.0   11.04260270   11.2250   0.000       0.000      0.1824E-02  0.1616E-05  0.2019     -0.2037       0.000       0.000       0.000       0.000        0.000       0.000       0.000       0.000       0.000       0.000                            0.1616E-05  0.1616E-05   0.000    
  12009600.0   11.01775830   11.1980   0.000       0.000      0.1802E-02  0.1438E-05  0.2003     -0.2021       0.000       0.000       0.000       0.000        0.000       0.000       0.000       0.000       0.000       0.000                            0.1438E-05  0.1438E-05   0.000    
  12096000.0   11.01176002   11.1916   0.000       0.000      0.1798E-02  0.3471E-06  0.1997     -0.2015       0.000       0.000       0.000       0.000        0.000       0.000       0.000       0.000       0.000       0.000                            0.3471E-06  0.3471E-06   0.000    
  12182400.0   11.00363018   11.1828   0.000       0.000      0.1792E-02  0.4705E-06  0.1991     -0.2009       0.000       0.000       0.000       0.000        0.000       0.000       0.000       0.000       0.000       0.000                            0.4705E-06  0.4705E-06   0.000    
  12268800.0   10.99028161   11.1682   0.000       0.000      0.1779E-02  0.7725E-06  0.1981     -0.1998       0.000       0.000       0.000       0.000        0.000       0.000       0.000       0.000       0.000       0.000                            0.7725E-06  0.7725E-06   0.000    
  12355200.0   10.97370571   11.1501   0.000       0.000      0.1764E-02  0.9593E-06  0.1967     -0.1985       0.000       0.000       0.000       0.000        0.000       0.000       0.000       0.000       0.000       0.000                            0.9593E-06  0.9593E-06   0.000    
  12441600.0   10.96212874   11.1375   0.000       0.000      0.1753E-02  0.6700E-06  0.1957     -0.1974       0.000       0.000       0.000       0.000        0.000       0.000       0.000       0.000       0.000       0.000                            0.6700E-06  0.6700E-06   0.000    
  12528000.0   11.00289717   11.1823   0.000       0.000      0.1794E-02 -0.2359E-05  0.1982     -0.2000       0.000       0.000       0.000       0.000        0.000       0.000       0.000       0.000       0.000       0.000                           -0.2359E-05 -0.2359E-05   0.000    
  12614400.0   11.04896953   11.2326   0.000       0.000      0.1837E-02 -0.2666E-05  0.2017     -0.2035       0.000       0.000       0.000       0.000        0.000       0.000       0.000       0.000       0.000       0.000                           -0.2666E-05 -0.2666E-05   0.000    
  12700800.0   11.04025644   11.2230   0.000       0.000      0.1828E-02  0.5042E-06  0.2019     -0.2037       0.000       0.000       0.000       0.000        0.000       0.000       0.000       0.000       0.000       0.000                            0.5042E-06  0.5042E-06   0.000    
  12787200.0   11.02588164   11.2074   0.000       0.000      0.1815E-02  0.8319E-06  0.2012     -0.2030       0.000       0.000       0.000       0.000        0.000       0.000       0.000       0.000       0.000       0.000                            0.8319E-06  0.8319E-06   0.000    
  12873600.0   11.00722558   11.1870   0.000       0.000      0.1798E-02  0.1080E-05  0.1999     -0.2017       0.000       0.000       0.000       0.000        0.000       0.000       0.000       0.000       0.000       0.000                            0.1080E-05  0.1080E-05   0.000    
  12960000.0   11.01170733   11.1921   0.000       0.000      0.1804E-02 -0.2594E-06  0.2000     -0.2018       0.000       0.000       0.000       0.000        0.000       0.000       0.000       0.000       0.000       0.000                           -0.2594E-06 -0.2594E-06   0.000    
  13046400.0   11.00338080   11.1830   0.000       0.000      0.1796E-02  0.4819E-06  0.1995     -0.2012       0.000       0.000       0.000       0.000        0.000       0.000       0.000       0.000       0.000       0.000                            0.4819E-06  0.4819E-06   0.000    
  13132800.0   10.99123483   11.1696   0.000       0.000      0.1784E-02  0.7029E-06  0.1985     -0.2003       0.000       0.000       0.000       0.000        0.000       0.000       0.000       0.000       0.000       0.000                            0.7029E-06  0.7029E-06   0.000    
  13219200.0   10.98283494   11.1605   0.000       0.000      0.1777E-02  0.4861E-06  0.1977     -0.1995       0.000       0.000       0.000       0.000        0.000       0.000       0.000       0.000       0.000       0.000                            0.4861E-06  0.4861E-06   0.000    
  13305600.0   10.97037725   11.1469   0.000       0.000      0.1765E-02  0.7209E-06  0.1967     -0.1985       0.000       0.000       0.000       0.000        0.000       0.000       0.000       0.000       0.000       0.000                            0.7209E-06  0.7209E-06   0.000    
  13392000.0   10.98970811   11.1681   0.000       0.000      0.1784E-02 -0.1119E-05  0.1978     -0.1996       0.000       0.000       0.000       0.000        0.000       0.000       0.000       0.000       0.000       0.000                           -0.1119E-05 -0.1119E-05   0.000    
  13478400.0   11.00370144   11.1835   0.000       0.000      0.1798E-02 -0.8098E-06  0.1989     -0.2007       0.000       0.000       0.000       0.000        0.000       0.000       0.000       0.000       0.000       0.000                           -0.8098E-06 -0.8098E-06   0.000    
  13564800.0   10.99932759   11.1786   0.000       0.000      0.1793E-02  0.2531E-06  0.1989     -0.2007       0.000       0.000       0.000       0.000        0.000       0.000       0.000       0.000       0.000       0.000                            0.2531E-06  0.2531E-06   0.000    
  13651200.0   10.99077266   11.1692   0.000       0.000      0.1785E-02  0.4951E-06  0.1983     -0.2001       0.000       0.000       0.000       0.000        0.000       0.000       0.000       0.000       0.000       0.000                            0.4951E-06  0.4951E-06   0.000    
  13737600.0   10.97870781   11.1561   0.000       0.000      0.1773E-02  0.6982E-06  0.1974     -0.1992       0.000       0.000       0.000       0.000        0.000       0.000       0.000       0.000       0.000       0.000                            0.6982E-06  0.6982E-06   0.000    
  13824000.0   11.01858896   11.1998   0.000       0.000      0.1812E-02 -0.2308E-05  0.2000     -0.2018       0.000       0.000       0.000       0.000        0.000       0.000       0.000       0.000       0.000       0.000                           -0.2308E-05 -0.2308E-05   0.000    
  13910400.0   11.07487944   11.2613   0.000       0.000      0.1865E-02 -0.3258E-05  0.2041     -0.2060       0.000       0.000       0.000       0.000        0.000       0.000       0.000       0.000       0.000       0.000                           -0.3258E-05 -0.3258E-05   0.000    
  13996800.0   11.07209828   11.2581   0.000       0.000      0.1860E-02  0.1609E-06  0.2048     -0.2067       0.000       0.000       0.000       0.000        0.000       0.000       0.000       0.000       0.000       0.000                            0.1609E-06  0.1609E-06   0.000    
  14083200.0   11.05844945   11.2432   0.000       0.000      0.1848E-02  0.7899E-06  0.2043     -0.2062       0.000       0.000       0.000       0.000        0.000       0.000       0.000       0.000       0.000       0.000                            0.7899E-06  0.7899E-06   0.000    
  14169600.0   11.07132890   11.2575   0.000       0.000      0.1862E-02 -0.7453E-06  0.2053     -0.2071       0.000       0.000       0.000       0.000        0.000       0.000       0.000       0.000       0.000       0.000                           -0.7453E-06 -0.7453E-06   0.000    
  14256000.0   11.08183182   11.2690   0.000       0.000      0.1872E-02 -0.6078E-06  0.2062     -0.2081       0.000       0.000       0.000       0.000        0.000       0.000       0.000       0.000       0.000       0.000                           -0.6078E-06 -0.6078E-06   0.000    
  14342400.0   11.13626379   11.3283   0.000       0.000      0.1921E-02 -0.3150E-05  0.2098     -0.2117       0.000       0.000       0.000       0.000        0.000       0.000       0.000       0.000       0.000       0.000                           -0.3150E-05 -0.3150E-05   0.000    
  14428800.0   11.27650228   11.4807   0.000       0.000      0.2042E-02 -0.8116E-05  0.2189     -0.2209       0.000       0.000       0.000       0.000        0.000       0.000       0.000       0.000       0.000       0.000                           -0.8116E-05 -0.8116E-05   0.000    
  14515200.0   11.26917260   11.4726   0.000       0.000      0.2034E-02  0.4242E-06  0.2206     -0.2226       0.000       0.000       0.000       0.000        0.000       0.000       0.000       0.000       0.000       0.000                            0.4242E-06  0.4242E-06   0.000    
  14601600.0   11.28910040   11.4944   0.000       0.000      0.2053E-02 -0.1153E-05  0.2227     -0.2247       0.000       0.000       0.000       0.000        0.000       0.000       0.000       0.000       0.000       0.000                           -0.1153E-05 -0.1153E-05   0.000    
  14688000.0   11.33485481   11.5441   0.000       0.000      0.2093E-02 -0.2648E-05  0.2260     -0.2281       0.000       0.000       0.000       0.000        0.000       0.000       0.000       0.000       0.000       0.000                           -0.2648E-05 -0.2648E-05   0.000    
  14774400.0   11.35005455   11.5607   0.000       0.000      0.2106E-02 -0.8796E-06  0.2279     -0.2300       0.000       0.000       0.000       0.000        0.000       0.000       0.000       0.000       0.000       0.000                           -0.8796E-06 -0.8796E-06   0.000    
  14860800.0   11.33966542   11.5496   0.000       0.000      0.2099E-02  0.6012E-06  0.2281     -0.2302       0.000       0.000       0.000       0.000        0.000       0.000       0.000       0.000       0.000       0.000                            0.6012E-06  0.6012E-06   0.000    
  14947200.0   11.32671933   11.5357   0.000       0.000      0.2090E-02  0.7492E-06  0.2278     -0.2298       0.000       0.000       0.000       0.000        0.000       0.000       0.000       0.000       0.000       0.000                            0.7492E-06  0.7492E-06   0.000    
  15033600.0   11.30652637   11.5142   0.000       0.000      0.2076E-02  0.1169E-05  0.2269     -0.2290       0.000       0.000       0.000       0.000        0.000       0.000       0.000       0.000       0.000       0.000                            0.1169E-05  0.1169E-05   0.000    
  15120000.0   11.28370516   11.4896   0.000       0.000      0.2059E-02  0.1321E-05  0.2255     -0.2276       0.000       0.000       0.000       0.000        0.000       0.000       0.000       0.000       0.000       0.000                            0.1321E-05  0.1321E-05   0.000    
  15206400.0   11.25755739   11.4615   0.000       0.000      0.2039E-02  0.1513E-05  0.2239     -0.2259       0.000       0.000       0.000       0.000        0.000       0.000       0.000       0.000       0.000       0.000                            0.1513E-05  0.1513E-05   0.000    
  15292800.0   11.23025564   11.4319   0.000       0.000      0.2017E-02  0.1580E-05  0.2220     -0.2240       0.000       0.000       0.000       0.000        0.000       0.000       0.000       0.000       0.000       0.000                            0.1580E-05  0.1580E-05   0.000    
  15379200.0   11.26692353   11.4719   0.000       0.000      0.2050E-02 -0.2122E-05  0.2236     -0.2257       0.000       0.000       0.000       0.000        0.000       0.000       0.000       0.000       0.000       0.000                           -0.2122E-05 -0.2122E-05   0.000    
  15465600.0   11.28355668   11.4900   0.000       0.000      0.2064E-02 -0.9626E-06  0.2248     -0.2269       0.000       0.000       0.000       0.000        0.000       0.000       0.000       0.000       0.000       0.000                           -0.9626E-06 -0.9626E-06   0.000    
  15552000.0   11.26973238   11.4751   0.000       0.000      0.2053E-02  0.8000E-06  0.2244     -0.2265       0.000       0.000       0.000       0.000        0.000       0.000       0.000       0.000       0.000       0.000                            0.8000E-06  0.8000E-06   0.000    
  15638400.0   11.24543908   11.4489   0.000       0.000      0.2034E-02  0.1406E-05  0.2231     -0.2251       0.000       0.000       0.000       0.000        0.000       0.000       0.000       0.000       0.000       0.000                            0.1406E-05  0.1406E-05   0.000    
  15724800.0   11.22024997   11.4216   0.000       0.000      0.2014E-02  0.1458E-05  0.2214     -0.2234       0.000       0.000       0.000       0.000        0.000       0.000       0.000       0.000       0.000       0.000                            0.1458E-05  0.1458E-05   0.000    
  15811200.0   11.19551487   11.3948   0.000       0.000      0.1993E-02  0.1431E-05  0.2196     -0.2216       0.000       0.000       0.000       0.000        0.000       0.000       0.000       0.000       0.000       0.000                            0.1431E-05  0.1431E-05   0.000    
  15897600.0   11.17192848   11.3693   0.000       0.000      0.1974E-02  0.1365E-05  0.2178     -0.2197       0.000       0.000       0.000       0.000        0.000       0.000       0.000       0.000       0.000       0.000                            0.1365E-05  0.1365E-05   0.000    
  15984000.0   11.15543634   11.3514   0.000       0.000      0.1960E-02  0.9544E-06  0.2163     -0.2182       0.000       0.000       0.000       0.000        0.000       0.000       0.000       0.000       0.000       0.000                            0.9544E-06  0.9544E-06   0.000    
  16070400.0   11.13416068   11.3282   0.000       0.000      0.1940E-02  0.1231E-05  0.2145     -0.2164       0.000       0.000       0.000       0.000        0.000       0.000       0.000       0.000       0.000       0.000                            0.1231E-05  0.1231E-05   0.000    
  16156800.0   11.11332411   11.3056   0.000       0.000      0.1923E-02  0.1206E-05  0.2128     -0.2147       0.000       0.000       0.000       0.000        0.000       0.000       0.000       0.000       0.000       0.000                            0.1206E-05  0.1206E-05   0.000    
  16243200.0   11.09307818   11.2835   0.000       0.000      0.1904E-02  0.1172E-05  0.2110     -0.2129       0.000       0.000       0.000       0.000        0.000       0.000       0.000       0.000       0.000       0.000                            0.1172E-05  0.1172E-05   0.000    
  16329600.0   11.07337471   11.2620   0.000       0.000      0.1886E-02  0.1140E-05  0.2092     -0.2111       0.000       0.000       0.000       0.000        0.000       0.000       0.000       0.000       0.000       0.000                            0.1140E-05  0.1140E-05   0.000    
  16416000.0   11.05450491   11.2413   0.000       0.000      0.1868E-02  0.1092E-05  0.2075     -0.2093       0.000       0.000       0.000       0.000        0.000       0.000       0.000       0.000       0.000       0.000                            0.1092E-05  0.1092E-05   0.000    
  16502400.0   11.03619707   11.2213   0.000       0.000      0.1851E-02  0.1059E-05  0.2058     -0.2076       0.000       0.000       0.000       0.000        0.000       0.000       0.000       0.000       0.000       0.000                            0.1059E-05  0.1059E-05   0.000    
  16588800.0   11.01866357   11.2020   0.000       0.000      0.1833E-02  0.1015E-05  0.2041     -0.2059       0.000       0.000       0.000       0.000        0.000       0.000       0.000       0.000       0.000       0.000                            0.1015E-05  0.1015E-05   0.000    
  16675200.0   11.00180169   11.1835   0.000       0.000      0.1817E-02  0.9758E-06  0.2024     -0.2042       0.000       0.000       0.000       0.000        0.000       0.000       0.000       0.000       0.000       0.000                            0.9758E-06  0.9758E-06   0.000    
  16761600.0   10.98879083   11.1692   0.000       0.000      0.1804E-02  0.7529E-06  0.2011     -0.2029       0.000       0.000       0.000       0.000        0.000       0.000       0.000       0.000       0.000       0.000                            0.7529E-06  0.7529E-06   0.000    
  16848000.0   10.97900571   11.1583   0.000       0.000      0.1793E-02  0.5663E-06  0.1999     -0.2017       0.000       0.000       0.000       0.000        0.000       0.000       0.000       0.000       0.000       0.000                            0.5663E-06  0.5663E-06   0.000    
  16934400.0   10.98100724   11.1605   0.000       0.000      0.1795E-02 -0.1158E-06  0.1997     -0.2015       0.000       0.000       0.000       0.000        0.000       0.000       0.000       0.000       0.000       0.000                           -0.1158E-06 -0.1158E-06   0.000    
  17020800.0   10.97665329   11.1555   0.000       0.000      0.1789E-02  0.2520E-06  0.1992     -0.2010       0.000       0.000       0.000       0.000        0.000       0.000       0.000       0.000       0.000       0.000                            0.2520E-06  0.2520E-06   0.000    
  17107200.0   10.96179829   11.1391   0.000       0.000      0.1773E-02  0.8597E-06  0.1979     -0.1997       0.000       0.000       0.000       0.000        0.000       0.000       0.000       0.000       0.000       0.000                            0.8597E-06  0.8597E-06   0.000    
  17193600.0   10.94770127   11.1235   0.000       0.000      0.1758E-02  0.8158E-06  0.1966     -0.1984       0.000       0.000       0.000       0.000        0.000       0.000       0.000       0.000       0.000       0.000                            0.8158E-06  0.8158E-06   0.000    
  17280000.0   10.93357489   11.1078   0.000       0.000      0.1743E-02  0.8175E-06  0.1952     -0.1969       0.000       0.000       0.000       0.000        0.000       0.000       0.000       0.000       0.000       0.000                            0.8175E-06  0.8175E-06   0.000    
  17366400.0   10.91935055   11.0921   0.000       0.000      0.1728E-02  0.8232E-06  0.1938     -0.1955       0.000       0.000       0.000       0.000        0.000       0.000       0.000       0.000       0.000       0.000                            0.8232E-06  0.8232E-06   0.000    
  17452800.0   10.90576438   11.0770   0.000       0.000      0.1712E-02  0.7862E-06  0.1923     -0.1940       0.000       0.000       0.000       0.000        0.000       0.000       0.000       0.000       0.000       0.000                            0.7862E-06  0.7862E-06   0.000    
  17539200.0   10.89243118   11.0623   0.000       0.000      0.1698E-02  0.7716E-06  0.1910     -0.1927       0.000       0.000       0.000       0.000        0.000       0.000       0.000       0.000       0.000       0.000                            0.7716E-06  0.7716E-06   0.000    
  17625600.0   10.87973715   11.0481   0.000       0.000      0.1683E-02  0.7346E-06  0.1896     -0.1912       0.000       0.000       0.000       0.000        0.000       0.000       0.000       0.000       0.000       0.000                            0.7346E-06  0.7346E-06   0.000    
  17712000.0   10.87224441   11.0397   0.000       0.000      0.1675E-02  0.4336E-06  0.1886     -0.1903       0.000       0.000       0.000       0.000        0.000       0.000       0.000       0.000       0.000       0.000                            0.4336E-06  0.4336E-06   0.000    
  17798400.0   10.86055739   11.0267   0.000       0.000      0.1661E-02  0.6763E-06  0.1874     -0.1890       0.000       0.000       0.000       0.000        0.000       0.000       0.000       0.000       0.000       0.000                            0.6763E-06  0.6763E-06   0.000    
  17884800.0   10.84879940   11.0135   0.000       0.000      0.1647E-02  0.6804E-06  0.1861     -0.1877       0.000       0.000       0.000       0.000        0.000       0.000       0.000       0.000       0.000       0.000                            0.6804E-06  0.6804E-06   0.000    
  17971200.0   10.83728822   11.0007   0.000       0.000      0.1634E-02  0.6662E-06  0.1848     -0.1865       0.000       0.000       0.000       0.000        0.000       0.000       0.000       0.000       0.000       0.000                            0.6662E-06  0.6662E-06   0.000    
  18057600.0   10.82634772   10.9884   0.000       0.000      0.1620E-02  0.6331E-06  0.1835     -0.1852       0.000       0.000       0.000       0.000        0.000       0.000       0.000       0.000       0.000       0.000                            0.6331E-06  0.6331E-06   0.000    
  18144000.0   10.81559523   10.9763   0.000       0.000      0.1608E-02  0.6223E-06  0.1823     -0.1840       0.000       0.000       0.000       0.000        0.000       0.000       0.000       0.000       0.000       0.000                            0.6223E-06  0.6223E-06   0.000    
  18230400.0   10.80530320   10.9648   0.000       0.000      0.1595E-02  0.5956E-06  0.1811     -0.1827       0.000       0.000       0.000       0.000        0.000       0.000       0.000       0.000       0.000       0.000                            0.5956E-06  0.5956E-06   0.000    
  18316800.0   10.79521777   10.9534   0.000       0.000      0.1582E-02  0.5836E-06  0.1800     -0.1815       0.000       0.000       0.000       0.000        0.000       0.000       0.000       0.000       0.000       0.000                            0.5836E-06  0.5836E-06   0.000    
  18403200.0   10.78549437   10.9425   0.000       0.000      0.1570E-02  0.5627E-06  0.1788     -0.1804       0.000       0.000       0.000       0.000        0.000       0.000       0.000       0.000       0.000       0.000                            0.5627E-06  0.5627E-06   0.000    
  18489600.0   10.77601782   10.9318   0.000       0.000      0.1558E-02  0.5484E-06  0.1777     -0.1792       0.000       0.000       0.000       0.000        0.000       0.000       0.000       0.000       0.000       0.000                            0.5484E-06  0.5484E-06   0.000    
  18576000.0   10.76678949   10.9214   0.000       0.000      0.1546E-02  0.5340E-06  0.1765     -0.1781       0.000       0.000       0.000       0.000        0.000       0.000       0.000       0.000       0.000       0.000                            0.5340E-06  0.5340E-06   0.000    
  18662400.0   10.75792350   10.9113   0.000       0.000      0.1534E-02  0.5131E-06  0.1754     -0.1770       0.000       0.000       0.000       0.000        0.000       0.000       0.000       0.000       0.000       0.000                            0.5131E-06  0.5131E-06   0.000    
  18748800.0   10.74909644   10.9014   0.000       0.000      0.1523E-02  0.5108E-06  0.1744     -0.1759       0.000       0.000       0.000       0.000        0.000       0.000       0.000       0.000       0.000       0.000                            0.5108E-06  0.5108E-06   0.000    
  18835200.0   10.75018685   10.9025   0.000       0.000      0.1523E-02 -0.6310E-07  0.1742     -0.1757       0.000       0.000       0.000       0.000        0.000       0.000       0.000       0.000       0.000       0.000                           -0.6310E-07 -0.6310E-07   0.000    
  18921600.0   10.74312663   10.8944   0.000       0.000      0.1512E-02  0.4086E-06  0.1733     -0.1748       0.000       0.000       0.000       0.000        0.000       0.000       0.000       0.000       0.000       0.000                            0.4086E-06  0.4086E-06   0.000    
  19008000.0   10.73401317   10.8840   0.000       0.000      0.1500E-02  0.5274E-06  0.1723     -0.1738       0.000       0.000       0.000       0.000        0.000       0.000       0.000       0.000       0.000       0.000                            0.5274E-06  0.5274E-06   0.000    
  19094400.0   10.72539561   10.8743   0.000       0.000      0.1489E-02  0.4987E-06  0.1713     -0.1728       0.000       0.000       0.000       0.000        0.000       0.000       0.000       0.000       0.000       0.000                            0.4987E-06  0.4987E-06   0.000    
  19180800.0   10.71706153   10.8648   0.000       0.000      0.1478E-02  0.4823E-06  0.1702     -0.1717       0.000       0.000       0.000       0.000        0.000       0.000       0.000       0.000       0.000       0.000                            0.4823E-06  0.4823E-06   0.000    
  19267200.0   10.70925812   10.8560   0.000       0.000      0.1467E-02  0.4516E-06  0.1692     -0.1707       0.000       0.000       0.000       0.000        0.000       0.000       0.000       0.000       0.000       0.000                            0.4516E-06  0.4516E-06   0.000    
  19353600.0   10.70145879   10.8471   0.000       0.000      0.1456E-02  0.4514E-06  0.1682     -0.1697       0.000       0.000       0.000       0.000        0.000       0.000       0.000       0.000       0.000       0.000                            0.4514E-06  0.4514E-06   0.000    
  19440000.0   10.69385311   10.8384   0.000       0.000      0.1446E-02  0.4401E-06  0.1673     -0.1687       0.000       0.000       0.000       0.000        0.000       0.000       0.000       0.000       0.000       0.000                            0.4401E-06  0.4401E-06   0.000    
  19526400.0   10.68656633   10.8301   0.000       0.000      0.1435E-02  0.4217E-06  0.1663     -0.1677       0.000       0.000       0.000       0.000        0.000       0.000       0.000       0.000       0.000       0.000                            0.4217E-06  0.4217E-06   0.000    
  19612800.0   10.67928639   10.8218   0.000       0.000      0.1425E-02  0.4213E-06  0.1654     -0.1668       0.000       0.000       0.000       0.000        0.000       0.000       0.000       0.000       0.000       0.000                            0.4213E-06  0.4213E-06   0.000    
  19699200.0   10.67234326   10.8138   0.000       0.000      0.1415E-02  0.4018E-06  0.1644     -0.1658       0.000       0.000       0.000       0.000        0.000       0.000       0.000       0.000       0.000       0.000                            0.4018E-06  0.4018E-06   0.000    
  19785600.0   10.66541416   10.8060   0.000       0.000      0.1405E-02  0.4010E-06  0.1635     -0.1649       0.000       0.000       0.000       0.000        0.000       0.000       0.000       0.000       0.000       0.000                            0.4010E-06  0.4010E-06   0.000    
  19872000.0   10.65878122   10.7983   0.000       0.000      0.1395E-02  0.3839E-06  0.1626     -0.1640       0.000       0.000       0.000       0.000        0.000       0.000       0.000       0.000       0.000       0.000                            0.3839E-06  0.3839E-06   0.000    
  19958400.0   10.66116901   10.8009   0.000       0.000      0.1397E-02 -0.1382E-06  0.1626     -0.1640       0.000       0.000       0.000       0.000        0.000       0.000       0.000       0.000       0.000       0.000                           -0.1382E-06 -0.1382E-06   0.000    
  20044800.0   10.66706360   10.8073   0.000       0.000      0.1403E-02 -0.3411E-06  0.1630     -0.1644       0.000       0.000       0.000       0.000        0.000       0.000       0.000       0.000       0.000       0.000                           -0.3411E-06 -0.3411E-06   0.000    
  20131200.0   10.65860728   10.7976   0.000       0.000      0.1390E-02  0.4894E-06  0.1622     -0.1635       0.000       0.000       0.000       0.000        0.000       0.000       0.000       0.000       0.000       0.000                            0.4894E-06  0.4894E-06   0.000    
  20217600.0   10.65366408   10.7919   0.000       0.000      0.1383E-02  0.2861E-06  0.1615     -0.1629       0.000       0.000       0.000       0.000        0.000       0.000       0.000       0.000       0.000       0.000                            0.2861E-06  0.2861E-06   0.000    
  20304000.0   10.64806847   10.7855   0.000       0.000      0.1374E-02  0.3238E-06  0.1608     -0.1622       0.000       0.000       0.000       0.000        0.000       0.000       0.000       0.000       0.000       0.000                            0.3238E-06  0.3238E-06   0.000    
  20390400.0   10.64079204   10.7772   0.000       0.000      0.1364E-02  0.4211E-06  0.1599     -0.1613       0.000       0.000       0.000       0.000        0.000       0.000       0.000       0.000       0.000       0.000                            0.4211E-06  0.4211E-06   0.000    
  20476800.0   10.63387356   10.7693   0.000       0.000      0.1354E-02  0.4004E-06  0.1590     -0.1603       0.000       0.000       0.000       0.000        0.000       0.000       0.000       0.000       0.000       0.000                            0.4004E-06  0.4004E-06   0.000    
  20563200.0   10.62717953   10.7616   0.000       0.000      0.1345E-02  0.3874E-06  0.1581     -0.1594       0.000       0.000       0.000       0.000        0.000       0.000       0.000       0.000       0.000       0.000                            0.3874E-06  0.3874E-06   0.000    
  20649600.0   10.62078185   10.7543   0.000       0.000      0.1335E-02  0.3702E-06  0.1572     -0.1585       0.000       0.000       0.000       0.000        0.000       0.000       0.000       0.000       0.000       0.000                            0.3702E-06  0.3702E-06   0.000    
  20736000.0   10.61451473   10.7471   0.000       0.000      0.1326E-02  0.3627E-06  0.1563     -0.1577       0.000       0.000       0.000       0.000        0.000       0.000       0.000       0.000       0.000       0.000                            0.3627E-06  0.3627E-06   0.000    
  20822400.0   10.60851400   10.7402   0.000       0.000      0.1317E-02  0.3473E-06  0.1555     -0.1568       0.000       0.000       0.000       0.000        0.000       0.000       0.000       0.000       0.000       0.000                            0.3473E-06  0.3473E-06   0.000    
  20908800.0   10.60259092   10.7334   0.000       0.000      0.1308E-02  0.3428E-06  0.1547     -0.1560       0.000       0.000       0.000       0.000        0.000       0.000       0.000       0.000       0.000       0.000                            0.3428E-06  0.3428E-06   0.000    
  20995200.0   10.59691903   10.7269   0.000       0.000      0.1299E-02  0.3282E-06  0.1538     -0.1551       0.000       0.000       0.000       0.000        0.000       0.000       0.000       0.000       0.000       0.000                            0.3282E-06  0.3282E-06   0.000    
  21081600.0   10.59128633   10.7204   0.000       0.000      0.1291E-02  0.3260E-06  0.1530     -0.1543       0.000       0.000       0.000       0.000        0.000       0.000       0.000       0.000       0.000       0.000                            0.3260E-06  0.3260E-06   0.000    
  21168000.0   10.58589552   10.7142   0.000       0.000      0.1283E-02  0.3120E-06  0.1522     -0.1535       0.000       0.000       0.000       0.000        0.000       0.000       0.000       0.000       0.000       0.000                            0.3120E-06  0.3120E-06   0.000    
  21254400.0   10.58051186   10.7080   0.000       0.000      0.1275E-02  0.3116E-06  0.1515     -0.1527       0.000       0.000       0.000       0.000        0.000       0.000       0.000       0.000       0.000       0.000                            0.3116E-06  0.3116E-06   0.000    
  21340800.0   10.57530904   10.7019   0.000       0.000      0.1266E-02  0.3011E-06  0.1507     -0.1520       0.000       0.000       0.000       0.000        0.000       0.000       0.000       0.000       0.000       0.000                            0.3011E-06  0.3011E-06   0.000    
  21427200.0   10.57023616   10.6961   0.000       0.000      0.1258E-02  0.2936E-06  0.1499     -0.1512       0.000       0.000       0.000       0.000        0.000       0.000       0.000       0.000       0.000       0.000                            0.2936E-06  0.2936E-06   0.000    
  21513600.0   10.56646470   10.6917   0.000       0.000      0.1252E-02  0.2183E-06  0.1493     -0.1506       0.000       0.000       0.000       0.000        0.000       0.000       0.000       0.000       0.000       0.000                            0.2183E-06  0.2183E-06   0.000    
  21600000.0   10.57546127   10.7018   0.000       0.000      0.1263E-02 -0.5206E-06  0.1501     -0.1514       0.000       0.000       0.000       0.000        0.000       0.000       0.000       0.000       0.000       0.000                           -0.5206E-06 -0.5206E-06   0.000    
  21686400.0   10.56886421   10.6941   0.000       0.000      0.1252E-02  0.3818E-06  0.1494     -0.1506       0.000       0.000       0.000       0.000        0.000       0.000       0.000       0.000       0.000       0.000                            0.3818E-06  0.3818E-06   0.000    
  21772800.0   10.56277038   10.6871   0.000       0.000      0.1243E-02  0.3527E-06  0.1486     -0.1498       0.000       0.000       0.000       0.000        0.000       0.000       0.000       0.000       0.000       0.000                            0.3527E-06  0.3527E-06   0.000    
  21859200.0   10.55711325   10.6806   0.000       0.000      0.1235E-02  0.3274E-06  0.1478     -0.1490       0.000       0.000       0.000       0.000        0.000       0.000       0.000       0.000       0.000       0.000                            0.3274E-06  0.3274E-06   0.000    
  21945600.0   10.55183380   10.6745   0.000       0.000      0.1226E-02  0.3055E-06  0.1470     -0.1482       0.000       0.000       0.000       0.000        0.000       0.000       0.000       0.000       0.000       0.000                            0.3055E-06  0.3055E-06   0.000    
  22032000.0   10.54666798   10.6685   0.000       0.000      0.1219E-02  0.2989E-06  0.1463     -0.1475       0.000       0.000       0.000       0.000        0.000       0.000       0.000       0.000       0.000       0.000                            0.2989E-06  0.2989E-06   0.000    
  22118400.0   10.54170774   10.6628   0.000       0.000      0.1211E-02  0.2871E-06  0.1455     -0.1467       0.000       0.000       0.000       0.000        0.000       0.000       0.000       0.000       0.000       0.000                            0.2871E-06  0.2871E-06   0.000    
  22204800.0   10.53695843   10.6573   0.000       0.000      0.1203E-02  0.2748E-06  0.1448     -0.1460       0.000       0.000       0.000       0.000        0.000       0.000       0.000       0.000       0.000       0.000                            0.2748E-06  0.2748E-06   0.000    
  22291200.0   10.53225779   10.6518   0.000       0.000      0.1196E-02  0.2720E-06  0.1441     -0.1453       0.000       0.000       0.000       0.000        0.000       0.000       0.000       0.000       0.000       0.000                            0.2720E-06  0.2720E-06   0.000    
  22377600.0   10.52771022   10.6466   0.000       0.000      0.1189E-02  0.2632E-06  0.1434     -0.1445       0.000       0.000       0.000       0.000        0.000       0.000       0.000       0.000       0.000       0.000                            0.2632E-06  0.2632E-06   0.000    
  22464000.0   10.53861218   10.6589   0.000       0.000      0.1203E-02 -0.6309E-06  0.1444     -0.1456       0.000       0.000       0.000       0.000        0.000       0.000       0.000       0.000       0.000       0.000                           -0.6309E-06 -0.6309E-06   0.000    
  22550400.0   10.53423130   10.6537   0.000       0.000      0.1195E-02  0.2535E-06  0.1439     -0.1451       0.000       0.000       0.000       0.000        0.000       0.000       0.000       0.000       0.000       0.000                            0.2535E-06  0.2535E-06   0.000    
  22636800.0   10.53242929   10.6516   0.000       0.000      0.1192E-02  0.1043E-06  0.1436     -0.1448       0.000       0.000       0.000       0.000        0.000       0.000       0.000       0.000       0.000       0.000                            0.1043E-06  0.1043E-06   0.000    
  22723200.0   10.57186974   10.6963   0.000       0.000      0.1245E-02 -0.2282E-05  0.1479     -0.1491       0.000       0.000       0.000       0.000        0.000       0.000       0.000       0.000       0.000       0.000                           -0.2282E-05 -0.2282E-05   0.000    
  22809600.0   10.57032469   10.6942   0.000       0.000      0.1239E-02  0.8941E-07  0.1481     -0.1494       0.000       0.000       0.000       0.000        0.000       0.000       0.000       0.000       0.000       0.000                            0.8941E-07  0.8941E-07   0.000    
  22896000.0   10.56730477   10.6907   0.000       0.000      0.1234E-02  0.1748E-06  0.1480     -0.1492       0.000       0.000       0.000       0.000        0.000       0.000       0.000       0.000       0.000       0.000                            0.1748E-06  0.1748E-06   0.000    
  22982400.0   10.56349068   10.6864   0.000       0.000      0.1229E-02  0.2207E-06  0.1476     -0.1488       0.000       0.000       0.000       0.000        0.000       0.000       0.000       0.000       0.000       0.000                            0.2207E-06  0.2207E-06   0.000    
  23068800.0   10.55940846   10.6817   0.000       0.000      0.1223E-02  0.2362E-06  0.1471     -0.1483       0.000       0.000       0.000       0.000        0.000       0.000       0.000       0.000       0.000       0.000                            0.2362E-06  0.2362E-06   0.000    
  23155200.0   10.55428082   10.6759   0.000       0.000      0.1216E-02  0.2967E-06  0.1464     -0.1476       0.000       0.000       0.000       0.000        0.000       0.000       0.000       0.000       0.000       0.000                            0.2967E-06  0.2967E-06   0.000    
  23241600.0   10.54884687   10.6697   0.000       0.000      0.1208E-02  0.3145E-06  0.1457     -0.1469       0.000       0.000       0.000       0.000        0.000       0.000       0.000       0.000       0.000       0.000                            0.3145E-06  0.3145E-06   0.000    
  23328000.0   10.54316984   10.6632   0.000       0.000      0.1200E-02  0.3285E-06  0.1449     -0.1461       0.000       0.000       0.000       0.000        0.000       0.000       0.000       0.000       0.000       0.000                            0.3285E-06  0.3285E-06   0.000    
  23414400.0   10.53740421   10.6566   0.000       0.000      0.1192E-02  0.3337E-06  0.1441     -0.1453       0.000       0.000       0.000       0.000        0.000       0.000       0.000       0.000       0.000       0.000                            0.3337E-06  0.3337E-06   0.000    
  23500800.0   10.53192071   10.6503   0.000       0.000      0.1184E-02  0.3173E-06  0.1433     -0.1445       0.000       0.000       0.000       0.000        0.000       0.000       0.000       0.000       0.000       0.000                            0.3173E-06  0.3173E-06   0.000    
  23587200.0   10.52662303   10.6443   0.000       0.000      0.1177E-02  0.3066E-06  0.1425     -0.1437       0.000       0.000       0.000       0.000        0.000       0.000       0.000       0.000       0.000       0.000                            0.3066E-06  0.3066E-06   0.000    
  23673600.0   10.52144571   10.6383   0.000       0.000      0.1169E-02  0.2996E-06  0.1418     -0.1429       0.000       0.000       0.000       0.000        0.000       0.000       0.000       0.000       0.000       0.000                            0.2996E-06  0.2996E-06   0.000    
  23760000.0   10.51621758   10.6323   0.000       0.000      0.1161E-02  0.3026E-06  0.1410     -0.1421       0.000       0.000       0.000       0.000        0.000       0.000       0.000       0.000       0.000       0.000                            0.3026E-06  0.3026E-06   0.000    
  23846400.0   10.51110055   10.6265   0.000       0.000      0.1154E-02  0.2961E-06  0.1402     -0.1414       0.000       0.000       0.000       0.000        0.000       0.000       0.000       0.000       0.000       0.000                            0.2961E-06  0.2961E-06   0.000    
  23932800.0   10.50619610   10.6208   0.000       0.000      0.1146E-02  0.2838E-06  0.1395     -0.1406       0.000       0.000       0.000       0.000        0.000       0.000       0.000       0.000       0.000       0.000                            0.2838E-06  0.2838E-06   0.000    
  24019200.0   10.50146449   10.6154   0.000       0.000      0.1139E-02  0.2738E-06  0.1387     -0.1399       0.000       0.000       0.000       0.000        0.000       0.000       0.000       0.000       0.000       0.000                            0.2738E-06  0.2738E-06   0.000    
  24105600.0   10.49697600   10.6102   0.000       0.000      0.1132E-02  0.2598E-06  0.1380     -0.1391       0.000       0.000       0.000       0.000      -0.1282E-06   0.000       0.000       0.000       0.000       0.000                            0.2598E-06  0.2598E-06   0.000    
  24192000.0   10.49275317   10.6052   0.000       0.000      0.1124E-02  0.2444E-06  0.1373     -0.1384       0.000       0.000       0.000       0.000      -0.3468E-06   0.000       0.000       0.000       0.000       0.000                            0.2444E-06  0.2444E-06   0.000    
  24278400.0   10.48872750   10.6004   0.000       0.000      0.1117E-02  0.2330E-06  0.1366     -0.1377       0.000       0.000       0.000       0.000      -0.4454E-06   0.000       0.000       0.000       0.000       0.000                            0.2330E-06  0.2330E-06   0.000    
  24364800.0   10.48485556   10.5958   0.000       0.000      0.1109E-02  0.2241E-06  0.1359     -0.1370       0.000       0.000       0.000       0.000      -0.5112E-06   0.000       0.000       0.000       0.000       0.000                            0.2241E-06  0.2241E-06   0.000    
  24451200.0   10.48113155   10.5913   0.000       0.000      0.1102E-02  0.2155E-06  0.1352     -0.1363       0.000       0.000       0.000       0.000      -0.5570E-06   0.000       0.000       0.000       0.000       0.000                            0.2155E-06  0.2155E-06   0.000    
  24537600.0   10.47753734   10.5871   0.000       0.000      0.1095E-02  0.2080E-06  0.1345     -0.1356       0.000       0.000       0.000       0.000      -0.5916E-06   0.000       0.000       0.000       0.000       0.000                            0.2080E-06  0.2080E-06   0.000    
  24624000.0   10.47405726   10.5829   0.000       0.000      0.1088E-02  0.2014E-06  0.1339     -0.1350       0.000       0.000       0.000       0.000      -0.6189E-06   0.000       0.000       0.000       0.000       0.000                            0.2014E-06  0.2014E-06   0.000    
  24710400.0   10.47065846   10.5788   0.000       0.000      0.1082E-02  0.1967E-06  0.1332     -0.1343       0.000       0.000       0.000       0.000      -0.6448E-06   0.000       0.000       0.000       0.000       0.000                            0.1967E-06  0.1967E-06   0.000    
  24796800.0   10.46739626   10.5749   0.000       0.000      0.1075E-02  0.1888E-06  0.1326     -0.1337       0.000       0.000       0.000       0.000      -0.6540E-06   0.000       0.000       0.000       0.000       0.000                            0.1888E-06  0.1888E-06   0.000    
  24883200.0   10.46439058   10.5713   0.000       0.000      0.1069E-02  0.1739E-06  0.1320     -0.1331       0.000       0.000       0.000       0.000      -0.6314E-06   0.000       0.000       0.000       0.000       0.000                            0.1739E-06  0.1739E-06   0.000    
  24969600.0   10.46477020   10.5719   0.000       0.000      0.1071E-02 -0.2197E-07  0.1319     -0.1330       0.000       0.000       0.000       0.000       0.8121E-07   0.000       0.000       0.000       0.000       0.000                           -0.2197E-07 -0.2197E-07   0.000    
  25056000.0   10.46139342   10.5677   0.000       0.000      0.1063E-02  0.1954E-06  0.1313     -0.1324       0.000       0.000       0.000       0.000      -0.7369E-06   0.000       0.000       0.000       0.000       0.000                            0.1954E-06  0.1954E-06   0.000    
  25142400.0   10.45814919   10.5637   0.000       0.000      0.1056E-02  0.1877E-06  0.1307     -0.1317       0.000       0.000       0.000       0.000      -0.7378E-06   0.000       0.000       0.000       0.000       0.000                            0.1877E-06  0.1877E-06   0.000    
  25228800.0   10.46165898   10.5682   0.000       0.000      0.1065E-02 -0.2031E-06  0.1311     -0.1321       0.000       0.000       0.000       0.000       0.7969E-06   0.000       0.000       0.000       0.000       0.000                           -0.2031E-06 -0.2031E-06   0.000    
  25315200.0   10.45857966   10.5642   0.000       0.000      0.1056E-02  0.1782E-06  0.1306     -0.1316       0.000       0.000       0.000       0.000      -0.6974E-06   0.000       0.000       0.000       0.000       0.000                            0.1782E-06  0.1782E-06   0.000    
  25401600.0   10.45908312   10.5649   0.000       0.000      0.1058E-02 -0.2914E-07  0.1305     -0.1316       0.000       0.000       0.000       0.000       0.1158E-06   0.000       0.000       0.000       0.000       0.000                           -0.2914E-07 -0.2914E-07   0.000    
  25488000.0   10.45924321   10.5650   0.000       0.000      0.1058E-02 -0.9264E-08  0.1305     -0.1316       0.000       0.000       0.000       0.000       0.3667E-07   0.000       0.000       0.000       0.000       0.000                           -0.9264E-08 -0.9264E-08   0.000    
  25574400.0   10.46153289   10.5678   0.000       0.000      0.1063E-02 -0.1325E-06  0.1308     -0.1318       0.000       0.000       0.000       0.000       0.5169E-06   0.000       0.000       0.000       0.000       0.000                           -0.1325E-06 -0.1325E-06   0.000    
  25660800.0   10.45882171   10.5643   0.000       0.000      0.1055E-02  0.1569E-06  0.1304     -0.1314       0.000       0.000       0.000       0.000      -0.6136E-06   0.000       0.000       0.000       0.000       0.000                            0.1569E-06  0.1569E-06   0.000    
  25747200.0   10.46390287   10.5706   0.000       0.000      0.1067E-02 -0.2940E-06  0.1310     -0.1321       0.000       0.000       0.000       0.000       0.1133E-05   0.000       0.000       0.000       0.000       0.000                           -0.2940E-06 -0.2940E-06   0.000    
  25833600.0   10.49293861   10.6055   0.000       0.000      0.1126E-02 -0.1680E-05  0.1352     -0.1363       0.000       0.000       0.000       0.000       0.4777E-05   0.000       0.000       0.000       0.000       0.000                           -0.1680E-05 -0.1680E-05   0.000    
  25920000.0   10.53649304   10.6545   0.000       0.000      0.1180E-02 -0.2521E-05  0.1406     -0.1418       0.000       0.000       0.000       0.000       0.4569E-06   0.000       0.000       0.000       0.000       0.000                           -0.2521E-05 -0.2521E-05   0.000    
  26006400.0   10.58065785   10.7040   0.000       0.000      0.1234E-02 -0.2556E-05  0.1462     -0.1474       0.000       0.000       0.000       0.000        0.000       0.000       0.000       0.000       0.000       0.000                           -0.2556E-05 -0.2556E-05   0.000    
  26092800.0   10.59201568   10.7166   0.000       0.000      0.1246E-02 -0.6573E-06  0.1483     -0.1495       0.000       0.000       0.000       0.000        0.000       0.000       0.000       0.000       0.000       0.000                           -0.6573E-06 -0.6573E-06   0.000    
  26179200.0   10.58739299   10.7113   0.000       0.000      0.1240E-02  0.2675E-06  0.1484     -0.1496       0.000       0.000       0.000       0.000        0.000       0.000       0.000       0.000       0.000       0.000                            0.2675E-06  0.2675E-06   0.000    
  26265600.0   10.57983789   10.7029   0.000       0.000      0.1231E-02  0.4372E-06  0.1478     -0.1490       0.000       0.000       0.000       0.000        0.000       0.000       0.000       0.000       0.000       0.000                            0.4372E-06  0.4372E-06   0.000    
  26352000.0   10.57152852   10.6936   0.000       0.000      0.1221E-02  0.4809E-06  0.1470     -0.1482       0.000       0.000       0.000       0.000        0.000       0.000       0.000       0.000       0.000       0.000                            0.4809E-06  0.4809E-06   0.000    
  26438400.0   10.56319812   10.6843   0.000       0.000      0.1211E-02  0.4821E-06  0.1460     -0.1472       0.000       0.000       0.000       0.000        0.000       0.000       0.000       0.000       0.000       0.000                            0.4821E-06  0.4821E-06   0.000    
  26524800.0   10.55499243   10.6751   0.000       0.000      0.1202E-02  0.4749E-06  0.1450     -0.1462       0.000       0.000       0.000       0.000        0.000       0.000       0.000       0.000       0.000       0.000                            0.4749E-06  0.4749E-06   0.000    
  26611200.0   10.54666932   10.6658   0.000       0.000      0.1191E-02  0.4817E-06  0.1439     -0.1451       0.000       0.000       0.000       0.000        0.000       0.000       0.000       0.000       0.000       0.000                            0.4817E-06  0.4817E-06   0.000    
  26697600.0   10.53883565   10.6570   0.000       0.000      0.1182E-02  0.4533E-06  0.1429     -0.1441       0.000       0.000       0.000       0.000        0.000       0.000       0.000       0.000       0.000       0.000                            0.4533E-06  0.4533E-06   0.000    
  26784000.0   10.53132511   10.6485   0.000       0.000      0.1172E-02  0.4346E-06  0.1419     -0.1431       0.000       0.000       0.000       0.000        0.000       0.000       0.000       0.000       0.000       0.000                            0.4346E-06  0.4346E-06   0.000    
  26870400.0   10.55574445   10.6764   0.000       0.000      0.1207E-02 -0.1413E-05  0.1444     -0.1456       0.000       0.000       0.000       0.000        0.000       0.000       0.000       0.000       0.000       0.000                           -0.1413E-05 -0.1413E-05   0.000    
  26956800.0   10.57109925   10.6937   0.000       0.000      0.1226E-02 -0.8886E-06  0.1463     -0.1475       0.000       0.000       0.000       0.000        0.000       0.000       0.000       0.000       0.000       0.000                           -0.8886E-06 -0.8886E-06   0.000    
  27043200.0   10.58563859   10.7101   0.000       0.000      0.1245E-02 -0.8414E-06  0.1481     -0.1494       0.000       0.000       0.000       0.000        0.000       0.000       0.000       0.000       0.000       0.000                           -0.8414E-06 -0.8414E-06   0.000    
  27129600.0   10.59027409   10.7153   0.000       0.000      0.1250E-02 -0.2683E-06  0.1489     -0.1502       0.000       0.000       0.000       0.000        0.000       0.000       0.000       0.000       0.000       0.000                           -0.2683E-06 -0.2683E-06   0.000    
  27216000.0   10.59861603   10.7248   0.000       0.000      0.1262E-02 -0.4828E-06  0.1500     -0.1513       0.000       0.000       0.000       0.000        0.000       0.000       0.000       0.000       0.000       0.000                           -0.4828E-06 -0.4828E-06   0.000    
  27302400.0   10.61946497   10.7484   0.000       0.000      0.1289E-02 -0.1207E-05  0.1524     -0.1536       0.000       0.000       0.000       0.000        0.000       0.000       0.000       0.000       0.000       0.000                           -0.1207E-05 -0.1207E-05   0.000    
  27388800.0   10.66046424   10.7945   0.000       0.000      0.1340E-02 -0.2373E-05  0.1567     -0.1581       0.000       0.000       0.000       0.000        0.000       0.000       0.000       0.000       0.000       0.000                           -0.2373E-05 -0.2373E-05   0.000    
  27475200.0   10.69617942   10.8343   0.000       0.000      0.1382E-02 -0.2067E-05  0.1608     -0.1622       0.000       0.000       0.000       0.000        0.000       0.000       0.000       0.000       0.000       0.000                           -0.2067E-05 -0.2067E-05   0.000    
  27561600.0   10.69338147   10.8312   0.000       0.000      0.1378E-02  0.1619E-06  0.1614     -0.1627       0.000       0.000       0.000       0.000        0.000       0.000       0.000       0.000       0.000       0.000                            0.1619E-06  0.1619E-06   0.000    
  27648000.0   10.68512419   10.8222   0.000       0.000      0.1370E-02  0.4779E-06  0.1610     -0.1623       0.000       0.000       0.000       0.000        0.000       0.000       0.000       0.000       0.000       0.000                            0.4779E-06  0.4779E-06   0.000    
  27734400.0   10.67403173   10.8099   0.000       0.000      0.1359E-02  0.6419E-06  0.1600     -0.1614       0.000       0.000       0.000       0.000        0.000       0.000       0.000       0.000       0.000       0.000                            0.6419E-06  0.6419E-06   0.000    
  27820800.0   10.66434598   10.7993   0.000       0.000      0.1350E-02  0.5605E-06  0.1591     -0.1605       0.000       0.000       0.000       0.000        0.000       0.000       0.000       0.000       0.000       0.000                            0.5605E-06  0.5605E-06   0.000    
  27907200.0   10.65689487   10.7912   0.000       0.000      0.1343E-02  0.4312E-06  0.1583     -0.1596       0.000       0.000       0.000       0.000        0.000       0.000       0.000       0.000       0.000       0.000                            0.4312E-06  0.4312E-06   0.000    
  27993600.0   10.67497971   10.8116   0.000       0.000      0.1367E-02 -0.1047E-05  0.1599     -0.1612       0.000       0.000       0.000       0.000        0.000       0.000       0.000       0.000       0.000       0.000                           -0.1047E-05 -0.1047E-05   0.000    
  28080000.0   10.70204518   10.8420   0.000       0.000      0.1399E-02 -0.1566E-05  0.1626     -0.1640       0.000       0.000       0.000       0.000        0.000       0.000       0.000       0.000       0.000       0.000                           -0.1566E-05 -0.1566E-05   0.000    
  28166400.0   10.71613639   10.8577   0.000       0.000      0.1416E-02 -0.8155E-06  0.1643     -0.1657       0.000       0.000       0.000       0.000        0.000       0.000       0.000       0.000       0.000       0.000                           -0.8155E-06 -0.8155E-06   0.000    
  28252800.0   10.70972423   10.8507   0.000       0.000      0.1409E-02  0.3711E-06  0.1642     -0.1656       0.000       0.000       0.000       0.000        0.000       0.000       0.000       0.000       0.000       0.000                            0.3711E-06  0.3711E-06   0.000    
  28339200.0   10.69934255   10.8393   0.000       0.000      0.1399E-02  0.6008E-06  0.1634     -0.1648       0.000       0.000       0.000       0.000        0.000       0.000       0.000       0.000       0.000       0.000                            0.6008E-06  0.6008E-06   0.000    
  28425600.0   10.68789282   10.8267   0.000       0.000      0.1388E-02  0.6626E-06  0.1623     -0.1637       0.000       0.000       0.000       0.000        0.000       0.000       0.000       0.000       0.000       0.000                            0.6626E-06  0.6626E-06   0.000    
  28512000.0   10.67629311   10.8138   0.000       0.000      0.1375E-02  0.6713E-06  0.1610     -0.1624       0.000       0.000       0.000       0.000        0.000       0.000       0.000       0.000       0.000       0.000                            0.6713E-06  0.6713E-06   0.000    
  28598400.0   10.66477654   10.8011   0.000       0.000      0.1364E-02  0.6665E-06  0.1598     -0.1611       0.000       0.000       0.000       0.000        0.000       0.000       0.000       0.000       0.000       0.000                            0.6665E-06  0.6665E-06   0.000    
  28684800.0   10.65357810   10.7888   0.000       0.000      0.1352E-02  0.6481E-06  0.1585     -0.1599       0.000       0.000       0.000       0.000        0.000       0.000       0.000       0.000       0.000       0.000                            0.6481E-06  0.6481E-06   0.000    
  28771200.0   10.64274412   10.7768   0.000       0.000      0.1340E-02  0.6270E-06  0.1572     -0.1586       0.000       0.000       0.000       0.000        0.000       0.000       0.000       0.000       0.000       0.000                            0.6270E-06  0.6270E-06   0.000    
  28857600.0   10.63231988   10.7652   0.000       0.000      0.1329E-02  0.6033E-06  0.1560     -0.1573       0.000       0.000       0.000       0.000        0.000       0.000       0.000       0.000       0.000       0.000                            0.6033E-06  0.6033E-06   0.000    
  28944000.0   10.62219894   10.7539   0.000       0.000      0.1317E-02  0.5857E-06  0.1547     -0.1560       0.000       0.000       0.000       0.000        0.000       0.000       0.000       0.000       0.000       0.000                            0.5857E-06  0.5857E-06   0.000    
  29030400.0   10.61235399   10.7429   0.000       0.000      0.1306E-02  0.5697E-06  0.1534     -0.1547       0.000       0.000       0.000       0.000        0.000       0.000       0.000       0.000       0.000       0.000                            0.5697E-06  0.5697E-06   0.000    
  29116800.0   10.60290782   10.7324   0.000       0.000      0.1295E-02  0.5467E-06  0.1522     -0.1535       0.000       0.000       0.000       0.000        0.000       0.000       0.000       0.000       0.000       0.000                            0.5467E-06  0.5467E-06   0.000    
  29203200.0   10.59362302   10.7220   0.000       0.000      0.1284E-02  0.5373E-06  0.1510     -0.1523       0.000       0.000       0.000       0.000        0.000       0.000       0.000       0.000       0.000       0.000                            0.5373E-06  0.5373E-06   0.000    
  29289600.0   10.58472243   10.7120   0.000       0.000      0.1273E-02  0.5151E-06  0.1498     -0.1511       0.000       0.000       0.000       0.000        0.000       0.000       0.000       0.000       0.000       0.000                            0.5151E-06  0.5151E-06   0.000    
  29376000.0   10.57624075   10.7025   0.000       0.000      0.1263E-02  0.4908E-06  0.1487     -0.1499       0.000       0.000       0.000       0.000        0.000       0.000       0.000       0.000       0.000       0.000                            0.4908E-06  0.4908E-06   0.000    
  29462400.0   10.56819086   10.6934   0.000       0.000      0.1252E-02  0.4658E-06  0.1475     -0.1488       0.000       0.000       0.000       0.000        0.000       0.000       0.000       0.000       0.000       0.000                            0.4658E-06  0.4658E-06   0.000    
  29548800.0   10.56040768   10.6847   0.000       0.000      0.1242E-02  0.4504E-06  0.1465     -0.1477       0.000       0.000       0.000       0.000        0.000       0.000       0.000       0.000       0.000       0.000                            0.4504E-06  0.4504E-06   0.000    
  29635200.0   10.55289511   10.6762   0.000       0.000      0.1233E-02  0.4348E-06  0.1454     -0.1466       0.000       0.000       0.000       0.000        0.000       0.000       0.000       0.000       0.000       0.000                            0.4348E-06  0.4348E-06   0.000    
  29721600.0   10.54565814   10.6680   0.000       0.000      0.1223E-02  0.4188E-06  0.1444     -0.1456       0.000       0.000       0.000       0.000        0.000       0.000       0.000       0.000       0.000       0.000                            0.4188E-06  0.4188E-06   0.000    
  29808000.0   10.53860857   10.6600   0.000       0.000      0.1214E-02  0.4080E-06  0.1434     -0.1446       0.000       0.000       0.000       0.000        0.000       0.000       0.000       0.000       0.000       0.000                            0.4080E-06  0.4080E-06   0.000    
  29894400.0   10.53177725   10.6523   0.000       0.000      0.1205E-02  0.3953E-06  0.1424     -0.1436       0.000       0.000       0.000       0.000        0.000       0.000       0.000       0.000       0.000       0.000                            0.3953E-06  0.3953E-06   0.000    
  29980800.0   10.52515343   10.6447   0.000       0.000      0.1196E-02  0.3833E-06  0.1414     -0.1426       0.000       0.000       0.000       0.000        0.000       0.000       0.000       0.000       0.000       0.000                            0.3833E-06  0.3833E-06   0.000    
  30067200.0   10.51879296   10.6375   0.000       0.000      0.1187E-02  0.3681E-06  0.1404     -0.1416       0.000       0.000       0.000       0.000        0.000       0.000       0.000       0.000       0.000       0.000                            0.3681E-06  0.3681E-06   0.000    
  30153600.0   10.51266136   10.6305   0.000       0.000      0.1178E-02  0.3548E-06  0.1395     -0.1407       0.000       0.000       0.000       0.000        0.000       0.000       0.000       0.000       0.000       0.000                            0.3548E-06  0.3548E-06   0.000    
  30240000.0   10.50674945   10.6237   0.000       0.000      0.1170E-02  0.3421E-06  0.1386     -0.1398       0.000       0.000       0.000       0.000        0.000       0.000       0.000       0.000       0.000       0.000                            0.3421E-06  0.3421E-06   0.000    
  30326400.0   10.50101237   10.6172   0.000       0.000      0.1162E-02  0.3320E-06  0.1377     -0.1389       0.000       0.000       0.000       0.000        0.000       0.000       0.000       0.000       0.000       0.000                            0.3320E-06  0.3320E-06   0.000    
  30412800.0   10.49566107   10.6109   0.000       0.000      0.1153E-02  0.3097E-06  0.1369     -0.1380       0.000       0.000       0.000       0.000      -0.2202E-06   0.000       0.000       0.000       0.000       0.000                            0.3097E-06  0.3097E-06   0.000    
  30499200.0   10.49067771   10.6051   0.000       0.000      0.1144E-02  0.2884E-06  0.1360     -0.1372       0.000       0.000       0.000       0.000      -0.4723E-06   0.000       0.000       0.000       0.000       0.000                            0.2884E-06  0.2884E-06   0.000    
  30585600.0   10.48594692   10.5995   0.000       0.000      0.1135E-02  0.2738E-06  0.1352     -0.1363       0.000       0.000       0.000       0.000      -0.5874E-06   0.000       0.000       0.000       0.000       0.000                            0.2738E-06  0.2738E-06   0.000    
  30672000.0   10.48143268   10.5941   0.000       0.000      0.1127E-02  0.2612E-06  0.1344     -0.1355       0.000       0.000       0.000       0.000      -0.6613E-06   0.000       0.000       0.000       0.000       0.000                            0.2612E-06  0.2612E-06   0.000    
  30758400.0   10.47710510   10.5890   0.000       0.000      0.1119E-02  0.2504E-06  0.1336     -0.1347       0.000       0.000       0.000       0.000      -0.7133E-06   0.000       0.000       0.000       0.000       0.000                            0.2504E-06  0.2504E-06   0.000    
  30844800.0   10.47294167   10.5840   0.000       0.000      0.1111E-02  0.2409E-06  0.1328     -0.1339       0.000       0.000       0.000       0.000      -0.7518E-06   0.000       0.000       0.000       0.000       0.000                            0.2409E-06  0.2409E-06   0.000    
  30931200.0   10.46891723   10.5792   0.000       0.000      0.1103E-02  0.2329E-06  0.1320     -0.1332       0.000       0.000       0.000       0.000      -0.7824E-06   0.000       0.000       0.000       0.000       0.000                            0.2329E-06  0.2329E-06   0.000    
  31017600.0   10.46501979   10.5745   0.000       0.000      0.1095E-02  0.2255E-06  0.1313     -0.1324       0.000       0.000       0.000       0.000      -0.8061E-06   0.000       0.000       0.000       0.000       0.000                            0.2255E-06  0.2255E-06   0.000    
  31104000.0   10.46124663   10.5700   0.000       0.000      0.1088E-02  0.2184E-06  0.1306     -0.1317       0.000       0.000       0.000       0.000      -0.8228E-06   0.000       0.000       0.000       0.000       0.000                            0.2184E-06  0.2184E-06   0.000    
  31190400.0   10.45758704   10.5656   0.000       0.000      0.1080E-02  0.2118E-06  0.1298     -0.1309       0.000       0.000       0.000       0.000      -0.8357E-06   0.000       0.000       0.000       0.000       0.000                            0.2118E-06  0.2118E-06   0.000    
  31276800.0   10.45465094   10.5621   0.000       0.000      0.1074E-02  0.1699E-06  0.1292     -0.1303       0.000       0.000       0.000       0.000      -0.6960E-06   0.000       0.000       0.000       0.000       0.000                            0.1699E-06  0.1699E-06   0.000    
  31363200.0   10.45115795   10.5579   0.000       0.000      0.1067E-02  0.2021E-06  0.1285     -0.1296       0.000       0.000       0.000       0.000      -0.8564E-06   0.000       0.000       0.000       0.000       0.000                            0.2021E-06  0.2021E-06   0.000    
  31449600.0   10.44776166   10.5538   0.000       0.000      0.1060E-02  0.1965E-06  0.1279     -0.1289       0.000       0.000       0.000       0.000      -0.8610E-06   0.000       0.000       0.000       0.000       0.000                            0.1965E-06  0.1965E-06   0.000    
  31536000.0   10.44445889   10.5498   0.000       0.000      0.1053E-02  0.1911E-06  0.1272     -0.1282       0.000       0.000       0.000       0.000      -0.8631E-06   0.000       0.000       0.000       0.000       0.000                            0.1911E-06  0.1911E-06   0.000    
  31622400.0   10.44094844   10.5455   0.000       0.000      0.1046E-02  0.2032E-06  0.1265     -0.1275       0.000       0.000       0.000       0.000      -0.9442E-06   0.000       0.000       0.000       0.000       0.000                            0.2032E-06  0.2032E-06   0.000    
