   TOTIM (T)          HCON      HMAT     QDIR      QWELL        QMAT QCADS<->CON       QTUB1       QTUB2       QTUB3       QTUB4       QTUB5       QTUB6       NSTOR        QFIX        QLH     FHLQ (LQ)      CAUCHY CAUCHY (LQ) BREAK-DOWN CADS FLOW  QCADS<->CON    Q_CDSSTO    Q_CDSRCH
     86400.0   10.65855943   10.8043   0.000       0.000      0.1457E-02   0.000     -0.1647      0.1633       0.000       0.000       0.000       0.000        0.000       0.000       0.000       0.000       0.000       0.000                             0.000       0.000       0.000    
    172800.0   10.64343520   10.7872   0.000       0.000      0.1437E-02  0.8752E-06 -0.1632      0.1618       0.000       0.000       0.000       0.000        0.000       0.000       0.000       0.000       0.000       0.000                            0.8752E-06  0.8752E-06   0.000    
    259200.0   10.64403488   10.7880   0.000       0.000      0.1439E-02 -0.3470E-07 -0.1631      0.1616       0.000       0.000       0.000       0.000        0.000       0.000       0.000       0.000       0.000       0.000                           -0.3470E-07 -0.3470E-07   0.000    
    345600.0   10.64279780   10.7866   0.000       0.000      0.1438E-02  0.7159E-07 -0.1629      0.1614       0.000       0.000       0.000       0.000        0.000       0.000       0.000       0.000       0.000       0.000                            0.7159E-07  0.7159E-07   0.000    
    432000.0   10.65298695   10.7981   0.000       0.000      0.1451E-02 -0.5896E-06 -0.1638      0.1624       0.000       0.000       0.000       0.000        0.000       0.000       0.000       0.000       0.000       0.000                           -0.5896E-06 -0.5896E-06   0.000    
    518400.0   10.65886524   10.8046   0.000       0.000      0.1457E-02 -0.3402E-06 -0.1645      0.1630       0.000       0.000       0.000       0.000        0.000       0.000       0.000       0.000       0.000       0.000                           -0.3402E-06 -0.3402E-06   0.000    
    604800.0   10.66045923   10.8063   0.000       0.000      0.1459E-02 -0.9225E-07 -0.1648      0.1633       0.000       0.000       0.000       0.000        0.000       0.000       0.000       0.000       0.000       0.000                           -0.9225E-07 -0.9225E-07   0.000    
    691200.0   10.67582508   10.8237   0.000       0.000      0.1479E-02 -0.8892E-06 -0.1663      0.1649       0.000       0.000       0.000       0.000        0.000       0.000       0.000       0.000       0.000       0.000                           -0.8892E-06 -0.8892E-06   0.000    
    777600.0   10.71773386   10.8707   0.000       0.000      0.1530E-02 -0.2425E-05 -0.1705      0.1690       0.000       0.000       0.000       0.000        0.000       0.000       0.000       0.000       0.000       0.000                           -0.2425E-05 -0.2425E-05   0.000    
    864000.0   10.77911788   10.9392   0.000       0.000      0.1600E-02 -0.3552E-05 -0.1767      0.1751       0.000       0.000       0.000       0.000        0.000       0.000       0.000       0.000       0.000       0.000                           -0.3552E-05 -0.3552E-05   0.000    
    950400.0   10.80548671   10.9682   0.000       0.000      0.1627E-02 -0.1526E-05 -0.1801      0.1785       0.000       0.000       0.000       0.000        0.000       0.000       0.000       0.000       0.000       0.000                           -0.1526E-05 -0.1526E-05   0.000    
   1036800.0   10.87225135   11.0423   0.000       0.000      0.1700E-02 -0.3864E-05 -0.1864      0.1848       0.000       0.000       0.000       0.000        0.000       0.000       0.000       0.000       0.000       0.000                           -0.3864E-05 -0.3864E-05   0.000    
   1123200.0   10.99358644   11.1760   0.000       0.000      0.1824E-02 -0.7022E-05 -0.1968      0.1950       0.000       0.000       0.000       0.000        0.000       0.000       0.000       0.000       0.000       0.000                           -0.7022E-05 -0.7022E-05   0.000    
   1209600.0   10.97425175   11.1542   0.000       0.000      0.1800E-02  0.1119E-05 -0.1977      0.1959       0.000       0.000       0.000       0.000        0.000       0.000       0.000       0.000       0.000       0.000                            0.1119E-05  0.1119E-05   0.000    
   1296000.0   10.95416767   11.1323   0.000       0.000      0.1781E-02  0.1162E-05 -0.1972      0.1954       0.000       0.000       0.000       0.000        0.000       0.000       0.000       0.000       0.000       0.000                            0.1162E-05  0.1162E-05   0.000    
   1382400.0   10.93521438   11.1116   0.000       0.000      0.1763E-02  0.1097E-05 -0.1961      0.1943       0.000       0.000       0.000       0.000        0.000       0.000       0.000       0.000       0.000       0.000                            0.1097E-05  0.1097E-05   0.000    
   1468800.0   10.91685994   11.0916   0.000       0.000      0.1747E-02  0.1062E-05 -0.1948      0.1930       0.000       0.000       0.000       0.000        0.000       0.000       0.000       0.000       0.000       0.000                            0.1062E-05  0.1062E-05   0.000    
   1555200.0   10.89753655   11.0704   0.000       0.000      0.1729E-02  0.1118E-05 -0.1932      0.1915       0.000       0.000       0.000       0.000        0.000       0.000       0.000       0.000       0.000       0.000                            0.1118E-05  0.1118E-05   0.000    
   1641600.0   10.87839475   11.0494   0.000       0.000      0.1710E-02  0.1108E-05 -0.1915      0.1898       0.000       0.000       0.000       0.000        0.000       0.000       0.000       0.000       0.000       0.000                            0.1108E-05  0.1108E-05   0.000    
   1728000.0   10.86237823   11.0319   0.000       0.000      0.1695E-02  0.9269E-06 -0.1900      0.1883       0.000       0.000       0.000       0.000        0.000       0.000       0.000       0.000       0.000       0.000                            0.9269E-06  0.9269E-06   0.000    
   1814400.0   10.84831614   11.0165   0.000       0.000      0.1682E-02  0.8138E-06 -0.1886      0.1869       0.000       0.000       0.000       0.000        0.000       0.000       0.000       0.000       0.000       0.000                            0.8138E-06  0.8138E-06   0.000    
   1900800.0   10.83269090   10.9992   0.000       0.000      0.1665E-02  0.9042E-06 -0.1870      0.1853       0.000       0.000       0.000       0.000        0.000       0.000       0.000       0.000       0.000       0.000                            0.9042E-06  0.9042E-06   0.000    
   1987200.0   10.81828954   10.9834   0.000       0.000      0.1651E-02  0.8334E-06 -0.1855      0.1838       0.000       0.000       0.000       0.000        0.000       0.000       0.000       0.000       0.000       0.000                            0.8334E-06  0.8334E-06   0.000    
   2073600.0   10.80658770   10.9706   0.000       0.000      0.1640E-02  0.6772E-06 -0.1842      0.1826       0.000       0.000       0.000       0.000        0.000       0.000       0.000       0.000       0.000       0.000                            0.6772E-06  0.6772E-06   0.000    
   2160000.0   10.79291395   10.9554   0.000       0.000      0.1625E-02  0.7913E-06 -0.1827      0.1811       0.000       0.000       0.000       0.000        0.000       0.000       0.000       0.000       0.000       0.000                            0.7913E-06  0.7913E-06   0.000    
   2246400.0   10.77939962   10.9405   0.000       0.000      0.1611E-02  0.7821E-06 -0.1813      0.1797       0.000       0.000       0.000       0.000        0.000       0.000       0.000       0.000       0.000       0.000                            0.7821E-06  0.7821E-06   0.000    
   2332800.0   10.76636888   10.9260   0.000       0.000      0.1597E-02  0.7541E-06 -0.1798      0.1782       0.000       0.000       0.000       0.000        0.000       0.000       0.000       0.000       0.000       0.000                            0.7541E-06  0.7541E-06   0.000    
   2419200.0   10.75361962   10.9119   0.000       0.000      0.1583E-02  0.7378E-06 -0.1783      0.1767       0.000       0.000       0.000       0.000        0.000       0.000       0.000       0.000       0.000       0.000                            0.7378E-06  0.7378E-06   0.000    
   2505600.0   10.74823274   10.9060   0.000       0.000      0.1577E-02  0.3117E-06 -0.1775      0.1759       0.000       0.000       0.000       0.000        0.000       0.000       0.000       0.000       0.000       0.000                            0.3117E-06  0.3117E-06   0.000    
   2592000.0   10.73983767   10.8967   0.000       0.000      0.1568E-02  0.4858E-06 -0.1765      0.1750       0.000       0.000       0.000       0.000        0.000       0.000       0.000       0.000       0.000       0.000                            0.4858E-06  0.4858E-06   0.000    
   2678400.0   10.75665923   10.9156   0.000       0.000      0.1589E-02 -0.9735E-06 -0.1778      0.1762       0.000       0.000       0.000       0.000        0.000       0.000       0.000       0.000       0.000       0.000                           -0.9735E-06 -0.9735E-06   0.000    
   2764800.0   10.82216549   10.9886   0.000       0.000      0.1664E-02 -0.3791E-05 -0.1835      0.1818       0.000       0.000       0.000       0.000        0.000       0.000       0.000       0.000       0.000       0.000                           -0.3791E-05 -0.3791E-05   0.000    
   2851200.0   10.98313430   11.1664   0.000       0.000      0.1833E-02 -0.9315E-05 -0.1967      0.1949       0.000       0.000       0.000       0.000        0.000       0.000       0.000       0.000       0.000       0.000                           -0.9315E-05 -0.9315E-05   0.000    
   2937600.0   10.94912709   11.1282   0.000       0.000      0.1790E-02  0.1968E-05 -0.1968      0.1950       0.000       0.000       0.000       0.000        0.000       0.000       0.000       0.000       0.000       0.000                            0.1968E-05  0.1968E-05   0.000    
   3024000.0   10.95362159   11.1333   0.000       0.000      0.1797E-02 -0.2601E-06 -0.1979      0.1961       0.000       0.000       0.000       0.000        0.000       0.000       0.000       0.000       0.000       0.000                           -0.2601E-06 -0.2601E-06   0.000    
   3110400.0   10.95417235   11.1340   0.000       0.000      0.1798E-02 -0.3187E-07 -0.1984      0.1966       0.000       0.000       0.000       0.000        0.000       0.000       0.000       0.000       0.000       0.000                           -0.3187E-07 -0.3187E-07   0.000    
   3196800.0   10.94324814   11.1220   0.000       0.000      0.1787E-02  0.6322E-06 -0.1979      0.1961       0.000       0.000       0.000       0.000        0.000       0.000       0.000       0.000       0.000       0.000                            0.6322E-06  0.6322E-06   0.000    
   3283200.0   10.92720355   11.1044   0.000       0.000      0.1772E-02  0.9285E-06 -0.1969      0.1951       0.000       0.000       0.000       0.000        0.000       0.000       0.000       0.000       0.000       0.000                            0.9285E-06  0.9285E-06   0.000    
   3369600.0   10.92972185   11.1074   0.000       0.000      0.1777E-02 -0.1457E-06 -0.1970      0.1952       0.000       0.000       0.000       0.000        0.000       0.000       0.000       0.000       0.000       0.000                           -0.1457E-06 -0.1457E-06   0.000    
   3456000.0   10.94258882   11.1217   0.000       0.000      0.1791E-02 -0.7446E-06 -0.1979      0.1961       0.000       0.000       0.000       0.000        0.000       0.000       0.000       0.000       0.000       0.000                           -0.7446E-06 -0.7446E-06   0.000    
   3542400.0   10.96220461   11.1434   0.000       0.000      0.1812E-02 -0.1135E-05 -0.1997      0.1979       0.000       0.000       0.000       0.000        0.000       0.000       0.000       0.000       0.000       0.000                           -0.1135E-05 -0.1135E-05   0.000    
   3628800.0   10.96902596   11.1509   0.000       0.000      0.1819E-02 -0.3948E-06 -0.2006      0.1987       0.000       0.000       0.000       0.000        0.000       0.000       0.000       0.000       0.000       0.000                           -0.3948E-06 -0.3948E-06   0.000    
   3715200.0   10.95823653   11.1391   0.000       0.000      0.1808E-02  0.6244E-06 -0.2001      0.1983       0.000       0.000       0.000       0.000        0.000       0.000       0.000       0.000       0.000       0.000                            0.6244E-06  0.6244E-06   0.000    
   3801600.0   10.96138142   11.1427   0.000       0.000      0.1813E-02 -0.1820E-06 -0.2004      0.1986       0.000       0.000       0.000       0.000        0.000       0.000       0.000       0.000       0.000       0.000                           -0.1820E-06 -0.1820E-06   0.000    
   3888000.0   10.97247727   11.1550   0.000       0.000      0.1825E-02 -0.6421E-06 -0.2013      0.1995       0.000       0.000       0.000       0.000        0.000       0.000       0.000       0.000       0.000       0.000                           -0.6421E-06 -0.6421E-06   0.000    
   3974400.0   10.99741330   11.1826   0.000       0.000      0.1851E-02 -0.1443E-05 -0.2034      0.2015       0.000       0.000       0.000       0.000        0.000       0.000       0.000       0.000       0.000       0.000                           -0.1443E-05 -0.1443E-05   0.000    
   4060800.0   11.01714117   11.2042   0.000       0.000      0.1871E-02 -0.1142E-05 -0.2052      0.2033       0.000       0.000       0.000       0.000        0.000       0.000       0.000       0.000       0.000       0.000                           -0.1142E-05 -0.1142E-05   0.000    
   4147200.0   11.00584710   11.1918   0.000       0.000      0.1860E-02  0.6536E-06 -0.2050      0.2031       0.000       0.000       0.000       0.000        0.000       0.000       0.000       0.000       0.000       0.000                            0.6536E-06  0.6536E-06   0.000    
   4233600.0   10.98949395   11.1739   0.000       0.000      0.1844E-02  0.9464E-06 -0.2039      0.2021       0.000       0.000       0.000       0.000        0.000       0.000       0.000       0.000       0.000       0.000                            0.9464E-06  0.9464E-06   0.000    
   4320000.0   10.97612025   11.1594   0.000       0.000      0.1832E-02  0.7739E-06 -0.2029      0.2011       0.000       0.000       0.000       0.000        0.000       0.000       0.000       0.000       0.000       0.000                            0.7739E-06  0.7739E-06   0.000    
   4406400.0   10.96202741   11.1439   0.000       0.000      0.1819E-02  0.8156E-06 -0.2017      0.1999       0.000       0.000       0.000       0.000        0.000       0.000       0.000       0.000       0.000       0.000                            0.8156E-06  0.8156E-06   0.000    
   4492800.0   10.95089518   11.1318   0.000       0.000      0.1809E-02  0.6442E-06 -0.2007      0.1989       0.000       0.000       0.000       0.000        0.000       0.000       0.000       0.000       0.000       0.000                            0.6442E-06  0.6442E-06   0.000    
   4579200.0   10.93634270   11.1159   0.000       0.000      0.1795E-02  0.8422E-06 -0.1994      0.1976       0.000       0.000       0.000       0.000        0.000       0.000       0.000       0.000       0.000       0.000                            0.8422E-06  0.8422E-06   0.000    
   4665600.0   10.92109247   11.0991   0.000       0.000      0.1780E-02  0.8825E-06 -0.1980      0.1962       0.000       0.000       0.000       0.000        0.000       0.000       0.000       0.000       0.000       0.000                            0.8825E-06  0.8825E-06   0.000    
   4752000.0   10.94408367   11.1247   0.000       0.000      0.1806E-02 -0.1331E-05 -0.1994      0.1976       0.000       0.000       0.000       0.000        0.000       0.000       0.000       0.000       0.000       0.000                           -0.1331E-05 -0.1331E-05   0.000    
   4838400.0   10.97644108   11.1604   0.000       0.000      0.1839E-02 -0.1873E-05 -0.2020      0.2001       0.000       0.000       0.000       0.000        0.000       0.000       0.000       0.000       0.000       0.000                           -0.1873E-05 -0.1873E-05   0.000    
   4924800.0   11.01227786   11.1997   0.000       0.000      0.1874E-02 -0.2074E-05 -0.2050      0.2031       0.000       0.000       0.000       0.000        0.000       0.000       0.000       0.000       0.000       0.000                           -0.2074E-05 -0.2074E-05   0.000    
   5011200.0   11.03381322   11.2234   0.000       0.000      0.1896E-02 -0.1246E-05 -0.2072      0.2053       0.000       0.000       0.000       0.000        0.000       0.000       0.000       0.000       0.000       0.000                           -0.1246E-05 -0.1246E-05   0.000    
   5097600.0   11.02163969   11.2098   0.000       0.000      0.1882E-02  0.7045E-06 -0.2069      0.2051       0.000       0.000       0.000       0.000        0.000       0.000       0.000       0.000       0.000       0.000                            0.7045E-06  0.7045E-06   0.000    
   5184000.0   11.00483804   11.1915   0.000       0.000      0.1867E-02  0.9723E-06 -0.2060      0.2041       0.000       0.000       0.000       0.000        0.000       0.000       0.000       0.000       0.000       0.000                            0.9723E-06  0.9723E-06   0.000    
   5270400.0   10.99066486   11.1760   0.000       0.000      0.1853E-02  0.8202E-06 -0.2049      0.2030       0.000       0.000       0.000       0.000        0.000       0.000       0.000       0.000       0.000       0.000                            0.8202E-06  0.8202E-06   0.000    
   5356800.0   10.97441343   11.1583   0.000       0.000      0.1839E-02  0.9405E-06 -0.2036      0.2018       0.000       0.000       0.000       0.000        0.000       0.000       0.000       0.000       0.000       0.000                            0.9405E-06  0.9405E-06   0.000    
   5443200.0   10.98327711   11.1682   0.000       0.000      0.1849E-02 -0.5129E-06 -0.2040      0.2022       0.000       0.000       0.000       0.000        0.000       0.000       0.000       0.000       0.000       0.000                           -0.5129E-06 -0.5129E-06   0.000    
   5529600.0   10.99419725   11.1802   0.000       0.000      0.1860E-02 -0.6320E-06 -0.2048      0.2029       0.000       0.000       0.000       0.000        0.000       0.000       0.000       0.000       0.000       0.000                           -0.6320E-06 -0.6320E-06   0.000    
   5616000.0   11.00567340   11.1929   0.000       0.000      0.1873E-02 -0.6641E-06 -0.2058      0.2039       0.000       0.000       0.000       0.000        0.000       0.000       0.000       0.000       0.000       0.000                           -0.6641E-06 -0.6641E-06   0.000    
   5702400.0   11.01286827   11.2009   0.000       0.000      0.1880E-02 -0.4164E-06 -0.2065      0.2047       0.000       0.000       0.000       0.000        0.000       0.000       0.000       0.000       0.000       0.000                           -0.4164E-06 -0.4164E-06   0.000    
   5788800.0   11.00862854   11.1962   0.000       0.000      0.1876E-02  0.2454E-06 -0.2065      0.2046       0.000       0.000       0.000       0.000        0.000       0.000       0.000       0.000       0.000       0.000                            0.2454E-06  0.2454E-06   0.000    
   5875200.0   11.00927034   11.1970   0.000       0.000      0.1877E-02 -0.3714E-07 -0.2066      0.2047       0.000       0.000       0.000       0.000        0.000       0.000       0.000       0.000       0.000       0.000                           -0.3714E-07 -0.3714E-07   0.000    
   5961600.0   11.00546957   11.1928   0.000       0.000      0.1874E-02  0.2200E-06 -0.2064      0.2045       0.000       0.000       0.000       0.000        0.000       0.000       0.000       0.000       0.000       0.000                            0.2200E-06  0.2200E-06   0.000    
   6048000.0   10.99440092   11.1807   0.000       0.000      0.1863E-02  0.6405E-06 -0.2056      0.2037       0.000       0.000       0.000       0.000        0.000       0.000       0.000       0.000       0.000       0.000                            0.6405E-06  0.6405E-06   0.000    
   6134400.0   10.98000207   11.1650   0.000       0.000      0.1850E-02  0.8333E-06 -0.2045      0.2027       0.000       0.000       0.000       0.000        0.000       0.000       0.000       0.000       0.000       0.000                            0.8333E-06  0.8333E-06   0.000    
   6220800.0   10.96461846   11.1480   0.000       0.000      0.1834E-02  0.8903E-06 -0.2032      0.2013       0.000       0.000       0.000       0.000        0.000       0.000       0.000       0.000       0.000       0.000                            0.8903E-06  0.8903E-06   0.000    
   6307200.0   10.94867218   11.1306   0.000       0.000      0.1819E-02  0.9228E-06 -0.2017      0.1999       0.000       0.000       0.000       0.000        0.000       0.000       0.000       0.000       0.000       0.000                            0.9228E-06  0.9228E-06   0.000    
   6393600.0   10.93305046   11.1134   0.000       0.000      0.1803E-02  0.9040E-06 -0.2002      0.1984       0.000       0.000       0.000       0.000        0.000       0.000       0.000       0.000       0.000       0.000                            0.9040E-06  0.9040E-06   0.000    
   6480000.0   10.91749236   11.0963   0.000       0.000      0.1788E-02  0.9004E-06 -0.1987      0.1969       0.000       0.000       0.000       0.000        0.000       0.000       0.000       0.000       0.000       0.000                            0.9004E-06  0.9004E-06   0.000    
   6566400.0   10.90241462   11.0797   0.000       0.000      0.1772E-02  0.8726E-06 -0.1971      0.1954       0.000       0.000       0.000       0.000        0.000       0.000       0.000       0.000       0.000       0.000                            0.8726E-06  0.8726E-06   0.000    
   6652800.0   10.88741513   11.0632   0.000       0.000      0.1758E-02  0.8680E-06 -0.1956      0.1939       0.000       0.000       0.000       0.000        0.000       0.000       0.000       0.000       0.000       0.000                            0.8680E-06  0.8680E-06   0.000    
   6739200.0   10.87312923   11.0474   0.000       0.000      0.1742E-02  0.8267E-06 -0.1941      0.1923       0.000       0.000       0.000       0.000        0.000       0.000       0.000       0.000       0.000       0.000                            0.8267E-06  0.8267E-06   0.000    
   6825600.0   10.85875007   11.0315   0.000       0.000      0.1728E-02  0.8321E-06 -0.1926      0.1908       0.000       0.000       0.000       0.000        0.000       0.000       0.000       0.000       0.000       0.000                            0.8321E-06  0.8321E-06   0.000    
   6912000.0   10.84477305   11.0160   0.000       0.000      0.1712E-02  0.8089E-06 -0.1910      0.1893       0.000       0.000       0.000       0.000        0.000       0.000       0.000       0.000       0.000       0.000                            0.8089E-06  0.8089E-06   0.000    
   6998400.0   10.83092128   11.0007   0.000       0.000      0.1698E-02  0.8016E-06 -0.1895      0.1878       0.000       0.000       0.000       0.000        0.000       0.000       0.000       0.000       0.000       0.000                            0.8016E-06  0.8016E-06   0.000    
   7084800.0   10.81772084   10.9860   0.000       0.000      0.1683E-02  0.7639E-06 -0.1880      0.1863       0.000       0.000       0.000       0.000        0.000       0.000       0.000       0.000       0.000       0.000                            0.7639E-06  0.7639E-06   0.000    
   7171200.0   10.80500651   10.9719   0.000       0.000      0.1669E-02  0.7358E-06 -0.1865      0.1848       0.000       0.000       0.000       0.000        0.000       0.000       0.000       0.000       0.000       0.000                            0.7358E-06  0.7358E-06   0.000    
   7257600.0   10.79260771   10.9581   0.000       0.000      0.1655E-02  0.7175E-06 -0.1851      0.1834       0.000       0.000       0.000       0.000        0.000       0.000       0.000       0.000       0.000       0.000                            0.7175E-06  0.7175E-06   0.000    
   7344000.0   10.78077032   10.9449   0.000       0.000      0.1641E-02  0.6850E-06 -0.1836      0.1820       0.000       0.000       0.000       0.000        0.000       0.000       0.000       0.000       0.000       0.000                            0.6850E-06  0.6850E-06   0.000    
   7430400.0   10.77010759   10.9330   0.000       0.000      0.1629E-02  0.6171E-06 -0.1823      0.1807       0.000       0.000       0.000       0.000        0.000       0.000       0.000       0.000       0.000       0.000                            0.6171E-06  0.6171E-06   0.000    
   7516800.0   10.75970298   10.9214   0.000       0.000      0.1617E-02  0.6021E-06 -0.1810      0.1794       0.000       0.000       0.000       0.000        0.000       0.000       0.000       0.000       0.000       0.000                            0.6021E-06  0.6021E-06   0.000    
   7603200.0   10.74890357   10.9093   0.000       0.000      0.1604E-02  0.6250E-06 -0.1797      0.1781       0.000       0.000       0.000       0.000        0.000       0.000       0.000       0.000       0.000       0.000                            0.6250E-06  0.6250E-06   0.000    
   7689600.0   10.73859053   10.8977   0.000       0.000      0.1591E-02  0.5968E-06 -0.1784      0.1768       0.000       0.000       0.000       0.000        0.000       0.000       0.000       0.000       0.000       0.000                            0.5968E-06  0.5968E-06   0.000    
   7776000.0   10.72895175   10.8869   0.000       0.000      0.1580E-02  0.5578E-06 -0.1772      0.1756       0.000       0.000       0.000       0.000        0.000       0.000       0.000       0.000       0.000       0.000                            0.5578E-06  0.5578E-06   0.000    
   7862400.0   10.71933449   10.8761   0.000       0.000      0.1567E-02  0.5566E-06 -0.1760      0.1744       0.000       0.000       0.000       0.000        0.000       0.000       0.000       0.000       0.000       0.000                            0.5566E-06  0.5566E-06   0.000    
   7948800.0   10.70989387   10.8655   0.000       0.000      0.1556E-02  0.5463E-06 -0.1748      0.1732       0.000       0.000       0.000       0.000        0.000       0.000       0.000       0.000       0.000       0.000                            0.5463E-06  0.5463E-06   0.000    
   8035200.0   10.70091666   10.8553   0.000       0.000      0.1544E-02  0.5195E-06 -0.1736      0.1720       0.000       0.000       0.000       0.000        0.000       0.000       0.000       0.000       0.000       0.000                            0.5195E-06  0.5195E-06   0.000    
   8121600.0   10.69205302   10.8454   0.000       0.000      0.1533E-02  0.5129E-06 -0.1724      0.1709       0.000       0.000       0.000       0.000        0.000       0.000       0.000       0.000       0.000       0.000                            0.5129E-06  0.5129E-06   0.000    
   8208000.0   10.68363048   10.8358   0.000       0.000      0.1522E-02  0.4874E-06 -0.1713      0.1697       0.000       0.000       0.000       0.000        0.000       0.000       0.000       0.000       0.000       0.000                            0.4874E-06  0.4874E-06   0.000    
   8294400.0   10.67527465   10.8264   0.000       0.000      0.1511E-02  0.4836E-06 -0.1702      0.1687       0.000       0.000       0.000       0.000        0.000       0.000       0.000       0.000       0.000       0.000                            0.4836E-06  0.4836E-06   0.000    
   8380800.0   10.71519409   10.8714   0.000       0.000      0.1562E-02 -0.2310E-05 -0.1737      0.1721       0.000       0.000       0.000       0.000        0.000       0.000       0.000       0.000       0.000       0.000                           -0.2310E-05 -0.2310E-05   0.000    
   8467200.0   10.71853470   10.8747   0.000       0.000      0.1562E-02 -0.1933E-06 -0.1743      0.1728       0.000       0.000       0.000       0.000        0.000       0.000       0.000       0.000       0.000       0.000                           -0.1933E-06 -0.1933E-06   0.000    
   8553600.0   10.71894073   10.8751   0.000       0.000      0.1561E-02 -0.2350E-07 -0.1745      0.1730       0.000       0.000       0.000       0.000        0.000       0.000       0.000       0.000       0.000       0.000                           -0.2350E-07 -0.2350E-07   0.000    
   8640000.0   10.71533941   10.8709   0.000       0.000      0.1556E-02  0.2084E-06 -0.1742      0.1727       0.000       0.000       0.000       0.000        0.000       0.000       0.000       0.000       0.000       0.000                            0.2084E-06  0.2084E-06   0.000    
   8726400.0   10.70970111   10.8646   0.000       0.000      0.1549E-02  0.3263E-06 -0.1737      0.1721       0.000       0.000       0.000       0.000        0.000       0.000       0.000       0.000       0.000       0.000                            0.3263E-06  0.3263E-06   0.000    
   8812800.0   10.70317737   10.8572   0.000       0.000      0.1540E-02  0.3775E-06 -0.1729      0.1714       0.000       0.000       0.000       0.000        0.000       0.000       0.000       0.000       0.000       0.000                            0.3775E-06  0.3775E-06   0.000    
   8899200.0   10.69493138   10.8479   0.000       0.000      0.1529E-02  0.4772E-06 -0.1720      0.1704       0.000       0.000       0.000       0.000        0.000       0.000       0.000       0.000       0.000       0.000                            0.4772E-06  0.4772E-06   0.000    
   8985600.0   10.69239366   10.8450   0.000       0.000      0.1526E-02  0.1469E-06 -0.1715      0.1700       0.000       0.000       0.000       0.000        0.000       0.000       0.000       0.000       0.000       0.000                            0.1469E-06  0.1469E-06   0.000    
   9072000.0   10.69930853   10.8527   0.000       0.000      0.1534E-02 -0.4002E-06 -0.1720      0.1705       0.000       0.000       0.000       0.000        0.000       0.000       0.000       0.000       0.000       0.000                           -0.4002E-06 -0.4002E-06   0.000    
   9158400.0   10.69597792   10.8489   0.000       0.000      0.1529E-02  0.1927E-06 -0.1717      0.1701       0.000       0.000       0.000       0.000        0.000       0.000       0.000       0.000       0.000       0.000                            0.1927E-06  0.1927E-06   0.000    
   9244800.0   10.71998733   10.8759   0.000       0.000      0.1559E-02 -0.1389E-05 -0.1739      0.1723       0.000       0.000       0.000       0.000        0.000       0.000       0.000       0.000       0.000       0.000                           -0.1389E-05 -0.1389E-05   0.000    
   9331200.0   10.78061738   10.9435   0.000       0.000      0.1629E-02 -0.3509E-05 -0.1796      0.1779       0.000       0.000       0.000       0.000        0.000       0.000       0.000       0.000       0.000       0.000                           -0.3509E-05 -0.3509E-05   0.000    
   9417600.0   10.92887341   11.1078   0.000       0.000      0.1789E-02 -0.8580E-05 -0.1924      0.1906       0.000       0.000       0.000       0.000        0.000       0.000       0.000       0.000       0.000       0.000                           -0.8580E-05 -0.8580E-05   0.000    
   9504000.0   11.03587178   11.2248   0.000       0.000      0.1890E-02 -0.6192E-05 -0.2024      0.2005       0.000       0.000       0.000       0.000        0.000       0.000       0.000       0.000       0.000       0.000                           -0.6192E-05 -0.6192E-05   0.000    
   9590400.0   11.01134148   11.1974   0.000       0.000      0.1860E-02  0.1420E-05 -0.2032      0.2013       0.000       0.000       0.000       0.000        0.000       0.000       0.000       0.000       0.000       0.000                            0.1420E-05  0.1420E-05   0.000    
   9676800.0   10.98472554   11.1682   0.000       0.000      0.1835E-02  0.1540E-05 -0.2023      0.2004       0.000       0.000       0.000       0.000        0.000       0.000       0.000       0.000       0.000       0.000                            0.1540E-05  0.1540E-05   0.000    
   9763200.0   10.95778418   11.1387   0.000       0.000      0.1809E-02  0.1559E-05 -0.2006      0.1988       0.000       0.000       0.000       0.000        0.000       0.000       0.000       0.000       0.000       0.000                            0.1559E-05  0.1559E-05   0.000    
   9849600.0   10.93274713   11.1113   0.000       0.000      0.1785E-02  0.1449E-05 -0.1986      0.1968       0.000       0.000       0.000       0.000        0.000       0.000       0.000       0.000       0.000       0.000                            0.1449E-05  0.1449E-05   0.000    
   9936000.0   10.94947627   11.1300   0.000       0.000      0.1805E-02 -0.9681E-06 -0.1996      0.1978       0.000       0.000       0.000       0.000        0.000       0.000       0.000       0.000       0.000       0.000                           -0.9681E-06 -0.9681E-06   0.000    
  10022400.0   10.96258433   11.1445   0.000       0.000      0.1819E-02 -0.7586E-06 -0.2007      0.1989       0.000       0.000       0.000       0.000        0.000       0.000       0.000       0.000       0.000       0.000                           -0.7586E-06 -0.7586E-06   0.000    
  10108800.0   10.96613309   11.1484   0.000       0.000      0.1823E-02 -0.2054E-06 -0.2013      0.1995       0.000       0.000       0.000       0.000        0.000       0.000       0.000       0.000       0.000       0.000                           -0.2054E-06 -0.2054E-06   0.000    
  10195200.0   10.97676230   11.1601   0.000       0.000      0.1834E-02 -0.6151E-06 -0.2023      0.2004       0.000       0.000       0.000       0.000        0.000       0.000       0.000       0.000       0.000       0.000                           -0.6151E-06 -0.6151E-06   0.000    
  10281600.0   10.98214845   11.1661   0.000       0.000      0.1839E-02 -0.3117E-06 -0.2029      0.2011       0.000       0.000       0.000       0.000        0.000       0.000       0.000       0.000       0.000       0.000                           -0.3117E-06 -0.3117E-06   0.000    
  10368000.0   10.97080051   11.1537   0.000       0.000      0.1829E-02  0.6567E-06 -0.2024      0.2006       0.000       0.000       0.000       0.000        0.000       0.000       0.000       0.000       0.000       0.000                            0.6567E-06  0.6567E-06   0.000    
  10454400.0   10.95418023   11.1354   0.000       0.000      0.1812E-02  0.9618E-06 -0.2012      0.1994       0.000       0.000       0.000       0.000        0.000       0.000       0.000       0.000       0.000       0.000                            0.9618E-06  0.9618E-06   0.000    
  10540800.0   10.95359023   11.1349   0.000       0.000      0.1813E-02  0.3414E-07 -0.2010      0.1992       0.000       0.000       0.000       0.000        0.000       0.000       0.000       0.000       0.000       0.000                            0.3414E-07  0.3414E-07   0.000    
  10627200.0   10.96088839   11.1431   0.000       0.000      0.1822E-02 -0.4223E-06 -0.2015      0.1997       0.000       0.000       0.000       0.000        0.000       0.000       0.000       0.000       0.000       0.000                           -0.4223E-06 -0.4223E-06   0.000    
  10713600.0   10.96124773   11.1435   0.000       0.000      0.1822E-02 -0.2079E-07 -0.2017      0.1998       0.000       0.000       0.000       0.000        0.000       0.000       0.000       0.000       0.000       0.000                           -0.2079E-07 -0.2079E-07   0.000    
  10800000.0   10.95308174   11.1345   0.000       0.000      0.1814E-02  0.4726E-06 -0.2011      0.1993       0.000       0.000       0.000       0.000        0.000       0.000       0.000       0.000       0.000       0.000                            0.4726E-06  0.4726E-06   0.000    
  10886400.0   10.93953044   11.1197   0.000       0.000      0.1801E-02  0.7842E-06 -0.2001      0.1983       0.000       0.000       0.000       0.000        0.000       0.000       0.000       0.000       0.000       0.000                            0.7842E-06  0.7842E-06   0.000    
  10972800.0   10.92369630   11.1022   0.000       0.000      0.1785E-02  0.9163E-06 -0.1987      0.1969       0.000       0.000       0.000       0.000        0.000       0.000       0.000       0.000       0.000       0.000                            0.9163E-06  0.9163E-06   0.000    
  11059200.0   10.90514549   11.0818   0.000       0.000      0.1767E-02  0.1074E-05 -0.1971      0.1953       0.000       0.000       0.000       0.000        0.000       0.000       0.000       0.000       0.000       0.000                            0.1074E-05  0.1074E-05   0.000    
  11145600.0   10.88668342   11.0615   0.000       0.000      0.1749E-02  0.1068E-05 -0.1953      0.1936       0.000       0.000       0.000       0.000        0.000       0.000       0.000       0.000       0.000       0.000                            0.1068E-05  0.1068E-05   0.000    
  11232000.0   10.86930242   11.0423   0.000       0.000      0.1730E-02  0.1006E-05 -0.1935      0.1918       0.000       0.000       0.000       0.000        0.000       0.000       0.000       0.000       0.000       0.000                            0.1006E-05  0.1006E-05   0.000    
  11318400.0   10.85253751   11.0239   0.000       0.000      0.1713E-02  0.9702E-06 -0.1918      0.1900       0.000       0.000       0.000       0.000        0.000       0.000       0.000       0.000       0.000       0.000                            0.9702E-06  0.9702E-06   0.000    
  11404800.0   10.85689510   11.0289   0.000       0.000      0.1720E-02 -0.2522E-06 -0.1917      0.1900       0.000       0.000       0.000       0.000        0.000       0.000       0.000       0.000       0.000       0.000                           -0.2522E-06 -0.2522E-06   0.000    
  11491200.0   10.84189677   11.0121   0.000       0.000      0.1702E-02  0.8680E-06 -0.1903      0.1886       0.000       0.000       0.000       0.000        0.000       0.000       0.000       0.000       0.000       0.000                            0.8680E-06  0.8680E-06   0.000    
  11577600.0   10.86496986   11.0379   0.000       0.000      0.1729E-02 -0.1335E-05 -0.1919      0.1901       0.000       0.000       0.000       0.000        0.000       0.000       0.000       0.000       0.000       0.000                           -0.1335E-05 -0.1335E-05   0.000    
  11664000.0   10.92781416   11.1075   0.000       0.000      0.1797E-02 -0.3637E-05 -0.1969      0.1951       0.000       0.000       0.000       0.000        0.000       0.000       0.000       0.000       0.000       0.000                           -0.3637E-05 -0.3637E-05   0.000    
  11750400.0   11.07865602   11.2732   0.000       0.000      0.1946E-02 -0.8729E-05 -0.2084      0.2064       0.000       0.000       0.000       0.000        0.000       0.000       0.000       0.000       0.000       0.000                           -0.8729E-05 -0.8729E-05   0.000    
  11836800.0   11.04549432   11.2361   0.000       0.000      0.1907E-02  0.1919E-05 -0.2085      0.2066       0.000       0.000       0.000       0.000        0.000       0.000       0.000       0.000       0.000       0.000                            0.1919E-05  0.1919E-05   0.000    
  11923200.0   11.01784340   11.2059   0.000       0.000      0.1881E-02  0.1600E-05 -0.2073      0.2054       0.000       0.000       0.000       0.000        0.000       0.000       0.000       0.000       0.000       0.000                            0.1600E-05  0.1600E-05   0.000    
  12009600.0   10.99339618   11.1791   0.000       0.000      0.1857E-02  0.1415E-05 -0.2056      0.2037       0.000       0.000       0.000       0.000        0.000       0.000       0.000       0.000       0.000       0.000                            0.1415E-05  0.1415E-05   0.000    
  12096000.0   10.98753649   11.1729   0.000       0.000      0.1853E-02  0.3391E-06 -0.2050      0.2032       0.000       0.000       0.000       0.000        0.000       0.000       0.000       0.000       0.000       0.000                            0.3391E-06  0.3391E-06   0.000    
  12182400.0   10.97955953   11.1642   0.000       0.000      0.1846E-02  0.4616E-06 -0.2044      0.2025       0.000       0.000       0.000       0.000        0.000       0.000       0.000       0.000       0.000       0.000                            0.4616E-06  0.4616E-06   0.000    
  12268800.0   10.96646368   11.1498   0.000       0.000      0.1833E-02  0.7579E-06 -0.2033      0.2014       0.000       0.000       0.000       0.000        0.000       0.000       0.000       0.000       0.000       0.000                            0.7579E-06  0.7579E-06   0.000    
  12355200.0   10.95020307   11.1320   0.000       0.000      0.1818E-02  0.9410E-06 -0.2019      0.2001       0.000       0.000       0.000       0.000        0.000       0.000       0.000       0.000       0.000       0.000                            0.9410E-06  0.9410E-06   0.000    
  12441600.0   10.93888718   11.1196   0.000       0.000      0.1807E-02  0.6549E-06 -0.2008      0.1990       0.000       0.000       0.000       0.000        0.000       0.000       0.000       0.000       0.000       0.000                            0.6549E-06  0.6549E-06   0.000    
  12528000.0   10.97903290   11.1640   0.000       0.000      0.1850E-02 -0.2323E-05 -0.2035      0.2016       0.000       0.000       0.000       0.000        0.000       0.000       0.000       0.000       0.000       0.000                           -0.2323E-05 -0.2323E-05   0.000    
  12614400.0   11.02426691   11.2137   0.000       0.000      0.1894E-02 -0.2618E-05 -0.2071      0.2052       0.000       0.000       0.000       0.000        0.000       0.000       0.000       0.000       0.000       0.000                           -0.2618E-05 -0.2618E-05   0.000    
  12700800.0   11.01550659   11.2039   0.000       0.000      0.1884E-02  0.5070E-06 -0.2072      0.2054       0.000       0.000       0.000       0.000        0.000       0.000       0.000       0.000       0.000       0.000                            0.5070E-06  0.5070E-06   0.000    
  12787200.0   11.00130699   11.1883   0.000       0.000      0.1870E-02  0.8217E-06 -0.2065      0.2046       0.000       0.000       0.000       0.000        0.000       0.000       0.000       0.000       0.000       0.000                            0.8217E-06  0.8217E-06   0.000    
  12873600.0   10.98295647   11.1682   0.000       0.000      0.1852E-02  0.1062E-05 -0.2052      0.2033       0.000       0.000       0.000       0.000        0.000       0.000       0.000       0.000       0.000       0.000                            0.1062E-05  0.1062E-05   0.000    
  12960000.0   10.98741296   11.1732   0.000       0.000      0.1858E-02 -0.2579E-06 -0.2053      0.2035       0.000       0.000       0.000       0.000        0.000       0.000       0.000       0.000       0.000       0.000                           -0.2579E-06 -0.2579E-06   0.000    
  13046400.0   10.97922508   11.1642   0.000       0.000      0.1850E-02  0.4738E-06 -0.2047      0.2029       0.000       0.000       0.000       0.000        0.000       0.000       0.000       0.000       0.000       0.000                            0.4738E-06  0.4738E-06   0.000    
  13132800.0   10.96730941   11.1511   0.000       0.000      0.1838E-02  0.6896E-06 -0.2037      0.2019       0.000       0.000       0.000       0.000        0.000       0.000       0.000       0.000       0.000       0.000                            0.6896E-06  0.6896E-06   0.000    
  13219200.0   10.95909377   11.1421   0.000       0.000      0.1830E-02  0.4754E-06 -0.2030      0.2011       0.000       0.000       0.000       0.000        0.000       0.000       0.000       0.000       0.000       0.000                            0.4754E-06  0.4754E-06   0.000    
  13305600.0   10.94687912   11.1288   0.000       0.000      0.1819E-02  0.7069E-06 -0.2019      0.2001       0.000       0.000       0.000       0.000        0.000       0.000       0.000       0.000       0.000       0.000                            0.7069E-06  0.7069E-06   0.000    
  13392000.0   10.96594460   11.1499   0.000       0.000      0.1839E-02 -0.1103E-05 -0.2031      0.2012       0.000       0.000       0.000       0.000        0.000       0.000       0.000       0.000       0.000       0.000                           -0.1103E-05 -0.1103E-05   0.000    
  13478400.0   10.97966921   11.1650   0.000       0.000      0.1853E-02 -0.7942E-06 -0.2042      0.2024       0.000       0.000       0.000       0.000        0.000       0.000       0.000       0.000       0.000       0.000                           -0.7942E-06 -0.7942E-06   0.000    
  13564800.0   10.97531333   11.1601   0.000       0.000      0.1848E-02  0.2521E-06 -0.2041      0.2023       0.000       0.000       0.000       0.000        0.000       0.000       0.000       0.000       0.000       0.000                            0.2521E-06  0.2521E-06   0.000    
  13651200.0   10.96689221   11.1508   0.000       0.000      0.1839E-02  0.4873E-06 -0.2036      0.2017       0.000       0.000       0.000       0.000        0.000       0.000       0.000       0.000       0.000       0.000                            0.4873E-06  0.4873E-06   0.000    
  13737600.0   10.95504003   11.1378   0.000       0.000      0.1828E-02  0.6859E-06 -0.2026      0.2008       0.000       0.000       0.000       0.000        0.000       0.000       0.000       0.000       0.000       0.000                            0.6859E-06  0.6859E-06   0.000    
  13824000.0   10.99430396   11.1812   0.000       0.000      0.1869E-02 -0.2272E-05 -0.2053      0.2034       0.000       0.000       0.000       0.000        0.000       0.000       0.000       0.000       0.000       0.000                           -0.2272E-05 -0.2272E-05   0.000    
  13910400.0   11.04957171   11.2419   0.000       0.000      0.1924E-02 -0.3198E-05 -0.2096      0.2077       0.000       0.000       0.000       0.000        0.000       0.000       0.000       0.000       0.000       0.000                           -0.3198E-05 -0.3198E-05   0.000    
  13996800.0   11.04661647   11.2385   0.000       0.000      0.1918E-02  0.1710E-06 -0.2103      0.2084       0.000       0.000       0.000       0.000        0.000       0.000       0.000       0.000       0.000       0.000                            0.1710E-06  0.1710E-06   0.000    
  14083200.0   11.03309946   11.2235   0.000       0.000      0.1904E-02  0.7822E-06 -0.2097      0.2078       0.000       0.000       0.000       0.000        0.000       0.000       0.000       0.000       0.000       0.000                            0.7822E-06  0.7822E-06   0.000    
  14169600.0   11.04574286   11.2376   0.000       0.000      0.1919E-02 -0.7317E-06 -0.2107      0.2088       0.000       0.000       0.000       0.000        0.000       0.000       0.000       0.000       0.000       0.000                           -0.7317E-06 -0.7317E-06   0.000    
  14256000.0   11.05601493   11.2489   0.000       0.000      0.1929E-02 -0.5944E-06 -0.2117      0.2097       0.000       0.000       0.000       0.000        0.000       0.000       0.000       0.000       0.000       0.000                           -0.5944E-06 -0.5944E-06   0.000    
  14342400.0   11.10952095   11.3076   0.000       0.000      0.1981E-02 -0.3096E-05 -0.2155      0.2135       0.000       0.000       0.000       0.000        0.000       0.000       0.000       0.000       0.000       0.000                           -0.3096E-05 -0.3096E-05   0.000    
  14428800.0   11.24739149   11.4581   0.000       0.000      0.2107E-02 -0.7979E-05 -0.2249      0.2228       0.000       0.000       0.000       0.000        0.000       0.000       0.000       0.000       0.000       0.000                           -0.7979E-05 -0.7979E-05   0.000    
  14515200.0   11.23961170   11.4492   0.000       0.000      0.2096E-02  0.4502E-06 -0.2266      0.2245       0.000       0.000       0.000       0.000        0.000       0.000       0.000       0.000       0.000       0.000                            0.4502E-06  0.4502E-06   0.000    
  14601600.0   11.25897514   11.4704   0.000       0.000      0.2114E-02 -0.1121E-05 -0.2287      0.2266       0.000       0.000       0.000       0.000        0.000       0.000       0.000       0.000       0.000       0.000                           -0.1121E-05 -0.1121E-05   0.000    
  14688000.0   11.30381656   11.5193   0.000       0.000      0.2155E-02 -0.2595E-05 -0.2322      0.2300       0.000       0.000       0.000       0.000        0.000       0.000       0.000       0.000       0.000       0.000                           -0.2595E-05 -0.2595E-05   0.000    
  14774400.0   11.31850401   11.5352   0.000       0.000      0.2167E-02 -0.8500E-06 -0.2341      0.2319       0.000       0.000       0.000       0.000        0.000       0.000       0.000       0.000       0.000       0.000                           -0.8500E-06 -0.8500E-06   0.000    
  14860800.0   11.30805782   11.5239   0.000       0.000      0.2158E-02  0.6045E-06 -0.2343      0.2321       0.000       0.000       0.000       0.000        0.000       0.000       0.000       0.000       0.000       0.000                            0.6045E-06  0.6045E-06   0.000    
  14947200.0   11.29521269   11.5100   0.000       0.000      0.2148E-02  0.7434E-06 -0.2339      0.2317       0.000       0.000       0.000       0.000        0.000       0.000       0.000       0.000       0.000       0.000                            0.7434E-06  0.7434E-06   0.000    
  15033600.0   11.27526342   11.4886   0.000       0.000      0.2133E-02  0.1154E-05 -0.2330      0.2308       0.000       0.000       0.000       0.000        0.000       0.000       0.000       0.000       0.000       0.000                            0.1154E-05  0.1154E-05   0.000    
  15120000.0   11.25281586   11.4642   0.000       0.000      0.2114E-02  0.1299E-05 -0.2316      0.2294       0.000       0.000       0.000       0.000        0.000       0.000       0.000       0.000       0.000       0.000                            0.1299E-05  0.1299E-05   0.000    
  15206400.0   11.22711202   11.4365   0.000       0.000      0.2093E-02  0.1487E-05 -0.2299      0.2278       0.000       0.000       0.000       0.000        0.000       0.000       0.000       0.000       0.000       0.000                            0.1487E-05  0.1487E-05   0.000    
  15292800.0   11.20033834   11.4073   0.000       0.000      0.2070E-02  0.1549E-05 -0.2279      0.2258       0.000       0.000       0.000       0.000        0.000       0.000       0.000       0.000       0.000       0.000                            0.1549E-05  0.1549E-05   0.000    
  15379200.0   11.23654784   11.4471   0.000       0.000      0.2106E-02 -0.2095E-05 -0.2296      0.2275       0.000       0.000       0.000       0.000        0.000       0.000       0.000       0.000       0.000       0.000                           -0.2095E-05 -0.2095E-05   0.000    
  15465600.0   11.25284998   11.4649   0.000       0.000      0.2121E-02 -0.9434E-06 -0.2309      0.2288       0.000       0.000       0.000       0.000        0.000       0.000       0.000       0.000       0.000       0.000                           -0.9434E-06 -0.9434E-06   0.000    
  15552000.0   11.23914169   11.4500   0.000       0.000      0.2108E-02  0.7933E-06 -0.2304      0.2283       0.000       0.000       0.000       0.000        0.000       0.000       0.000       0.000       0.000       0.000                            0.7933E-06  0.7933E-06   0.000    
  15638400.0   11.21521233   11.4240   0.000       0.000      0.2088E-02  0.1385E-05 -0.2291      0.2270       0.000       0.000       0.000       0.000        0.000       0.000       0.000       0.000       0.000       0.000                            0.1385E-05  0.1385E-05   0.000    
  15724800.0   11.19047507   11.3972   0.000       0.000      0.2067E-02  0.1432E-05 -0.2273      0.2253       0.000       0.000       0.000       0.000        0.000       0.000       0.000       0.000       0.000       0.000                            0.1432E-05  0.1432E-05   0.000    
  15811200.0   11.16623053   11.3708   0.000       0.000      0.2046E-02  0.1403E-05 -0.2254      0.2234       0.000       0.000       0.000       0.000        0.000       0.000       0.000       0.000       0.000       0.000                            0.1403E-05  0.1403E-05   0.000    
  15897600.0   11.14313546   11.3457   0.000       0.000      0.2026E-02  0.1337E-05 -0.2235      0.2215       0.000       0.000       0.000       0.000        0.000       0.000       0.000       0.000       0.000       0.000                            0.1337E-05  0.1337E-05   0.000    
  15984000.0   11.12703109   11.3282   0.000       0.000      0.2012E-02  0.9320E-06 -0.2220      0.2200       0.000       0.000       0.000       0.000        0.000       0.000       0.000       0.000       0.000       0.000                            0.9320E-06  0.9320E-06   0.000    
  16070400.0   11.10622261   11.3054   0.000       0.000      0.1992E-02  0.1204E-05 -0.2202      0.2182       0.000       0.000       0.000       0.000        0.000       0.000       0.000       0.000       0.000       0.000                            0.1204E-05  0.1204E-05   0.000    
  16156800.0   11.08583388   11.2833   0.000       0.000      0.1974E-02  0.1180E-05 -0.2184      0.2164       0.000       0.000       0.000       0.000        0.000       0.000       0.000       0.000       0.000       0.000                            0.1180E-05  0.1180E-05   0.000    
  16243200.0   11.06605428   11.2616   0.000       0.000      0.1955E-02  0.1145E-05 -0.2165      0.2146       0.000       0.000       0.000       0.000        0.000       0.000       0.000       0.000       0.000       0.000                            0.1145E-05  0.1145E-05   0.000    
  16329600.0   11.04679407   11.2406   0.000       0.000      0.1938E-02  0.1115E-05 -0.2148      0.2128       0.000       0.000       0.000       0.000        0.000       0.000       0.000       0.000       0.000       0.000                            0.1115E-05  0.1115E-05   0.000    
  16416000.0   11.02837109   11.2204   0.000       0.000      0.1920E-02  0.1066E-05 -0.2129      0.2110       0.000       0.000       0.000       0.000        0.000       0.000       0.000       0.000       0.000       0.000                            0.1066E-05  0.1066E-05   0.000    
  16502400.0   11.01049006   11.2008   0.000       0.000      0.1903E-02  0.1035E-05 -0.2112      0.2093       0.000       0.000       0.000       0.000        0.000       0.000       0.000       0.000       0.000       0.000                            0.1035E-05  0.1035E-05   0.000    
  16588800.0   10.99337796   11.1820   0.000       0.000      0.1886E-02  0.9903E-06 -0.2094      0.2076       0.000       0.000       0.000       0.000        0.000       0.000       0.000       0.000       0.000       0.000                            0.9903E-06  0.9903E-06   0.000    
  16675200.0   10.97692420   11.1639   0.000       0.000      0.1869E-02  0.9522E-06 -0.2077      0.2059       0.000       0.000       0.000       0.000        0.000       0.000       0.000       0.000       0.000       0.000                            0.9522E-06  0.9522E-06   0.000    
  16761600.0   10.96424841   11.1500   0.000       0.000      0.1857E-02  0.7336E-06 -0.2063      0.2045       0.000       0.000       0.000       0.000        0.000       0.000       0.000       0.000       0.000       0.000                            0.7336E-06  0.7336E-06   0.000    
  16848000.0   10.95473981   11.1395   0.000       0.000      0.1847E-02  0.5503E-06 -0.2052      0.2033       0.000       0.000       0.000       0.000        0.000       0.000       0.000       0.000       0.000       0.000                            0.5503E-06  0.5503E-06   0.000    
  16934400.0   10.95679582   11.1418   0.000       0.000      0.1850E-02 -0.1190E-06 -0.2050      0.2031       0.000       0.000       0.000       0.000        0.000       0.000       0.000       0.000       0.000       0.000                           -0.1190E-06 -0.1190E-06   0.000    
  17020800.0   10.95256747   11.1370   0.000       0.000      0.1845E-02  0.2447E-06 -0.2044      0.2026       0.000       0.000       0.000       0.000        0.000       0.000       0.000       0.000       0.000       0.000                            0.2447E-06  0.2447E-06   0.000    
  17107200.0   10.93801580   11.1209   0.000       0.000      0.1829E-02  0.8421E-06 -0.2031      0.2013       0.000       0.000       0.000       0.000        0.000       0.000       0.000       0.000       0.000       0.000                            0.8421E-06  0.8421E-06   0.000    
  17193600.0   10.92423575   11.1057   0.000       0.000      0.1814E-02  0.7975E-06 -0.2018      0.1999       0.000       0.000       0.000       0.000        0.000       0.000       0.000       0.000       0.000       0.000                            0.7975E-06  0.7975E-06   0.000    
  17280000.0   10.91045098   11.0903   0.000       0.000      0.1799E-02  0.7977E-06 -0.2003      0.1985       0.000       0.000       0.000       0.000        0.000       0.000       0.000       0.000       0.000       0.000                            0.7977E-06  0.7977E-06   0.000    
  17366400.0   10.89655467   11.0750   0.000       0.000      0.1785E-02  0.8042E-06 -0.1988      0.1971       0.000       0.000       0.000       0.000        0.000       0.000       0.000       0.000       0.000       0.000                            0.8042E-06  0.8042E-06   0.000    
  17452800.0   10.88330848   11.0603   0.000       0.000      0.1770E-02  0.7666E-06 -0.1974      0.1956       0.000       0.000       0.000       0.000        0.000       0.000       0.000       0.000       0.000       0.000                            0.7666E-06  0.7666E-06   0.000    
  17539200.0   10.87029440   11.0459   0.000       0.000      0.1756E-02  0.7531E-06 -0.1959      0.1942       0.000       0.000       0.000       0.000        0.000       0.000       0.000       0.000       0.000       0.000                            0.7531E-06  0.7531E-06   0.000    
  17625600.0   10.85792397   11.0321   0.000       0.000      0.1742E-02  0.7159E-06 -0.1945      0.1928       0.000       0.000       0.000       0.000        0.000       0.000       0.000       0.000       0.000       0.000                            0.7159E-06  0.7159E-06   0.000    
  17712000.0   10.85065365   11.0240   0.000       0.000      0.1734E-02  0.4207E-06 -0.1935      0.1918       0.000       0.000       0.000       0.000        0.000       0.000       0.000       0.000       0.000       0.000                            0.4207E-06  0.4207E-06   0.000    
  17798400.0   10.83924586   11.0113   0.000       0.000      0.1721E-02  0.6602E-06 -0.1923      0.1905       0.000       0.000       0.000       0.000        0.000       0.000       0.000       0.000       0.000       0.000                            0.6602E-06  0.6602E-06   0.000    
  17884800.0   10.82778635   10.9985   0.000       0.000      0.1707E-02  0.6632E-06 -0.1909      0.1892       0.000       0.000       0.000       0.000        0.000       0.000       0.000       0.000       0.000       0.000                            0.6632E-06  0.6632E-06   0.000    
  17971200.0   10.81655421   10.9860   0.000       0.000      0.1694E-02  0.6500E-06 -0.1896      0.1879       0.000       0.000       0.000       0.000        0.000       0.000       0.000       0.000       0.000       0.000                            0.6500E-06  0.6500E-06   0.000    
  18057600.0   10.80589904   10.9740   0.000       0.000      0.1681E-02  0.6166E-06 -0.1883      0.1866       0.000       0.000       0.000       0.000        0.000       0.000       0.000       0.000       0.000       0.000                            0.6166E-06  0.6166E-06   0.000    
  18144000.0   10.79541383   10.9624   0.000       0.000      0.1669E-02  0.6068E-06 -0.1871      0.1854       0.000       0.000       0.000       0.000        0.000       0.000       0.000       0.000       0.000       0.000                            0.6068E-06  0.6068E-06   0.000    
  18230400.0   10.78539175   10.9511   0.000       0.000      0.1657E-02  0.5800E-06 -0.1858      0.1842       0.000       0.000       0.000       0.000        0.000       0.000       0.000       0.000       0.000       0.000                            0.5800E-06  0.5800E-06   0.000    
  18316800.0   10.77556205   10.9401   0.000       0.000      0.1645E-02  0.5688E-06 -0.1846      0.1830       0.000       0.000       0.000       0.000        0.000       0.000       0.000       0.000       0.000       0.000                            0.5688E-06  0.5688E-06   0.000    
  18403200.0   10.76609338   10.9294   0.000       0.000      0.1633E-02  0.5480E-06 -0.1834      0.1818       0.000       0.000       0.000       0.000        0.000       0.000       0.000       0.000       0.000       0.000                            0.5480E-06  0.5480E-06   0.000    
  18489600.0   10.75686299   10.9191   0.000       0.000      0.1622E-02  0.5342E-06 -0.1822      0.1806       0.000       0.000       0.000       0.000        0.000       0.000       0.000       0.000       0.000       0.000                            0.5342E-06  0.5342E-06   0.000    
  18576000.0   10.74787420   10.9090   0.000       0.000      0.1611E-02  0.5202E-06 -0.1811      0.1795       0.000       0.000       0.000       0.000        0.000       0.000       0.000       0.000       0.000       0.000                            0.5202E-06  0.5202E-06   0.000    
  18662400.0   10.73924854   10.8992   0.000       0.000      0.1599E-02  0.4992E-06 -0.1799      0.1783       0.000       0.000       0.000       0.000        0.000       0.000       0.000       0.000       0.000       0.000                            0.4992E-06  0.4992E-06   0.000    
  18748800.0   10.73064376   10.8895   0.000       0.000      0.1589E-02  0.4980E-06 -0.1789      0.1773       0.000       0.000       0.000       0.000        0.000       0.000       0.000       0.000       0.000       0.000                            0.4980E-06  0.4980E-06   0.000    
  18835200.0   10.73177970   10.8908   0.000       0.000      0.1590E-02 -0.6574E-07 -0.1786      0.1771       0.000       0.000       0.000       0.000        0.000       0.000       0.000       0.000       0.000       0.000                           -0.6574E-07 -0.6574E-07   0.000    
  18921600.0   10.72489276   10.8829   0.000       0.000      0.1580E-02  0.3986E-06 -0.1778      0.1762       0.000       0.000       0.000       0.000        0.000       0.000       0.000       0.000       0.000       0.000                            0.3986E-06  0.3986E-06   0.000    
  19008000.0   10.71599403   10.8728   0.000       0.000      0.1568E-02  0.5150E-06 -0.1767      0.1752       0.000       0.000       0.000       0.000        0.000       0.000       0.000       0.000       0.000       0.000                            0.5150E-06  0.5150E-06   0.000    
  19094400.0   10.70759602   10.8633   0.000       0.000      0.1557E-02  0.4860E-06 -0.1757      0.1741       0.000       0.000       0.000       0.000        0.000       0.000       0.000       0.000       0.000       0.000                            0.4860E-06  0.4860E-06   0.000    
  19180800.0   10.69947475   10.8541   0.000       0.000      0.1547E-02  0.4700E-06 -0.1746      0.1731       0.000       0.000       0.000       0.000        0.000       0.000       0.000       0.000       0.000       0.000                            0.4700E-06  0.4700E-06   0.000    
  19267200.0   10.69187742   10.8455   0.000       0.000      0.1536E-02  0.4397E-06 -0.1736      0.1720       0.000       0.000       0.000       0.000        0.000       0.000       0.000       0.000       0.000       0.000                            0.4397E-06  0.4397E-06   0.000    
  19353600.0   10.68428311   10.8369   0.000       0.000      0.1526E-02  0.4395E-06 -0.1725      0.1710       0.000       0.000       0.000       0.000        0.000       0.000       0.000       0.000       0.000       0.000                            0.4395E-06  0.4395E-06   0.000    
  19440000.0   10.67687597   10.8285   0.000       0.000      0.1516E-02  0.4287E-06 -0.1715      0.1700       0.000       0.000       0.000       0.000        0.000       0.000       0.000       0.000       0.000       0.000                            0.4287E-06  0.4287E-06   0.000    
  19526400.0   10.66978961   10.8204   0.000       0.000      0.1506E-02  0.4101E-06 -0.1705      0.1690       0.000       0.000       0.000       0.000        0.000       0.000       0.000       0.000       0.000       0.000                            0.4101E-06  0.4101E-06   0.000    
  19612800.0   10.66269449   10.8124   0.000       0.000      0.1497E-02  0.4106E-06 -0.1696      0.1681       0.000       0.000       0.000       0.000        0.000       0.000       0.000       0.000       0.000       0.000                            0.4106E-06  0.4106E-06   0.000    
  19699200.0   10.65594275   10.8046   0.000       0.000      0.1487E-02  0.3907E-06 -0.1686      0.1671       0.000       0.000       0.000       0.000        0.000       0.000       0.000       0.000       0.000       0.000                            0.3907E-06  0.3907E-06   0.000    
  19785600.0   10.64919137   10.7970   0.000       0.000      0.1478E-02  0.3907E-06 -0.1677      0.1662       0.000       0.000       0.000       0.000        0.000       0.000       0.000       0.000       0.000       0.000                            0.3907E-06  0.3907E-06   0.000    
  19872000.0   10.64274138   10.7896   0.000       0.000      0.1468E-02  0.3733E-06 -0.1667      0.1653       0.000       0.000       0.000       0.000        0.000       0.000       0.000       0.000       0.000       0.000                            0.3733E-06  0.3733E-06   0.000    
  19958400.0   10.64513027   10.7922   0.000       0.000      0.1471E-02 -0.1382E-06 -0.1667      0.1653       0.000       0.000       0.000       0.000        0.000       0.000       0.000       0.000       0.000       0.000                           -0.1382E-06 -0.1382E-06   0.000    
  20044800.0   10.65093877   10.7987   0.000       0.000      0.1478E-02 -0.3361E-06 -0.1672      0.1657       0.000       0.000       0.000       0.000        0.000       0.000       0.000       0.000       0.000       0.000                           -0.3361E-06 -0.3361E-06   0.000    
  20131200.0   10.64265442   10.7891   0.000       0.000      0.1465E-02  0.4794E-06 -0.1663      0.1648       0.000       0.000       0.000       0.000        0.000       0.000       0.000       0.000       0.000       0.000                            0.4794E-06  0.4794E-06   0.000    
  20217600.0   10.63783532   10.7836   0.000       0.000      0.1458E-02  0.2789E-06 -0.1656      0.1642       0.000       0.000       0.000       0.000        0.000       0.000       0.000       0.000       0.000       0.000                            0.2789E-06  0.2789E-06   0.000    
  20304000.0   10.63238293   10.7774   0.000       0.000      0.1450E-02  0.3155E-06 -0.1649      0.1634       0.000       0.000       0.000       0.000        0.000       0.000       0.000       0.000       0.000       0.000                            0.3155E-06  0.3155E-06   0.000    
  20390400.0   10.62528385   10.7693   0.000       0.000      0.1440E-02  0.4108E-06 -0.1639      0.1625       0.000       0.000       0.000       0.000        0.000       0.000       0.000       0.000       0.000       0.000                            0.4108E-06  0.4108E-06   0.000    
  20476800.0   10.61854270   10.7616   0.000       0.000      0.1430E-02  0.3901E-06 -0.1630      0.1616       0.000       0.000       0.000       0.000        0.000       0.000       0.000       0.000       0.000       0.000                            0.3901E-06  0.3901E-06   0.000    
  20563200.0   10.61202014   10.7541   0.000       0.000      0.1421E-02  0.3775E-06 -0.1621      0.1606       0.000       0.000       0.000       0.000        0.000       0.000       0.000       0.000       0.000       0.000                            0.3775E-06  0.3775E-06   0.000    
  20649600.0   10.60579355   10.7470   0.000       0.000      0.1412E-02  0.3603E-06 -0.1611      0.1597       0.000       0.000       0.000       0.000        0.000       0.000       0.000       0.000       0.000       0.000                            0.3603E-06  0.3603E-06   0.000    
  20736000.0   10.59968883   10.7400   0.000       0.000      0.1403E-02  0.3533E-06 -0.1603      0.1589       0.000       0.000       0.000       0.000        0.000       0.000       0.000       0.000       0.000       0.000                            0.3533E-06  0.3533E-06   0.000    
  20822400.0   10.59385159   10.7333   0.000       0.000      0.1394E-02  0.3378E-06 -0.1594      0.1580       0.000       0.000       0.000       0.000        0.000       0.000       0.000       0.000       0.000       0.000                            0.3378E-06  0.3378E-06   0.000    
  20908800.0   10.58808268   10.7266   0.000       0.000      0.1386E-02  0.3338E-06 -0.1585      0.1572       0.000       0.000       0.000       0.000        0.000       0.000       0.000       0.000       0.000       0.000                            0.3338E-06  0.3338E-06   0.000    
  20995200.0   10.58256731   10.7203   0.000       0.000      0.1377E-02  0.3192E-06 -0.1577      0.1563       0.000       0.000       0.000       0.000        0.000       0.000       0.000       0.000       0.000       0.000                            0.3192E-06  0.3192E-06   0.000    
  21081600.0   10.57708144   10.7140   0.000       0.000      0.1369E-02  0.3175E-06 -0.1569      0.1555       0.000       0.000       0.000       0.000        0.000       0.000       0.000       0.000       0.000       0.000                            0.3175E-06  0.3175E-06   0.000    
  21168000.0   10.57184096   10.7079   0.000       0.000      0.1361E-02  0.3033E-06 -0.1560      0.1547       0.000       0.000       0.000       0.000        0.000       0.000       0.000       0.000       0.000       0.000                            0.3033E-06  0.3033E-06   0.000    
  21254400.0   10.56659763   10.7019   0.000       0.000      0.1353E-02  0.3034E-06 -0.1552      0.1539       0.000       0.000       0.000       0.000        0.000       0.000       0.000       0.000       0.000       0.000                            0.3034E-06  0.3034E-06   0.000    
  21340800.0   10.56153694   10.6960   0.000       0.000      0.1345E-02  0.2929E-06 -0.1545      0.1531       0.000       0.000       0.000       0.000        0.000       0.000       0.000       0.000       0.000       0.000                            0.2929E-06  0.2929E-06   0.000    
  21427200.0   10.55660389   10.6903   0.000       0.000      0.1337E-02  0.2855E-06 -0.1537      0.1523       0.000       0.000       0.000       0.000        0.000       0.000       0.000       0.000       0.000       0.000                            0.2855E-06  0.2855E-06   0.000    
  21513600.0   10.55294009   10.6861   0.000       0.000      0.1331E-02  0.2120E-06 -0.1531      0.1517       0.000       0.000       0.000       0.000        0.000       0.000       0.000       0.000       0.000       0.000                            0.2120E-06  0.2120E-06   0.000    
  21600000.0   10.56179373   10.6961   0.000       0.000      0.1343E-02 -0.5124E-06 -0.1539      0.1525       0.000       0.000       0.000       0.000        0.000       0.000       0.000       0.000       0.000       0.000                           -0.5124E-06 -0.5124E-06   0.000    
  21686400.0   10.55533370   10.6885   0.000       0.000      0.1332E-02  0.3738E-06 -0.1531      0.1518       0.000       0.000       0.000       0.000        0.000       0.000       0.000       0.000       0.000       0.000                            0.3738E-06  0.3738E-06   0.000    
  21772800.0   10.54937974   10.6817   0.000       0.000      0.1323E-02  0.3446E-06 -0.1523      0.1510       0.000       0.000       0.000       0.000        0.000       0.000       0.000       0.000       0.000       0.000                            0.3446E-06  0.3446E-06   0.000    
  21859200.0   10.54386465   10.6753   0.000       0.000      0.1314E-02  0.3192E-06 -0.1515      0.1502       0.000       0.000       0.000       0.000        0.000       0.000       0.000       0.000       0.000       0.000                            0.3192E-06  0.3192E-06   0.000    
  21945600.0   10.53872836   10.6693   0.000       0.000      0.1306E-02  0.2972E-06 -0.1507      0.1493       0.000       0.000       0.000       0.000        0.000       0.000       0.000       0.000       0.000       0.000                            0.2972E-06  0.2972E-06   0.000    
  22032000.0   10.53369538   10.6635   0.000       0.000      0.1298E-02  0.2913E-06 -0.1499      0.1486       0.000       0.000       0.000       0.000        0.000       0.000       0.000       0.000       0.000       0.000                            0.2913E-06  0.2913E-06   0.000    
  22118400.0   10.52886702   10.6579   0.000       0.000      0.1291E-02  0.2794E-06 -0.1491      0.1478       0.000       0.000       0.000       0.000        0.000       0.000       0.000       0.000       0.000       0.000                            0.2794E-06  0.2794E-06   0.000    
  22204800.0   10.52424914   10.6526   0.000       0.000      0.1283E-02  0.2672E-06 -0.1484      0.1471       0.000       0.000       0.000       0.000        0.000       0.000       0.000       0.000       0.000       0.000                            0.2672E-06  0.2672E-06   0.000    
  22291200.0   10.51967208   10.6473   0.000       0.000      0.1276E-02  0.2649E-06 -0.1476      0.1463       0.000       0.000       0.000       0.000        0.000       0.000       0.000       0.000       0.000       0.000                            0.2649E-06  0.2649E-06   0.000    
  22377600.0   10.51524806   10.6421   0.000       0.000      0.1269E-02  0.2560E-06 -0.1469      0.1456       0.000       0.000       0.000       0.000        0.000       0.000       0.000       0.000       0.000       0.000                            0.2560E-06  0.2560E-06   0.000    
  22464000.0   10.52596424   10.6544   0.000       0.000      0.1284E-02 -0.6201E-06 -0.1480      0.1467       0.000       0.000       0.000       0.000        0.000       0.000       0.000       0.000       0.000       0.000                           -0.6201E-06 -0.6201E-06   0.000    
  22550400.0   10.52166893   10.6492   0.000       0.000      0.1275E-02  0.2486E-06 -0.1475      0.1462       0.000       0.000       0.000       0.000        0.000       0.000       0.000       0.000       0.000       0.000                            0.2486E-06  0.2486E-06   0.000    
  22636800.0   10.51991719   10.6471   0.000       0.000      0.1272E-02  0.1014E-06 -0.1472      0.1459       0.000       0.000       0.000       0.000        0.000       0.000       0.000       0.000       0.000       0.000                            0.1014E-06  0.1014E-06   0.000    
  22723200.0   10.55860051   10.6914   0.000       0.000      0.1328E-02 -0.2239E-05 -0.1516      0.1503       0.000       0.000       0.000       0.000        0.000       0.000       0.000       0.000       0.000       0.000                           -0.2239E-05 -0.2239E-05   0.000    
  22809600.0   10.55701360   10.6891   0.000       0.000      0.1321E-02  0.9184E-07 -0.1518      0.1505       0.000       0.000       0.000       0.000        0.000       0.000       0.000       0.000       0.000       0.000                            0.9184E-07  0.9184E-07   0.000    
  22896000.0   10.55402803   10.6856   0.000       0.000      0.1316E-02  0.1728E-06 -0.1516      0.1503       0.000       0.000       0.000       0.000        0.000       0.000       0.000       0.000       0.000       0.000                            0.1728E-06  0.1728E-06   0.000    
  22982400.0   10.55028117   10.6813   0.000       0.000      0.1310E-02  0.2168E-06 -0.1512      0.1499       0.000       0.000       0.000       0.000        0.000       0.000       0.000       0.000       0.000       0.000                            0.2168E-06  0.2168E-06   0.000    
  23068800.0   10.54629318   10.6767   0.000       0.000      0.1304E-02  0.2308E-06 -0.1507      0.1494       0.000       0.000       0.000       0.000        0.000       0.000       0.000       0.000       0.000       0.000                            0.2308E-06  0.2308E-06   0.000    
  23155200.0   10.54127880   10.6709   0.000       0.000      0.1296E-02  0.2902E-06 -0.1501      0.1488       0.000       0.000       0.000       0.000        0.000       0.000       0.000       0.000       0.000       0.000                            0.2902E-06  0.2902E-06   0.000    
  23241600.0   10.53597309   10.6648   0.000       0.000      0.1289E-02  0.3070E-06 -0.1493      0.1480       0.000       0.000       0.000       0.000        0.000       0.000       0.000       0.000       0.000       0.000                            0.3070E-06  0.3070E-06   0.000    
  23328000.0   10.53043799   10.6584   0.000       0.000      0.1280E-02  0.3203E-06 -0.1485      0.1472       0.000       0.000       0.000       0.000        0.000       0.000       0.000       0.000       0.000       0.000                            0.3203E-06  0.3203E-06   0.000    
  23414400.0   10.52481160   10.6520   0.000       0.000      0.1272E-02  0.3256E-06 -0.1477      0.1464       0.000       0.000       0.000       0.000        0.000       0.000       0.000       0.000       0.000       0.000                            0.3256E-06  0.3256E-06   0.000    
  23500800.0   10.51946483   10.6458   0.000       0.000      0.1264E-02  0.3094E-06 -0.1469      0.1456       0.000       0.000       0.000       0.000        0.000       0.000       0.000       0.000       0.000       0.000                            0.3094E-06  0.3094E-06   0.000    
  23587200.0   10.51430216   10.6399   0.000       0.000      0.1256E-02  0.2988E-06 -0.1461      0.1448       0.000       0.000       0.000       0.000        0.000       0.000       0.000       0.000       0.000       0.000                            0.2988E-06  0.2988E-06   0.000    
  23673600.0   10.50926062   10.6340   0.000       0.000      0.1248E-02  0.2918E-06 -0.1452      0.1440       0.000       0.000       0.000       0.000        0.000       0.000       0.000       0.000       0.000       0.000                            0.2918E-06  0.2918E-06   0.000    
  23760000.0   10.50416663   10.6282   0.000       0.000      0.1240E-02  0.2948E-06 -0.1444      0.1432       0.000       0.000       0.000       0.000        0.000       0.000       0.000       0.000       0.000       0.000                            0.2948E-06  0.2948E-06   0.000    
  23846400.0   10.49918048   10.6224   0.000       0.000      0.1232E-02  0.2886E-06 -0.1437      0.1424       0.000       0.000       0.000       0.000      -0.1810E-07   0.000       0.000       0.000       0.000       0.000                            0.2886E-06  0.2886E-06   0.000    
  23932800.0   10.49467352   10.6171   0.000       0.000      0.1224E-02  0.2608E-06 -0.1429      0.1417       0.000       0.000       0.000       0.000      -0.2814E-06   0.000       0.000       0.000       0.000       0.000                            0.2608E-06  0.2608E-06   0.000    
  24019200.0   10.49042048   10.6120   0.000       0.000      0.1216E-02  0.2461E-06 -0.1421      0.1409       0.000       0.000       0.000       0.000      -0.4219E-06   0.000       0.000       0.000       0.000       0.000                            0.2461E-06  0.2461E-06   0.000    
  24105600.0   10.48633957   10.6072   0.000       0.000      0.1208E-02  0.2362E-06 -0.1414      0.1402       0.000       0.000       0.000       0.000      -0.5055E-06   0.000       0.000       0.000       0.000       0.000                            0.2362E-06  0.2362E-06   0.000    
  24192000.0   10.48240420   10.6025   0.000       0.000      0.1201E-02  0.2277E-06 -0.1406      0.1394       0.000       0.000       0.000       0.000      -0.5646E-06   0.000       0.000       0.000       0.000       0.000                            0.2277E-06  0.2277E-06   0.000    
  24278400.0   10.47861254   10.5979   0.000       0.000      0.1193E-02  0.2194E-06 -0.1399      0.1387       0.000       0.000       0.000       0.000      -0.6064E-06   0.000       0.000       0.000       0.000       0.000                            0.2194E-06  0.2194E-06   0.000    
  24364800.0   10.47494238   10.5935   0.000       0.000      0.1186E-02  0.2124E-06 -0.1392      0.1380       0.000       0.000       0.000       0.000      -0.6396E-06   0.000       0.000       0.000       0.000       0.000                            0.2124E-06  0.2124E-06   0.000    
  24451200.0   10.47139650   10.5892   0.000       0.000      0.1178E-02  0.2052E-06 -0.1385      0.1373       0.000       0.000       0.000       0.000      -0.6630E-06   0.000       0.000       0.000       0.000       0.000                            0.2052E-06  0.2052E-06   0.000    
  24537600.0   10.46796245   10.5851   0.000       0.000      0.1171E-02  0.1987E-06 -0.1378      0.1366       0.000       0.000       0.000       0.000      -0.6814E-06   0.000       0.000       0.000       0.000       0.000                            0.1987E-06  0.1987E-06   0.000    
  24624000.0   10.46462837   10.5811   0.000       0.000      0.1164E-02  0.1929E-06 -0.1371      0.1360       0.000       0.000       0.000       0.000      -0.6963E-06   0.000       0.000       0.000       0.000       0.000                            0.1929E-06  0.1929E-06   0.000    
  24710400.0   10.46136509   10.5771   0.000       0.000      0.1158E-02  0.1888E-06 -0.1364      0.1353       0.000       0.000       0.000       0.000      -0.7129E-06   0.000       0.000       0.000       0.000       0.000                            0.1888E-06  0.1888E-06   0.000    
  24796800.0   10.45822612   10.5733   0.000       0.000      0.1151E-02  0.1817E-06 -0.1358      0.1346       0.000       0.000       0.000       0.000      -0.7136E-06   0.000       0.000       0.000       0.000       0.000                            0.1817E-06  0.1817E-06   0.000    
  24883200.0   10.45533070   10.5698   0.000       0.000      0.1145E-02  0.1676E-06 -0.1352      0.1340       0.000       0.000       0.000       0.000      -0.6814E-06   0.000       0.000       0.000       0.000       0.000                            0.1676E-06  0.1676E-06   0.000    
  24969600.0   10.45571869   10.5704   0.000       0.000      0.1147E-02 -0.2245E-07 -0.1351      0.1340       0.000       0.000       0.000       0.000       0.9258E-07   0.000       0.000       0.000       0.000       0.000                           -0.2245E-07 -0.2245E-07   0.000    
  25056000.0   10.45245243   10.5663   0.000       0.000      0.1138E-02  0.1890E-06 -0.1345      0.1333       0.000       0.000       0.000       0.000      -0.7912E-06   0.000       0.000       0.000       0.000       0.000                            0.1890E-06  0.1890E-06   0.000    
  25142400.0   10.44931346   10.5624   0.000       0.000      0.1131E-02  0.1817E-06 -0.1338      0.1327       0.000       0.000       0.000       0.000      -0.7851E-06   0.000       0.000       0.000       0.000       0.000                            0.1817E-06  0.1817E-06   0.000    
  25228800.0   10.45274471   10.5668   0.000       0.000      0.1140E-02 -0.1986E-06 -0.1343      0.1331       0.000       0.000       0.000       0.000       0.8570E-06   0.000       0.000       0.000       0.000       0.000                           -0.1986E-06 -0.1986E-06   0.000    
  25315200.0   10.44975729   10.5629   0.000       0.000      0.1131E-02  0.1729E-06 -0.1337      0.1326       0.000       0.000       0.000       0.000      -0.7445E-06   0.000       0.000       0.000       0.000       0.000                            0.1729E-06  0.1729E-06   0.000    
  25401600.0   10.45025911   10.5635   0.000       0.000      0.1133E-02 -0.2904E-07 -0.1337      0.1326       0.000       0.000       0.000       0.000       0.1266E-06   0.000       0.000       0.000       0.000       0.000                           -0.2904E-07 -0.2904E-07   0.000    
  25488000.0   10.45042425   10.5637   0.000       0.000      0.1133E-02 -0.9557E-08 -0.1337      0.1325       0.000       0.000       0.000       0.000       0.4152E-07   0.000       0.000       0.000       0.000       0.000                           -0.9557E-08 -0.9557E-08   0.000    
  25574400.0   10.45265898   10.5664   0.000       0.000      0.1137E-02 -0.1293E-06 -0.1340      0.1328       0.000       0.000       0.000       0.000       0.5554E-06   0.000       0.000       0.000       0.000       0.000                           -0.1293E-06 -0.1293E-06   0.000    
  25660800.0   10.45002554   10.5629   0.000       0.000      0.1129E-02  0.1524E-06 -0.1335      0.1324       0.000       0.000       0.000       0.000      -0.6558E-06   0.000       0.000       0.000       0.000       0.000                            0.1524E-06  0.1524E-06   0.000    
  25747200.0   10.45497480   10.5691   0.000       0.000      0.1142E-02 -0.2864E-06 -0.1342      0.1331       0.000       0.000       0.000       0.000       0.1218E-05   0.000       0.000       0.000       0.000       0.000                           -0.2864E-06 -0.2864E-06   0.000    
  25833600.0   10.48289214   10.6032   0.000       0.000      0.1203E-02 -0.1616E-05 -0.1385      0.1373       0.000       0.000       0.000       0.000       0.5554E-05   0.000       0.000       0.000       0.000       0.000                           -0.1616E-05 -0.1616E-05   0.000    
  25920000.0   10.52449437   10.6506   0.000       0.000      0.1261E-02 -0.2408E-05 -0.1442      0.1429       0.000       0.000       0.000       0.000       0.1718E-05   0.000       0.000       0.000       0.000       0.000                           -0.2408E-05 -0.2408E-05   0.000    
  26006400.0   10.56769718   10.6991   0.000       0.000      0.1314E-02 -0.2500E-05 -0.1498      0.1485       0.000       0.000       0.000       0.000        0.000       0.000       0.000       0.000       0.000       0.000                           -0.2500E-05 -0.2500E-05   0.000    
  26092800.0   10.57868203   10.7110   0.000       0.000      0.1324E-02 -0.6357E-06 -0.1520      0.1507       0.000       0.000       0.000       0.000        0.000       0.000       0.000       0.000       0.000       0.000                           -0.6357E-06 -0.6357E-06   0.000    
  26179200.0   10.57404240   10.7056   0.000       0.000      0.1315E-02  0.2685E-06 -0.1521      0.1507       0.000       0.000       0.000       0.000        0.000       0.000       0.000       0.000       0.000       0.000                            0.2685E-06  0.2685E-06   0.000    
  26265600.0   10.56659165   10.6971   0.000       0.000      0.1305E-02  0.4312E-06 -0.1515      0.1501       0.000       0.000       0.000       0.000        0.000       0.000       0.000       0.000       0.000       0.000                            0.4312E-06  0.4312E-06   0.000    
  26352000.0   10.55843137   10.6878   0.000       0.000      0.1294E-02  0.4722E-06 -0.1506      0.1493       0.000       0.000       0.000       0.000        0.000       0.000       0.000       0.000       0.000       0.000                            0.4722E-06  0.4722E-06   0.000    
  26438400.0   10.55026971   10.6786   0.000       0.000      0.1283E-02  0.4723E-06 -0.1496      0.1483       0.000       0.000       0.000       0.000        0.000       0.000       0.000       0.000       0.000       0.000                            0.4723E-06  0.4723E-06   0.000    
  26524800.0   10.54224170   10.6695   0.000       0.000      0.1273E-02  0.4646E-06 -0.1486      0.1473       0.000       0.000       0.000       0.000        0.000       0.000       0.000       0.000       0.000       0.000                            0.4646E-06  0.4646E-06   0.000    
  26611200.0   10.53410478   10.6603   0.000       0.000      0.1262E-02  0.4709E-06 -0.1475      0.1462       0.000       0.000       0.000       0.000        0.000       0.000       0.000       0.000       0.000       0.000                            0.4709E-06  0.4709E-06   0.000    
  26697600.0   10.52645239   10.6516   0.000       0.000      0.1251E-02  0.4428E-06 -0.1464      0.1452       0.000       0.000       0.000       0.000        0.000       0.000       0.000       0.000       0.000       0.000                            0.4428E-06  0.4428E-06   0.000    
  26784000.0   10.51911915   10.6432   0.000       0.000      0.1241E-02  0.4244E-06 -0.1454      0.1441       0.000       0.000       0.000       0.000        0.000       0.000       0.000       0.000       0.000       0.000                            0.4244E-06  0.4244E-06   0.000    
  26870400.0   10.54309372   10.6708   0.000       0.000      0.1277E-02 -0.1387E-05 -0.1480      0.1467       0.000       0.000       0.000       0.000        0.000       0.000       0.000       0.000       0.000       0.000                           -0.1387E-05 -0.1387E-05   0.000    
  26956800.0   10.55811814   10.6877   0.000       0.000      0.1296E-02 -0.8695E-06 -0.1499      0.1486       0.000       0.000       0.000       0.000        0.000       0.000       0.000       0.000       0.000       0.000                           -0.8695E-06 -0.8695E-06   0.000    
  27043200.0   10.57232774   10.7037   0.000       0.000      0.1314E-02 -0.8223E-06 -0.1518      0.1505       0.000       0.000       0.000       0.000        0.000       0.000       0.000       0.000       0.000       0.000                           -0.8223E-06 -0.8223E-06   0.000    
  27129600.0   10.57682339   10.7087   0.000       0.000      0.1319E-02 -0.2602E-06 -0.1526      0.1513       0.000       0.000       0.000       0.000        0.000       0.000       0.000       0.000       0.000       0.000                           -0.2602E-06 -0.2602E-06   0.000    
  27216000.0   10.58496598   10.7180   0.000       0.000      0.1330E-02 -0.4712E-06 -0.1538      0.1524       0.000       0.000       0.000       0.000        0.000       0.000       0.000       0.000       0.000       0.000                           -0.4712E-06 -0.4712E-06   0.000    
  27302400.0   10.60538433   10.7411   0.000       0.000      0.1357E-02 -0.1182E-05 -0.1562      0.1548       0.000       0.000       0.000       0.000        0.000       0.000       0.000       0.000       0.000       0.000                           -0.1182E-05 -0.1182E-05   0.000    
  27388800.0   10.64555812   10.7865   0.000       0.000      0.1409E-02 -0.2325E-05 -0.1607      0.1593       0.000       0.000       0.000       0.000        0.000       0.000       0.000       0.000       0.000       0.000                           -0.2325E-05 -0.2325E-05   0.000    
  27475200.0   10.68049442   10.8256   0.000       0.000      0.1451E-02 -0.2022E-05 -0.1649      0.1634       0.000       0.000       0.000       0.000        0.000       0.000       0.000       0.000       0.000       0.000                           -0.2022E-05 -0.2022E-05   0.000    
  27561600.0   10.67758593   10.8221   0.000       0.000      0.1445E-02  0.1683E-06 -0.1654      0.1640       0.000       0.000       0.000       0.000        0.000       0.000       0.000       0.000       0.000       0.000                            0.1683E-06  0.1683E-06   0.000    
  27648000.0   10.66940600   10.8129   0.000       0.000      0.1435E-02  0.4734E-06 -0.1650      0.1636       0.000       0.000       0.000       0.000        0.000       0.000       0.000       0.000       0.000       0.000                            0.4734E-06  0.4734E-06   0.000    
  27734400.0   10.65849624   10.8008   0.000       0.000      0.1423E-02  0.6314E-06 -0.1641      0.1626       0.000       0.000       0.000       0.000        0.000       0.000       0.000       0.000       0.000       0.000                            0.6314E-06  0.6314E-06   0.000    
  27820800.0   10.64899146   10.7902   0.000       0.000      0.1412E-02  0.5500E-06 -0.1631      0.1617       0.000       0.000       0.000       0.000        0.000       0.000       0.000       0.000       0.000       0.000                            0.5500E-06  0.5500E-06   0.000    
  27907200.0   10.64169433   10.7821   0.000       0.000      0.1404E-02  0.4223E-06 -0.1623      0.1609       0.000       0.000       0.000       0.000        0.000       0.000       0.000       0.000       0.000       0.000                            0.4223E-06  0.4223E-06   0.000    
  27993600.0   10.65947150   10.8023   0.000       0.000      0.1428E-02 -0.1029E-05 -0.1639      0.1625       0.000       0.000       0.000       0.000        0.000       0.000       0.000       0.000       0.000       0.000                           -0.1029E-05 -0.1029E-05   0.000    
  28080000.0   10.68600868   10.8321   0.000       0.000      0.1461E-02 -0.1536E-05 -0.1667      0.1652       0.000       0.000       0.000       0.000        0.000       0.000       0.000       0.000       0.000       0.000                           -0.1536E-05 -0.1536E-05   0.000    
  28166400.0   10.69975681   10.8475   0.000       0.000      0.1477E-02 -0.7956E-06 -0.1685      0.1670       0.000       0.000       0.000       0.000        0.000       0.000       0.000       0.000       0.000       0.000                           -0.7956E-06 -0.7956E-06   0.000    
  28252800.0   10.69337443   10.8403   0.000       0.000      0.1469E-02  0.3694E-06 -0.1683      0.1668       0.000       0.000       0.000       0.000        0.000       0.000       0.000       0.000       0.000       0.000                            0.3694E-06  0.3694E-06   0.000    
  28339200.0   10.68315147   10.8289   0.000       0.000      0.1457E-02  0.5916E-06 -0.1675      0.1660       0.000       0.000       0.000       0.000        0.000       0.000       0.000       0.000       0.000       0.000                            0.5916E-06  0.5916E-06   0.000    
  28425600.0   10.67191817   10.8164   0.000       0.000      0.1444E-02  0.6501E-06 -0.1664      0.1649       0.000       0.000       0.000       0.000        0.000       0.000       0.000       0.000       0.000       0.000                            0.6501E-06  0.6501E-06   0.000    
  28512000.0   10.66056038   10.8037   0.000       0.000      0.1431E-02  0.6573E-06 -0.1651      0.1637       0.000       0.000       0.000       0.000        0.000       0.000       0.000       0.000       0.000       0.000                            0.6573E-06  0.6573E-06   0.000    
  28598400.0   10.64928890   10.7911   0.000       0.000      0.1418E-02  0.6523E-06 -0.1638      0.1624       0.000       0.000       0.000       0.000        0.000       0.000       0.000       0.000       0.000       0.000                            0.6523E-06  0.6523E-06   0.000    
  28684800.0   10.63833730   10.7789   0.000       0.000      0.1405E-02  0.6338E-06 -0.1625      0.1611       0.000       0.000       0.000       0.000        0.000       0.000       0.000       0.000       0.000       0.000                            0.6338E-06  0.6338E-06   0.000    
  28771200.0   10.62774827   10.7670   0.000       0.000      0.1393E-02  0.6128E-06 -0.1612      0.1598       0.000       0.000       0.000       0.000        0.000       0.000       0.000       0.000       0.000       0.000                            0.6128E-06  0.6128E-06   0.000    
  28857600.0   10.61756471   10.7556   0.000       0.000      0.1381E-02  0.5893E-06 -0.1599      0.1585       0.000       0.000       0.000       0.000        0.000       0.000       0.000       0.000       0.000       0.000                            0.5893E-06  0.5893E-06   0.000    
  28944000.0   10.60768124   10.7445   0.000       0.000      0.1368E-02  0.5720E-06 -0.1586      0.1572       0.000       0.000       0.000       0.000        0.000       0.000       0.000       0.000       0.000       0.000                            0.5720E-06  0.5720E-06   0.000    
  29030400.0   10.59807117   10.7337   0.000       0.000      0.1356E-02  0.5561E-06 -0.1573      0.1559       0.000       0.000       0.000       0.000        0.000       0.000       0.000       0.000       0.000       0.000                            0.5561E-06  0.5561E-06   0.000    
  29116800.0   10.58885455   10.7233   0.000       0.000      0.1344E-02  0.5334E-06 -0.1560      0.1547       0.000       0.000       0.000       0.000        0.000       0.000       0.000       0.000       0.000       0.000                            0.5334E-06  0.5334E-06   0.000    
  29203200.0   10.57979167   10.7131   0.000       0.000      0.1333E-02  0.5245E-06 -0.1548      0.1534       0.000       0.000       0.000       0.000        0.000       0.000       0.000       0.000       0.000       0.000                            0.5245E-06  0.5245E-06   0.000    
  29289600.0   10.57110642   10.7033   0.000       0.000      0.1321E-02  0.5026E-06 -0.1536      0.1522       0.000       0.000       0.000       0.000        0.000       0.000       0.000       0.000       0.000       0.000                            0.5026E-06  0.5026E-06   0.000    
  29376000.0   10.56283203   10.6939   0.000       0.000      0.1311E-02  0.4788E-06 -0.1524      0.1511       0.000       0.000       0.000       0.000        0.000       0.000       0.000       0.000       0.000       0.000                            0.4788E-06  0.4788E-06   0.000    
  29462400.0   10.55498406   10.6850   0.000       0.000      0.1300E-02  0.4542E-06 -0.1512      0.1499       0.000       0.000       0.000       0.000        0.000       0.000       0.000       0.000       0.000       0.000                            0.4542E-06  0.4542E-06   0.000    
  29548800.0   10.54739327   10.6763   0.000       0.000      0.1290E-02  0.4393E-06 -0.1501      0.1488       0.000       0.000       0.000       0.000        0.000       0.000       0.000       0.000       0.000       0.000                            0.4393E-06  0.4393E-06   0.000    
  29635200.0   10.54006771   10.6680   0.000       0.000      0.1279E-02  0.4239E-06 -0.1490      0.1478       0.000       0.000       0.000       0.000        0.000       0.000       0.000       0.000       0.000       0.000                            0.4239E-06  0.4239E-06   0.000    
  29721600.0   10.53301206   10.6600   0.000       0.000      0.1270E-02  0.4083E-06 -0.1480      0.1467       0.000       0.000       0.000       0.000        0.000       0.000       0.000       0.000       0.000       0.000                            0.4083E-06  0.4083E-06   0.000    
  29808000.0   10.52613982   10.6521   0.000       0.000      0.1260E-02  0.3977E-06 -0.1469      0.1457       0.000       0.000       0.000       0.000        0.000       0.000       0.000       0.000       0.000       0.000                            0.3977E-06  0.3977E-06   0.000    
  29894400.0   10.51948122   10.6445   0.000       0.000      0.1250E-02  0.3853E-06 -0.1459      0.1447       0.000       0.000       0.000       0.000        0.000       0.000       0.000       0.000       0.000       0.000                            0.3853E-06  0.3853E-06   0.000    
  29980800.0   10.51302566   10.6371   0.000       0.000      0.1241E-02  0.3736E-06 -0.1449      0.1437       0.000       0.000       0.000       0.000        0.000       0.000       0.000       0.000       0.000       0.000                            0.3736E-06  0.3736E-06   0.000    
  30067200.0   10.50682778   10.6300   0.000       0.000      0.1232E-02  0.3587E-06 -0.1439      0.1427       0.000       0.000       0.000       0.000        0.000       0.000       0.000       0.000       0.000       0.000                            0.3587E-06  0.3587E-06   0.000    
  30153600.0   10.50085363   10.6231   0.000       0.000      0.1223E-02  0.3457E-06 -0.1430      0.1418       0.000       0.000       0.000       0.000        0.000       0.000       0.000       0.000       0.000       0.000                            0.3457E-06  0.3457E-06   0.000    
  30240000.0   10.49532557   10.6167   0.000       0.000      0.1214E-02  0.3199E-06 -0.1420      0.1408       0.000       0.000       0.000       0.000      -0.2463E-06   0.000       0.000       0.000       0.000       0.000                            0.3199E-06  0.3199E-06   0.000    
  30326400.0   10.49015544   10.6106   0.000       0.000      0.1204E-02  0.2992E-06 -0.1411      0.1399       0.000       0.000       0.000       0.000      -0.5052E-06   0.000       0.000       0.000       0.000       0.000                            0.2992E-06  0.2992E-06   0.000    
  30412800.0   10.48525099   10.6047   0.000       0.000      0.1195E-02  0.2838E-06 -0.1402      0.1390       0.000       0.000       0.000       0.000      -0.6245E-06   0.000       0.000       0.000       0.000       0.000                            0.2838E-06  0.2838E-06   0.000    
  30499200.0   10.48058006   10.5992   0.000       0.000      0.1186E-02  0.2703E-06 -0.1394      0.1382       0.000       0.000       0.000       0.000      -0.7000E-06   0.000       0.000       0.000       0.000       0.000                            0.2703E-06  0.2703E-06   0.000    
  30585600.0   10.47610245   10.5938   0.000       0.000      0.1177E-02  0.2591E-06 -0.1385      0.1373       0.000       0.000       0.000       0.000      -0.7540E-06   0.000       0.000       0.000       0.000       0.000                            0.2591E-06  0.2591E-06   0.000    
  30672000.0   10.47180394   10.5887   0.000       0.000      0.1169E-02  0.2488E-06 -0.1377      0.1365       0.000       0.000       0.000       0.000      -0.7922E-06   0.000       0.000       0.000       0.000       0.000                            0.2488E-06  0.2488E-06   0.000    
  30758400.0   10.46766560   10.5837   0.000       0.000      0.1161E-02  0.2395E-06 -0.1369      0.1357       0.000       0.000       0.000       0.000      -0.8204E-06   0.000       0.000       0.000       0.000       0.000                            0.2395E-06  0.2395E-06   0.000    
  30844800.0   10.46367135   10.5789   0.000       0.000      0.1153E-02  0.2311E-06 -0.1361      0.1349       0.000       0.000       0.000       0.000      -0.8416E-06   0.000       0.000       0.000       0.000       0.000                            0.2311E-06  0.2311E-06   0.000    
  30931200.0   10.45980048   10.5743   0.000       0.000      0.1145E-02  0.2240E-06 -0.1353      0.1341       0.000       0.000       0.000       0.000      -0.8593E-06   0.000       0.000       0.000       0.000       0.000                            0.2240E-06  0.2240E-06   0.000    
  31017600.0   10.45604387   10.5698   0.000       0.000      0.1137E-02  0.2174E-06 -0.1345      0.1334       0.000       0.000       0.000       0.000      -0.8728E-06   0.000       0.000       0.000       0.000       0.000                            0.2174E-06  0.2174E-06   0.000    
  31104000.0   10.45240066   10.5654   0.000       0.000      0.1130E-02  0.2108E-06 -0.1338      0.1326       0.000       0.000       0.000       0.000      -0.8812E-06   0.000       0.000       0.000       0.000       0.000                            0.2108E-06  0.2108E-06   0.000    
  31190400.0   10.44886181   10.5611   0.000       0.000      0.1122E-02  0.2048E-06 -0.1330      0.1319       0.000       0.000       0.000       0.000      -0.8873E-06   0.000       0.000       0.000       0.000       0.000                            0.2048E-06  0.2048E-06   0.000    
  31276800.0   10.44602251   10.5577   0.000       0.000      0.1117E-02  0.1643E-06 -0.1324      0.1313       0.000       0.000       0.000       0.000      -0.7333E-06   0.000       0.000       0.000       0.000       0.000                            0.1643E-06  0.1643E-06   0.000    
  31363200.0   10.44263548   10.5535   0.000       0.000      0.1109E-02  0.1960E-06 -0.1317      0.1306       0.000       0.000       0.000       0.000      -0.8988E-06   0.000       0.000       0.000       0.000       0.000                            0.1960E-06  0.1960E-06   0.000    
  31449600.0   10.43933965   10.5495   0.000       0.000      0.1102E-02  0.1907E-06 -0.1310      0.1299       0.000       0.000       0.000       0.000      -0.8989E-06   0.000       0.000       0.000       0.000       0.000                            0.1907E-06  0.1907E-06   0.000    
  31536000.0   10.43613203   10.5456   0.000       0.000      0.1095E-02  0.1856E-06 -0.1303      0.1292       0.000       0.000       0.000       0.000      -0.8970E-06   0.000       0.000       0.000       0.000       0.000                            0.1856E-06  0.1856E-06   0.000    
  31622400.0   10.43271824   10.5415   0.000       0.000      0.1088E-02  0.1976E-06 -0.1295      0.1285       0.000       0.000       0.000       0.000      -0.9780E-06   0.000       0.000       0.000       0.000       0.000                            0.1976E-06  0.1976E-06   0.000    
