   TOTIM (T)          HCON      HMAT     QDIR      QWELL        QMAT QCADS<->CON       QTUB1       QTUB2       QTUB3       QTUB4       QTUB5       QTUB6       NSTOR        QFIX        QLH     FHLQ (LQ)      CAUCHY CAUCHY (LQ) BREAK-DOWN CADS FLOW  QCADS<->CON    Q_CDSSTO    Q_CDSRCH
     86400.0   10.79376362   10.9232   0.000       0.000      0.1294E-02   0.000     -0.2591E-01  0.2461E-01   0.000       0.000       0.000       0.000        0.000       0.000       0.000       0.000       0.000       0.000                             0.000       0.000       0.000    
    172800.0   10.77622322   10.9044   0.000       0.000      0.1282E-02  0.1015E-05 -0.2565E-01  0.2437E-01   0.000       0.000       0.000       0.000        0.000       0.000       0.000       0.000       0.000       0.000                            0.1015E-05  0.1015E-05   0.000    
    259200.0   10.77657782   10.9047   0.000       0.000      0.1281E-02 -0.2052E-07 -0.2564E-01  0.2435E-01   0.000       0.000       0.000       0.000        0.000       0.000       0.000       0.000       0.000       0.000                           -0.2052E-07 -0.2052E-07   0.000    
    345600.0   10.77498700   10.9029   0.000       0.000      0.1279E-02  0.9206E-07 -0.2559E-01  0.2431E-01   0.000       0.000       0.000       0.000        0.000       0.000       0.000       0.000       0.000       0.000                            0.9206E-07  0.9206E-07   0.000    
    432000.0   10.78670111   10.9153   0.000       0.000      0.1286E-02 -0.6779E-06 -0.2574E-01  0.2445E-01   0.000       0.000       0.000       0.000        0.000       0.000       0.000       0.000       0.000       0.000                           -0.6779E-06 -0.6779E-06   0.000    
    518400.0   10.79365802   10.9228   0.000       0.000      0.1291E-02 -0.4026E-06 -0.2584E-01  0.2455E-01   0.000       0.000       0.000       0.000        0.000       0.000       0.000       0.000       0.000       0.000                           -0.4026E-06 -0.4026E-06   0.000    
    604800.0   10.79569382   10.9251   0.000       0.000      0.1294E-02 -0.1178E-06 -0.2589E-01  0.2459E-01   0.000       0.000       0.000       0.000        0.000       0.000       0.000       0.000       0.000       0.000                           -0.1178E-06 -0.1178E-06   0.000    
    691200.0   10.81364768   10.9443   0.000       0.000      0.1307E-02 -0.1039E-05 -0.2616E-01  0.2486E-01   0.000       0.000       0.000       0.000        0.000       0.000       0.000       0.000       0.000       0.000                           -0.1039E-05 -0.1039E-05   0.000    
    777600.0   10.86247634   10.9965   0.000       0.000      0.1340E-02 -0.2826E-05 -0.2687E-01  0.2553E-01   0.000       0.000       0.000       0.000        0.000       0.000       0.000       0.000       0.000       0.000                           -0.2826E-05 -0.2826E-05   0.000    
    864000.0   10.93441204   11.0734   0.000       0.000      0.1390E-02 -0.4163E-05 -0.2792E-01  0.2653E-01   0.000       0.000       0.000       0.000        0.000       0.000       0.000       0.000       0.000       0.000                           -0.4163E-05 -0.4163E-05   0.000    
    950400.0   10.96681822   11.1086   0.000       0.000      0.1418E-02 -0.1875E-05 -0.2851E-01  0.2710E-01   0.000       0.000       0.000       0.000        0.000       0.000       0.000       0.000       0.000       0.000                           -0.1875E-05 -0.1875E-05   0.000    
   1036800.0   11.04502066   11.1921   0.000       0.000      0.1471E-02 -0.4526E-05 -0.2966E-01  0.2819E-01   0.000       0.000       0.000       0.000        0.000       0.000       0.000       0.000       0.000       0.000                           -0.4526E-05 -0.4526E-05   0.000    
   1123200.0   11.18586175   11.3414   0.000       0.000      0.1555E-02 -0.8151E-05 -0.3146E-01  0.2992E-01   0.000       0.000       0.000       0.000        0.000       0.000       0.000       0.000       0.000       0.000                           -0.8151E-05 -0.8151E-05   0.000    
   1209600.0   11.16854687   11.3248   0.000       0.000      0.1562E-02  0.1002E-05 -0.3165E-01  0.3009E-01   0.000       0.000       0.000       0.000        0.000       0.000       0.000       0.000       0.000       0.000                            0.1002E-05  0.1002E-05   0.000    
   1296000.0   11.14767323   11.3038   0.000       0.000      0.1561E-02  0.1208E-05 -0.3174E-01  0.3018E-01   0.000       0.000       0.000       0.000        0.000       0.000       0.000       0.000       0.000       0.000                            0.1208E-05  0.1208E-05   0.000    
   1382400.0   11.12665474   11.2821   0.000       0.000      0.1554E-02  0.1216E-05 -0.3166E-01  0.3011E-01   0.000       0.000       0.000       0.000        0.000       0.000       0.000       0.000       0.000       0.000                            0.1216E-05  0.1216E-05   0.000    
   1468800.0   11.10582500   11.2602   0.000       0.000      0.1544E-02  0.1205E-05 -0.3151E-01  0.2996E-01   0.000       0.000       0.000       0.000        0.000       0.000       0.000       0.000       0.000       0.000                            0.1205E-05  0.1205E-05   0.000    
   1555200.0   11.08351859   11.2367   0.000       0.000      0.1532E-02  0.1291E-05 -0.3129E-01  0.2975E-01   0.000       0.000       0.000       0.000        0.000       0.000       0.000       0.000       0.000       0.000                            0.1291E-05  0.1291E-05   0.000    
   1641600.0   11.06112320   11.2128   0.000       0.000      0.1517E-02  0.1296E-05 -0.3102E-01  0.2950E-01   0.000       0.000       0.000       0.000        0.000       0.000       0.000       0.000       0.000       0.000                            0.1296E-05  0.1296E-05   0.000    
   1728000.0   11.04214918   11.1925   0.000       0.000      0.1504E-02  0.1098E-05 -0.3076E-01  0.2926E-01   0.000       0.000       0.000       0.000        0.000       0.000       0.000       0.000       0.000       0.000                            0.1098E-05  0.1098E-05   0.000    
   1814400.0   11.02544363   11.1746   0.000       0.000      0.1492E-02  0.9668E-06 -0.3052E-01  0.2903E-01   0.000       0.000       0.000       0.000        0.000       0.000       0.000       0.000       0.000       0.000                            0.9668E-06  0.9668E-06   0.000    
   1900800.0   11.00682205   11.1546   0.000       0.000      0.1478E-02  0.1078E-05 -0.3023E-01  0.2875E-01   0.000       0.000       0.000       0.000        0.000       0.000       0.000       0.000       0.000       0.000                            0.1078E-05  0.1078E-05   0.000    
   1987200.0   10.98968410   11.1362   0.000       0.000      0.1465E-02  0.9918E-06 -0.2996E-01  0.2849E-01   0.000       0.000       0.000       0.000        0.000       0.000       0.000       0.000       0.000       0.000                            0.9918E-06  0.9918E-06   0.000    
   2073600.0   10.97556847   11.1209   0.000       0.000      0.1453E-02  0.8169E-06 -0.2971E-01  0.2826E-01   0.000       0.000       0.000       0.000        0.000       0.000       0.000       0.000       0.000       0.000                            0.8169E-06  0.8169E-06   0.000    
   2160000.0   10.95921195   11.1033   0.000       0.000      0.1441E-02  0.9466E-06 -0.2943E-01  0.2799E-01   0.000       0.000       0.000       0.000        0.000       0.000       0.000       0.000       0.000       0.000                            0.9466E-06  0.9466E-06   0.000    
   2246400.0   10.94304262   11.0859   0.000       0.000      0.1428E-02  0.9357E-06 -0.2915E-01  0.2772E-01   0.000       0.000       0.000       0.000        0.000       0.000       0.000       0.000       0.000       0.000                            0.9357E-06  0.9357E-06   0.000    
   2332800.0   10.92731244   11.0689   0.000       0.000      0.1415E-02  0.9103E-06 -0.2886E-01  0.2744E-01   0.000       0.000       0.000       0.000        0.000       0.000       0.000       0.000       0.000       0.000                            0.9103E-06  0.9103E-06   0.000    
   2419200.0   10.91197096   11.0523   0.000       0.000      0.1403E-02  0.8878E-06 -0.2858E-01  0.2717E-01   0.000       0.000       0.000       0.000        0.000       0.000       0.000       0.000       0.000       0.000                            0.8878E-06  0.8878E-06   0.000    
   2505600.0   10.90506390   11.0447   0.000       0.000      0.1396E-02  0.3997E-06 -0.2840E-01  0.2700E-01   0.000       0.000       0.000       0.000        0.000       0.000       0.000       0.000       0.000       0.000                            0.3997E-06  0.3997E-06   0.000    
   2592000.0   10.89495203   11.0337   0.000       0.000      0.1388E-02  0.5852E-06 -0.2819E-01  0.2680E-01   0.000       0.000       0.000       0.000        0.000       0.000       0.000       0.000       0.000       0.000                            0.5852E-06  0.5852E-06   0.000    
   2678400.0   10.91391240   11.0537   0.000       0.000      0.1397E-02 -0.1097E-05 -0.2837E-01  0.2697E-01   0.000       0.000       0.000       0.000        0.000       0.000       0.000       0.000       0.000       0.000                           -0.1097E-05 -0.1097E-05   0.000    
   2764800.0   10.98935663   11.1336   0.000       0.000      0.1443E-02 -0.4366E-05 -0.2928E-01  0.2784E-01   0.000       0.000       0.000       0.000        0.000       0.000       0.000       0.000       0.000       0.000                           -0.4366E-05 -0.4366E-05   0.000    
   2851200.0   11.17485775   11.3298   0.000       0.000      0.1549E-02 -0.1074E-04 -0.3148E-01  0.2994E-01   0.000       0.000       0.000       0.000        0.000       0.000       0.000       0.000       0.000       0.000                           -0.1074E-04 -0.1074E-04   0.000    
   2937600.0   11.14125981   11.2961   0.000       0.000      0.1548E-02  0.1944E-05 -0.3143E-01  0.2988E-01   0.000       0.000       0.000       0.000        0.000       0.000       0.000       0.000       0.000       0.000                            0.1944E-05  0.1944E-05   0.000    
   3024000.0   11.14809577   11.3042   0.000       0.000      0.1561E-02 -0.3956E-06 -0.3178E-01  0.3022E-01   0.000       0.000       0.000       0.000        0.000       0.000       0.000       0.000       0.000       0.000                           -0.3956E-06 -0.3956E-06   0.000    
   3110400.0   11.14978778   11.3065   0.000       0.000      0.1567E-02 -0.9792E-07 -0.3194E-01  0.3037E-01   0.000       0.000       0.000       0.000        0.000       0.000       0.000       0.000       0.000       0.000                           -0.9792E-07 -0.9792E-07   0.000    
   3196800.0   11.13794565   11.2944   0.000       0.000      0.1565E-02  0.6853E-06 -0.3191E-01  0.3034E-01   0.000       0.000       0.000       0.000        0.000       0.000       0.000       0.000       0.000       0.000                            0.6853E-06  0.6853E-06   0.000    
   3283200.0   11.11989172   11.2756   0.000       0.000      0.1557E-02  0.1045E-05 -0.3177E-01  0.3021E-01   0.000       0.000       0.000       0.000        0.000       0.000       0.000       0.000       0.000       0.000                            0.1045E-05  0.1045E-05   0.000    
   3369600.0   11.12260392   11.2784   0.000       0.000      0.1558E-02 -0.1570E-06 -0.3182E-01  0.3026E-01   0.000       0.000       0.000       0.000        0.000       0.000       0.000       0.000       0.000       0.000                           -0.1570E-06 -0.1570E-06   0.000    
   3456000.0   11.13729859   11.2939   0.000       0.000      0.1566E-02 -0.8504E-06 -0.3198E-01  0.3042E-01   0.000       0.000       0.000       0.000        0.000       0.000       0.000       0.000       0.000       0.000                           -0.8504E-06 -0.8504E-06   0.000    
   3542400.0   11.16025029   11.3182   0.000       0.000      0.1579E-02 -0.1328E-05 -0.3227E-01  0.3069E-01   0.000       0.000       0.000       0.000        0.000       0.000       0.000       0.000       0.000       0.000                           -0.1328E-05 -0.1328E-05   0.000    
   3628800.0   11.16885023   11.3275   0.000       0.000      0.1586E-02 -0.4977E-06 -0.3242E-01  0.3084E-01   0.000       0.000       0.000       0.000        0.000       0.000       0.000       0.000       0.000       0.000                           -0.4977E-06 -0.4977E-06   0.000    
   3715200.0   11.15720034   11.3154   0.000       0.000      0.1582E-02  0.6742E-06 -0.3236E-01  0.3078E-01   0.000       0.000       0.000       0.000        0.000       0.000       0.000       0.000       0.000       0.000                            0.6742E-06  0.6742E-06   0.000    
   3801600.0   11.16093858   11.3194   0.000       0.000      0.1585E-02 -0.2163E-06 -0.3243E-01  0.3085E-01   0.000       0.000       0.000       0.000        0.000       0.000       0.000       0.000       0.000       0.000                           -0.2163E-06 -0.2163E-06   0.000    
   3888000.0   11.17382949   11.3331   0.000       0.000      0.1592E-02 -0.7460E-06 -0.3259E-01  0.3100E-01   0.000       0.000       0.000       0.000        0.000       0.000       0.000       0.000       0.000       0.000                           -0.7460E-06 -0.7460E-06   0.000    
   3974400.0   11.20277276   11.3636   0.000       0.000      0.1608E-02 -0.1675E-05 -0.3293E-01  0.3132E-01   0.000       0.000       0.000       0.000        0.000       0.000       0.000       0.000       0.000       0.000                           -0.1675E-05 -0.1675E-05   0.000    
   4060800.0   11.22615303   11.3884   0.000       0.000      0.1623E-02 -0.1353E-05 -0.3323E-01  0.3161E-01   0.000       0.000       0.000       0.000        0.000       0.000       0.000       0.000       0.000       0.000                           -0.1353E-05 -0.1353E-05   0.000    
   4147200.0   11.21446580   11.3765   0.000       0.000      0.1621E-02  0.6763E-06 -0.3320E-01  0.3158E-01   0.000       0.000       0.000       0.000        0.000       0.000       0.000       0.000       0.000       0.000                            0.6763E-06  0.6763E-06   0.000    
   4233600.0   11.19609222   11.3574   0.000       0.000      0.1613E-02  0.1063E-05 -0.3306E-01  0.3144E-01   0.000       0.000       0.000       0.000        0.000       0.000       0.000       0.000       0.000       0.000                            0.1063E-05  0.1063E-05   0.000    
   4320000.0   11.18073538   11.3413   0.000       0.000      0.1605E-02  0.8887E-06 -0.3290E-01  0.3130E-01   0.000       0.000       0.000       0.000        0.000       0.000       0.000       0.000       0.000       0.000                            0.8887E-06  0.8887E-06   0.000    
   4406400.0   11.16425067   11.3238   0.000       0.000      0.1596E-02  0.9540E-06 -0.3270E-01  0.3110E-01   0.000       0.000       0.000       0.000        0.000       0.000       0.000       0.000       0.000       0.000                            0.9540E-06  0.9540E-06   0.000    
   4492800.0   11.15105983   11.3098   0.000       0.000      0.1587E-02  0.7634E-06 -0.3252E-01  0.3093E-01   0.000       0.000       0.000       0.000        0.000       0.000       0.000       0.000       0.000       0.000                            0.7634E-06  0.7634E-06   0.000    
   4579200.0   11.13396637   11.2916   0.000       0.000      0.1577E-02  0.9892E-06 -0.3228E-01  0.3070E-01   0.000       0.000       0.000       0.000        0.000       0.000       0.000       0.000       0.000       0.000                            0.9892E-06  0.9892E-06   0.000    
   4665600.0   11.11590471   11.2724   0.000       0.000      0.1565E-02  0.1045E-05 -0.3202E-01  0.3045E-01   0.000       0.000       0.000       0.000        0.000       0.000       0.000       0.000       0.000       0.000                            0.1045E-05  0.1045E-05   0.000    
   4752000.0   11.14158199   11.2992   0.000       0.000      0.1576E-02 -0.1486E-05 -0.3224E-01  0.3066E-01   0.000       0.000       0.000       0.000        0.000       0.000       0.000       0.000       0.000       0.000                           -0.1486E-05 -0.1486E-05   0.000    
   4838400.0   11.17879088   11.3383   0.000       0.000      0.1595E-02 -0.2153E-05 -0.3261E-01  0.3102E-01   0.000       0.000       0.000       0.000        0.000       0.000       0.000       0.000       0.000       0.000                           -0.2153E-05 -0.2153E-05   0.000    
   4924800.0   11.22056844   11.3825   0.000       0.000      0.1619E-02 -0.2418E-05 -0.3309E-01  0.3147E-01   0.000       0.000       0.000       0.000        0.000       0.000       0.000       0.000       0.000       0.000                           -0.2418E-05 -0.2418E-05   0.000    
   5011200.0   11.24667640   11.4104   0.000       0.000      0.1637E-02 -0.1511E-05 -0.3346E-01  0.3182E-01   0.000       0.000       0.000       0.000        0.000       0.000       0.000       0.000       0.000       0.000                           -0.1511E-05 -0.1511E-05   0.000    
   5097600.0   11.23409003   11.3976   0.000       0.000      0.1635E-02  0.7284E-06 -0.3343E-01  0.3179E-01   0.000       0.000       0.000       0.000        0.000       0.000       0.000       0.000       0.000       0.000                            0.7284E-06  0.7284E-06   0.000    
   5184000.0   11.21546839   11.3783   0.000       0.000      0.1629E-02  0.1078E-05 -0.3331E-01  0.3168E-01   0.000       0.000       0.000       0.000        0.000       0.000       0.000       0.000       0.000       0.000                            0.1078E-05  0.1078E-05   0.000    
   5270400.0   11.19906414   11.3611   0.000       0.000      0.1621E-02  0.9493E-06 -0.3314E-01  0.3151E-01   0.000       0.000       0.000       0.000        0.000       0.000       0.000       0.000       0.000       0.000                            0.9493E-06  0.9493E-06   0.000    
   5356800.0   11.18023972   11.3413   0.000       0.000      0.1611E-02  0.1089E-05 -0.3292E-01  0.3131E-01   0.000       0.000       0.000       0.000        0.000       0.000       0.000       0.000       0.000       0.000                            0.1089E-05  0.1089E-05   0.000    
   5443200.0   11.18981740   11.3512   0.000       0.000      0.1614E-02 -0.5543E-06 -0.3298E-01  0.3137E-01   0.000       0.000       0.000       0.000        0.000       0.000       0.000       0.000       0.000       0.000                           -0.5543E-06 -0.5543E-06   0.000    
   5529600.0   11.20224661   11.3642   0.000       0.000      0.1620E-02 -0.7193E-06 -0.3308E-01  0.3146E-01   0.000       0.000       0.000       0.000        0.000       0.000       0.000       0.000       0.000       0.000                           -0.7193E-06 -0.7193E-06   0.000    
   5616000.0   11.21572311   11.3785   0.000       0.000      0.1627E-02 -0.7799E-06 -0.3323E-01  0.3161E-01   0.000       0.000       0.000       0.000        0.000       0.000       0.000       0.000       0.000       0.000                           -0.7799E-06 -0.7799E-06   0.000    
   5702400.0   11.22444099   11.3878   0.000       0.000      0.1633E-02 -0.5045E-06 -0.3335E-01  0.3172E-01   0.000       0.000       0.000       0.000        0.000       0.000       0.000       0.000       0.000       0.000                           -0.5045E-06 -0.5045E-06   0.000    
   5788800.0   11.22008826   11.3834   0.000       0.000      0.1633E-02  0.2519E-06 -0.3333E-01  0.3170E-01   0.000       0.000       0.000       0.000        0.000       0.000       0.000       0.000       0.000       0.000                            0.2519E-06  0.2519E-06   0.000    
   5875200.0   11.22099729   11.3844   0.000       0.000      0.1634E-02 -0.5261E-07 -0.3336E-01  0.3173E-01   0.000       0.000       0.000       0.000        0.000       0.000       0.000       0.000       0.000       0.000                           -0.5261E-07 -0.5261E-07   0.000    
   5961600.0   11.21680185   11.3801   0.000       0.000      0.1633E-02  0.2428E-06 -0.3332E-01  0.3169E-01   0.000       0.000       0.000       0.000        0.000       0.000       0.000       0.000       0.000       0.000                            0.2428E-06  0.2428E-06   0.000    
   6048000.0   11.20411897   11.3668   0.000       0.000      0.1626E-02  0.7340E-06 -0.3318E-01  0.3156E-01   0.000       0.000       0.000       0.000        0.000       0.000       0.000       0.000       0.000       0.000                            0.7340E-06  0.7340E-06   0.000    
   6134400.0   11.18753402   11.3493   0.000       0.000      0.1618E-02  0.9598E-06 -0.3300E-01  0.3138E-01   0.000       0.000       0.000       0.000        0.000       0.000       0.000       0.000       0.000       0.000                            0.9598E-06  0.9598E-06   0.000    
   6220800.0   11.16941806   11.3301   0.000       0.000      0.1607E-02  0.1048E-05 -0.3276E-01  0.3115E-01   0.000       0.000       0.000       0.000        0.000       0.000       0.000       0.000       0.000       0.000                            0.1048E-05  0.1048E-05   0.000    
   6307200.0   11.15064295   11.3102   0.000       0.000      0.1595E-02  0.1087E-05 -0.3251E-01  0.3091E-01   0.000       0.000       0.000       0.000        0.000       0.000       0.000       0.000       0.000       0.000                            0.1087E-05  0.1087E-05   0.000    
   6393600.0   11.13197857   11.2903   0.000       0.000      0.1583E-02  0.1080E-05 -0.3223E-01  0.3064E-01   0.000       0.000       0.000       0.000        0.000       0.000       0.000       0.000       0.000       0.000                            0.1080E-05  0.1080E-05   0.000    
   6480000.0   11.11346243   11.2705   0.000       0.000      0.1571E-02  0.1072E-05 -0.3195E-01  0.3038E-01   0.000       0.000       0.000       0.000        0.000       0.000       0.000       0.000       0.000       0.000                            0.1072E-05  0.1072E-05   0.000    
   6566400.0   11.09530382   11.2511   0.000       0.000      0.1558E-02  0.1051E-05 -0.3165E-01  0.3009E-01   0.000       0.000       0.000       0.000        0.000       0.000       0.000       0.000       0.000       0.000                            0.1051E-05  0.1051E-05   0.000    
   6652800.0   11.07735054   11.2319   0.000       0.000      0.1545E-02  0.1039E-05 -0.3136E-01  0.2982E-01   0.000       0.000       0.000       0.000        0.000       0.000       0.000       0.000       0.000       0.000                            0.1039E-05  0.1039E-05   0.000    
   6739200.0   11.06004469   11.2133   0.000       0.000      0.1532E-02  0.1001E-05 -0.3107E-01  0.2953E-01   0.000       0.000       0.000       0.000        0.000       0.000       0.000       0.000       0.000       0.000                            0.1001E-05  0.1001E-05   0.000    
   6825600.0   11.04277286   11.1948   0.000       0.000      0.1520E-02  0.9995E-06 -0.3078E-01  0.2925E-01   0.000       0.000       0.000       0.000        0.000       0.000       0.000       0.000       0.000       0.000                            0.9995E-06  0.9995E-06   0.000    
   6912000.0   11.02578906   11.1765   0.000       0.000      0.1507E-02  0.9829E-06 -0.3047E-01  0.2896E-01   0.000       0.000       0.000       0.000        0.000       0.000       0.000       0.000       0.000       0.000                            0.9829E-06  0.9829E-06   0.000    
   6998400.0   11.00910566   11.1586   0.000       0.000      0.1495E-02  0.9655E-06 -0.3018E-01  0.2869E-01   0.000       0.000       0.000       0.000        0.000       0.000       0.000       0.000       0.000       0.000                            0.9655E-06  0.9655E-06   0.000    
   7084800.0   10.99308467   11.1413   0.000       0.000      0.1482E-02  0.9271E-06 -0.2989E-01  0.2841E-01   0.000       0.000       0.000       0.000        0.000       0.000       0.000       0.000       0.000       0.000                            0.9271E-06  0.9271E-06   0.000    
   7171200.0   10.97762990   11.1247   0.000       0.000      0.1470E-02  0.8944E-06 -0.2960E-01  0.2813E-01   0.000       0.000       0.000       0.000        0.000       0.000       0.000       0.000       0.000       0.000                            0.8944E-06  0.8944E-06   0.000    
   7257600.0   10.96257119   11.1084   0.000       0.000      0.1459E-02  0.8715E-06 -0.2932E-01  0.2786E-01   0.000       0.000       0.000       0.000        0.000       0.000       0.000       0.000       0.000       0.000                            0.8715E-06  0.8715E-06   0.000    
   7344000.0   10.94811584   11.0928   0.000       0.000      0.1447E-02  0.8365E-06 -0.2904E-01  0.2760E-01   0.000       0.000       0.000       0.000        0.000       0.000       0.000       0.000       0.000       0.000                            0.8365E-06  0.8365E-06   0.000    
   7430400.0   10.93509680   11.0787   0.000       0.000      0.1436E-02  0.7534E-06 -0.2879E-01  0.2735E-01   0.000       0.000       0.000       0.000        0.000       0.000       0.000       0.000       0.000       0.000                            0.7534E-06  0.7534E-06   0.000    
   7516800.0   10.92234190   11.0649   0.000       0.000      0.1426E-02  0.7381E-06 -0.2853E-01  0.2711E-01   0.000       0.000       0.000       0.000        0.000       0.000       0.000       0.000       0.000       0.000                            0.7381E-06  0.7381E-06   0.000    
   7603200.0   10.90921714   11.0508   0.000       0.000      0.1415E-02  0.7595E-06 -0.2828E-01  0.2686E-01   0.000       0.000       0.000       0.000        0.000       0.000       0.000       0.000       0.000       0.000                            0.7595E-06  0.7595E-06   0.000    
   7689600.0   10.89657261   11.0371   0.000       0.000      0.1405E-02  0.7317E-06 -0.2802E-01  0.2662E-01   0.000       0.000       0.000       0.000        0.000       0.000       0.000       0.000       0.000       0.000                            0.7317E-06  0.7317E-06   0.000    
   7776000.0   10.88480783   11.0243   0.000       0.000      0.1395E-02  0.6808E-06 -0.2779E-01  0.2639E-01   0.000       0.000       0.000       0.000        0.000       0.000       0.000       0.000       0.000       0.000                            0.6808E-06  0.6808E-06   0.000    
   7862400.0   10.87299258   11.0115   0.000       0.000      0.1385E-02  0.6838E-06 -0.2754E-01  0.2616E-01   0.000       0.000       0.000       0.000        0.000       0.000       0.000       0.000       0.000       0.000                            0.6838E-06  0.6838E-06   0.000    
   7948800.0   10.86148879   10.9990   0.000       0.000      0.1375E-02  0.6657E-06 -0.2731E-01  0.2594E-01   0.000       0.000       0.000       0.000        0.000       0.000       0.000       0.000       0.000       0.000                            0.6657E-06  0.6657E-06   0.000    
   8035200.0   10.85042496   10.9870   0.000       0.000      0.1366E-02  0.6403E-06 -0.2708E-01  0.2571E-01   0.000       0.000       0.000       0.000        0.000       0.000       0.000       0.000       0.000       0.000                            0.6403E-06  0.6403E-06   0.000    
   8121600.0   10.83961671   10.9753   0.000       0.000      0.1357E-02  0.6255E-06 -0.2686E-01  0.2550E-01   0.000       0.000       0.000       0.000        0.000       0.000       0.000       0.000       0.000       0.000                            0.6255E-06  0.6255E-06   0.000    
   8208000.0   10.82921467   10.9639   0.000       0.000      0.1347E-02  0.6020E-06 -0.2664E-01  0.2529E-01   0.000       0.000       0.000       0.000        0.000       0.000       0.000       0.000       0.000       0.000                            0.6020E-06  0.6020E-06   0.000    
   8294400.0   10.81902283   10.9529   0.000       0.000      0.1339E-02  0.5898E-06 -0.2643E-01  0.2509E-01   0.000       0.000       0.000       0.000        0.000       0.000       0.000       0.000       0.000       0.000                            0.5898E-06  0.5898E-06   0.000    
   8380800.0   10.86475791   11.0014   0.000       0.000      0.1367E-02 -0.2647E-05 -0.2699E-01  0.2563E-01   0.000       0.000       0.000       0.000        0.000       0.000       0.000       0.000       0.000       0.000                           -0.2647E-05 -0.2647E-05   0.000    
   8467200.0   10.86925756   11.0064   0.000       0.000      0.1372E-02 -0.2604E-06 -0.2706E-01  0.2569E-01   0.000       0.000       0.000       0.000        0.000       0.000       0.000       0.000       0.000       0.000                           -0.2604E-06 -0.2604E-06   0.000    
   8553600.0   10.87004979   11.0074   0.000       0.000      0.1374E-02 -0.4585E-07 -0.2711E-01  0.2573E-01   0.000       0.000       0.000       0.000        0.000       0.000       0.000       0.000       0.000       0.000                           -0.4585E-07 -0.4585E-07   0.000    
   8640000.0   10.86596023   11.0032   0.000       0.000      0.1372E-02  0.2367E-06 -0.2707E-01  0.2570E-01   0.000       0.000       0.000       0.000        0.000       0.000       0.000       0.000       0.000       0.000                            0.2367E-06  0.2367E-06   0.000    
   8726400.0   10.85940383   10.9962   0.000       0.000      0.1368E-02  0.3794E-06 -0.2699E-01  0.2562E-01   0.000       0.000       0.000       0.000        0.000       0.000       0.000       0.000       0.000       0.000                            0.3794E-06  0.3794E-06   0.000    
   8812800.0   10.85164144   10.9879   0.000       0.000      0.1363E-02  0.4492E-06 -0.2687E-01  0.2551E-01   0.000       0.000       0.000       0.000        0.000       0.000       0.000       0.000       0.000       0.000                            0.4492E-06  0.4492E-06   0.000    
   8899200.0   10.84180592   10.9774   0.000       0.000      0.1356E-02  0.5692E-06 -0.2672E-01  0.2536E-01   0.000       0.000       0.000       0.000        0.000       0.000       0.000       0.000       0.000       0.000                            0.5692E-06  0.5692E-06   0.000    
   8985600.0   10.83852101   10.9738   0.000       0.000      0.1352E-02  0.1901E-06 -0.2664E-01  0.2529E-01   0.000       0.000       0.000       0.000        0.000       0.000       0.000       0.000       0.000       0.000                            0.1901E-06  0.1901E-06   0.000    
   9072000.0   10.84624147   10.9819   0.000       0.000      0.1356E-02 -0.4468E-06 -0.2672E-01  0.2536E-01   0.000       0.000       0.000       0.000        0.000       0.000       0.000       0.000       0.000       0.000                           -0.4468E-06 -0.4468E-06   0.000    
   9158400.0   10.84234658   10.9777   0.000       0.000      0.1353E-02  0.2254E-06 -0.2665E-01  0.2530E-01   0.000       0.000       0.000       0.000        0.000       0.000       0.000       0.000       0.000       0.000                            0.2254E-06  0.2254E-06   0.000    
   9244800.0   10.87010034   11.0072   0.000       0.000      0.1371E-02 -0.1606E-05 -0.2703E-01  0.2566E-01   0.000       0.000       0.000       0.000        0.000       0.000       0.000       0.000       0.000       0.000                           -0.1606E-05 -0.1606E-05   0.000    
   9331200.0   10.94047894   11.0822   0.000       0.000      0.1417E-02 -0.4073E-05 -0.2797E-01  0.2656E-01   0.000       0.000       0.000       0.000        0.000       0.000       0.000       0.000       0.000       0.000                           -0.4073E-05 -0.4073E-05   0.000    
   9417600.0   11.11202930   11.2641   0.000       0.000      0.1521E-02 -0.9928E-05 -0.3014E-01  0.2863E-01   0.000       0.000       0.000       0.000        0.000       0.000       0.000       0.000       0.000       0.000                           -0.9928E-05 -0.9928E-05   0.000    
   9504000.0   11.23846346   11.3986   0.000       0.000      0.1601E-02 -0.7317E-05 -0.3182E-01  0.3023E-01   0.000       0.000       0.000       0.000        0.000       0.000       0.000       0.000       0.000       0.000                           -0.7317E-05 -0.7317E-05   0.000    
   9590400.0   11.21591989   11.3768   0.000       0.000      0.1609E-02  0.1305E-05 -0.3205E-01  0.3044E-01   0.000       0.000       0.000       0.000        0.000       0.000       0.000       0.000       0.000       0.000                            0.1305E-05  0.1305E-05   0.000    
   9676800.0   11.18777469   11.3483   0.000       0.000      0.1605E-02  0.1629E-05 -0.3210E-01  0.3049E-01   0.000       0.000       0.000       0.000        0.000       0.000       0.000       0.000       0.000       0.000                            0.1629E-05  0.1629E-05   0.000    
   9763200.0   11.15762595   11.3170   0.000       0.000      0.1594E-02  0.1745E-05 -0.3194E-01  0.3035E-01   0.000       0.000       0.000       0.000        0.000       0.000       0.000       0.000       0.000       0.000                            0.1745E-05  0.1745E-05   0.000    
   9849600.0   11.12883643   11.2868   0.000       0.000      0.1579E-02  0.1666E-05 -0.3170E-01  0.3012E-01   0.000       0.000       0.000       0.000        0.000       0.000       0.000       0.000       0.000       0.000                            0.1666E-05  0.1666E-05   0.000    
   9936000.0   11.14734492   11.3061   0.000       0.000      0.1587E-02 -0.1071E-05 -0.3191E-01  0.3033E-01   0.000       0.000       0.000       0.000        0.000       0.000       0.000       0.000       0.000       0.000                           -0.1071E-05 -0.1071E-05   0.000    
  10022400.0   11.16268438   11.3223   0.000       0.000      0.1596E-02 -0.8877E-06 -0.3211E-01  0.3052E-01   0.000       0.000       0.000       0.000        0.000       0.000       0.000       0.000       0.000       0.000                           -0.8877E-06 -0.8877E-06   0.000    
  10108800.0   11.16735355   11.3273   0.000       0.000      0.1599E-02 -0.2702E-06 -0.3222E-01  0.3062E-01   0.000       0.000       0.000       0.000        0.000       0.000       0.000       0.000       0.000       0.000                           -0.2702E-06 -0.2702E-06   0.000    
  10195200.0   11.17991137   11.3406   0.000       0.000      0.1607E-02 -0.7267E-06 -0.3241E-01  0.3081E-01   0.000       0.000       0.000       0.000        0.000       0.000       0.000       0.000       0.000       0.000                           -0.7267E-06 -0.7267E-06   0.000    
  10281600.0   11.18663969   11.3478   0.000       0.000      0.1612E-02 -0.3894E-06 -0.3254E-01  0.3093E-01   0.000       0.000       0.000       0.000        0.000       0.000       0.000       0.000       0.000       0.000                           -0.3894E-06 -0.3894E-06   0.000    
  10368000.0   11.17432184   11.3350   0.000       0.000      0.1607E-02  0.7128E-06 -0.3248E-01  0.3087E-01   0.000       0.000       0.000       0.000        0.000       0.000       0.000       0.000       0.000       0.000                            0.7128E-06  0.7128E-06   0.000    
  10454400.0   11.15530189   11.3150   0.000       0.000      0.1597E-02  0.1101E-05 -0.3230E-01  0.3070E-01   0.000       0.000       0.000       0.000        0.000       0.000       0.000       0.000       0.000       0.000                            0.1101E-05  0.1101E-05   0.000    
  10540800.0   11.15430016   11.3138   0.000       0.000      0.1595E-02  0.5797E-07 -0.3228E-01  0.3069E-01   0.000       0.000       0.000       0.000        0.000       0.000       0.000       0.000       0.000       0.000                            0.5797E-07  0.5797E-07   0.000    
  10627200.0   11.16259520   11.3225   0.000       0.000      0.1599E-02 -0.4800E-06 -0.3236E-01  0.3076E-01   0.000       0.000       0.000       0.000        0.000       0.000       0.000       0.000       0.000       0.000                           -0.4800E-06 -0.4800E-06   0.000    
  10713600.0   11.16321100   11.3231   0.000       0.000      0.1599E-02 -0.3564E-07 -0.3238E-01  0.3078E-01   0.000       0.000       0.000       0.000        0.000       0.000       0.000       0.000       0.000       0.000                           -0.3564E-07 -0.3564E-07   0.000    
  10800000.0   11.15396860   11.3134   0.000       0.000      0.1594E-02  0.5349E-06 -0.3228E-01  0.3069E-01   0.000       0.000       0.000       0.000        0.000       0.000       0.000       0.000       0.000       0.000                            0.5349E-06  0.5349E-06   0.000    
  10886400.0   11.13847329   11.2971   0.000       0.000      0.1586E-02  0.8967E-06 -0.3212E-01  0.3053E-01   0.000       0.000       0.000       0.000        0.000       0.000       0.000       0.000       0.000       0.000                            0.8967E-06  0.8967E-06   0.000    
  10972800.0   11.11988635   11.2774   0.000       0.000      0.1575E-02  0.1076E-05 -0.3188E-01  0.3031E-01   0.000       0.000       0.000       0.000        0.000       0.000       0.000       0.000       0.000       0.000                            0.1076E-05  0.1076E-05   0.000    
  11059200.0   11.09813797   11.2543   0.000       0.000      0.1561E-02  0.1259E-05 -0.3160E-01  0.3003E-01   0.000       0.000       0.000       0.000        0.000       0.000       0.000       0.000       0.000       0.000                            0.1259E-05  0.1259E-05   0.000    
  11145600.0   11.07625809   11.2309   0.000       0.000      0.1547E-02  0.1266E-05 -0.3128E-01  0.2974E-01   0.000       0.000       0.000       0.000        0.000       0.000       0.000       0.000       0.000       0.000                            0.1266E-05  0.1266E-05   0.000    
  11232000.0   11.05536805   11.2085   0.000       0.000      0.1532E-02  0.1209E-05 -0.3096E-01  0.2942E-01   0.000       0.000       0.000       0.000        0.000       0.000       0.000       0.000       0.000       0.000                            0.1209E-05  0.1209E-05   0.000    
  11318400.0   11.03529370   11.1870   0.000       0.000      0.1517E-02  0.1162E-05 -0.3063E-01  0.2912E-01   0.000       0.000       0.000       0.000        0.000       0.000       0.000       0.000       0.000       0.000                            0.1162E-05  0.1162E-05   0.000    
  11404800.0   11.03946138   11.1911   0.000       0.000      0.1516E-02 -0.2412E-06 -0.3059E-01  0.2908E-01   0.000       0.000       0.000       0.000        0.000       0.000       0.000       0.000       0.000       0.000                           -0.2412E-06 -0.2412E-06   0.000    
  11491200.0   11.02176413   11.1722   0.000       0.000      0.1504E-02  0.1024E-05 -0.3030E-01  0.2880E-01   0.000       0.000       0.000       0.000        0.000       0.000       0.000       0.000       0.000       0.000                            0.1024E-05  0.1024E-05   0.000    
  11577600.0   11.04770608   11.1994   0.000       0.000      0.1516E-02 -0.1501E-05 -0.3055E-01  0.2903E-01   0.000       0.000       0.000       0.000        0.000       0.000       0.000       0.000       0.000       0.000                           -0.1501E-05 -0.1501E-05   0.000    
  11664000.0   11.12005189   11.2757   0.000       0.000      0.1557E-02 -0.4187E-05 -0.3135E-01  0.2980E-01   0.000       0.000       0.000       0.000        0.000       0.000       0.000       0.000       0.000       0.000                           -0.4187E-05 -0.4187E-05   0.000    
  11750400.0   11.29346691   11.4584   0.000       0.000      0.1649E-02 -0.1004E-04 -0.3325E-01  0.3161E-01   0.000       0.000       0.000       0.000        0.000       0.000       0.000       0.000       0.000       0.000                           -0.1004E-04 -0.1004E-04   0.000    
  11836800.0   11.26083476   11.4256   0.000       0.000      0.1648E-02  0.1888E-05 -0.3321E-01  0.3156E-01   0.000       0.000       0.000       0.000        0.000       0.000       0.000       0.000       0.000       0.000                            0.1888E-05  0.1888E-05   0.000    
  11923200.0   11.23102284   11.3952   0.000       0.000      0.1642E-02  0.1725E-05 -0.3316E-01  0.3152E-01   0.000       0.000       0.000       0.000        0.000       0.000       0.000       0.000       0.000       0.000                            0.1725E-05  0.1725E-05   0.000    
  12009600.0   11.20326413   11.3663   0.000       0.000      0.1630E-02  0.1606E-05 -0.3295E-01  0.3132E-01   0.000       0.000       0.000       0.000        0.000       0.000       0.000       0.000       0.000       0.000                            0.1606E-05  0.1606E-05   0.000    
  12096000.0   11.19621085   11.3589   0.000       0.000      0.1627E-02  0.4082E-06 -0.3289E-01  0.3127E-01   0.000       0.000       0.000       0.000        0.000       0.000       0.000       0.000       0.000       0.000                            0.4082E-06  0.4082E-06   0.000    
  12182400.0   11.18691238   11.3491   0.000       0.000      0.1622E-02  0.5381E-06 -0.3279E-01  0.3117E-01   0.000       0.000       0.000       0.000        0.000       0.000       0.000       0.000       0.000       0.000                            0.5381E-06  0.5381E-06   0.000    
  12268800.0   11.17165534   11.3329   0.000       0.000      0.1613E-02  0.8829E-06 -0.3261E-01  0.3100E-01   0.000       0.000       0.000       0.000        0.000       0.000       0.000       0.000       0.000       0.000                            0.8829E-06  0.8829E-06   0.000    
  12355200.0   11.15269482   11.3129   0.000       0.000      0.1602E-02  0.1097E-05 -0.3239E-01  0.3078E-01   0.000       0.000       0.000       0.000        0.000       0.000       0.000       0.000       0.000       0.000                            0.1097E-05  0.1097E-05   0.000    
  12441600.0   11.13912589   11.2984   0.000       0.000      0.1592E-02  0.7852E-06 -0.3219E-01  0.3060E-01   0.000       0.000       0.000       0.000        0.000       0.000       0.000       0.000       0.000       0.000                            0.7852E-06  0.7852E-06   0.000    
  12528000.0   11.18448210   11.3459   0.000       0.000      0.1614E-02 -0.2625E-05 -0.3263E-01  0.3102E-01   0.000       0.000       0.000       0.000        0.000       0.000       0.000       0.000       0.000       0.000                           -0.2625E-05 -0.2625E-05   0.000    
  12614400.0   11.23680744   11.4009   0.000       0.000      0.1641E-02 -0.3028E-05 -0.3319E-01  0.3155E-01   0.000       0.000       0.000       0.000        0.000       0.000       0.000       0.000       0.000       0.000                           -0.3028E-05 -0.3028E-05   0.000    
  12700800.0   11.22852842   11.3927   0.000       0.000      0.1642E-02  0.4791E-06 -0.3320E-01  0.3156E-01   0.000       0.000       0.000       0.000        0.000       0.000       0.000       0.000       0.000       0.000                            0.4791E-06  0.4791E-06   0.000    
  12787200.0   11.21290959   11.3766   0.000       0.000      0.1637E-02  0.9039E-06 -0.3312E-01  0.3148E-01   0.000       0.000       0.000       0.000        0.000       0.000       0.000       0.000       0.000       0.000                            0.9039E-06  0.9039E-06   0.000    
  12873600.0   11.19198296   11.3547   0.000       0.000      0.1627E-02  0.1211E-05 -0.3292E-01  0.3129E-01   0.000       0.000       0.000       0.000        0.000       0.000       0.000       0.000       0.000       0.000                            0.1211E-05  0.1211E-05   0.000    
  12960000.0   11.19662370   11.3595   0.000       0.000      0.1628E-02 -0.2686E-06 -0.3295E-01  0.3132E-01   0.000       0.000       0.000       0.000        0.000       0.000       0.000       0.000       0.000       0.000                           -0.2686E-06 -0.2686E-06   0.000    
  13046400.0   11.18724275   11.3496   0.000       0.000      0.1623E-02  0.5429E-06 -0.3284E-01  0.3121E-01   0.000       0.000       0.000       0.000        0.000       0.000       0.000       0.000       0.000       0.000                            0.5429E-06  0.5429E-06   0.000    
  13132800.0   11.17336331   11.3349   0.000       0.000      0.1615E-02  0.8032E-06 -0.3267E-01  0.3105E-01   0.000       0.000       0.000       0.000        0.000       0.000       0.000       0.000       0.000       0.000                            0.8032E-06  0.8032E-06   0.000    
  13219200.0   11.16355885   11.3244   0.000       0.000      0.1609E-02  0.5674E-06 -0.3253E-01  0.3092E-01   0.000       0.000       0.000       0.000        0.000       0.000       0.000       0.000       0.000       0.000                            0.5674E-06  0.5674E-06   0.000    
  13305600.0   11.14925476   11.3093   0.000       0.000      0.1600E-02  0.8278E-06 -0.3234E-01  0.3074E-01   0.000       0.000       0.000       0.000        0.000       0.000       0.000       0.000       0.000       0.000                            0.8278E-06  0.8278E-06   0.000    
  13392000.0   11.17052250   11.3315   0.000       0.000      0.1609E-02 -0.1231E-05 -0.3252E-01  0.3091E-01   0.000       0.000       0.000       0.000        0.000       0.000       0.000       0.000       0.000       0.000                           -0.1231E-05 -0.1231E-05   0.000    
  13478400.0   11.18650859   11.3483   0.000       0.000      0.1618E-02 -0.9251E-06 -0.3268E-01  0.3106E-01   0.000       0.000       0.000       0.000        0.000       0.000       0.000       0.000       0.000       0.000                           -0.9251E-06 -0.9251E-06   0.000    
  13564800.0   11.18202452   11.3437   0.000       0.000      0.1617E-02  0.2595E-06 -0.3265E-01  0.3104E-01   0.000       0.000       0.000       0.000        0.000       0.000       0.000       0.000       0.000       0.000                            0.2595E-06  0.2595E-06   0.000    
  13651200.0   11.17248617   11.3338   0.000       0.000      0.1613E-02  0.5520E-06 -0.3256E-01  0.3095E-01   0.000       0.000       0.000       0.000        0.000       0.000       0.000       0.000       0.000       0.000                            0.5520E-06  0.5520E-06   0.000    
  13737600.0   11.15882818   11.3194   0.000       0.000      0.1606E-02  0.7904E-06 -0.3241E-01  0.3080E-01   0.000       0.000       0.000       0.000        0.000       0.000       0.000       0.000       0.000       0.000                            0.7904E-06  0.7904E-06   0.000    
  13824000.0   11.20327866   11.3660   0.000       0.000      0.1627E-02 -0.2572E-05 -0.3286E-01  0.3123E-01   0.000       0.000       0.000       0.000        0.000       0.000       0.000       0.000       0.000       0.000                           -0.2572E-05 -0.2572E-05   0.000    
  13910400.0   11.26720005   11.4333   0.000       0.000      0.1661E-02 -0.3699E-05 -0.3354E-01  0.3189E-01   0.000       0.000       0.000       0.000        0.000       0.000       0.000       0.000       0.000       0.000                           -0.3699E-05 -0.3699E-05   0.000    
  13996800.0   11.26581736   11.4325   0.000       0.000      0.1667E-02  0.8002E-07 -0.3364E-01  0.3198E-01   0.000       0.000       0.000       0.000        0.000       0.000       0.000       0.000       0.000       0.000                            0.8002E-07  0.8002E-07   0.000    
  14083200.0   11.25127433   11.4176   0.000       0.000      0.1663E-02  0.8416E-06 -0.3360E-01  0.3194E-01   0.000       0.000       0.000       0.000        0.000       0.000       0.000       0.000       0.000       0.000                            0.8416E-06  0.8416E-06   0.000    
  14169600.0   11.26593106   11.4331   0.000       0.000      0.1672E-02 -0.8482E-06 -0.3380E-01  0.3213E-01   0.000       0.000       0.000       0.000        0.000       0.000       0.000       0.000       0.000       0.000                           -0.8482E-06 -0.8482E-06   0.000    
  14256000.0   11.27816971   11.4461   0.000       0.000      0.1680E-02 -0.7083E-06 -0.3396E-01  0.3228E-01   0.000       0.000       0.000       0.000        0.000       0.000       0.000       0.000       0.000       0.000                           -0.7083E-06 -0.7083E-06   0.000    
  14342400.0   11.33951291   11.5106   0.000       0.000      0.1711E-02 -0.3550E-05 -0.3461E-01  0.3291E-01   0.000       0.000       0.000       0.000        0.000       0.000       0.000       0.000       0.000       0.000                           -0.3550E-05 -0.3550E-05   0.000    
  14428800.0   11.49739710   11.6761   0.000       0.000      0.1787E-02 -0.9137E-05 -0.3619E-01  0.3441E-01   0.000       0.000       0.000       0.000        0.000       0.000       0.000       0.000       0.000       0.000                           -0.9137E-05 -0.9137E-05   0.000    
  14515200.0   11.49363883   11.6735   0.000       0.000      0.1798E-02  0.2175E-06 -0.3643E-01  0.3463E-01   0.000       0.000       0.000       0.000        0.000       0.000       0.000       0.000       0.000       0.000                            0.2175E-06  0.2175E-06   0.000    
  14601600.0   11.51797037   11.6997   0.000       0.000      0.1818E-02 -0.1408E-05 -0.3692E-01  0.3510E-01   0.000       0.000       0.000       0.000        0.000       0.000       0.000       0.000       0.000       0.000                           -0.1408E-05 -0.1408E-05   0.000    
  14688000.0   11.57061548   11.7553   0.000       0.000      0.1847E-02 -0.3047E-05 -0.3756E-01  0.3572E-01   0.000       0.000       0.000       0.000        0.000       0.000       0.000       0.000       0.000       0.000                           -0.3047E-05 -0.3047E-05   0.000    
  14774400.0   11.58974512   11.7760   0.000       0.000      0.1862E-02 -0.1107E-05 -0.3792E-01  0.3606E-01   0.000       0.000       0.000       0.000        0.000       0.000       0.000       0.000       0.000       0.000                           -0.1107E-05 -0.1107E-05   0.000    
  14860800.0   11.57990812   11.7664   0.000       0.000      0.1865E-02  0.5693E-06 -0.3801E-01  0.3615E-01   0.000       0.000       0.000       0.000        0.000       0.000       0.000       0.000       0.000       0.000                            0.5693E-06  0.5693E-06   0.000    
  14947200.0   11.56628597   11.7525   0.000       0.000      0.1862E-02  0.7883E-06 -0.3802E-01  0.3615E-01   0.000       0.000       0.000       0.000        0.000       0.000       0.000       0.000       0.000       0.000                            0.7883E-06  0.7883E-06   0.000    
  15033600.0   11.54430420   11.7298   0.000       0.000      0.1855E-02  0.1272E-05 -0.3790E-01  0.3605E-01   0.000       0.000       0.000       0.000        0.000       0.000       0.000       0.000       0.000       0.000                            0.1272E-05  0.1272E-05   0.000    
  15120000.0   11.51869753   11.7031   0.000       0.000      0.1844E-02  0.1482E-05 -0.3770E-01  0.3585E-01   0.000       0.000       0.000       0.000        0.000       0.000       0.000       0.000       0.000       0.000                            0.1482E-05  0.1482E-05   0.000    
  15206400.0   11.48920778   11.6722   0.000       0.000      0.1830E-02  0.1707E-05 -0.3743E-01  0.3559E-01   0.000       0.000       0.000       0.000        0.000       0.000       0.000       0.000       0.000       0.000                            0.1707E-05  0.1707E-05   0.000    
  15292800.0   11.45791899   11.6393   0.000       0.000      0.1814E-02  0.1811E-05 -0.3709E-01  0.3528E-01   0.000       0.000       0.000       0.000        0.000       0.000       0.000       0.000       0.000       0.000                            0.1811E-05  0.1811E-05   0.000    
  15379200.0   11.49788607   11.6807   0.000       0.000      0.1828E-02 -0.2313E-05 -0.3738E-01  0.3556E-01   0.000       0.000       0.000       0.000        0.000       0.000       0.000       0.000       0.000       0.000                           -0.2313E-05 -0.2313E-05   0.000    
  15465600.0   11.51693479   11.7006   0.000       0.000      0.1836E-02 -0.1102E-05 -0.3753E-01  0.3570E-01   0.000       0.000       0.000       0.000        0.000       0.000       0.000       0.000       0.000       0.000                           -0.1102E-05 -0.1102E-05   0.000    
  15552000.0   11.50227397   11.6855   0.000       0.000      0.1832E-02  0.8484E-06 -0.3744E-01  0.3561E-01   0.000       0.000       0.000       0.000        0.000       0.000       0.000       0.000       0.000       0.000                            0.8484E-06  0.8484E-06   0.000    
  15638400.0   11.47528676   11.6574   0.000       0.000      0.1821E-02  0.1562E-05 -0.3721E-01  0.3539E-01   0.000       0.000       0.000       0.000        0.000       0.000       0.000       0.000       0.000       0.000                            0.1562E-05  0.1562E-05   0.000    
  15724800.0   11.44670630   11.6274   0.000       0.000      0.1807E-02  0.1654E-05 -0.3693E-01  0.3512E-01   0.000       0.000       0.000       0.000        0.000       0.000       0.000       0.000       0.000       0.000                            0.1654E-05  0.1654E-05   0.000    
  15811200.0   11.41826079   11.5974   0.000       0.000      0.1792E-02  0.1646E-05 -0.3660E-01  0.3480E-01   0.000       0.000       0.000       0.000        0.000       0.000       0.000       0.000       0.000       0.000                            0.1646E-05  0.1646E-05   0.000    
  15897600.0   11.39094024   11.5686   0.000       0.000      0.1776E-02  0.1581E-05 -0.3625E-01  0.3448E-01   0.000       0.000       0.000       0.000        0.000       0.000       0.000       0.000       0.000       0.000                            0.1581E-05  0.1581E-05   0.000    
  15984000.0   11.37147379   11.5479   0.000       0.000      0.1764E-02  0.1127E-05 -0.3597E-01  0.3420E-01   0.000       0.000       0.000       0.000        0.000       0.000       0.000       0.000       0.000       0.000                            0.1127E-05  0.1127E-05   0.000    
  16070400.0   11.34663986   11.5215   0.000       0.000      0.1749E-02  0.1437E-05 -0.3562E-01  0.3387E-01   0.000       0.000       0.000       0.000        0.000       0.000       0.000       0.000       0.000       0.000                            0.1437E-05  0.1437E-05   0.000    
  16156800.0   11.32238658   11.4958   0.000       0.000      0.1734E-02  0.1404E-05 -0.3528E-01  0.3355E-01   0.000       0.000       0.000       0.000        0.000       0.000       0.000       0.000       0.000       0.000                            0.1404E-05  0.1404E-05   0.000    
  16243200.0   11.29858709   11.4704   0.000       0.000      0.1719E-02  0.1377E-05 -0.3493E-01  0.3321E-01   0.000       0.000       0.000       0.000        0.000       0.000       0.000       0.000       0.000       0.000                            0.1377E-05  0.1377E-05   0.000    
  16329600.0   11.27549831   11.4459   0.000       0.000      0.1704E-02  0.1336E-05 -0.3459E-01  0.3288E-01   0.000       0.000       0.000       0.000        0.000       0.000       0.000       0.000       0.000       0.000                            0.1336E-05  0.1336E-05   0.000    
  16416000.0   11.25322005   11.4221   0.000       0.000      0.1689E-02  0.1289E-05 -0.3424E-01  0.3255E-01   0.000       0.000       0.000       0.000        0.000       0.000       0.000       0.000       0.000       0.000                            0.1289E-05  0.1289E-05   0.000    
  16502400.0   11.23165246   11.3991   0.000       0.000      0.1674E-02  0.1248E-05 -0.3390E-01  0.3222E-01   0.000       0.000       0.000       0.000        0.000       0.000       0.000       0.000       0.000       0.000                            0.1248E-05  0.1248E-05   0.000    
  16588800.0   11.21090323   11.3769   0.000       0.000      0.1660E-02  0.1201E-05 -0.3356E-01  0.3190E-01   0.000       0.000       0.000       0.000        0.000       0.000       0.000       0.000       0.000       0.000                            0.1201E-05  0.1201E-05   0.000    
  16675200.0   11.19092650   11.3556   0.000       0.000      0.1646E-02  0.1156E-05 -0.3323E-01  0.3158E-01   0.000       0.000       0.000       0.000        0.000       0.000       0.000       0.000       0.000       0.000                            0.1156E-05  0.1156E-05   0.000    
  16761600.0   11.17534700   11.3388   0.000       0.000      0.1635E-02  0.9016E-06 -0.3295E-01  0.3131E-01   0.000       0.000       0.000       0.000        0.000       0.000       0.000       0.000       0.000       0.000                            0.9016E-06  0.9016E-06   0.000    
  16848000.0   11.16343711   11.3260   0.000       0.000      0.1625E-02  0.6892E-06 -0.3270E-01  0.3108E-01   0.000       0.000       0.000       0.000        0.000       0.000       0.000       0.000       0.000       0.000                            0.6892E-06  0.6892E-06   0.000    
  16934400.0   11.16497508   11.3273   0.000       0.000      0.1623E-02 -0.8900E-07 -0.3262E-01  0.3100E-01   0.000       0.000       0.000       0.000        0.000       0.000       0.000       0.000       0.000       0.000                           -0.8900E-07 -0.8900E-07   0.000    
  17020800.0   11.15965248   11.3215   0.000       0.000      0.1619E-02  0.3080E-06 -0.3249E-01  0.3087E-01   0.000       0.000       0.000       0.000        0.000       0.000       0.000       0.000       0.000       0.000                            0.3080E-06  0.3080E-06   0.000    
  17107200.0   11.14251819   11.3034   0.000       0.000      0.1608E-02  0.9916E-06 -0.3224E-01  0.3063E-01   0.000       0.000       0.000       0.000        0.000       0.000       0.000       0.000       0.000       0.000                            0.9916E-06  0.9916E-06   0.000    
  17193600.0   11.12602901   11.2858   0.000       0.000      0.1598E-02  0.9542E-06 -0.3199E-01  0.3039E-01   0.000       0.000       0.000       0.000        0.000       0.000       0.000       0.000       0.000       0.000                            0.9542E-06  0.9542E-06   0.000    
  17280000.0   11.10931759   11.2679   0.000       0.000      0.1586E-02  0.9671E-06 -0.3171E-01  0.3013E-01   0.000       0.000       0.000       0.000        0.000       0.000       0.000       0.000       0.000       0.000                            0.9671E-06  0.9671E-06   0.000    
  17366400.0   11.09260325   11.2501   0.000       0.000      0.1575E-02  0.9673E-06 -0.3144E-01  0.2987E-01   0.000       0.000       0.000       0.000        0.000       0.000       0.000       0.000       0.000       0.000                            0.9673E-06  0.9673E-06   0.000    
  17452800.0   11.07643888   11.2327   0.000       0.000      0.1563E-02  0.9354E-06 -0.3116E-01  0.2960E-01   0.000       0.000       0.000       0.000        0.000       0.000       0.000       0.000       0.000       0.000                            0.9354E-06  0.9354E-06   0.000    
  17539200.0   11.06068050   11.2158   0.000       0.000      0.1551E-02  0.9119E-06 -0.3090E-01  0.2934E-01   0.000       0.000       0.000       0.000        0.000       0.000       0.000       0.000       0.000       0.000                            0.9119E-06  0.9119E-06   0.000    
  17625600.0   11.04553078   11.1995   0.000       0.000      0.1540E-02  0.8767E-06 -0.3062E-01  0.2908E-01   0.000       0.000       0.000       0.000        0.000       0.000       0.000       0.000       0.000       0.000                            0.8767E-06  0.8767E-06   0.000    
  17712000.0   11.03633622   11.1895   0.000       0.000      0.1532E-02  0.5321E-06 -0.3043E-01  0.2889E-01   0.000       0.000       0.000       0.000        0.000       0.000       0.000       0.000       0.000       0.000                            0.5321E-06  0.5321E-06   0.000    
  17798400.0   11.02253256   11.1747   0.000       0.000      0.1522E-02  0.7988E-06 -0.3018E-01  0.2866E-01   0.000       0.000       0.000       0.000        0.000       0.000       0.000       0.000       0.000       0.000                            0.7988E-06  0.7988E-06   0.000    
  17884800.0   11.00851699   11.1596   0.000       0.000      0.1511E-02  0.8111E-06 -0.2993E-01  0.2842E-01   0.000       0.000       0.000       0.000        0.000       0.000       0.000       0.000       0.000       0.000                            0.8111E-06  0.8111E-06   0.000    
  17971200.0   10.99488973   11.1449   0.000       0.000      0.1500E-02  0.7886E-06 -0.2969E-01  0.2818E-01   0.000       0.000       0.000       0.000        0.000       0.000       0.000       0.000       0.000       0.000                            0.7886E-06  0.7886E-06   0.000    
  18057600.0   10.98178832   11.1308   0.000       0.000      0.1490E-02  0.7582E-06 -0.2944E-01  0.2795E-01   0.000       0.000       0.000       0.000        0.000       0.000       0.000       0.000       0.000       0.000                            0.7582E-06  0.7582E-06   0.000    
  18144000.0   10.96900887   11.1170   0.000       0.000      0.1480E-02  0.7396E-06 -0.2921E-01  0.2772E-01   0.000       0.000       0.000       0.000        0.000       0.000       0.000       0.000       0.000       0.000                            0.7396E-06  0.7396E-06   0.000    
  18230400.0   10.95667273   11.1036   0.000       0.000      0.1470E-02  0.7139E-06 -0.2897E-01  0.2750E-01   0.000       0.000       0.000       0.000        0.000       0.000       0.000       0.000       0.000       0.000                            0.7139E-06  0.7139E-06   0.000    
  18316800.0   10.94464952   11.0907   0.000       0.000      0.1460E-02  0.6958E-06 -0.2874E-01  0.2728E-01   0.000       0.000       0.000       0.000        0.000       0.000       0.000       0.000       0.000       0.000                            0.6958E-06  0.6958E-06   0.000    
  18403200.0   10.93299814   11.0780   0.000       0.000      0.1450E-02  0.6743E-06 -0.2852E-01  0.2706E-01   0.000       0.000       0.000       0.000        0.000       0.000       0.000       0.000       0.000       0.000                            0.6743E-06  0.6743E-06   0.000    
  18489600.0   10.92165829   11.0658   0.000       0.000      0.1441E-02  0.6562E-06 -0.2830E-01  0.2685E-01   0.000       0.000       0.000       0.000        0.000       0.000       0.000       0.000       0.000       0.000                            0.6562E-06  0.6562E-06   0.000    
  18576000.0   10.91061758   11.0538   0.000       0.000      0.1432E-02  0.6389E-06 -0.2808E-01  0.2665E-01   0.000       0.000       0.000       0.000        0.000       0.000       0.000       0.000       0.000       0.000                            0.6389E-06  0.6389E-06   0.000    
  18662400.0   10.89993488   11.0422   0.000       0.000      0.1422E-02  0.6182E-06 -0.2787E-01  0.2644E-01   0.000       0.000       0.000       0.000        0.000       0.000       0.000       0.000       0.000       0.000                            0.6182E-06  0.6182E-06   0.000    
  18748800.0   10.88942602   11.0308   0.000       0.000      0.1414E-02  0.6082E-06 -0.2766E-01  0.2625E-01   0.000       0.000       0.000       0.000        0.000       0.000       0.000       0.000       0.000       0.000                            0.6082E-06  0.6082E-06   0.000    
  18835200.0   10.89015867   11.0314   0.000       0.000      0.1412E-02 -0.4240E-07 -0.2761E-01  0.2620E-01   0.000       0.000       0.000       0.000        0.000       0.000       0.000       0.000       0.000       0.000                           -0.4240E-07 -0.4240E-07   0.000    
  18921600.0   10.88179910   11.0223   0.000       0.000      0.1405E-02  0.4838E-06 -0.2744E-01  0.2604E-01   0.000       0.000       0.000       0.000        0.000       0.000       0.000       0.000       0.000       0.000                            0.4838E-06  0.4838E-06   0.000    
  19008000.0   10.87107663   11.0107   0.000       0.000      0.1397E-02  0.6205E-06 -0.2726E-01  0.2586E-01   0.000       0.000       0.000       0.000        0.000       0.000       0.000       0.000       0.000       0.000                            0.6205E-06  0.6205E-06   0.000    
  19094400.0   10.86080804   10.9996   0.000       0.000      0.1388E-02  0.5942E-06 -0.2706E-01  0.2568E-01   0.000       0.000       0.000       0.000        0.000       0.000       0.000       0.000       0.000       0.000                            0.5942E-06  0.5942E-06   0.000    
  19180800.0   10.85086964   10.9888   0.000       0.000      0.1380E-02  0.5751E-06 -0.2687E-01  0.2549E-01   0.000       0.000       0.000       0.000        0.000       0.000       0.000       0.000       0.000       0.000                            0.5751E-06  0.5751E-06   0.000    
  19267200.0   10.84151187   10.9787   0.000       0.000      0.1371E-02  0.5415E-06 -0.2669E-01  0.2532E-01   0.000       0.000       0.000       0.000        0.000       0.000       0.000       0.000       0.000       0.000                            0.5415E-06  0.5415E-06   0.000    
  19353600.0   10.83216638   10.9685   0.000       0.000      0.1363E-02  0.5408E-06 -0.2650E-01  0.2514E-01   0.000       0.000       0.000       0.000        0.000       0.000       0.000       0.000       0.000       0.000                            0.5408E-06  0.5408E-06   0.000    
  19440000.0   10.82306329   10.9586   0.000       0.000      0.1355E-02  0.5268E-06 -0.2632E-01  0.2497E-01   0.000       0.000       0.000       0.000        0.000       0.000       0.000       0.000       0.000       0.000                            0.5268E-06  0.5268E-06   0.000    
  19526400.0   10.81426579   10.9490   0.000       0.000      0.1347E-02  0.5091E-06 -0.2614E-01  0.2479E-01   0.000       0.000       0.000       0.000        0.000       0.000       0.000       0.000       0.000       0.000                            0.5091E-06  0.5091E-06   0.000    
  19612800.0   10.80559140   10.9395   0.000       0.000      0.1339E-02  0.5020E-06 -0.2597E-01  0.2463E-01   0.000       0.000       0.000       0.000        0.000       0.000       0.000       0.000       0.000       0.000                            0.5020E-06  0.5020E-06   0.000    
  19699200.0   10.79720671   10.9303   0.000       0.000      0.1331E-02  0.4852E-06 -0.2579E-01  0.2446E-01   0.000       0.000       0.000       0.000        0.000       0.000       0.000       0.000       0.000       0.000                            0.4852E-06  0.4852E-06   0.000    
  19785600.0   10.78893759   10.9213   0.000       0.000      0.1324E-02  0.4785E-06 -0.2562E-01  0.2430E-01   0.000       0.000       0.000       0.000        0.000       0.000       0.000       0.000       0.000       0.000                            0.4785E-06  0.4785E-06   0.000    
  19872000.0   10.78092720   10.9125   0.000       0.000      0.1316E-02  0.4636E-06 -0.2545E-01  0.2414E-01   0.000       0.000       0.000       0.000        0.000       0.000       0.000       0.000       0.000       0.000                            0.4636E-06  0.4636E-06   0.000    
  19958400.0   10.78330051   10.9149   0.000       0.000      0.1316E-02 -0.1373E-06 -0.2544E-01  0.2413E-01   0.000       0.000       0.000       0.000        0.000       0.000       0.000       0.000       0.000       0.000                           -0.1373E-06 -0.1373E-06   0.000    
  20044800.0   10.78984712   10.9218   0.000       0.000      0.1319E-02 -0.3789E-06 -0.2550E-01  0.2419E-01   0.000       0.000       0.000       0.000        0.000       0.000       0.000       0.000       0.000       0.000                           -0.3789E-06 -0.3789E-06   0.000    
  20131200.0   10.78012259   10.9114   0.000       0.000      0.1312E-02  0.5628E-06 -0.2535E-01  0.2404E-01   0.000       0.000       0.000       0.000        0.000       0.000       0.000       0.000       0.000       0.000                            0.5628E-06  0.5628E-06   0.000    
  20217600.0   10.77425877   10.9050   0.000       0.000      0.1307E-02  0.3393E-06 -0.2525E-01  0.2394E-01   0.000       0.000       0.000       0.000        0.000       0.000       0.000       0.000       0.000       0.000                            0.3393E-06  0.3393E-06   0.000    
  20304000.0   10.76759281   10.8977   0.000       0.000      0.1301E-02  0.3858E-06 -0.2512E-01  0.2382E-01   0.000       0.000       0.000       0.000        0.000       0.000       0.000       0.000       0.000       0.000                            0.3858E-06  0.3858E-06   0.000    
  20390400.0   10.75898742   10.8884   0.000       0.000      0.1294E-02  0.4980E-06 -0.2496E-01  0.2367E-01   0.000       0.000       0.000       0.000        0.000       0.000       0.000       0.000       0.000       0.000                            0.4980E-06  0.4980E-06   0.000    
  20476800.0   10.75073649   10.8794   0.000       0.000      0.1286E-02  0.4775E-06 -0.2481E-01  0.2352E-01   0.000       0.000       0.000       0.000        0.000       0.000       0.000       0.000       0.000       0.000                            0.4775E-06  0.4775E-06   0.000    
  20563200.0   10.74275143   10.8706   0.000       0.000      0.1279E-02  0.4621E-06 -0.2465E-01  0.2337E-01   0.000       0.000       0.000       0.000        0.000       0.000       0.000       0.000       0.000       0.000                            0.4621E-06  0.4621E-06   0.000    
  20649600.0   10.73506513   10.8622   0.000       0.000      0.1271E-02  0.4448E-06 -0.2449E-01  0.2322E-01   0.000       0.000       0.000       0.000        0.000       0.000       0.000       0.000       0.000       0.000                            0.4448E-06  0.4448E-06   0.000    
  20736000.0   10.72757405   10.8540   0.000       0.000      0.1264E-02  0.4335E-06 -0.2434E-01  0.2307E-01   0.000       0.000       0.000       0.000        0.000       0.000       0.000       0.000       0.000       0.000                            0.4335E-06  0.4335E-06   0.000    
  20822400.0   10.72034185   10.8460   0.000       0.000      0.1257E-02  0.4185E-06 -0.2418E-01  0.2292E-01   0.000       0.000       0.000       0.000        0.000       0.000       0.000       0.000       0.000       0.000                            0.4185E-06  0.4185E-06   0.000    
  20908800.0   10.71325686   10.8383   0.000       0.000      0.1250E-02  0.4100E-06 -0.2403E-01  0.2278E-01   0.000       0.000       0.000       0.000        0.000       0.000       0.000       0.000       0.000       0.000                            0.4100E-06  0.4100E-06   0.000    
  20995200.0   10.70640634   10.8307   0.000       0.000      0.1243E-02  0.3964E-06 -0.2388E-01  0.2264E-01   0.000       0.000       0.000       0.000        0.000       0.000       0.000       0.000       0.000       0.000                            0.3964E-06  0.3964E-06   0.000    
  21081600.0   10.69966734   10.8233   0.000       0.000      0.1236E-02  0.3900E-06 -0.2374E-01  0.2251E-01   0.000       0.000       0.000       0.000        0.000       0.000       0.000       0.000       0.000       0.000                            0.3900E-06  0.3900E-06   0.000    
  21168000.0   10.69314498   10.8161   0.000       0.000      0.1229E-02  0.3775E-06 -0.2360E-01  0.2237E-01   0.000       0.000       0.000       0.000        0.000       0.000       0.000       0.000       0.000       0.000                            0.3775E-06  0.3775E-06   0.000    
  21254400.0   10.68670429   10.8090   0.000       0.000      0.1223E-02  0.3727E-06 -0.2346E-01  0.2224E-01   0.000       0.000       0.000       0.000        0.000       0.000       0.000       0.000       0.000       0.000                            0.3727E-06  0.3727E-06   0.000    
  21340800.0   10.68043200   10.8021   0.000       0.000      0.1216E-02  0.3630E-06 -0.2332E-01  0.2210E-01   0.000       0.000       0.000       0.000        0.000       0.000       0.000       0.000       0.000       0.000                            0.3630E-06  0.3630E-06   0.000    
  21427200.0   10.67430675   10.7953   0.000       0.000      0.1210E-02  0.3545E-06 -0.2318E-01  0.2197E-01   0.000       0.000       0.000       0.000        0.000       0.000       0.000       0.000       0.000       0.000                            0.3545E-06  0.3545E-06   0.000    
  21513600.0   10.66972493   10.7902   0.000       0.000      0.1205E-02  0.2652E-06 -0.2308E-01  0.2187E-01   0.000       0.000       0.000       0.000        0.000       0.000       0.000       0.000       0.000       0.000                            0.2652E-06  0.2652E-06   0.000    
  21600000.0   10.67979954   10.8009   0.000       0.000      0.1211E-02 -0.5830E-06 -0.2321E-01  0.2200E-01   0.000       0.000       0.000       0.000        0.000       0.000       0.000       0.000       0.000       0.000                           -0.5830E-06 -0.5830E-06   0.000    
  21686400.0   10.67219119   10.7927   0.000       0.000      0.1205E-02  0.4403E-06 -0.2307E-01  0.2187E-01   0.000       0.000       0.000       0.000        0.000       0.000       0.000       0.000       0.000       0.000                            0.4403E-06  0.4403E-06   0.000    
  21772800.0   10.66505685   10.7849   0.000       0.000      0.1199E-02  0.4129E-06 -0.2295E-01  0.2175E-01   0.000       0.000       0.000       0.000        0.000       0.000       0.000       0.000       0.000       0.000                            0.4129E-06  0.4129E-06   0.000    
  21859200.0   10.65833434   10.7776   0.000       0.000      0.1192E-02  0.3890E-06 -0.2282E-01  0.2163E-01   0.000       0.000       0.000       0.000        0.000       0.000       0.000       0.000       0.000       0.000                            0.3890E-06  0.3890E-06   0.000    
  21945600.0   10.65197808   10.7705   0.000       0.000      0.1186E-02  0.3678E-06 -0.2268E-01  0.2150E-01   0.000       0.000       0.000       0.000        0.000       0.000       0.000       0.000       0.000       0.000                            0.3678E-06  0.3678E-06   0.000    
  22032000.0   10.64581137   10.7638   0.000       0.000      0.1179E-02  0.3569E-06 -0.2255E-01  0.2137E-01   0.000       0.000       0.000       0.000        0.000       0.000       0.000       0.000       0.000       0.000                            0.3569E-06  0.3569E-06   0.000    
  22118400.0   10.63985782   10.7572   0.000       0.000      0.1173E-02  0.3445E-06 -0.2242E-01  0.2125E-01   0.000       0.000       0.000       0.000        0.000       0.000       0.000       0.000       0.000       0.000                            0.3445E-06  0.3445E-06   0.000    
  22204800.0   10.63411857   10.7508   0.000       0.000      0.1167E-02  0.3321E-06 -0.2229E-01  0.2113E-01   0.000       0.000       0.000       0.000        0.000       0.000       0.000       0.000       0.000       0.000                            0.3321E-06  0.3321E-06   0.000    
  22291200.0   10.62848672   10.7446   0.000       0.000      0.1161E-02  0.3259E-06 -0.2217E-01  0.2101E-01   0.000       0.000       0.000       0.000        0.000       0.000       0.000       0.000       0.000       0.000                            0.3259E-06  0.3259E-06   0.000    
  22377600.0   10.62300867   10.7385   0.000       0.000      0.1155E-02  0.3170E-06 -0.2204E-01  0.2089E-01   0.000       0.000       0.000       0.000        0.000       0.000       0.000       0.000       0.000       0.000                            0.3170E-06  0.3170E-06   0.000    
  22464000.0   10.63531268   10.7516   0.000       0.000      0.1163E-02 -0.7120E-06 -0.2223E-01  0.2106E-01   0.000       0.000       0.000       0.000        0.000       0.000       0.000       0.000       0.000       0.000                           -0.7120E-06 -0.7120E-06   0.000    
  22550400.0   10.63030768   10.7462   0.000       0.000      0.1159E-02  0.2896E-06 -0.2214E-01  0.2098E-01   0.000       0.000       0.000       0.000        0.000       0.000       0.000       0.000       0.000       0.000                            0.2896E-06  0.2896E-06   0.000    
  22636800.0   10.62814279   10.7438   0.000       0.000      0.1157E-02  0.1253E-06 -0.2210E-01  0.2094E-01   0.000       0.000       0.000       0.000        0.000       0.000       0.000       0.000       0.000       0.000                            0.1253E-06  0.1253E-06   0.000    
  22723200.0   10.67330191   10.7925   0.000       0.000      0.1192E-02 -0.2613E-05 -0.2285E-01  0.2166E-01   0.000       0.000       0.000       0.000        0.000       0.000       0.000       0.000       0.000       0.000                           -0.2613E-05 -0.2613E-05   0.000    
  22809600.0   10.67213512   10.7916   0.000       0.000      0.1194E-02  0.6752E-07 -0.2289E-01  0.2169E-01   0.000       0.000       0.000       0.000        0.000       0.000       0.000       0.000       0.000       0.000                            0.6752E-07  0.6752E-07   0.000    
  22896000.0   10.66890613   10.7883   0.000       0.000      0.1194E-02  0.1869E-06 -0.2290E-01  0.2171E-01   0.000       0.000       0.000       0.000        0.000       0.000       0.000       0.000       0.000       0.000                            0.1869E-06  0.1869E-06   0.000    
  22982400.0   10.66460983   10.7837   0.000       0.000      0.1191E-02  0.2486E-06 -0.2287E-01  0.2168E-01   0.000       0.000       0.000       0.000        0.000       0.000       0.000       0.000       0.000       0.000                            0.2486E-06  0.2486E-06   0.000    
  23068800.0   10.65983086   10.7785   0.000       0.000      0.1187E-02  0.2766E-06 -0.2281E-01  0.2162E-01   0.000       0.000       0.000       0.000        0.000       0.000       0.000       0.000       0.000       0.000                            0.2766E-06  0.2766E-06   0.000    
  23155200.0   10.65385555   10.7720   0.000       0.000      0.1182E-02  0.3458E-06 -0.2272E-01  0.2154E-01   0.000       0.000       0.000       0.000        0.000       0.000       0.000       0.000       0.000       0.000                            0.3458E-06  0.3458E-06   0.000    
  23241600.0   10.64745674   10.7650   0.000       0.000      0.1176E-02  0.3703E-06 -0.2261E-01  0.2143E-01   0.000       0.000       0.000       0.000        0.000       0.000       0.000       0.000       0.000       0.000                            0.3703E-06  0.3703E-06   0.000    
  23328000.0   10.64070793   10.7576   0.000       0.000      0.1169E-02  0.3906E-06 -0.2248E-01  0.2131E-01   0.000       0.000       0.000       0.000        0.000       0.000       0.000       0.000       0.000       0.000                            0.3906E-06  0.3906E-06   0.000    
  23414400.0   10.63388780   10.7501   0.000       0.000      0.1162E-02  0.3947E-06 -0.2235E-01  0.2119E-01   0.000       0.000       0.000       0.000        0.000       0.000       0.000       0.000       0.000       0.000                            0.3947E-06  0.3947E-06   0.000    
  23500800.0   10.62736762   10.7429   0.000       0.000      0.1155E-02  0.3773E-06 -0.2222E-01  0.2106E-01   0.000       0.000       0.000       0.000        0.000       0.000       0.000       0.000       0.000       0.000                            0.3773E-06  0.3773E-06   0.000    
  23587200.0   10.62104557   10.7359   0.000       0.000      0.1148E-02  0.3659E-06 -0.2209E-01  0.2094E-01   0.000       0.000       0.000       0.000        0.000       0.000       0.000       0.000       0.000       0.000                            0.3659E-06  0.3659E-06   0.000    
  23673600.0   10.61483786   10.7290   0.000       0.000      0.1141E-02  0.3592E-06 -0.2195E-01  0.2081E-01   0.000       0.000       0.000       0.000        0.000       0.000       0.000       0.000       0.000       0.000                            0.3592E-06  0.3592E-06   0.000    
  23760000.0   10.60859116   10.7220   0.000       0.000      0.1134E-02  0.3615E-06 -0.2181E-01  0.2068E-01   0.000       0.000       0.000       0.000        0.000       0.000       0.000       0.000       0.000       0.000                            0.3615E-06  0.3615E-06   0.000    
  23846400.0   10.60248018   10.7153   0.000       0.000      0.1128E-02  0.3536E-06 -0.2168E-01  0.2055E-01   0.000       0.000       0.000       0.000        0.000       0.000       0.000       0.000       0.000       0.000                            0.3536E-06  0.3536E-06   0.000    
  23932800.0   10.59660756   10.7087   0.000       0.000      0.1121E-02  0.3399E-06 -0.2154E-01  0.2042E-01   0.000       0.000       0.000       0.000        0.000       0.000       0.000       0.000       0.000       0.000                            0.3399E-06  0.3399E-06   0.000    
  24019200.0   10.59092991   10.7024   0.000       0.000      0.1115E-02  0.3286E-06 -0.2141E-01  0.2029E-01   0.000       0.000       0.000       0.000        0.000       0.000       0.000       0.000       0.000       0.000                            0.3286E-06  0.3286E-06   0.000    
  24105600.0   10.58542827   10.6963   0.000       0.000      0.1108E-02  0.3184E-06 -0.2128E-01  0.2017E-01   0.000       0.000       0.000       0.000        0.000       0.000       0.000       0.000       0.000       0.000                            0.3184E-06  0.3184E-06   0.000    
  24192000.0   10.58003826   10.6903   0.000       0.000      0.1102E-02  0.3119E-06 -0.2115E-01  0.2005E-01   0.000       0.000       0.000       0.000        0.000       0.000       0.000       0.000       0.000       0.000                            0.3119E-06  0.3119E-06   0.000    
  24278400.0   10.57472670   10.6843   0.000       0.000      0.1096E-02  0.3074E-06 -0.2102E-01  0.1993E-01   0.000       0.000       0.000       0.000        0.000       0.000       0.000       0.000       0.000       0.000                            0.3074E-06  0.3074E-06   0.000    
  24364800.0   10.56954607   10.6786   0.000       0.000      0.1090E-02  0.2998E-06 -0.2090E-01  0.1981E-01   0.000       0.000       0.000       0.000        0.000       0.000       0.000       0.000       0.000       0.000                            0.2998E-06  0.2998E-06   0.000    
  24451200.0   10.56451137   10.6729   0.000       0.000      0.1084E-02  0.2914E-06 -0.2077E-01  0.1969E-01   0.000       0.000       0.000       0.000        0.000       0.000       0.000       0.000       0.000       0.000                            0.2914E-06  0.2914E-06   0.000    
  24537600.0   10.55961539   10.6675   0.000       0.000      0.1078E-02  0.2833E-06 -0.2065E-01  0.1957E-01   0.000       0.000       0.000       0.000        0.000       0.000       0.000       0.000       0.000       0.000                            0.2833E-06  0.2833E-06   0.000    
  24624000.0   10.55485139   10.6621   0.000       0.000      0.1073E-02  0.2757E-06 -0.2053E-01  0.1946E-01   0.000       0.000       0.000       0.000        0.000       0.000       0.000       0.000       0.000       0.000                            0.2757E-06  0.2757E-06   0.000    
  24710400.0   10.55022275   10.6569   0.000       0.000      0.1067E-02  0.2679E-06 -0.2042E-01  0.1935E-01   0.000       0.000       0.000       0.000        0.000       0.000       0.000       0.000       0.000       0.000                            0.2679E-06  0.2679E-06   0.000    
  24796800.0   10.54566879   10.6519   0.000       0.000      0.1062E-02  0.2635E-06 -0.2030E-01  0.1924E-01   0.000       0.000       0.000       0.000        0.000       0.000       0.000       0.000       0.000       0.000                            0.2635E-06  0.2635E-06   0.000    
  24883200.0   10.54143875   10.6471   0.000       0.000      0.1057E-02  0.2448E-06 -0.2020E-01  0.1914E-01   0.000       0.000       0.000       0.000        0.000       0.000       0.000       0.000       0.000       0.000                            0.2448E-06  0.2448E-06   0.000    
  24969600.0   10.54175928   10.6473   0.000       0.000      0.1056E-02 -0.1855E-07 -0.2018E-01  0.1912E-01   0.000       0.000       0.000       0.000        0.000       0.000       0.000       0.000       0.000       0.000                           -0.1855E-07 -0.1855E-07   0.000    
  25056000.0   10.53710414   10.6422   0.000       0.000      0.1051E-02  0.2694E-06 -0.2007E-01  0.1902E-01   0.000       0.000       0.000       0.000        0.000       0.000       0.000       0.000       0.000       0.000                            0.2694E-06  0.2694E-06   0.000    
  25142400.0   10.53258485   10.6371   0.000       0.000      0.1046E-02  0.2615E-06 -0.1997E-01  0.1892E-01   0.000       0.000       0.000       0.000        0.000       0.000       0.000       0.000       0.000       0.000                            0.2615E-06  0.2615E-06   0.000    
  25228800.0   10.53715178   10.6420   0.000       0.000      0.1049E-02 -0.2643E-06 -0.2003E-01  0.1898E-01   0.000       0.000       0.000       0.000        0.000       0.000       0.000       0.000       0.000       0.000                           -0.2643E-06 -0.2643E-06   0.000    
  25315200.0   10.53293991   10.6374   0.000       0.000      0.1044E-02  0.2437E-06 -0.1994E-01  0.1890E-01   0.000       0.000       0.000       0.000        0.000       0.000       0.000       0.000       0.000       0.000                            0.2437E-06  0.2437E-06   0.000    
  25401600.0   10.53350932   10.6379   0.000       0.000      0.1044E-02 -0.3295E-07 -0.1995E-01  0.1890E-01   0.000       0.000       0.000       0.000        0.000       0.000       0.000       0.000       0.000       0.000                           -0.3295E-07 -0.3295E-07   0.000    
  25488000.0   10.53364655   10.6380   0.000       0.000      0.1044E-02 -0.7941E-08 -0.1994E-01  0.1890E-01   0.000       0.000       0.000       0.000        0.000       0.000       0.000       0.000       0.000       0.000                           -0.7941E-08 -0.7941E-08   0.000    
  25574400.0   10.53669423   10.6413   0.000       0.000      0.1046E-02 -0.1764E-06 -0.2000E-01  0.1895E-01   0.000       0.000       0.000       0.000        0.000       0.000       0.000       0.000       0.000       0.000                           -0.1764E-06 -0.1764E-06   0.000    
  25660800.0   10.53300804   10.6373   0.000       0.000      0.1043E-02  0.2133E-06 -0.1993E-01  0.1889E-01   0.000       0.000       0.000       0.000        0.000       0.000       0.000       0.000       0.000       0.000                            0.2133E-06  0.2133E-06   0.000    
  25747200.0   10.53981065   10.6447   0.000       0.000      0.1048E-02 -0.3937E-06 -0.2006E-01  0.1902E-01   0.000       0.000       0.000       0.000        0.000       0.000       0.000       0.000       0.000       0.000                           -0.3937E-06 -0.3937E-06   0.000    
  25833600.0   10.57765031   10.6859   0.000       0.000      0.1082E-02 -0.2190E-05 -0.2078E-01  0.1970E-01   0.000       0.000       0.000       0.000        0.000       0.000       0.000       0.000       0.000       0.000                           -0.2190E-05 -0.2190E-05   0.000    
  25920000.0   10.62855607   10.7413   0.000       0.000      0.1128E-02 -0.2946E-05 -0.2175E-01  0.2062E-01   0.000       0.000       0.000       0.000        0.000       0.000       0.000       0.000       0.000       0.000                           -0.2946E-05 -0.2946E-05   0.000    
  26006400.0   10.68009736   10.7975   0.000       0.000      0.1174E-02 -0.2983E-05 -0.2275E-01  0.2158E-01   0.000       0.000       0.000       0.000        0.000       0.000       0.000       0.000       0.000       0.000                           -0.2983E-05 -0.2983E-05   0.000    
  26092800.0   10.69439589   10.8137   0.000       0.000      0.1193E-02 -0.8275E-06 -0.2318E-01  0.2199E-01   0.000       0.000       0.000       0.000        0.000       0.000       0.000       0.000       0.000       0.000                           -0.8275E-06 -0.8275E-06   0.000    
  26179200.0   10.68999319   10.8096   0.000       0.000      0.1196E-02  0.2548E-06 -0.2330E-01  0.2211E-01   0.000       0.000       0.000       0.000        0.000       0.000       0.000       0.000       0.000       0.000                            0.2548E-06  0.2548E-06   0.000    
  26265600.0   10.68169446   10.8009   0.000       0.000      0.1192E-02  0.4803E-06 -0.2329E-01  0.2210E-01   0.000       0.000       0.000       0.000        0.000       0.000       0.000       0.000       0.000       0.000                            0.4803E-06  0.4803E-06   0.000    
  26352000.0   10.67227114   10.7909   0.000       0.000      0.1186E-02  0.5453E-06 -0.2321E-01  0.2202E-01   0.000       0.000       0.000       0.000        0.000       0.000       0.000       0.000       0.000       0.000                            0.5453E-06  0.5453E-06   0.000    
  26438400.0   10.66266138   10.7805   0.000       0.000      0.1178E-02  0.5561E-06 -0.2309E-01  0.2191E-01   0.000       0.000       0.000       0.000        0.000       0.000       0.000       0.000       0.000       0.000                            0.5561E-06  0.5561E-06   0.000    
  26524800.0   10.65309949   10.7701   0.000       0.000      0.1170E-02  0.5533E-06 -0.2294E-01  0.2177E-01   0.000       0.000       0.000       0.000        0.000       0.000       0.000       0.000       0.000       0.000                            0.5533E-06  0.5533E-06   0.000    
  26611200.0   10.64335059   10.7594   0.000       0.000      0.1160E-02  0.5642E-06 -0.2277E-01  0.2161E-01   0.000       0.000       0.000       0.000        0.000       0.000       0.000       0.000       0.000       0.000                            0.5642E-06  0.5642E-06   0.000    
  26697600.0   10.63412498   10.7492   0.000       0.000      0.1151E-02  0.5339E-06 -0.2260E-01  0.2145E-01   0.000       0.000       0.000       0.000        0.000       0.000       0.000       0.000       0.000       0.000                            0.5339E-06  0.5339E-06   0.000    
  26784000.0   10.62525120   10.7394   0.000       0.000      0.1141E-02  0.5135E-06 -0.2243E-01  0.2128E-01   0.000       0.000       0.000       0.000        0.000       0.000       0.000       0.000       0.000       0.000                            0.5135E-06  0.5135E-06   0.000    
  26870400.0   10.65301347   10.7692   0.000       0.000      0.1161E-02 -0.1607E-05 -0.2287E-01  0.2171E-01   0.000       0.000       0.000       0.000        0.000       0.000       0.000       0.000       0.000       0.000                           -0.1607E-05 -0.1607E-05   0.000    
  26956800.0   10.67088381   10.7885   0.000       0.000      0.1176E-02 -0.1034E-05 -0.2318E-01  0.2200E-01   0.000       0.000       0.000       0.000        0.000       0.000       0.000       0.000       0.000       0.000                           -0.1034E-05 -0.1034E-05   0.000    
  27043200.0   10.68795114   10.8071   0.000       0.000      0.1191E-02 -0.9877E-06 -0.2351E-01  0.2232E-01   0.000       0.000       0.000       0.000        0.000       0.000       0.000       0.000       0.000       0.000                           -0.9877E-06 -0.9877E-06   0.000    
  27129600.0   10.69368278   10.8134   0.000       0.000      0.1198E-02 -0.3317E-06 -0.2367E-01  0.2248E-01   0.000       0.000       0.000       0.000        0.000       0.000       0.000       0.000       0.000       0.000                           -0.3317E-06 -0.3317E-06   0.000    
  27216000.0   10.70355901   10.8243   0.000       0.000      0.1207E-02 -0.5715E-06 -0.2390E-01  0.2269E-01   0.000       0.000       0.000       0.000        0.000       0.000       0.000       0.000       0.000       0.000                           -0.5715E-06 -0.5715E-06   0.000    
  27302400.0   10.72768478   10.8503   0.000       0.000      0.1227E-02 -0.1396E-05 -0.2433E-01  0.2311E-01   0.000       0.000       0.000       0.000        0.000       0.000       0.000       0.000       0.000       0.000                           -0.1396E-05 -0.1396E-05   0.000    
  27388800.0   10.77495368   10.9013   0.000       0.000      0.1263E-02 -0.2735E-05 -0.2512E-01  0.2386E-01   0.000       0.000       0.000       0.000        0.000       0.000       0.000       0.000       0.000       0.000                           -0.2735E-05 -0.2735E-05   0.000    
  27475200.0   10.81661803   10.9463   0.000       0.000      0.1297E-02 -0.2411E-05 -0.2585E-01  0.2456E-01   0.000       0.000       0.000       0.000        0.000       0.000       0.000       0.000       0.000       0.000                           -0.2411E-05 -0.2411E-05   0.000    
  27561600.0   10.81474835   10.9450   0.000       0.000      0.1302E-02  0.1082E-06 -0.2600E-01  0.2470E-01   0.000       0.000       0.000       0.000        0.000       0.000       0.000       0.000       0.000       0.000                            0.1082E-06  0.1082E-06   0.000    
  27648000.0   10.80596376   10.9360   0.000       0.000      0.1300E-02  0.5084E-06 -0.2602E-01  0.2472E-01   0.000       0.000       0.000       0.000        0.000       0.000       0.000       0.000       0.000       0.000                            0.5084E-06  0.5084E-06   0.000    
  27734400.0   10.79350539   10.9228   0.000       0.000      0.1293E-02  0.7210E-06 -0.2591E-01  0.2462E-01   0.000       0.000       0.000       0.000        0.000       0.000       0.000       0.000       0.000       0.000                            0.7210E-06  0.7210E-06   0.000    
  27820800.0   10.78244028   10.9109   0.000       0.000      0.1285E-02  0.6403E-06 -0.2578E-01  0.2450E-01   0.000       0.000       0.000       0.000        0.000       0.000       0.000       0.000       0.000       0.000                            0.6403E-06  0.6403E-06   0.000    
  27907200.0   10.77380190   10.9016   0.000       0.000      0.1278E-02  0.4999E-06 -0.2566E-01  0.2439E-01   0.000       0.000       0.000       0.000        0.000       0.000       0.000       0.000       0.000       0.000                            0.4999E-06  0.4999E-06   0.000    
  27993600.0   10.79417864   10.9232   0.000       0.000      0.1291E-02 -0.1179E-05 -0.2595E-01  0.2466E-01   0.000       0.000       0.000       0.000        0.000       0.000       0.000       0.000       0.000       0.000                           -0.1179E-05 -0.1179E-05   0.000    
  28080000.0   10.82522656   10.9564   0.000       0.000      0.1312E-02 -0.1797E-05 -0.2641E-01  0.2510E-01   0.000       0.000       0.000       0.000        0.000       0.000       0.000       0.000       0.000       0.000                           -0.1797E-05 -0.1797E-05   0.000    
  28166400.0   10.84193865   10.9745   0.000       0.000      0.1326E-02 -0.9671E-06 -0.2672E-01  0.2539E-01   0.000       0.000       0.000       0.000        0.000       0.000       0.000       0.000       0.000       0.000                           -0.9671E-06 -0.9671E-06   0.000    
  28252800.0   10.83534330   10.9678   0.000       0.000      0.1324E-02  0.3817E-06 -0.2672E-01  0.2539E-01   0.000       0.000       0.000       0.000        0.000       0.000       0.000       0.000       0.000       0.000                            0.3817E-06  0.3817E-06   0.000    
  28339200.0   10.82377867   10.9556   0.000       0.000      0.1318E-02  0.6692E-06 -0.2662E-01  0.2530E-01   0.000       0.000       0.000       0.000        0.000       0.000       0.000       0.000       0.000       0.000                            0.6692E-06  0.6692E-06   0.000    
  28425600.0   10.81068305   10.9416   0.000       0.000      0.1309E-02  0.7578E-06 -0.2645E-01  0.2514E-01   0.000       0.000       0.000       0.000        0.000       0.000       0.000       0.000       0.000       0.000                            0.7578E-06  0.7578E-06   0.000    
  28512000.0   10.79722889   10.9271   0.000       0.000      0.1298E-02  0.7786E-06 -0.2624E-01  0.2494E-01   0.000       0.000       0.000       0.000        0.000       0.000       0.000       0.000       0.000       0.000                            0.7786E-06  0.7786E-06   0.000    
  28598400.0   10.78382506   10.9126   0.000       0.000      0.1287E-02  0.7757E-06 -0.2602E-01  0.2473E-01   0.000       0.000       0.000       0.000        0.000       0.000       0.000       0.000       0.000       0.000                            0.7757E-06  0.7757E-06   0.000    
  28684800.0   10.77072234   10.8983   0.000       0.000      0.1276E-02  0.7583E-06 -0.2578E-01  0.2451E-01   0.000       0.000       0.000       0.000        0.000       0.000       0.000       0.000       0.000       0.000                            0.7583E-06  0.7583E-06   0.000    
  28771200.0   10.75799661   10.8845   0.000       0.000      0.1265E-02  0.7364E-06 -0.2555E-01  0.2428E-01   0.000       0.000       0.000       0.000        0.000       0.000       0.000       0.000       0.000       0.000                            0.7364E-06  0.7364E-06   0.000    
  28857600.0   10.74571240   10.8711   0.000       0.000      0.1254E-02  0.7109E-06 -0.2530E-01  0.2405E-01   0.000       0.000       0.000       0.000        0.000       0.000       0.000       0.000       0.000       0.000                            0.7109E-06  0.7109E-06   0.000    
  28944000.0   10.73375625   10.8580   0.000       0.000      0.1242E-02  0.6919E-06 -0.2506E-01  0.2382E-01   0.000       0.000       0.000       0.000        0.000       0.000       0.000       0.000       0.000       0.000                            0.6919E-06  0.6919E-06   0.000    
  29030400.0   10.72209647   10.8452   0.000       0.000      0.1231E-02  0.6748E-06 -0.2481E-01  0.2358E-01   0.000       0.000       0.000       0.000        0.000       0.000       0.000       0.000       0.000       0.000                            0.6748E-06  0.6748E-06   0.000    
  29116800.0   10.71087659   10.8329   0.000       0.000      0.1220E-02  0.6493E-06 -0.2457E-01  0.2335E-01   0.000       0.000       0.000       0.000        0.000       0.000       0.000       0.000       0.000       0.000                            0.6493E-06  0.6493E-06   0.000    
  29203200.0   10.69987690   10.8209   0.000       0.000      0.1210E-02  0.6366E-06 -0.2433E-01  0.2312E-01   0.000       0.000       0.000       0.000        0.000       0.000       0.000       0.000       0.000       0.000                            0.6366E-06  0.6366E-06   0.000    
  29289600.0   10.68931290   10.8093   0.000       0.000      0.1200E-02  0.6113E-06 -0.2409E-01  0.2289E-01   0.000       0.000       0.000       0.000        0.000       0.000       0.000       0.000       0.000       0.000                            0.6113E-06  0.6113E-06   0.000    
  29376000.0   10.67923035   10.7982   0.000       0.000      0.1190E-02  0.5835E-06 -0.2386E-01  0.2267E-01   0.000       0.000       0.000       0.000        0.000       0.000       0.000       0.000       0.000       0.000                            0.5835E-06  0.5835E-06   0.000    
  29462400.0   10.66962202   10.7876   0.000       0.000      0.1180E-02  0.5560E-06 -0.2363E-01  0.2245E-01   0.000       0.000       0.000       0.000        0.000       0.000       0.000       0.000       0.000       0.000                            0.5560E-06  0.5560E-06   0.000    
  29548800.0   10.66035395   10.7774   0.000       0.000      0.1171E-02  0.5363E-06 -0.2341E-01  0.2224E-01   0.000       0.000       0.000       0.000        0.000       0.000       0.000       0.000       0.000       0.000                            0.5363E-06  0.5363E-06   0.000    
  29635200.0   10.65139923   10.7676   0.000       0.000      0.1162E-02  0.5182E-06 -0.2320E-01  0.2204E-01   0.000       0.000       0.000       0.000        0.000       0.000       0.000       0.000       0.000       0.000                            0.5182E-06  0.5182E-06   0.000    
  29721600.0   10.64276470   10.7580   0.000       0.000      0.1153E-02  0.4997E-06 -0.2299E-01  0.2184E-01   0.000       0.000       0.000       0.000        0.000       0.000       0.000       0.000       0.000       0.000                            0.4997E-06  0.4997E-06   0.000    
  29808000.0   10.63434949   10.7488   0.000       0.000      0.1144E-02  0.4870E-06 -0.2278E-01  0.2164E-01   0.000       0.000       0.000       0.000        0.000       0.000       0.000       0.000       0.000       0.000                            0.4870E-06  0.4870E-06   0.000    
  29894400.0   10.62618868   10.7398   0.000       0.000      0.1136E-02  0.4723E-06 -0.2258E-01  0.2145E-01   0.000       0.000       0.000       0.000        0.000       0.000       0.000       0.000       0.000       0.000                            0.4723E-06  0.4723E-06   0.000    
  29980800.0   10.61827050   10.7310   0.000       0.000      0.1127E-02  0.4582E-06 -0.2239E-01  0.2126E-01   0.000       0.000       0.000       0.000        0.000       0.000       0.000       0.000       0.000       0.000                            0.4582E-06  0.4582E-06   0.000    
  30067200.0   10.61065979   10.7226   0.000       0.000      0.1119E-02  0.4404E-06 -0.2219E-01  0.2107E-01   0.000       0.000       0.000       0.000        0.000       0.000       0.000       0.000       0.000       0.000                            0.4404E-06  0.4404E-06   0.000    
  30153600.0   10.60331807   10.7145   0.000       0.000      0.1112E-02  0.4249E-06 -0.2201E-01  0.2090E-01   0.000       0.000       0.000       0.000        0.000       0.000       0.000       0.000       0.000       0.000                            0.4249E-06  0.4249E-06   0.000    
  30240000.0   10.59623512   10.7066   0.000       0.000      0.1104E-02  0.4099E-06 -0.2183E-01  0.2072E-01   0.000       0.000       0.000       0.000        0.000       0.000       0.000       0.000       0.000       0.000                            0.4099E-06  0.4099E-06   0.000    
  30326400.0   10.58935945   10.6990   0.000       0.000      0.1097E-02  0.3979E-06 -0.2165E-01  0.2055E-01   0.000       0.000       0.000       0.000        0.000       0.000       0.000       0.000       0.000       0.000                            0.3979E-06  0.3979E-06   0.000    
  30412800.0   10.58269428   10.6916   0.000       0.000      0.1089E-02  0.3857E-06 -0.2148E-01  0.2039E-01   0.000       0.000       0.000       0.000        0.000       0.000       0.000       0.000       0.000       0.000                            0.3857E-06  0.3857E-06   0.000    
  30499200.0   10.57624683   10.6845   0.000       0.000      0.1082E-02  0.3731E-06 -0.2131E-01  0.2023E-01   0.000       0.000       0.000       0.000        0.000       0.000       0.000       0.000       0.000       0.000                            0.3731E-06  0.3731E-06   0.000    
  30585600.0   10.56999306   10.6775   0.000       0.000      0.1075E-02  0.3619E-06 -0.2114E-01  0.2007E-01   0.000       0.000       0.000       0.000        0.000       0.000       0.000       0.000       0.000       0.000                            0.3619E-06  0.3619E-06   0.000    
  30672000.0   10.56393331   10.6708   0.000       0.000      0.1069E-02  0.3507E-06 -0.2098E-01  0.1992E-01   0.000       0.000       0.000       0.000        0.000       0.000       0.000       0.000       0.000       0.000                            0.3507E-06  0.3507E-06   0.000    
  30758400.0   10.55805640   10.6643   0.000       0.000      0.1062E-02  0.3401E-06 -0.2083E-01  0.1977E-01   0.000       0.000       0.000       0.000        0.000       0.000       0.000       0.000       0.000       0.000                            0.3401E-06  0.3401E-06   0.000    
  30844800.0   10.55235156   10.6579   0.000       0.000      0.1056E-02  0.3301E-06 -0.2068E-01  0.1962E-01   0.000       0.000       0.000       0.000        0.000       0.000       0.000       0.000       0.000       0.000                            0.3301E-06  0.3301E-06   0.000    
  30931200.0   10.54679894   10.6517   0.000       0.000      0.1049E-02  0.3213E-06 -0.2053E-01  0.1948E-01   0.000       0.000       0.000       0.000        0.000       0.000       0.000       0.000       0.000       0.000                            0.3213E-06  0.3213E-06   0.000    
  31017600.0   10.54139269   10.6457   0.000       0.000      0.1043E-02  0.3129E-06 -0.2038E-01  0.1934E-01   0.000       0.000       0.000       0.000        0.000       0.000       0.000       0.000       0.000       0.000                            0.3129E-06  0.3129E-06   0.000    
  31104000.0   10.53613693   10.6398   0.000       0.000      0.1037E-02  0.3042E-06 -0.2024E-01  0.1920E-01   0.000       0.000       0.000       0.000        0.000       0.000       0.000       0.000       0.000       0.000                            0.3042E-06  0.3042E-06   0.000    
  31190400.0   10.53102380   10.6341   0.000       0.000      0.1031E-02  0.2959E-06 -0.2010E-01  0.1907E-01   0.000       0.000       0.000       0.000        0.000       0.000       0.000       0.000       0.000       0.000                            0.2959E-06  0.2959E-06   0.000    
  31276800.0   10.52685371   10.6295   0.000       0.000      0.1026E-02  0.2413E-06 -0.1998E-01  0.1896E-01   0.000       0.000       0.000       0.000        0.000       0.000       0.000       0.000       0.000       0.000                            0.2413E-06  0.2413E-06   0.000    
  31363200.0   10.52190549   10.6239   0.000       0.000      0.1020E-02  0.2864E-06 -0.1985E-01  0.1883E-01   0.000       0.000       0.000       0.000        0.000       0.000       0.000       0.000       0.000       0.000                            0.2864E-06  0.2864E-06   0.000    
  31449600.0   10.51709955   10.6186   0.000       0.000      0.1015E-02  0.2781E-06 -0.1973E-01  0.1871E-01   0.000       0.000       0.000       0.000        0.000       0.000       0.000       0.000       0.000       0.000                            0.2781E-06  0.2781E-06   0.000    
  31536000.0   10.51242127   10.6133   0.000       0.000      0.1009E-02  0.2707E-06 -0.1960E-01  0.1859E-01   0.000       0.000       0.000       0.000        0.000       0.000       0.000       0.000       0.000       0.000                            0.2707E-06  0.2707E-06   0.000    
  31622400.0   10.50745230   10.6078   0.000       0.000      0.1003E-02  0.2876E-06 -0.1947E-01  0.1846E-01   0.000       0.000       0.000       0.000        0.000       0.000       0.000       0.000       0.000       0.000                            0.2876E-06  0.2876E-06   0.000    
