   TOTIM (T)          HCON      HMAT     QDIR      QWELL        QMAT QCADS<->CON       QTUB1       QTUB2       QTUB3       QTUB4       QTUB5       QTUB6       NSTOR        QFIX        QLH     FHLQ (LQ)      CAUCHY CAUCHY (LQ) BREAK-DOWN CADS FLOW  QCADS<->CON    Q_CDSSTO    Q_CDSRCH
     86400.0   10.78804061   10.9202   0.000       0.000      0.1321E-02   0.000     -0.4797E-01  0.4665E-01   0.000       0.000       0.000       0.000        0.000       0.000       0.000       0.000       0.000       0.000                             0.000       0.000       0.000    
    172800.0   10.77060241   10.9015   0.000       0.000      0.1309E-02  0.1009E-05 -0.4755E-01  0.4624E-01   0.000       0.000       0.000       0.000        0.000       0.000       0.000       0.000       0.000       0.000                            0.1009E-05  0.1009E-05   0.000    
    259200.0   10.77096661   10.9019   0.000       0.000      0.1309E-02 -0.2108E-07 -0.4750E-01  0.4619E-01   0.000       0.000       0.000       0.000        0.000       0.000       0.000       0.000       0.000       0.000                           -0.2108E-07 -0.2108E-07   0.000    
    345600.0   10.76939383   10.9001   0.000       0.000      0.1307E-02  0.9102E-07 -0.4743E-01  0.4613E-01   0.000       0.000       0.000       0.000        0.000       0.000       0.000       0.000       0.000       0.000                            0.9102E-07  0.9102E-07   0.000    
    432000.0   10.78104512   10.9126   0.000       0.000      0.1315E-02 -0.6743E-06 -0.4770E-01  0.4638E-01   0.000       0.000       0.000       0.000        0.000       0.000       0.000       0.000       0.000       0.000                           -0.6743E-06 -0.6743E-06   0.000    
    518400.0   10.78795832   10.9200   0.000       0.000      0.1321E-02 -0.4001E-06 -0.4788E-01  0.4656E-01   0.000       0.000       0.000       0.000        0.000       0.000       0.000       0.000       0.000       0.000                           -0.4001E-06 -0.4001E-06   0.000    
    604800.0   10.78997465   10.9222   0.000       0.000      0.1322E-02 -0.1167E-06 -0.4796E-01  0.4664E-01   0.000       0.000       0.000       0.000        0.000       0.000       0.000       0.000       0.000       0.000                           -0.1167E-06 -0.1167E-06   0.000    
    691200.0   10.80781743   10.9413   0.000       0.000      0.1335E-02 -0.1033E-05 -0.4842E-01  0.4708E-01   0.000       0.000       0.000       0.000        0.000       0.000       0.000       0.000       0.000       0.000                           -0.1033E-05 -0.1033E-05   0.000    
    777600.0   10.85635263   10.9931   0.000       0.000      0.1368E-02 -0.2809E-05 -0.4960E-01  0.4823E-01   0.000       0.000       0.000       0.000        0.000       0.000       0.000       0.000       0.000       0.000                           -0.2809E-05 -0.2809E-05   0.000    
    864000.0   10.92784000   11.0693   0.000       0.000      0.1415E-02 -0.4137E-05 -0.5135E-01  0.4994E-01   0.000       0.000       0.000       0.000        0.000       0.000       0.000       0.000       0.000       0.000                           -0.4137E-05 -0.4137E-05   0.000    
    950400.0   10.95998364   11.1038   0.000       0.000      0.1438E-02 -0.1860E-05 -0.5234E-01  0.5090E-01   0.000       0.000       0.000       0.000        0.000       0.000       0.000       0.000       0.000       0.000                           -0.1860E-05 -0.1860E-05   0.000    
   1036800.0   11.03768227   11.1863   0.000       0.000      0.1486E-02 -0.4496E-05 -0.5417E-01  0.5269E-01   0.000       0.000       0.000       0.000        0.000       0.000       0.000       0.000       0.000       0.000                           -0.4496E-05 -0.4496E-05   0.000    
   1123200.0   11.17768045   11.3342   0.000       0.000      0.1565E-02 -0.8102E-05 -0.5712E-01  0.5557E-01   0.000       0.000       0.000       0.000        0.000       0.000       0.000       0.000       0.000       0.000                           -0.8102E-05 -0.8102E-05   0.000    
   1209600.0   11.16026965   11.3166   0.000       0.000      0.1563E-02  0.1008E-05 -0.5744E-01  0.5588E-01   0.000       0.000       0.000       0.000        0.000       0.000       0.000       0.000       0.000       0.000                            0.1008E-05  0.1008E-05   0.000    
   1296000.0   11.13938598   11.2950   0.000       0.000      0.1556E-02  0.1209E-05 -0.5741E-01  0.5585E-01   0.000       0.000       0.000       0.000        0.000       0.000       0.000       0.000       0.000       0.000                            0.1209E-05  0.1209E-05   0.000    
   1382400.0   11.11843034   11.2729   0.000       0.000      0.1544E-02  0.1213E-05 -0.5714E-01  0.5560E-01   0.000       0.000       0.000       0.000        0.000       0.000       0.000       0.000       0.000       0.000                            0.1213E-05  0.1213E-05   0.000    
   1468800.0   11.09769246   11.2509   0.000       0.000      0.1532E-02  0.1200E-05 -0.5679E-01  0.5526E-01   0.000       0.000       0.000       0.000        0.000       0.000       0.000       0.000       0.000       0.000                            0.1200E-05  0.1200E-05   0.000    
   1555200.0   11.07550665   11.2274   0.000       0.000      0.1519E-02  0.1284E-05 -0.5635E-01  0.5483E-01   0.000       0.000       0.000       0.000        0.000       0.000       0.000       0.000       0.000       0.000                            0.1284E-05  0.1284E-05   0.000    
   1641600.0   11.05324813   11.2038   0.000       0.000      0.1505E-02  0.1288E-05 -0.5586E-01  0.5436E-01   0.000       0.000       0.000       0.000        0.000       0.000       0.000       0.000       0.000       0.000                            0.1288E-05  0.1288E-05   0.000    
   1728000.0   11.03440213   11.1837   0.000       0.000      0.1493E-02  0.1091E-05 -0.5541E-01  0.5391E-01   0.000       0.000       0.000       0.000        0.000       0.000       0.000       0.000       0.000       0.000                            0.1091E-05  0.1091E-05   0.000    
   1814400.0   11.01781436   11.1661   0.000       0.000      0.1483E-02  0.9599E-06 -0.5499E-01  0.5350E-01   0.000       0.000       0.000       0.000        0.000       0.000       0.000       0.000       0.000       0.000                            0.9599E-06  0.9599E-06   0.000    
   1900800.0   10.99932698   11.1465   0.000       0.000      0.1471E-02  0.1070E-05 -0.5451E-01  0.5304E-01   0.000       0.000       0.000       0.000        0.000       0.000       0.000       0.000       0.000       0.000                            0.1070E-05  0.1070E-05   0.000    
   1987200.0   10.98231299   11.1284   0.000       0.000      0.1461E-02  0.9846E-06 -0.5407E-01  0.5261E-01   0.000       0.000       0.000       0.000        0.000       0.000       0.000       0.000       0.000       0.000                            0.9846E-06  0.9846E-06   0.000    
   2073600.0   10.96830831   11.1135   0.000       0.000      0.1452E-02  0.8105E-06 -0.5368E-01  0.5223E-01   0.000       0.000       0.000       0.000        0.000       0.000       0.000       0.000       0.000       0.000                            0.8105E-06  0.8105E-06   0.000    
   2160000.0   10.95207485   11.0962   0.000       0.000      0.1442E-02  0.9394E-06 -0.5324E-01  0.5180E-01   0.000       0.000       0.000       0.000        0.000       0.000       0.000       0.000       0.000       0.000                            0.9394E-06  0.9394E-06   0.000    
   2246400.0   10.93602706   11.0792   0.000       0.000      0.1432E-02  0.9287E-06 -0.5281E-01  0.5137E-01   0.000       0.000       0.000       0.000        0.000       0.000       0.000       0.000       0.000       0.000                            0.9287E-06  0.9287E-06   0.000    
   2332800.0   10.92042037   11.0625   0.000       0.000      0.1421E-02  0.9032E-06 -0.5236E-01  0.5094E-01   0.000       0.000       0.000       0.000        0.000       0.000       0.000       0.000       0.000       0.000                            0.9032E-06  0.9032E-06   0.000    
   2419200.0   10.90519816   11.0463   0.000       0.000      0.1411E-02  0.8809E-06 -0.5192E-01  0.5051E-01   0.000       0.000       0.000       0.000        0.000       0.000       0.000       0.000       0.000       0.000                            0.8809E-06  0.8809E-06   0.000    
   2505600.0   10.89836455   11.0390   0.000       0.000      0.1406E-02  0.3955E-06 -0.5166E-01  0.5025E-01   0.000       0.000       0.000       0.000        0.000       0.000       0.000       0.000       0.000       0.000                            0.3955E-06  0.3955E-06   0.000    
   2592000.0   10.88833520   11.0283   0.000       0.000      0.1400E-02  0.5804E-06 -0.5136E-01  0.4996E-01   0.000       0.000       0.000       0.000        0.000       0.000       0.000       0.000       0.000       0.000                            0.5804E-06  0.5804E-06   0.000    
   2678400.0   10.90721222   11.0484   0.000       0.000      0.1412E-02 -0.1092E-05 -0.5170E-01  0.5028E-01   0.000       0.000       0.000       0.000        0.000       0.000       0.000       0.000       0.000       0.000                           -0.1092E-05 -0.1092E-05   0.000    
   2764800.0   10.98224327   11.1280   0.000       0.000      0.1458E-02 -0.4342E-05 -0.5326E-01  0.5180E-01   0.000       0.000       0.000       0.000        0.000       0.000       0.000       0.000       0.000       0.000                           -0.4342E-05 -0.4342E-05   0.000    
   2851200.0   11.16670894   11.3229   0.000       0.000      0.1562E-02 -0.1068E-04 -0.5696E-01  0.5541E-01   0.000       0.000       0.000       0.000        0.000       0.000       0.000       0.000       0.000       0.000                           -0.1068E-04 -0.1068E-04   0.000    
   2937600.0   11.13310392   11.2885   0.000       0.000      0.1554E-02  0.1945E-05 -0.5702E-01  0.5546E-01   0.000       0.000       0.000       0.000        0.000       0.000       0.000       0.000       0.000       0.000                            0.1945E-05  0.1945E-05   0.000    
   3024000.0   11.13979724   11.2960   0.000       0.000      0.1562E-02 -0.3873E-06 -0.5745E-01  0.5588E-01   0.000       0.000       0.000       0.000        0.000       0.000       0.000       0.000       0.000       0.000                           -0.3873E-06 -0.3873E-06   0.000    
   3110400.0   11.14142459   11.2978   0.000       0.000      0.1564E-02 -0.9418E-07 -0.5764E-01  0.5607E-01   0.000       0.000       0.000       0.000        0.000       0.000       0.000       0.000       0.000       0.000                           -0.9418E-07 -0.9418E-07   0.000    
   3196800.0   11.12960945   11.2854   0.000       0.000      0.1558E-02  0.6837E-06 -0.5752E-01  0.5596E-01   0.000       0.000       0.000       0.000        0.000       0.000       0.000       0.000       0.000       0.000                            0.6837E-06  0.6837E-06   0.000    
   3283200.0   11.11163194   11.2665   0.000       0.000      0.1549E-02  0.1040E-05 -0.5724E-01  0.5569E-01   0.000       0.000       0.000       0.000        0.000       0.000       0.000       0.000       0.000       0.000                            0.1040E-05  0.1040E-05   0.000    
   3369600.0   11.11433036   11.2693   0.000       0.000      0.1549E-02 -0.1562E-06 -0.5727E-01  0.5572E-01   0.000       0.000       0.000       0.000        0.000       0.000       0.000       0.000       0.000       0.000                           -0.1562E-06 -0.1562E-06   0.000    
   3456000.0   11.12894797   11.2846   0.000       0.000      0.1557E-02 -0.8459E-06 -0.5753E-01  0.5597E-01   0.000       0.000       0.000       0.000        0.000       0.000       0.000       0.000       0.000       0.000                           -0.8459E-06 -0.8459E-06   0.000    
   3542400.0   11.15175932   11.3087   0.000       0.000      0.1570E-02 -0.1320E-05 -0.5800E-01  0.5644E-01   0.000       0.000       0.000       0.000        0.000       0.000       0.000       0.000       0.000       0.000                           -0.1320E-05 -0.1320E-05   0.000    
   3628800.0   11.16028410   11.3178   0.000       0.000      0.1576E-02 -0.4933E-06 -0.5826E-01  0.5668E-01   0.000       0.000       0.000       0.000        0.000       0.000       0.000       0.000       0.000       0.000                           -0.4933E-06 -0.4933E-06   0.000    
   3715200.0   11.14866778   11.3058   0.000       0.000      0.1571E-02  0.6722E-06 -0.5814E-01  0.5657E-01   0.000       0.000       0.000       0.000        0.000       0.000       0.000       0.000       0.000       0.000                            0.6722E-06  0.6722E-06   0.000    
   3801600.0   11.15237586   11.3097   0.000       0.000      0.1573E-02 -0.2146E-06 -0.5823E-01  0.5666E-01   0.000       0.000       0.000       0.000        0.000       0.000       0.000       0.000       0.000       0.000                           -0.2146E-06 -0.2146E-06   0.000    
   3888000.0   11.16519102   11.3232   0.000       0.000      0.1580E-02 -0.7416E-06 -0.5848E-01  0.5690E-01   0.000       0.000       0.000       0.000        0.000       0.000       0.000       0.000       0.000       0.000                           -0.7416E-06 -0.7416E-06   0.000    
   3974400.0   11.19396472   11.3536   0.000       0.000      0.1596E-02 -0.1665E-05 -0.5904E-01  0.5745E-01   0.000       0.000       0.000       0.000        0.000       0.000       0.000       0.000       0.000       0.000                           -0.1665E-05 -0.1665E-05   0.000    
   4060800.0   11.21719098   11.3782   0.000       0.000      0.1610E-02 -0.1344E-05 -0.5955E-01  0.5794E-01   0.000       0.000       0.000       0.000        0.000       0.000       0.000       0.000       0.000       0.000                           -0.1344E-05 -0.1344E-05   0.000    
   4147200.0   11.20551924   11.3661   0.000       0.000      0.1606E-02  0.6754E-06 -0.5950E-01  0.5789E-01   0.000       0.000       0.000       0.000        0.000       0.000       0.000       0.000       0.000       0.000                            0.6754E-06  0.6754E-06   0.000    
   4233600.0   11.18722444   11.3470   0.000       0.000      0.1598E-02  0.1059E-05 -0.5923E-01  0.5763E-01   0.000       0.000       0.000       0.000        0.000       0.000       0.000       0.000       0.000       0.000                            0.1059E-05  0.1059E-05   0.000    
   4320000.0   11.17194955   11.3310   0.000       0.000      0.1590E-02  0.8840E-06 -0.5895E-01  0.5736E-01   0.000       0.000       0.000       0.000        0.000       0.000       0.000       0.000       0.000       0.000                            0.8840E-06  0.8840E-06   0.000    
   4406400.0   11.15556838   11.3137   0.000       0.000      0.1581E-02  0.9480E-06 -0.5860E-01  0.5702E-01   0.000       0.000       0.000       0.000        0.000       0.000       0.000       0.000       0.000       0.000                            0.9480E-06  0.9480E-06   0.000    
   4492800.0   11.14246893   11.2998   0.000       0.000      0.1573E-02  0.7581E-06 -0.5830E-01  0.5673E-01   0.000       0.000       0.000       0.000        0.000       0.000       0.000       0.000       0.000       0.000                            0.7581E-06  0.7581E-06   0.000    
   4579200.0   11.12548955   11.2819   0.000       0.000      0.1564E-02  0.9826E-06 -0.5792E-01  0.5636E-01   0.000       0.000       0.000       0.000        0.000       0.000       0.000       0.000       0.000       0.000                            0.9826E-06  0.9826E-06   0.000    
   4665600.0   11.10755347   11.2629   0.000       0.000      0.1554E-02  0.1038E-05 -0.5750E-01  0.5595E-01   0.000       0.000       0.000       0.000        0.000       0.000       0.000       0.000       0.000       0.000                            0.1038E-05  0.1038E-05   0.000    
   4752000.0   11.13312258   11.2898   0.000       0.000      0.1567E-02 -0.1480E-05 -0.5788E-01  0.5631E-01   0.000       0.000       0.000       0.000        0.000       0.000       0.000       0.000       0.000       0.000                           -0.1480E-05 -0.1480E-05   0.000    
   4838400.0   11.17013688   11.3288   0.000       0.000      0.1587E-02 -0.2142E-05 -0.5855E-01  0.5696E-01   0.000       0.000       0.000       0.000        0.000       0.000       0.000       0.000       0.000       0.000                           -0.2142E-05 -0.2142E-05   0.000    
   4924800.0   11.21166786   11.3727   0.000       0.000      0.1610E-02 -0.2403E-05 -0.5938E-01  0.5777E-01   0.000       0.000       0.000       0.000        0.000       0.000       0.000       0.000       0.000       0.000                           -0.2403E-05 -0.2403E-05   0.000    
   5011200.0   11.23758305   11.4002   0.000       0.000      0.1627E-02 -0.1500E-05 -0.6001E-01  0.5839E-01   0.000       0.000       0.000       0.000        0.000       0.000       0.000       0.000       0.000       0.000                           -0.1500E-05 -0.1500E-05   0.000    
   5097600.0   11.22500980   11.3873   0.000       0.000      0.1623E-02  0.7276E-06 -0.5997E-01  0.5835E-01   0.000       0.000       0.000       0.000        0.000       0.000       0.000       0.000       0.000       0.000                            0.7276E-06  0.7276E-06   0.000    
   5184000.0   11.20645633   11.3680   0.000       0.000      0.1615E-02  0.1074E-05 -0.5973E-01  0.5812E-01   0.000       0.000       0.000       0.000        0.000       0.000       0.000       0.000       0.000       0.000                            0.1074E-05  0.1074E-05   0.000    
   5270400.0   11.19014256   11.3508   0.000       0.000      0.1606E-02  0.9441E-06 -0.5943E-01  0.5782E-01   0.000       0.000       0.000       0.000        0.000       0.000       0.000       0.000       0.000       0.000                            0.9441E-06  0.9441E-06   0.000    
   5356800.0   11.17142859   11.3311   0.000       0.000      0.1597E-02  0.1083E-05 -0.5906E-01  0.5746E-01   0.000       0.000       0.000       0.000        0.000       0.000       0.000       0.000       0.000       0.000                            0.1083E-05  0.1083E-05   0.000    
   5443200.0   11.18097792   11.3410   0.000       0.000      0.1601E-02 -0.5526E-06 -0.5915E-01  0.5755E-01   0.000       0.000       0.000       0.000        0.000       0.000       0.000       0.000       0.000       0.000                           -0.5526E-06 -0.5526E-06   0.000    
   5529600.0   11.19335067   11.3540   0.000       0.000      0.1607E-02 -0.7160E-06 -0.5935E-01  0.5774E-01   0.000       0.000       0.000       0.000        0.000       0.000       0.000       0.000       0.000       0.000                           -0.7160E-06 -0.7160E-06   0.000    
   5616000.0   11.20674695   11.3682   0.000       0.000      0.1615E-02 -0.7752E-06 -0.5962E-01  0.5801E-01   0.000       0.000       0.000       0.000        0.000       0.000       0.000       0.000       0.000       0.000                           -0.7752E-06 -0.7752E-06   0.000    
   5702400.0   11.21540264   11.3775   0.000       0.000      0.1620E-02 -0.5009E-06 -0.5983E-01  0.5821E-01   0.000       0.000       0.000       0.000        0.000       0.000       0.000       0.000       0.000       0.000                           -0.5009E-06 -0.5009E-06   0.000    
   5788800.0   11.21105534   11.3730   0.000       0.000      0.1620E-02  0.2516E-06 -0.5981E-01  0.5819E-01   0.000       0.000       0.000       0.000        0.000       0.000       0.000       0.000       0.000       0.000                            0.2516E-06  0.2516E-06   0.000    
   5875200.0   11.21195154   11.3740   0.000       0.000      0.1621E-02 -0.5186E-07 -0.5985E-01  0.5823E-01   0.000       0.000       0.000       0.000        0.000       0.000       0.000       0.000       0.000       0.000                           -0.5186E-07 -0.5186E-07   0.000    
   5961600.0   11.20777419   11.3697   0.000       0.000      0.1619E-02  0.2417E-06 -0.5979E-01  0.5817E-01   0.000       0.000       0.000       0.000        0.000       0.000       0.000       0.000       0.000       0.000                            0.2417E-06  0.2417E-06   0.000    
   6048000.0   11.19516088   11.3564   0.000       0.000      0.1613E-02  0.7299E-06 -0.5957E-01  0.5795E-01   0.000       0.000       0.000       0.000        0.000       0.000       0.000       0.000       0.000       0.000                            0.7299E-06  0.7299E-06   0.000    
   6134400.0   11.17867022   11.3391   0.000       0.000      0.1604E-02  0.9543E-06 -0.5926E-01  0.5765E-01   0.000       0.000       0.000       0.000        0.000       0.000       0.000       0.000       0.000       0.000                            0.9543E-06  0.9543E-06   0.000    
   6220800.0   11.16067286   11.3201   0.000       0.000      0.1594E-02  0.1042E-05 -0.5887E-01  0.5727E-01   0.000       0.000       0.000       0.000        0.000       0.000       0.000       0.000       0.000       0.000                            0.1042E-05  0.1042E-05   0.000    
   6307200.0   11.14202261   11.3004   0.000       0.000      0.1584E-02  0.1079E-05 -0.5846E-01  0.5687E-01   0.000       0.000       0.000       0.000        0.000       0.000       0.000       0.000       0.000       0.000                            0.1079E-05  0.1079E-05   0.000    
   6393600.0   11.12349315   11.2808   0.000       0.000      0.1573E-02  0.1072E-05 -0.5801E-01  0.5644E-01   0.000       0.000       0.000       0.000        0.000       0.000       0.000       0.000       0.000       0.000                            0.1072E-05  0.1072E-05   0.000    
   6480000.0   11.10510982   11.2614   0.000       0.000      0.1563E-02  0.1064E-05 -0.5757E-01  0.5601E-01   0.000       0.000       0.000       0.000        0.000       0.000       0.000       0.000       0.000       0.000                            0.1064E-05  0.1064E-05   0.000    
   6566400.0   11.08708949   11.2423   0.000       0.000      0.1552E-02  0.1043E-05 -0.5711E-01  0.5556E-01   0.000       0.000       0.000       0.000        0.000       0.000       0.000       0.000       0.000       0.000                            0.1043E-05  0.1043E-05   0.000    
   6652800.0   11.06926996   11.2234   0.000       0.000      0.1541E-02  0.1031E-05 -0.5666E-01  0.5512E-01   0.000       0.000       0.000       0.000        0.000       0.000       0.000       0.000       0.000       0.000                            0.1031E-05  0.1031E-05   0.000    
   6739200.0   11.05210046   11.2051   0.000       0.000      0.1530E-02  0.9936E-06 -0.5620E-01  0.5467E-01   0.000       0.000       0.000       0.000        0.000       0.000       0.000       0.000       0.000       0.000                            0.9936E-06  0.9936E-06   0.000    
   6825600.0   11.03496013   11.1870   0.000       0.000      0.1520E-02  0.9919E-06 -0.5576E-01  0.5424E-01   0.000       0.000       0.000       0.000        0.000       0.000       0.000       0.000       0.000       0.000                            0.9919E-06  0.9919E-06   0.000    
   6912000.0   11.01811213   11.1690   0.000       0.000      0.1509E-02  0.9750E-06 -0.5529E-01  0.5378E-01   0.000       0.000       0.000       0.000        0.000       0.000       0.000       0.000       0.000       0.000                            0.9750E-06  0.9750E-06   0.000    
   6998400.0   11.00155746   11.1514   0.000       0.000      0.1499E-02  0.9580E-06 -0.5485E-01  0.5335E-01   0.000       0.000       0.000       0.000        0.000       0.000       0.000       0.000       0.000       0.000                            0.9580E-06  0.9580E-06   0.000    
   7084800.0   10.98566427   11.1345   0.000       0.000      0.1489E-02  0.9197E-06 -0.5440E-01  0.5292E-01   0.000       0.000       0.000       0.000        0.000       0.000       0.000       0.000       0.000       0.000                            0.9197E-06  0.9197E-06   0.000    
   7171200.0   10.97033378   11.1182   0.000       0.000      0.1479E-02  0.8872E-06 -0.5397E-01  0.5249E-01   0.000       0.000       0.000       0.000        0.000       0.000       0.000       0.000       0.000       0.000                            0.8872E-06  0.8872E-06   0.000    
   7257600.0   10.95539572   11.1023   0.000       0.000      0.1469E-02  0.8645E-06 -0.5355E-01  0.5208E-01   0.000       0.000       0.000       0.000        0.000       0.000       0.000       0.000       0.000       0.000                            0.8645E-06  0.8645E-06   0.000    
   7344000.0   10.94105882   11.0870   0.000       0.000      0.1459E-02  0.8297E-06 -0.5312E-01  0.5166E-01   0.000       0.000       0.000       0.000        0.000       0.000       0.000       0.000       0.000       0.000                            0.8297E-06  0.8297E-06   0.000    
   7430400.0   10.92814701   11.0732   0.000       0.000      0.1450E-02  0.7472E-06 -0.5274E-01  0.5129E-01   0.000       0.000       0.000       0.000        0.000       0.000       0.000       0.000       0.000       0.000                            0.7472E-06  0.7472E-06   0.000    
   7516800.0   10.91549864   11.0597   0.000       0.000      0.1442E-02  0.7320E-06 -0.5236E-01  0.5092E-01   0.000       0.000       0.000       0.000        0.000       0.000       0.000       0.000       0.000       0.000                            0.7320E-06  0.7320E-06   0.000    
   7603200.0   10.90247896   11.0458   0.000       0.000      0.1433E-02  0.7535E-06 -0.5198E-01  0.5054E-01   0.000       0.000       0.000       0.000        0.000       0.000       0.000       0.000       0.000       0.000                            0.7535E-06  0.7535E-06   0.000    
   7689600.0   10.88993909   11.0323   0.000       0.000      0.1424E-02  0.7257E-06 -0.5159E-01  0.5017E-01   0.000       0.000       0.000       0.000        0.000       0.000       0.000       0.000       0.000       0.000                            0.7257E-06  0.7257E-06   0.000    
   7776000.0   10.87827026   11.0198   0.000       0.000      0.1416E-02  0.6753E-06 -0.5124E-01  0.4982E-01   0.000       0.000       0.000       0.000        0.000       0.000       0.000       0.000       0.000       0.000                            0.6753E-06  0.6753E-06   0.000    
   7862400.0   10.86655345   11.0073   0.000       0.000      0.1407E-02  0.6781E-06 -0.5087E-01  0.4946E-01   0.000       0.000       0.000       0.000        0.000       0.000       0.000       0.000       0.000       0.000                            0.6781E-06  0.6781E-06   0.000    
   7948800.0   10.85514223   10.9951   0.000       0.000      0.1399E-02  0.6604E-06 -0.5053E-01  0.4913E-01   0.000       0.000       0.000       0.000        0.000       0.000       0.000       0.000       0.000       0.000                            0.6604E-06  0.6604E-06   0.000    
   8035200.0   10.84417140   10.9833   0.000       0.000      0.1391E-02  0.6349E-06 -0.5017E-01  0.4878E-01   0.000       0.000       0.000       0.000        0.000       0.000       0.000       0.000       0.000       0.000                            0.6349E-06  0.6349E-06   0.000    
   8121600.0   10.83345014   10.9718   0.000       0.000      0.1383E-02  0.6204E-06 -0.4984E-01  0.4846E-01   0.000       0.000       0.000       0.000        0.000       0.000       0.000       0.000       0.000       0.000                            0.6204E-06  0.6204E-06   0.000    
   8208000.0   10.82313595   10.9607   0.000       0.000      0.1375E-02  0.5969E-06 -0.4951E-01  0.4813E-01   0.000       0.000       0.000       0.000        0.000       0.000       0.000       0.000       0.000       0.000                            0.5969E-06  0.5969E-06   0.000    
   8294400.0   10.81302593   10.9498   0.000       0.000      0.1368E-02  0.5851E-06 -0.4919E-01  0.4782E-01   0.000       0.000       0.000       0.000        0.000       0.000       0.000       0.000       0.000       0.000                            0.5851E-06  0.5851E-06   0.000    
   8380800.0   10.85852152   10.9982   0.000       0.000      0.1397E-02 -0.2633E-05 -0.5015E-01  0.4876E-01   0.000       0.000       0.000       0.000        0.000       0.000       0.000       0.000       0.000       0.000                           -0.2633E-05 -0.2633E-05   0.000    
   8467200.0   10.86297999   11.0031   0.000       0.000      0.1401E-02 -0.2580E-06 -0.5034E-01  0.4894E-01   0.000       0.000       0.000       0.000        0.000       0.000       0.000       0.000       0.000       0.000                           -0.2580E-06 -0.2580E-06   0.000    
   8553600.0   10.86375083   11.0040   0.000       0.000      0.1403E-02 -0.4461E-07 -0.5042E-01  0.4902E-01   0.000       0.000       0.000       0.000        0.000       0.000       0.000       0.000       0.000       0.000                           -0.4461E-07 -0.4461E-07   0.000    
   8640000.0   10.85967766   10.9997   0.000       0.000      0.1400E-02  0.2357E-06 -0.5035E-01  0.4895E-01   0.000       0.000       0.000       0.000        0.000       0.000       0.000       0.000       0.000       0.000                            0.2357E-06  0.2357E-06   0.000    
   8726400.0   10.85315652   10.9927   0.000       0.000      0.1396E-02  0.3774E-06 -0.5021E-01  0.4881E-01   0.000       0.000       0.000       0.000        0.000       0.000       0.000       0.000       0.000       0.000                            0.3774E-06  0.3774E-06   0.000    
   8812800.0   10.84544385   10.9844   0.000       0.000      0.1390E-02  0.4463E-06 -0.5001E-01  0.4862E-01   0.000       0.000       0.000       0.000        0.000       0.000       0.000       0.000       0.000       0.000                            0.4463E-06  0.4463E-06   0.000    
   8899200.0   10.83567394   10.9739   0.000       0.000      0.1383E-02  0.5654E-06 -0.4975E-01  0.4837E-01   0.000       0.000       0.000       0.000        0.000       0.000       0.000       0.000       0.000       0.000                            0.5654E-06  0.5654E-06   0.000    
   8985600.0   10.83242016   10.9704   0.000       0.000      0.1379E-02  0.1883E-06 -0.4963E-01  0.4825E-01   0.000       0.000       0.000       0.000        0.000       0.000       0.000       0.000       0.000       0.000                            0.1883E-06  0.1883E-06   0.000    
   9072000.0   10.84010786   10.9785   0.000       0.000      0.1384E-02 -0.4449E-06 -0.4976E-01  0.4838E-01   0.000       0.000       0.000       0.000        0.000       0.000       0.000       0.000       0.000       0.000                           -0.4449E-06 -0.4449E-06   0.000    
   9158400.0   10.83623785   10.9743   0.000       0.000      0.1381E-02  0.2240E-06 -0.4967E-01  0.4828E-01   0.000       0.000       0.000       0.000        0.000       0.000       0.000       0.000       0.000       0.000                            0.2240E-06  0.2240E-06   0.000    
   9244800.0   10.86383298   11.0037   0.000       0.000      0.1399E-02 -0.1597E-05 -0.5029E-01  0.4889E-01   0.000       0.000       0.000       0.000        0.000       0.000       0.000       0.000       0.000       0.000                           -0.1597E-05 -0.1597E-05   0.000    
   9331200.0   10.93380289   11.0781   0.000       0.000      0.1443E-02 -0.4049E-05 -0.5188E-01  0.5044E-01   0.000       0.000       0.000       0.000        0.000       0.000       0.000       0.000       0.000       0.000                           -0.4049E-05 -0.4049E-05   0.000    
   9417600.0   11.10437127   11.2588   0.000       0.000      0.1544E-02 -0.9871E-05 -0.5549E-01  0.5395E-01   0.000       0.000       0.000       0.000        0.000       0.000       0.000       0.000       0.000       0.000                           -0.9871E-05 -0.9871E-05   0.000    
   9504000.0   11.22998432   11.3916   0.000       0.000      0.1617E-02 -0.7269E-05 -0.5834E-01  0.5673E-01   0.000       0.000       0.000       0.000        0.000       0.000       0.000       0.000       0.000       0.000                           -0.7269E-05 -0.7269E-05   0.000    
   9590400.0   11.20732988   11.3687   0.000       0.000      0.1614E-02  0.1311E-05 -0.5868E-01  0.5707E-01   0.000       0.000       0.000       0.000        0.000       0.000       0.000       0.000       0.000       0.000                            0.1311E-05  0.1311E-05   0.000    
   9676800.0   11.17919738   11.3395   0.000       0.000      0.1603E-02  0.1628E-05 -0.5857E-01  0.5696E-01   0.000       0.000       0.000       0.000        0.000       0.000       0.000       0.000       0.000       0.000                            0.1628E-05  0.1628E-05   0.000    
   9763200.0   11.14915350   11.3079   0.000       0.000      0.1587E-02  0.1739E-05 -0.5816E-01  0.5657E-01   0.000       0.000       0.000       0.000        0.000       0.000       0.000       0.000       0.000       0.000                            0.1739E-05  0.1739E-05   0.000    
   9849600.0   11.12050491   11.2775   0.000       0.000      0.1570E-02  0.1658E-05 -0.5764E-01  0.5607E-01   0.000       0.000       0.000       0.000        0.000       0.000       0.000       0.000       0.000       0.000                            0.1658E-05  0.1658E-05   0.000    
   9936000.0   11.13892782   11.2967   0.000       0.000      0.1577E-02 -0.1066E-05 -0.5790E-01  0.5632E-01   0.000       0.000       0.000       0.000        0.000       0.000       0.000       0.000       0.000       0.000                           -0.1066E-05 -0.1066E-05   0.000    
  10022400.0   11.15417424   11.3127   0.000       0.000      0.1585E-02 -0.8823E-06 -0.5821E-01  0.5662E-01   0.000       0.000       0.000       0.000        0.000       0.000       0.000       0.000       0.000       0.000                           -0.8823E-06 -0.8823E-06   0.000    
  10108800.0   11.15879300   11.3176   0.000       0.000      0.1588E-02 -0.2673E-06 -0.5837E-01  0.5678E-01   0.000       0.000       0.000       0.000        0.000       0.000       0.000       0.000       0.000       0.000                           -0.2673E-06 -0.2673E-06   0.000    
  10195200.0   11.17126332   11.3308   0.000       0.000      0.1595E-02 -0.7217E-06 -0.5865E-01  0.5706E-01   0.000       0.000       0.000       0.000        0.000       0.000       0.000       0.000       0.000       0.000                           -0.7217E-06 -0.7217E-06   0.000    
  10281600.0   11.17793161   11.3379   0.000       0.000      0.1599E-02 -0.3859E-06 -0.5884E-01  0.5724E-01   0.000       0.000       0.000       0.000        0.000       0.000       0.000       0.000       0.000       0.000                           -0.3859E-06 -0.3859E-06   0.000    
  10368000.0   11.16565122   11.3251   0.000       0.000      0.1594E-02  0.7107E-06 -0.5871E-01  0.5712E-01   0.000       0.000       0.000       0.000        0.000       0.000       0.000       0.000       0.000       0.000                            0.7107E-06  0.7107E-06   0.000    
  10454400.0   11.14672747   11.3051   0.000       0.000      0.1584E-02  0.1095E-05 -0.5838E-01  0.5679E-01   0.000       0.000       0.000       0.000        0.000       0.000       0.000       0.000       0.000       0.000                            0.1095E-05  0.1095E-05   0.000    
  10540800.0   11.14574061   11.3040   0.000       0.000      0.1583E-02  0.5711E-07 -0.5832E-01  0.5674E-01   0.000       0.000       0.000       0.000        0.000       0.000       0.000       0.000       0.000       0.000                            0.5711E-07  0.5711E-07   0.000    
  10627200.0   11.15399625   11.3127   0.000       0.000      0.1587E-02 -0.4778E-06 -0.5845E-01  0.5686E-01   0.000       0.000       0.000       0.000        0.000       0.000       0.000       0.000       0.000       0.000                           -0.4778E-06 -0.4778E-06   0.000    
  10713600.0   11.15460429   11.3134   0.000       0.000      0.1588E-02 -0.3519E-07 -0.5848E-01  0.5689E-01   0.000       0.000       0.000       0.000        0.000       0.000       0.000       0.000       0.000       0.000                           -0.3519E-07 -0.3519E-07   0.000    
  10800000.0   11.14540804   11.3038   0.000       0.000      0.1584E-02  0.5322E-06 -0.5833E-01  0.5674E-01   0.000       0.000       0.000       0.000        0.000       0.000       0.000       0.000       0.000       0.000                            0.5322E-06  0.5322E-06   0.000    
  10886400.0   11.12999537   11.2876   0.000       0.000      0.1576E-02  0.8919E-06 -0.5805E-01  0.5647E-01   0.000       0.000       0.000       0.000        0.000       0.000       0.000       0.000       0.000       0.000                            0.8919E-06  0.8919E-06   0.000    
  10972800.0   11.11152601   11.2681   0.000       0.000      0.1565E-02  0.1069E-05 -0.5765E-01  0.5608E-01   0.000       0.000       0.000       0.000        0.000       0.000       0.000       0.000       0.000       0.000                            0.1069E-05  0.1069E-05   0.000    
  11059200.0   11.08991648   11.2452   0.000       0.000      0.1553E-02  0.1251E-05 -0.5718E-01  0.5562E-01   0.000       0.000       0.000       0.000        0.000       0.000       0.000       0.000       0.000       0.000                            0.1251E-05  0.1251E-05   0.000    
  11145600.0   11.06818606   11.2222   0.000       0.000      0.1540E-02  0.1258E-05 -0.5667E-01  0.5513E-01   0.000       0.000       0.000       0.000        0.000       0.000       0.000       0.000       0.000       0.000                            0.1258E-05  0.1258E-05   0.000    
  11232000.0   11.04745084   11.2002   0.000       0.000      0.1527E-02  0.1200E-05 -0.5614E-01  0.5461E-01   0.000       0.000       0.000       0.000        0.000       0.000       0.000       0.000       0.000       0.000                            0.1200E-05  0.1200E-05   0.000    
  11318400.0   11.02752454   11.1790   0.000       0.000      0.1515E-02  0.1153E-05 -0.5563E-01  0.5411E-01   0.000       0.000       0.000       0.000        0.000       0.000       0.000       0.000       0.000       0.000                            0.1153E-05  0.1153E-05   0.000    
  11404800.0   11.03170831   11.1833   0.000       0.000      0.1516E-02 -0.2421E-06 -0.5558E-01  0.5407E-01   0.000       0.000       0.000       0.000        0.000       0.000       0.000       0.000       0.000       0.000                           -0.2421E-06 -0.2421E-06   0.000    
  11491200.0   11.01413613   11.1647   0.000       0.000      0.1506E-02  0.1017E-05 -0.5516E-01  0.5365E-01   0.000       0.000       0.000       0.000        0.000       0.000       0.000       0.000       0.000       0.000                            0.1017E-05  0.1017E-05   0.000    
  11577600.0   11.03996122   11.1920   0.000       0.000      0.1520E-02 -0.1495E-05 -0.5558E-01  0.5406E-01   0.000       0.000       0.000       0.000        0.000       0.000       0.000       0.000       0.000       0.000                           -0.1495E-05 -0.1495E-05   0.000    
  11664000.0   11.11191474   11.2680   0.000       0.000      0.1561E-02 -0.4164E-05 -0.5697E-01  0.5541E-01   0.000       0.000       0.000       0.000        0.000       0.000       0.000       0.000       0.000       0.000                           -0.4164E-05 -0.4164E-05   0.000    
  11750400.0   11.28437937   11.4495   0.000       0.000      0.1652E-02 -0.9981E-05 -0.6016E-01  0.5852E-01   0.000       0.000       0.000       0.000        0.000       0.000       0.000       0.000       0.000       0.000                           -0.9981E-05 -0.9981E-05   0.000    
  11836800.0   11.25173750   11.4162   0.000       0.000      0.1644E-02  0.1889E-05 -0.6023E-01  0.5858E-01   0.000       0.000       0.000       0.000        0.000       0.000       0.000       0.000       0.000       0.000                            0.1889E-05  0.1889E-05   0.000    
  11923200.0   11.22197611   11.3853   0.000       0.000      0.1634E-02  0.1722E-05 -0.6001E-01  0.5838E-01   0.000       0.000       0.000       0.000        0.000       0.000       0.000       0.000       0.000       0.000                            0.1722E-05  0.1722E-05   0.000    
  12009600.0   11.19433815   11.3563   0.000       0.000      0.1620E-02  0.1599E-05 -0.5958E-01  0.5796E-01   0.000       0.000       0.000       0.000        0.000       0.000       0.000       0.000       0.000       0.000                            0.1599E-05  0.1599E-05   0.000    
  12096000.0   11.18732644   11.3488   0.000       0.000      0.1615E-02  0.4058E-06 -0.5943E-01  0.5781E-01   0.000       0.000       0.000       0.000        0.000       0.000       0.000       0.000       0.000       0.000                            0.4058E-06  0.4058E-06   0.000    
  12182400.0   11.17808374   11.3390   0.000       0.000      0.1609E-02  0.5349E-06 -0.5924E-01  0.5763E-01   0.000       0.000       0.000       0.000        0.000       0.000       0.000       0.000       0.000       0.000                            0.5349E-06  0.5349E-06   0.000    
  12268800.0   11.16291829   11.3230   0.000       0.000      0.1601E-02  0.8776E-06 -0.5893E-01  0.5733E-01   0.000       0.000       0.000       0.000        0.000       0.000       0.000       0.000       0.000       0.000                            0.8776E-06  0.8776E-06   0.000    
  12355200.0   11.14407310   11.3031   0.000       0.000      0.1590E-02  0.1091E-05 -0.5854E-01  0.5695E-01   0.000       0.000       0.000       0.000        0.000       0.000       0.000       0.000       0.000       0.000                            0.1091E-05  0.1091E-05   0.000    
  12441600.0   11.13060179   11.2888   0.000       0.000      0.1582E-02  0.7796E-06 -0.5821E-01  0.5663E-01   0.000       0.000       0.000       0.000        0.000       0.000       0.000       0.000       0.000       0.000                            0.7796E-06  0.7796E-06   0.000    
  12528000.0   11.17574071   11.3362   0.000       0.000      0.1605E-02 -0.2612E-05 -0.5894E-01  0.5734E-01   0.000       0.000       0.000       0.000        0.000       0.000       0.000       0.000       0.000       0.000                           -0.2612E-05 -0.2612E-05   0.000    
  12614400.0   11.22777635   11.3910   0.000       0.000      0.1632E-02 -0.3011E-05 -0.5991E-01  0.5828E-01   0.000       0.000       0.000       0.000        0.000       0.000       0.000       0.000       0.000       0.000                           -0.3011E-05 -0.3011E-05   0.000    
  12700800.0   11.21948089   11.3826   0.000       0.000      0.1632E-02  0.4801E-06 -0.5998E-01  0.5835E-01   0.000       0.000       0.000       0.000        0.000       0.000       0.000       0.000       0.000       0.000                            0.4801E-06  0.4801E-06   0.000    
  12787200.0   11.20391104   11.3664   0.000       0.000      0.1625E-02  0.9010E-06 -0.5981E-01  0.5818E-01   0.000       0.000       0.000       0.000        0.000       0.000       0.000       0.000       0.000       0.000                            0.9010E-06  0.9010E-06   0.000    
  12873600.0   11.18308809   11.3446   0.000       0.000      0.1615E-02  0.1205E-05 -0.5946E-01  0.5784E-01   0.000       0.000       0.000       0.000        0.000       0.000       0.000       0.000       0.000       0.000                            0.1205E-05  0.1205E-05   0.000    
  12960000.0   11.18771841   11.3494   0.000       0.000      0.1617E-02 -0.2680E-06 -0.5948E-01  0.5787E-01   0.000       0.000       0.000       0.000        0.000       0.000       0.000       0.000       0.000       0.000                           -0.2680E-06 -0.2680E-06   0.000    
  13046400.0   11.17839280   11.3396   0.000       0.000      0.1612E-02  0.5397E-06 -0.5931E-01  0.5769E-01   0.000       0.000       0.000       0.000        0.000       0.000       0.000       0.000       0.000       0.000                            0.5397E-06  0.5397E-06   0.000    
  13132800.0   11.16459736   11.3250   0.000       0.000      0.1604E-02  0.7983E-06 -0.5903E-01  0.5742E-01   0.000       0.000       0.000       0.000        0.000       0.000       0.000       0.000       0.000       0.000                            0.7983E-06  0.7983E-06   0.000    
  13219200.0   11.15486202   11.3147   0.000       0.000      0.1599E-02  0.5634E-06 -0.5880E-01  0.5720E-01   0.000       0.000       0.000       0.000        0.000       0.000       0.000       0.000       0.000       0.000                            0.5634E-06  0.5634E-06   0.000    
  13305600.0   11.14065061   11.2997   0.000       0.000      0.1591E-02  0.8224E-06 -0.5850E-01  0.5690E-01   0.000       0.000       0.000       0.000        0.000       0.000       0.000       0.000       0.000       0.000                            0.8224E-06  0.8224E-06   0.000    
  13392000.0   11.16182789   11.3220   0.000       0.000      0.1601E-02 -0.1226E-05 -0.5880E-01  0.5720E-01   0.000       0.000       0.000       0.000        0.000       0.000       0.000       0.000       0.000       0.000                           -0.1226E-05 -0.1226E-05   0.000    
  13478400.0   11.17772681   11.3388   0.000       0.000      0.1610E-02 -0.9201E-06 -0.5910E-01  0.5749E-01   0.000       0.000       0.000       0.000        0.000       0.000       0.000       0.000       0.000       0.000                           -0.9201E-06 -0.9201E-06   0.000    
  13564800.0   11.17325086   11.3342   0.000       0.000      0.1609E-02  0.2590E-06 -0.5908E-01  0.5747E-01   0.000       0.000       0.000       0.000        0.000       0.000       0.000       0.000       0.000       0.000                            0.2590E-06  0.2590E-06   0.000    
  13651200.0   11.16375775   11.3242   0.000       0.000      0.1605E-02  0.5494E-06 -0.5893E-01  0.5733E-01   0.000       0.000       0.000       0.000        0.000       0.000       0.000       0.000       0.000       0.000                            0.5494E-06  0.5494E-06   0.000    
  13737600.0   11.15017591   11.3100   0.000       0.000      0.1598E-02  0.7860E-06 -0.5868E-01  0.5708E-01   0.000       0.000       0.000       0.000        0.000       0.000       0.000       0.000       0.000       0.000                            0.7860E-06  0.7860E-06   0.000    
  13824000.0   11.19440629   11.3564   0.000       0.000      0.1620E-02 -0.2560E-05 -0.5941E-01  0.5779E-01   0.000       0.000       0.000       0.000        0.000       0.000       0.000       0.000       0.000       0.000                           -0.2560E-05 -0.2560E-05   0.000    
  13910400.0   11.25796966   11.4233   0.000       0.000      0.1654E-02 -0.3678E-05 -0.6059E-01  0.5894E-01   0.000       0.000       0.000       0.000        0.000       0.000       0.000       0.000       0.000       0.000                           -0.3678E-05 -0.3678E-05   0.000    
  13996800.0   11.25652418   11.4222   0.000       0.000      0.1656E-02  0.8365E-07 -0.6080E-01  0.5915E-01   0.000       0.000       0.000       0.000        0.000       0.000       0.000       0.000       0.000       0.000                            0.8365E-07  0.8365E-07   0.000    
  14083200.0   11.24201098   11.4071   0.000       0.000      0.1651E-02  0.8399E-06 -0.6069E-01  0.5904E-01   0.000       0.000       0.000       0.000        0.000       0.000       0.000       0.000       0.000       0.000                            0.8399E-06  0.8399E-06   0.000    
  14169600.0   11.25657279   11.4225   0.000       0.000      0.1659E-02 -0.8427E-06 -0.6098E-01  0.5932E-01   0.000       0.000       0.000       0.000        0.000       0.000       0.000       0.000       0.000       0.000                           -0.8427E-06 -0.8427E-06   0.000    
  14256000.0   11.26872766   11.4353   0.000       0.000      0.1666E-02 -0.7034E-06 -0.6125E-01  0.5958E-01   0.000       0.000       0.000       0.000        0.000       0.000       0.000       0.000       0.000       0.000                           -0.7034E-06 -0.7034E-06   0.000    
  14342400.0   11.32973414   11.4993   0.000       0.000      0.1695E-02 -0.3530E-05 -0.6231E-01  0.6061E-01   0.000       0.000       0.000       0.000        0.000       0.000       0.000       0.000       0.000       0.000                           -0.3530E-05 -0.3530E-05   0.000    
  14428800.0   11.48676851   11.6637   0.000       0.000      0.1769E-02 -0.9088E-05 -0.6491E-01  0.6315E-01   0.000       0.000       0.000       0.000        0.000       0.000       0.000       0.000       0.000       0.000                           -0.9088E-05 -0.9088E-05   0.000    
  14515200.0   11.48285362   11.6604   0.000       0.000      0.1775E-02  0.2266E-06 -0.6541E-01  0.6363E-01   0.000       0.000       0.000       0.000        0.000       0.000       0.000       0.000       0.000       0.000                            0.2266E-06  0.2266E-06   0.000    
  14601600.0   11.50693659   11.6860   0.000       0.000      0.1791E-02 -0.1394E-05 -0.6610E-01  0.6431E-01   0.000       0.000       0.000       0.000        0.000       0.000       0.000       0.000       0.000       0.000                           -0.1394E-05 -0.1394E-05   0.000    
  14688000.0   11.55923150   11.7408   0.000       0.000      0.1816E-02 -0.3026E-05 -0.6710E-01  0.6529E-01   0.000       0.000       0.000       0.000        0.000       0.000       0.000       0.000       0.000       0.000                           -0.3026E-05 -0.3026E-05   0.000    
  14774400.0   11.57816335   11.7609   0.000       0.000      0.1827E-02 -0.1096E-05 -0.6766E-01  0.6583E-01   0.000       0.000       0.000       0.000        0.000       0.000       0.000       0.000       0.000       0.000                           -0.1096E-05 -0.1096E-05   0.000    
  14860800.0   11.56828360   11.7509   0.000       0.000      0.1826E-02  0.5717E-06 -0.6776E-01  0.6593E-01   0.000       0.000       0.000       0.000        0.000       0.000       0.000       0.000       0.000       0.000                            0.5717E-06  0.5717E-06   0.000    
  14947200.0   11.55467677   11.7368   0.000       0.000      0.1822E-02  0.7874E-06 -0.6769E-01  0.6587E-01   0.000       0.000       0.000       0.000        0.000       0.000       0.000       0.000       0.000       0.000                            0.7874E-06  0.7874E-06   0.000    
  15033600.0   11.53277181   11.7141   0.000       0.000      0.1813E-02  0.1268E-05 -0.6745E-01  0.6563E-01   0.000       0.000       0.000       0.000        0.000       0.000       0.000       0.000       0.000       0.000                            0.1268E-05  0.1268E-05   0.000    
  15120000.0   11.50729297   11.6875   0.000       0.000      0.1802E-02  0.1474E-05 -0.6706E-01  0.6526E-01   0.000       0.000       0.000       0.000        0.000       0.000       0.000       0.000       0.000       0.000                            0.1474E-05  0.1474E-05   0.000    
  15206400.0   11.47796305   11.6569   0.000       0.000      0.1789E-02  0.1697E-05 -0.6659E-01  0.6480E-01   0.000       0.000       0.000       0.000        0.000       0.000       0.000       0.000       0.000       0.000                            0.1697E-05  0.1697E-05   0.000    
  15292800.0   11.44686788   11.6242   0.000       0.000      0.1774E-02  0.1799E-05 -0.6602E-01  0.6424E-01   0.000       0.000       0.000       0.000        0.000       0.000       0.000       0.000       0.000       0.000                            0.1799E-05  0.1799E-05   0.000    
  15379200.0   11.48667719   11.6657   0.000       0.000      0.1790E-02 -0.2304E-05 -0.6648E-01  0.6469E-01   0.000       0.000       0.000       0.000        0.000       0.000       0.000       0.000       0.000       0.000                           -0.2304E-05 -0.2304E-05   0.000    
  15465600.0   11.50562776   11.6855   0.000       0.000      0.1799E-02 -0.1097E-05 -0.6679E-01  0.6499E-01   0.000       0.000       0.000       0.000        0.000       0.000       0.000       0.000       0.000       0.000                           -0.1097E-05 -0.1097E-05   0.000    
  15552000.0   11.49101336   11.6705   0.000       0.000      0.1795E-02  0.8457E-06 -0.6666E-01  0.6486E-01   0.000       0.000       0.000       0.000        0.000       0.000       0.000       0.000       0.000       0.000                            0.8457E-06  0.8457E-06   0.000    
  15638400.0   11.46415426   11.6426   0.000       0.000      0.1784E-02  0.1554E-05 -0.6628E-01  0.6450E-01   0.000       0.000       0.000       0.000        0.000       0.000       0.000       0.000       0.000       0.000                            0.1554E-05  0.1554E-05   0.000    
  15724800.0   11.43573736   11.6129   0.000       0.000      0.1771E-02  0.1644E-05 -0.6580E-01  0.6403E-01   0.000       0.000       0.000       0.000        0.000       0.000       0.000       0.000       0.000       0.000                            0.1644E-05  0.1644E-05   0.000    
  15811200.0   11.40747456   11.5832   0.000       0.000      0.1758E-02  0.1636E-05 -0.6526E-01  0.6350E-01   0.000       0.000       0.000       0.000        0.000       0.000       0.000       0.000       0.000       0.000                            0.1636E-05  0.1636E-05   0.000    
  15897600.0   11.38034074   11.5548   0.000       0.000      0.1744E-02  0.1570E-05 -0.6471E-01  0.6296E-01   0.000       0.000       0.000       0.000        0.000       0.000       0.000       0.000       0.000       0.000                            0.1570E-05  0.1570E-05   0.000    
  15984000.0   11.36102608   11.5344   0.000       0.000      0.1734E-02  0.1118E-05 -0.6426E-01  0.6252E-01   0.000       0.000       0.000       0.000        0.000       0.000       0.000       0.000       0.000       0.000                            0.1118E-05  0.1118E-05   0.000    
  16070400.0   11.33637439   11.5085   0.000       0.000      0.1721E-02  0.1427E-05 -0.6371E-01  0.6199E-01   0.000       0.000       0.000       0.000        0.000       0.000       0.000       0.000       0.000       0.000                            0.1427E-05  0.1427E-05   0.000    
  16156800.0   11.31229557   11.4831   0.000       0.000      0.1708E-02  0.1393E-05 -0.6319E-01  0.6148E-01   0.000       0.000       0.000       0.000        0.000       0.000       0.000       0.000       0.000       0.000                            0.1393E-05  0.1393E-05   0.000    
  16243200.0   11.28867726   11.4582   0.000       0.000      0.1696E-02  0.1367E-05 -0.6264E-01  0.6095E-01   0.000       0.000       0.000       0.000        0.000       0.000       0.000       0.000       0.000       0.000                            0.1367E-05  0.1367E-05   0.000    
  16329600.0   11.26576226   11.4341   0.000       0.000      0.1683E-02  0.1326E-05 -0.6212E-01  0.6043E-01   0.000       0.000       0.000       0.000        0.000       0.000       0.000       0.000       0.000       0.000                            0.1326E-05  0.1326E-05   0.000    
  16416000.0   11.24365860   11.4108   0.000       0.000      0.1671E-02  0.1279E-05 -0.6158E-01  0.5991E-01   0.000       0.000       0.000       0.000        0.000       0.000       0.000       0.000       0.000       0.000                            0.1279E-05  0.1279E-05   0.000    
  16502400.0   11.22225870   11.3882   0.000       0.000      0.1659E-02  0.1238E-05 -0.6106E-01  0.5940E-01   0.000       0.000       0.000       0.000        0.000       0.000       0.000       0.000       0.000       0.000                            0.1238E-05  0.1238E-05   0.000    
  16588800.0   11.20167464   11.3664   0.000       0.000      0.1647E-02  0.1191E-05 -0.6055E-01  0.5890E-01   0.000       0.000       0.000       0.000        0.000       0.000       0.000       0.000       0.000       0.000                            0.1191E-05  0.1191E-05   0.000    
  16675200.0   11.18185803   11.3454   0.000       0.000      0.1636E-02  0.1147E-05 -0.6005E-01  0.5841E-01   0.000       0.000       0.000       0.000        0.000       0.000       0.000       0.000       0.000       0.000                            0.1147E-05  0.1147E-05   0.000    
  16761600.0   11.16641214   11.3291   0.000       0.000      0.1627E-02  0.8939E-06 -0.5963E-01  0.5800E-01   0.000       0.000       0.000       0.000        0.000       0.000       0.000       0.000       0.000       0.000                            0.8939E-06  0.8939E-06   0.000    
  16848000.0   11.15461444   11.3165   0.000       0.000      0.1619E-02  0.6827E-06 -0.5928E-01  0.5766E-01   0.000       0.000       0.000       0.000        0.000       0.000       0.000       0.000       0.000       0.000                            0.6827E-06  0.6827E-06   0.000    
  16934400.0   11.15618436   11.3181   0.000       0.000      0.1619E-02 -0.9085E-07 -0.5919E-01  0.5757E-01   0.000       0.000       0.000       0.000        0.000       0.000       0.000       0.000       0.000       0.000                           -0.9085E-07 -0.9085E-07   0.000    
  17020800.0   11.15091830   11.3125   0.000       0.000      0.1616E-02  0.3047E-06 -0.5902E-01  0.5741E-01   0.000       0.000       0.000       0.000        0.000       0.000       0.000       0.000       0.000       0.000                            0.3047E-06  0.3047E-06   0.000    
  17107200.0   11.13389935   11.2946   0.000       0.000      0.1607E-02  0.9849E-06 -0.5865E-01  0.5704E-01   0.000       0.000       0.000       0.000        0.000       0.000       0.000       0.000       0.000       0.000                            0.9849E-06  0.9849E-06   0.000    
  17193600.0   11.11752858   11.2773   0.000       0.000      0.1597E-02  0.9474E-06 -0.5826E-01  0.5667E-01   0.000       0.000       0.000       0.000        0.000       0.000       0.000       0.000       0.000       0.000                            0.9474E-06  0.9474E-06   0.000    
  17280000.0   11.10094590   11.2596   0.000       0.000      0.1587E-02  0.9596E-06 -0.5784E-01  0.5625E-01   0.000       0.000       0.000       0.000        0.000       0.000       0.000       0.000       0.000       0.000                            0.9596E-06  0.9596E-06   0.000    
  17366400.0   11.08435659   11.2421   0.000       0.000      0.1577E-02  0.9600E-06 -0.5743E-01  0.5585E-01   0.000       0.000       0.000       0.000        0.000       0.000       0.000       0.000       0.000       0.000                            0.9600E-06  0.9600E-06   0.000    
  17452800.0   11.06832121   11.2250   0.000       0.000      0.1567E-02  0.9280E-06 -0.5699E-01  0.5543E-01   0.000       0.000       0.000       0.000        0.000       0.000       0.000       0.000       0.000       0.000                            0.9280E-06  0.9280E-06   0.000    
  17539200.0   11.05268506   11.2084   0.000       0.000      0.1557E-02  0.9049E-06 -0.5658E-01  0.5503E-01   0.000       0.000       0.000       0.000        0.000       0.000       0.000       0.000       0.000       0.000                            0.9049E-06  0.9049E-06   0.000    
  17625600.0   11.03765863   11.1923   0.000       0.000      0.1547E-02  0.8696E-06 -0.5617E-01  0.5462E-01   0.000       0.000       0.000       0.000        0.000       0.000       0.000       0.000       0.000       0.000                            0.8696E-06  0.8696E-06   0.000    
  17712000.0   11.02855149   11.1826   0.000       0.000      0.1541E-02  0.5270E-06 -0.5587E-01  0.5433E-01   0.000       0.000       0.000       0.000        0.000       0.000       0.000       0.000       0.000       0.000                            0.5270E-06  0.5270E-06   0.000    
  17798400.0   11.01485543   11.1680   0.000       0.000      0.1532E-02  0.7926E-06 -0.5551E-01  0.5397E-01   0.000       0.000       0.000       0.000        0.000       0.000       0.000       0.000       0.000       0.000                            0.7926E-06  0.7926E-06   0.000    
  17884800.0   11.00095226   11.1532   0.000       0.000      0.1522E-02  0.8046E-06 -0.5512E-01  0.5359E-01   0.000       0.000       0.000       0.000        0.000       0.000       0.000       0.000       0.000       0.000                            0.8046E-06  0.8046E-06   0.000    
  17971200.0   10.98743101   11.1388   0.000       0.000      0.1514E-02  0.7825E-06 -0.5475E-01  0.5324E-01   0.000       0.000       0.000       0.000        0.000       0.000       0.000       0.000       0.000       0.000                            0.7825E-06  0.7825E-06   0.000    
  18057600.0   10.97443733   11.1249   0.000       0.000      0.1505E-02  0.7519E-06 -0.5437E-01  0.5287E-01   0.000       0.000       0.000       0.000        0.000       0.000       0.000       0.000       0.000       0.000                            0.7519E-06  0.7519E-06   0.000    
  18144000.0   10.96175942   11.1114   0.000       0.000      0.1496E-02  0.7337E-06 -0.5401E-01  0.5252E-01   0.000       0.000       0.000       0.000        0.000       0.000       0.000       0.000       0.000       0.000                            0.7337E-06  0.7337E-06   0.000    
  18230400.0   10.94952515   11.0983   0.000       0.000      0.1487E-02  0.7080E-06 -0.5365E-01  0.5216E-01   0.000       0.000       0.000       0.000        0.000       0.000       0.000       0.000       0.000       0.000                            0.7080E-06  0.7080E-06   0.000    
  18316800.0   10.93759873   11.0855   0.000       0.000      0.1479E-02  0.6902E-06 -0.5331E-01  0.5183E-01   0.000       0.000       0.000       0.000        0.000       0.000       0.000       0.000       0.000       0.000                            0.6902E-06  0.6902E-06   0.000    
  18403200.0   10.92604327   11.0731   0.000       0.000      0.1471E-02  0.6687E-06 -0.5296E-01  0.5149E-01   0.000       0.000       0.000       0.000        0.000       0.000       0.000       0.000       0.000       0.000                            0.6687E-06  0.6687E-06   0.000    
  18489600.0   10.91479611   11.0611   0.000       0.000      0.1463E-02  0.6509E-06 -0.5262E-01  0.5116E-01   0.000       0.000       0.000       0.000        0.000       0.000       0.000       0.000       0.000       0.000                            0.6509E-06  0.6509E-06   0.000    
  18576000.0   10.90384542   11.0493   0.000       0.000      0.1455E-02  0.6337E-06 -0.5230E-01  0.5084E-01   0.000       0.000       0.000       0.000        0.000       0.000       0.000       0.000       0.000       0.000                            0.6337E-06  0.6337E-06   0.000    
  18662400.0   10.89325258   11.0379   0.000       0.000      0.1447E-02  0.6130E-06 -0.5197E-01  0.5052E-01   0.000       0.000       0.000       0.000        0.000       0.000       0.000       0.000       0.000       0.000                            0.6130E-06  0.6130E-06   0.000    
  18748800.0   10.88282722   11.0268   0.000       0.000      0.1439E-02  0.6033E-06 -0.5166E-01  0.5022E-01   0.000       0.000       0.000       0.000        0.000       0.000       0.000       0.000       0.000       0.000                            0.6033E-06  0.6033E-06   0.000    
  18835200.0   10.88358010   11.0275   0.000       0.000      0.1439E-02 -0.4357E-07 -0.5159E-01  0.5015E-01   0.000       0.000       0.000       0.000        0.000       0.000       0.000       0.000       0.000       0.000                           -0.4357E-07 -0.4357E-07   0.000    
  18921600.0   10.87528598   11.0186   0.000       0.000      0.1433E-02  0.4800E-06 -0.5135E-01  0.4992E-01   0.000       0.000       0.000       0.000        0.000       0.000       0.000       0.000       0.000       0.000                            0.4800E-06  0.4800E-06   0.000    
  19008000.0   10.86464097   11.0072   0.000       0.000      0.1425E-02  0.6160E-06 -0.5106E-01  0.4963E-01   0.000       0.000       0.000       0.000        0.000       0.000       0.000       0.000       0.000       0.000                            0.6160E-06  0.6160E-06   0.000    
  19094400.0   10.85445186   10.9962   0.000       0.000      0.1417E-02  0.5896E-06 -0.5075E-01  0.4933E-01   0.000       0.000       0.000       0.000        0.000       0.000       0.000       0.000       0.000       0.000                            0.5896E-06  0.5896E-06   0.000    
  19180800.0   10.84459130   10.9856   0.000       0.000      0.1410E-02  0.5706E-06 -0.5045E-01  0.4904E-01   0.000       0.000       0.000       0.000        0.000       0.000       0.000       0.000       0.000       0.000                            0.5706E-06  0.5706E-06   0.000    
  19267200.0   10.83530909   10.9756   0.000       0.000      0.1403E-02  0.5372E-06 -0.5016E-01  0.4876E-01   0.000       0.000       0.000       0.000        0.000       0.000       0.000       0.000       0.000       0.000                            0.5372E-06  0.5372E-06   0.000    
  19353600.0   10.82603883   10.9656   0.000       0.000      0.1395E-02  0.5365E-06 -0.4987E-01  0.4848E-01   0.000       0.000       0.000       0.000        0.000       0.000       0.000       0.000       0.000       0.000                            0.5365E-06  0.5365E-06   0.000    
  19440000.0   10.81700862   10.9558   0.000       0.000      0.1388E-02  0.5226E-06 -0.4959E-01  0.4820E-01   0.000       0.000       0.000       0.000        0.000       0.000       0.000       0.000       0.000       0.000                            0.5226E-06  0.5226E-06   0.000    
  19526400.0   10.80828444   10.9464   0.000       0.000      0.1381E-02  0.5049E-06 -0.4930E-01  0.4792E-01   0.000       0.000       0.000       0.000        0.000       0.000       0.000       0.000       0.000       0.000                            0.5049E-06  0.5049E-06   0.000    
  19612800.0   10.79967803   10.9371   0.000       0.000      0.1374E-02  0.4981E-06 -0.4903E-01  0.4766E-01   0.000       0.000       0.000       0.000        0.000       0.000       0.000       0.000       0.000       0.000                            0.4981E-06  0.4981E-06   0.000    
  19699200.0   10.79136316   10.9281   0.000       0.000      0.1368E-02  0.4812E-06 -0.4876E-01  0.4739E-01   0.000       0.000       0.000       0.000        0.000       0.000       0.000       0.000       0.000       0.000                            0.4812E-06  0.4812E-06   0.000    
  19785600.0   10.78315918   10.9193   0.000       0.000      0.1361E-02  0.4748E-06 -0.4850E-01  0.4713E-01   0.000       0.000       0.000       0.000        0.000       0.000       0.000       0.000       0.000       0.000                            0.4748E-06  0.4748E-06   0.000    
  19872000.0   10.77521534   10.9106   0.000       0.000      0.1354E-02  0.4597E-06 -0.4823E-01  0.4687E-01   0.000       0.000       0.000       0.000        0.000       0.000       0.000       0.000       0.000       0.000                            0.4597E-06  0.4597E-06   0.000    
  19958400.0   10.77759091   10.9131   0.000       0.000      0.1355E-02 -0.1375E-06 -0.4823E-01  0.4687E-01   0.000       0.000       0.000       0.000        0.000       0.000       0.000       0.000       0.000       0.000                           -0.1375E-06 -0.1375E-06   0.000    
  20044800.0   10.78410859   10.9200   0.000       0.000      0.1359E-02 -0.3772E-06 -0.4835E-01  0.4699E-01   0.000       0.000       0.000       0.000        0.000       0.000       0.000       0.000       0.000       0.000                           -0.3772E-06 -0.3772E-06   0.000    
  20131200.0   10.77444406   10.9097   0.000       0.000      0.1352E-02  0.5593E-06 -0.4811E-01  0.4676E-01   0.000       0.000       0.000       0.000        0.000       0.000       0.000       0.000       0.000       0.000                            0.5593E-06  0.5593E-06   0.000    
  20217600.0   10.76862134   10.9034   0.000       0.000      0.1347E-02  0.3370E-06 -0.4794E-01  0.4659E-01   0.000       0.000       0.000       0.000        0.000       0.000       0.000       0.000       0.000       0.000                            0.3370E-06  0.3370E-06   0.000    
  20304000.0   10.76200527   10.8962   0.000       0.000      0.1342E-02  0.3829E-06 -0.4773E-01  0.4639E-01   0.000       0.000       0.000       0.000        0.000       0.000       0.000       0.000       0.000       0.000                            0.3829E-06  0.3829E-06   0.000    
  20390400.0   10.75346214   10.8869   0.000       0.000      0.1335E-02  0.4944E-06 -0.4747E-01  0.4614E-01   0.000       0.000       0.000       0.000        0.000       0.000       0.000       0.000       0.000       0.000                            0.4944E-06  0.4944E-06   0.000    
  20476800.0   10.74527383   10.8781   0.000       0.000      0.1328E-02  0.4739E-06 -0.4721E-01  0.4588E-01   0.000       0.000       0.000       0.000        0.000       0.000       0.000       0.000       0.000       0.000                            0.4739E-06  0.4739E-06   0.000    
  20563200.0   10.73735000   10.8695   0.000       0.000      0.1321E-02  0.4586E-06 -0.4696E-01  0.4564E-01   0.000       0.000       0.000       0.000        0.000       0.000       0.000       0.000       0.000       0.000                            0.4586E-06  0.4586E-06   0.000    
  20649600.0   10.72972500   10.8612   0.000       0.000      0.1314E-02  0.4413E-06 -0.4670E-01  0.4538E-01   0.000       0.000       0.000       0.000        0.000       0.000       0.000       0.000       0.000       0.000                            0.4413E-06  0.4413E-06   0.000    
  20736000.0   10.72229242   10.8531   0.000       0.000      0.1308E-02  0.4301E-06 -0.4645E-01  0.4514E-01   0.000       0.000       0.000       0.000        0.000       0.000       0.000       0.000       0.000       0.000                            0.4301E-06  0.4301E-06   0.000    
  20822400.0   10.71511902   10.8453   0.000       0.000      0.1302E-02  0.4151E-06 -0.4620E-01  0.4490E-01   0.000       0.000       0.000       0.000        0.000       0.000       0.000       0.000       0.000       0.000                            0.4151E-06  0.4151E-06   0.000    
  20908800.0   10.70808969   10.8377   0.000       0.000      0.1296E-02  0.4068E-06 -0.4597E-01  0.4467E-01   0.000       0.000       0.000       0.000        0.000       0.000       0.000       0.000       0.000       0.000                            0.4068E-06  0.4068E-06   0.000    
  20995200.0   10.70129545   10.8302   0.000       0.000      0.1289E-02  0.3932E-06 -0.4573E-01  0.4444E-01   0.000       0.000       0.000       0.000        0.000       0.000       0.000       0.000       0.000       0.000                            0.3932E-06  0.3932E-06   0.000    
  21081600.0   10.69460944   10.8230   0.000       0.000      0.1284E-02  0.3869E-06 -0.4550E-01  0.4422E-01   0.000       0.000       0.000       0.000        0.000       0.000       0.000       0.000       0.000       0.000                            0.3869E-06  0.3869E-06   0.000    
  21168000.0   10.68814105   10.8159   0.000       0.000      0.1278E-02  0.3743E-06 -0.4527E-01  0.4399E-01   0.000       0.000       0.000       0.000        0.000       0.000       0.000       0.000       0.000       0.000                            0.3743E-06  0.3743E-06   0.000    
  21254400.0   10.68175093   10.8090   0.000       0.000      0.1272E-02  0.3698E-06 -0.4505E-01  0.4378E-01   0.000       0.000       0.000       0.000        0.000       0.000       0.000       0.000       0.000       0.000                            0.3698E-06  0.3698E-06   0.000    
  21340800.0   10.67552959   10.8022   0.000       0.000      0.1266E-02  0.3600E-06 -0.4483E-01  0.4356E-01   0.000       0.000       0.000       0.000        0.000       0.000       0.000       0.000       0.000       0.000                            0.3600E-06  0.3600E-06   0.000    
  21427200.0   10.66945446   10.7955   0.000       0.000      0.1261E-02  0.3516E-06 -0.4461E-01  0.4334E-01   0.000       0.000       0.000       0.000        0.000       0.000       0.000       0.000       0.000       0.000                            0.3516E-06  0.3516E-06   0.000    
  21513600.0   10.66491136   10.7906   0.000       0.000      0.1256E-02  0.2629E-06 -0.4444E-01  0.4318E-01   0.000       0.000       0.000       0.000        0.000       0.000       0.000       0.000       0.000       0.000                            0.2629E-06  0.2629E-06   0.000    
  21600000.0   10.67493561   10.8013   0.000       0.000      0.1264E-02 -0.5801E-06 -0.4467E-01  0.4340E-01   0.000       0.000       0.000       0.000        0.000       0.000       0.000       0.000       0.000       0.000                           -0.5801E-06 -0.5801E-06   0.000    
  21686400.0   10.66737532   10.7931   0.000       0.000      0.1257E-02  0.4375E-06 -0.4446E-01  0.4320E-01   0.000       0.000       0.000       0.000        0.000       0.000       0.000       0.000       0.000       0.000                            0.4375E-06  0.4375E-06   0.000    
  21772800.0   10.66028744   10.7854   0.000       0.000      0.1251E-02  0.4102E-06 -0.4424E-01  0.4299E-01   0.000       0.000       0.000       0.000        0.000       0.000       0.000       0.000       0.000       0.000                            0.4102E-06  0.4102E-06   0.000    
  21859200.0   10.65361393   10.7781   0.000       0.000      0.1245E-02  0.3862E-06 -0.4402E-01  0.4278E-01   0.000       0.000       0.000       0.000        0.000       0.000       0.000       0.000       0.000       0.000                            0.3862E-06  0.3862E-06   0.000    
  21945600.0   10.64730780   10.7712   0.000       0.000      0.1239E-02  0.3649E-06 -0.4379E-01  0.4255E-01   0.000       0.000       0.000       0.000        0.000       0.000       0.000       0.000       0.000       0.000                            0.3649E-06  0.3649E-06   0.000    
  22032000.0   10.64118813   10.7645   0.000       0.000      0.1233E-02  0.3541E-06 -0.4358E-01  0.4235E-01   0.000       0.000       0.000       0.000        0.000       0.000       0.000       0.000       0.000       0.000                            0.3541E-06  0.3541E-06   0.000    
  22118400.0   10.63528135   10.7581   0.000       0.000      0.1228E-02  0.3418E-06 -0.4337E-01  0.4214E-01   0.000       0.000       0.000       0.000        0.000       0.000       0.000       0.000       0.000       0.000                            0.3418E-06  0.3418E-06   0.000    
  22204800.0   10.62958878   10.7518   0.000       0.000      0.1222E-02  0.3294E-06 -0.4315E-01  0.4193E-01   0.000       0.000       0.000       0.000        0.000       0.000       0.000       0.000       0.000       0.000                            0.3294E-06  0.3294E-06   0.000    
  22291200.0   10.62400098   10.7457   0.000       0.000      0.1217E-02  0.3234E-06 -0.4295E-01  0.4173E-01   0.000       0.000       0.000       0.000        0.000       0.000       0.000       0.000       0.000       0.000                            0.3234E-06  0.3234E-06   0.000    
  22377600.0   10.61856688   10.7397   0.000       0.000      0.1212E-02  0.3145E-06 -0.4275E-01  0.4154E-01   0.000       0.000       0.000       0.000        0.000       0.000       0.000       0.000       0.000       0.000                            0.3145E-06  0.3145E-06   0.000    
  22464000.0   10.63080502   10.7529   0.000       0.000      0.1221E-02 -0.7082E-06 -0.4306E-01  0.4184E-01   0.000       0.000       0.000       0.000        0.000       0.000       0.000       0.000       0.000       0.000                           -0.7082E-06 -0.7082E-06   0.000    
  22550400.0   10.62582972   10.7475   0.000       0.000      0.1217E-02  0.2879E-06 -0.4293E-01  0.4171E-01   0.000       0.000       0.000       0.000        0.000       0.000       0.000       0.000       0.000       0.000                            0.2879E-06  0.2879E-06   0.000    
  22636800.0   10.62367898   10.7451   0.000       0.000      0.1214E-02  0.1245E-06 -0.4286E-01  0.4164E-01   0.000       0.000       0.000       0.000        0.000       0.000       0.000       0.000       0.000       0.000                            0.1245E-06  0.1245E-06   0.000    
  22723200.0   10.66856672   10.7935   0.000       0.000      0.1250E-02 -0.2598E-05 -0.4410E-01  0.4286E-01   0.000       0.000       0.000       0.000        0.000       0.000       0.000       0.000       0.000       0.000                           -0.2598E-05 -0.2598E-05   0.000    
  22809600.0   10.66738112   10.7924   0.000       0.000      0.1250E-02  0.6861E-07 -0.4420E-01  0.4295E-01   0.000       0.000       0.000       0.000        0.000       0.000       0.000       0.000       0.000       0.000                            0.6861E-07  0.6861E-07   0.000    
  22896000.0   10.66415205   10.7889   0.000       0.000      0.1247E-02  0.1869E-06 -0.4418E-01  0.4293E-01   0.000       0.000       0.000       0.000        0.000       0.000       0.000       0.000       0.000       0.000                            0.1869E-06  0.1869E-06   0.000    
  22982400.0   10.65987186   10.7842   0.000       0.000      0.1244E-02  0.2477E-06 -0.4409E-01  0.4285E-01   0.000       0.000       0.000       0.000        0.000       0.000       0.000       0.000       0.000       0.000                            0.2477E-06  0.2477E-06   0.000    
  23068800.0   10.65512090   10.7790   0.000       0.000      0.1239E-02  0.2749E-06 -0.4395E-01  0.4272E-01   0.000       0.000       0.000       0.000        0.000       0.000       0.000       0.000       0.000       0.000                            0.2749E-06  0.2749E-06   0.000    
  23155200.0   10.64918227   10.7725   0.000       0.000      0.1233E-02  0.3437E-06 -0.4378E-01  0.4255E-01   0.000       0.000       0.000       0.000        0.000       0.000       0.000       0.000       0.000       0.000                            0.3437E-06  0.3437E-06   0.000    
  23241600.0   10.64282658   10.7656   0.000       0.000      0.1227E-02  0.3678E-06 -0.4358E-01  0.4235E-01   0.000       0.000       0.000       0.000        0.000       0.000       0.000       0.000       0.000       0.000                            0.3678E-06  0.3678E-06   0.000    
  23328000.0   10.63612681   10.7582   0.000       0.000      0.1221E-02  0.3877E-06 -0.4335E-01  0.4213E-01   0.000       0.000       0.000       0.000        0.000       0.000       0.000       0.000       0.000       0.000                            0.3877E-06  0.3877E-06   0.000    
  23414400.0   10.62935574   10.7508   0.000       0.000      0.1214E-02  0.3918E-06 -0.4312E-01  0.4190E-01   0.000       0.000       0.000       0.000        0.000       0.000       0.000       0.000       0.000       0.000                            0.3918E-06  0.3918E-06   0.000    
  23500800.0   10.62288428   10.7437   0.000       0.000      0.1208E-02  0.3745E-06 -0.4289E-01  0.4168E-01   0.000       0.000       0.000       0.000        0.000       0.000       0.000       0.000       0.000       0.000                            0.3745E-06  0.3745E-06   0.000    
  23587200.0   10.61661077   10.7368   0.000       0.000      0.1202E-02  0.3631E-06 -0.4266E-01  0.4146E-01   0.000       0.000       0.000       0.000        0.000       0.000       0.000       0.000       0.000       0.000                            0.3631E-06  0.3631E-06   0.000    
  23673600.0   10.61045213   10.7301   0.000       0.000      0.1196E-02  0.3564E-06 -0.4244E-01  0.4124E-01   0.000       0.000       0.000       0.000        0.000       0.000       0.000       0.000       0.000       0.000                            0.3564E-06  0.3564E-06   0.000    
  23760000.0   10.60425416   10.7233   0.000       0.000      0.1190E-02  0.3587E-06 -0.4221E-01  0.4102E-01   0.000       0.000       0.000       0.000        0.000       0.000       0.000       0.000       0.000       0.000                            0.3587E-06  0.3587E-06   0.000    
  23846400.0   10.59819088   10.7167   0.000       0.000      0.1185E-02  0.3509E-06 -0.4198E-01  0.4080E-01   0.000       0.000       0.000       0.000        0.000       0.000       0.000       0.000       0.000       0.000                            0.3509E-06  0.3509E-06   0.000    
  23932800.0   10.59236480   10.7103   0.000       0.000      0.1179E-02  0.3372E-06 -0.4176E-01  0.4058E-01   0.000       0.000       0.000       0.000        0.000       0.000       0.000       0.000       0.000       0.000                            0.3372E-06  0.3372E-06   0.000    
  24019200.0   10.58673269   10.7041   0.000       0.000      0.1174E-02  0.3259E-06 -0.4155E-01  0.4037E-01   0.000       0.000       0.000       0.000        0.000       0.000       0.000       0.000       0.000       0.000                            0.3259E-06  0.3259E-06   0.000    
  24105600.0   10.58127589   10.6981   0.000       0.000      0.1168E-02  0.3158E-06 -0.4134E-01  0.4017E-01   0.000       0.000       0.000       0.000        0.000       0.000       0.000       0.000       0.000       0.000                            0.3158E-06  0.3158E-06   0.000    
  24192000.0   10.57592969   10.6922   0.000       0.000      0.1163E-02  0.3094E-06 -0.4113E-01  0.3996E-01   0.000       0.000       0.000       0.000        0.000       0.000       0.000       0.000       0.000       0.000                            0.3094E-06  0.3094E-06   0.000    
  24278400.0   10.57066062   10.6864   0.000       0.000      0.1158E-02  0.3049E-06 -0.4092E-01  0.3976E-01   0.000       0.000       0.000       0.000        0.000       0.000       0.000       0.000       0.000       0.000                            0.3049E-06  0.3049E-06   0.000    
  24364800.0   10.56552171   10.6808   0.000       0.000      0.1153E-02  0.2974E-06 -0.4072E-01  0.3957E-01   0.000       0.000       0.000       0.000        0.000       0.000       0.000       0.000       0.000       0.000                            0.2974E-06  0.2974E-06   0.000    
  24451200.0   10.56052781   10.6753   0.000       0.000      0.1148E-02  0.2890E-06 -0.4052E-01  0.3938E-01   0.000       0.000       0.000       0.000        0.000       0.000       0.000       0.000       0.000       0.000                            0.2890E-06  0.2890E-06   0.000    
  24537600.0   10.55567170   10.6700   0.000       0.000      0.1143E-02  0.2810E-06 -0.4033E-01  0.3919E-01   0.000       0.000       0.000       0.000        0.000       0.000       0.000       0.000       0.000       0.000                            0.2810E-06  0.2810E-06   0.000    
  24624000.0   10.55094673   10.6647   0.000       0.000      0.1138E-02  0.2734E-06 -0.4014E-01  0.3900E-01   0.000       0.000       0.000       0.000        0.000       0.000       0.000       0.000       0.000       0.000                            0.2734E-06  0.2734E-06   0.000    
  24710400.0   10.54635667   10.6597   0.000       0.000      0.1133E-02  0.2656E-06 -0.3995E-01  0.3882E-01   0.000       0.000       0.000       0.000        0.000       0.000       0.000       0.000       0.000       0.000                            0.2656E-06  0.2656E-06   0.000    
  24796800.0   10.54183953   10.6547   0.000       0.000      0.1129E-02  0.2614E-06 -0.3977E-01  0.3864E-01   0.000       0.000       0.000       0.000        0.000       0.000       0.000       0.000       0.000       0.000                            0.2614E-06  0.2614E-06   0.000    
  24883200.0   10.53764414   10.6501   0.000       0.000      0.1124E-02  0.2428E-06 -0.3959E-01  0.3847E-01   0.000       0.000       0.000       0.000        0.000       0.000       0.000       0.000       0.000       0.000                            0.2428E-06  0.2428E-06   0.000    
  24969600.0   10.53797025   10.6504   0.000       0.000      0.1124E-02 -0.1887E-07 -0.3957E-01  0.3845E-01   0.000       0.000       0.000       0.000        0.000       0.000       0.000       0.000       0.000       0.000                           -0.1887E-07 -0.1887E-07   0.000    
  25056000.0   10.53334980   10.6453   0.000       0.000      0.1119E-02  0.2674E-06 -0.3940E-01  0.3828E-01   0.000       0.000       0.000       0.000        0.000       0.000       0.000       0.000       0.000       0.000                            0.2674E-06  0.2674E-06   0.000    
  25142400.0   10.52886473   10.6403   0.000       0.000      0.1115E-02  0.2596E-06 -0.3922E-01  0.3811E-01   0.000       0.000       0.000       0.000        0.000       0.000       0.000       0.000       0.000       0.000                            0.2596E-06  0.2596E-06   0.000    
  25228800.0   10.53340908   10.6452   0.000       0.000      0.1118E-02 -0.2630E-06 -0.3934E-01  0.3822E-01   0.000       0.000       0.000       0.000        0.000       0.000       0.000       0.000       0.000       0.000                           -0.2630E-06 -0.2630E-06   0.000    
  25315200.0   10.52922612   10.6406   0.000       0.000      0.1114E-02  0.2421E-06 -0.3919E-01  0.3808E-01   0.000       0.000       0.000       0.000        0.000       0.000       0.000       0.000       0.000       0.000                            0.2421E-06  0.2421E-06   0.000    
  25401600.0   10.52979452   10.6412   0.000       0.000      0.1114E-02 -0.3289E-07 -0.3920E-01  0.3808E-01   0.000       0.000       0.000       0.000        0.000       0.000       0.000       0.000       0.000       0.000                           -0.3289E-07 -0.3289E-07   0.000    
  25488000.0   10.52993316   10.6413   0.000       0.000      0.1114E-02 -0.8023E-08 -0.3919E-01  0.3808E-01   0.000       0.000       0.000       0.000        0.000       0.000       0.000       0.000       0.000       0.000                           -0.8023E-08 -0.8023E-08   0.000    
  25574400.0   10.53296292   10.6446   0.000       0.000      0.1116E-02 -0.1753E-06 -0.3928E-01  0.3817E-01   0.000       0.000       0.000       0.000        0.000       0.000       0.000       0.000       0.000       0.000                           -0.1753E-06 -0.1753E-06   0.000    
  25660800.0   10.52929900   10.6405   0.000       0.000      0.1112E-02  0.2120E-06 -0.3917E-01  0.3805E-01   0.000       0.000       0.000       0.000        0.000       0.000       0.000       0.000       0.000       0.000                            0.2120E-06  0.2120E-06   0.000    
  25747200.0   10.53605991   10.6479   0.000       0.000      0.1118E-02 -0.3913E-06 -0.3938E-01  0.3826E-01   0.000       0.000       0.000       0.000        0.000       0.000       0.000       0.000       0.000       0.000                           -0.3913E-06 -0.3913E-06   0.000    
  25833600.0   10.57366045   10.6888   0.000       0.000      0.1151E-02 -0.2176E-05 -0.4057E-01  0.3943E-01   0.000       0.000       0.000       0.000        0.000       0.000       0.000       0.000       0.000       0.000                           -0.2176E-05 -0.2176E-05   0.000    
  25920000.0   10.62423051   10.7437   0.000       0.000      0.1195E-02 -0.2927E-05 -0.4220E-01  0.4101E-01   0.000       0.000       0.000       0.000        0.000       0.000       0.000       0.000       0.000       0.000                           -0.2927E-05 -0.2927E-05   0.000    
  26006400.0   10.67541271   10.7991   0.000       0.000      0.1237E-02 -0.2962E-05 -0.4386E-01  0.4262E-01   0.000       0.000       0.000       0.000        0.000       0.000       0.000       0.000       0.000       0.000                           -0.2962E-05 -0.2962E-05   0.000    
  26092800.0   10.68955650   10.8146   0.000       0.000      0.1250E-02 -0.8185E-06 -0.4453E-01  0.4328E-01   0.000       0.000       0.000       0.000        0.000       0.000       0.000       0.000       0.000       0.000                           -0.8185E-06 -0.8185E-06   0.000    
  26179200.0   10.68512376   10.8099   0.000       0.000      0.1248E-02  0.2565E-06 -0.4463E-01  0.4338E-01   0.000       0.000       0.000       0.000        0.000       0.000       0.000       0.000       0.000       0.000                            0.2565E-06  0.2565E-06   0.000    
  26265600.0   10.67684445   10.8009   0.000       0.000      0.1241E-02  0.4791E-06 -0.4450E-01  0.4326E-01   0.000       0.000       0.000       0.000        0.000       0.000       0.000       0.000       0.000       0.000                            0.4791E-06  0.4791E-06   0.000    
  26352000.0   10.66746373   10.7907   0.000       0.000      0.1232E-02  0.5429E-06 -0.4428E-01  0.4305E-01   0.000       0.000       0.000       0.000        0.000       0.000       0.000       0.000       0.000       0.000                            0.5429E-06  0.5429E-06   0.000    
  26438400.0   10.65790849   10.7803   0.000       0.000      0.1223E-02  0.5530E-06 -0.4401E-01  0.4279E-01   0.000       0.000       0.000       0.000        0.000       0.000       0.000       0.000       0.000       0.000                            0.5530E-06  0.5530E-06   0.000    
  26524800.0   10.64840771   10.7699   0.000       0.000      0.1215E-02  0.5498E-06 -0.4372E-01  0.4251E-01   0.000       0.000       0.000       0.000        0.000       0.000       0.000       0.000       0.000       0.000                            0.5498E-06  0.5498E-06   0.000    
  26611200.0   10.63872532   10.7593   0.000       0.000      0.1206E-02  0.5603E-06 -0.4341E-01  0.4220E-01   0.000       0.000       0.000       0.000        0.000       0.000       0.000       0.000       0.000       0.000                            0.5603E-06  0.5603E-06   0.000    
  26697600.0   10.62956608   10.7493   0.000       0.000      0.1197E-02  0.5300E-06 -0.4310E-01  0.4190E-01   0.000       0.000       0.000       0.000        0.000       0.000       0.000       0.000       0.000       0.000                            0.5300E-06  0.5300E-06   0.000    
  26784000.0   10.62075841   10.7397   0.000       0.000      0.1189E-02  0.5097E-06 -0.4279E-01  0.4160E-01   0.000       0.000       0.000       0.000        0.000       0.000       0.000       0.000       0.000       0.000                            0.5097E-06  0.5097E-06   0.000    
  26870400.0   10.64836261   10.7694   0.000       0.000      0.1211E-02 -0.1597E-05 -0.4352E-01  0.4231E-01   0.000       0.000       0.000       0.000        0.000       0.000       0.000       0.000       0.000       0.000                           -0.1597E-05 -0.1597E-05   0.000    
  26956800.0   10.66611542   10.7886   0.000       0.000      0.1225E-02 -0.1027E-05 -0.4406E-01  0.4284E-01   0.000       0.000       0.000       0.000        0.000       0.000       0.000       0.000       0.000       0.000                           -0.1027E-05 -0.1027E-05   0.000    
  27043200.0   10.68305855   10.8070   0.000       0.000      0.1239E-02 -0.9805E-06 -0.4461E-01  0.4337E-01   0.000       0.000       0.000       0.000        0.000       0.000       0.000       0.000       0.000       0.000                           -0.9805E-06 -0.9805E-06   0.000    
  27129600.0   10.68873260   10.8132   0.000       0.000      0.1245E-02 -0.3284E-06 -0.4486E-01  0.4362E-01   0.000       0.000       0.000       0.000        0.000       0.000       0.000       0.000       0.000       0.000                           -0.3284E-06 -0.3284E-06   0.000    
  27216000.0   10.69852900   10.8238   0.000       0.000      0.1253E-02 -0.5669E-06 -0.4520E-01  0.4395E-01   0.000       0.000       0.000       0.000        0.000       0.000       0.000       0.000       0.000       0.000                           -0.5669E-06 -0.5669E-06   0.000    
  27302400.0   10.72249253   10.8496   0.000       0.000      0.1271E-02 -0.1387E-05 -0.4590E-01  0.4463E-01   0.000       0.000       0.000       0.000        0.000       0.000       0.000       0.000       0.000       0.000                           -0.1387E-05 -0.1387E-05   0.000    
  27388800.0   10.76945573   10.9000   0.000       0.000      0.1305E-02 -0.2718E-05 -0.4719E-01  0.4589E-01   0.000       0.000       0.000       0.000        0.000       0.000       0.000       0.000       0.000       0.000                           -0.2718E-05 -0.2718E-05   0.000    
  27475200.0   10.81082791   10.9444   0.000       0.000      0.1335E-02 -0.2394E-05 -0.4839E-01  0.4706E-01   0.000       0.000       0.000       0.000        0.000       0.000       0.000       0.000       0.000       0.000                           -0.2394E-05 -0.2394E-05   0.000    
  27561600.0   10.80890192   10.9426   0.000       0.000      0.1337E-02  0.1115E-06 -0.4860E-01  0.4726E-01   0.000       0.000       0.000       0.000        0.000       0.000       0.000       0.000       0.000       0.000                            0.1115E-06  0.1115E-06   0.000    
  27648000.0   10.80012647   10.9333   0.000       0.000      0.1331E-02  0.5078E-06 -0.4853E-01  0.4720E-01   0.000       0.000       0.000       0.000        0.000       0.000       0.000       0.000       0.000       0.000                            0.5078E-06  0.5078E-06   0.000    
  27734400.0   10.78772342   10.9200   0.000       0.000      0.1322E-02  0.7178E-06 -0.4828E-01  0.4695E-01   0.000       0.000       0.000       0.000        0.000       0.000       0.000       0.000       0.000       0.000                            0.7178E-06  0.7178E-06   0.000    
  27820800.0   10.77671893   10.9081   0.000       0.000      0.1314E-02  0.6368E-06 -0.4801E-01  0.4669E-01   0.000       0.000       0.000       0.000        0.000       0.000       0.000       0.000       0.000       0.000                            0.6368E-06  0.6368E-06   0.000    
  27907200.0   10.76813551   10.8988   0.000       0.000      0.1307E-02  0.4967E-06 -0.4777E-01  0.4646E-01   0.000       0.000       0.000       0.000        0.000       0.000       0.000       0.000       0.000       0.000                            0.4967E-06  0.4967E-06   0.000    
  27993600.0   10.78840159   10.9204   0.000       0.000      0.1320E-02 -0.1173E-05 -0.4822E-01  0.4690E-01   0.000       0.000       0.000       0.000        0.000       0.000       0.000       0.000       0.000       0.000                           -0.1173E-05 -0.1173E-05   0.000    
  28080000.0   10.81925993   10.9534   0.000       0.000      0.1341E-02 -0.1786E-05 -0.4899E-01  0.4765E-01   0.000       0.000       0.000       0.000        0.000       0.000       0.000       0.000       0.000       0.000                           -0.1786E-05 -0.1786E-05   0.000    
  28166400.0   10.83584471   10.9712   0.000       0.000      0.1354E-02 -0.9598E-06 -0.4950E-01  0.4814E-01   0.000       0.000       0.000       0.000        0.000       0.000       0.000       0.000       0.000       0.000                           -0.9598E-06 -0.9598E-06   0.000    
  28252800.0   10.82925259   10.9644   0.000       0.000      0.1351E-02  0.3815E-06 -0.4947E-01  0.4812E-01   0.000       0.000       0.000       0.000        0.000       0.000       0.000       0.000       0.000       0.000                            0.3815E-06  0.3815E-06   0.000    
  28339200.0   10.81773801   10.9521   0.000       0.000      0.1344E-02  0.6664E-06 -0.4926E-01  0.4791E-01   0.000       0.000       0.000       0.000        0.000       0.000       0.000       0.000       0.000       0.000                            0.6664E-06  0.6664E-06   0.000    
  28425600.0   10.80471837   10.9382   0.000       0.000      0.1335E-02  0.7535E-06 -0.4894E-01  0.4761E-01   0.000       0.000       0.000       0.000        0.000       0.000       0.000       0.000       0.000       0.000                            0.7535E-06  0.7535E-06   0.000    
  28512000.0   10.79135328   10.9238   0.000       0.000      0.1325E-02  0.7734E-06 -0.4858E-01  0.4725E-01   0.000       0.000       0.000       0.000        0.000       0.000       0.000       0.000       0.000       0.000                            0.7734E-06  0.7734E-06   0.000    
  28598400.0   10.77804244   10.9095   0.000       0.000      0.1315E-02  0.7703E-06 -0.4820E-01  0.4688E-01   0.000       0.000       0.000       0.000        0.000       0.000       0.000       0.000       0.000       0.000                            0.7703E-06  0.7703E-06   0.000    
  28684800.0   10.76503503   10.8956   0.000       0.000      0.1305E-02  0.7527E-06 -0.4781E-01  0.4650E-01   0.000       0.000       0.000       0.000        0.000       0.000       0.000       0.000       0.000       0.000                            0.7527E-06  0.7527E-06   0.000    
  28771200.0   10.75240503   10.8820   0.000       0.000      0.1296E-02  0.7309E-06 -0.4741E-01  0.4612E-01   0.000       0.000       0.000       0.000        0.000       0.000       0.000       0.000       0.000       0.000                            0.7309E-06  0.7309E-06   0.000    
  28857600.0   10.74021571   10.8689   0.000       0.000      0.1286E-02  0.7054E-06 -0.4702E-01  0.4574E-01   0.000       0.000       0.000       0.000        0.000       0.000       0.000       0.000       0.000       0.000                            0.7054E-06  0.7054E-06   0.000    
  28944000.0   10.72835368   10.8561   0.000       0.000      0.1277E-02  0.6865E-06 -0.4664E-01  0.4536E-01   0.000       0.000       0.000       0.000        0.000       0.000       0.000       0.000       0.000       0.000                            0.6865E-06  0.6865E-06   0.000    
  29030400.0   10.71678726   10.8436   0.000       0.000      0.1268E-02  0.6694E-06 -0.4625E-01  0.4498E-01   0.000       0.000       0.000       0.000        0.000       0.000       0.000       0.000       0.000       0.000                            0.6694E-06  0.6694E-06   0.000    
  29116800.0   10.70565887   10.8316   0.000       0.000      0.1259E-02  0.6440E-06 -0.4587E-01  0.4461E-01   0.000       0.000       0.000       0.000        0.000       0.000       0.000       0.000       0.000       0.000                            0.6440E-06  0.6440E-06   0.000    
  29203200.0   10.69474792   10.8198   0.000       0.000      0.1251E-02  0.6314E-06 -0.4550E-01  0.4424E-01   0.000       0.000       0.000       0.000        0.000       0.000       0.000       0.000       0.000       0.000                            0.6314E-06  0.6314E-06   0.000    
  29289600.0   10.68427006   10.8085   0.000       0.000      0.1243E-02  0.6064E-06 -0.4513E-01  0.4389E-01   0.000       0.000       0.000       0.000        0.000       0.000       0.000       0.000       0.000       0.000                            0.6064E-06  0.6064E-06   0.000    
  29376000.0   10.67427049   10.7977   0.000       0.000      0.1235E-02  0.5787E-06 -0.4478E-01  0.4355E-01   0.000       0.000       0.000       0.000        0.000       0.000       0.000       0.000       0.000       0.000                            0.5787E-06  0.5787E-06   0.000    
  29462400.0   10.66474289   10.7874   0.000       0.000      0.1227E-02  0.5514E-06 -0.4443E-01  0.4321E-01   0.000       0.000       0.000       0.000        0.000       0.000       0.000       0.000       0.000       0.000                            0.5514E-06  0.5514E-06   0.000    
  29548800.0   10.65555187   10.7775   0.000       0.000      0.1219E-02  0.5319E-06 -0.4410E-01  0.4288E-01   0.000       0.000       0.000       0.000        0.000       0.000       0.000       0.000       0.000       0.000                            0.5319E-06  0.5319E-06   0.000    
  29635200.0   10.64667184   10.7679   0.000       0.000      0.1212E-02  0.5139E-06 -0.4378E-01  0.4257E-01   0.000       0.000       0.000       0.000        0.000       0.000       0.000       0.000       0.000       0.000                            0.5139E-06  0.5139E-06   0.000    
  29721600.0   10.63810958   10.7586   0.000       0.000      0.1205E-02  0.4955E-06 -0.4346E-01  0.4226E-01   0.000       0.000       0.000       0.000        0.000       0.000       0.000       0.000       0.000       0.000                            0.4955E-06  0.4955E-06   0.000    
  29808000.0   10.62976484   10.7496   0.000       0.000      0.1198E-02  0.4829E-06 -0.4315E-01  0.4195E-01   0.000       0.000       0.000       0.000        0.000       0.000       0.000       0.000       0.000       0.000                            0.4829E-06  0.4829E-06   0.000    
  29894400.0   10.62167250   10.7408   0.000       0.000      0.1191E-02  0.4683E-06 -0.4285E-01  0.4166E-01   0.000       0.000       0.000       0.000        0.000       0.000       0.000       0.000       0.000       0.000                            0.4683E-06  0.4683E-06   0.000    
  29980800.0   10.61382085   10.7322   0.000       0.000      0.1184E-02  0.4544E-06 -0.4255E-01  0.4136E-01   0.000       0.000       0.000       0.000        0.000       0.000       0.000       0.000       0.000       0.000                            0.4544E-06  0.4544E-06   0.000    
  30067200.0   10.60627431   10.7240   0.000       0.000      0.1178E-02  0.4367E-06 -0.4226E-01  0.4108E-01   0.000       0.000       0.000       0.000        0.000       0.000       0.000       0.000       0.000       0.000                            0.4367E-06  0.4367E-06   0.000    
  30153600.0   10.59899460   10.7161   0.000       0.000      0.1171E-02  0.4213E-06 -0.4198E-01  0.4081E-01   0.000       0.000       0.000       0.000        0.000       0.000       0.000       0.000       0.000       0.000                            0.4213E-06  0.4213E-06   0.000    
  30240000.0   10.59197156   10.7085   0.000       0.000      0.1165E-02  0.4064E-06 -0.4170E-01  0.4054E-01   0.000       0.000       0.000       0.000        0.000       0.000       0.000       0.000       0.000       0.000                            0.4064E-06  0.4064E-06   0.000    
  30326400.0   10.58515398   10.7010   0.000       0.000      0.1159E-02  0.3945E-06 -0.4144E-01  0.4028E-01   0.000       0.000       0.000       0.000        0.000       0.000       0.000       0.000       0.000       0.000                            0.3945E-06  0.3945E-06   0.000    
  30412800.0   10.57854513   10.6938   0.000       0.000      0.1153E-02  0.3825E-06 -0.4117E-01  0.4002E-01   0.000       0.000       0.000       0.000        0.000       0.000       0.000       0.000       0.000       0.000                            0.3825E-06  0.3825E-06   0.000    
  30499200.0   10.57215219   10.6868   0.000       0.000      0.1147E-02  0.3700E-06 -0.4092E-01  0.3977E-01   0.000       0.000       0.000       0.000        0.000       0.000       0.000       0.000       0.000       0.000                            0.3700E-06  0.3700E-06   0.000    
  30585600.0   10.56595127   10.6800   0.000       0.000      0.1141E-02  0.3588E-06 -0.4067E-01  0.3953E-01   0.000       0.000       0.000       0.000        0.000       0.000       0.000       0.000       0.000       0.000                            0.3588E-06  0.3588E-06   0.000    
  30672000.0   10.55994273   10.6735   0.000       0.000      0.1135E-02  0.3477E-06 -0.4043E-01  0.3929E-01   0.000       0.000       0.000       0.000        0.000       0.000       0.000       0.000       0.000       0.000                            0.3477E-06  0.3477E-06   0.000    
  30758400.0   10.55411547   10.6671   0.000       0.000      0.1130E-02  0.3372E-06 -0.4019E-01  0.3906E-01   0.000       0.000       0.000       0.000        0.000       0.000       0.000       0.000       0.000       0.000                            0.3372E-06  0.3372E-06   0.000    
  30844800.0   10.54845884   10.6609   0.000       0.000      0.1124E-02  0.3274E-06 -0.3996E-01  0.3883E-01   0.000       0.000       0.000       0.000        0.000       0.000       0.000       0.000       0.000       0.000                            0.3274E-06  0.3274E-06   0.000    
  30931200.0   10.54295310   10.6548   0.000       0.000      0.1119E-02  0.3186E-06 -0.3973E-01  0.3861E-01   0.000       0.000       0.000       0.000        0.000       0.000       0.000       0.000       0.000       0.000                            0.3186E-06  0.3186E-06   0.000    
  31017600.0   10.53759249   10.6489   0.000       0.000      0.1113E-02  0.3102E-06 -0.3951E-01  0.3839E-01   0.000       0.000       0.000       0.000        0.000       0.000       0.000       0.000       0.000       0.000                            0.3102E-06  0.3102E-06   0.000    
  31104000.0   10.53238112   10.6432   0.000       0.000      0.1108E-02  0.3016E-06 -0.3929E-01  0.3818E-01   0.000       0.000       0.000       0.000        0.000       0.000       0.000       0.000       0.000       0.000                            0.3016E-06  0.3016E-06   0.000    
  31190400.0   10.52731120   10.6376   0.000       0.000      0.1103E-02  0.2934E-06 -0.3907E-01  0.3797E-01   0.000       0.000       0.000       0.000        0.000       0.000       0.000       0.000       0.000       0.000                            0.2934E-06  0.2934E-06   0.000    
  31276800.0   10.52317766   10.6331   0.000       0.000      0.1099E-02  0.2392E-06 -0.3889E-01  0.3779E-01   0.000       0.000       0.000       0.000        0.000       0.000       0.000       0.000       0.000       0.000                            0.2392E-06  0.2392E-06   0.000    
  31363200.0   10.51826993   10.6277   0.000       0.000      0.1094E-02  0.2840E-06 -0.3869E-01  0.3760E-01   0.000       0.000       0.000       0.000        0.000       0.000       0.000       0.000       0.000       0.000                            0.2840E-06  0.2840E-06   0.000    
  31449600.0   10.51350367   10.6224   0.000       0.000      0.1089E-02  0.2758E-06 -0.3849E-01  0.3740E-01   0.000       0.000       0.000       0.000        0.000       0.000       0.000       0.000       0.000       0.000                            0.2758E-06  0.2758E-06   0.000    
  31536000.0   10.50886422   10.6173   0.000       0.000      0.1084E-02  0.2685E-06 -0.3829E-01  0.3721E-01   0.000       0.000       0.000       0.000        0.000       0.000       0.000       0.000       0.000       0.000                            0.2685E-06  0.2685E-06   0.000    
  31622400.0   10.50393553   10.6119   0.000       0.000      0.1079E-02  0.2852E-06 -0.3809E-01  0.3701E-01   0.000       0.000       0.000       0.000        0.000       0.000       0.000       0.000       0.000       0.000                            0.2852E-06  0.2852E-06   0.000    
