   TOTIM (T)          HCON      HMAT     QDIR      QWELL        QMAT QCADS<->CON       QTUB1       QTUB2       QTUB3       QTUB4       QTUB5       QTUB6       NSTOR        QFIX        QLH     FHLQ (LQ)      CAUCHY CAUCHY (LQ) BREAK-DOWN CADS FLOW  QCADS<->CON    Q_CDSSTO    Q_CDSRCH
     86400.0   10.79911243   11.0246   0.000       0.000      0.2255E-02   0.000     -0.2423E-01  0.2198E-01   0.000       0.000       0.000       0.000        0.000       0.000       0.000       0.000       0.000       0.000                             0.000       0.000       0.000    
    172800.0   10.78150465   11.0057   0.000       0.000      0.2242E-02  0.1019E-05 -0.2408E-01  0.2184E-01   0.000       0.000       0.000       0.000        0.000       0.000       0.000       0.000       0.000       0.000                            0.1019E-05  0.1019E-05   0.000    
    259200.0   10.78185483   11.0059   0.000       0.000      0.2241E-02 -0.2026E-07 -0.2408E-01  0.2184E-01   0.000       0.000       0.000       0.000        0.000       0.000       0.000       0.000       0.000       0.000                           -0.2026E-07 -0.2026E-07   0.000    
    345600.0   10.78025149   11.0041   0.000       0.000      0.2239E-02  0.9279E-07 -0.2405E-01  0.2181E-01   0.000       0.000       0.000       0.000        0.000       0.000       0.000       0.000       0.000       0.000                            0.9279E-07  0.9279E-07   0.000    
    432000.0   10.79200694   11.0166   0.000       0.000      0.2246E-02 -0.6803E-06 -0.2414E-01  0.2190E-01   0.000       0.000       0.000       0.000        0.000       0.000       0.000       0.000       0.000       0.000                           -0.6803E-06 -0.6803E-06   0.000    
    518400.0   10.79899107   11.0242   0.000       0.000      0.2252E-02 -0.4042E-06 -0.2419E-01  0.2194E-01   0.000       0.000       0.000       0.000        0.000       0.000       0.000       0.000       0.000       0.000                           -0.4042E-06 -0.4042E-06   0.000    
    604800.0   10.80103898   11.0264   0.000       0.000      0.2254E-02 -0.1185E-06 -0.2422E-01  0.2196E-01   0.000       0.000       0.000       0.000        0.000       0.000       0.000       0.000       0.000       0.000                           -0.1185E-06 -0.1185E-06   0.000    
    691200.0   10.81906568   11.0458   0.000       0.000      0.2268E-02 -0.1043E-05 -0.2438E-01  0.2211E-01   0.000       0.000       0.000       0.000        0.000       0.000       0.000       0.000       0.000       0.000                           -0.1043E-05 -0.1043E-05   0.000    
    777600.0   10.86808471   11.0985   0.000       0.000      0.2304E-02 -0.2837E-05 -0.2479E-01  0.2249E-01   0.000       0.000       0.000       0.000        0.000       0.000       0.000       0.000       0.000       0.000                           -0.2837E-05 -0.2837E-05   0.000    
    864000.0   10.94030715   11.1761   0.000       0.000      0.2358E-02 -0.4180E-05 -0.2539E-01  0.2304E-01   0.000       0.000       0.000       0.000        0.000       0.000       0.000       0.000       0.000       0.000                           -0.4180E-05 -0.4180E-05   0.000    
    950400.0   10.97287625   11.2117   0.000       0.000      0.2388E-02 -0.1885E-05 -0.2571E-01  0.2332E-01   0.000       0.000       0.000       0.000        0.000       0.000       0.000       0.000       0.000       0.000                           -0.1885E-05 -0.1885E-05   0.000    
   1036800.0   11.05140213   11.2960   0.000       0.000      0.2446E-02 -0.4544E-05 -0.2639E-01  0.2395E-01   0.000       0.000       0.000       0.000        0.000       0.000       0.000       0.000       0.000       0.000                           -0.4544E-05 -0.4544E-05   0.000    
   1123200.0   11.19277488   11.4466   0.000       0.000      0.2539E-02 -0.8181E-05 -0.2746E-01  0.2493E-01   0.000       0.000       0.000       0.000        0.000       0.000       0.000       0.000       0.000       0.000                           -0.8181E-05 -0.8181E-05   0.000    
   1209600.0   11.17550612   11.4304   0.000       0.000      0.2549E-02  0.9993E-06 -0.2749E-01  0.2494E-01   0.000       0.000       0.000       0.000        0.000       0.000       0.000       0.000       0.000       0.000                            0.9993E-06  0.9993E-06   0.000    
   1296000.0   11.15464863   11.4097   0.000       0.000      0.2550E-02  0.1207E-05 -0.2756E-01  0.2501E-01   0.000       0.000       0.000       0.000        0.000       0.000       0.000       0.000       0.000       0.000                            0.1207E-05  0.1207E-05   0.000    
   1382400.0   11.13359909   11.3881   0.000       0.000      0.2545E-02  0.1218E-05 -0.2754E-01  0.2499E-01   0.000       0.000       0.000       0.000        0.000       0.000       0.000       0.000       0.000       0.000                            0.1218E-05  0.1218E-05   0.000    
   1468800.0   11.11271994   11.3665   0.000       0.000      0.2538E-02  0.1208E-05 -0.2747E-01  0.2493E-01   0.000       0.000       0.000       0.000        0.000       0.000       0.000       0.000       0.000       0.000                            0.1208E-05  0.1208E-05   0.000    
   1555200.0   11.09034615   11.3430   0.000       0.000      0.2527E-02  0.1295E-05 -0.2736E-01  0.2483E-01   0.000       0.000       0.000       0.000        0.000       0.000       0.000       0.000       0.000       0.000                            0.1295E-05  0.1295E-05   0.000    
   1641600.0   11.06787319   11.3193   0.000       0.000      0.2514E-02  0.1301E-05 -0.2723E-01  0.2472E-01   0.000       0.000       0.000       0.000        0.000       0.000       0.000       0.000       0.000       0.000                            0.1301E-05  0.1301E-05   0.000    
   1728000.0   11.04882671   11.2990   0.000       0.000      0.2502E-02  0.1102E-05 -0.2711E-01  0.2460E-01   0.000       0.000       0.000       0.000        0.000       0.000       0.000       0.000       0.000       0.000                            0.1102E-05  0.1102E-05   0.000    
   1814400.0   11.03205398   11.2812   0.000       0.000      0.2491E-02  0.9706E-06 -0.2699E-01  0.2450E-01   0.000       0.000       0.000       0.000        0.000       0.000       0.000       0.000       0.000       0.000                            0.9706E-06  0.9706E-06   0.000    
   1900800.0   11.01335398   11.2611   0.000       0.000      0.2478E-02  0.1082E-05 -0.2685E-01  0.2437E-01   0.000       0.000       0.000       0.000        0.000       0.000       0.000       0.000       0.000       0.000                            0.1082E-05  0.1082E-05   0.000    
   1987200.0   10.99614332   11.2427   0.000       0.000      0.2465E-02  0.9960E-06 -0.2671E-01  0.2425E-01   0.000       0.000       0.000       0.000        0.000       0.000       0.000       0.000       0.000       0.000                            0.9960E-06  0.9960E-06   0.000    
   2073600.0   10.98196244   11.2274   0.000       0.000      0.2454E-02  0.8207E-06 -0.2659E-01  0.2413E-01   0.000       0.000       0.000       0.000        0.000       0.000       0.000       0.000       0.000       0.000                            0.8207E-06  0.8207E-06   0.000    
   2160000.0   10.96553172   11.2097   0.000       0.000      0.2442E-02  0.9509E-06 -0.2645E-01  0.2400E-01   0.000       0.000       0.000       0.000        0.000       0.000       0.000       0.000       0.000       0.000                            0.9509E-06  0.9509E-06   0.000    
   2246400.0   10.94928867   11.1921   0.000       0.000      0.2429E-02  0.9400E-06 -0.2630E-01  0.2387E-01   0.000       0.000       0.000       0.000        0.000       0.000       0.000       0.000       0.000       0.000                            0.9400E-06  0.9400E-06   0.000    
   2332800.0   10.93348285   11.1750   0.000       0.000      0.2415E-02  0.9147E-06 -0.2615E-01  0.2373E-01   0.000       0.000       0.000       0.000        0.000       0.000       0.000       0.000       0.000       0.000                            0.9147E-06  0.9147E-06   0.000    
   2419200.0   10.91806754   11.1583   0.000       0.000      0.2402E-02  0.8921E-06 -0.2600E-01  0.2360E-01   0.000       0.000       0.000       0.000        0.000       0.000       0.000       0.000       0.000       0.000                            0.8921E-06  0.8921E-06   0.000    
   2505600.0   10.91111584   11.1505   0.000       0.000      0.2394E-02  0.4023E-06 -0.2591E-01  0.2352E-01   0.000       0.000       0.000       0.000        0.000       0.000       0.000       0.000       0.000       0.000                            0.4023E-06  0.4023E-06   0.000    
   2592000.0   10.90095168   11.1394   0.000       0.000      0.2385E-02  0.5882E-06 -0.2580E-01  0.2341E-01   0.000       0.000       0.000       0.000        0.000       0.000       0.000       0.000       0.000       0.000                            0.5882E-06  0.5882E-06   0.000    
   2678400.0   10.91996805   11.1595   0.000       0.000      0.2395E-02 -0.1100E-05 -0.2592E-01  0.2353E-01   0.000       0.000       0.000       0.000        0.000       0.000       0.000       0.000       0.000       0.000                           -0.1100E-05 -0.1100E-05   0.000    
   2764800.0   10.99567860   11.2400   0.000       0.000      0.2443E-02 -0.4381E-05 -0.2647E-01  0.2403E-01   0.000       0.000       0.000       0.000        0.000       0.000       0.000       0.000       0.000       0.000                           -0.4381E-05 -0.4381E-05   0.000    
   2851200.0   11.18183820   11.4376   0.000       0.000      0.2557E-02 -0.1077E-04 -0.2778E-01  0.2524E-01   0.000       0.000       0.000       0.000        0.000       0.000       0.000       0.000       0.000       0.000                           -0.1077E-04 -0.1077E-04   0.000    
   2937600.0   11.14822128   11.4040   0.000       0.000      0.2558E-02  0.1945E-05 -0.2763E-01  0.2507E-01   0.000       0.000       0.000       0.000        0.000       0.000       0.000       0.000       0.000       0.000                            0.1945E-05  0.1945E-05   0.000    
   3024000.0   11.15515854   11.4124   0.000       0.000      0.2572E-02 -0.4015E-06 -0.2789E-01  0.2532E-01   0.000       0.000       0.000       0.000        0.000       0.000       0.000       0.000       0.000       0.000                           -0.4015E-06 -0.4015E-06   0.000    
   3110400.0   11.15689348   11.4149   0.000       0.000      0.2580E-02 -0.1004E-06 -0.2798E-01  0.2540E-01   0.000       0.000       0.000       0.000        0.000       0.000       0.000       0.000       0.000       0.000                           -0.1004E-06 -0.1004E-06   0.000    
   3196800.0   11.14503789   11.4029   0.000       0.000      0.2579E-02  0.6861E-06 -0.2796E-01  0.2539E-01   0.000       0.000       0.000       0.000        0.000       0.000       0.000       0.000       0.000       0.000                            0.6861E-06  0.6861E-06   0.000    
   3283200.0   11.12694116   11.3841   0.000       0.000      0.2572E-02  0.1047E-05 -0.2790E-01  0.2532E-01   0.000       0.000       0.000       0.000        0.000       0.000       0.000       0.000       0.000       0.000                            0.1047E-05  0.1047E-05   0.000    
   3369600.0   11.12966920   11.3871   0.000       0.000      0.2575E-02 -0.1579E-06 -0.2795E-01  0.2538E-01   0.000       0.000       0.000       0.000        0.000       0.000       0.000       0.000       0.000       0.000                           -0.1579E-06 -0.1579E-06   0.000    
   3456000.0   11.14441748   11.4029   0.000       0.000      0.2584E-02 -0.8535E-06 -0.2806E-01  0.2548E-01   0.000       0.000       0.000       0.000        0.000       0.000       0.000       0.000       0.000       0.000                           -0.8535E-06 -0.8535E-06   0.000    
   3542400.0   11.16746149   11.4275   0.000       0.000      0.2601E-02 -0.1334E-05 -0.2825E-01  0.2565E-01   0.000       0.000       0.000       0.000        0.000       0.000       0.000       0.000       0.000       0.000                           -0.1334E-05 -0.1334E-05   0.000    
   3628800.0   11.17611143   11.4371   0.000       0.000      0.2610E-02 -0.5006E-06 -0.2834E-01  0.2573E-01   0.000       0.000       0.000       0.000        0.000       0.000       0.000       0.000       0.000       0.000                           -0.5006E-06 -0.5006E-06   0.000    
   3715200.0   11.16444439   11.4252   0.000       0.000      0.2607E-02  0.6752E-06 -0.2831E-01  0.2570E-01   0.000       0.000       0.000       0.000        0.000       0.000       0.000       0.000       0.000       0.000                            0.6752E-06  0.6752E-06   0.000    
   3801600.0   11.16820866   11.4294   0.000       0.000      0.2612E-02 -0.2178E-06 -0.2838E-01  0.2577E-01   0.000       0.000       0.000       0.000        0.000       0.000       0.000       0.000       0.000       0.000                           -0.2178E-06 -0.2178E-06   0.000    
   3888000.0   11.18115213   11.4433   0.000       0.000      0.2621E-02 -0.7490E-06 -0.2849E-01  0.2587E-01   0.000       0.000       0.000       0.000        0.000       0.000       0.000       0.000       0.000       0.000                           -0.7490E-06 -0.7490E-06   0.000    
   3974400.0   11.21020665   11.4742   0.000       0.000      0.2640E-02 -0.1681E-05 -0.2871E-01  0.2607E-01   0.000       0.000       0.000       0.000        0.000       0.000       0.000       0.000       0.000       0.000                           -0.1681E-05 -0.1681E-05   0.000    
   4060800.0   11.23368627   11.4994   0.000       0.000      0.2657E-02 -0.1359E-05 -0.2890E-01  0.2624E-01   0.000       0.000       0.000       0.000        0.000       0.000       0.000       0.000       0.000       0.000                           -0.1359E-05 -0.1359E-05   0.000    
   4147200.0   11.22199120   11.4876   0.000       0.000      0.2657E-02  0.6768E-06 -0.2888E-01  0.2622E-01   0.000       0.000       0.000       0.000        0.000       0.000       0.000       0.000       0.000       0.000                            0.6768E-06  0.6768E-06   0.000    
   4233600.0   11.20357492   11.4685   0.000       0.000      0.2650E-02  0.1066E-05 -0.2881E-01  0.2616E-01   0.000       0.000       0.000       0.000        0.000       0.000       0.000       0.000       0.000       0.000                            0.1066E-05  0.1066E-05   0.000    
   4320000.0   11.18817329   11.4524   0.000       0.000      0.2642E-02  0.8913E-06 -0.2874E-01  0.2610E-01   0.000       0.000       0.000       0.000        0.000       0.000       0.000       0.000       0.000       0.000                            0.8913E-06  0.8913E-06   0.000    
   4406400.0   11.17162953   11.4350   0.000       0.000      0.2633E-02  0.9574E-06 -0.2864E-01  0.2601E-01   0.000       0.000       0.000       0.000        0.000       0.000       0.000       0.000       0.000       0.000                            0.9574E-06  0.9574E-06   0.000    
   4492800.0   11.15838725   11.4209   0.000       0.000      0.2625E-02  0.7663E-06 -0.2855E-01  0.2593E-01   0.000       0.000       0.000       0.000        0.000       0.000       0.000       0.000       0.000       0.000                            0.7663E-06  0.7663E-06   0.000    
   4579200.0   11.14122694   11.4027   0.000       0.000      0.2615E-02  0.9931E-06 -0.2843E-01  0.2582E-01   0.000       0.000       0.000       0.000        0.000       0.000       0.000       0.000       0.000       0.000                            0.9931E-06  0.9931E-06   0.000    
   4665600.0   11.12309133   11.3834   0.000       0.000      0.2603E-02  0.1050E-05 -0.2830E-01  0.2570E-01   0.000       0.000       0.000       0.000        0.000       0.000       0.000       0.000       0.000       0.000                            0.1050E-05  0.1050E-05   0.000    
   4752000.0   11.14884399   11.4104   0.000       0.000      0.2615E-02 -0.1490E-05 -0.2846E-01  0.2585E-01   0.000       0.000       0.000       0.000        0.000       0.000       0.000       0.000       0.000       0.000                           -0.1490E-05 -0.1490E-05   0.000    
   4838400.0   11.18617737   11.4499   0.000       0.000      0.2637E-02 -0.2160E-05 -0.2869E-01  0.2606E-01   0.000       0.000       0.000       0.000        0.000       0.000       0.000       0.000       0.000       0.000                           -0.2160E-05 -0.2160E-05   0.000    
   4924800.0   11.22811160   11.4945   0.000       0.000      0.2663E-02 -0.2427E-05 -0.2898E-01  0.2632E-01   0.000       0.000       0.000       0.000        0.000       0.000       0.000       0.000       0.000       0.000                           -0.2427E-05 -0.2427E-05   0.000    
   5011200.0   11.25434065   11.5227   0.000       0.000      0.2684E-02 -0.1518E-05 -0.2920E-01  0.2651E-01   0.000       0.000       0.000       0.000        0.000       0.000       0.000       0.000       0.000       0.000                           -0.1518E-05 -0.1518E-05   0.000    
   5097600.0   11.24174671   11.5100   0.000       0.000      0.2683E-02  0.7288E-06 -0.2917E-01  0.2649E-01   0.000       0.000       0.000       0.000        0.000       0.000       0.000       0.000       0.000       0.000                            0.7288E-06  0.7288E-06   0.000    
   5184000.0   11.22308752   11.4908   0.000       0.000      0.2677E-02  0.1080E-05 -0.2912E-01  0.2644E-01   0.000       0.000       0.000       0.000        0.000       0.000       0.000       0.000       0.000       0.000                            0.1080E-05  0.1080E-05   0.000    
   5270400.0   11.20663223   11.4735   0.000       0.000      0.2669E-02  0.9523E-06 -0.2903E-01  0.2636E-01   0.000       0.000       0.000       0.000        0.000       0.000       0.000       0.000       0.000       0.000                            0.9523E-06  0.9523E-06   0.000    
   5356800.0   11.18774309   11.4536   0.000       0.000      0.2659E-02  0.1093E-05 -0.2892E-01  0.2626E-01   0.000       0.000       0.000       0.000        0.000       0.000       0.000       0.000       0.000       0.000                            0.1093E-05  0.1093E-05   0.000    
   5443200.0   11.19734544   11.4636   0.000       0.000      0.2663E-02 -0.5557E-06 -0.2898E-01  0.2632E-01   0.000       0.000       0.000       0.000        0.000       0.000       0.000       0.000       0.000       0.000                           -0.5557E-06 -0.5557E-06   0.000    
   5529600.0   11.20981323   11.4768   0.000       0.000      0.2670E-02 -0.7215E-06 -0.2905E-01  0.2638E-01   0.000       0.000       0.000       0.000        0.000       0.000       0.000       0.000       0.000       0.000                           -0.7215E-06 -0.7215E-06   0.000    
   5616000.0   11.22334327   11.4913   0.000       0.000      0.2679E-02 -0.7830E-06 -0.2915E-01  0.2647E-01   0.000       0.000       0.000       0.000        0.000       0.000       0.000       0.000       0.000       0.000                           -0.7830E-06 -0.7830E-06   0.000    
   5702400.0   11.23210308   11.5008   0.000       0.000      0.2687E-02 -0.5069E-06 -0.2923E-01  0.2654E-01   0.000       0.000       0.000       0.000        0.000       0.000       0.000       0.000       0.000       0.000                           -0.5069E-06 -0.5069E-06   0.000    
   5788800.0   11.22774966   11.4964   0.000       0.000      0.2687E-02  0.2519E-06 -0.2923E-01  0.2654E-01   0.000       0.000       0.000       0.000        0.000       0.000       0.000       0.000       0.000       0.000                            0.2519E-06  0.2519E-06   0.000    
   5875200.0   11.22867150   11.4976   0.000       0.000      0.2689E-02 -0.5335E-07 -0.2926E-01  0.2657E-01   0.000       0.000       0.000       0.000        0.000       0.000       0.000       0.000       0.000       0.000                           -0.5335E-07 -0.5335E-07   0.000    
   5961600.0   11.22446807   11.4933   0.000       0.000      0.2688E-02  0.2433E-06 -0.2925E-01  0.2656E-01   0.000       0.000       0.000       0.000        0.000       0.000       0.000       0.000       0.000       0.000                            0.2433E-06  0.2433E-06   0.000    
   6048000.0   11.21174519   11.4800   0.000       0.000      0.2682E-02  0.7363E-06 -0.2917E-01  0.2649E-01   0.000       0.000       0.000       0.000        0.000       0.000       0.000       0.000       0.000       0.000                            0.7363E-06  0.7363E-06   0.000    
   6134400.0   11.19510501   11.4625   0.000       0.000      0.2674E-02  0.9630E-06 -0.2908E-01  0.2640E-01   0.000       0.000       0.000       0.000        0.000       0.000       0.000       0.000       0.000       0.000                            0.9630E-06  0.9630E-06   0.000    
   6220800.0   11.17691880   11.4432   0.000       0.000      0.2662E-02  0.1052E-05 -0.2895E-01  0.2629E-01   0.000       0.000       0.000       0.000        0.000       0.000       0.000       0.000       0.000       0.000                            0.1052E-05  0.1052E-05   0.000    
   6307200.0   11.15806886   11.4231   0.000       0.000      0.2650E-02  0.1091E-05 -0.2881E-01  0.2616E-01   0.000       0.000       0.000       0.000        0.000       0.000       0.000       0.000       0.000       0.000                            0.1091E-05  0.1091E-05   0.000    
   6393600.0   11.13932318   11.4031   0.000       0.000      0.2637E-02  0.1085E-05 -0.2866E-01  0.2603E-01   0.000       0.000       0.000       0.000        0.000       0.000       0.000       0.000       0.000       0.000                            0.1085E-05  0.1085E-05   0.000    
   6480000.0   11.12072624   11.3832   0.000       0.000      0.2624E-02  0.1076E-05 -0.2851E-01  0.2589E-01   0.000       0.000       0.000       0.000        0.000       0.000       0.000       0.000       0.000       0.000                            0.1076E-05  0.1076E-05   0.000    
   6566400.0   11.10248303   11.3635   0.000       0.000      0.2610E-02  0.1056E-05 -0.2835E-01  0.2574E-01   0.000       0.000       0.000       0.000        0.000       0.000       0.000       0.000       0.000       0.000                            0.1056E-05  0.1056E-05   0.000    
   6652800.0   11.08444713   11.3441   0.000       0.000      0.2597E-02  0.1044E-05 -0.2819E-01  0.2560E-01   0.000       0.000       0.000       0.000        0.000       0.000       0.000       0.000       0.000       0.000                            0.1044E-05  0.1044E-05   0.000    
   6739200.0   11.06705668   11.3253   0.000       0.000      0.2583E-02  0.1006E-05 -0.2803E-01  0.2544E-01   0.000       0.000       0.000       0.000        0.000       0.000       0.000       0.000       0.000       0.000                            0.1006E-05  0.1006E-05   0.000    
   6825600.0   11.04970239   11.3066   0.000       0.000      0.2569E-02  0.1004E-05 -0.2787E-01  0.2530E-01   0.000       0.000       0.000       0.000        0.000       0.000       0.000       0.000       0.000       0.000                            0.1004E-05  0.1004E-05   0.000    
   6912000.0   11.03263310   11.2881   0.000       0.000      0.2554E-02  0.9878E-06 -0.2770E-01  0.2514E-01   0.000       0.000       0.000       0.000        0.000       0.000       0.000       0.000       0.000       0.000                            0.9878E-06  0.9878E-06   0.000    
   6998400.0   11.01586782   11.2699   0.000       0.000      0.2540E-02  0.9702E-06 -0.2753E-01  0.2499E-01   0.000       0.000       0.000       0.000        0.000       0.000       0.000       0.000       0.000       0.000                            0.9702E-06  0.9702E-06   0.000    
   7084800.0   10.99976516   11.2524   0.000       0.000      0.2526E-02  0.9319E-06 -0.2736E-01  0.2484E-01   0.000       0.000       0.000       0.000        0.000       0.000       0.000       0.000       0.000       0.000                            0.9319E-06  0.9319E-06   0.000    
   7171200.0   10.98423039   11.2355   0.000       0.000      0.2513E-02  0.8990E-06 -0.2720E-01  0.2469E-01   0.000       0.000       0.000       0.000        0.000       0.000       0.000       0.000       0.000       0.000                            0.8990E-06  0.8990E-06   0.000    
   7257600.0   10.96909344   11.2190   0.000       0.000      0.2499E-02  0.8760E-06 -0.2704E-01  0.2454E-01   0.000       0.000       0.000       0.000        0.000       0.000       0.000       0.000       0.000       0.000                            0.8760E-06  0.8760E-06   0.000    
   7344000.0   10.95456089   11.2031   0.000       0.000      0.2485E-02  0.8410E-06 -0.2688E-01  0.2439E-01   0.000       0.000       0.000       0.000        0.000       0.000       0.000       0.000       0.000       0.000                            0.8410E-06  0.8410E-06   0.000    
   7430400.0   10.94147135   11.1888   0.000       0.000      0.2473E-02  0.7575E-06 -0.2673E-01  0.2425E-01   0.000       0.000       0.000       0.000        0.000       0.000       0.000       0.000       0.000       0.000                            0.7575E-06  0.7575E-06   0.000    
   7516800.0   10.92864599   11.1747   0.000       0.000      0.2460E-02  0.7422E-06 -0.2657E-01  0.2411E-01   0.000       0.000       0.000       0.000        0.000       0.000       0.000       0.000       0.000       0.000                            0.7422E-06  0.7422E-06   0.000    
   7603200.0   10.91545119   11.1602   0.000       0.000      0.2448E-02  0.7636E-06 -0.2642E-01  0.2397E-01   0.000       0.000       0.000       0.000        0.000       0.000       0.000       0.000       0.000       0.000                            0.7636E-06  0.7636E-06   0.000    
   7689600.0   10.90273678   11.1462   0.000       0.000      0.2435E-02  0.7358E-06 -0.2627E-01  0.2383E-01   0.000       0.000       0.000       0.000        0.000       0.000       0.000       0.000       0.000       0.000                            0.7358E-06  0.7358E-06   0.000    
   7776000.0   10.89090728   11.1332   0.000       0.000      0.2423E-02  0.6846E-06 -0.2613E-01  0.2370E-01   0.000       0.000       0.000       0.000        0.000       0.000       0.000       0.000       0.000       0.000                            0.6846E-06  0.6846E-06   0.000    
   7862400.0   10.87902544   11.1201   0.000       0.000      0.2411E-02  0.6876E-06 -0.2598E-01  0.2357E-01   0.000       0.000       0.000       0.000        0.000       0.000       0.000       0.000       0.000       0.000                            0.6876E-06  0.6876E-06   0.000    
   7948800.0   10.86745850   11.1074   0.000       0.000      0.2399E-02  0.6694E-06 -0.2584E-01  0.2344E-01   0.000       0.000       0.000       0.000        0.000       0.000       0.000       0.000       0.000       0.000                            0.6694E-06  0.6694E-06   0.000    
   8035200.0   10.85633114   11.0951   0.000       0.000      0.2387E-02  0.6439E-06 -0.2570E-01  0.2331E-01   0.000       0.000       0.000       0.000        0.000       0.000       0.000       0.000       0.000       0.000                            0.6439E-06  0.6439E-06   0.000    
   8121600.0   10.84546284   11.0831   0.000       0.000      0.2376E-02  0.6290E-06 -0.2556E-01  0.2318E-01   0.000       0.000       0.000       0.000        0.000       0.000       0.000       0.000       0.000       0.000                            0.6290E-06  0.6290E-06   0.000    
   8208000.0   10.83500014   11.0714   0.000       0.000      0.2364E-02  0.6055E-06 -0.2542E-01  0.2306E-01   0.000       0.000       0.000       0.000        0.000       0.000       0.000       0.000       0.000       0.000                            0.6055E-06  0.6055E-06   0.000    
   8294400.0   10.82475119   11.0601   0.000       0.000      0.2354E-02  0.5931E-06 -0.2529E-01  0.2294E-01   0.000       0.000       0.000       0.000        0.000       0.000       0.000       0.000       0.000       0.000                            0.5931E-06  0.5931E-06   0.000    
   8380800.0   10.87064375   11.1088   0.000       0.000      0.2382E-02 -0.2656E-05 -0.2562E-01  0.2325E-01   0.000       0.000       0.000       0.000        0.000       0.000       0.000       0.000       0.000       0.000                           -0.2656E-05 -0.2656E-05   0.000    
   8467200.0   10.87516173   11.1138   0.000       0.000      0.2386E-02 -0.2615E-06 -0.2562E-01  0.2324E-01   0.000       0.000       0.000       0.000        0.000       0.000       0.000       0.000       0.000       0.000                           -0.2615E-06 -0.2615E-06   0.000    
   8553600.0   10.87596556   11.1147   0.000       0.000      0.2387E-02 -0.4652E-07 -0.2564E-01  0.2325E-01   0.000       0.000       0.000       0.000        0.000       0.000       0.000       0.000       0.000       0.000                           -0.4652E-07 -0.4652E-07   0.000    
   8640000.0   10.87186250   11.1103   0.000       0.000      0.2385E-02  0.2374E-06 -0.2560E-01  0.2322E-01   0.000       0.000       0.000       0.000        0.000       0.000       0.000       0.000       0.000       0.000                            0.2374E-06  0.2374E-06   0.000    
   8726400.0   10.86528057   11.1032   0.000       0.000      0.2380E-02  0.3809E-06 -0.2554E-01  0.2316E-01   0.000       0.000       0.000       0.000        0.000       0.000       0.000       0.000       0.000       0.000                            0.3809E-06  0.3809E-06   0.000    
   8812800.0   10.85748347   11.0948   0.000       0.000      0.2373E-02  0.4512E-06 -0.2547E-01  0.2309E-01   0.000       0.000       0.000       0.000        0.000       0.000       0.000       0.000       0.000       0.000                            0.4512E-06  0.4512E-06   0.000    
   8899200.0   10.84760283   11.0840   0.000       0.000      0.2364E-02  0.5718E-06 -0.2536E-01  0.2300E-01   0.000       0.000       0.000       0.000        0.000       0.000       0.000       0.000       0.000       0.000                            0.5718E-06  0.5718E-06   0.000    
   8985600.0   10.84429598   11.0803   0.000       0.000      0.2360E-02  0.1914E-06 -0.2532E-01  0.2296E-01   0.000       0.000       0.000       0.000        0.000       0.000       0.000       0.000       0.000       0.000                            0.1914E-06  0.1914E-06   0.000    
   9072000.0   10.85203631   11.0884   0.000       0.000      0.2363E-02 -0.4479E-06 -0.2535E-01  0.2299E-01   0.000       0.000       0.000       0.000        0.000       0.000       0.000       0.000       0.000       0.000                           -0.4479E-06 -0.4479E-06   0.000    
   9158400.0   10.84812181   11.0841   0.000       0.000      0.2360E-02  0.2265E-06 -0.2530E-01  0.2294E-01   0.000       0.000       0.000       0.000        0.000       0.000       0.000       0.000       0.000       0.000                            0.2265E-06  0.2265E-06   0.000    
   9244800.0   10.87597952   11.1138   0.000       0.000      0.2378E-02 -0.1612E-05 -0.2552E-01  0.2314E-01   0.000       0.000       0.000       0.000        0.000       0.000       0.000       0.000       0.000       0.000                           -0.1612E-05 -0.1612E-05   0.000    
   9331200.0   10.94662352   11.1893   0.000       0.000      0.2426E-02 -0.4088E-05 -0.2607E-01  0.2364E-01   0.000       0.000       0.000       0.000        0.000       0.000       0.000       0.000       0.000       0.000                           -0.4088E-05 -0.4088E-05   0.000    
   9417600.0   11.11880811   11.3726   0.000       0.000      0.2538E-02 -0.9964E-05 -0.2734E-01  0.2482E-01   0.000       0.000       0.000       0.000        0.000       0.000       0.000       0.000       0.000       0.000                           -0.9964E-05 -0.9964E-05   0.000    
   9504000.0   11.24575216   11.5084   0.000       0.000      0.2626E-02 -0.7346E-05 -0.2827E-01  0.2565E-01   0.000       0.000       0.000       0.000        0.000       0.000       0.000       0.000       0.000       0.000                           -0.7346E-05 -0.7346E-05   0.000    
   9590400.0   11.22326509   11.4869   0.000       0.000      0.2636E-02  0.1301E-05 -0.2832E-01  0.2569E-01   0.000       0.000       0.000       0.000        0.000       0.000       0.000       0.000       0.000       0.000                            0.1301E-05  0.1301E-05   0.000    
   9676800.0   11.19511900   11.4585   0.000       0.000      0.2634E-02  0.1629E-05 -0.2837E-01  0.2573E-01   0.000       0.000       0.000       0.000        0.000       0.000       0.000       0.000       0.000       0.000                            0.1629E-05  0.1629E-05   0.000    
   9763200.0   11.16490959   11.4273   0.000       0.000      0.2624E-02  0.1748E-05 -0.2828E-01  0.2566E-01   0.000       0.000       0.000       0.000        0.000       0.000       0.000       0.000       0.000       0.000                            0.1748E-05  0.1748E-05   0.000    
   9849600.0   11.13603705   11.3971   0.000       0.000      0.2610E-02  0.1671E-05 -0.2815E-01  0.2554E-01   0.000       0.000       0.000       0.000        0.000       0.000       0.000       0.000       0.000       0.000                            0.1671E-05  0.1671E-05   0.000    
   9936000.0   11.15460892   11.4167   0.000       0.000      0.2621E-02 -0.1075E-05 -0.2830E-01  0.2568E-01   0.000       0.000       0.000       0.000        0.000       0.000       0.000       0.000       0.000       0.000                           -0.1075E-05 -0.1075E-05   0.000    
  10022400.0   11.17000993   11.4332   0.000       0.000      0.2632E-02 -0.8913E-06 -0.2842E-01  0.2579E-01   0.000       0.000       0.000       0.000        0.000       0.000       0.000       0.000       0.000       0.000                           -0.8913E-06 -0.8913E-06   0.000    
  10108800.0   11.17471471   11.4386   0.000       0.000      0.2639E-02 -0.2723E-06 -0.2850E-01  0.2586E-01   0.000       0.000       0.000       0.000        0.000       0.000       0.000       0.000       0.000       0.000                           -0.2723E-06 -0.2723E-06   0.000    
  10195200.0   11.18733363   11.4522   0.000       0.000      0.2649E-02 -0.7303E-06 -0.2863E-01  0.2598E-01   0.000       0.000       0.000       0.000        0.000       0.000       0.000       0.000       0.000       0.000                           -0.7303E-06 -0.7303E-06   0.000    
  10281600.0   11.19410387   11.4597   0.000       0.000      0.2656E-02 -0.3918E-06 -0.2871E-01  0.2606E-01   0.000       0.000       0.000       0.000        0.000       0.000       0.000       0.000       0.000       0.000                           -0.3918E-06 -0.3918E-06   0.000    
  10368000.0   11.18176581   11.4471   0.000       0.000      0.2653E-02  0.7140E-06 -0.2868E-01  0.2603E-01   0.000       0.000       0.000       0.000        0.000       0.000       0.000       0.000       0.000       0.000                            0.7140E-06  0.7140E-06   0.000    
  10454400.0   11.16269078   11.4271   0.000       0.000      0.2644E-02  0.1104E-05 -0.2859E-01  0.2595E-01   0.000       0.000       0.000       0.000        0.000       0.000       0.000       0.000       0.000       0.000                            0.1104E-05  0.1104E-05   0.000    
  10540800.0   11.16168655   11.4261   0.000       0.000      0.2644E-02  0.5811E-07 -0.2861E-01  0.2596E-01   0.000       0.000       0.000       0.000        0.000       0.000       0.000       0.000       0.000       0.000                            0.5811E-07  0.5811E-07   0.000    
  10627200.0   11.17001103   11.4349   0.000       0.000      0.2649E-02 -0.4817E-06 -0.2867E-01  0.2602E-01   0.000       0.000       0.000       0.000        0.000       0.000       0.000       0.000       0.000       0.000                           -0.4817E-06 -0.4817E-06   0.000    
  10713600.0   11.17063484   11.4357   0.000       0.000      0.2651E-02 -0.3610E-07 -0.2869E-01  0.2604E-01   0.000       0.000       0.000       0.000        0.000       0.000       0.000       0.000       0.000       0.000                           -0.3610E-07 -0.3610E-07   0.000    
  10800000.0   11.16136697   11.4261   0.000       0.000      0.2647E-02  0.5363E-06 -0.2865E-01  0.2600E-01   0.000       0.000       0.000       0.000        0.000       0.000       0.000       0.000       0.000       0.000                            0.5363E-06  0.5363E-06   0.000    
  10886400.0   11.14582330   11.4098   0.000       0.000      0.2639E-02  0.8995E-06 -0.2856E-01  0.2592E-01   0.000       0.000       0.000       0.000        0.000       0.000       0.000       0.000       0.000       0.000                            0.8995E-06  0.8995E-06   0.000    
  10972800.0   11.12716626   11.3900   0.000       0.000      0.2628E-02  0.1080E-05 -0.2844E-01  0.2581E-01   0.000       0.000       0.000       0.000        0.000       0.000       0.000       0.000       0.000       0.000                            0.1080E-05  0.1080E-05   0.000    
  11059200.0   11.10533352   11.3667   0.000       0.000      0.2614E-02  0.1263E-05 -0.2828E-01  0.2567E-01   0.000       0.000       0.000       0.000        0.000       0.000       0.000       0.000       0.000       0.000                            0.1263E-05  0.1263E-05   0.000    
  11145600.0   11.08336234   11.3432   0.000       0.000      0.2599E-02  0.1271E-05 -0.2812E-01  0.2552E-01   0.000       0.000       0.000       0.000        0.000       0.000       0.000       0.000       0.000       0.000                            0.1271E-05  0.1271E-05   0.000    
  11232000.0   11.06237714   11.3207   0.000       0.000      0.2583E-02  0.1214E-05 -0.2794E-01  0.2536E-01   0.000       0.000       0.000       0.000        0.000       0.000       0.000       0.000       0.000       0.000                            0.1214E-05  0.1214E-05   0.000    
  11318400.0   11.04221084   11.2990   0.000       0.000      0.2567E-02  0.1167E-05 -0.2776E-01  0.2520E-01   0.000       0.000       0.000       0.000        0.000       0.000       0.000       0.000       0.000       0.000                            0.1167E-05  0.1167E-05   0.000    
  11404800.0   11.04637190   11.3030   0.000       0.000      0.2566E-02 -0.2408E-06 -0.2776E-01  0.2519E-01   0.000       0.000       0.000       0.000        0.000       0.000       0.000       0.000       0.000       0.000                           -0.2408E-06 -0.2408E-06   0.000    
  11491200.0   11.02859355   11.2839   0.000       0.000      0.2553E-02  0.1029E-05 -0.2759E-01  0.2503E-01   0.000       0.000       0.000       0.000        0.000       0.000       0.000       0.000       0.000       0.000                            0.1029E-05  0.1029E-05   0.000    
  11577600.0   11.05461509   11.3112   0.000       0.000      0.2566E-02 -0.1506E-05 -0.2776E-01  0.2519E-01   0.000       0.000       0.000       0.000        0.000       0.000       0.000       0.000       0.000       0.000                           -0.1506E-05 -0.1506E-05   0.000    
  11664000.0   11.12721324   11.3881   0.000       0.000      0.2609E-02 -0.4201E-05 -0.2824E-01  0.2564E-01   0.000       0.000       0.000       0.000        0.000       0.000       0.000       0.000       0.000       0.000                           -0.4201E-05 -0.4201E-05   0.000    
  11750400.0   11.30123590   11.5721   0.000       0.000      0.2709E-02 -0.1007E-04 -0.2939E-01  0.2669E-01   0.000       0.000       0.000       0.000        0.000       0.000       0.000       0.000       0.000       0.000                           -0.1007E-04 -0.1007E-04   0.000    
  11836800.0   11.26858645   11.5396   0.000       0.000      0.2710E-02  0.1889E-05 -0.2925E-01  0.2654E-01   0.000       0.000       0.000       0.000        0.000       0.000       0.000       0.000       0.000       0.000                            0.1889E-05  0.1889E-05   0.000    
  11923200.0   11.23875162   11.5091   0.000       0.000      0.2703E-02  0.1727E-05 -0.2925E-01  0.2655E-01   0.000       0.000       0.000       0.000        0.000       0.000       0.000       0.000       0.000       0.000                            0.1727E-05  0.1727E-05   0.000    
  12009600.0   11.21092180   11.4801   0.000       0.000      0.2691E-02  0.1611E-05 -0.2914E-01  0.2645E-01   0.000       0.000       0.000       0.000        0.000       0.000       0.000       0.000       0.000       0.000                            0.1611E-05  0.1611E-05   0.000    
  12096000.0   11.20384822   11.4727   0.000       0.000      0.2688E-02  0.4094E-06 -0.2913E-01  0.2644E-01   0.000       0.000       0.000       0.000        0.000       0.000       0.000       0.000       0.000       0.000                            0.4094E-06  0.4094E-06   0.000    
  12182400.0   11.19451771   11.4629   0.000       0.000      0.2684E-02  0.5400E-06 -0.2907E-01  0.2639E-01   0.000       0.000       0.000       0.000        0.000       0.000       0.000       0.000       0.000       0.000                            0.5400E-06  0.5400E-06   0.000    
  12268800.0   11.17920662   11.4468   0.000       0.000      0.2675E-02  0.8861E-06 -0.2898E-01  0.2630E-01   0.000       0.000       0.000       0.000        0.000       0.000       0.000       0.000       0.000       0.000                            0.8861E-06  0.8861E-06   0.000    
  12355200.0   11.16017719   11.4266   0.000       0.000      0.2664E-02  0.1101E-05 -0.2886E-01  0.2619E-01   0.000       0.000       0.000       0.000        0.000       0.000       0.000       0.000       0.000       0.000                            0.1101E-05  0.1101E-05   0.000    
  12441600.0   11.14655110   11.4121   0.000       0.000      0.2655E-02  0.7885E-06 -0.2876E-01  0.2610E-01   0.000       0.000       0.000       0.000        0.000       0.000       0.000       0.000       0.000       0.000                            0.7885E-06  0.7885E-06   0.000    
  12528000.0   11.19205278   11.4599   0.000       0.000      0.2679E-02 -0.2633E-05 -0.2905E-01  0.2638E-01   0.000       0.000       0.000       0.000        0.000       0.000       0.000       0.000       0.000       0.000                           -0.2633E-05 -0.2633E-05   0.000    
  12614400.0   11.24456194   11.5156   0.000       0.000      0.2710E-02 -0.3039E-05 -0.2938E-01  0.2667E-01   0.000       0.000       0.000       0.000        0.000       0.000       0.000       0.000       0.000       0.000                           -0.3039E-05 -0.3039E-05   0.000    
  12700800.0   11.23628954   11.5075   0.000       0.000      0.2712E-02  0.4787E-06 -0.2936E-01  0.2665E-01   0.000       0.000       0.000       0.000        0.000       0.000       0.000       0.000       0.000       0.000                            0.4787E-06  0.4787E-06   0.000    
  12787200.0   11.22064449   11.4913   0.000       0.000      0.2707E-02  0.9054E-06 -0.2933E-01  0.2662E-01   0.000       0.000       0.000       0.000        0.000       0.000       0.000       0.000       0.000       0.000                            0.9054E-06  0.9054E-06   0.000    
  12873600.0   11.19965613   11.4694   0.000       0.000      0.2697E-02  0.1215E-05 -0.2922E-01  0.2653E-01   0.000       0.000       0.000       0.000        0.000       0.000       0.000       0.000       0.000       0.000                            0.1215E-05  0.1215E-05   0.000    
  12960000.0   11.20430958   11.4742   0.000       0.000      0.2699E-02 -0.2693E-06 -0.2926E-01  0.2657E-01   0.000       0.000       0.000       0.000        0.000       0.000       0.000       0.000       0.000       0.000                           -0.2693E-06 -0.2693E-06   0.000    
  13046400.0   11.19489494   11.4643   0.000       0.000      0.2694E-02  0.5448E-06 -0.2920E-01  0.2650E-01   0.000       0.000       0.000       0.000        0.000       0.000       0.000       0.000       0.000       0.000                            0.5448E-06  0.5448E-06   0.000    
  13132800.0   11.18096586   11.4496   0.000       0.000      0.2686E-02  0.8061E-06 -0.2911E-01  0.2642E-01   0.000       0.000       0.000       0.000        0.000       0.000       0.000       0.000       0.000       0.000                            0.8061E-06  0.8061E-06   0.000    
  13219200.0   11.17112153   11.4391   0.000       0.000      0.2680E-02  0.5697E-06 -0.2904E-01  0.2636E-01   0.000       0.000       0.000       0.000        0.000       0.000       0.000       0.000       0.000       0.000                            0.5697E-06  0.5697E-06   0.000    
  13305600.0   11.15676115   11.4239   0.000       0.000      0.2671E-02  0.8310E-06 -0.2894E-01  0.2627E-01   0.000       0.000       0.000       0.000        0.000       0.000       0.000       0.000       0.000       0.000                            0.8310E-06  0.8310E-06   0.000    
  13392000.0   11.17809213   11.4462   0.000       0.000      0.2681E-02 -0.1234E-05 -0.2907E-01  0.2639E-01   0.000       0.000       0.000       0.000        0.000       0.000       0.000       0.000       0.000       0.000                           -0.1234E-05 -0.1234E-05   0.000    
  13478400.0   11.19413375   11.4633   0.000       0.000      0.2691E-02 -0.9283E-06 -0.2916E-01  0.2647E-01   0.000       0.000       0.000       0.000        0.000       0.000       0.000       0.000       0.000       0.000                           -0.9283E-06 -0.9283E-06   0.000    
  13564800.0   11.18964485   11.4587   0.000       0.000      0.2691E-02  0.2598E-06 -0.2914E-01  0.2645E-01   0.000       0.000       0.000       0.000        0.000       0.000       0.000       0.000       0.000       0.000                            0.2598E-06  0.2598E-06   0.000    
  13651200.0   11.18008052   11.4487   0.000       0.000      0.2686E-02  0.5535E-06 -0.2910E-01  0.2641E-01   0.000       0.000       0.000       0.000        0.000       0.000       0.000       0.000       0.000       0.000                            0.5535E-06  0.5535E-06   0.000    
  13737600.0   11.16637653   11.4343   0.000       0.000      0.2679E-02  0.7931E-06 -0.2902E-01  0.2634E-01   0.000       0.000       0.000       0.000        0.000       0.000       0.000       0.000       0.000       0.000                            0.7931E-06  0.7931E-06   0.000    
  13824000.0   11.21097396   11.4812   0.000       0.000      0.2703E-02 -0.2581E-05 -0.2931E-01  0.2661E-01   0.000       0.000       0.000       0.000        0.000       0.000       0.000       0.000       0.000       0.000                           -0.2581E-05 -0.2581E-05   0.000    
  13910400.0   11.27512274   11.5491   0.000       0.000      0.2740E-02 -0.3712E-05 -0.2972E-01  0.2698E-01   0.000       0.000       0.000       0.000        0.000       0.000       0.000       0.000       0.000       0.000                           -0.3712E-05 -0.3712E-05   0.000    
  13996800.0   11.27377425   11.5484   0.000       0.000      0.2747E-02  0.7804E-07 -0.2975E-01  0.2700E-01   0.000       0.000       0.000       0.000        0.000       0.000       0.000       0.000       0.000       0.000                            0.7804E-07  0.7804E-07   0.000    
  14083200.0   11.25921613   11.5336   0.000       0.000      0.2744E-02  0.8425E-06 -0.2973E-01  0.2699E-01   0.000       0.000       0.000       0.000        0.000       0.000       0.000       0.000       0.000       0.000                            0.8425E-06  0.8425E-06   0.000    
  14169600.0   11.27393909   11.5493   0.000       0.000      0.2754E-02 -0.8520E-06 -0.2987E-01  0.2712E-01   0.000       0.000       0.000       0.000        0.000       0.000       0.000       0.000       0.000       0.000                           -0.8520E-06 -0.8520E-06   0.000    
  14256000.0   11.28623248   11.5626   0.000       0.000      0.2763E-02 -0.7114E-06 -0.2997E-01  0.2721E-01   0.000       0.000       0.000       0.000        0.000       0.000       0.000       0.000       0.000       0.000                           -0.7114E-06 -0.7114E-06   0.000    
  14342400.0   11.34779521   11.6276   0.000       0.000      0.2798E-02 -0.3563E-05 -0.3038E-01  0.2759E-01   0.000       0.000       0.000       0.000        0.000       0.000       0.000       0.000       0.000       0.000                           -0.3563E-05 -0.3563E-05   0.000    
  14428800.0   11.50622174   11.7944   0.000       0.000      0.2882E-02 -0.9168E-05 -0.3136E-01  0.2849E-01   0.000       0.000       0.000       0.000        0.000       0.000       0.000       0.000       0.000       0.000                           -0.9168E-05 -0.9168E-05   0.000    
  14515200.0   11.50254317   11.7922   0.000       0.000      0.2897E-02  0.2129E-06 -0.3141E-01  0.2852E-01   0.000       0.000       0.000       0.000        0.000       0.000       0.000       0.000       0.000       0.000                            0.2129E-06  0.2129E-06   0.000    
  14601600.0   11.52704151   11.8190   0.000       0.000      0.2920E-02 -0.1418E-05 -0.3174E-01  0.2883E-01   0.000       0.000       0.000       0.000        0.000       0.000       0.000       0.000       0.000       0.000                           -0.1418E-05 -0.1418E-05   0.000    
  14688000.0   11.57991201   11.8753   0.000       0.000      0.2954E-02 -0.3060E-05 -0.3215E-01  0.2920E-01   0.000       0.000       0.000       0.000        0.000       0.000       0.000       0.000       0.000       0.000                           -0.3060E-05 -0.3060E-05   0.000    
  14774400.0   11.59916558   11.8965   0.000       0.000      0.2973E-02 -0.1114E-05 -0.3235E-01  0.2938E-01   0.000       0.000       0.000       0.000        0.000       0.000       0.000       0.000       0.000       0.000                           -0.1114E-05 -0.1114E-05   0.000    
  14860800.0   11.58936018   11.8872   0.000       0.000      0.2978E-02  0.5674E-06 -0.3242E-01  0.2944E-01   0.000       0.000       0.000       0.000        0.000       0.000       0.000       0.000       0.000       0.000                            0.5674E-06  0.5674E-06   0.000    
  14947200.0   11.57573778   11.8735   0.000       0.000      0.2978E-02  0.7883E-06 -0.3244E-01  0.2946E-01   0.000       0.000       0.000       0.000        0.000       0.000       0.000       0.000       0.000       0.000                            0.7883E-06  0.7883E-06   0.000    
  15033600.0   11.55371642   11.8510   0.000       0.000      0.2973E-02  0.1274E-05 -0.3239E-01  0.2942E-01   0.000       0.000       0.000       0.000        0.000       0.000       0.000       0.000       0.000       0.000                            0.1274E-05  0.1274E-05   0.000    
  15120000.0   11.52803993   11.8243   0.000       0.000      0.2963E-02  0.1486E-05 -0.3229E-01  0.2933E-01   0.000       0.000       0.000       0.000        0.000       0.000       0.000       0.000       0.000       0.000                            0.1486E-05  0.1486E-05   0.000    
  15206400.0   11.49845979   11.7935   0.000       0.000      0.2950E-02  0.1712E-05 -0.3215E-01  0.2920E-01   0.000       0.000       0.000       0.000        0.000       0.000       0.000       0.000       0.000       0.000                            0.1712E-05  0.1712E-05   0.000    
  15292800.0   11.46705995   11.7605   0.000       0.000      0.2934E-02  0.1817E-05 -0.3198E-01  0.2905E-01   0.000       0.000       0.000       0.000        0.000       0.000       0.000       0.000       0.000       0.000                            0.1817E-05  0.1817E-05   0.000    
  15379200.0   11.50714101   11.8023   0.000       0.000      0.2951E-02 -0.2320E-05 -0.3221E-01  0.2926E-01   0.000       0.000       0.000       0.000        0.000       0.000       0.000       0.000       0.000       0.000                           -0.2320E-05 -0.2320E-05   0.000    
  15465600.0   11.52625335   11.8225   0.000       0.000      0.2963E-02 -0.1106E-05 -0.3231E-01  0.2934E-01   0.000       0.000       0.000       0.000        0.000       0.000       0.000       0.000       0.000       0.000                           -0.1106E-05 -0.1106E-05   0.000    
  15552000.0   11.51156737   11.8075   0.000       0.000      0.2959E-02  0.8499E-06 -0.3226E-01  0.2930E-01   0.000       0.000       0.000       0.000        0.000       0.000       0.000       0.000       0.000       0.000                            0.8499E-06  0.8499E-06   0.000    
  15638400.0   11.48450738   11.7794   0.000       0.000      0.2949E-02  0.1566E-05 -0.3214E-01  0.2919E-01   0.000       0.000       0.000       0.000        0.000       0.000       0.000       0.000       0.000       0.000                            0.1566E-05  0.1566E-05   0.000    
  15724800.0   11.45583243   11.7493   0.000       0.000      0.2935E-02  0.1659E-05 -0.3199E-01  0.2906E-01   0.000       0.000       0.000       0.000        0.000       0.000       0.000       0.000       0.000       0.000                            0.1659E-05  0.1659E-05   0.000    
  15811200.0   11.42727982   11.7192   0.000       0.000      0.2919E-02  0.1652E-05 -0.3182E-01  0.2890E-01   0.000       0.000       0.000       0.000        0.000       0.000       0.000       0.000       0.000       0.000                            0.1652E-05  0.1652E-05   0.000    
  15897600.0   11.39984896   11.6902   0.000       0.000      0.2903E-02  0.1587E-05 -0.3164E-01  0.2873E-01   0.000       0.000       0.000       0.000        0.000       0.000       0.000       0.000       0.000       0.000                            0.1587E-05  0.1587E-05   0.000    
  15984000.0   11.38029393   11.6693   0.000       0.000      0.2890E-02  0.1132E-05 -0.3149E-01  0.2860E-01   0.000       0.000       0.000       0.000        0.000       0.000       0.000       0.000       0.000       0.000                            0.1132E-05  0.1132E-05   0.000    
  16070400.0   11.35535021   11.6427   0.000       0.000      0.2874E-02  0.1444E-05 -0.3130E-01  0.2843E-01   0.000       0.000       0.000       0.000        0.000       0.000       0.000       0.000       0.000       0.000                            0.1444E-05  0.1444E-05   0.000    
  16156800.0   11.33099184   11.6168   0.000       0.000      0.2858E-02  0.1410E-05 -0.3112E-01  0.2826E-01   0.000       0.000       0.000       0.000        0.000       0.000       0.000       0.000       0.000       0.000                            0.1410E-05  0.1410E-05   0.000    
  16243200.0   11.30708244   11.5912   0.000       0.000      0.2842E-02  0.1384E-05 -0.3093E-01  0.2809E-01   0.000       0.000       0.000       0.000        0.000       0.000       0.000       0.000       0.000       0.000                            0.1384E-05  0.1384E-05   0.000    
  16329600.0   11.28388727   11.5664   0.000       0.000      0.2825E-02  0.1342E-05 -0.3074E-01  0.2791E-01   0.000       0.000       0.000       0.000        0.000       0.000       0.000       0.000       0.000       0.000                            0.1342E-05  0.1342E-05   0.000    
  16416000.0   11.26150154   11.5424   0.000       0.000      0.2809E-02  0.1295E-05 -0.3055E-01  0.2774E-01   0.000       0.000       0.000       0.000        0.000       0.000       0.000       0.000       0.000       0.000                            0.1295E-05  0.1295E-05   0.000    
  16502400.0   11.23982986   11.5191   0.000       0.000      0.2793E-02  0.1254E-05 -0.3036E-01  0.2756E-01   0.000       0.000       0.000       0.000        0.000       0.000       0.000       0.000       0.000       0.000                            0.1254E-05  0.1254E-05   0.000    
  16588800.0   11.21897752   11.4967   0.000       0.000      0.2777E-02  0.1207E-05 -0.3017E-01  0.2739E-01   0.000       0.000       0.000       0.000        0.000       0.000       0.000       0.000       0.000       0.000                            0.1207E-05  0.1207E-05   0.000    
  16675200.0   11.19890013   11.4750   0.000       0.000      0.2761E-02  0.1162E-05 -0.2998E-01  0.2722E-01   0.000       0.000       0.000       0.000        0.000       0.000       0.000       0.000       0.000       0.000                            0.1162E-05  0.1162E-05   0.000    
  16761600.0   11.18323643   11.4580   0.000       0.000      0.2748E-02  0.9065E-06 -0.2982E-01  0.2707E-01   0.000       0.000       0.000       0.000        0.000       0.000       0.000       0.000       0.000       0.000                            0.9065E-06  0.9065E-06   0.000    
  16848000.0   11.17125533   11.4449   0.000       0.000      0.2736E-02  0.6934E-06 -0.2968E-01  0.2695E-01   0.000       0.000       0.000       0.000        0.000       0.000       0.000       0.000       0.000       0.000                            0.6934E-06  0.6934E-06   0.000    
  16934400.0   11.17277369   11.4461   0.000       0.000      0.2733E-02 -0.8787E-07 -0.2964E-01  0.2691E-01   0.000       0.000       0.000       0.000        0.000       0.000       0.000       0.000       0.000       0.000                           -0.8787E-07 -0.8787E-07   0.000    
  17020800.0   11.16741326   11.4402   0.000       0.000      0.2727E-02  0.3102E-06 -0.2956E-01  0.2683E-01   0.000       0.000       0.000       0.000        0.000       0.000       0.000       0.000       0.000       0.000                            0.3102E-06  0.3102E-06   0.000    
  17107200.0   11.15020346   11.4217   0.000       0.000      0.2715E-02  0.9959E-06 -0.2940E-01  0.2669E-01   0.000       0.000       0.000       0.000        0.000       0.000       0.000       0.000       0.000       0.000                            0.9959E-06  0.9959E-06   0.000    
  17193600.0   11.13363799   11.4039   0.000       0.000      0.2703E-02  0.9587E-06 -0.2926E-01  0.2655E-01   0.000       0.000       0.000       0.000        0.000       0.000       0.000       0.000       0.000       0.000                            0.9587E-06  0.9587E-06   0.000    
  17280000.0   11.11684309   11.3857   0.000       0.000      0.2689E-02  0.9719E-06 -0.2909E-01  0.2641E-01   0.000       0.000       0.000       0.000        0.000       0.000       0.000       0.000       0.000       0.000                            0.9719E-06  0.9719E-06   0.000    
  17366400.0   11.10004698   11.3676   0.000       0.000      0.2675E-02  0.9720E-06 -0.2893E-01  0.2626E-01   0.000       0.000       0.000       0.000        0.000       0.000       0.000       0.000       0.000       0.000                            0.9720E-06  0.9720E-06   0.000    
  17452800.0   11.08379826   11.3499   0.000       0.000      0.2661E-02  0.9403E-06 -0.2877E-01  0.2611E-01   0.000       0.000       0.000       0.000        0.000       0.000       0.000       0.000       0.000       0.000                            0.9403E-06  0.9403E-06   0.000    
  17539200.0   11.06795925   11.3328   0.000       0.000      0.2648E-02  0.9166E-06 -0.2861E-01  0.2596E-01   0.000       0.000       0.000       0.000        0.000       0.000       0.000       0.000       0.000       0.000                            0.9166E-06  0.9166E-06   0.000    
  17625600.0   11.05272810   11.3162   0.000       0.000      0.2634E-02  0.8814E-06 -0.2844E-01  0.2581E-01   0.000       0.000       0.000       0.000        0.000       0.000       0.000       0.000       0.000       0.000                            0.8814E-06  0.8814E-06   0.000    
  17712000.0   11.04347529   11.3059   0.000       0.000      0.2624E-02  0.5355E-06 -0.2832E-01  0.2570E-01   0.000       0.000       0.000       0.000        0.000       0.000       0.000       0.000       0.000       0.000                            0.5355E-06  0.5355E-06   0.000    
  17798400.0   11.02959887   11.2908   0.000       0.000      0.2612E-02  0.8030E-06 -0.2817E-01  0.2556E-01   0.000       0.000       0.000       0.000        0.000       0.000       0.000       0.000       0.000       0.000                            0.8030E-06  0.8030E-06   0.000    
  17884800.0   11.01550803   11.2754   0.000       0.000      0.2599E-02  0.8154E-06 -0.2802E-01  0.2542E-01   0.000       0.000       0.000       0.000        0.000       0.000       0.000       0.000       0.000       0.000                            0.8154E-06  0.8154E-06   0.000    
  17971200.0   11.00180905   11.2605   0.000       0.000      0.2587E-02  0.7928E-06 -0.2787E-01  0.2528E-01   0.000       0.000       0.000       0.000        0.000       0.000       0.000       0.000       0.000       0.000                            0.7928E-06  0.7928E-06   0.000    
  18057600.0   10.98863470   11.2460   0.000       0.000      0.2574E-02  0.7624E-06 -0.2772E-01  0.2514E-01   0.000       0.000       0.000       0.000        0.000       0.000       0.000       0.000       0.000       0.000                            0.7624E-06  0.7624E-06   0.000    
  18144000.0   10.97578586   11.2320   0.000       0.000      0.2562E-02  0.7436E-06 -0.2757E-01  0.2501E-01   0.000       0.000       0.000       0.000        0.000       0.000       0.000       0.000       0.000       0.000                            0.7436E-06  0.7436E-06   0.000    
  18230400.0   10.96338002   11.2183   0.000       0.000      0.2550E-02  0.7179E-06 -0.2742E-01  0.2487E-01   0.000       0.000       0.000       0.000        0.000       0.000       0.000       0.000       0.000       0.000                            0.7179E-06  0.7179E-06   0.000    
  18316800.0   10.95129003   11.2051   0.000       0.000      0.2538E-02  0.6997E-06 -0.2728E-01  0.2474E-01   0.000       0.000       0.000       0.000        0.000       0.000       0.000       0.000       0.000       0.000                            0.6997E-06  0.6997E-06   0.000    
  18403200.0   10.93957231   11.1921   0.000       0.000      0.2526E-02  0.6781E-06 -0.2714E-01  0.2461E-01   0.000       0.000       0.000       0.000        0.000       0.000       0.000       0.000       0.000       0.000                            0.6781E-06  0.6781E-06   0.000    
  18489600.0   10.92816797   11.1796   0.000       0.000      0.2514E-02  0.6600E-06 -0.2700E-01  0.2448E-01   0.000       0.000       0.000       0.000        0.000       0.000       0.000       0.000       0.000       0.000                            0.6600E-06  0.6600E-06   0.000    
  18576000.0   10.91706431   11.1673   0.000       0.000      0.2503E-02  0.6426E-06 -0.2686E-01  0.2436E-01   0.000       0.000       0.000       0.000        0.000       0.000       0.000       0.000       0.000       0.000                            0.6426E-06  0.6426E-06   0.000    
  18662400.0   10.90631868   11.1554   0.000       0.000      0.2491E-02  0.6219E-06 -0.2672E-01  0.2423E-01   0.000       0.000       0.000       0.000        0.000       0.000       0.000       0.000       0.000       0.000                            0.6219E-06  0.6219E-06   0.000    
  18748800.0   10.89575065   11.1438   0.000       0.000      0.2480E-02  0.6116E-06 -0.2659E-01  0.2411E-01   0.000       0.000       0.000       0.000        0.000       0.000       0.000       0.000       0.000       0.000                            0.6116E-06  0.6116E-06   0.000    
  18835200.0   10.89646680   11.1441   0.000       0.000      0.2477E-02 -0.4144E-07 -0.2655E-01  0.2407E-01   0.000       0.000       0.000       0.000        0.000       0.000       0.000       0.000       0.000       0.000                           -0.4144E-07 -0.4144E-07   0.000    
  18921600.0   10.88805885   11.1349   0.000       0.000      0.2468E-02  0.4866E-06 -0.2643E-01  0.2397E-01   0.000       0.000       0.000       0.000        0.000       0.000       0.000       0.000       0.000       0.000                            0.4866E-06  0.4866E-06   0.000    
  19008000.0   10.87728107   11.1230   0.000       0.000      0.2458E-02  0.6237E-06 -0.2631E-01  0.2385E-01   0.000       0.000       0.000       0.000        0.000       0.000       0.000       0.000       0.000       0.000                            0.6237E-06  0.6237E-06   0.000    
  19094400.0   10.86695592   11.1116   0.000       0.000      0.2447E-02  0.5975E-06 -0.2619E-01  0.2374E-01   0.000       0.000       0.000       0.000        0.000       0.000       0.000       0.000       0.000       0.000                            0.5975E-06  0.5975E-06   0.000    
  19180800.0   10.85696177   11.1006   0.000       0.000      0.2436E-02  0.5784E-06 -0.2606E-01  0.2362E-01   0.000       0.000       0.000       0.000        0.000       0.000       0.000       0.000       0.000       0.000                            0.5784E-06  0.5784E-06   0.000    
  19267200.0   10.84754969   11.0902   0.000       0.000      0.2426E-02  0.5447E-06 -0.2594E-01  0.2351E-01   0.000       0.000       0.000       0.000        0.000       0.000       0.000       0.000       0.000       0.000                            0.5447E-06  0.5447E-06   0.000    
  19353600.0   10.83814991   11.0797   0.000       0.000      0.2416E-02  0.5440E-06 -0.2582E-01  0.2340E-01   0.000       0.000       0.000       0.000        0.000       0.000       0.000       0.000       0.000       0.000                            0.5440E-06  0.5440E-06   0.000    
  19440000.0   10.82899401   11.0695   0.000       0.000      0.2406E-02  0.5299E-06 -0.2569E-01  0.2329E-01   0.000       0.000       0.000       0.000        0.000       0.000       0.000       0.000       0.000       0.000                            0.5299E-06  0.5299E-06   0.000    
  19526400.0   10.82014338   11.0597   0.000       0.000      0.2395E-02  0.5122E-06 -0.2557E-01  0.2318E-01   0.000       0.000       0.000       0.000        0.000       0.000       0.000       0.000       0.000       0.000                            0.5122E-06  0.5122E-06   0.000    
  19612800.0   10.81141911   11.0500   0.000       0.000      0.2386E-02  0.5049E-06 -0.2546E-01  0.2307E-01   0.000       0.000       0.000       0.000        0.000       0.000       0.000       0.000       0.000       0.000                            0.5049E-06  0.5049E-06   0.000    
  19699200.0   10.80298340   11.0405   0.000       0.000      0.2376E-02  0.4882E-06 -0.2534E-01  0.2296E-01   0.000       0.000       0.000       0.000        0.000       0.000       0.000       0.000       0.000       0.000                            0.4882E-06  0.4882E-06   0.000    
  19785600.0   10.79466611   11.0313   0.000       0.000      0.2366E-02  0.4813E-06 -0.2523E-01  0.2286E-01   0.000       0.000       0.000       0.000        0.000       0.000       0.000       0.000       0.000       0.000                            0.4813E-06  0.4813E-06   0.000    
  19872000.0   10.78660666   11.0222   0.000       0.000      0.2356E-02  0.4664E-06 -0.2511E-01  0.2276E-01   0.000       0.000       0.000       0.000        0.000       0.000       0.000       0.000       0.000       0.000                            0.4664E-06  0.4664E-06   0.000    
  19958400.0   10.78897467   11.0244   0.000       0.000      0.2355E-02 -0.1370E-06 -0.2509E-01  0.2274E-01   0.000       0.000       0.000       0.000        0.000       0.000       0.000       0.000       0.000       0.000                           -0.1370E-06 -0.1370E-06   0.000    
  20044800.0   10.79553619   11.0312   0.000       0.000      0.2357E-02 -0.3797E-06 -0.2511E-01  0.2276E-01   0.000       0.000       0.000       0.000        0.000       0.000       0.000       0.000       0.000       0.000                           -0.3797E-06 -0.3797E-06   0.000    
  20131200.0   10.78576566   11.0206   0.000       0.000      0.2348E-02  0.5654E-06 -0.2500E-01  0.2265E-01   0.000       0.000       0.000       0.000        0.000       0.000       0.000       0.000       0.000       0.000                            0.5654E-06  0.5654E-06   0.000    
  20217600.0   10.77987073   11.0140   0.000       0.000      0.2341E-02  0.3411E-06 -0.2492E-01  0.2258E-01   0.000       0.000       0.000       0.000        0.000       0.000       0.000       0.000       0.000       0.000                            0.3411E-06  0.3411E-06   0.000    
  20304000.0   10.77316695   11.0065   0.000       0.000      0.2334E-02  0.3880E-06 -0.2483E-01  0.2250E-01   0.000       0.000       0.000       0.000        0.000       0.000       0.000       0.000       0.000       0.000                            0.3880E-06  0.3880E-06   0.000    
  20390400.0   10.76451538   10.9969   0.000       0.000      0.2324E-02  0.5007E-06 -0.2473E-01  0.2240E-01   0.000       0.000       0.000       0.000        0.000       0.000       0.000       0.000       0.000       0.000                            0.5007E-06  0.5007E-06   0.000    
  20476800.0   10.75621823   10.9877   0.000       0.000      0.2315E-02  0.4802E-06 -0.2462E-01  0.2230E-01   0.000       0.000       0.000       0.000        0.000       0.000       0.000       0.000       0.000       0.000                            0.4802E-06  0.4802E-06   0.000    
  20563200.0   10.74818771   10.9787   0.000       0.000      0.2306E-02  0.4647E-06 -0.2451E-01  0.2221E-01   0.000       0.000       0.000       0.000        0.000       0.000       0.000       0.000       0.000       0.000                            0.4647E-06  0.4647E-06   0.000    
  20649600.0   10.74045587   10.9701   0.000       0.000      0.2296E-02  0.4474E-06 -0.2441E-01  0.2211E-01   0.000       0.000       0.000       0.000        0.000       0.000       0.000       0.000       0.000       0.000                            0.4474E-06  0.4474E-06   0.000    
  20736000.0   10.73292097   10.9616   0.000       0.000      0.2287E-02  0.4360E-06 -0.2430E-01  0.2201E-01   0.000       0.000       0.000       0.000        0.000       0.000       0.000       0.000       0.000       0.000                            0.4360E-06  0.4360E-06   0.000    
  20822400.0   10.72564475   10.9535   0.000       0.000      0.2278E-02  0.4211E-06 -0.2420E-01  0.2192E-01   0.000       0.000       0.000       0.000        0.000       0.000       0.000       0.000       0.000       0.000                            0.4211E-06  0.4211E-06   0.000    
  20908800.0   10.71851767   10.9455   0.000       0.000      0.2269E-02  0.4124E-06 -0.2410E-01  0.2183E-01   0.000       0.000       0.000       0.000        0.000       0.000       0.000       0.000       0.000       0.000                            0.4124E-06  0.4124E-06   0.000    
  20995200.0   10.71162464   10.9377   0.000       0.000      0.2260E-02  0.3989E-06 -0.2399E-01  0.2173E-01   0.000       0.000       0.000       0.000        0.000       0.000       0.000       0.000       0.000       0.000                            0.3989E-06  0.3989E-06   0.000    
  21081600.0   10.70484518   10.9300   0.000       0.000      0.2252E-02  0.3923E-06 -0.2389E-01  0.2164E-01   0.000       0.000       0.000       0.000        0.000       0.000       0.000       0.000       0.000       0.000                            0.3923E-06  0.3923E-06   0.000    
  21168000.0   10.69828172   10.9226   0.000       0.000      0.2243E-02  0.3798E-06 -0.2379E-01  0.2155E-01   0.000       0.000       0.000       0.000        0.000       0.000       0.000       0.000       0.000       0.000                            0.3798E-06  0.3798E-06   0.000    
  21254400.0   10.69180207   10.9153   0.000       0.000      0.2235E-02  0.3750E-06 -0.2370E-01  0.2146E-01   0.000       0.000       0.000       0.000        0.000       0.000       0.000       0.000       0.000       0.000                            0.3750E-06  0.3750E-06   0.000    
  21340800.0   10.68549056   10.9081   0.000       0.000      0.2227E-02  0.3652E-06 -0.2360E-01  0.2138E-01   0.000       0.000       0.000       0.000        0.000       0.000       0.000       0.000       0.000       0.000                            0.3652E-06  0.3652E-06   0.000    
  21427200.0   10.67932661   10.9011   0.000       0.000      0.2218E-02  0.3567E-06 -0.2351E-01  0.2129E-01   0.000       0.000       0.000       0.000        0.000       0.000       0.000       0.000       0.000       0.000                            0.3567E-06  0.3567E-06   0.000    
  21513600.0   10.67471385   10.8958   0.000       0.000      0.2211E-02  0.2669E-06 -0.2343E-01  0.2122E-01   0.000       0.000       0.000       0.000        0.000       0.000       0.000       0.000       0.000       0.000                            0.2669E-06  0.2669E-06   0.000    
  21600000.0   10.68481939   10.9065   0.000       0.000      0.2217E-02 -0.5848E-06 -0.2349E-01  0.2128E-01   0.000       0.000       0.000       0.000        0.000       0.000       0.000       0.000       0.000       0.000                           -0.5848E-06 -0.5848E-06   0.000    
  21686400.0   10.67717218   10.8980   0.000       0.000      0.2209E-02  0.4425E-06 -0.2338E-01  0.2118E-01   0.000       0.000       0.000       0.000        0.000       0.000       0.000       0.000       0.000       0.000                            0.4425E-06  0.4425E-06   0.000    
  21772800.0   10.67000224   10.8901   0.000       0.000      0.2201E-02  0.4149E-06 -0.2330E-01  0.2110E-01   0.000       0.000       0.000       0.000        0.000       0.000       0.000       0.000       0.000       0.000                            0.4149E-06  0.4149E-06   0.000    
  21859200.0   10.66324200   10.8825   0.000       0.000      0.2192E-02  0.3912E-06 -0.2321E-01  0.2101E-01   0.000       0.000       0.000       0.000        0.000       0.000       0.000       0.000       0.000       0.000                            0.3912E-06  0.3912E-06   0.000    
  21945600.0   10.65684720   10.8752   0.000       0.000      0.2184E-02  0.3701E-06 -0.2311E-01  0.2093E-01   0.000       0.000       0.000       0.000        0.000       0.000       0.000       0.000       0.000       0.000                            0.3701E-06  0.3701E-06   0.000    
  22032000.0   10.65064392   10.8682   0.000       0.000      0.2176E-02  0.3590E-06 -0.2302E-01  0.2085E-01   0.000       0.000       0.000       0.000        0.000       0.000       0.000       0.000       0.000       0.000                            0.3590E-06  0.3590E-06   0.000    
  22118400.0   10.64465399   10.8614   0.000       0.000      0.2168E-02  0.3466E-06 -0.2293E-01  0.2076E-01   0.000       0.000       0.000       0.000        0.000       0.000       0.000       0.000       0.000       0.000                            0.3466E-06  0.3466E-06   0.000    
  22204800.0   10.63887840   10.8549   0.000       0.000      0.2160E-02  0.3342E-06 -0.2284E-01  0.2068E-01   0.000       0.000       0.000       0.000        0.000       0.000       0.000       0.000       0.000       0.000                            0.3342E-06  0.3342E-06   0.000    
  22291200.0   10.63321188   10.8484   0.000       0.000      0.2152E-02  0.3279E-06 -0.2275E-01  0.2060E-01   0.000       0.000       0.000       0.000        0.000       0.000       0.000       0.000       0.000       0.000                            0.3279E-06  0.3279E-06   0.000    
  22377600.0   10.62769923   10.8421   0.000       0.000      0.2144E-02  0.3190E-06 -0.2266E-01  0.2052E-01   0.000       0.000       0.000       0.000        0.000       0.000       0.000       0.000       0.000       0.000                            0.3190E-06  0.3190E-06   0.000    
  22464000.0   10.64004557   10.8552   0.000       0.000      0.2152E-02 -0.7145E-06 -0.2276E-01  0.2061E-01   0.000       0.000       0.000       0.000        0.000       0.000       0.000       0.000       0.000       0.000                           -0.7145E-06 -0.7145E-06   0.000    
  22550400.0   10.63501425   10.8496   0.000       0.000      0.2146E-02  0.2912E-06 -0.2268E-01  0.2053E-01   0.000       0.000       0.000       0.000        0.000       0.000       0.000       0.000       0.000       0.000                            0.2912E-06  0.2912E-06   0.000    
  22636800.0   10.63283620   10.8471   0.000       0.000      0.2143E-02  0.1260E-06 -0.2264E-01  0.2050E-01   0.000       0.000       0.000       0.000        0.000       0.000       0.000       0.000       0.000       0.000                            0.1260E-06  0.1260E-06   0.000    
  22723200.0   10.67818064   10.8960   0.000       0.000      0.2179E-02 -0.2624E-05 -0.2307E-01  0.2089E-01   0.000       0.000       0.000       0.000        0.000       0.000       0.000       0.000       0.000       0.000                           -0.2624E-05 -0.2624E-05   0.000    
  22809600.0   10.67701854   10.8950   0.000       0.000      0.2180E-02  0.6725E-07 -0.2304E-01  0.2086E-01   0.000       0.000       0.000       0.000        0.000       0.000       0.000       0.000       0.000       0.000                            0.6725E-07  0.6725E-07   0.000    
  22896000.0   10.67378758   10.8917   0.000       0.000      0.2179E-02  0.1870E-06 -0.2304E-01  0.2086E-01   0.000       0.000       0.000       0.000        0.000       0.000       0.000       0.000       0.000       0.000                            0.1870E-06  0.1870E-06   0.000    
  22982400.0   10.66947760   10.8870   0.000       0.000      0.2175E-02  0.2494E-06 -0.2301E-01  0.2083E-01   0.000       0.000       0.000       0.000        0.000       0.000       0.000       0.000       0.000       0.000                            0.2494E-06  0.2494E-06   0.000    
  23068800.0   10.66467694   10.8817   0.000       0.000      0.2170E-02  0.2778E-06 -0.2296E-01  0.2079E-01   0.000       0.000       0.000       0.000        0.000       0.000       0.000       0.000       0.000       0.000                            0.2778E-06  0.2778E-06   0.000    
  23155200.0   10.65867396   10.8751   0.000       0.000      0.2164E-02  0.3474E-06 -0.2289E-01  0.2073E-01   0.000       0.000       0.000       0.000        0.000       0.000       0.000       0.000       0.000       0.000                            0.3474E-06  0.3474E-06   0.000    
  23241600.0   10.65224320   10.8680   0.000       0.000      0.2157E-02  0.3722E-06 -0.2282E-01  0.2066E-01   0.000       0.000       0.000       0.000        0.000       0.000       0.000       0.000       0.000       0.000                            0.3722E-06  0.3722E-06   0.000    
  23328000.0   10.64545836   10.8604   0.000       0.000      0.2150E-02  0.3926E-06 -0.2274E-01  0.2059E-01   0.000       0.000       0.000       0.000        0.000       0.000       0.000       0.000       0.000       0.000                            0.3926E-06  0.3926E-06   0.000    
  23414400.0   10.63860200   10.8528   0.000       0.000      0.2142E-02  0.3968E-06 -0.2265E-01  0.2051E-01   0.000       0.000       0.000       0.000        0.000       0.000       0.000       0.000       0.000       0.000                            0.3968E-06  0.3968E-06   0.000    
  23500800.0   10.63204572   10.8454   0.000       0.000      0.2134E-02  0.3794E-06 -0.2257E-01  0.2043E-01   0.000       0.000       0.000       0.000        0.000       0.000       0.000       0.000       0.000       0.000                            0.3794E-06  0.3794E-06   0.000    
  23587200.0   10.62568752   10.8383   0.000       0.000      0.2126E-02  0.3680E-06 -0.2248E-01  0.2035E-01   0.000       0.000       0.000       0.000        0.000       0.000       0.000       0.000       0.000       0.000                            0.3680E-06  0.3680E-06   0.000    
  23673600.0   10.61944315   10.8312   0.000       0.000      0.2118E-02  0.3614E-06 -0.2239E-01  0.2027E-01   0.000       0.000       0.000       0.000        0.000       0.000       0.000       0.000       0.000       0.000                            0.3614E-06  0.3614E-06   0.000    
  23760000.0   10.61315981   10.8241   0.000       0.000      0.2109E-02  0.3636E-06 -0.2230E-01  0.2019E-01   0.000       0.000       0.000       0.000        0.000       0.000       0.000       0.000       0.000       0.000                            0.3636E-06  0.3636E-06   0.000    
  23846400.0   10.60701275   10.8171   0.000       0.000      0.2101E-02  0.3557E-06 -0.2221E-01  0.2011E-01   0.000       0.000       0.000       0.000        0.000       0.000       0.000       0.000       0.000       0.000                            0.3557E-06  0.3557E-06   0.000    
  23932800.0   10.60110468   10.8104   0.000       0.000      0.2093E-02  0.3419E-06 -0.2212E-01  0.2003E-01   0.000       0.000       0.000       0.000        0.000       0.000       0.000       0.000       0.000       0.000                            0.3419E-06  0.3419E-06   0.000    
  24019200.0   10.59539214   10.8039   0.000       0.000      0.2085E-02  0.3306E-06 -0.2204E-01  0.1995E-01   0.000       0.000       0.000       0.000        0.000       0.000       0.000       0.000       0.000       0.000                            0.3306E-06  0.3306E-06   0.000    
  24105600.0   10.58985598   10.7976   0.000       0.000      0.2078E-02  0.3204E-06 -0.2195E-01  0.1987E-01   0.000       0.000       0.000       0.000        0.000       0.000       0.000       0.000       0.000       0.000                            0.3204E-06  0.3204E-06   0.000    
  24192000.0   10.58443202   10.7914   0.000       0.000      0.2070E-02  0.3139E-06 -0.2186E-01  0.1979E-01   0.000       0.000       0.000       0.000        0.000       0.000       0.000       0.000       0.000       0.000                            0.3139E-06  0.3139E-06   0.000    
  24278400.0   10.57908730   10.7853   0.000       0.000      0.2062E-02  0.3093E-06 -0.2178E-01  0.1971E-01   0.000       0.000       0.000       0.000        0.000       0.000       0.000       0.000       0.000       0.000                            0.3093E-06  0.3093E-06   0.000    
  24364800.0   10.57387394   10.7793   0.000       0.000      0.2055E-02  0.3017E-06 -0.2169E-01  0.1964E-01   0.000       0.000       0.000       0.000        0.000       0.000       0.000       0.000       0.000       0.000                            0.3017E-06  0.3017E-06   0.000    
  24451200.0   10.56880709   10.7735   0.000       0.000      0.2047E-02  0.2932E-06 -0.2161E-01  0.1956E-01   0.000       0.000       0.000       0.000        0.000       0.000       0.000       0.000       0.000       0.000                            0.2932E-06  0.2932E-06   0.000    
  24537600.0   10.56387949   10.7678   0.000       0.000      0.2040E-02  0.2852E-06 -0.2153E-01  0.1949E-01   0.000       0.000       0.000       0.000        0.000       0.000       0.000       0.000       0.000       0.000                            0.2852E-06  0.2852E-06   0.000    
  24624000.0   10.55908442   10.7623   0.000       0.000      0.2032E-02  0.2775E-06 -0.2144E-01  0.1941E-01   0.000       0.000       0.000       0.000        0.000       0.000       0.000       0.000       0.000       0.000                            0.2775E-06  0.2775E-06   0.000    
  24710400.0   10.55442495   10.7569   0.000       0.000      0.2025E-02  0.2696E-06 -0.2136E-01  0.1934E-01   0.000       0.000       0.000       0.000        0.000       0.000       0.000       0.000       0.000       0.000                            0.2696E-06  0.2696E-06   0.000    
  24796800.0   10.54984130   10.7516   0.000       0.000      0.2018E-02  0.2653E-06 -0.2128E-01  0.1927E-01   0.000       0.000       0.000       0.000        0.000       0.000       0.000       0.000       0.000       0.000                            0.2653E-06  0.2653E-06   0.000    
  24883200.0   10.54558306   10.7467   0.000       0.000      0.2011E-02  0.2464E-06 -0.2121E-01  0.1920E-01   0.000       0.000       0.000       0.000        0.000       0.000       0.000       0.000       0.000       0.000                            0.2464E-06  0.2464E-06   0.000    
  24969600.0   10.54589601   10.7468   0.000       0.000      0.2009E-02 -0.1811E-07 -0.2118E-01  0.1917E-01   0.000       0.000       0.000       0.000        0.000       0.000       0.000       0.000       0.000       0.000                           -0.1811E-07 -0.1811E-07   0.000    
  25056000.0   10.54121220   10.7414   0.000       0.000      0.2002E-02  0.2711E-06 -0.2110E-01  0.1910E-01   0.000       0.000       0.000       0.000        0.000       0.000       0.000       0.000       0.000       0.000                            0.2711E-06  0.2711E-06   0.000    
  25142400.0   10.53666512   10.7362   0.000       0.000      0.1995E-02  0.2631E-06 -0.2103E-01  0.1903E-01   0.000       0.000       0.000       0.000        0.000       0.000       0.000       0.000       0.000       0.000                            0.2631E-06  0.2631E-06   0.000    
  25228800.0   10.54124461   10.7410   0.000       0.000      0.1997E-02 -0.2650E-06 -0.2106E-01  0.1906E-01   0.000       0.000       0.000       0.000        0.000       0.000       0.000       0.000       0.000       0.000                           -0.2650E-06 -0.2650E-06   0.000    
  25315200.0   10.53700787   10.7361   0.000       0.000      0.1991E-02  0.2452E-06 -0.2098E-01  0.1899E-01   0.000       0.000       0.000       0.000        0.000       0.000       0.000       0.000       0.000       0.000                            0.2452E-06  0.2452E-06   0.000    
  25401600.0   10.53757479   10.7366   0.000       0.000      0.1990E-02 -0.3281E-07 -0.2097E-01  0.1898E-01   0.000       0.000       0.000       0.000        0.000       0.000       0.000       0.000       0.000       0.000                           -0.3281E-07 -0.3281E-07   0.000    
  25488000.0   10.53770726   10.7365   0.000       0.000      0.1988E-02 -0.7666E-08 -0.2095E-01  0.1896E-01   0.000       0.000       0.000       0.000        0.000       0.000       0.000       0.000       0.000       0.000                           -0.7666E-08 -0.7666E-08   0.000    
  25574400.0   10.54076415   10.7397   0.000       0.000      0.1989E-02 -0.1769E-06 -0.2097E-01  0.1898E-01   0.000       0.000       0.000       0.000        0.000       0.000       0.000       0.000       0.000       0.000                           -0.1769E-06 -0.1769E-06   0.000    
  25660800.0   10.53705844   10.7355   0.000       0.000      0.1985E-02  0.2145E-06 -0.2091E-01  0.1893E-01   0.000       0.000       0.000       0.000        0.000       0.000       0.000       0.000       0.000       0.000                            0.2145E-06  0.2145E-06   0.000    
  25747200.0   10.54388774   10.7428   0.000       0.000      0.1990E-02 -0.3952E-06 -0.2098E-01  0.1899E-01   0.000       0.000       0.000       0.000        0.000       0.000       0.000       0.000       0.000       0.000                           -0.3952E-06 -0.3952E-06   0.000    
  25833600.0   10.58189220   10.7843   0.000       0.000      0.2024E-02 -0.2199E-05 -0.2137E-01  0.1935E-01   0.000       0.000       0.000       0.000        0.000       0.000       0.000       0.000       0.000       0.000                           -0.2199E-05 -0.2199E-05   0.000    
  25920000.0   10.63302570   10.8402   0.000       0.000      0.2072E-02 -0.2959E-05 -0.2190E-01  0.1983E-01   0.000       0.000       0.000       0.000        0.000       0.000       0.000       0.000       0.000       0.000                           -0.2959E-05 -0.2959E-05   0.000    
  26006400.0   10.68480777   10.8969   0.000       0.000      0.2121E-02 -0.2997E-05 -0.2245E-01  0.2033E-01   0.000       0.000       0.000       0.000        0.000       0.000       0.000       0.000       0.000       0.000                           -0.2997E-05 -0.2997E-05   0.000    
  26092800.0   10.69920642   10.9134   0.000       0.000      0.2142E-02 -0.8333E-06 -0.2266E-01  0.2052E-01   0.000       0.000       0.000       0.000        0.000       0.000       0.000       0.000       0.000       0.000                           -0.8333E-06 -0.8333E-06   0.000    
  26179200.0   10.69482348   10.9093   0.000       0.000      0.2145E-02  0.2536E-06 -0.2272E-01  0.2057E-01   0.000       0.000       0.000       0.000        0.000       0.000       0.000       0.000       0.000       0.000                            0.2536E-06  0.2536E-06   0.000    
  26265600.0   10.68651280   10.9008   0.000       0.000      0.2142E-02  0.4809E-06 -0.2270E-01  0.2056E-01   0.000       0.000       0.000       0.000        0.000       0.000       0.000       0.000       0.000       0.000                            0.4809E-06  0.4809E-06   0.000    
  26352000.0   10.67706200   10.8907   0.000       0.000      0.2137E-02  0.5469E-06 -0.2266E-01  0.2052E-01   0.000       0.000       0.000       0.000        0.000       0.000       0.000       0.000       0.000       0.000                            0.5469E-06  0.5469E-06   0.000    
  26438400.0   10.66741673   10.8804   0.000       0.000      0.2130E-02  0.5582E-06 -0.2259E-01  0.2046E-01   0.000       0.000       0.000       0.000        0.000       0.000       0.000       0.000       0.000       0.000                            0.5582E-06  0.5582E-06   0.000    
  26524800.0   10.65781478   10.8699   0.000       0.000      0.2121E-02  0.5557E-06 -0.2250E-01  0.2038E-01   0.000       0.000       0.000       0.000        0.000       0.000       0.000       0.000       0.000       0.000                            0.5557E-06  0.5557E-06   0.000    
  26611200.0   10.64802187   10.8592   0.000       0.000      0.2112E-02  0.5667E-06 -0.2241E-01  0.2030E-01   0.000       0.000       0.000       0.000        0.000       0.000       0.000       0.000       0.000       0.000                            0.5667E-06  0.5667E-06   0.000    
  26697600.0   10.63875200   10.8490   0.000       0.000      0.2103E-02  0.5365E-06 -0.2232E-01  0.2021E-01   0.000       0.000       0.000       0.000        0.000       0.000       0.000       0.000       0.000       0.000                            0.5365E-06  0.5365E-06   0.000    
  26784000.0   10.62983366   10.8392   0.000       0.000      0.2093E-02  0.5161E-06 -0.2222E-01  0.2013E-01   0.000       0.000       0.000       0.000        0.000       0.000       0.000       0.000       0.000       0.000                            0.5161E-06  0.5161E-06   0.000    
  26870400.0   10.65770463   10.8692   0.000       0.000      0.2115E-02 -0.1613E-05 -0.2248E-01  0.2037E-01   0.000       0.000       0.000       0.000        0.000       0.000       0.000       0.000       0.000       0.000                           -0.1613E-05 -0.1613E-05   0.000    
  26956800.0   10.67565178   10.8887   0.000       0.000      0.2131E-02 -0.1039E-05 -0.2265E-01  0.2052E-01   0.000       0.000       0.000       0.000        0.000       0.000       0.000       0.000       0.000       0.000                           -0.1039E-05 -0.1039E-05   0.000    
  27043200.0   10.69280202   10.9075   0.000       0.000      0.2147E-02 -0.9925E-06 -0.2284E-01  0.2069E-01   0.000       0.000       0.000       0.000        0.000       0.000       0.000       0.000       0.000       0.000                           -0.9925E-06 -0.9925E-06   0.000    
  27129600.0   10.69857141   10.9141   0.000       0.000      0.2155E-02 -0.3339E-06 -0.2292E-01  0.2077E-01   0.000       0.000       0.000       0.000        0.000       0.000       0.000       0.000       0.000       0.000                           -0.3339E-06 -0.3339E-06   0.000    
  27216000.0   10.70850159   10.9250   0.000       0.000      0.2165E-02 -0.5747E-06 -0.2305E-01  0.2089E-01   0.000       0.000       0.000       0.000        0.000       0.000       0.000       0.000       0.000       0.000                           -0.5747E-06 -0.5747E-06   0.000    
  27302400.0   10.73273621   10.9514   0.000       0.000      0.2187E-02 -0.1402E-05 -0.2330E-01  0.2112E-01   0.000       0.000       0.000       0.000        0.000       0.000       0.000       0.000       0.000       0.000                           -0.1402E-05 -0.1402E-05   0.000    
  27388800.0   10.78020825   11.0028   0.000       0.000      0.2226E-02 -0.2747E-05 -0.2376E-01  0.2154E-01   0.000       0.000       0.000       0.000        0.000       0.000       0.000       0.000       0.000       0.000                           -0.2747E-05 -0.2747E-05   0.000    
  27475200.0   10.82206348   11.0484   0.000       0.000      0.2263E-02 -0.2422E-05 -0.2417E-01  0.2191E-01   0.000       0.000       0.000       0.000        0.000       0.000       0.000       0.000       0.000       0.000                           -0.2422E-05 -0.2422E-05   0.000    
  27561600.0   10.82022920   11.0473   0.000       0.000      0.2271E-02  0.1062E-06 -0.2424E-01  0.2197E-01   0.000       0.000       0.000       0.000        0.000       0.000       0.000       0.000       0.000       0.000                            0.1062E-06  0.1062E-06   0.000    
  27648000.0   10.81144225   11.0384   0.000       0.000      0.2270E-02  0.5085E-06 -0.2426E-01  0.2199E-01   0.000       0.000       0.000       0.000        0.000       0.000       0.000       0.000       0.000       0.000                            0.5085E-06  0.5085E-06   0.000    
  27734400.0   10.79895116   11.0253   0.000       0.000      0.2264E-02  0.7229E-06 -0.2420E-01  0.2194E-01   0.000       0.000       0.000       0.000        0.000       0.000       0.000       0.000       0.000       0.000                            0.7229E-06  0.7229E-06   0.000    
  27820800.0   10.78784990   11.0135   0.000       0.000      0.2257E-02  0.6424E-06 -0.2414E-01  0.2189E-01   0.000       0.000       0.000       0.000        0.000       0.000       0.000       0.000       0.000       0.000                            0.6424E-06  0.6424E-06   0.000    
  27907200.0   10.77917876   11.0043   0.000       0.000      0.2251E-02  0.5018E-06 -0.2409E-01  0.2184E-01   0.000       0.000       0.000       0.000        0.000       0.000       0.000       0.000       0.000       0.000                            0.5018E-06  0.5018E-06   0.000    
  27993600.0   10.79963238   11.0262   0.000       0.000      0.2265E-02 -0.1184E-05 -0.2427E-01  0.2201E-01   0.000       0.000       0.000       0.000        0.000       0.000       0.000       0.000       0.000       0.000                           -0.1184E-05 -0.1184E-05   0.000    
  28080000.0   10.83080588   11.0598   0.000       0.000      0.2290E-02 -0.1804E-05 -0.2455E-01  0.2226E-01   0.000       0.000       0.000       0.000        0.000       0.000       0.000       0.000       0.000       0.000                           -0.1804E-05 -0.1804E-05   0.000    
  28166400.0   10.84760144   11.0782   0.000       0.000      0.2306E-02 -0.9720E-06 -0.2472E-01  0.2242E-01   0.000       0.000       0.000       0.000        0.000       0.000       0.000       0.000       0.000       0.000                           -0.9720E-06 -0.9720E-06   0.000    
  28252800.0   10.84100543   11.0716   0.000       0.000      0.2306E-02  0.3817E-06 -0.2472E-01  0.2242E-01   0.000       0.000       0.000       0.000        0.000       0.000       0.000       0.000       0.000       0.000                            0.3817E-06  0.3817E-06   0.000    
  28339200.0   10.82941183   11.0594   0.000       0.000      0.2300E-02  0.6709E-06 -0.2468E-01  0.2238E-01   0.000       0.000       0.000       0.000        0.000       0.000       0.000       0.000       0.000       0.000                            0.6709E-06  0.6709E-06   0.000    
  28425600.0   10.81627011   11.0454   0.000       0.000      0.2292E-02  0.7605E-06 -0.2459E-01  0.2230E-01   0.000       0.000       0.000       0.000        0.000       0.000       0.000       0.000       0.000       0.000                            0.7605E-06  0.7605E-06   0.000    
  28512000.0   10.80276099   11.0309   0.000       0.000      0.2282E-02  0.7818E-06 -0.2449E-01  0.2221E-01   0.000       0.000       0.000       0.000        0.000       0.000       0.000       0.000       0.000       0.000                            0.7818E-06  0.7818E-06   0.000    
  28598400.0   10.78929907   11.0164   0.000       0.000      0.2271E-02  0.7790E-06 -0.2437E-01  0.2210E-01   0.000       0.000       0.000       0.000        0.000       0.000       0.000       0.000       0.000       0.000                            0.7790E-06  0.7790E-06   0.000    
  28684800.0   10.77613625   11.0021   0.000       0.000      0.2259E-02  0.7617E-06 -0.2425E-01  0.2199E-01   0.000       0.000       0.000       0.000        0.000       0.000       0.000       0.000       0.000       0.000                            0.7617E-06  0.7617E-06   0.000    
  28771200.0   10.76334954   10.9881   0.000       0.000      0.2248E-02  0.7400E-06 -0.2413E-01  0.2188E-01   0.000       0.000       0.000       0.000        0.000       0.000       0.000       0.000       0.000       0.000                            0.7400E-06  0.7400E-06   0.000    
  28857600.0   10.75100430   10.9746   0.000       0.000      0.2236E-02  0.7144E-06 -0.2400E-01  0.2176E-01   0.000       0.000       0.000       0.000        0.000       0.000       0.000       0.000       0.000       0.000                            0.7144E-06  0.7144E-06   0.000    
  28944000.0   10.73898701   10.9614   0.000       0.000      0.2224E-02  0.6954E-06 -0.2387E-01  0.2164E-01   0.000       0.000       0.000       0.000        0.000       0.000       0.000       0.000       0.000       0.000                            0.6954E-06  0.6954E-06   0.000    
  29030400.0   10.72726602   10.9485   0.000       0.000      0.2212E-02  0.6783E-06 -0.2374E-01  0.2152E-01   0.000       0.000       0.000       0.000        0.000       0.000       0.000       0.000       0.000       0.000                            0.6783E-06  0.6783E-06   0.000    
  29116800.0   10.71598561   10.9360   0.000       0.000      0.2201E-02  0.6528E-06 -0.2360E-01  0.2140E-01   0.000       0.000       0.000       0.000        0.000       0.000       0.000       0.000       0.000       0.000                            0.6528E-06  0.6528E-06   0.000    
  29203200.0   10.70492658   10.9238   0.000       0.000      0.2189E-02  0.6400E-06 -0.2347E-01  0.2128E-01   0.000       0.000       0.000       0.000        0.000       0.000       0.000       0.000       0.000       0.000                            0.6400E-06  0.6400E-06   0.000    
  29289600.0   10.69430449   10.9120   0.000       0.000      0.2177E-02  0.6147E-06 -0.2334E-01  0.2116E-01   0.000       0.000       0.000       0.000        0.000       0.000       0.000       0.000       0.000       0.000                            0.6147E-06  0.6147E-06   0.000    
  29376000.0   10.68416546   10.9008   0.000       0.000      0.2166E-02  0.5867E-06 -0.2321E-01  0.2104E-01   0.000       0.000       0.000       0.000        0.000       0.000       0.000       0.000       0.000       0.000                            0.5867E-06  0.5867E-06   0.000    
  29462400.0   10.67450175   10.8900   0.000       0.000      0.2155E-02  0.5592E-06 -0.2308E-01  0.2093E-01   0.000       0.000       0.000       0.000        0.000       0.000       0.000       0.000       0.000       0.000                            0.5592E-06  0.5592E-06   0.000    
  29548800.0   10.66518031   10.8796   0.000       0.000      0.2144E-02  0.5394E-06 -0.2296E-01  0.2081E-01   0.000       0.000       0.000       0.000        0.000       0.000       0.000       0.000       0.000       0.000                            0.5394E-06  0.5394E-06   0.000    
  29635200.0   10.65617343   10.8695   0.000       0.000      0.2133E-02  0.5212E-06 -0.2283E-01  0.2070E-01   0.000       0.000       0.000       0.000        0.000       0.000       0.000       0.000       0.000       0.000                            0.5212E-06  0.5212E-06   0.000    
  29721600.0   10.64748803   10.8597   0.000       0.000      0.2122E-02  0.5026E-06 -0.2271E-01  0.2059E-01   0.000       0.000       0.000       0.000        0.000       0.000       0.000       0.000       0.000       0.000                            0.5026E-06  0.5026E-06   0.000    
  29808000.0   10.63902285   10.8502   0.000       0.000      0.2112E-02  0.4899E-06 -0.2259E-01  0.2048E-01   0.000       0.000       0.000       0.000        0.000       0.000       0.000       0.000       0.000       0.000                            0.4899E-06  0.4899E-06   0.000    
  29894400.0   10.63081315   10.8410   0.000       0.000      0.2102E-02  0.4751E-06 -0.2247E-01  0.2037E-01   0.000       0.000       0.000       0.000        0.000       0.000       0.000       0.000       0.000       0.000                            0.4751E-06  0.4751E-06   0.000    
  29980800.0   10.62284711   10.8320   0.000       0.000      0.2092E-02  0.4610E-06 -0.2235E-01  0.2026E-01   0.000       0.000       0.000       0.000        0.000       0.000       0.000       0.000       0.000       0.000                            0.4610E-06  0.4610E-06   0.000    
  30067200.0   10.61518990   10.8234   0.000       0.000      0.2082E-02  0.4431E-06 -0.2224E-01  0.2015E-01   0.000       0.000       0.000       0.000        0.000       0.000       0.000       0.000       0.000       0.000                            0.4431E-06  0.4431E-06   0.000    
  30153600.0   10.60780293   10.8150   0.000       0.000      0.2072E-02  0.4275E-06 -0.2212E-01  0.2005E-01   0.000       0.000       0.000       0.000        0.000       0.000       0.000       0.000       0.000       0.000                            0.4275E-06  0.4275E-06   0.000    
  30240000.0   10.60067597   10.8069   0.000       0.000      0.2062E-02  0.4124E-06 -0.2201E-01  0.1995E-01   0.000       0.000       0.000       0.000        0.000       0.000       0.000       0.000       0.000       0.000                            0.4124E-06  0.4124E-06   0.000    
  30326400.0   10.59375731   10.7991   0.000       0.000      0.2053E-02  0.4004E-06 -0.2190E-01  0.1985E-01   0.000       0.000       0.000       0.000        0.000       0.000       0.000       0.000       0.000       0.000                            0.4004E-06  0.4004E-06   0.000    
  30412800.0   10.58705022   10.7914   0.000       0.000      0.2044E-02  0.3881E-06 -0.2179E-01  0.1975E-01   0.000       0.000       0.000       0.000        0.000       0.000       0.000       0.000       0.000       0.000                            0.3881E-06  0.3881E-06   0.000    
  30499200.0   10.58056193   10.7840   0.000       0.000      0.2035E-02  0.3755E-06 -0.2169E-01  0.1965E-01   0.000       0.000       0.000       0.000        0.000       0.000       0.000       0.000       0.000       0.000                            0.3755E-06  0.3755E-06   0.000    
  30585600.0   10.57426830   10.7769   0.000       0.000      0.2026E-02  0.3642E-06 -0.2158E-01  0.1956E-01   0.000       0.000       0.000       0.000        0.000       0.000       0.000       0.000       0.000       0.000                            0.3642E-06  0.3642E-06   0.000    
  30672000.0   10.56816970   10.7699   0.000       0.000      0.2017E-02  0.3529E-06 -0.2148E-01  0.1946E-01   0.000       0.000       0.000       0.000        0.000       0.000       0.000       0.000       0.000       0.000                            0.3529E-06  0.3529E-06   0.000    
  30758400.0   10.56225487   10.7631   0.000       0.000      0.2009E-02  0.3423E-06 -0.2138E-01  0.1937E-01   0.000       0.000       0.000       0.000        0.000       0.000       0.000       0.000       0.000       0.000                            0.3423E-06  0.3423E-06   0.000    
  30844800.0   10.55651303   10.7565   0.000       0.000      0.2000E-02  0.3323E-06 -0.2128E-01  0.1928E-01   0.000       0.000       0.000       0.000        0.000       0.000       0.000       0.000       0.000       0.000                            0.3323E-06  0.3323E-06   0.000    
  30931200.0   10.55092420   10.7501   0.000       0.000      0.1992E-02  0.3234E-06 -0.2118E-01  0.1919E-01   0.000       0.000       0.000       0.000        0.000       0.000       0.000       0.000       0.000       0.000                            0.3234E-06  0.3234E-06   0.000    
  31017600.0   10.54548252   10.7439   0.000       0.000      0.1984E-02  0.3149E-06 -0.2109E-01  0.1910E-01   0.000       0.000       0.000       0.000        0.000       0.000       0.000       0.000       0.000       0.000                            0.3149E-06  0.3149E-06   0.000    
  31104000.0   10.54019211   10.7378   0.000       0.000      0.1976E-02  0.3062E-06 -0.2099E-01  0.1902E-01   0.000       0.000       0.000       0.000        0.000       0.000       0.000       0.000       0.000       0.000                            0.3062E-06  0.3062E-06   0.000    
  31190400.0   10.53504507   10.7318   0.000       0.000      0.1968E-02  0.2979E-06 -0.2090E-01  0.1893E-01   0.000       0.000       0.000       0.000        0.000       0.000       0.000       0.000       0.000       0.000                            0.2979E-06  0.2979E-06   0.000    
  31276800.0   10.53084569   10.7269   0.000       0.000      0.1961E-02  0.2430E-06 -0.2082E-01  0.1886E-01   0.000       0.000       0.000       0.000        0.000       0.000       0.000       0.000       0.000       0.000                            0.2430E-06  0.2430E-06   0.000    
  31363200.0   10.52586524   10.7212   0.000       0.000      0.1953E-02  0.2882E-06 -0.2073E-01  0.1878E-01   0.000       0.000       0.000       0.000        0.000       0.000       0.000       0.000       0.000       0.000                            0.2882E-06  0.2882E-06   0.000    
  31449600.0   10.52102769   10.7156   0.000       0.000      0.1946E-02  0.2800E-06 -0.2064E-01  0.1870E-01   0.000       0.000       0.000       0.000        0.000       0.000       0.000       0.000       0.000       0.000                            0.2800E-06  0.2800E-06   0.000    
  31536000.0   10.51631834   10.7102   0.000       0.000      0.1938E-02  0.2725E-06 -0.2056E-01  0.1862E-01   0.000       0.000       0.000       0.000        0.000       0.000       0.000       0.000       0.000       0.000                            0.2725E-06  0.2725E-06   0.000    
  31622400.0   10.51131718   10.7044   0.000       0.000      0.1931E-02  0.2894E-06 -0.2047E-01  0.1853E-01   0.000       0.000       0.000       0.000        0.000       0.000       0.000       0.000       0.000       0.000                            0.2894E-06  0.2894E-06   0.000    
