   TOTIM (T)          HCON      HMAT     QDIR      QWELL        QMAT QCADS<->CON       QTUB1       QTUB2       QTUB3       QTUB4       QTUB5       QTUB6       NSTOR        QFIX        QLH     FHLQ (LQ)      CAUCHY CAUCHY (LQ) BREAK-DOWN CADS FLOW  QCADS<->CON    Q_CDSSTO    Q_CDSRCH
     86400.0   10.78735639   10.9937   0.000       0.000      0.2064E-02   0.000     -0.5003E-01  0.4797E-01   0.000       0.000       0.000       0.000        0.000       0.000       0.000       0.000       0.000       0.000                             0.000       0.000       0.000    
    172800.0   10.76993014   10.9750   0.000       0.000      0.2051E-02  0.1008E-05 -0.4960E-01  0.4755E-01   0.000       0.000       0.000       0.000        0.000       0.000       0.000       0.000       0.000       0.000                            0.1008E-05  0.1008E-05   0.000    
    259200.0   10.77029554   10.9753   0.000       0.000      0.2050E-02 -0.2115E-07 -0.4955E-01  0.4750E-01   0.000       0.000       0.000       0.000        0.000       0.000       0.000       0.000       0.000       0.000                           -0.2115E-07 -0.2115E-07   0.000    
    345600.0   10.76872473   10.9735   0.000       0.000      0.2048E-02  0.9090E-07 -0.4948E-01  0.4743E-01   0.000       0.000       0.000       0.000        0.000       0.000       0.000       0.000       0.000       0.000                            0.9090E-07  0.9090E-07   0.000    
    432000.0   10.78036859   10.9859   0.000       0.000      0.2056E-02 -0.6738E-06 -0.4975E-01  0.4770E-01   0.000       0.000       0.000       0.000        0.000       0.000       0.000       0.000       0.000       0.000                           -0.6738E-06 -0.6738E-06   0.000    
    518400.0   10.78727653   10.9934   0.000       0.000      0.2061E-02 -0.3998E-06 -0.4994E-01  0.4788E-01   0.000       0.000       0.000       0.000        0.000       0.000       0.000       0.000       0.000       0.000                           -0.3998E-06 -0.3998E-06   0.000    
    604800.0   10.78929057   10.9956   0.000       0.000      0.2063E-02 -0.1166E-06 -0.5003E-01  0.4796E-01   0.000       0.000       0.000       0.000        0.000       0.000       0.000       0.000       0.000       0.000                           -0.1166E-06 -0.1166E-06   0.000    
    691200.0   10.80712042   11.0148   0.000       0.000      0.2077E-02 -0.1032E-05 -0.5049E-01  0.4842E-01   0.000       0.000       0.000       0.000        0.000       0.000       0.000       0.000       0.000       0.000                           -0.1032E-05 -0.1032E-05   0.000    
    777600.0   10.85562132   11.0670   0.000       0.000      0.2113E-02 -0.2807E-05 -0.5171E-01  0.4960E-01   0.000       0.000       0.000       0.000        0.000       0.000       0.000       0.000       0.000       0.000                           -0.2807E-05 -0.2807E-05   0.000    
    864000.0   10.92705632   11.1437   0.000       0.000      0.2167E-02 -0.4134E-05 -0.5351E-01  0.5135E-01   0.000       0.000       0.000       0.000        0.000       0.000       0.000       0.000       0.000       0.000                           -0.4134E-05 -0.4134E-05   0.000    
    950400.0   10.95916947   11.1788   0.000       0.000      0.2196E-02 -0.1858E-05 -0.5453E-01  0.5234E-01   0.000       0.000       0.000       0.000        0.000       0.000       0.000       0.000       0.000       0.000                           -0.1858E-05 -0.1858E-05   0.000    
   1036800.0   11.03681031   11.2621   0.000       0.000      0.2253E-02 -0.4493E-05 -0.5642E-01  0.5417E-01   0.000       0.000       0.000       0.000        0.000       0.000       0.000       0.000       0.000       0.000                           -0.4493E-05 -0.4493E-05   0.000    
   1123200.0   11.17671121   11.4112   0.000       0.000      0.2345E-02 -0.8096E-05 -0.5946E-01  0.5712E-01   0.000       0.000       0.000       0.000        0.000       0.000       0.000       0.000       0.000       0.000                           -0.8096E-05 -0.8096E-05   0.000    
   1209600.0   11.15928957   11.3945   0.000       0.000      0.2352E-02  0.1008E-05 -0.5979E-01  0.5744E-01   0.000       0.000       0.000       0.000        0.000       0.000       0.000       0.000       0.000       0.000                            0.1008E-05  0.1008E-05   0.000    
   1296000.0   11.13840706   11.3735   0.000       0.000      0.2351E-02  0.1208E-05 -0.5976E-01  0.5741E-01   0.000       0.000       0.000       0.000        0.000       0.000       0.000       0.000       0.000       0.000                            0.1208E-05  0.1208E-05   0.000    
   1382400.0   11.11746038   11.3519   0.000       0.000      0.2345E-02  0.1212E-05 -0.5949E-01  0.5714E-01   0.000       0.000       0.000       0.000        0.000       0.000       0.000       0.000       0.000       0.000                            0.1212E-05  0.1212E-05   0.000    
   1468800.0   11.09673431   11.3304   0.000       0.000      0.2336E-02  0.1199E-05 -0.5913E-01  0.5679E-01   0.000       0.000       0.000       0.000        0.000       0.000       0.000       0.000       0.000       0.000                            0.1199E-05  0.1199E-05   0.000    
   1555200.0   11.07456324   11.3071   0.000       0.000      0.2326E-02  0.1283E-05 -0.5868E-01  0.5635E-01   0.000       0.000       0.000       0.000        0.000       0.000       0.000       0.000       0.000       0.000                            0.1283E-05  0.1283E-05   0.000    
   1641600.0   11.05232105   11.2836   0.000       0.000      0.2313E-02  0.1287E-05 -0.5818E-01  0.5586E-01   0.000       0.000       0.000       0.000        0.000       0.000       0.000       0.000       0.000       0.000                            0.1287E-05  0.1287E-05   0.000    
   1728000.0   11.03349011   11.2637   0.000       0.000      0.2302E-02  0.1090E-05 -0.5771E-01  0.5541E-01   0.000       0.000       0.000       0.000        0.000       0.000       0.000       0.000       0.000       0.000                            0.1090E-05  0.1090E-05   0.000    
   1814400.0   11.01691598   11.2460   0.000       0.000      0.2291E-02  0.9592E-06 -0.5728E-01  0.5499E-01   0.000       0.000       0.000       0.000        0.000       0.000       0.000       0.000       0.000       0.000                            0.9592E-06  0.9592E-06   0.000    
   1900800.0   10.99844401   11.2263   0.000       0.000      0.2279E-02  0.1069E-05 -0.5679E-01  0.5451E-01   0.000       0.000       0.000       0.000        0.000       0.000       0.000       0.000       0.000       0.000                            0.1069E-05  0.1069E-05   0.000    
   1987200.0   10.98144416   11.2082   0.000       0.000      0.2267E-02  0.9838E-06 -0.5634E-01  0.5407E-01   0.000       0.000       0.000       0.000        0.000       0.000       0.000       0.000       0.000       0.000                            0.9838E-06  0.9838E-06   0.000    
   2073600.0   10.96745204   11.1931   0.000       0.000      0.2257E-02  0.8097E-06 -0.5594E-01  0.5368E-01   0.000       0.000       0.000       0.000        0.000       0.000       0.000       0.000       0.000       0.000                            0.8097E-06  0.8097E-06   0.000    
   2160000.0   10.95123248   11.1757   0.000       0.000      0.2245E-02  0.9386E-06 -0.5549E-01  0.5324E-01   0.000       0.000       0.000       0.000        0.000       0.000       0.000       0.000       0.000       0.000                            0.9386E-06  0.9386E-06   0.000    
   2246400.0   10.93519840   11.1585   0.000       0.000      0.2233E-02  0.9279E-06 -0.5504E-01  0.5281E-01   0.000       0.000       0.000       0.000        0.000       0.000       0.000       0.000       0.000       0.000                            0.9279E-06  0.9279E-06   0.000    
   2332800.0   10.91960563   11.1417   0.000       0.000      0.2221E-02  0.9024E-06 -0.5458E-01  0.5236E-01   0.000       0.000       0.000       0.000        0.000       0.000       0.000       0.000       0.000       0.000                            0.9024E-06  0.9024E-06   0.000    
   2419200.0   10.90439682   11.1252   0.000       0.000      0.2208E-02  0.8801E-06 -0.5413E-01  0.5192E-01   0.000       0.000       0.000       0.000        0.000       0.000       0.000       0.000       0.000       0.000                            0.8801E-06  0.8801E-06   0.000    
   2505600.0   10.89757130   11.1177   0.000       0.000      0.2201E-02  0.3950E-06 -0.5386E-01  0.5166E-01   0.000       0.000       0.000       0.000        0.000       0.000       0.000       0.000       0.000       0.000                            0.3950E-06  0.3950E-06   0.000    
   2592000.0   10.88755102   11.1068   0.000       0.000      0.2193E-02  0.5799E-06 -0.5356E-01  0.5136E-01   0.000       0.000       0.000       0.000        0.000       0.000       0.000       0.000       0.000       0.000                            0.5799E-06  0.5799E-06   0.000    
   2678400.0   10.90641792   11.1268   0.000       0.000      0.2204E-02 -0.1092E-05 -0.5390E-01  0.5170E-01   0.000       0.000       0.000       0.000        0.000       0.000       0.000       0.000       0.000       0.000                           -0.1092E-05 -0.1092E-05   0.000    
   2764800.0   10.98140038   11.2067   0.000       0.000      0.2253E-02 -0.4339E-05 -0.5551E-01  0.5326E-01   0.000       0.000       0.000       0.000        0.000       0.000       0.000       0.000       0.000       0.000                           -0.4339E-05 -0.4339E-05   0.000    
   2851200.0   11.16574526   11.4027   0.000       0.000      0.2369E-02 -0.1067E-04 -0.5932E-01  0.5696E-01   0.000       0.000       0.000       0.000        0.000       0.000       0.000       0.000       0.000       0.000                           -0.1067E-04 -0.1067E-04   0.000    
   2937600.0   11.13213825   11.3687   0.000       0.000      0.2366E-02  0.1945E-05 -0.5938E-01  0.5702E-01   0.000       0.000       0.000       0.000        0.000       0.000       0.000       0.000       0.000       0.000                            0.1945E-05  0.1945E-05   0.000    
   3024000.0   11.13881703   11.3767   0.000       0.000      0.2379E-02 -0.3865E-06 -0.5982E-01  0.5745E-01   0.000       0.000       0.000       0.000        0.000       0.000       0.000       0.000       0.000       0.000                           -0.3865E-06 -0.3865E-06   0.000    
   3110400.0   11.14043781   11.3790   0.000       0.000      0.2386E-02 -0.9380E-07 -0.6002E-01  0.5764E-01   0.000       0.000       0.000       0.000        0.000       0.000       0.000       0.000       0.000       0.000                           -0.9380E-07 -0.9380E-07   0.000    
   3196800.0   11.12862660   11.3669   0.000       0.000      0.2383E-02  0.6835E-06 -0.5991E-01  0.5752E-01   0.000       0.000       0.000       0.000        0.000       0.000       0.000       0.000       0.000       0.000                            0.6835E-06  0.6835E-06   0.000    
   3283200.0   11.11065865   11.3482   0.000       0.000      0.2376E-02  0.1040E-05 -0.5962E-01  0.5724E-01   0.000       0.000       0.000       0.000        0.000       0.000       0.000       0.000       0.000       0.000                            0.1040E-05  0.1040E-05   0.000    
   3369600.0   11.11335603   11.3513   0.000       0.000      0.2379E-02 -0.1561E-06 -0.5965E-01  0.5727E-01   0.000       0.000       0.000       0.000        0.000       0.000       0.000       0.000       0.000       0.000                           -0.1561E-06 -0.1561E-06   0.000    
   3456000.0   11.12796489   11.3669   0.000       0.000      0.2389E-02 -0.8454E-06 -0.5992E-01  0.5753E-01   0.000       0.000       0.000       0.000        0.000       0.000       0.000       0.000       0.000       0.000                           -0.8454E-06 -0.8454E-06   0.000    
   3542400.0   11.15076002   11.3913   0.000       0.000      0.2405E-02 -0.1319E-05 -0.6041E-01  0.5800E-01   0.000       0.000       0.000       0.000        0.000       0.000       0.000       0.000       0.000       0.000                           -0.1319E-05 -0.1319E-05   0.000    
   3628800.0   11.15927611   11.4007   0.000       0.000      0.2414E-02 -0.4928E-06 -0.6067E-01  0.5826E-01   0.000       0.000       0.000       0.000        0.000       0.000       0.000       0.000       0.000       0.000                           -0.4928E-06 -0.4928E-06   0.000    
   3715200.0   11.14766387   11.3888   0.000       0.000      0.2411E-02  0.6720E-06 -0.6055E-01  0.5814E-01   0.000       0.000       0.000       0.000        0.000       0.000       0.000       0.000       0.000       0.000                            0.6720E-06  0.6720E-06   0.000    
   3801600.0   11.15136882   11.3930   0.000       0.000      0.2416E-02 -0.2144E-06 -0.6064E-01  0.5823E-01   0.000       0.000       0.000       0.000        0.000       0.000       0.000       0.000       0.000       0.000                           -0.2144E-06 -0.2144E-06   0.000    
   3888000.0   11.16417529   11.4067   0.000       0.000      0.2426E-02 -0.7411E-06 -0.6091E-01  0.5848E-01   0.000       0.000       0.000       0.000        0.000       0.000       0.000       0.000       0.000       0.000                           -0.7411E-06 -0.7411E-06   0.000    
   3974400.0   11.19292940   11.4374   0.000       0.000      0.2445E-02 -0.1664E-05 -0.6149E-01  0.5904E-01   0.000       0.000       0.000       0.000        0.000       0.000       0.000       0.000       0.000       0.000                           -0.1664E-05 -0.1664E-05   0.000    
   4060800.0   11.21613779   11.4623   0.000       0.000      0.2462E-02 -0.1343E-05 -0.6201E-01  0.5955E-01   0.000       0.000       0.000       0.000        0.000       0.000       0.000       0.000       0.000       0.000                           -0.1343E-05 -0.1343E-05   0.000    
   4147200.0   11.20446788   11.4505   0.000       0.000      0.2461E-02  0.6753E-06 -0.6196E-01  0.5950E-01   0.000       0.000       0.000       0.000        0.000       0.000       0.000       0.000       0.000       0.000                            0.6753E-06  0.6753E-06   0.000    
   4233600.0   11.18618261   11.4315   0.000       0.000      0.2454E-02  0.1058E-05 -0.6168E-01  0.5923E-01   0.000       0.000       0.000       0.000        0.000       0.000       0.000       0.000       0.000       0.000                            0.1058E-05  0.1058E-05   0.000    
   4320000.0   11.17091747   11.4156   0.000       0.000      0.2447E-02  0.8834E-06 -0.6140E-01  0.5895E-01   0.000       0.000       0.000       0.000        0.000       0.000       0.000       0.000       0.000       0.000                            0.8834E-06  0.8834E-06   0.000    
   4406400.0   11.15454834   11.3983   0.000       0.000      0.2438E-02  0.9473E-06 -0.6104E-01  0.5860E-01   0.000       0.000       0.000       0.000        0.000       0.000       0.000       0.000       0.000       0.000                            0.9473E-06  0.9473E-06   0.000    
   4492800.0   11.14145942   11.3845   0.000       0.000      0.2430E-02  0.7575E-06 -0.6073E-01  0.5830E-01   0.000       0.000       0.000       0.000        0.000       0.000       0.000       0.000       0.000       0.000                            0.7575E-06  0.7575E-06   0.000    
   4579200.0   11.12449305   11.3665   0.000       0.000      0.2420E-02  0.9819E-06 -0.6034E-01  0.5792E-01   0.000       0.000       0.000       0.000        0.000       0.000       0.000       0.000       0.000       0.000                            0.9819E-06  0.9819E-06   0.000    
   4665600.0   11.10657128   11.3475   0.000       0.000      0.2409E-02  0.1037E-05 -0.5991E-01  0.5750E-01   0.000       0.000       0.000       0.000        0.000       0.000       0.000       0.000       0.000       0.000                            0.1037E-05  0.1037E-05   0.000    
   4752000.0   11.13212767   11.3744   0.000       0.000      0.2423E-02 -0.1479E-05 -0.6030E-01  0.5788E-01   0.000       0.000       0.000       0.000        0.000       0.000       0.000       0.000       0.000       0.000                           -0.1479E-05 -0.1479E-05   0.000    
   4838400.0   11.16911882   11.4136   0.000       0.000      0.2445E-02 -0.2141E-05 -0.6099E-01  0.5855E-01   0.000       0.000       0.000       0.000        0.000       0.000       0.000       0.000       0.000       0.000                           -0.2141E-05 -0.2141E-05   0.000    
   4924800.0   11.21062085   11.4578   0.000       0.000      0.2472E-02 -0.2402E-05 -0.6185E-01  0.5938E-01   0.000       0.000       0.000       0.000        0.000       0.000       0.000       0.000       0.000       0.000                           -0.2402E-05 -0.2402E-05   0.000    
   5011200.0   11.23651349   11.4857   0.000       0.000      0.2492E-02 -0.1498E-05 -0.6250E-01  0.6001E-01   0.000       0.000       0.000       0.000        0.000       0.000       0.000       0.000       0.000       0.000                           -0.1498E-05 -0.1498E-05   0.000    
   5097600.0   11.22394182   11.4729   0.000       0.000      0.2490E-02  0.7275E-06 -0.6246E-01  0.5997E-01   0.000       0.000       0.000       0.000        0.000       0.000       0.000       0.000       0.000       0.000                            0.7275E-06  0.7275E-06   0.000    
   5184000.0   11.20539671   11.4537   0.000       0.000      0.2483E-02  0.1073E-05 -0.6222E-01  0.5973E-01   0.000       0.000       0.000       0.000        0.000       0.000       0.000       0.000       0.000       0.000                            0.1073E-05  0.1073E-05   0.000    
   5270400.0   11.18909374   11.4366   0.000       0.000      0.2475E-02  0.9435E-06 -0.6190E-01  0.5943E-01   0.000       0.000       0.000       0.000        0.000       0.000       0.000       0.000       0.000       0.000                            0.9435E-06  0.9435E-06   0.000    
   5356800.0   11.17039263   11.4169   0.000       0.000      0.2465E-02  0.1082E-05 -0.6153E-01  0.5906E-01   0.000       0.000       0.000       0.000        0.000       0.000       0.000       0.000       0.000       0.000                            0.1082E-05  0.1082E-05   0.000    
   5443200.0   11.17993873   11.4270   0.000       0.000      0.2470E-02 -0.5524E-06 -0.6162E-01  0.5915E-01   0.000       0.000       0.000       0.000        0.000       0.000       0.000       0.000       0.000       0.000                           -0.5524E-06 -0.5524E-06   0.000    
   5529600.0   11.19230462   11.4401   0.000       0.000      0.2478E-02 -0.7156E-06 -0.6183E-01  0.5935E-01   0.000       0.000       0.000       0.000        0.000       0.000       0.000       0.000       0.000       0.000                           -0.7156E-06 -0.7156E-06   0.000    
   5616000.0   11.20569137   11.4544   0.000       0.000      0.2487E-02 -0.7747E-06 -0.6211E-01  0.5962E-01   0.000       0.000       0.000       0.000        0.000       0.000       0.000       0.000       0.000       0.000                           -0.7747E-06 -0.7747E-06   0.000    
   5702400.0   11.21433970   11.4638   0.000       0.000      0.2495E-02 -0.5005E-06 -0.6232E-01  0.5983E-01   0.000       0.000       0.000       0.000        0.000       0.000       0.000       0.000       0.000       0.000                           -0.5005E-06 -0.5005E-06   0.000    
   5788800.0   11.20999295   11.4595   0.000       0.000      0.2495E-02  0.2515E-06 -0.6231E-01  0.5981E-01   0.000       0.000       0.000       0.000        0.000       0.000       0.000       0.000       0.000       0.000                            0.2515E-06  0.2515E-06   0.000    
   5875200.0   11.21088774   11.4606   0.000       0.000      0.2497E-02 -0.5178E-07 -0.6235E-01  0.5985E-01   0.000       0.000       0.000       0.000        0.000       0.000       0.000       0.000       0.000       0.000                           -0.5178E-07 -0.5178E-07   0.000    
   5961600.0   11.20671245   11.4564   0.000       0.000      0.2496E-02  0.2416E-06 -0.6229E-01  0.5979E-01   0.000       0.000       0.000       0.000        0.000       0.000       0.000       0.000       0.000       0.000                            0.2416E-06  0.2416E-06   0.000    
   6048000.0   11.19410716   11.4431   0.000       0.000      0.2490E-02  0.7295E-06 -0.6206E-01  0.5957E-01   0.000       0.000       0.000       0.000        0.000       0.000       0.000       0.000       0.000       0.000                            0.7295E-06  0.7295E-06   0.000    
   6134400.0   11.17762739   11.4258   0.000       0.000      0.2482E-02  0.9537E-06 -0.6174E-01  0.5926E-01   0.000       0.000       0.000       0.000        0.000       0.000       0.000       0.000       0.000       0.000                            0.9537E-06  0.9537E-06   0.000    
   6220800.0   11.15964369   11.4067   0.000       0.000      0.2471E-02  0.1041E-05 -0.6134E-01  0.5887E-01   0.000       0.000       0.000       0.000        0.000       0.000       0.000       0.000       0.000       0.000                            0.1041E-05  0.1041E-05   0.000    
   6307200.0   11.14100773   11.3869   0.000       0.000      0.2459E-02  0.1078E-05 -0.6092E-01  0.5846E-01   0.000       0.000       0.000       0.000        0.000       0.000       0.000       0.000       0.000       0.000                            0.1078E-05  0.1078E-05   0.000    
   6393600.0   11.12249365   11.3671   0.000       0.000      0.2446E-02  0.1071E-05 -0.6046E-01  0.5801E-01   0.000       0.000       0.000       0.000        0.000       0.000       0.000       0.000       0.000       0.000                            0.1071E-05  0.1071E-05   0.000    
   6480000.0   11.10412538   11.3475   0.000       0.000      0.2434E-02  0.1063E-05 -0.6000E-01  0.5757E-01   0.000       0.000       0.000       0.000        0.000       0.000       0.000       0.000       0.000       0.000                            0.1063E-05  0.1063E-05   0.000    
   6566400.0   11.08612071   11.3282   0.000       0.000      0.2420E-02  0.1042E-05 -0.5953E-01  0.5711E-01   0.000       0.000       0.000       0.000        0.000       0.000       0.000       0.000       0.000       0.000                            0.1042E-05  0.1042E-05   0.000    
   6652800.0   11.06831626   11.3091   0.000       0.000      0.2407E-02  0.1030E-05 -0.5907E-01  0.5666E-01   0.000       0.000       0.000       0.000        0.000       0.000       0.000       0.000       0.000       0.000                            0.1030E-05  0.1030E-05   0.000    
   6739200.0   11.05116214   11.2905   0.000       0.000      0.2394E-02  0.9927E-06 -0.5860E-01  0.5620E-01   0.000       0.000       0.000       0.000        0.000       0.000       0.000       0.000       0.000       0.000                            0.9927E-06  0.9927E-06   0.000    
   6825600.0   11.03403658   11.2721   0.000       0.000      0.2381E-02  0.9911E-06 -0.5814E-01  0.5576E-01   0.000       0.000       0.000       0.000        0.000       0.000       0.000       0.000       0.000       0.000                            0.9911E-06  0.9911E-06   0.000    
   6912000.0   11.01720387   11.2539   0.000       0.000      0.2367E-02  0.9741E-06 -0.5766E-01  0.5529E-01   0.000       0.000       0.000       0.000        0.000       0.000       0.000       0.000       0.000       0.000                            0.9741E-06  0.9741E-06   0.000    
   6998400.0   11.00066365   11.2360   0.000       0.000      0.2353E-02  0.9572E-06 -0.5720E-01  0.5485E-01   0.000       0.000       0.000       0.000        0.000       0.000       0.000       0.000       0.000       0.000                            0.9572E-06  0.9572E-06   0.000    
   7084800.0   10.98478481   11.2187   0.000       0.000      0.2340E-02  0.9189E-06 -0.5675E-01  0.5440E-01   0.000       0.000       0.000       0.000        0.000       0.000       0.000       0.000       0.000       0.000                            0.9189E-06  0.9189E-06   0.000    
   7171200.0   10.96946828   11.2021   0.000       0.000      0.2326E-02  0.8864E-06 -0.5630E-01  0.5397E-01   0.000       0.000       0.000       0.000        0.000       0.000       0.000       0.000       0.000       0.000                            0.8864E-06  0.8864E-06   0.000    
   7257600.0   10.95454376   11.1858   0.000       0.000      0.2313E-02  0.8637E-06 -0.5586E-01  0.5355E-01   0.000       0.000       0.000       0.000        0.000       0.000       0.000       0.000       0.000       0.000                            0.8637E-06  0.8637E-06   0.000    
   7344000.0   10.94022015   11.1702   0.000       0.000      0.2300E-02  0.8289E-06 -0.5542E-01  0.5312E-01   0.000       0.000       0.000       0.000        0.000       0.000       0.000       0.000       0.000       0.000                            0.8289E-06  0.8289E-06   0.000    
   7430400.0   10.92732035   11.1561   0.000       0.000      0.2288E-02  0.7465E-06 -0.5503E-01  0.5274E-01   0.000       0.000       0.000       0.000        0.000       0.000       0.000       0.000       0.000       0.000                            0.7465E-06  0.7465E-06   0.000    
   7516800.0   10.91468392   11.1422   0.000       0.000      0.2275E-02  0.7313E-06 -0.5463E-01  0.5236E-01   0.000       0.000       0.000       0.000        0.000       0.000       0.000       0.000       0.000       0.000                            0.7313E-06  0.7313E-06   0.000    
   7603200.0   10.90167603   11.1280   0.000       0.000      0.2263E-02  0.7528E-06 -0.5424E-01  0.5198E-01   0.000       0.000       0.000       0.000        0.000       0.000       0.000       0.000       0.000       0.000                            0.7528E-06  0.7528E-06   0.000    
   7689600.0   10.88914794   11.1142   0.000       0.000      0.2251E-02  0.7250E-06 -0.5384E-01  0.5159E-01   0.000       0.000       0.000       0.000        0.000       0.000       0.000       0.000       0.000       0.000                            0.7250E-06  0.7250E-06   0.000    
   7776000.0   10.87748988   11.1014   0.000       0.000      0.2239E-02  0.6747E-06 -0.5348E-01  0.5124E-01   0.000       0.000       0.000       0.000        0.000       0.000       0.000       0.000       0.000       0.000                            0.6747E-06  0.6747E-06   0.000    
   7862400.0   10.86578416   11.0885   0.000       0.000      0.2227E-02  0.6774E-06 -0.5310E-01  0.5087E-01   0.000       0.000       0.000       0.000        0.000       0.000       0.000       0.000       0.000       0.000                            0.6774E-06  0.6774E-06   0.000    
   7948800.0   10.85438335   11.0759   0.000       0.000      0.2215E-02  0.6598E-06 -0.5274E-01  0.5053E-01   0.000       0.000       0.000       0.000        0.000       0.000       0.000       0.000       0.000       0.000                            0.6598E-06  0.6598E-06   0.000    
   8035200.0   10.84342301   11.0638   0.000       0.000      0.2203E-02  0.6343E-06 -0.5238E-01  0.5017E-01   0.000       0.000       0.000       0.000        0.000       0.000       0.000       0.000       0.000       0.000                            0.6343E-06  0.6343E-06   0.000    
   8121600.0   10.83271156   11.0519   0.000       0.000      0.2192E-02  0.6199E-06 -0.5204E-01  0.4984E-01   0.000       0.000       0.000       0.000        0.000       0.000       0.000       0.000       0.000       0.000                            0.6199E-06  0.6199E-06   0.000    
   8208000.0   10.82240730   11.0405   0.000       0.000      0.2181E-02  0.5963E-06 -0.5169E-01  0.4951E-01   0.000       0.000       0.000       0.000        0.000       0.000       0.000       0.000       0.000       0.000                            0.5963E-06  0.5963E-06   0.000    
   8294400.0   10.81230652   11.0293   0.000       0.000      0.2170E-02  0.5845E-06 -0.5136E-01  0.4919E-01   0.000       0.000       0.000       0.000        0.000       0.000       0.000       0.000       0.000       0.000                            0.5845E-06  0.5845E-06   0.000    
   8380800.0   10.85777374   11.0777   0.000       0.000      0.2199E-02 -0.2631E-05 -0.5235E-01  0.5015E-01   0.000       0.000       0.000       0.000        0.000       0.000       0.000       0.000       0.000       0.000                           -0.2631E-05 -0.2631E-05   0.000    
   8467200.0   10.86222674   11.0825   0.000       0.000      0.2202E-02 -0.2577E-06 -0.5254E-01  0.5034E-01   0.000       0.000       0.000       0.000        0.000       0.000       0.000       0.000       0.000       0.000                           -0.2577E-06 -0.2577E-06   0.000    
   8553600.0   10.86299514   11.0833   0.000       0.000      0.2203E-02 -0.4447E-07 -0.5262E-01  0.5042E-01   0.000       0.000       0.000       0.000        0.000       0.000       0.000       0.000       0.000       0.000                           -0.4447E-07 -0.4447E-07   0.000    
   8640000.0   10.85892397   11.0789   0.000       0.000      0.2200E-02  0.2356E-06 -0.5255E-01  0.5035E-01   0.000       0.000       0.000       0.000        0.000       0.000       0.000       0.000       0.000       0.000                            0.2356E-06  0.2356E-06   0.000    
   8726400.0   10.85240706   11.0718   0.000       0.000      0.2194E-02  0.3771E-06 -0.5240E-01  0.5021E-01   0.000       0.000       0.000       0.000        0.000       0.000       0.000       0.000       0.000       0.000                            0.3771E-06  0.3771E-06   0.000    
   8812800.0   10.84470029   11.0634   0.000       0.000      0.2187E-02  0.4460E-06 -0.5220E-01  0.5001E-01   0.000       0.000       0.000       0.000        0.000       0.000       0.000       0.000       0.000       0.000                            0.4460E-06  0.4460E-06   0.000    
   8899200.0   10.83493811   11.0527   0.000       0.000      0.2178E-02  0.5649E-06 -0.5193E-01  0.4975E-01   0.000       0.000       0.000       0.000        0.000       0.000       0.000       0.000       0.000       0.000                            0.5649E-06  0.5649E-06   0.000    
   8985600.0   10.83168798   11.0490   0.000       0.000      0.2173E-02  0.1881E-06 -0.5180E-01  0.4963E-01   0.000       0.000       0.000       0.000        0.000       0.000       0.000       0.000       0.000       0.000                            0.1881E-06  0.1881E-06   0.000    
   9072000.0   10.83937176   11.0570   0.000       0.000      0.2177E-02 -0.4447E-06 -0.5194E-01  0.4976E-01   0.000       0.000       0.000       0.000        0.000       0.000       0.000       0.000       0.000       0.000                           -0.4447E-06 -0.4447E-06   0.000    
   9158400.0   10.83550452   11.0527   0.000       0.000      0.2172E-02  0.2238E-06 -0.5184E-01  0.4967E-01   0.000       0.000       0.000       0.000        0.000       0.000       0.000       0.000       0.000       0.000                            0.2238E-06  0.2238E-06   0.000    
   9244800.0   10.86308109   11.0822   0.000       0.000      0.2191E-02 -0.1596E-05 -0.5248E-01  0.5029E-01   0.000       0.000       0.000       0.000        0.000       0.000       0.000       0.000       0.000       0.000                           -0.1596E-05 -0.1596E-05   0.000    
   9331200.0   10.93300302   11.1569   0.000       0.000      0.2239E-02 -0.4046E-05 -0.5411E-01  0.5188E-01   0.000       0.000       0.000       0.000        0.000       0.000       0.000       0.000       0.000       0.000                           -0.4046E-05 -0.4046E-05   0.000    
   9417600.0   11.10345659   11.3385   0.000       0.000      0.2351E-02 -0.9864E-05 -0.5783E-01  0.5549E-01   0.000       0.000       0.000       0.000        0.000       0.000       0.000       0.000       0.000       0.000                           -0.9864E-05 -0.9864E-05   0.000    
   9504000.0   11.22897355   11.4726   0.000       0.000      0.2437E-02 -0.7264E-05 -0.6077E-01  0.5834E-01   0.000       0.000       0.000       0.000        0.000       0.000       0.000       0.000       0.000       0.000                           -0.7264E-05 -0.7264E-05   0.000    
   9590400.0   11.20630708   11.4505   0.000       0.000      0.2442E-02  0.1312E-05 -0.6113E-01  0.5868E-01   0.000       0.000       0.000       0.000        0.000       0.000       0.000       0.000       0.000       0.000                            0.1312E-05  0.1312E-05   0.000    
   9676800.0   11.17817870   11.4219   0.000       0.000      0.2437E-02  0.1628E-05 -0.6100E-01  0.5857E-01   0.000       0.000       0.000       0.000        0.000       0.000       0.000       0.000       0.000       0.000                            0.1628E-05  0.1628E-05   0.000    
   9763200.0   11.14814893   11.3907   0.000       0.000      0.2425E-02  0.1738E-05 -0.6058E-01  0.5816E-01   0.000       0.000       0.000       0.000        0.000       0.000       0.000       0.000       0.000       0.000                            0.1738E-05  0.1738E-05   0.000    
   9849600.0   11.11951810   11.3606   0.000       0.000      0.2411E-02  0.1657E-05 -0.6005E-01  0.5764E-01   0.000       0.000       0.000       0.000        0.000       0.000       0.000       0.000       0.000       0.000                            0.1657E-05  0.1657E-05   0.000    
   9936000.0   11.13793205   11.3801   0.000       0.000      0.2422E-02 -0.1066E-05 -0.6032E-01  0.5790E-01   0.000       0.000       0.000       0.000        0.000       0.000       0.000       0.000       0.000       0.000                           -0.1066E-05 -0.1066E-05   0.000    
  10022400.0   11.15316789   11.3964   0.000       0.000      0.2433E-02 -0.8817E-06 -0.6064E-01  0.5821E-01   0.000       0.000       0.000       0.000        0.000       0.000       0.000       0.000       0.000       0.000                           -0.8817E-06 -0.8817E-06   0.000    
  10108800.0   11.15778109   11.4016   0.000       0.000      0.2439E-02 -0.2670E-06 -0.6081E-01  0.5837E-01   0.000       0.000       0.000       0.000        0.000       0.000       0.000       0.000       0.000       0.000                           -0.2670E-06 -0.2670E-06   0.000    
  10195200.0   11.17024168   11.4151   0.000       0.000      0.2448E-02 -0.7211E-06 -0.6110E-01  0.5865E-01   0.000       0.000       0.000       0.000        0.000       0.000       0.000       0.000       0.000       0.000                           -0.7211E-06 -0.7211E-06   0.000    
  10281600.0   11.17690327   11.4224   0.000       0.000      0.2455E-02 -0.3855E-06 -0.6130E-01  0.5884E-01   0.000       0.000       0.000       0.000        0.000       0.000       0.000       0.000       0.000       0.000                           -0.3855E-06 -0.3855E-06   0.000    
  10368000.0   11.16462749   11.4098   0.000       0.000      0.2452E-02  0.7104E-06 -0.6116E-01  0.5871E-01   0.000       0.000       0.000       0.000        0.000       0.000       0.000       0.000       0.000       0.000                            0.7104E-06  0.7104E-06   0.000    
  10454400.0   11.14571530   11.3900   0.000       0.000      0.2443E-02  0.1094E-05 -0.6082E-01  0.5838E-01   0.000       0.000       0.000       0.000        0.000       0.000       0.000       0.000       0.000       0.000                            0.1094E-05  0.1094E-05   0.000    
  10540800.0   11.14473046   11.3890   0.000       0.000      0.2443E-02  0.5699E-07 -0.6076E-01  0.5832E-01   0.000       0.000       0.000       0.000        0.000       0.000       0.000       0.000       0.000       0.000                            0.5699E-07  0.5699E-07   0.000    
  10627200.0   11.15298153   11.3978   0.000       0.000      0.2448E-02 -0.4775E-06 -0.6090E-01  0.5845E-01   0.000       0.000       0.000       0.000        0.000       0.000       0.000       0.000       0.000       0.000                           -0.4775E-06 -0.4775E-06   0.000    
  10713600.0   11.15358856   11.3986   0.000       0.000      0.2450E-02 -0.3513E-07 -0.6093E-01  0.5848E-01   0.000       0.000       0.000       0.000        0.000       0.000       0.000       0.000       0.000       0.000                           -0.3513E-07 -0.3513E-07   0.000    
  10800000.0   11.14439766   11.3890   0.000       0.000      0.2446E-02  0.5319E-06 -0.6077E-01  0.5833E-01   0.000       0.000       0.000       0.000        0.000       0.000       0.000       0.000       0.000       0.000                            0.5319E-06  0.5319E-06   0.000    
  10886400.0   11.12899461   11.3729   0.000       0.000      0.2439E-02  0.8914E-06 -0.6049E-01  0.5805E-01   0.000       0.000       0.000       0.000        0.000       0.000       0.000       0.000       0.000       0.000                            0.8914E-06  0.8914E-06   0.000    
  10972800.0   11.11053891   11.3533   0.000       0.000      0.2427E-02  0.1068E-05 -0.6008E-01  0.5765E-01   0.000       0.000       0.000       0.000        0.000       0.000       0.000       0.000       0.000       0.000                            0.1068E-05  0.1068E-05   0.000    
  11059200.0   11.08894541   11.3303   0.000       0.000      0.2414E-02  0.1250E-05 -0.5959E-01  0.5718E-01   0.000       0.000       0.000       0.000        0.000       0.000       0.000       0.000       0.000       0.000                            0.1250E-05  0.1250E-05   0.000    
  11145600.0   11.06723218   11.3071   0.000       0.000      0.2399E-02  0.1257E-05 -0.5907E-01  0.5667E-01   0.000       0.000       0.000       0.000        0.000       0.000       0.000       0.000       0.000       0.000                            0.1257E-05  0.1257E-05   0.000    
  11232000.0   11.04651469   11.2849   0.000       0.000      0.2384E-02  0.1199E-05 -0.5852E-01  0.5614E-01   0.000       0.000       0.000       0.000        0.000       0.000       0.000       0.000       0.000       0.000                            0.1199E-05  0.1199E-05   0.000    
  11318400.0   11.02660524   11.2635   0.000       0.000      0.2369E-02  0.1152E-05 -0.5800E-01  0.5563E-01   0.000       0.000       0.000       0.000        0.000       0.000       0.000       0.000       0.000       0.000                            0.1152E-05  0.1152E-05   0.000    
  11404800.0   11.03079051   11.2677   0.000       0.000      0.2369E-02 -0.2422E-06 -0.5795E-01  0.5558E-01   0.000       0.000       0.000       0.000        0.000       0.000       0.000       0.000       0.000       0.000                           -0.2422E-06 -0.2422E-06   0.000    
  11491200.0   11.01323223   11.2488   0.000       0.000      0.2356E-02  0.1016E-05 -0.5751E-01  0.5516E-01   0.000       0.000       0.000       0.000        0.000       0.000       0.000       0.000       0.000       0.000                            0.1016E-05  0.1016E-05   0.000    
  11577600.0   11.03904348   11.2760   0.000       0.000      0.2370E-02 -0.1494E-05 -0.5795E-01  0.5558E-01   0.000       0.000       0.000       0.000        0.000       0.000       0.000       0.000       0.000       0.000                           -0.1494E-05 -0.1494E-05   0.000    
  11664000.0   11.11095082   11.3523   0.000       0.000      0.2414E-02 -0.4161E-05 -0.5938E-01  0.5697E-01   0.000       0.000       0.000       0.000        0.000       0.000       0.000       0.000       0.000       0.000                           -0.4161E-05 -0.4161E-05   0.000    
  11750400.0   11.28330466   11.5348   0.000       0.000      0.2515E-02 -0.9974E-05 -0.6266E-01  0.6016E-01   0.000       0.000       0.000       0.000        0.000       0.000       0.000       0.000       0.000       0.000                           -0.9974E-05 -0.9974E-05   0.000    
  11836800.0   11.25066038   11.5018   0.000       0.000      0.2512E-02  0.1889E-05 -0.6274E-01  0.6023E-01   0.000       0.000       0.000       0.000        0.000       0.000       0.000       0.000       0.000       0.000                            0.1889E-05  0.1889E-05   0.000    
  11923200.0   11.22090668   11.4713   0.000       0.000      0.2504E-02  0.1722E-05 -0.6252E-01  0.6001E-01   0.000       0.000       0.000       0.000        0.000       0.000       0.000       0.000       0.000       0.000                            0.1722E-05  0.1722E-05   0.000    
  12009600.0   11.19328384   11.4424   0.000       0.000      0.2491E-02  0.1599E-05 -0.6208E-01  0.5958E-01   0.000       0.000       0.000       0.000        0.000       0.000       0.000       0.000       0.000       0.000                            0.1599E-05  0.1599E-05   0.000    
  12096000.0   11.18627767   11.4351   0.000       0.000      0.2488E-02  0.4054E-06 -0.6191E-01  0.5943E-01   0.000       0.000       0.000       0.000        0.000       0.000       0.000       0.000       0.000       0.000                            0.4054E-06  0.4054E-06   0.000    
  12182400.0   11.17704167   11.4254   0.000       0.000      0.2484E-02  0.5345E-06 -0.6172E-01  0.5924E-01   0.000       0.000       0.000       0.000        0.000       0.000       0.000       0.000       0.000       0.000                            0.5345E-06  0.5345E-06   0.000    
  12268800.0   11.16188699   11.4094   0.000       0.000      0.2475E-02  0.8770E-06 -0.6140E-01  0.5893E-01   0.000       0.000       0.000       0.000        0.000       0.000       0.000       0.000       0.000       0.000                            0.8770E-06  0.8770E-06   0.000    
  12355200.0   11.14305526   11.3895   0.000       0.000      0.2464E-02  0.1090E-05 -0.6101E-01  0.5854E-01   0.000       0.000       0.000       0.000        0.000       0.000       0.000       0.000       0.000       0.000                            0.1090E-05  0.1090E-05   0.000    
  12441600.0   11.12959527   11.3751   0.000       0.000      0.2455E-02  0.7789E-06 -0.6067E-01  0.5821E-01   0.000       0.000       0.000       0.000        0.000       0.000       0.000       0.000       0.000       0.000                            0.7789E-06  0.7789E-06   0.000    
  12528000.0   11.17470894   11.4227   0.000       0.000      0.2480E-02 -0.2611E-05 -0.6142E-01  0.5894E-01   0.000       0.000       0.000       0.000        0.000       0.000       0.000       0.000       0.000       0.000                           -0.2611E-05 -0.2611E-05   0.000    
  12614400.0   11.22671039   11.4778   0.000       0.000      0.2511E-02 -0.3009E-05 -0.6242E-01  0.5991E-01   0.000       0.000       0.000       0.000        0.000       0.000       0.000       0.000       0.000       0.000                           -0.3009E-05 -0.3009E-05   0.000    
  12700800.0   11.21841261   11.4696   0.000       0.000      0.2512E-02  0.4802E-06 -0.6249E-01  0.5998E-01   0.000       0.000       0.000       0.000        0.000       0.000       0.000       0.000       0.000       0.000                            0.4802E-06  0.4802E-06   0.000    
  12787200.0   11.20284890   11.4535   0.000       0.000      0.2507E-02  0.9007E-06 -0.6231E-01  0.5981E-01   0.000       0.000       0.000       0.000        0.000       0.000       0.000       0.000       0.000       0.000                            0.9007E-06  0.9007E-06   0.000    
  12873600.0   11.18203829   11.4317   0.000       0.000      0.2496E-02  0.1204E-05 -0.6195E-01  0.5946E-01   0.000       0.000       0.000       0.000        0.000       0.000       0.000       0.000       0.000       0.000                            0.1204E-05  0.1204E-05   0.000    
  12960000.0   11.18666766   11.4366   0.000       0.000      0.2499E-02 -0.2679E-06 -0.6198E-01  0.5948E-01   0.000       0.000       0.000       0.000        0.000       0.000       0.000       0.000       0.000       0.000                           -0.2679E-06 -0.2679E-06   0.000    
  13046400.0   11.17734828   11.4268   0.000       0.000      0.2494E-02  0.5393E-06 -0.6180E-01  0.5931E-01   0.000       0.000       0.000       0.000        0.000       0.000       0.000       0.000       0.000       0.000                            0.5393E-06  0.5393E-06   0.000    
  13132800.0   11.16356257   11.4122   0.000       0.000      0.2486E-02  0.7978E-06 -0.6152E-01  0.5903E-01   0.000       0.000       0.000       0.000        0.000       0.000       0.000       0.000       0.000       0.000                            0.7978E-06  0.7978E-06   0.000    
  13219200.0   11.15383520   11.4018   0.000       0.000      0.2480E-02  0.5629E-06 -0.6128E-01  0.5880E-01   0.000       0.000       0.000       0.000        0.000       0.000       0.000       0.000       0.000       0.000                            0.5629E-06  0.5629E-06   0.000    
  13305600.0   11.13963437   11.3868   0.000       0.000      0.2471E-02  0.8218E-06 -0.6097E-01  0.5850E-01   0.000       0.000       0.000       0.000        0.000       0.000       0.000       0.000       0.000       0.000                            0.8218E-06  0.8218E-06   0.000    
  13392000.0   11.16080106   11.4090   0.000       0.000      0.2482E-02 -0.1225E-05 -0.6128E-01  0.5880E-01   0.000       0.000       0.000       0.000        0.000       0.000       0.000       0.000       0.000       0.000                           -0.1225E-05 -0.1225E-05   0.000    
  13478400.0   11.17668939   11.4259   0.000       0.000      0.2492E-02 -0.9195E-06 -0.6159E-01  0.5910E-01   0.000       0.000       0.000       0.000        0.000       0.000       0.000       0.000       0.000       0.000                           -0.9195E-06 -0.9195E-06   0.000    
  13564800.0   11.17221413   11.4214   0.000       0.000      0.2492E-02  0.2590E-06 -0.6158E-01  0.5908E-01   0.000       0.000       0.000       0.000        0.000       0.000       0.000       0.000       0.000       0.000                            0.2590E-06  0.2590E-06   0.000    
  13651200.0   11.16272631   11.4114   0.000       0.000      0.2487E-02  0.5491E-06 -0.6142E-01  0.5893E-01   0.000       0.000       0.000       0.000        0.000       0.000       0.000       0.000       0.000       0.000                            0.5491E-06  0.5491E-06   0.000    
  13737600.0   11.14915330   11.3971   0.000       0.000      0.2480E-02  0.7855E-06 -0.6116E-01  0.5868E-01   0.000       0.000       0.000       0.000        0.000       0.000       0.000       0.000       0.000       0.000                            0.7855E-06  0.7855E-06   0.000    
  13824000.0   11.19335823   11.4438   0.000       0.000      0.2504E-02 -0.2558E-05 -0.6191E-01  0.5941E-01   0.000       0.000       0.000       0.000        0.000       0.000       0.000       0.000       0.000       0.000                           -0.2558E-05 -0.2558E-05   0.000    
  13910400.0   11.25687962   11.5111   0.000       0.000      0.2542E-02 -0.3676E-05 -0.6313E-01  0.6059E-01   0.000       0.000       0.000       0.000        0.000       0.000       0.000       0.000       0.000       0.000                           -0.3676E-05 -0.3676E-05   0.000    
  13996800.0   11.25542641   11.5101   0.000       0.000      0.2547E-02  0.8410E-07 -0.6335E-01  0.6080E-01   0.000       0.000       0.000       0.000        0.000       0.000       0.000       0.000       0.000       0.000                            0.8410E-07  0.8410E-07   0.000    
  14083200.0   11.24091723   11.4952   0.000       0.000      0.2543E-02  0.8397E-06 -0.6324E-01  0.6069E-01   0.000       0.000       0.000       0.000        0.000       0.000       0.000       0.000       0.000       0.000                            0.8397E-06  0.8397E-06   0.000    
  14169600.0   11.25546859   11.5108   0.000       0.000      0.2553E-02 -0.8421E-06 -0.6353E-01  0.6098E-01   0.000       0.000       0.000       0.000        0.000       0.000       0.000       0.000       0.000       0.000                           -0.8421E-06 -0.8421E-06   0.000    
  14256000.0   11.26761382   11.5239   0.000       0.000      0.2562E-02 -0.7028E-06 -0.6381E-01  0.6125E-01   0.000       0.000       0.000       0.000        0.000       0.000       0.000       0.000       0.000       0.000                           -0.7028E-06 -0.7028E-06   0.000    
  14342400.0   11.32858159   11.5883   0.000       0.000      0.2597E-02 -0.3528E-05 -0.6490E-01  0.6231E-01   0.000       0.000       0.000       0.000        0.000       0.000       0.000       0.000       0.000       0.000                           -0.3528E-05 -0.3528E-05   0.000    
  14428800.0   11.48551774   11.7537   0.000       0.000      0.2682E-02 -0.9082E-05 -0.6759E-01  0.6491E-01   0.000       0.000       0.000       0.000        0.000       0.000       0.000       0.000       0.000       0.000                           -0.9082E-05 -0.9082E-05   0.000    
  14515200.0   11.48158366   11.7510   0.000       0.000      0.2694E-02  0.2277E-06 -0.6810E-01  0.6541E-01   0.000       0.000       0.000       0.000        0.000       0.000       0.000       0.000       0.000       0.000                            0.2277E-06  0.2277E-06   0.000    
  14601600.0   11.50563965   11.7772   0.000       0.000      0.2716E-02 -0.1392E-05 -0.6882E-01  0.6610E-01   0.000       0.000       0.000       0.000        0.000       0.000       0.000       0.000       0.000       0.000                           -0.1392E-05 -0.1392E-05   0.000    
  14688000.0   11.55789517   11.8328   0.000       0.000      0.2749E-02 -0.3024E-05 -0.6985E-01  0.6710E-01   0.000       0.000       0.000       0.000        0.000       0.000       0.000       0.000       0.000       0.000                           -0.3024E-05 -0.3024E-05   0.000    
  14774400.0   11.57680472   11.8535   0.000       0.000      0.2767E-02 -0.1094E-05 -0.7043E-01  0.6766E-01   0.000       0.000       0.000       0.000        0.000       0.000       0.000       0.000       0.000       0.000                           -0.1094E-05 -0.1094E-05   0.000    
  14860800.0   11.56692097   11.8440   0.000       0.000      0.2771E-02  0.5720E-06 -0.7053E-01  0.6776E-01   0.000       0.000       0.000       0.000        0.000       0.000       0.000       0.000       0.000       0.000                            0.5720E-06  0.5720E-06   0.000    
  14947200.0   11.55331699   11.8303   0.000       0.000      0.2770E-02  0.7873E-06 -0.7046E-01  0.6769E-01   0.000       0.000       0.000       0.000        0.000       0.000       0.000       0.000       0.000       0.000                            0.7873E-06  0.7873E-06   0.000    
  15033600.0   11.53142163   11.8078   0.000       0.000      0.2764E-02  0.1267E-05 -0.7021E-01  0.6745E-01   0.000       0.000       0.000       0.000        0.000       0.000       0.000       0.000       0.000       0.000                            0.1267E-05  0.1267E-05   0.000    
  15120000.0   11.50595812   11.7814   0.000       0.000      0.2754E-02  0.1474E-05 -0.6982E-01  0.6706E-01   0.000       0.000       0.000       0.000        0.000       0.000       0.000       0.000       0.000       0.000                            0.1474E-05  0.1474E-05   0.000    
  15206400.0   11.47664696   11.7508   0.000       0.000      0.2741E-02  0.1696E-05 -0.6933E-01  0.6659E-01   0.000       0.000       0.000       0.000        0.000       0.000       0.000       0.000       0.000       0.000                            0.1696E-05  0.1696E-05   0.000    
  15292800.0   11.44557427   11.7182   0.000       0.000      0.2726E-02  0.1798E-05 -0.6875E-01  0.6602E-01   0.000       0.000       0.000       0.000        0.000       0.000       0.000       0.000       0.000       0.000                            0.1798E-05  0.1798E-05   0.000    
  15379200.0   11.48536557   11.7598   0.000       0.000      0.2745E-02 -0.2303E-05 -0.6922E-01  0.6648E-01   0.000       0.000       0.000       0.000        0.000       0.000       0.000       0.000       0.000       0.000                           -0.2303E-05 -0.2303E-05   0.000    
  15465600.0   11.50430396   11.7799   0.000       0.000      0.2756E-02 -0.1096E-05 -0.6954E-01  0.6679E-01   0.000       0.000       0.000       0.000        0.000       0.000       0.000       0.000       0.000       0.000                           -0.1096E-05 -0.1096E-05   0.000    
  15552000.0   11.48969454   11.7650   0.000       0.000      0.2753E-02  0.8455E-06 -0.6941E-01  0.6666E-01   0.000       0.000       0.000       0.000        0.000       0.000       0.000       0.000       0.000       0.000                            0.8455E-06  0.8455E-06   0.000    
  15638400.0   11.46285028   11.7370   0.000       0.000      0.2742E-02  0.1553E-05 -0.6903E-01  0.6628E-01   0.000       0.000       0.000       0.000        0.000       0.000       0.000       0.000       0.000       0.000                            0.1553E-05  0.1553E-05   0.000    
  15724800.0   11.43445228   11.7073   0.000       0.000      0.2728E-02  0.1643E-05 -0.6853E-01  0.6580E-01   0.000       0.000       0.000       0.000        0.000       0.000       0.000       0.000       0.000       0.000                            0.1643E-05  0.1643E-05   0.000    
  15811200.0   11.40621045   11.6775   0.000       0.000      0.2713E-02  0.1634E-05 -0.6797E-01  0.6526E-01   0.000       0.000       0.000       0.000        0.000       0.000       0.000       0.000       0.000       0.000                            0.1634E-05  0.1634E-05   0.000    
  15897600.0   11.37909792   11.6489   0.000       0.000      0.2698E-02  0.1569E-05 -0.6740E-01  0.6471E-01   0.000       0.000       0.000       0.000        0.000       0.000       0.000       0.000       0.000       0.000                            0.1569E-05  0.1569E-05   0.000    
  15984000.0   11.35980043   11.6283   0.000       0.000      0.2685E-02  0.1117E-05 -0.6694E-01  0.6426E-01   0.000       0.000       0.000       0.000        0.000       0.000       0.000       0.000       0.000       0.000                            0.1117E-05  0.1117E-05   0.000    
  16070400.0   11.33516924   11.6022   0.000       0.000      0.2670E-02  0.1425E-05 -0.6639E-01  0.6371E-01   0.000       0.000       0.000       0.000        0.000       0.000       0.000       0.000       0.000       0.000                            0.1425E-05  0.1425E-05   0.000    
  16156800.0   11.31111008   11.5766   0.000       0.000      0.2655E-02  0.1392E-05 -0.6585E-01  0.6319E-01   0.000       0.000       0.000       0.000        0.000       0.000       0.000       0.000       0.000       0.000                            0.1392E-05  0.1392E-05   0.000    
  16243200.0   11.28751216   11.5514   0.000       0.000      0.2639E-02  0.1366E-05 -0.6528E-01  0.6264E-01   0.000       0.000       0.000       0.000        0.000       0.000       0.000       0.000       0.000       0.000                            0.1366E-05  0.1366E-05   0.000    
  16329600.0   11.26461667   11.5270   0.000       0.000      0.2624E-02  0.1325E-05 -0.6474E-01  0.6212E-01   0.000       0.000       0.000       0.000        0.000       0.000       0.000       0.000       0.000       0.000                            0.1325E-05  0.1325E-05   0.000    
  16416000.0   11.24253261   11.5033   0.000       0.000      0.2608E-02  0.1278E-05 -0.6419E-01  0.6158E-01   0.000       0.000       0.000       0.000        0.000       0.000       0.000       0.000       0.000       0.000                            0.1278E-05  0.1278E-05   0.000    
  16502400.0   11.22115150   11.4804   0.000       0.000      0.2592E-02  0.1237E-05 -0.6366E-01  0.6106E-01   0.000       0.000       0.000       0.000        0.000       0.000       0.000       0.000       0.000       0.000                            0.1237E-05  0.1237E-05   0.000    
  16588800.0   11.20058593   11.4583   0.000       0.000      0.2577E-02  0.1190E-05 -0.6313E-01  0.6055E-01   0.000       0.000       0.000       0.000        0.000       0.000       0.000       0.000       0.000       0.000                            0.1190E-05  0.1190E-05   0.000    
  16675200.0   11.18078724   11.4370   0.000       0.000      0.2562E-02  0.1146E-05 -0.6261E-01  0.6005E-01   0.000       0.000       0.000       0.000        0.000       0.000       0.000       0.000       0.000       0.000                            0.1146E-05  0.1146E-05   0.000    
  16761600.0   11.16535621   11.4203   0.000       0.000      0.2549E-02  0.8930E-06 -0.6218E-01  0.5963E-01   0.000       0.000       0.000       0.000        0.000       0.000       0.000       0.000       0.000       0.000                            0.8930E-06  0.8930E-06   0.000    
  16848000.0   11.15357089   11.4074   0.000       0.000      0.2538E-02  0.6820E-06 -0.6182E-01  0.5928E-01   0.000       0.000       0.000       0.000        0.000       0.000       0.000       0.000       0.000       0.000                            0.6820E-06  0.6820E-06   0.000    
  16934400.0   11.15514389   11.4087   0.000       0.000      0.2536E-02 -0.9103E-07 -0.6173E-01  0.5919E-01   0.000       0.000       0.000       0.000        0.000       0.000       0.000       0.000       0.000       0.000                           -0.9103E-07 -0.9103E-07   0.000    
  17020800.0   11.14988370   11.4029   0.000       0.000      0.2530E-02  0.3044E-06 -0.6155E-01  0.5902E-01   0.000       0.000       0.000       0.000        0.000       0.000       0.000       0.000       0.000       0.000                            0.3044E-06  0.3044E-06   0.000    
  17107200.0   11.13287766   11.3847   0.000       0.000      0.2518E-02  0.9841E-06 -0.6117E-01  0.5865E-01   0.000       0.000       0.000       0.000        0.000       0.000       0.000       0.000       0.000       0.000                            0.9841E-06  0.9841E-06   0.000    
  17193600.0   11.11652031   11.3671   0.000       0.000      0.2505E-02  0.9466E-06 -0.6077E-01  0.5826E-01   0.000       0.000       0.000       0.000        0.000       0.000       0.000       0.000       0.000       0.000                            0.9466E-06  0.9466E-06   0.000    
  17280000.0   11.09995222   11.3491   0.000       0.000      0.2492E-02  0.9588E-06 -0.6033E-01  0.5784E-01   0.000       0.000       0.000       0.000        0.000       0.000       0.000       0.000       0.000       0.000                            0.9588E-06  0.9588E-06   0.000    
  17366400.0   11.08337706   11.3312   0.000       0.000      0.2479E-02  0.9592E-06 -0.5991E-01  0.5743E-01   0.000       0.000       0.000       0.000        0.000       0.000       0.000       0.000       0.000       0.000                            0.9592E-06  0.9592E-06   0.000    
  17452800.0   11.06735629   11.3138   0.000       0.000      0.2465E-02  0.9271E-06 -0.5946E-01  0.5699E-01   0.000       0.000       0.000       0.000        0.000       0.000       0.000       0.000       0.000       0.000                            0.9271E-06  0.9271E-06   0.000    
  17539200.0   11.05173395   11.2969   0.000       0.000      0.2451E-02  0.9041E-06 -0.5904E-01  0.5658E-01   0.000       0.000       0.000       0.000        0.000       0.000       0.000       0.000       0.000       0.000                            0.9041E-06  0.9041E-06   0.000    
  17625600.0   11.03672146   11.2805   0.000       0.000      0.2438E-02  0.8688E-06 -0.5861E-01  0.5617E-01   0.000       0.000       0.000       0.000        0.000       0.000       0.000       0.000       0.000       0.000                            0.8688E-06  0.8688E-06   0.000    
  17712000.0   11.02762408   11.2704   0.000       0.000      0.2428E-02  0.5265E-06 -0.5830E-01  0.5587E-01   0.000       0.000       0.000       0.000        0.000       0.000       0.000       0.000       0.000       0.000                            0.5265E-06  0.5265E-06   0.000    
  17798400.0   11.01394010   11.2555   0.000       0.000      0.2416E-02  0.7919E-06 -0.5792E-01  0.5551E-01   0.000       0.000       0.000       0.000        0.000       0.000       0.000       0.000       0.000       0.000                            0.7919E-06  0.7919E-06   0.000    
  17884800.0   11.00004966   11.2403   0.000       0.000      0.2403E-02  0.8038E-06 -0.5752E-01  0.5512E-01   0.000       0.000       0.000       0.000        0.000       0.000       0.000       0.000       0.000       0.000                            0.8038E-06  0.8038E-06   0.000    
  17971200.0   10.98654039   11.2256   0.000       0.000      0.2390E-02  0.7818E-06 -0.5714E-01  0.5475E-01   0.000       0.000       0.000       0.000        0.000       0.000       0.000       0.000       0.000       0.000                            0.7818E-06  0.7818E-06   0.000    
  18057600.0   10.97355893   11.2113   0.000       0.000      0.2378E-02  0.7512E-06 -0.5675E-01  0.5437E-01   0.000       0.000       0.000       0.000        0.000       0.000       0.000       0.000       0.000       0.000                            0.7512E-06  0.7512E-06   0.000    
  18144000.0   10.96089250   11.1974   0.000       0.000      0.2366E-02  0.7330E-06 -0.5638E-01  0.5401E-01   0.000       0.000       0.000       0.000        0.000       0.000       0.000       0.000       0.000       0.000                            0.7330E-06  0.7330E-06   0.000    
  18230400.0   10.94866977   11.1840   0.000       0.000      0.2353E-02  0.7073E-06 -0.5601E-01  0.5365E-01   0.000       0.000       0.000       0.000        0.000       0.000       0.000       0.000       0.000       0.000                            0.7073E-06  0.7073E-06   0.000    
  18316800.0   10.93675432   11.1709   0.000       0.000      0.2341E-02  0.6896E-06 -0.5565E-01  0.5331E-01   0.000       0.000       0.000       0.000        0.000       0.000       0.000       0.000       0.000       0.000                            0.6896E-06  0.6896E-06   0.000    
  18403200.0   10.92520974   11.1581   0.000       0.000      0.2329E-02  0.6681E-06 -0.5529E-01  0.5296E-01   0.000       0.000       0.000       0.000        0.000       0.000       0.000       0.000       0.000       0.000                            0.6681E-06  0.6681E-06   0.000    
  18489600.0   10.91397309   11.1457   0.000       0.000      0.2318E-02  0.6503E-06 -0.5494E-01  0.5262E-01   0.000       0.000       0.000       0.000        0.000       0.000       0.000       0.000       0.000       0.000                            0.6503E-06  0.6503E-06   0.000    
  18576000.0   10.90303262   11.1336   0.000       0.000      0.2306E-02  0.6331E-06 -0.5460E-01  0.5230E-01   0.000       0.000       0.000       0.000        0.000       0.000       0.000       0.000       0.000       0.000                            0.6331E-06  0.6331E-06   0.000    
  18662400.0   10.89244999   11.1219   0.000       0.000      0.2294E-02  0.6124E-06 -0.5426E-01  0.5197E-01   0.000       0.000       0.000       0.000        0.000       0.000       0.000       0.000       0.000       0.000                            0.6124E-06  0.6124E-06   0.000    
  18748800.0   10.88203411   11.1104   0.000       0.000      0.2283E-02  0.6028E-06 -0.5394E-01  0.5166E-01   0.000       0.000       0.000       0.000        0.000       0.000       0.000       0.000       0.000       0.000                            0.6028E-06  0.6028E-06   0.000    
  18835200.0   10.88278908   11.1108   0.000       0.000      0.2280E-02 -0.4369E-07 -0.5387E-01  0.5159E-01   0.000       0.000       0.000       0.000        0.000       0.000       0.000       0.000       0.000       0.000                           -0.4369E-07 -0.4369E-07   0.000    
  18921600.0   10.87450228   11.1016   0.000       0.000      0.2271E-02  0.4796E-06 -0.5362E-01  0.5135E-01   0.000       0.000       0.000       0.000        0.000       0.000       0.000       0.000       0.000       0.000                            0.4796E-06  0.4796E-06   0.000    
  19008000.0   10.86386617   11.0899   0.000       0.000      0.2260E-02  0.6155E-06 -0.5332E-01  0.5106E-01   0.000       0.000       0.000       0.000        0.000       0.000       0.000       0.000       0.000       0.000                            0.6155E-06  0.6155E-06   0.000    
  19094400.0   10.85368621   11.0786   0.000       0.000      0.2249E-02  0.5891E-06 -0.5300E-01  0.5075E-01   0.000       0.000       0.000       0.000        0.000       0.000       0.000       0.000       0.000       0.000                            0.5891E-06  0.5891E-06   0.000    
  19180800.0   10.84383459   11.0677   0.000       0.000      0.2238E-02  0.5701E-06 -0.5269E-01  0.5045E-01   0.000       0.000       0.000       0.000        0.000       0.000       0.000       0.000       0.000       0.000                            0.5701E-06  0.5701E-06   0.000    
  19267200.0   10.83456106   11.0573   0.000       0.000      0.2228E-02  0.5367E-06 -0.5239E-01  0.5016E-01   0.000       0.000       0.000       0.000        0.000       0.000       0.000       0.000       0.000       0.000                            0.5367E-06  0.5367E-06   0.000    
  19353600.0   10.82529944   11.0470   0.000       0.000      0.2217E-02  0.5360E-06 -0.5209E-01  0.4987E-01   0.000       0.000       0.000       0.000        0.000       0.000       0.000       0.000       0.000       0.000                            0.5360E-06  0.5360E-06   0.000    
  19440000.0   10.81627759   11.0369   0.000       0.000      0.2207E-02  0.5221E-06 -0.5179E-01  0.4959E-01   0.000       0.000       0.000       0.000        0.000       0.000       0.000       0.000       0.000       0.000                            0.5221E-06  0.5221E-06   0.000    
  19526400.0   10.80756184   11.0272   0.000       0.000      0.2196E-02  0.5044E-06 -0.5150E-01  0.4930E-01   0.000       0.000       0.000       0.000        0.000       0.000       0.000       0.000       0.000       0.000                            0.5044E-06  0.5044E-06   0.000    
  19612800.0   10.79896323   11.0176   0.000       0.000      0.2186E-02  0.4976E-06 -0.5122E-01  0.4903E-01   0.000       0.000       0.000       0.000        0.000       0.000       0.000       0.000       0.000       0.000                            0.4976E-06  0.4976E-06   0.000    
  19699200.0   10.79065638   11.0082   0.000       0.000      0.2176E-02  0.4807E-06 -0.5093E-01  0.4876E-01   0.000       0.000       0.000       0.000        0.000       0.000       0.000       0.000       0.000       0.000                            0.4807E-06  0.4807E-06   0.000    
  19785600.0   10.78245988   10.9991   0.000       0.000      0.2166E-02  0.4743E-06 -0.5066E-01  0.4850E-01   0.000       0.000       0.000       0.000        0.000       0.000       0.000       0.000       0.000       0.000                            0.4743E-06  0.4743E-06   0.000    
  19872000.0   10.77452370   10.9901   0.000       0.000      0.2156E-02  0.4593E-06 -0.5039E-01  0.4823E-01   0.000       0.000       0.000       0.000        0.000       0.000       0.000       0.000       0.000       0.000                            0.4593E-06  0.4593E-06   0.000    
  19958400.0   10.77689936   10.9923   0.000       0.000      0.2154E-02 -0.1375E-06 -0.5038E-01  0.4823E-01   0.000       0.000       0.000       0.000        0.000       0.000       0.000       0.000       0.000       0.000                           -0.1375E-06 -0.1375E-06   0.000    
  20044800.0   10.78341341   10.9990   0.000       0.000      0.2156E-02 -0.3770E-06 -0.5051E-01  0.4835E-01   0.000       0.000       0.000       0.000        0.000       0.000       0.000       0.000       0.000       0.000                           -0.3770E-06 -0.3770E-06   0.000    
  20131200.0   10.77375580   10.9884   0.000       0.000      0.2147E-02  0.5589E-06 -0.5026E-01  0.4811E-01   0.000       0.000       0.000       0.000        0.000       0.000       0.000       0.000       0.000       0.000                            0.5589E-06  0.5589E-06   0.000    
  20217600.0   10.76793795   10.9819   0.000       0.000      0.2140E-02  0.3367E-06 -0.5008E-01  0.4794E-01   0.000       0.000       0.000       0.000        0.000       0.000       0.000       0.000       0.000       0.000                            0.3367E-06  0.3367E-06   0.000    
  20304000.0   10.76132771   10.9745   0.000       0.000      0.2132E-02  0.3825E-06 -0.4987E-01  0.4773E-01   0.000       0.000       0.000       0.000        0.000       0.000       0.000       0.000       0.000       0.000                            0.3825E-06  0.3825E-06   0.000    
  20390400.0   10.75279189   10.9650   0.000       0.000      0.2122E-02  0.4940E-06 -0.4960E-01  0.4747E-01   0.000       0.000       0.000       0.000        0.000       0.000       0.000       0.000       0.000       0.000                            0.4940E-06  0.4940E-06   0.000    
  20476800.0   10.74461091   10.9558   0.000       0.000      0.2112E-02  0.4734E-06 -0.4933E-01  0.4721E-01   0.000       0.000       0.000       0.000        0.000       0.000       0.000       0.000       0.000       0.000                            0.4734E-06  0.4734E-06   0.000    
  20563200.0   10.73669423   10.9470   0.000       0.000      0.2103E-02  0.4581E-06 -0.4906E-01  0.4696E-01   0.000       0.000       0.000       0.000        0.000       0.000       0.000       0.000       0.000       0.000                            0.4581E-06  0.4581E-06   0.000    
  20649600.0   10.72907638   10.9384   0.000       0.000      0.2093E-02  0.4408E-06 -0.4879E-01  0.4670E-01   0.000       0.000       0.000       0.000        0.000       0.000       0.000       0.000       0.000       0.000                            0.4408E-06  0.4408E-06   0.000    
  20736000.0   10.72165060   10.9300   0.000       0.000      0.2084E-02  0.4297E-06 -0.4854E-01  0.4645E-01   0.000       0.000       0.000       0.000        0.000       0.000       0.000       0.000       0.000       0.000                            0.4297E-06  0.4297E-06   0.000    
  20822400.0   10.71448403   10.9219   0.000       0.000      0.2074E-02  0.4147E-06 -0.4828E-01  0.4620E-01   0.000       0.000       0.000       0.000        0.000       0.000       0.000       0.000       0.000       0.000                            0.4147E-06  0.4147E-06   0.000    
  20908800.0   10.70746116   10.9140   0.000       0.000      0.2065E-02  0.4064E-06 -0.4803E-01  0.4597E-01   0.000       0.000       0.000       0.000        0.000       0.000       0.000       0.000       0.000       0.000                            0.4064E-06  0.4064E-06   0.000    
  20995200.0   10.70067347   10.9063   0.000       0.000      0.2056E-02  0.3928E-06 -0.4778E-01  0.4573E-01   0.000       0.000       0.000       0.000        0.000       0.000       0.000       0.000       0.000       0.000                            0.3928E-06  0.3928E-06   0.000    
  21081600.0   10.69399360   10.8987   0.000       0.000      0.2047E-02  0.3866E-06 -0.4755E-01  0.4550E-01   0.000       0.000       0.000       0.000        0.000       0.000       0.000       0.000       0.000       0.000                            0.3866E-06  0.3866E-06   0.000    
  21168000.0   10.68753148   10.8914   0.000       0.000      0.2039E-02  0.3740E-06 -0.4731E-01  0.4527E-01   0.000       0.000       0.000       0.000        0.000       0.000       0.000       0.000       0.000       0.000                            0.3740E-06  0.3740E-06   0.000    
  21254400.0   10.68114723   10.8842   0.000       0.000      0.2030E-02  0.3695E-06 -0.4708E-01  0.4505E-01   0.000       0.000       0.000       0.000        0.000       0.000       0.000       0.000       0.000       0.000                            0.3695E-06  0.3695E-06   0.000    
  21340800.0   10.67493181   10.8771   0.000       0.000      0.2021E-02  0.3597E-06 -0.4685E-01  0.4483E-01   0.000       0.000       0.000       0.000        0.000       0.000       0.000       0.000       0.000       0.000                            0.3597E-06  0.3597E-06   0.000    
  21427200.0   10.66886250   10.8701   0.000       0.000      0.2013E-02  0.3512E-06 -0.4662E-01  0.4461E-01   0.000       0.000       0.000       0.000        0.000       0.000       0.000       0.000       0.000       0.000                            0.3512E-06  0.3512E-06   0.000    
  21513600.0   10.66432389   10.8649   0.000       0.000      0.2006E-02  0.2627E-06 -0.4644E-01  0.4444E-01   0.000       0.000       0.000       0.000        0.000       0.000       0.000       0.000       0.000       0.000                            0.2627E-06  0.2627E-06   0.000    
  21600000.0   10.67434207   10.8754   0.000       0.000      0.2011E-02 -0.5798E-06 -0.4668E-01  0.4467E-01   0.000       0.000       0.000       0.000        0.000       0.000       0.000       0.000       0.000       0.000                           -0.5798E-06 -0.5798E-06   0.000    
  21686400.0   10.66678732   10.8670   0.000       0.000      0.2002E-02  0.4372E-06 -0.4646E-01  0.4446E-01   0.000       0.000       0.000       0.000        0.000       0.000       0.000       0.000       0.000       0.000                            0.4372E-06  0.4372E-06   0.000    
  21772800.0   10.65970500   10.8591   0.000       0.000      0.1994E-02  0.4099E-06 -0.4624E-01  0.4424E-01   0.000       0.000       0.000       0.000        0.000       0.000       0.000       0.000       0.000       0.000                            0.4099E-06  0.4099E-06   0.000    
  21859200.0   10.65303731   10.8516   0.000       0.000      0.1985E-02  0.3859E-06 -0.4601E-01  0.4402E-01   0.000       0.000       0.000       0.000        0.000       0.000       0.000       0.000       0.000       0.000                            0.3859E-06  0.3859E-06   0.000    
  21945600.0   10.64673710   10.8444   0.000       0.000      0.1977E-02  0.3646E-06 -0.4577E-01  0.4379E-01   0.000       0.000       0.000       0.000        0.000       0.000       0.000       0.000       0.000       0.000                            0.3646E-06  0.3646E-06   0.000    
  22032000.0   10.64062297   10.8375   0.000       0.000      0.1969E-02  0.3538E-06 -0.4555E-01  0.4358E-01   0.000       0.000       0.000       0.000        0.000       0.000       0.000       0.000       0.000       0.000                            0.3538E-06  0.3538E-06   0.000    
  22118400.0   10.63472168   10.8308   0.000       0.000      0.1960E-02  0.3415E-06 -0.4533E-01  0.4337E-01   0.000       0.000       0.000       0.000        0.000       0.000       0.000       0.000       0.000       0.000                            0.3415E-06  0.3415E-06   0.000    
  22204800.0   10.62903458   10.8242   0.000       0.000      0.1952E-02  0.3291E-06 -0.4511E-01  0.4315E-01   0.000       0.000       0.000       0.000        0.000       0.000       0.000       0.000       0.000       0.000                            0.3291E-06  0.3291E-06   0.000    
  22291200.0   10.62345195   10.8179   0.000       0.000      0.1944E-02  0.3231E-06 -0.4490E-01  0.4295E-01   0.000       0.000       0.000       0.000        0.000       0.000       0.000       0.000       0.000       0.000                            0.3231E-06  0.3231E-06   0.000    
  22377600.0   10.61802299   10.8116   0.000       0.000      0.1936E-02  0.3142E-06 -0.4469E-01  0.4275E-01   0.000       0.000       0.000       0.000        0.000       0.000       0.000       0.000       0.000       0.000                            0.3142E-06  0.3142E-06   0.000    
  22464000.0   10.63025324   10.8246   0.000       0.000      0.1944E-02 -0.7078E-06 -0.4500E-01  0.4306E-01   0.000       0.000       0.000       0.000        0.000       0.000       0.000       0.000       0.000       0.000                           -0.7078E-06 -0.7078E-06   0.000    
  22550400.0   10.62528134   10.8190   0.000       0.000      0.1938E-02  0.2877E-06 -0.4486E-01  0.4293E-01   0.000       0.000       0.000       0.000        0.000       0.000       0.000       0.000       0.000       0.000                            0.2877E-06  0.2877E-06   0.000    
  22636800.0   10.62313236   10.8165   0.000       0.000      0.1934E-02  0.1244E-06 -0.4479E-01  0.4286E-01   0.000       0.000       0.000       0.000        0.000       0.000       0.000       0.000       0.000       0.000                            0.1244E-06  0.1244E-06   0.000    
  22723200.0   10.66798794   10.8650   0.000       0.000      0.1970E-02 -0.2596E-05 -0.4607E-01  0.4410E-01   0.000       0.000       0.000       0.000        0.000       0.000       0.000       0.000       0.000       0.000                           -0.2596E-05 -0.2596E-05   0.000    
  22809600.0   10.66679996   10.8638   0.000       0.000      0.1970E-02  0.6875E-07 -0.4617E-01  0.4420E-01   0.000       0.000       0.000       0.000        0.000       0.000       0.000       0.000       0.000       0.000                            0.6875E-07  0.6875E-07   0.000    
  22896000.0   10.66357132   10.8604   0.000       0.000      0.1968E-02  0.1868E-06 -0.4615E-01  0.4418E-01   0.000       0.000       0.000       0.000        0.000       0.000       0.000       0.000       0.000       0.000                            0.1868E-06  0.1868E-06   0.000    
  22982400.0   10.65929338   10.8557   0.000       0.000      0.1964E-02  0.2476E-06 -0.4606E-01  0.4409E-01   0.000       0.000       0.000       0.000        0.000       0.000       0.000       0.000       0.000       0.000                            0.2476E-06  0.2476E-06   0.000    
  23068800.0   10.65454602   10.8504   0.000       0.000      0.1958E-02  0.2747E-06 -0.4591E-01  0.4395E-01   0.000       0.000       0.000       0.000        0.000       0.000       0.000       0.000       0.000       0.000                            0.2747E-06  0.2747E-06   0.000    
  23155200.0   10.64861195   10.8438   0.000       0.000      0.1952E-02  0.3434E-06 -0.4573E-01  0.4378E-01   0.000       0.000       0.000       0.000        0.000       0.000       0.000       0.000       0.000       0.000                            0.3434E-06  0.3434E-06   0.000    
  23241600.0   10.64226153   10.8367   0.000       0.000      0.1945E-02  0.3675E-06 -0.4552E-01  0.4358E-01   0.000       0.000       0.000       0.000        0.000       0.000       0.000       0.000       0.000       0.000                            0.3675E-06  0.3675E-06   0.000    
  23328000.0   10.63556768   10.8292   0.000       0.000      0.1937E-02  0.3874E-06 -0.4528E-01  0.4335E-01   0.000       0.000       0.000       0.000        0.000       0.000       0.000       0.000       0.000       0.000                            0.3874E-06  0.3874E-06   0.000    
  23414400.0   10.62880248   10.8217   0.000       0.000      0.1929E-02  0.3915E-06 -0.4505E-01  0.4312E-01   0.000       0.000       0.000       0.000        0.000       0.000       0.000       0.000       0.000       0.000                            0.3915E-06  0.3915E-06   0.000    
  23500800.0   10.62233681   10.8144   0.000       0.000      0.1921E-02  0.3742E-06 -0.4481E-01  0.4289E-01   0.000       0.000       0.000       0.000        0.000       0.000       0.000       0.000       0.000       0.000                            0.3742E-06  0.3742E-06   0.000    
  23587200.0   10.61606904   10.8073   0.000       0.000      0.1912E-02  0.3627E-06 -0.4458E-01  0.4266E-01   0.000       0.000       0.000       0.000        0.000       0.000       0.000       0.000       0.000       0.000                            0.3627E-06  0.3627E-06   0.000    
  23673600.0   10.60991617   10.8004   0.000       0.000      0.1904E-02  0.3561E-06 -0.4434E-01  0.4244E-01   0.000       0.000       0.000       0.000        0.000       0.000       0.000       0.000       0.000       0.000                            0.3561E-06  0.3561E-06   0.000    
  23760000.0   10.60372394   10.7933   0.000       0.000      0.1896E-02  0.3583E-06 -0.4410E-01  0.4221E-01   0.000       0.000       0.000       0.000        0.000       0.000       0.000       0.000       0.000       0.000                            0.3583E-06  0.3583E-06   0.000    
  23846400.0   10.59766624   10.7865   0.000       0.000      0.1888E-02  0.3506E-06 -0.4387E-01  0.4198E-01   0.000       0.000       0.000       0.000        0.000       0.000       0.000       0.000       0.000       0.000                            0.3506E-06  0.3506E-06   0.000    
  23932800.0   10.59184561   10.7799   0.000       0.000      0.1880E-02  0.3368E-06 -0.4364E-01  0.4176E-01   0.000       0.000       0.000       0.000        0.000       0.000       0.000       0.000       0.000       0.000                            0.3368E-06  0.3368E-06   0.000    
  24019200.0   10.58621883   10.7735   0.000       0.000      0.1872E-02  0.3256E-06 -0.4342E-01  0.4155E-01   0.000       0.000       0.000       0.000        0.000       0.000       0.000       0.000       0.000       0.000                            0.3256E-06  0.3256E-06   0.000    
  24105600.0   10.58076726   10.7672   0.000       0.000      0.1865E-02  0.3155E-06 -0.4320E-01  0.4134E-01   0.000       0.000       0.000       0.000        0.000       0.000       0.000       0.000       0.000       0.000                            0.3155E-06  0.3155E-06   0.000    
  24192000.0   10.57542617   10.7611   0.000       0.000      0.1857E-02  0.3091E-06 -0.4298E-01  0.4113E-01   0.000       0.000       0.000       0.000        0.000       0.000       0.000       0.000       0.000       0.000                            0.3091E-06  0.3091E-06   0.000    
  24278400.0   10.57016206   10.7551   0.000       0.000      0.1849E-02  0.3046E-06 -0.4277E-01  0.4092E-01   0.000       0.000       0.000       0.000        0.000       0.000       0.000       0.000       0.000       0.000                            0.3046E-06  0.3046E-06   0.000    
  24364800.0   10.56502802   10.7492   0.000       0.000      0.1842E-02  0.2971E-06 -0.4256E-01  0.4072E-01   0.000       0.000       0.000       0.000        0.000       0.000       0.000       0.000       0.000       0.000                            0.2971E-06  0.2971E-06   0.000    
  24451200.0   10.56003888   10.7435   0.000       0.000      0.1834E-02  0.2887E-06 -0.4236E-01  0.4052E-01   0.000       0.000       0.000       0.000        0.000       0.000       0.000       0.000       0.000       0.000                            0.2887E-06  0.2887E-06   0.000    
  24537600.0   10.55518743   10.7379   0.000       0.000      0.1827E-02  0.2808E-06 -0.4216E-01  0.4033E-01   0.000       0.000       0.000       0.000        0.000       0.000       0.000       0.000       0.000       0.000                            0.2808E-06  0.2808E-06   0.000    
  24624000.0   10.55046701   10.7324   0.000       0.000      0.1820E-02  0.2732E-06 -0.4196E-01  0.4014E-01   0.000       0.000       0.000       0.000        0.000       0.000       0.000       0.000       0.000       0.000                            0.2732E-06  0.2732E-06   0.000    
  24710400.0   10.54588147   10.7271   0.000       0.000      0.1812E-02  0.2654E-06 -0.4176E-01  0.3995E-01   0.000       0.000       0.000       0.000        0.000       0.000       0.000       0.000       0.000       0.000                            0.2654E-06  0.2654E-06   0.000    
  24796800.0   10.54136863   10.7219   0.000       0.000      0.1805E-02  0.2612E-06 -0.4157E-01  0.3977E-01   0.000       0.000       0.000       0.000        0.000       0.000       0.000       0.000       0.000       0.000                            0.2612E-06  0.2612E-06   0.000    
  24883200.0   10.53717728   10.7170   0.000       0.000      0.1799E-02  0.2426E-06 -0.4139E-01  0.3959E-01   0.000       0.000       0.000       0.000        0.000       0.000       0.000       0.000       0.000       0.000                            0.2426E-06  0.2426E-06   0.000    
  24969600.0   10.53750398   10.7171   0.000       0.000      0.1796E-02 -0.1891E-07 -0.4137E-01  0.3957E-01   0.000       0.000       0.000       0.000        0.000       0.000       0.000       0.000       0.000       0.000                           -0.1891E-07 -0.1891E-07   0.000    
  25056000.0   10.53288758   10.7118   0.000       0.000      0.1789E-02  0.2672E-06 -0.4119E-01  0.3940E-01   0.000       0.000       0.000       0.000        0.000       0.000       0.000       0.000       0.000       0.000                            0.2672E-06  0.2672E-06   0.000    
  25142400.0   10.52840657   10.7067   0.000       0.000      0.1783E-02  0.2593E-06 -0.4101E-01  0.3922E-01   0.000       0.000       0.000       0.000        0.000       0.000       0.000       0.000       0.000       0.000                            0.2593E-06  0.2593E-06   0.000    
  25228800.0   10.53294819   10.7114   0.000       0.000      0.1785E-02 -0.2628E-06 -0.4112E-01  0.3934E-01   0.000       0.000       0.000       0.000        0.000       0.000       0.000       0.000       0.000       0.000                           -0.2628E-06 -0.2628E-06   0.000    
  25315200.0   10.52876861   10.7066   0.000       0.000      0.1778E-02  0.2419E-06 -0.4097E-01  0.3919E-01   0.000       0.000       0.000       0.000        0.000       0.000       0.000       0.000       0.000       0.000                            0.2419E-06  0.2419E-06   0.000    
  25401600.0   10.52933692   10.7070   0.000       0.000      0.1777E-02 -0.3289E-07 -0.4098E-01  0.3920E-01   0.000       0.000       0.000       0.000        0.000       0.000       0.000       0.000       0.000       0.000                           -0.3289E-07 -0.3289E-07   0.000    
  25488000.0   10.52947572   10.7070   0.000       0.000      0.1775E-02 -0.8032E-08 -0.4097E-01  0.3919E-01   0.000       0.000       0.000       0.000        0.000       0.000       0.000       0.000       0.000       0.000                           -0.8032E-08 -0.8032E-08   0.000    
  25574400.0   10.53250338   10.7101   0.000       0.000      0.1776E-02 -0.1752E-06 -0.4106E-01  0.3928E-01   0.000       0.000       0.000       0.000        0.000       0.000       0.000       0.000       0.000       0.000                           -0.1752E-06 -0.1752E-06   0.000    
  25660800.0   10.52884215   10.7060   0.000       0.000      0.1771E-02  0.2119E-06 -0.4094E-01  0.3917E-01   0.000       0.000       0.000       0.000        0.000       0.000       0.000       0.000       0.000       0.000                            0.2119E-06  0.2119E-06   0.000    
  25747200.0   10.53559818   10.7132   0.000       0.000      0.1776E-02 -0.3910E-06 -0.4115E-01  0.3938E-01   0.000       0.000       0.000       0.000        0.000       0.000       0.000       0.000       0.000       0.000                           -0.3910E-06 -0.3910E-06   0.000    
  25833600.0   10.57317029   10.7542   0.000       0.000      0.1811E-02 -0.2174E-05 -0.4238E-01  0.4057E-01   0.000       0.000       0.000       0.000        0.000       0.000       0.000       0.000       0.000       0.000                           -0.2174E-05 -0.2174E-05   0.000    
  25920000.0   10.62370048   10.8095   0.000       0.000      0.1858E-02 -0.2924E-05 -0.4405E-01  0.4220E-01   0.000       0.000       0.000       0.000        0.000       0.000       0.000       0.000       0.000       0.000                           -0.2924E-05 -0.2924E-05   0.000    
  26006400.0   10.67484038   10.8654   0.000       0.000      0.1906E-02 -0.2959E-05 -0.4576E-01  0.4386E-01   0.000       0.000       0.000       0.000        0.000       0.000       0.000       0.000       0.000       0.000                           -0.2959E-05 -0.2959E-05   0.000    
  26092800.0   10.68896650   10.8814   0.000       0.000      0.1924E-02 -0.8175E-06 -0.4646E-01  0.4453E-01   0.000       0.000       0.000       0.000        0.000       0.000       0.000       0.000       0.000       0.000                           -0.8175E-06 -0.8175E-06   0.000    
  26179200.0   10.68453125   10.8772   0.000       0.000      0.1926E-02  0.2567E-06 -0.4655E-01  0.4463E-01   0.000       0.000       0.000       0.000        0.000       0.000       0.000       0.000       0.000       0.000                            0.2567E-06  0.2567E-06   0.000    
  26265600.0   10.67625525   10.8685   0.000       0.000      0.1922E-02  0.4789E-06 -0.4642E-01  0.4450E-01   0.000       0.000       0.000       0.000        0.000       0.000       0.000       0.000       0.000       0.000                            0.4789E-06  0.4789E-06   0.000    
  26352000.0   10.66688034   10.8585   0.000       0.000      0.1916E-02  0.5425E-06 -0.4620E-01  0.4428E-01   0.000       0.000       0.000       0.000        0.000       0.000       0.000       0.000       0.000       0.000                            0.5425E-06  0.5425E-06   0.000    
  26438400.0   10.65733210   10.8482   0.000       0.000      0.1908E-02  0.5526E-06 -0.4592E-01  0.4401E-01   0.000       0.000       0.000       0.000        0.000       0.000       0.000       0.000       0.000       0.000                            0.5526E-06  0.5526E-06   0.000    
  26524800.0   10.64783892   10.8379   0.000       0.000      0.1900E-02  0.5494E-06 -0.4562E-01  0.4372E-01   0.000       0.000       0.000       0.000        0.000       0.000       0.000       0.000       0.000       0.000                            0.5494E-06  0.5494E-06   0.000    
  26611200.0   10.63816463   10.8273   0.000       0.000      0.1891E-02  0.5599E-06 -0.4530E-01  0.4341E-01   0.000       0.000       0.000       0.000        0.000       0.000       0.000       0.000       0.000       0.000                            0.5599E-06  0.5599E-06   0.000    
  26697600.0   10.62901335   10.8172   0.000       0.000      0.1882E-02  0.5296E-06 -0.4498E-01  0.4310E-01   0.000       0.000       0.000       0.000        0.000       0.000       0.000       0.000       0.000       0.000                            0.5296E-06  0.5296E-06   0.000    
  26784000.0   10.62021353   10.8075   0.000       0.000      0.1873E-02  0.5092E-06 -0.4466E-01  0.4279E-01   0.000       0.000       0.000       0.000        0.000       0.000       0.000       0.000       0.000       0.000                            0.5092E-06  0.5092E-06   0.000    
  26870400.0   10.64779905   10.8373   0.000       0.000      0.1895E-02 -0.1596E-05 -0.4541E-01  0.4352E-01   0.000       0.000       0.000       0.000        0.000       0.000       0.000       0.000       0.000       0.000                           -0.1596E-05 -0.1596E-05   0.000    
  26956800.0   10.66553780   10.8567   0.000       0.000      0.1911E-02 -0.1027E-05 -0.4597E-01  0.4406E-01   0.000       0.000       0.000       0.000        0.000       0.000       0.000       0.000       0.000       0.000                           -0.1027E-05 -0.1027E-05   0.000    
  27043200.0   10.68246639   10.8752   0.000       0.000      0.1927E-02 -0.9797E-06 -0.4654E-01  0.4461E-01   0.000       0.000       0.000       0.000        0.000       0.000       0.000       0.000       0.000       0.000                           -0.9797E-06 -0.9797E-06   0.000    
  27129600.0   10.68813388   10.8816   0.000       0.000      0.1934E-02 -0.3280E-06 -0.4679E-01  0.4486E-01   0.000       0.000       0.000       0.000        0.000       0.000       0.000       0.000       0.000       0.000                           -0.3280E-06 -0.3280E-06   0.000    
  27216000.0   10.69792123   10.8924   0.000       0.000      0.1945E-02 -0.5664E-06 -0.4714E-01  0.4520E-01   0.000       0.000       0.000       0.000        0.000       0.000       0.000       0.000       0.000       0.000                           -0.5664E-06 -0.5664E-06   0.000    
  27302400.0   10.72186598   10.9185   0.000       0.000      0.1966E-02 -0.1386E-05 -0.4786E-01  0.4590E-01   0.000       0.000       0.000       0.000        0.000       0.000       0.000       0.000       0.000       0.000                           -0.1386E-05 -0.1386E-05   0.000    
  27388800.0   10.76879352   10.9693   0.000       0.000      0.2005E-02 -0.2716E-05 -0.4919E-01  0.4719E-01   0.000       0.000       0.000       0.000        0.000       0.000       0.000       0.000       0.000       0.000                           -0.2716E-05 -0.2716E-05   0.000    
  27475200.0   10.81013169   11.0143   0.000       0.000      0.2042E-02 -0.2392E-05 -0.5043E-01  0.4839E-01   0.000       0.000       0.000       0.000        0.000       0.000       0.000       0.000       0.000       0.000                           -0.2392E-05 -0.2392E-05   0.000    
  27561600.0   10.80819967   11.0130   0.000       0.000      0.2048E-02  0.1118E-06 -0.5065E-01  0.4860E-01   0.000       0.000       0.000       0.000        0.000       0.000       0.000       0.000       0.000       0.000                            0.1118E-06  0.1118E-06   0.000    
  27648000.0   10.79942625   11.0040   0.000       0.000      0.2046E-02  0.5077E-06 -0.5057E-01  0.4853E-01   0.000       0.000       0.000       0.000        0.000       0.000       0.000       0.000       0.000       0.000                            0.5077E-06  0.5077E-06   0.000    
  27734400.0   10.78703045   10.9910   0.000       0.000      0.2039E-02  0.7173E-06 -0.5032E-01  0.4828E-01   0.000       0.000       0.000       0.000        0.000       0.000       0.000       0.000       0.000       0.000                            0.7173E-06  0.7173E-06   0.000    
  27820800.0   10.77603360   10.9793   0.000       0.000      0.2033E-02  0.6364E-06 -0.5004E-01  0.4801E-01   0.000       0.000       0.000       0.000        0.000       0.000       0.000       0.000       0.000       0.000                            0.6364E-06  0.6364E-06   0.000    
  27907200.0   10.76745697   10.9702   0.000       0.000      0.2027E-02  0.4963E-06 -0.4980E-01  0.4777E-01   0.000       0.000       0.000       0.000        0.000       0.000       0.000       0.000       0.000       0.000                            0.4963E-06  0.4963E-06   0.000    
  27993600.0   10.78771028   10.9919   0.000       0.000      0.2042E-02 -0.1172E-05 -0.5026E-01  0.4822E-01   0.000       0.000       0.000       0.000        0.000       0.000       0.000       0.000       0.000       0.000                           -0.1172E-05 -0.1172E-05   0.000    
  28080000.0   10.81854639   11.0252   0.000       0.000      0.2067E-02 -0.1784E-05 -0.5105E-01  0.4899E-01   0.000       0.000       0.000       0.000        0.000       0.000       0.000       0.000       0.000       0.000                           -0.1784E-05 -0.1784E-05   0.000    
  28166400.0   10.83511631   11.0434   0.000       0.000      0.2083E-02 -0.9589E-06 -0.5158E-01  0.4950E-01   0.000       0.000       0.000       0.000        0.000       0.000       0.000       0.000       0.000       0.000                           -0.9589E-06 -0.9589E-06   0.000    
  28252800.0   10.82852487   11.0368   0.000       0.000      0.2082E-02  0.3814E-06 -0.5156E-01  0.4947E-01   0.000       0.000       0.000       0.000        0.000       0.000       0.000       0.000       0.000       0.000                            0.3814E-06  0.3814E-06   0.000    
  28339200.0   10.81701661   11.0247   0.000       0.000      0.2077E-02  0.6660E-06 -0.5134E-01  0.4926E-01   0.000       0.000       0.000       0.000        0.000       0.000       0.000       0.000       0.000       0.000                            0.6660E-06  0.6660E-06   0.000    
  28425600.0   10.80400617   11.0109   0.000       0.000      0.2069E-02  0.7529E-06 -0.5101E-01  0.4894E-01   0.000       0.000       0.000       0.000        0.000       0.000       0.000       0.000       0.000       0.000                            0.7529E-06  0.7529E-06   0.000    
  28512000.0   10.79065167   10.9965   0.000       0.000      0.2059E-02  0.7728E-06 -0.5064E-01  0.4858E-01   0.000       0.000       0.000       0.000        0.000       0.000       0.000       0.000       0.000       0.000                            0.7728E-06  0.7728E-06   0.000    
  28598400.0   10.77735176   10.9822   0.000       0.000      0.2049E-02  0.7697E-06 -0.5024E-01  0.4820E-01   0.000       0.000       0.000       0.000        0.000       0.000       0.000       0.000       0.000       0.000                            0.7697E-06  0.7697E-06   0.000    
  28684800.0   10.76435543   10.9682   0.000       0.000      0.2038E-02  0.7521E-06 -0.4984E-01  0.4781E-01   0.000       0.000       0.000       0.000        0.000       0.000       0.000       0.000       0.000       0.000                            0.7521E-06  0.7521E-06   0.000    
  28771200.0   10.75173649   10.9545   0.000       0.000      0.2027E-02  0.7303E-06 -0.4944E-01  0.4741E-01   0.000       0.000       0.000       0.000        0.000       0.000       0.000       0.000       0.000       0.000                            0.7303E-06  0.7303E-06   0.000    
  28857600.0   10.73955806   10.9412   0.000       0.000      0.2017E-02  0.7048E-06 -0.4904E-01  0.4702E-01   0.000       0.000       0.000       0.000        0.000       0.000       0.000       0.000       0.000       0.000                            0.7048E-06  0.7048E-06   0.000    
  28944000.0   10.72770679   10.9283   0.000       0.000      0.2006E-02  0.6858E-06 -0.4864E-01  0.4664E-01   0.000       0.000       0.000       0.000        0.000       0.000       0.000       0.000       0.000       0.000                            0.6858E-06  0.6858E-06   0.000    
  29030400.0   10.71615102   10.9156   0.000       0.000      0.1995E-02  0.6687E-06 -0.4825E-01  0.4625E-01   0.000       0.000       0.000       0.000        0.000       0.000       0.000       0.000       0.000       0.000                            0.6687E-06  0.6687E-06   0.000    
  29116800.0   10.70503304   10.9034   0.000       0.000      0.1984E-02  0.6434E-06 -0.4785E-01  0.4587E-01   0.000       0.000       0.000       0.000        0.000       0.000       0.000       0.000       0.000       0.000                            0.6434E-06  0.6434E-06   0.000    
  29203200.0   10.69413217   10.8914   0.000       0.000      0.1973E-02  0.6308E-06 -0.4747E-01  0.4550E-01   0.000       0.000       0.000       0.000        0.000       0.000       0.000       0.000       0.000       0.000                            0.6308E-06  0.6308E-06   0.000    
  29289600.0   10.68366407   10.8799   0.000       0.000      0.1962E-02  0.6058E-06 -0.4710E-01  0.4513E-01   0.000       0.000       0.000       0.000        0.000       0.000       0.000       0.000       0.000       0.000                            0.6058E-06  0.6058E-06   0.000    
  29376000.0   10.67367390   10.8688   0.000       0.000      0.1951E-02  0.5781E-06 -0.4673E-01  0.4478E-01   0.000       0.000       0.000       0.000        0.000       0.000       0.000       0.000       0.000       0.000                            0.5781E-06  0.5781E-06   0.000    
  29462400.0   10.66415544   10.8583   0.000       0.000      0.1941E-02  0.5508E-06 -0.4638E-01  0.4443E-01   0.000       0.000       0.000       0.000        0.000       0.000       0.000       0.000       0.000       0.000                            0.5508E-06  0.5508E-06   0.000    
  29548800.0   10.65497313   10.8481   0.000       0.000      0.1931E-02  0.5314E-06 -0.4603E-01  0.4410E-01   0.000       0.000       0.000       0.000        0.000       0.000       0.000       0.000       0.000       0.000                            0.5314E-06  0.5314E-06   0.000    
  29635200.0   10.64610155   10.8382   0.000       0.000      0.1921E-02  0.5134E-06 -0.4570E-01  0.4378E-01   0.000       0.000       0.000       0.000        0.000       0.000       0.000       0.000       0.000       0.000                            0.5134E-06  0.5134E-06   0.000    
  29721600.0   10.63754747   10.8287   0.000       0.000      0.1911E-02  0.4950E-06 -0.4537E-01  0.4346E-01   0.000       0.000       0.000       0.000        0.000       0.000       0.000       0.000       0.000       0.000                            0.4950E-06  0.4950E-06   0.000    
  29808000.0   10.62921070   10.8193   0.000       0.000      0.1901E-02  0.4825E-06 -0.4505E-01  0.4315E-01   0.000       0.000       0.000       0.000        0.000       0.000       0.000       0.000       0.000       0.000                            0.4825E-06  0.4825E-06   0.000    
  29894400.0   10.62112613   10.8103   0.000       0.000      0.1892E-02  0.4679E-06 -0.4474E-01  0.4285E-01   0.000       0.000       0.000       0.000        0.000       0.000       0.000       0.000       0.000       0.000                            0.4679E-06  0.4679E-06   0.000    
  29980800.0   10.61328202   10.8015   0.000       0.000      0.1882E-02  0.4539E-06 -0.4443E-01  0.4255E-01   0.000       0.000       0.000       0.000        0.000       0.000       0.000       0.000       0.000       0.000                            0.4539E-06  0.4539E-06   0.000    
  30067200.0   10.60574276   10.7930   0.000       0.000      0.1873E-02  0.4363E-06 -0.4413E-01  0.4226E-01   0.000       0.000       0.000       0.000        0.000       0.000       0.000       0.000       0.000       0.000                            0.4363E-06  0.4363E-06   0.000    
  30153600.0   10.59847009   10.7848   0.000       0.000      0.1863E-02  0.4209E-06 -0.4384E-01  0.4198E-01   0.000       0.000       0.000       0.000        0.000       0.000       0.000       0.000       0.000       0.000                            0.4209E-06  0.4209E-06   0.000    
  30240000.0   10.59145385   10.7769   0.000       0.000      0.1854E-02  0.4060E-06 -0.4356E-01  0.4170E-01   0.000       0.000       0.000       0.000        0.000       0.000       0.000       0.000       0.000       0.000                            0.4060E-06  0.4060E-06   0.000    
  30326400.0   10.58464289   10.7692   0.000       0.000      0.1845E-02  0.3942E-06 -0.4328E-01  0.4144E-01   0.000       0.000       0.000       0.000        0.000       0.000       0.000       0.000       0.000       0.000                            0.3942E-06  0.3942E-06   0.000    
  30412800.0   10.57804045   10.7617   0.000       0.000      0.1837E-02  0.3821E-06 -0.4301E-01  0.4117E-01   0.000       0.000       0.000       0.000        0.000       0.000       0.000       0.000       0.000       0.000                            0.3821E-06  0.3821E-06   0.000    
  30499200.0   10.57165372   10.7544   0.000       0.000      0.1828E-02  0.3696E-06 -0.4275E-01  0.4092E-01   0.000       0.000       0.000       0.000        0.000       0.000       0.000       0.000       0.000       0.000                            0.3696E-06  0.3696E-06   0.000    
  30585600.0   10.56545883   10.7474   0.000       0.000      0.1819E-02  0.3585E-06 -0.4249E-01  0.4067E-01   0.000       0.000       0.000       0.000        0.000       0.000       0.000       0.000       0.000       0.000                            0.3585E-06  0.3585E-06   0.000    
  30672000.0   10.55945614   10.7406   0.000       0.000      0.1811E-02  0.3474E-06 -0.4224E-01  0.4043E-01   0.000       0.000       0.000       0.000        0.000       0.000       0.000       0.000       0.000       0.000                            0.3474E-06  0.3474E-06   0.000    
  30758400.0   10.55363456   10.7339   0.000       0.000      0.1803E-02  0.3369E-06 -0.4199E-01  0.4019E-01   0.000       0.000       0.000       0.000        0.000       0.000       0.000       0.000       0.000       0.000                            0.3369E-06  0.3369E-06   0.000    
  30844800.0   10.54798344   10.7274   0.000       0.000      0.1795E-02  0.3270E-06 -0.4175E-01  0.3996E-01   0.000       0.000       0.000       0.000        0.000       0.000       0.000       0.000       0.000       0.000                            0.3270E-06  0.3270E-06   0.000    
  30931200.0   10.54248307   10.7211   0.000       0.000      0.1787E-02  0.3183E-06 -0.4152E-01  0.3973E-01   0.000       0.000       0.000       0.000        0.000       0.000       0.000       0.000       0.000       0.000                            0.3183E-06  0.3183E-06   0.000    
  31017600.0   10.53712770   10.7150   0.000       0.000      0.1779E-02  0.3099E-06 -0.4129E-01  0.3951E-01   0.000       0.000       0.000       0.000        0.000       0.000       0.000       0.000       0.000       0.000                            0.3099E-06  0.3099E-06   0.000    
  31104000.0   10.53192143   10.7090   0.000       0.000      0.1771E-02  0.3013E-06 -0.4106E-01  0.3929E-01   0.000       0.000       0.000       0.000        0.000       0.000       0.000       0.000       0.000       0.000                            0.3013E-06  0.3013E-06   0.000    
  31190400.0   10.52685648   10.7032   0.000       0.000      0.1763E-02  0.2931E-06 -0.4084E-01  0.3907E-01   0.000       0.000       0.000       0.000        0.000       0.000       0.000       0.000       0.000       0.000                            0.2931E-06  0.2931E-06   0.000    
  31276800.0   10.52272713   10.6984   0.000       0.000      0.1756E-02  0.2390E-06 -0.4065E-01  0.3889E-01   0.000       0.000       0.000       0.000        0.000       0.000       0.000       0.000       0.000       0.000                            0.2390E-06  0.2390E-06   0.000    
  31363200.0   10.51782406   10.6927   0.000       0.000      0.1749E-02  0.2837E-06 -0.4044E-01  0.3869E-01   0.000       0.000       0.000       0.000        0.000       0.000       0.000       0.000       0.000       0.000                            0.2837E-06  0.2837E-06   0.000    
  31449600.0   10.51306239   10.6872   0.000       0.000      0.1741E-02  0.2756E-06 -0.4023E-01  0.3849E-01   0.000       0.000       0.000       0.000        0.000       0.000       0.000       0.000       0.000       0.000                            0.2756E-06  0.2756E-06   0.000    
  31536000.0   10.50842743   10.6818   0.000       0.000      0.1734E-02  0.2682E-06 -0.4003E-01  0.3829E-01   0.000       0.000       0.000       0.000        0.000       0.000       0.000       0.000       0.000       0.000                            0.2682E-06  0.2682E-06   0.000    
  31622400.0   10.50350341   10.6762   0.000       0.000      0.1727E-02  0.2850E-06 -0.3981E-01  0.3809E-01   0.000       0.000       0.000       0.000        0.000       0.000       0.000       0.000       0.000       0.000                            0.2850E-06  0.2850E-06   0.000    
