   TOTIM (T)          HCON      HMAT     QDIR      QWELL        QMAT QCADS<->CON       QTUB1       QTUB2       QTUB3       QTUB4       QTUB5       QTUB6       NSTOR        QFIX        QLH     FHLQ (LQ)      CAUCHY CAUCHY (LQ) BREAK-DOWN CADS FLOW  QCADS<->CON    Q_CDSSTO    Q_CDSRCH
     86400.0   10.79510750   10.8596   0.000       0.000      0.6453E-03   0.000     -0.7465E-02  0.6820E-02   0.000       0.000       0.000       0.000        0.000       0.000       0.000       0.000       0.000       0.000                             0.000       0.000       0.000    
    172800.0   10.77754055   10.8409   0.000       0.000      0.6341E-03  0.1017E-05 -0.7376E-02  0.6741E-02   0.000       0.000       0.000       0.000        0.000       0.000       0.000       0.000       0.000       0.000                            0.1017E-05  0.1017E-05   0.000    
    259200.0   10.77789456   10.8412   0.000       0.000      0.6333E-03 -0.2049E-07 -0.7390E-02  0.6757E-02   0.000       0.000       0.000       0.000        0.000       0.000       0.000       0.000       0.000       0.000                           -0.2049E-07 -0.2049E-07   0.000    
    345600.0   10.77629836   10.8395   0.000       0.000      0.6316E-03  0.9237E-07 -0.7370E-02  0.6738E-02   0.000       0.000       0.000       0.000        0.000       0.000       0.000       0.000       0.000       0.000                            0.9237E-07  0.9237E-07   0.000    
    432000.0   10.78802856   10.8519   0.000       0.000      0.6387E-03 -0.6788E-06 -0.7425E-02  0.6787E-02   0.000       0.000       0.000       0.000        0.000       0.000       0.000       0.000       0.000       0.000                           -0.6788E-06 -0.6788E-06   0.000    
    518400.0   10.79499516   10.8593   0.000       0.000      0.6434E-03 -0.4032E-06 -0.7447E-02  0.6804E-02   0.000       0.000       0.000       0.000        0.000       0.000       0.000       0.000       0.000       0.000                           -0.4032E-06 -0.4032E-06   0.000    
    604800.0   10.79703537   10.8616   0.000       0.000      0.6453E-03 -0.1181E-06 -0.7456E-02  0.6811E-02   0.000       0.000       0.000       0.000        0.000       0.000       0.000       0.000       0.000       0.000                           -0.1181E-06 -0.1181E-06   0.000    
    691200.0   10.81501814   10.8807   0.000       0.000      0.6571E-03 -0.1041E-05 -0.7551E-02  0.6895E-02   0.000       0.000       0.000       0.000        0.000       0.000       0.000       0.000       0.000       0.000                           -0.1041E-05 -0.1041E-05   0.000    
    777600.0   10.86392160   10.9327   0.000       0.000      0.6880E-03 -0.2830E-05 -0.7780E-02  0.7095E-02   0.000       0.000       0.000       0.000        0.000       0.000       0.000       0.000       0.000       0.000                           -0.2830E-05 -0.2830E-05   0.000    
    864000.0   10.93597004   11.0093   0.000       0.000      0.7331E-03 -0.4169E-05 -0.8096E-02  0.7367E-02   0.000       0.000       0.000       0.000        0.000       0.000       0.000       0.000       0.000       0.000                           -0.4169E-05 -0.4169E-05   0.000    
    950400.0   10.96843911   11.0442   0.000       0.000      0.7573E-03 -0.1879E-05 -0.8231E-02  0.7475E-02   0.000       0.000       0.000       0.000        0.000       0.000       0.000       0.000       0.000       0.000                           -0.1879E-05 -0.1879E-05   0.000    
   1036800.0   11.04677534   11.1272   0.000       0.000      0.8044E-03 -0.4533E-05 -0.8615E-02  0.7816E-02   0.000       0.000       0.000       0.000        0.000       0.000       0.000       0.000       0.000       0.000                           -0.4533E-05 -0.4533E-05   0.000    
   1123200.0   11.18783590   11.2759   0.000       0.000      0.8806E-03 -0.8163E-05 -0.9190E-02  0.8318E-02   0.000       0.000       0.000       0.000        0.000       0.000       0.000       0.000       0.000       0.000                           -0.8163E-05 -0.8163E-05   0.000    
   1209600.0   11.17053381   11.2590   0.000       0.000      0.8851E-03  0.1001E-05 -0.9104E-02  0.8218E-02   0.000       0.000       0.000       0.000        0.000       0.000       0.000       0.000       0.000       0.000                            0.1001E-05  0.1001E-05   0.000    
   1296000.0   11.14967550   11.2380   0.000       0.000      0.8831E-03  0.1207E-05 -0.9176E-02  0.8291E-02   0.000       0.000       0.000       0.000        0.000       0.000       0.000       0.000       0.000       0.000                            0.1207E-05  0.1207E-05   0.000    
   1382400.0   11.12864992   11.2163   0.000       0.000      0.8764E-03  0.1217E-05 -0.9174E-02  0.8297E-02   0.000       0.000       0.000       0.000        0.000       0.000       0.000       0.000       0.000       0.000                            0.1217E-05  0.1217E-05   0.000    
   1468800.0   11.10780368   11.1946   0.000       0.000      0.8676E-03  0.1206E-05 -0.9145E-02  0.8276E-02   0.000       0.000       0.000       0.000        0.000       0.000       0.000       0.000       0.000       0.000                            0.1206E-05  0.1206E-05   0.000    
   1555200.0   11.08547180   11.1711   0.000       0.000      0.8564E-03  0.1292E-05 -0.9091E-02  0.8233E-02   0.000       0.000       0.000       0.000        0.000       0.000       0.000       0.000       0.000       0.000                            0.1292E-05  0.1292E-05   0.000    
   1641600.0   11.06304569   11.1474   0.000       0.000      0.8437E-03  0.1298E-05 -0.9024E-02  0.8179E-02   0.000       0.000       0.000       0.000        0.000       0.000       0.000       0.000       0.000       0.000                            0.1298E-05  0.1298E-05   0.000    
   1728000.0   11.04404227   11.1272   0.000       0.000      0.8318E-03  0.1100E-05 -0.8960E-02  0.8128E-02   0.000       0.000       0.000       0.000        0.000       0.000       0.000       0.000       0.000       0.000                            0.1100E-05  0.1100E-05   0.000    
   1814400.0   11.02730862   11.1094   0.000       0.000      0.8208E-03  0.9684E-06 -0.8897E-02  0.8075E-02   0.000       0.000       0.000       0.000        0.000       0.000       0.000       0.000       0.000       0.000                            0.9684E-06  0.9684E-06   0.000    
   1900800.0   11.00865361   11.0895   0.000       0.000      0.8080E-03  0.1080E-05 -0.8816E-02  0.8007E-02   0.000       0.000       0.000       0.000        0.000       0.000       0.000       0.000       0.000       0.000                            0.1080E-05  0.1080E-05   0.000    
   1987200.0   10.99148457   11.0711   0.000       0.000      0.7961E-03  0.9936E-06 -0.8743E-02  0.7946E-02   0.000       0.000       0.000       0.000        0.000       0.000       0.000       0.000       0.000       0.000                            0.9936E-06  0.9936E-06   0.000    
   2073600.0   10.97734062   11.0559   0.000       0.000      0.7853E-03  0.8185E-06 -0.8675E-02  0.7889E-02   0.000       0.000       0.000       0.000        0.000       0.000       0.000       0.000       0.000       0.000                            0.8185E-06  0.8185E-06   0.000    
   2160000.0   10.96095173   11.0383   0.000       0.000      0.7731E-03  0.9484E-06 -0.8592E-02  0.7818E-02   0.000       0.000       0.000       0.000        0.000       0.000       0.000       0.000       0.000       0.000                            0.9484E-06  0.9484E-06   0.000    
   2246400.0   10.94475046   11.0208   0.000       0.000      0.7609E-03  0.9376E-06 -0.8511E-02  0.7749E-02   0.000       0.000       0.000       0.000        0.000       0.000       0.000       0.000       0.000       0.000                            0.9376E-06  0.9376E-06   0.000    
   2332800.0   10.92898751   11.0038   0.000       0.000      0.7485E-03  0.9122E-06 -0.8427E-02  0.7677E-02   0.000       0.000       0.000       0.000        0.000       0.000       0.000       0.000       0.000       0.000                            0.9122E-06  0.9122E-06   0.000    
   2419200.0   10.91361407   10.9873   0.000       0.000      0.7364E-03  0.8897E-06 -0.8343E-02  0.7605E-02   0.000       0.000       0.000       0.000        0.000       0.000       0.000       0.000       0.000       0.000                            0.8897E-06  0.8897E-06   0.000    
   2505600.0   10.90668703   10.9796   0.000       0.000      0.7288E-03  0.4009E-06 -0.8294E-02  0.7565E-02   0.000       0.000       0.000       0.000        0.000       0.000       0.000       0.000       0.000       0.000                            0.4009E-06  0.4009E-06   0.000    
   2592000.0   10.89655153   10.9686   0.000       0.000      0.7202E-03  0.5865E-06 -0.8226E-02  0.7505E-02   0.000       0.000       0.000       0.000        0.000       0.000       0.000       0.000       0.000       0.000                            0.5865E-06  0.5865E-06   0.000    
   2678400.0   10.91553291   10.9884   0.000       0.000      0.7282E-03 -0.1098E-05 -0.8299E-02  0.7572E-02   0.000       0.000       0.000       0.000        0.000       0.000       0.000       0.000       0.000       0.000                           -0.1098E-05 -0.1098E-05   0.000    
   2764800.0   10.99108245   11.0679   0.000       0.000      0.7683E-03 -0.4372E-05 -0.8601E-02  0.7837E-02   0.000       0.000       0.000       0.000        0.000       0.000       0.000       0.000       0.000       0.000                           -0.4372E-05 -0.4372E-05   0.000    
   2851200.0   11.17685059   11.2632   0.000       0.000      0.8635E-03 -0.1075E-04 -0.9314E-02  0.8461E-02   0.000       0.000       0.000       0.000        0.000       0.000       0.000       0.000       0.000       0.000                           -0.1075E-04 -0.1075E-04   0.000    
   2937600.0   11.14322997   11.2292   0.000       0.000      0.8593E-03  0.1946E-05 -0.9084E-02  0.8223E-02   0.000       0.000       0.000       0.000        0.000       0.000       0.000       0.000       0.000       0.000                            0.1946E-05  0.1946E-05   0.000    
   3024000.0   11.15011618   11.2370   0.000       0.000      0.8686E-03 -0.3985E-06 -0.9273E-02  0.8405E-02   0.000       0.000       0.000       0.000        0.000       0.000       0.000       0.000       0.000       0.000                           -0.3985E-06 -0.3985E-06   0.000    
   3110400.0   11.15182775   11.2391   0.000       0.000      0.8727E-03 -0.9905E-07 -0.9318E-02  0.8445E-02   0.000       0.000       0.000       0.000        0.000       0.000       0.000       0.000       0.000       0.000                           -0.9905E-07 -0.9905E-07   0.000    
   3196800.0   11.13998131   11.2269   0.000       0.000      0.8687E-03  0.6856E-06 -0.9303E-02  0.8434E-02   0.000       0.000       0.000       0.000        0.000       0.000       0.000       0.000       0.000       0.000                            0.6856E-06  0.6856E-06   0.000    
   3283200.0   11.12191118   11.2080   0.000       0.000      0.8608E-03  0.1046E-05 -0.9267E-02  0.8405E-02   0.000       0.000       0.000       0.000        0.000       0.000       0.000       0.000       0.000       0.000                            0.1046E-05  0.1046E-05   0.000    
   3369600.0   11.12463163   11.2108   0.000       0.000      0.8614E-03 -0.1574E-06 -0.9305E-02  0.8444E-02   0.000       0.000       0.000       0.000        0.000       0.000       0.000       0.000       0.000       0.000                           -0.1574E-06 -0.1574E-06   0.000    
   3456000.0   11.13934803   11.2261   0.000       0.000      0.8676E-03 -0.8516E-06 -0.9362E-02  0.8495E-02   0.000       0.000       0.000       0.000        0.000       0.000       0.000       0.000       0.000       0.000                           -0.8516E-06 -0.8516E-06   0.000    
   3542400.0   11.16233689   11.2502   0.000       0.000      0.8790E-03 -0.1330E-05 -0.9452E-02  0.8575E-02   0.000       0.000       0.000       0.000        0.000       0.000       0.000       0.000       0.000       0.000                           -0.1330E-05 -0.1330E-05   0.000    
   3628800.0   11.17095548   11.2594   0.000       0.000      0.8842E-03 -0.4988E-06 -0.9485E-02  0.8601E-02   0.000       0.000       0.000       0.000        0.000       0.000       0.000       0.000       0.000       0.000                           -0.4988E-06 -0.4988E-06   0.000    
   3715200.0   11.15929716   11.2473   0.000       0.000      0.8798E-03  0.6747E-06 -0.9456E-02  0.8576E-02   0.000       0.000       0.000       0.000        0.000       0.000       0.000       0.000       0.000       0.000                            0.6747E-06  0.6747E-06   0.000    
   3801600.0   11.16304688   11.2512   0.000       0.000      0.8813E-03 -0.2170E-06 -0.9500E-02  0.8619E-02   0.000       0.000       0.000       0.000        0.000       0.000       0.000       0.000       0.000       0.000                           -0.2170E-06 -0.2170E-06   0.000    
   3888000.0   11.17595864   11.2647   0.000       0.000      0.8870E-03 -0.7472E-06 -0.9553E-02  0.8667E-02   0.000       0.000       0.000       0.000        0.000       0.000       0.000       0.000       0.000       0.000                           -0.7472E-06 -0.7472E-06   0.000    
   3974400.0   11.20494706   11.2950   0.000       0.000      0.9006E-03 -0.1678E-05 -0.9666E-02  0.8767E-02   0.000       0.000       0.000       0.000        0.000       0.000       0.000       0.000       0.000       0.000                           -0.1678E-05 -0.1678E-05   0.000    
   4060800.0   11.22836622   11.3196   0.000       0.000      0.9122E-03 -0.1355E-05 -0.9747E-02  0.8836E-02   0.000       0.000       0.000       0.000        0.000       0.000       0.000       0.000       0.000       0.000                           -0.1355E-05 -0.1355E-05   0.000    
   4147200.0   11.21667300   11.3076   0.000       0.000      0.9090E-03  0.6767E-06 -0.9712E-02  0.8802E-02   0.000       0.000       0.000       0.000        0.000       0.000       0.000       0.000       0.000       0.000                            0.6767E-06  0.6767E-06   0.000    
   4233600.0   11.19828167   11.2883   0.000       0.000      0.9006E-03  0.1064E-05 -0.9676E-02  0.8775E-02   0.000       0.000       0.000       0.000        0.000       0.000       0.000       0.000       0.000       0.000                            0.1064E-05  0.1064E-05   0.000    
   4320000.0   11.18290604   11.2722   0.000       0.000      0.8925E-03  0.8898E-06 -0.9640E-02  0.8747E-02   0.000       0.000       0.000       0.000        0.000       0.000       0.000       0.000       0.000       0.000                            0.8898E-06  0.8898E-06   0.000    
   4406400.0   11.16639553   11.2547   0.000       0.000      0.8827E-03  0.9555E-06 -0.9582E-02  0.8698E-02   0.000       0.000       0.000       0.000        0.000       0.000       0.000       0.000       0.000       0.000                            0.9555E-06  0.9555E-06   0.000    
   4492800.0   11.15318191   11.2406   0.000       0.000      0.8739E-03  0.7647E-06 -0.9533E-02  0.8658E-02   0.000       0.000       0.000       0.000        0.000       0.000       0.000       0.000       0.000       0.000                            0.7647E-06  0.7647E-06   0.000    
   4579200.0   11.13605852   11.2224   0.000       0.000      0.8632E-03  0.9909E-06 -0.9460E-02  0.8596E-02   0.000       0.000       0.000       0.000        0.000       0.000       0.000       0.000       0.000       0.000                            0.9909E-06  0.9909E-06   0.000    
   4665600.0   11.11796414   11.2031   0.000       0.000      0.8513E-03  0.1047E-05 -0.9384E-02  0.8531E-02   0.000       0.000       0.000       0.000        0.000       0.000       0.000       0.000       0.000       0.000                            0.1047E-05  0.1047E-05   0.000    
   4752000.0   11.14367179   11.2297   0.000       0.000      0.8605E-03 -0.1488E-05 -0.9483E-02  0.8624E-02   0.000       0.000       0.000       0.000        0.000       0.000       0.000       0.000       0.000       0.000                           -0.1488E-05 -0.1488E-05   0.000    
   4838400.0   11.18092801   11.2686   0.000       0.000      0.8767E-03 -0.2156E-05 -0.9589E-02  0.8714E-02   0.000       0.000       0.000       0.000        0.000       0.000       0.000       0.000       0.000       0.000                           -0.2156E-05 -0.2156E-05   0.000    
   4924800.0   11.22276670   11.3124   0.000       0.000      0.8963E-03 -0.2421E-05 -0.9724E-02  0.8831E-02   0.000       0.000       0.000       0.000        0.000       0.000       0.000       0.000       0.000       0.000                           -0.2421E-05 -0.2421E-05   0.000    
   5011200.0   11.24892135   11.3400   0.000       0.000      0.9106E-03 -0.1514E-05 -0.9815E-02  0.8906E-02   0.000       0.000       0.000       0.000        0.000       0.000       0.000       0.000       0.000       0.000                           -0.1514E-05 -0.1514E-05   0.000    
   5097600.0   11.23632881   11.3270   0.000       0.000      0.9072E-03  0.7287E-06 -0.9778E-02  0.8870E-02   0.000       0.000       0.000       0.000        0.000       0.000       0.000       0.000       0.000       0.000                            0.7287E-06  0.7287E-06   0.000    
   5184000.0   11.21769185   11.3077   0.000       0.000      0.8997E-03  0.1079E-05 -0.9749E-02  0.8848E-02   0.000       0.000       0.000       0.000        0.000       0.000       0.000       0.000       0.000       0.000                            0.1079E-05  0.1079E-05   0.000    
   5270400.0   11.20126618   11.2903   0.000       0.000      0.8908E-03  0.9506E-06 -0.9705E-02  0.8813E-02   0.000       0.000       0.000       0.000        0.000       0.000       0.000       0.000       0.000       0.000                            0.9506E-06  0.9506E-06   0.000    
   5356800.0   11.18241380   11.2705   0.000       0.000      0.8805E-03  0.1091E-05 -0.9641E-02  0.8759E-02   0.000       0.000       0.000       0.000        0.000       0.000       0.000       0.000       0.000       0.000                            0.1091E-05  0.1091E-05   0.000    
   5443200.0   11.19200133   11.2802   0.000       0.000      0.8824E-03 -0.5548E-06 -0.9682E-02  0.8800E-02   0.000       0.000       0.000       0.000        0.000       0.000       0.000       0.000       0.000       0.000                           -0.5548E-06 -0.5548E-06   0.000    
   5529600.0   11.20444341   11.2931   0.000       0.000      0.8864E-03 -0.7200E-06 -0.9706E-02  0.8820E-02   0.000       0.000       0.000       0.000        0.000       0.000       0.000       0.000       0.000       0.000                           -0.7200E-06 -0.7200E-06   0.000    
   5616000.0   11.21793937   11.3071   0.000       0.000      0.8921E-03 -0.7810E-06 -0.9747E-02  0.8856E-02   0.000       0.000       0.000       0.000        0.000       0.000       0.000       0.000       0.000       0.000                           -0.7810E-06 -0.7810E-06   0.000    
   5702400.0   11.22667198   11.3163   0.000       0.000      0.8960E-03 -0.5054E-06 -0.9775E-02  0.8880E-02   0.000       0.000       0.000       0.000        0.000       0.000       0.000       0.000       0.000       0.000                           -0.5054E-06 -0.5054E-06   0.000    
   5788800.0   11.22231648   11.3117   0.000       0.000      0.8941E-03  0.2521E-06 -0.9760E-02  0.8865E-02   0.000       0.000       0.000       0.000        0.000       0.000       0.000       0.000       0.000       0.000                            0.2521E-06  0.2521E-06   0.000    
   5875200.0   11.22322973   11.3126   0.000       0.000      0.8940E-03 -0.5285E-07 -0.9775E-02  0.8881E-02   0.000       0.000       0.000       0.000        0.000       0.000       0.000       0.000       0.000       0.000                           -0.5285E-07 -0.5285E-07   0.000    
   5961600.0   11.21902891   11.3082   0.000       0.000      0.8913E-03  0.2431E-06 -0.9758E-02  0.8866E-02   0.000       0.000       0.000       0.000        0.000       0.000       0.000       0.000       0.000       0.000                            0.2431E-06  0.2431E-06   0.000    
   6048000.0   11.20632747   11.2948   0.000       0.000      0.8843E-03  0.7350E-06 -0.9710E-02  0.8825E-02   0.000       0.000       0.000       0.000        0.000       0.000       0.000       0.000       0.000       0.000                            0.7350E-06  0.7350E-06   0.000    
   6134400.0   11.18971816   11.2772   0.000       0.000      0.8753E-03  0.9612E-06 -0.9654E-02  0.8778E-02   0.000       0.000       0.000       0.000        0.000       0.000       0.000       0.000       0.000       0.000                            0.9612E-06  0.9612E-06   0.000    
   6220800.0   11.17157149   11.2580   0.000       0.000      0.8644E-03  0.1050E-05 -0.9583E-02  0.8717E-02   0.000       0.000       0.000       0.000        0.000       0.000       0.000       0.000       0.000       0.000                            0.1050E-05  0.1050E-05   0.000    
   6307200.0   11.15276368   11.2381   0.000       0.000      0.8530E-03  0.1088E-05 -0.9507E-02  0.8652E-02   0.000       0.000       0.000       0.000        0.000       0.000       0.000       0.000       0.000       0.000                            0.1088E-05  0.1088E-05   0.000    
   6393600.0   11.13406372   11.2181   0.000       0.000      0.8408E-03  0.1082E-05 -0.9423E-02  0.8581E-02   0.000       0.000       0.000       0.000        0.000       0.000       0.000       0.000       0.000       0.000                            0.1082E-05  0.1082E-05   0.000    
   6480000.0   11.11551216   11.1984   0.000       0.000      0.8287E-03  0.1074E-05 -0.9338E-02  0.8508E-02   0.000       0.000       0.000       0.000        0.000       0.000       0.000       0.000       0.000       0.000                            0.1074E-05  0.1074E-05   0.000    
   6566400.0   11.09731646   11.1789   0.000       0.000      0.8161E-03  0.1053E-05 -0.9248E-02  0.8431E-02   0.000       0.000       0.000       0.000        0.000       0.000       0.000       0.000       0.000       0.000                            0.1053E-05  0.1053E-05   0.000    
   6652800.0   11.07932697   11.1597   0.000       0.000      0.8039E-03  0.1041E-05 -0.9159E-02  0.8354E-02   0.000       0.000       0.000       0.000        0.000       0.000       0.000       0.000       0.000       0.000                            0.1041E-05  0.1041E-05   0.000    
   6739200.0   11.06198410   11.1411   0.000       0.000      0.7913E-03  0.1004E-05 -0.9067E-02  0.8275E-02   0.000       0.000       0.000       0.000        0.000       0.000       0.000       0.000       0.000       0.000                            0.1004E-05  0.1004E-05   0.000    
   6825600.0   11.04467626   11.1226   0.000       0.000      0.7792E-03  0.1002E-05 -0.8976E-02  0.8196E-02   0.000       0.000       0.000       0.000        0.000       0.000       0.000       0.000       0.000       0.000                            0.1002E-05  0.1002E-05   0.000    
   6912000.0   11.02765532   11.1043   0.000       0.000      0.7666E-03  0.9850E-06 -0.8881E-02  0.8114E-02   0.000       0.000       0.000       0.000        0.000       0.000       0.000       0.000       0.000       0.000                            0.9850E-06  0.9850E-06   0.000    
   6998400.0   11.01093647   11.0864   0.000       0.000      0.7546E-03  0.9675E-06 -0.8790E-02  0.8034E-02   0.000       0.000       0.000       0.000        0.000       0.000       0.000       0.000       0.000       0.000                            0.9675E-06  0.9675E-06   0.000    
   7084800.0   10.99488026   11.0692   0.000       0.000      0.7427E-03  0.9292E-06 -0.8698E-02  0.7954E-02   0.000       0.000       0.000       0.000        0.000       0.000       0.000       0.000       0.000       0.000                            0.9292E-06  0.9292E-06   0.000    
   7171200.0   10.97939111   11.0525   0.000       0.000      0.7310E-03  0.8964E-06 -0.8607E-02  0.7875E-02   0.000       0.000       0.000       0.000        0.000       0.000       0.000       0.000       0.000       0.000                            0.8964E-06  0.8964E-06   0.000    
   7257600.0   10.96429893   11.0363   0.000       0.000      0.7197E-03  0.8734E-06 -0.8517E-02  0.7797E-02   0.000       0.000       0.000       0.000        0.000       0.000       0.000       0.000       0.000       0.000                            0.8734E-06  0.8734E-06   0.000    
   7344000.0   10.94981073   11.0207   0.000       0.000      0.7085E-03  0.8384E-06 -0.8428E-02  0.7719E-02   0.000       0.000       0.000       0.000        0.000       0.000       0.000       0.000       0.000       0.000                            0.8384E-06  0.8384E-06   0.000    
   7430400.0   10.93676174   11.0066   0.000       0.000      0.6984E-03  0.7551E-06 -0.8346E-02  0.7647E-02   0.000       0.000       0.000       0.000        0.000       0.000       0.000       0.000       0.000       0.000                            0.7551E-06  0.7551E-06   0.000    
   7516800.0   10.92397702   10.9928   0.000       0.000      0.6883E-03  0.7399E-06 -0.8263E-02  0.7574E-02   0.000       0.000       0.000       0.000        0.000       0.000       0.000       0.000       0.000       0.000                            0.7399E-06  0.7399E-06   0.000    
   7603200.0   10.91082287   10.9786   0.000       0.000      0.6783E-03  0.7612E-06 -0.8180E-02  0.7501E-02   0.000       0.000       0.000       0.000        0.000       0.000       0.000       0.000       0.000       0.000                            0.7612E-06  0.7612E-06   0.000    
   7689600.0   10.89814927   10.9650   0.000       0.000      0.6683E-03  0.7334E-06 -0.8098E-02  0.7429E-02   0.000       0.000       0.000       0.000        0.000       0.000       0.000       0.000       0.000       0.000                            0.7334E-06  0.7334E-06   0.000    
   7776000.0   10.88635768   10.9523   0.000       0.000      0.6592E-03  0.6824E-06 -0.8021E-02  0.7361E-02   0.000       0.000       0.000       0.000        0.000       0.000       0.000       0.000       0.000       0.000                            0.6824E-06  0.6824E-06   0.000    
   7862400.0   10.87451501   10.9395   0.000       0.000      0.6498E-03  0.6853E-06 -0.7941E-02  0.7291E-02   0.000       0.000       0.000       0.000        0.000       0.000       0.000       0.000       0.000       0.000                            0.6853E-06  0.6853E-06   0.000    
   7948800.0   10.86298542   10.9271   0.000       0.000      0.6410E-03  0.6672E-06 -0.7866E-02  0.7224E-02   0.000       0.000       0.000       0.000        0.000       0.000       0.000       0.000       0.000       0.000                            0.6672E-06  0.6672E-06   0.000    
   8035200.0   10.85189581   10.9151   0.000       0.000      0.6321E-03  0.6418E-06 -0.7790E-02  0.7157E-02   0.000       0.000       0.000       0.000        0.000       0.000       0.000       0.000       0.000       0.000                            0.6418E-06  0.6418E-06   0.000    
   8121600.0   10.84106335   10.9035   0.000       0.000      0.6239E-03  0.6269E-06 -0.7718E-02  0.7093E-02   0.000       0.000       0.000       0.000        0.000       0.000       0.000       0.000       0.000       0.000                            0.6269E-06  0.6269E-06   0.000    
   8208000.0   10.83063701   10.8922   0.000       0.000      0.6155E-03  0.6034E-06 -0.7645E-02  0.7029E-02   0.000       0.000       0.000       0.000        0.000       0.000       0.000       0.000       0.000       0.000                            0.6034E-06  0.6034E-06   0.000    
   8294400.0   10.82042246   10.8812   0.000       0.000      0.6078E-03  0.5911E-06 -0.7576E-02  0.6967E-02   0.000       0.000       0.000       0.000        0.000       0.000       0.000       0.000       0.000       0.000                            0.5911E-06  0.5911E-06   0.000    
   8380800.0   10.86621838   10.9296   0.000       0.000      0.6339E-03 -0.2650E-05 -0.7779E-02  0.7148E-02   0.000       0.000       0.000       0.000        0.000       0.000       0.000       0.000       0.000       0.000                           -0.2650E-05 -0.2650E-05   0.000    
   8467200.0   10.87072090   10.9345   0.000       0.000      0.6382E-03 -0.2606E-06 -0.7741E-02  0.7103E-02   0.000       0.000       0.000       0.000        0.000       0.000       0.000       0.000       0.000       0.000                           -0.2606E-06 -0.2606E-06   0.000    
   8553600.0   10.87151779   10.9355   0.000       0.000      0.6402E-03 -0.4612E-07 -0.7754E-02  0.7114E-02   0.000       0.000       0.000       0.000        0.000       0.000       0.000       0.000       0.000       0.000                           -0.4612E-07 -0.4612E-07   0.000    
   8640000.0   10.86742334   10.9313   0.000       0.000      0.6388E-03  0.2369E-06 -0.7736E-02  0.7097E-02   0.000       0.000       0.000       0.000        0.000       0.000       0.000       0.000       0.000       0.000                            0.2369E-06  0.2369E-06   0.000    
   8726400.0   10.86085774   10.9244   0.000       0.000      0.6357E-03  0.3800E-06 -0.7707E-02  0.7071E-02   0.000       0.000       0.000       0.000        0.000       0.000       0.000       0.000       0.000       0.000                            0.3800E-06  0.3800E-06   0.000    
   8812800.0   10.85308264   10.9162   0.000       0.000      0.6312E-03  0.4499E-06 -0.7669E-02  0.7038E-02   0.000       0.000       0.000       0.000        0.000       0.000       0.000       0.000       0.000       0.000                            0.4499E-06  0.4499E-06   0.000    
   8899200.0   10.84323036   10.9057   0.000       0.000      0.6252E-03  0.5702E-06 -0.7619E-02  0.6994E-02   0.000       0.000       0.000       0.000        0.000       0.000       0.000       0.000       0.000       0.000                            0.5702E-06  0.5702E-06   0.000    
   8985600.0   10.83993776   10.9022   0.000       0.000      0.6229E-03  0.1905E-06 -0.7601E-02  0.6978E-02   0.000       0.000       0.000       0.000        0.000       0.000       0.000       0.000       0.000       0.000                            0.1905E-06  0.1905E-06   0.000    
   9072000.0   10.84766618   10.9104   0.000       0.000      0.6273E-03 -0.4472E-06 -0.7627E-02  0.7000E-02   0.000       0.000       0.000       0.000        0.000       0.000       0.000       0.000       0.000       0.000                           -0.4472E-06 -0.4472E-06   0.000    
   9158400.0   10.84376321   10.9063   0.000       0.000      0.6254E-03  0.2259E-06 -0.7592E-02  0.6966E-02   0.000       0.000       0.000       0.000        0.000       0.000       0.000       0.000       0.000       0.000                            0.2259E-06  0.2259E-06   0.000    
   9244800.0   10.87155816   10.9358   0.000       0.000      0.6427E-03 -0.1609E-05 -0.7728E-02  0.7087E-02   0.000       0.000       0.000       0.000        0.000       0.000       0.000       0.000       0.000       0.000                           -0.1609E-05 -0.1609E-05   0.000    
   9331200.0   10.94203942   11.0105   0.000       0.000      0.6847E-03 -0.4079E-05 -0.8028E-02  0.7347E-02   0.000       0.000       0.000       0.000        0.000       0.000       0.000       0.000       0.000       0.000                           -0.4079E-05 -0.4079E-05   0.000    
   9417600.0   11.11383984   11.1917   0.000       0.000      0.7788E-03 -0.9942E-05 -0.8728E-02  0.7959E-02   0.000       0.000       0.000       0.000        0.000       0.000       0.000       0.000       0.000       0.000                           -0.9942E-05 -0.9942E-05   0.000    
   9504000.0   11.24047193   11.3255   0.000       0.000      0.8501E-03 -0.7328E-05 -0.9151E-02  0.8308E-02   0.000       0.000       0.000       0.000        0.000       0.000       0.000       0.000       0.000       0.000                           -0.7328E-05 -0.7328E-05   0.000    
   9590400.0   11.21794854   11.3035   0.000       0.000      0.8555E-03  0.1303E-05 -0.9105E-02  0.8248E-02   0.000       0.000       0.000       0.000        0.000       0.000       0.000       0.000       0.000       0.000                            0.1303E-05  0.1303E-05   0.000    
   9676800.0   11.18981344   11.2750   0.000       0.000      0.8521E-03  0.1628E-05 -0.9164E-02  0.8310E-02   0.000       0.000       0.000       0.000        0.000       0.000       0.000       0.000       0.000       0.000                            0.1628E-05  0.1628E-05   0.000    
   9763200.0   11.15964757   11.2439   0.000       0.000      0.8426E-03  0.1746E-05 -0.9138E-02  0.8294E-02   0.000       0.000       0.000       0.000        0.000       0.000       0.000       0.000       0.000       0.000                            0.1746E-05  0.1746E-05   0.000    
   9849600.0   11.13082993   11.2139   0.000       0.000      0.8306E-03  0.1668E-05 -0.9083E-02  0.8250E-02   0.000       0.000       0.000       0.000        0.000       0.000       0.000       0.000       0.000       0.000                            0.1668E-05  0.1668E-05   0.000    
   9936000.0   11.14936935   11.2333   0.000       0.000      0.8391E-03 -0.1073E-05 -0.9194E-02  0.8356E-02   0.000       0.000       0.000       0.000        0.000       0.000       0.000       0.000       0.000       0.000                           -0.1073E-05 -0.1073E-05   0.000    
  10022400.0   11.16473391   11.2495   0.000       0.000      0.8477E-03 -0.8892E-06 -0.9246E-02  0.8400E-02   0.000       0.000       0.000       0.000        0.000       0.000       0.000       0.000       0.000       0.000                           -0.8892E-06 -0.8892E-06   0.000    
  10108800.0   11.16941790   11.2546   0.000       0.000      0.8519E-03 -0.2711E-06 -0.9277E-02  0.8426E-02   0.000       0.000       0.000       0.000        0.000       0.000       0.000       0.000       0.000       0.000                           -0.2711E-06 -0.2711E-06   0.000    
  10195200.0   11.18200197   11.2679   0.000       0.000      0.8593E-03 -0.7282E-06 -0.9350E-02  0.8492E-02   0.000       0.000       0.000       0.000        0.000       0.000       0.000       0.000       0.000       0.000                           -0.7282E-06 -0.7282E-06   0.000    
  10281600.0   11.18874753   11.2752   0.000       0.000      0.8642E-03 -0.3904E-06 -0.9390E-02  0.8526E-02   0.000       0.000       0.000       0.000        0.000       0.000       0.000       0.000       0.000       0.000                           -0.3904E-06 -0.3904E-06   0.000    
  10368000.0   11.17642138   11.2625   0.000       0.000      0.8603E-03  0.7133E-06 -0.9363E-02  0.8502E-02   0.000       0.000       0.000       0.000        0.000       0.000       0.000       0.000       0.000       0.000                            0.7133E-06  0.7133E-06   0.000    
  10454400.0   11.15737986   11.2425   0.000       0.000      0.8515E-03  0.1102E-05 -0.9318E-02  0.8465E-02   0.000       0.000       0.000       0.000        0.000       0.000       0.000       0.000       0.000       0.000                            0.1102E-05  0.1102E-05   0.000    
  10540800.0   11.15637845   11.2414   0.000       0.000      0.8502E-03  0.5795E-07 -0.9337E-02  0.8487E-02   0.000       0.000       0.000       0.000        0.000       0.000       0.000       0.000       0.000       0.000                            0.5795E-07  0.5795E-07   0.000    
  10627200.0   11.16468500   11.2500   0.000       0.000      0.8536E-03 -0.4807E-06 -0.9370E-02  0.8517E-02   0.000       0.000       0.000       0.000        0.000       0.000       0.000       0.000       0.000       0.000                           -0.4807E-06 -0.4807E-06   0.000    
  10713600.0   11.16530250   11.2507   0.000       0.000      0.8537E-03 -0.3574E-07 -0.9369E-02  0.8515E-02   0.000       0.000       0.000       0.000        0.000       0.000       0.000       0.000       0.000       0.000                           -0.3574E-07 -0.3574E-07   0.000    
  10800000.0   11.15604859   11.2410   0.000       0.000      0.8490E-03  0.5355E-06 -0.9339E-02  0.8490E-02   0.000       0.000       0.000       0.000        0.000       0.000       0.000       0.000       0.000       0.000                            0.5355E-06  0.5355E-06   0.000    
  10886400.0   11.14053297   11.2247   0.000       0.000      0.8412E-03  0.8979E-06 -0.9293E-02  0.8451E-02   0.000       0.000       0.000       0.000        0.000       0.000       0.000       0.000       0.000       0.000                            0.8979E-06  0.8979E-06   0.000    
  10972800.0   11.12191681   11.2050   0.000       0.000      0.8305E-03  0.1077E-05 -0.9226E-02  0.8395E-02   0.000       0.000       0.000       0.000        0.000       0.000       0.000       0.000       0.000       0.000                            0.1077E-05  0.1077E-05   0.000    
  11059200.0   11.10013331   11.1819   0.000       0.000      0.8179E-03  0.1261E-05 -0.9144E-02  0.8325E-02   0.000       0.000       0.000       0.000        0.000       0.000       0.000       0.000       0.000       0.000                            0.1261E-05  0.1261E-05   0.000    
  11145600.0   11.07821542   11.1587   0.000       0.000      0.8044E-03  0.1268E-05 -0.9055E-02  0.8250E-02   0.000       0.000       0.000       0.000        0.000       0.000       0.000       0.000       0.000       0.000                            0.1268E-05  0.1268E-05   0.000    
  11232000.0   11.05728555   11.1363   0.000       0.000      0.7904E-03  0.1211E-05 -0.8961E-02  0.8169E-02   0.000       0.000       0.000       0.000        0.000       0.000       0.000       0.000       0.000       0.000                            0.1211E-05  0.1211E-05   0.000    
  11318400.0   11.03717254   11.1149   0.000       0.000      0.7769E-03  0.1164E-05 -0.8867E-02  0.8089E-02   0.000       0.000       0.000       0.000        0.000       0.000       0.000       0.000       0.000       0.000                            0.1164E-05  0.1164E-05   0.000    
  11404800.0   11.04133641   11.1189   0.000       0.000      0.7756E-03 -0.2410E-06 -0.8873E-02  0.8098E-02   0.000       0.000       0.000       0.000        0.000       0.000       0.000       0.000       0.000       0.000                           -0.2410E-06 -0.2410E-06   0.000    
  11491200.0   11.02360280   11.1000   0.000       0.000      0.7638E-03  0.1026E-05 -0.8762E-02  0.7997E-02   0.000       0.000       0.000       0.000        0.000       0.000       0.000       0.000       0.000       0.000                            0.1026E-05  0.1026E-05   0.000    
  11577600.0   11.04957644   11.1270   0.000       0.000      0.7746E-03 -0.1503E-05 -0.8871E-02  0.8098E-02   0.000       0.000       0.000       0.000        0.000       0.000       0.000       0.000       0.000       0.000                           -0.1503E-05 -0.1503E-05   0.000    
  11664000.0   11.12202134   11.2030   0.000       0.000      0.8100E-03 -0.4192E-05 -0.9131E-02  0.8325E-02   0.000       0.000       0.000       0.000        0.000       0.000       0.000       0.000       0.000       0.000                           -0.4192E-05 -0.4192E-05   0.000    
  11750400.0   11.29568164   11.3849   0.000       0.000      0.8918E-03 -0.1005E-04 -0.9751E-02  0.8869E-02   0.000       0.000       0.000       0.000        0.000       0.000       0.000       0.000       0.000       0.000                           -0.1005E-04 -0.1005E-04   0.000    
  11836800.0   11.26302769   11.3519   0.000       0.000      0.8884E-03  0.1890E-05 -0.9538E-02  0.8648E-02   0.000       0.000       0.000       0.000        0.000       0.000       0.000       0.000       0.000       0.000                            0.1890E-05  0.1890E-05   0.000    
  11923200.0   11.23321359   11.3213   0.000       0.000      0.8811E-03  0.1725E-05 -0.9576E-02  0.8693E-02   0.000       0.000       0.000       0.000        0.000       0.000       0.000       0.000       0.000       0.000                            0.1725E-05  0.1725E-05   0.000    
  12009600.0   11.20542943   11.2924   0.000       0.000      0.8699E-03  0.1608E-05 -0.9530E-02  0.8658E-02   0.000       0.000       0.000       0.000        0.000       0.000       0.000       0.000       0.000       0.000                            0.1608E-05  0.1608E-05   0.000    
  12096000.0   11.19837055   11.2850   0.000       0.000      0.8661E-03  0.4085E-06 -0.9535E-02  0.8668E-02   0.000       0.000       0.000       0.000        0.000       0.000       0.000       0.000       0.000       0.000                            0.4085E-06  0.4085E-06   0.000    
  12182400.0   11.18905881   11.2752   0.000       0.000      0.8610E-03  0.5389E-06 -0.9501E-02  0.8640E-02   0.000       0.000       0.000       0.000        0.000       0.000       0.000       0.000       0.000       0.000                            0.5389E-06  0.5389E-06   0.000    
  12268800.0   11.17377921   11.2591   0.000       0.000      0.8527E-03  0.8842E-06 -0.9447E-02  0.8593E-02   0.000       0.000       0.000       0.000        0.000       0.000       0.000       0.000       0.000       0.000                            0.8842E-06  0.8842E-06   0.000    
  12355200.0   11.15479015   11.2390   0.000       0.000      0.8424E-03  0.1099E-05 -0.9381E-02  0.8538E-02   0.000       0.000       0.000       0.000        0.000       0.000       0.000       0.000       0.000       0.000                            0.1099E-05  0.1099E-05   0.000    
  12441600.0   11.14119748   11.2246   0.000       0.000      0.8338E-03  0.7866E-06 -0.9331E-02  0.8497E-02   0.000       0.000       0.000       0.000        0.000       0.000       0.000       0.000       0.000       0.000                            0.7866E-06  0.7866E-06   0.000    
  12528000.0   11.18661351   11.2719   0.000       0.000      0.8529E-03 -0.2628E-05 -0.9508E-02  0.8658E-02   0.000       0.000       0.000       0.000        0.000       0.000       0.000       0.000       0.000       0.000                           -0.2628E-05 -0.2628E-05   0.000    
  12614400.0   11.23900966   11.3267   0.000       0.000      0.8771E-03 -0.3032E-05 -0.9660E-02  0.8786E-02   0.000       0.000       0.000       0.000        0.000       0.000       0.000       0.000       0.000       0.000                           -0.3032E-05 -0.3032E-05   0.000    
  12700800.0   11.23072812   11.3184   0.000       0.000      0.8767E-03  0.4793E-06 -0.9610E-02  0.8732E-02   0.000       0.000       0.000       0.000        0.000       0.000       0.000       0.000       0.000       0.000                            0.4793E-06  0.4793E-06   0.000    
  12787200.0   11.21509931   11.3022   0.000       0.000      0.8711E-03  0.9044E-06 -0.9595E-02  0.8723E-02   0.000       0.000       0.000       0.000        0.000       0.000       0.000       0.000       0.000       0.000                            0.9044E-06  0.9044E-06   0.000    
  12873600.0   11.19414771   11.2803   0.000       0.000      0.8615E-03  0.1212E-05 -0.9540E-02  0.8677E-02   0.000       0.000       0.000       0.000        0.000       0.000       0.000       0.000       0.000       0.000                            0.1212E-05  0.1212E-05   0.000    
  12960000.0   11.19879450   11.2850   0.000       0.000      0.8621E-03 -0.2689E-06 -0.9573E-02  0.8712E-02   0.000       0.000       0.000       0.000        0.000       0.000       0.000       0.000       0.000       0.000                           -0.2689E-06 -0.2689E-06   0.000    
  13046400.0   11.18939741   11.2751   0.000       0.000      0.8569E-03  0.5438E-06 -0.9523E-02  0.8665E-02   0.000       0.000       0.000       0.000        0.000       0.000       0.000       0.000       0.000       0.000                            0.5438E-06  0.5438E-06   0.000    
  13132800.0   11.17549663   11.2604   0.000       0.000      0.8491E-03  0.8044E-06 -0.9473E-02  0.8623E-02   0.000       0.000       0.000       0.000        0.000       0.000       0.000       0.000       0.000       0.000                            0.8044E-06  0.8044E-06   0.000    
  13219200.0   11.16567505   11.2499   0.000       0.000      0.8427E-03  0.5684E-06 -0.9438E-02  0.8594E-02   0.000       0.000       0.000       0.000        0.000       0.000       0.000       0.000       0.000       0.000                            0.5684E-06  0.5684E-06   0.000    
  13305600.0   11.15134643   11.2348   0.000       0.000      0.8344E-03  0.8292E-06 -0.9377E-02  0.8542E-02   0.000       0.000       0.000       0.000        0.000       0.000       0.000       0.000       0.000       0.000                            0.8292E-06  0.8292E-06   0.000    
  13392000.0   11.17263961   11.2569   0.000       0.000      0.8421E-03 -0.1232E-05 -0.9460E-02  0.8619E-02   0.000       0.000       0.000       0.000        0.000       0.000       0.000       0.000       0.000       0.000                           -0.1232E-05 -0.1232E-05   0.000    
  13478400.0   11.18864471   11.2736   0.000       0.000      0.8491E-03 -0.9262E-06 -0.9491E-02  0.8643E-02   0.000       0.000       0.000       0.000        0.000       0.000       0.000       0.000       0.000       0.000                           -0.9262E-06 -0.9262E-06   0.000    
  13564800.0   11.18415576   11.2689   0.000       0.000      0.8474E-03  0.2598E-06 -0.9465E-02  0.8617E-02   0.000       0.000       0.000       0.000        0.000       0.000       0.000       0.000       0.000       0.000                            0.2598E-06  0.2598E-06   0.000    
  13651200.0   11.17460586   11.2589   0.000       0.000      0.8426E-03  0.5527E-06 -0.9438E-02  0.8595E-02   0.000       0.000       0.000       0.000        0.000       0.000       0.000       0.000       0.000       0.000                            0.5527E-06  0.5527E-06   0.000    
  13737600.0   11.16092823   11.2445   0.000       0.000      0.8355E-03  0.7915E-06 -0.9391E-02  0.8555E-02   0.000       0.000       0.000       0.000        0.000       0.000       0.000       0.000       0.000       0.000                            0.7915E-06  0.7915E-06   0.000    
  13824000.0   11.20543938   11.2909   0.000       0.000      0.8544E-03 -0.2576E-05 -0.9570E-02  0.8718E-02   0.000       0.000       0.000       0.000        0.000       0.000       0.000       0.000       0.000       0.000                           -0.2576E-05 -0.2576E-05   0.000    
  13910400.0   11.26945001   11.3579   0.000       0.000      0.8840E-03 -0.3704E-05 -0.9770E-02  0.8890E-02   0.000       0.000       0.000       0.000        0.000       0.000       0.000       0.000       0.000       0.000                           -0.3704E-05 -0.3704E-05   0.000    
  13996800.0   11.26807545   11.3568   0.000       0.000      0.8873E-03  0.7955E-07 -0.9737E-02  0.8850E-02   0.000       0.000       0.000       0.000        0.000       0.000       0.000       0.000       0.000       0.000                            0.7955E-07  0.7955E-07   0.000    
  14083200.0   11.25352701   11.3418   0.000       0.000      0.8831E-03  0.8419E-06 -0.9729E-02  0.8845E-02   0.000       0.000       0.000       0.000        0.000       0.000       0.000       0.000       0.000       0.000                            0.8419E-06  0.8419E-06   0.000    
  14169600.0   11.26821286   11.3573   0.000       0.000      0.8904E-03 -0.8499E-06 -0.9819E-02  0.8929E-02   0.000       0.000       0.000       0.000        0.000       0.000       0.000       0.000       0.000       0.000                           -0.8499E-06 -0.8499E-06   0.000    
  14256000.0   11.28047252   11.3701   0.000       0.000      0.8966E-03 -0.7095E-06 -0.9859E-02  0.8963E-02   0.000       0.000       0.000       0.000        0.000       0.000       0.000       0.000       0.000       0.000                           -0.7095E-06 -0.7095E-06   0.000    
  14342400.0   11.34190672   11.4343   0.000       0.000      0.9235E-03 -0.3555E-05 -0.1009E-01  0.9171E-02   0.000       0.000       0.000       0.000        0.000       0.000       0.000       0.000       0.000       0.000                           -0.3555E-05 -0.3555E-05   0.000    
  14428800.0   11.50001553   11.5990   0.000       0.000      0.9903E-03 -0.9150E-05 -0.1062E-01  0.9638E-02   0.000       0.000       0.000       0.000        0.000       0.000       0.000       0.000       0.000       0.000                           -0.9150E-05 -0.9150E-05   0.000    
  14515200.0   11.49627726   11.5962   0.000       0.000      0.9987E-03  0.2163E-06 -0.1053E-01  0.9531E-02   0.000       0.000       0.000       0.000        0.000       0.000       0.000       0.000       0.000       0.000                            0.2163E-06  0.2163E-06   0.000    
  14601600.0   11.52068527   11.6222   0.000       0.000      0.1015E-02 -0.1413E-05 -0.1074E-01  0.9724E-02   0.000       0.000       0.000       0.000        0.000       0.000       0.000       0.000       0.000       0.000                           -0.1413E-05 -0.1413E-05   0.000    
  14688000.0   11.57342754   11.6774   0.000       0.000      0.1040E-02 -0.3052E-05 -0.1096E-01  0.9919E-02   0.000       0.000       0.000       0.000        0.000       0.000       0.000       0.000       0.000       0.000                           -0.3052E-05 -0.3052E-05   0.000    
  14774400.0   11.59260765   11.6979   0.000       0.000      0.1053E-02 -0.1110E-05 -0.1103E-01  0.9981E-02   0.000       0.000       0.000       0.000        0.000       0.000       0.000       0.000       0.000       0.000                           -0.1110E-05 -0.1110E-05   0.000    
  14860800.0   11.58278490   11.6882   0.000       0.000      0.1054E-02  0.5684E-06 -0.1105E-01  0.9998E-02   0.000       0.000       0.000       0.000        0.000       0.000       0.000       0.000       0.000       0.000                            0.5684E-06  0.5684E-06   0.000    
  14947200.0   11.56916523   11.6743   0.000       0.000      0.1051E-02  0.7882E-06 -0.1107E-01  0.1002E-01   0.000       0.000       0.000       0.000        0.000       0.000       0.000       0.000       0.000       0.000                            0.7882E-06  0.7882E-06   0.000    
  15033600.0   11.54716799   11.6516   0.000       0.000      0.1044E-02  0.1273E-05 -0.1104E-01  0.9994E-02   0.000       0.000       0.000       0.000        0.000       0.000       0.000       0.000       0.000       0.000                            0.1273E-05  0.1273E-05   0.000    
  15120000.0   11.52153246   11.6249   0.000       0.000      0.1034E-02  0.1484E-05 -0.1099E-01  0.9952E-02   0.000       0.000       0.000       0.000        0.000       0.000       0.000       0.000       0.000       0.000                            0.1484E-05  0.1484E-05   0.000    
  15206400.0   11.49200439   11.5941   0.000       0.000      0.1021E-02  0.1709E-05 -0.1091E-01  0.9891E-02   0.000       0.000       0.000       0.000        0.000       0.000       0.000       0.000       0.000       0.000                            0.1709E-05  0.1709E-05   0.000    
  15292800.0   11.46066783   11.5612   0.000       0.000      0.1006E-02  0.1813E-05 -0.1082E-01  0.9813E-02   0.000       0.000       0.000       0.000        0.000       0.000       0.000       0.000       0.000       0.000                            0.1813E-05  0.1813E-05   0.000    
  15379200.0   11.50068384   11.6024   0.000       0.000      0.1017E-02 -0.2316E-05 -0.1097E-01  0.9953E-02   0.000       0.000       0.000       0.000        0.000       0.000       0.000       0.000       0.000       0.000                           -0.2316E-05 -0.2316E-05   0.000    
  15465600.0   11.51975193   11.6221   0.000       0.000      0.1024E-02 -0.1103E-05 -0.1098E-01  0.9956E-02   0.000       0.000       0.000       0.000        0.000       0.000       0.000       0.000       0.000       0.000                           -0.1103E-05 -0.1103E-05   0.000    
  15552000.0   11.50507558   11.6069   0.000       0.000      0.1018E-02  0.8493E-06 -0.1093E-01  0.9908E-02   0.000       0.000       0.000       0.000        0.000       0.000       0.000       0.000       0.000       0.000                            0.8493E-06  0.8493E-06   0.000    
  15638400.0   11.47805588   11.5788   0.000       0.000      0.1007E-02  0.1564E-05 -0.1086E-01  0.9854E-02   0.000       0.000       0.000       0.000        0.000       0.000       0.000       0.000       0.000       0.000                            0.1564E-05  0.1564E-05   0.000    
  15724800.0   11.44943420   11.5488   0.000       0.000      0.9935E-03  0.1656E-05 -0.1078E-01  0.9788E-02   0.000       0.000       0.000       0.000        0.000       0.000       0.000       0.000       0.000       0.000                            0.1656E-05  0.1656E-05   0.000    
  15811200.0   11.42094165   11.5188   0.000       0.000      0.9786E-03  0.1649E-05 -0.1069E-01  0.9709E-02   0.000       0.000       0.000       0.000        0.000       0.000       0.000       0.000       0.000       0.000                            0.1649E-05  0.1649E-05   0.000    
  15897600.0   11.39357233   11.4899   0.000       0.000      0.9634E-03  0.1584E-05 -0.1059E-01  0.9624E-02   0.000       0.000       0.000       0.000        0.000       0.000       0.000       0.000       0.000       0.000                            0.1584E-05  0.1584E-05   0.000    
  15984000.0   11.37406607   11.4692   0.000       0.000      0.9510E-03  0.1129E-05 -0.1051E-01  0.9559E-02   0.000       0.000       0.000       0.000        0.000       0.000       0.000       0.000       0.000       0.000                            0.1129E-05  0.1129E-05   0.000    
  16070400.0   11.34918236   11.4428   0.000       0.000      0.9359E-03  0.1440E-05 -0.1040E-01  0.9462E-02   0.000       0.000       0.000       0.000        0.000       0.000       0.000       0.000       0.000       0.000                            0.1440E-05  0.1440E-05   0.000    
  16156800.0   11.32488208   11.4170   0.000       0.000      0.9214E-03  0.1406E-05 -0.1030E-01  0.9376E-02   0.000       0.000       0.000       0.000        0.000       0.000       0.000       0.000       0.000       0.000                            0.1406E-05  0.1406E-05   0.000    
  16243200.0   11.30103347   11.3917   0.000       0.000      0.9064E-03  0.1380E-05 -0.1019E-01  0.9284E-02   0.000       0.000       0.000       0.000        0.000       0.000       0.000       0.000       0.000       0.000                            0.1380E-05  0.1380E-05   0.000    
  16329600.0   11.27789719   11.3671   0.000       0.000      0.8918E-03  0.1339E-05 -0.1009E-01  0.9193E-02   0.000       0.000       0.000       0.000        0.000       0.000       0.000       0.000       0.000       0.000                            0.1339E-05  0.1339E-05   0.000    
  16416000.0   11.25557106   11.3433   0.000       0.000      0.8771E-03  0.1292E-05 -0.9979E-02  0.9100E-02   0.000       0.000       0.000       0.000        0.000       0.000       0.000       0.000       0.000       0.000                            0.1292E-05  0.1292E-05   0.000    
  16502400.0   11.23395720   11.3203   0.000       0.000      0.8630E-03  0.1251E-05 -0.9873E-02  0.9009E-02   0.000       0.000       0.000       0.000        0.000       0.000       0.000       0.000       0.000       0.000                            0.1251E-05  0.1251E-05   0.000    
  16588800.0   11.21316228   11.2981   0.000       0.000      0.8489E-03  0.1203E-05 -0.9767E-02  0.8917E-02   0.000       0.000       0.000       0.000        0.000       0.000       0.000       0.000       0.000       0.000                            0.1203E-05  0.1203E-05   0.000    
  16675200.0   11.19314109   11.2767   0.000       0.000      0.8353E-03  0.1159E-05 -0.9663E-02  0.8827E-02   0.000       0.000       0.000       0.000        0.000       0.000       0.000       0.000       0.000       0.000                            0.1159E-05  0.1159E-05   0.000    
  16761600.0   11.17752418   11.2599   0.000       0.000      0.8238E-03  0.9038E-06 -0.9576E-02  0.8751E-02   0.000       0.000       0.000       0.000        0.000       0.000       0.000       0.000       0.000       0.000                            0.9038E-06  0.9038E-06   0.000    
  16848000.0   11.16558207   11.2470   0.000       0.000      0.8141E-03  0.6911E-06 -0.9499E-02  0.8684E-02   0.000       0.000       0.000       0.000        0.000       0.000       0.000       0.000       0.000       0.000                            0.6911E-06  0.6911E-06   0.000    
  16934400.0   11.16710905   11.2482   0.000       0.000      0.8113E-03 -0.8837E-07 -0.9476E-02  0.8664E-02   0.000       0.000       0.000       0.000        0.000       0.000       0.000       0.000       0.000       0.000                           -0.8837E-07 -0.8837E-07   0.000    
  17020800.0   11.16176712   11.2424   0.000       0.000      0.8062E-03  0.3091E-06 -0.9418E-02  0.8611E-02   0.000       0.000       0.000       0.000        0.000       0.000       0.000       0.000       0.000       0.000                            0.3091E-06  0.3091E-06   0.000    
  17107200.0   11.14459936   11.2242   0.000       0.000      0.7959E-03  0.9935E-06 -0.9328E-02  0.8531E-02   0.000       0.000       0.000       0.000        0.000       0.000       0.000       0.000       0.000       0.000                            0.9935E-06  0.9935E-06   0.000    
  17193600.0   11.12807778   11.2066   0.000       0.000      0.7855E-03  0.9561E-06 -0.9250E-02  0.8464E-02   0.000       0.000       0.000       0.000        0.000       0.000       0.000       0.000       0.000       0.000                            0.9561E-06  0.9561E-06   0.000    
  17280000.0   11.11133101   11.1888   0.000       0.000      0.7743E-03  0.9691E-06 -0.9162E-02  0.8387E-02   0.000       0.000       0.000       0.000        0.000       0.000       0.000       0.000       0.000       0.000                            0.9691E-06  0.9691E-06   0.000    
  17366400.0   11.09458226   11.1709   0.000       0.000      0.7635E-03  0.9693E-06 -0.9076E-02  0.8311E-02   0.000       0.000       0.000       0.000        0.000       0.000       0.000       0.000       0.000       0.000                            0.9693E-06  0.9693E-06   0.000    
  17452800.0   11.07838254   11.1536   0.000       0.000      0.7524E-03  0.9375E-06 -0.8986E-02  0.8233E-02   0.000       0.000       0.000       0.000        0.000       0.000       0.000       0.000       0.000       0.000                            0.9375E-06  0.9375E-06   0.000    
  17539200.0   11.06259051   11.1368   0.000       0.000      0.7419E-03  0.9139E-06 -0.8900E-02  0.8157E-02   0.000       0.000       0.000       0.000        0.000       0.000       0.000       0.000       0.000       0.000                            0.9139E-06  0.9139E-06   0.000    
  17625600.0   11.04740693   11.1205   0.000       0.000      0.7313E-03  0.8787E-06 -0.8813E-02  0.8081E-02   0.000       0.000       0.000       0.000        0.000       0.000       0.000       0.000       0.000       0.000                            0.8787E-06  0.8787E-06   0.000    
  17712000.0   11.03818795   11.1106   0.000       0.000      0.7240E-03  0.5335E-06 -0.8751E-02  0.8027E-02   0.000       0.000       0.000       0.000        0.000       0.000       0.000       0.000       0.000       0.000                            0.5335E-06  0.5335E-06   0.000    
  17798400.0   11.02435379   11.0958   0.000       0.000      0.7147E-03  0.8006E-06 -0.8666E-02  0.7951E-02   0.000       0.000       0.000       0.000        0.000       0.000       0.000       0.000       0.000       0.000                            0.8006E-06  0.8006E-06   0.000    
  17884800.0   11.01030742   11.0808   0.000       0.000      0.7050E-03  0.8129E-06 -0.8585E-02  0.7879E-02   0.000       0.000       0.000       0.000        0.000       0.000       0.000       0.000       0.000       0.000                            0.8129E-06  0.8129E-06   0.000    
  17971200.0   10.99665101   11.0662   0.000       0.000      0.6958E-03  0.7903E-06 -0.8507E-02  0.7811E-02   0.000       0.000       0.000       0.000        0.000       0.000       0.000       0.000       0.000       0.000                            0.7903E-06  0.7903E-06   0.000    
  18057600.0   10.98352009   11.0522   0.000       0.000      0.6866E-03  0.7599E-06 -0.8428E-02  0.7741E-02   0.000       0.000       0.000       0.000        0.000       0.000       0.000       0.000       0.000       0.000                            0.7599E-06  0.7599E-06   0.000    
  18144000.0   10.97071271   11.0385   0.000       0.000      0.6779E-03  0.7412E-06 -0.8352E-02  0.7673E-02   0.000       0.000       0.000       0.000        0.000       0.000       0.000       0.000       0.000       0.000                            0.7412E-06  0.7412E-06   0.000    
  18230400.0   10.95834866   11.0253   0.000       0.000      0.6691E-03  0.7155E-06 -0.8275E-02  0.7605E-02   0.000       0.000       0.000       0.000        0.000       0.000       0.000       0.000       0.000       0.000                            0.7155E-06  0.7155E-06   0.000    
  18316800.0   10.94629887   11.0124   0.000       0.000      0.6608E-03  0.6973E-06 -0.8202E-02  0.7540E-02   0.000       0.000       0.000       0.000        0.000       0.000       0.000       0.000       0.000       0.000                            0.6973E-06  0.6973E-06   0.000    
  18403200.0   10.93462124   10.9999   0.000       0.000      0.6526E-03  0.6758E-06 -0.8128E-02  0.7475E-02   0.000       0.000       0.000       0.000        0.000       0.000       0.000       0.000       0.000       0.000                            0.6758E-06  0.6758E-06   0.000    
  18489600.0   10.92325602   10.9877   0.000       0.000      0.6447E-03  0.6577E-06 -0.8057E-02  0.7412E-02   0.000       0.000       0.000       0.000        0.000       0.000       0.000       0.000       0.000       0.000                            0.6577E-06  0.6577E-06   0.000    
  18576000.0   10.91219071   10.9759   0.000       0.000      0.6370E-03  0.6404E-06 -0.7987E-02  0.7349E-02   0.000       0.000       0.000       0.000        0.000       0.000       0.000       0.000       0.000       0.000                            0.6404E-06  0.6404E-06   0.000    
  18662400.0   10.90148355   10.9644   0.000       0.000      0.6293E-03  0.6196E-06 -0.7917E-02  0.7287E-02   0.000       0.000       0.000       0.000        0.000       0.000       0.000       0.000       0.000       0.000                            0.6196E-06  0.6196E-06   0.000    
  18748800.0   10.89095186   10.9532   0.000       0.000      0.6223E-03  0.6095E-06 -0.7851E-02  0.7229E-02   0.000       0.000       0.000       0.000        0.000       0.000       0.000       0.000       0.000       0.000                            0.6095E-06  0.6095E-06   0.000    
  18835200.0   10.89167815   10.9538   0.000       0.000      0.6216E-03 -0.4203E-07 -0.7838E-02  0.7216E-02   0.000       0.000       0.000       0.000        0.000       0.000       0.000       0.000       0.000       0.000                           -0.4203E-07 -0.4203E-07   0.000    
  18921600.0   10.88329931   10.9449   0.000       0.000      0.6162E-03  0.4849E-06 -0.7772E-02  0.7156E-02   0.000       0.000       0.000       0.000        0.000       0.000       0.000       0.000       0.000       0.000                            0.4849E-06  0.4849E-06   0.000    
  19008000.0   10.87255601   10.9335   0.000       0.000      0.6095E-03  0.6217E-06 -0.7711E-02  0.7101E-02   0.000       0.000       0.000       0.000        0.000       0.000       0.000       0.000       0.000       0.000                            0.6217E-06  0.6217E-06   0.000    
  19094400.0   10.86226638   10.9225   0.000       0.000      0.6028E-03  0.5955E-06 -0.7651E-02  0.7047E-02   0.000       0.000       0.000       0.000        0.000       0.000       0.000       0.000       0.000       0.000                            0.5955E-06  0.5955E-06   0.000    
  19180800.0   10.85230728   10.9119   0.000       0.000      0.5962E-03  0.5763E-06 -0.7590E-02  0.6993E-02   0.000       0.000       0.000       0.000        0.000       0.000       0.000       0.000       0.000       0.000                            0.5763E-06  0.5763E-06   0.000    
  19267200.0   10.84292941   10.9019   0.000       0.000      0.5899E-03  0.5427E-06 -0.7531E-02  0.6940E-02   0.000       0.000       0.000       0.000        0.000       0.000       0.000       0.000       0.000       0.000                            0.5427E-06  0.5427E-06   0.000    
  19353600.0   10.83356389   10.8919   0.000       0.000      0.5836E-03  0.5420E-06 -0.7471E-02  0.6887E-02   0.000       0.000       0.000       0.000        0.000       0.000       0.000       0.000       0.000       0.000                            0.5420E-06  0.5420E-06   0.000    
  19440000.0   10.82444144   10.8822   0.000       0.000      0.5775E-03  0.5279E-06 -0.7413E-02  0.6835E-02   0.000       0.000       0.000       0.000        0.000       0.000       0.000       0.000       0.000       0.000                            0.5279E-06  0.5279E-06   0.000    
  19526400.0   10.81562453   10.8728   0.000       0.000      0.5714E-03  0.5102E-06 -0.7355E-02  0.6783E-02   0.000       0.000       0.000       0.000        0.000       0.000       0.000       0.000       0.000       0.000                            0.5102E-06  0.5102E-06   0.000    
  19612800.0   10.80693206   10.8635   0.000       0.000      0.5658E-03  0.5030E-06 -0.7300E-02  0.6734E-02   0.000       0.000       0.000       0.000        0.000       0.000       0.000       0.000       0.000       0.000                            0.5030E-06  0.5030E-06   0.000    
  19699200.0   10.79852893   10.8545   0.000       0.000      0.5600E-03  0.4863E-06 -0.7244E-02  0.6683E-02   0.000       0.000       0.000       0.000        0.000       0.000       0.000       0.000       0.000       0.000                            0.4863E-06  0.4863E-06   0.000    
  19785600.0   10.79024254   10.8457   0.000       0.000      0.5546E-03  0.4795E-06 -0.7191E-02  0.6636E-02   0.000       0.000       0.000       0.000        0.000       0.000       0.000       0.000       0.000       0.000                            0.4795E-06  0.4795E-06   0.000    
  19872000.0   10.78221462   10.8371   0.000       0.000      0.5491E-03  0.4646E-06 -0.7137E-02  0.6587E-02   0.000       0.000       0.000       0.000        0.000       0.000       0.000       0.000       0.000       0.000                            0.4646E-06  0.4646E-06   0.000    
  19958400.0   10.78458671   10.8396   0.000       0.000      0.5506E-03 -0.1373E-06 -0.7138E-02  0.6587E-02   0.000       0.000       0.000       0.000        0.000       0.000       0.000       0.000       0.000       0.000                           -0.1373E-06 -0.1373E-06   0.000    
  20044800.0   10.79113897   10.8467   0.000       0.000      0.5552E-03 -0.3792E-06 -0.7152E-02  0.6598E-02   0.000       0.000       0.000       0.000        0.000       0.000       0.000       0.000       0.000       0.000                           -0.3792E-06 -0.3792E-06   0.000    
  20131200.0   10.78139750   10.8364   0.000       0.000      0.5500E-03  0.5637E-06 -0.7088E-02  0.6537E-02   0.000       0.000       0.000       0.000        0.000       0.000       0.000       0.000       0.000       0.000                            0.5637E-06  0.5637E-06   0.000    
  20217600.0   10.77552370   10.8302   0.000       0.000      0.5470E-03  0.3399E-06 -0.7062E-02  0.6515E-02   0.000       0.000       0.000       0.000        0.000       0.000       0.000       0.000       0.000       0.000                            0.3399E-06  0.3399E-06   0.000    
  20304000.0   10.76884488   10.8232   0.000       0.000      0.5431E-03  0.3865E-06 -0.7022E-02  0.6478E-02   0.000       0.000       0.000       0.000        0.000       0.000       0.000       0.000       0.000       0.000                            0.3865E-06  0.3865E-06   0.000    
  20390400.0   10.76022364   10.8140   0.000       0.000      0.5379E-03  0.4989E-06 -0.6972E-02  0.6433E-02   0.000       0.000       0.000       0.000        0.000       0.000       0.000       0.000       0.000       0.000                            0.4989E-06  0.4989E-06   0.000    
  20476800.0   10.75195699   10.8052   0.000       0.000      0.5327E-03  0.4784E-06 -0.6924E-02  0.6390E-02   0.000       0.000       0.000       0.000        0.000       0.000       0.000       0.000       0.000       0.000                            0.4784E-06  0.4784E-06   0.000    
  20563200.0   10.74395646   10.7967   0.000       0.000      0.5277E-03  0.4630E-06 -0.6876E-02  0.6348E-02   0.000       0.000       0.000       0.000        0.000       0.000       0.000       0.000       0.000       0.000                            0.4630E-06  0.4630E-06   0.000    
  20649600.0   10.73625464   10.7885   0.000       0.000      0.5226E-03  0.4457E-06 -0.6827E-02  0.6304E-02   0.000       0.000       0.000       0.000        0.000       0.000       0.000       0.000       0.000       0.000                            0.4457E-06  0.4457E-06   0.000    
  20736000.0   10.72874869   10.7805   0.000       0.000      0.5178E-03  0.4344E-06 -0.6780E-02  0.6262E-02   0.000       0.000       0.000       0.000        0.000       0.000       0.000       0.000       0.000       0.000                            0.4344E-06  0.4344E-06   0.000    
  20822400.0   10.72150154   10.7728   0.000       0.000      0.5130E-03  0.4194E-06 -0.6733E-02  0.6220E-02   0.000       0.000       0.000       0.000        0.000       0.000       0.000       0.000       0.000       0.000                            0.4194E-06  0.4194E-06   0.000    
  20908800.0   10.71440236   10.7652   0.000       0.000      0.5085E-03  0.4108E-06 -0.6688E-02  0.6179E-02   0.000       0.000       0.000       0.000        0.000       0.000       0.000       0.000       0.000       0.000                            0.4108E-06  0.4108E-06   0.000    
  20995200.0   10.70753751   10.7579   0.000       0.000      0.5038E-03  0.3973E-06 -0.6642E-02  0.6138E-02   0.000       0.000       0.000       0.000        0.000       0.000       0.000       0.000       0.000       0.000                            0.3973E-06  0.3973E-06   0.000    
  21081600.0   10.70078497   10.7507   0.000       0.000      0.4996E-03  0.3908E-06 -0.6599E-02  0.6099E-02   0.000       0.000       0.000       0.000        0.000       0.000       0.000       0.000       0.000       0.000                            0.3908E-06  0.3908E-06   0.000    
  21168000.0   10.69424887   10.7438   0.000       0.000      0.4951E-03  0.3782E-06 -0.6554E-02  0.6059E-02   0.000       0.000       0.000       0.000        0.000       0.000       0.000       0.000       0.000       0.000                            0.3782E-06  0.3782E-06   0.000    
  21254400.0   10.68779528   10.7369   0.000       0.000      0.4911E-03  0.3735E-06 -0.6512E-02  0.6021E-02   0.000       0.000       0.000       0.000        0.000       0.000       0.000       0.000       0.000       0.000                            0.3735E-06  0.3735E-06   0.000    
  21340800.0   10.68151001   10.7302   0.000       0.000      0.4869E-03  0.3637E-06 -0.6470E-02  0.5982E-02   0.000       0.000       0.000       0.000        0.000       0.000       0.000       0.000       0.000       0.000                            0.3637E-06  0.3637E-06   0.000    
  21427200.0   10.67537203   10.7237   0.000       0.000      0.4829E-03  0.3552E-06 -0.6428E-02  0.5945E-02   0.000       0.000       0.000       0.000        0.000       0.000       0.000       0.000       0.000       0.000                            0.3552E-06  0.3552E-06   0.000    
  21513600.0   10.67078030   10.7188   0.000       0.000      0.4801E-03  0.2657E-06 -0.6396E-02  0.5916E-02   0.000       0.000       0.000       0.000        0.000       0.000       0.000       0.000       0.000       0.000                            0.2657E-06  0.2657E-06   0.000    
  21600000.0   10.68086709   10.7297   0.000       0.000      0.4879E-03 -0.5837E-06 -0.6445E-02  0.5957E-02   0.000       0.000       0.000       0.000        0.000       0.000       0.000       0.000       0.000       0.000                           -0.5837E-06 -0.5837E-06   0.000    
  21686400.0   10.67324508   10.7216   0.000       0.000      0.4837E-03  0.4411E-06 -0.6384E-02  0.5900E-02   0.000       0.000       0.000       0.000        0.000       0.000       0.000       0.000       0.000       0.000                            0.4411E-06  0.4411E-06   0.000    
  21772800.0   10.66609975   10.7141   0.000       0.000      0.4797E-03  0.4135E-06 -0.6351E-02  0.5871E-02   0.000       0.000       0.000       0.000        0.000       0.000       0.000       0.000       0.000       0.000                            0.4135E-06  0.4135E-06   0.000    
  21859200.0   10.65936534   10.7069   0.000       0.000      0.4756E-03  0.3897E-06 -0.6313E-02  0.5837E-02   0.000       0.000       0.000       0.000        0.000       0.000       0.000       0.000       0.000       0.000                            0.3897E-06  0.3897E-06   0.000    
  21945600.0   10.65299682   10.7001   0.000       0.000      0.4714E-03  0.3685E-06 -0.6273E-02  0.5801E-02   0.000       0.000       0.000       0.000        0.000       0.000       0.000       0.000       0.000       0.000                            0.3685E-06  0.3685E-06   0.000    
  22032000.0   10.64681852   10.6936   0.000       0.000      0.4676E-03  0.3575E-06 -0.6234E-02  0.5766E-02   0.000       0.000       0.000       0.000        0.000       0.000       0.000       0.000       0.000       0.000                            0.3575E-06  0.3575E-06   0.000    
  22118400.0   10.64085344   10.6872   0.000       0.000      0.4638E-03  0.3452E-06 -0.6196E-02  0.5732E-02   0.000       0.000       0.000       0.000        0.000       0.000       0.000       0.000       0.000       0.000                            0.3452E-06  0.3452E-06   0.000    
  22204800.0   10.63510266   10.6811   0.000       0.000      0.4599E-03  0.3328E-06 -0.6157E-02  0.5697E-02   0.000       0.000       0.000       0.000        0.000       0.000       0.000       0.000       0.000       0.000                            0.3328E-06  0.3328E-06   0.000    
  22291200.0   10.62945989   10.6751   0.000       0.000      0.4564E-03  0.3265E-06 -0.6120E-02  0.5664E-02   0.000       0.000       0.000       0.000        0.000       0.000       0.000       0.000       0.000       0.000                            0.3265E-06  0.3265E-06   0.000    
  22377600.0   10.62397095   10.6693   0.000       0.000      0.4528E-03  0.3176E-06 -0.6084E-02  0.5630E-02   0.000       0.000       0.000       0.000        0.000       0.000       0.000       0.000       0.000       0.000                            0.3176E-06  0.3176E-06   0.000    
  22464000.0   10.63629121   10.6826   0.000       0.000      0.4627E-03 -0.7130E-06 -0.6151E-02  0.5689E-02   0.000       0.000       0.000       0.000        0.000       0.000       0.000       0.000       0.000       0.000                           -0.7130E-06 -0.7130E-06   0.000    
  22550400.0   10.63127721   10.6773   0.000       0.000      0.4606E-03  0.2902E-06 -0.6104E-02  0.5644E-02   0.000       0.000       0.000       0.000        0.000       0.000       0.000       0.000       0.000       0.000                            0.2902E-06  0.2902E-06   0.000    
  22636800.0   10.62910939   10.6751   0.000       0.000      0.4603E-03  0.1255E-06 -0.6100E-02  0.5639E-02   0.000       0.000       0.000       0.000        0.000       0.000       0.000       0.000       0.000       0.000                            0.1255E-06  0.1255E-06   0.000    
  22723200.0   10.67433589   10.7238   0.000       0.000      0.4949E-03 -0.2617E-05 -0.6358E-02  0.5866E-02   0.000       0.000       0.000       0.000        0.000       0.000       0.000       0.000       0.000       0.000                           -0.2617E-05 -0.2617E-05   0.000    
  22809600.0   10.67316947   10.7229   0.000       0.000      0.4978E-03  0.6750E-07 -0.6317E-02  0.5820E-02   0.000       0.000       0.000       0.000        0.000       0.000       0.000       0.000       0.000       0.000                            0.6750E-07  0.6750E-07   0.000    
  22896000.0   10.66994239   10.7198   0.000       0.000      0.4985E-03  0.1868E-06 -0.6332E-02  0.5833E-02   0.000       0.000       0.000       0.000        0.000       0.000       0.000       0.000       0.000       0.000                            0.1868E-06  0.1868E-06   0.000    
  22982400.0   10.66564361   10.7154   0.000       0.000      0.4978E-03  0.2488E-06 -0.6327E-02  0.5829E-02   0.000       0.000       0.000       0.000        0.000       0.000       0.000       0.000       0.000       0.000                            0.2488E-06  0.2488E-06   0.000    
  23068800.0   10.66085911   10.7104   0.000       0.000      0.4958E-03  0.2769E-06 -0.6311E-02  0.5815E-02   0.000       0.000       0.000       0.000        0.000       0.000       0.000       0.000       0.000       0.000                            0.2769E-06  0.2769E-06   0.000    
  23155200.0   10.65487599   10.7042   0.000       0.000      0.4929E-03  0.3462E-06 -0.6288E-02  0.5794E-02   0.000       0.000       0.000       0.000        0.000       0.000       0.000       0.000       0.000       0.000                            0.3462E-06  0.3462E-06   0.000    
  23241600.0   10.64846772   10.6974   0.000       0.000      0.4893E-03  0.3708E-06 -0.6259E-02  0.5769E-02   0.000       0.000       0.000       0.000        0.000       0.000       0.000       0.000       0.000       0.000                            0.3708E-06  0.3708E-06   0.000    
  23328000.0   10.64170786   10.6902   0.000       0.000      0.4850E-03  0.3912E-06 -0.6224E-02  0.5738E-02   0.000       0.000       0.000       0.000        0.000       0.000       0.000       0.000       0.000       0.000                            0.3912E-06  0.3912E-06   0.000    
  23414400.0   10.63487651   10.6829   0.000       0.000      0.4807E-03  0.3953E-06 -0.6189E-02  0.5707E-02   0.000       0.000       0.000       0.000        0.000       0.000       0.000       0.000       0.000       0.000                            0.3953E-06  0.3953E-06   0.000    
  23500800.0   10.62834505   10.6760   0.000       0.000      0.4764E-03  0.3780E-06 -0.6153E-02  0.5676E-02   0.000       0.000       0.000       0.000        0.000       0.000       0.000       0.000       0.000       0.000                            0.3780E-06  0.3780E-06   0.000    
  23587200.0   10.62201160   10.6692   0.000       0.000      0.4721E-03  0.3665E-06 -0.6116E-02  0.5644E-02   0.000       0.000       0.000       0.000        0.000       0.000       0.000       0.000       0.000       0.000                            0.3665E-06  0.3665E-06   0.000    
  23673600.0   10.61579225   10.6626   0.000       0.000      0.4677E-03  0.3599E-06 -0.6078E-02  0.5610E-02   0.000       0.000       0.000       0.000        0.000       0.000       0.000       0.000       0.000       0.000                            0.3599E-06  0.3599E-06   0.000    
  23760000.0   10.60953388   10.6559   0.000       0.000      0.4632E-03  0.3622E-06 -0.6039E-02  0.5576E-02   0.000       0.000       0.000       0.000        0.000       0.000       0.000       0.000       0.000       0.000                            0.3622E-06  0.3622E-06   0.000    
  23846400.0   10.60341142   10.6493   0.000       0.000      0.4589E-03  0.3543E-06 -0.6001E-02  0.5542E-02   0.000       0.000       0.000       0.000        0.000       0.000       0.000       0.000       0.000       0.000                            0.3543E-06  0.3543E-06   0.000    
  23932800.0   10.59752752   10.6430   0.000       0.000      0.4546E-03  0.3405E-06 -0.5963E-02  0.5509E-02   0.000       0.000       0.000       0.000        0.000       0.000       0.000       0.000       0.000       0.000                            0.3405E-06  0.3405E-06   0.000    
  24019200.0   10.59183878   10.6369   0.000       0.000      0.4505E-03  0.3292E-06 -0.5926E-02  0.5475E-02   0.000       0.000       0.000       0.000        0.000       0.000       0.000       0.000       0.000       0.000                            0.3292E-06  0.3292E-06   0.000    
  24105600.0   10.58632618   10.6310   0.000       0.000      0.4463E-03  0.3190E-06 -0.5888E-02  0.5442E-02   0.000       0.000       0.000       0.000        0.000       0.000       0.000       0.000       0.000       0.000                            0.3190E-06  0.3190E-06   0.000    
  24192000.0   10.58092541   10.6252   0.000       0.000      0.4423E-03  0.3125E-06 -0.5851E-02  0.5409E-02   0.000       0.000       0.000       0.000        0.000       0.000       0.000       0.000       0.000       0.000                            0.3125E-06  0.3125E-06   0.000    
  24278400.0   10.57560339   10.6194   0.000       0.000      0.4384E-03  0.3080E-06 -0.5815E-02  0.5376E-02   0.000       0.000       0.000       0.000        0.000       0.000       0.000       0.000       0.000       0.000                            0.3080E-06  0.3080E-06   0.000    
  24364800.0   10.57041247   10.6139   0.000       0.000      0.4345E-03  0.3004E-06 -0.5779E-02  0.5344E-02   0.000       0.000       0.000       0.000        0.000       0.000       0.000       0.000       0.000       0.000                            0.3004E-06  0.3004E-06   0.000    
  24451200.0   10.56536771   10.6084   0.000       0.000      0.4308E-03  0.2919E-06 -0.5743E-02  0.5312E-02   0.000       0.000       0.000       0.000        0.000       0.000       0.000       0.000       0.000       0.000                            0.2919E-06  0.2919E-06   0.000    
  24537600.0   10.56046186   10.6032   0.000       0.000      0.4271E-03  0.2839E-06 -0.5708E-02  0.5281E-02   0.000       0.000       0.000       0.000        0.000       0.000       0.000       0.000       0.000       0.000                            0.2839E-06  0.2839E-06   0.000    
  24624000.0   10.55568822   10.5980   0.000       0.000      0.4235E-03  0.2763E-06 -0.5674E-02  0.5250E-02   0.000       0.000       0.000       0.000        0.000       0.000       0.000       0.000       0.000       0.000                            0.2763E-06  0.2763E-06   0.000    
  24710400.0   10.55105004   10.5930   0.000       0.000      0.4200E-03  0.2684E-06 -0.5639E-02  0.5219E-02   0.000       0.000       0.000       0.000        0.000       0.000       0.000       0.000       0.000       0.000                            0.2684E-06  0.2684E-06   0.000    
  24796800.0   10.54648697   10.5882   0.000       0.000      0.4166E-03  0.2641E-06 -0.5606E-02  0.5189E-02   0.000       0.000       0.000       0.000        0.000       0.000       0.000       0.000       0.000       0.000                            0.2641E-06  0.2641E-06   0.000    
  24883200.0   10.54224835   10.5836   0.000       0.000      0.4136E-03  0.2453E-06 -0.5575E-02  0.5161E-02   0.000       0.000       0.000       0.000        0.000       0.000       0.000       0.000       0.000       0.000                            0.2453E-06  0.2453E-06   0.000    
  24969600.0   10.54256740   10.5840   0.000       0.000      0.4144E-03 -0.1846E-07 -0.5573E-02  0.5159E-02   0.000       0.000       0.000       0.000        0.000       0.000       0.000       0.000       0.000       0.000                           -0.1846E-07 -0.1846E-07   0.000    
  25056000.0   10.53790332   10.5790   0.000       0.000      0.4112E-03  0.2699E-06 -0.5536E-02  0.5124E-02   0.000       0.000       0.000       0.000        0.000       0.000       0.000       0.000       0.000       0.000                            0.2699E-06  0.2699E-06   0.000    
  25142400.0   10.53337581   10.5742   0.000       0.000      0.4080E-03  0.2620E-06 -0.5506E-02  0.5098E-02   0.000       0.000       0.000       0.000        0.000       0.000       0.000       0.000       0.000       0.000                            0.2620E-06  0.2620E-06   0.000    
  25228800.0   10.53794828   10.5792   0.000       0.000      0.4126E-03 -0.2646E-06 -0.5534E-02  0.5122E-02   0.000       0.000       0.000       0.000        0.000       0.000       0.000       0.000       0.000       0.000                           -0.2646E-06 -0.2646E-06   0.000    
  25315200.0   10.53372867   10.5747   0.000       0.000      0.4101E-03  0.2442E-06 -0.5498E-02  0.5087E-02   0.000       0.000       0.000       0.000        0.000       0.000       0.000       0.000       0.000       0.000                            0.2442E-06  0.2442E-06   0.000    
  25401600.0   10.53429867   10.5755   0.000       0.000      0.4116E-03 -0.3299E-07 -0.5505E-02  0.5094E-02   0.000       0.000       0.000       0.000        0.000       0.000       0.000       0.000       0.000       0.000                           -0.3299E-07 -0.3299E-07   0.000    
  25488000.0   10.53443539   10.5757   0.000       0.000      0.4128E-03 -0.7912E-08 -0.5503E-02  0.5090E-02   0.000       0.000       0.000       0.000        0.000       0.000       0.000       0.000       0.000       0.000                           -0.7912E-08 -0.7912E-08   0.000    
  25574400.0   10.53748747   10.5791   0.000       0.000      0.4166E-03 -0.1766E-06 -0.5523E-02  0.5106E-02   0.000       0.000       0.000       0.000        0.000       0.000       0.000       0.000       0.000       0.000                           -0.1766E-06 -0.1766E-06   0.000    
  25660800.0   10.53379572   10.5753   0.000       0.000      0.4149E-03  0.2136E-06 -0.5497E-02  0.5082E-02   0.000       0.000       0.000       0.000        0.000       0.000       0.000       0.000       0.000       0.000                            0.2136E-06  0.2136E-06   0.000    
  25747200.0   10.54060908   10.5828   0.000       0.000      0.4219E-03 -0.3943E-06 -0.5548E-02  0.5126E-02   0.000       0.000       0.000       0.000        0.000       0.000       0.000       0.000       0.000       0.000                           -0.3943E-06 -0.3943E-06   0.000    
  25833600.0   10.57850687   10.6240   0.000       0.000      0.4549E-03 -0.2193E-05 -0.5782E-02  0.5330E-02   0.000       0.000       0.000       0.000        0.000       0.000       0.000       0.000       0.000       0.000                           -0.2193E-05 -0.2193E-05   0.000    
  25920000.0   10.62949258   10.6793   0.000       0.000      0.4983E-03 -0.2951E-05 -0.6068E-02  0.5572E-02   0.000       0.000       0.000       0.000        0.000       0.000       0.000       0.000       0.000       0.000                           -0.2951E-05 -0.2951E-05   0.000    
  26006400.0   10.68112028   10.7353   0.000       0.000      0.5420E-03 -0.2988E-05 -0.6357E-02  0.5819E-02   0.000       0.000       0.000       0.000        0.000       0.000       0.000       0.000       0.000       0.000                           -0.2988E-05 -0.2988E-05   0.000    
  26092800.0   10.69545603   10.7514   0.000       0.000      0.5594E-03 -0.8296E-06 -0.6456E-02  0.5897E-02   0.000       0.000       0.000       0.000        0.000       0.000       0.000       0.000       0.000       0.000                           -0.8296E-06 -0.8296E-06   0.000    
  26179200.0   10.69106417   10.7473   0.000       0.000      0.5622E-03  0.2542E-06 -0.6491E-02  0.5928E-02   0.000       0.000       0.000       0.000        0.000       0.000       0.000       0.000       0.000       0.000                            0.2542E-06  0.2542E-06   0.000    
  26265600.0   10.68276534   10.7388   0.000       0.000      0.5601E-03  0.4803E-06 -0.6500E-02  0.5939E-02   0.000       0.000       0.000       0.000        0.000       0.000       0.000       0.000       0.000       0.000                            0.4803E-06  0.4803E-06   0.000    
  26352000.0   10.67333569   10.7289   0.000       0.000      0.5558E-03  0.5457E-06 -0.6487E-02  0.5931E-02   0.000       0.000       0.000       0.000        0.000       0.000       0.000       0.000       0.000       0.000                            0.5457E-06  0.5457E-06   0.000    
  26438400.0   10.66371604   10.7187   0.000       0.000      0.5503E-03  0.5567E-06 -0.6462E-02  0.5911E-02   0.000       0.000       0.000       0.000        0.000       0.000       0.000       0.000       0.000       0.000                            0.5567E-06  0.5567E-06   0.000    
  26524800.0   10.65414206   10.7086   0.000       0.000      0.5441E-03  0.5541E-06 -0.6429E-02  0.5884E-02   0.000       0.000       0.000       0.000        0.000       0.000       0.000       0.000       0.000       0.000                            0.5541E-06  0.5541E-06   0.000    
  26611200.0   10.64437918   10.6981   0.000       0.000      0.5373E-03  0.5650E-06 -0.6388E-02  0.5850E-02   0.000       0.000       0.000       0.000        0.000       0.000       0.000       0.000       0.000       0.000                            0.5650E-06  0.5650E-06   0.000    
  26697600.0   10.63513917   10.6882   0.000       0.000      0.5305E-03  0.5347E-06 -0.6346E-02  0.5815E-02   0.000       0.000       0.000       0.000        0.000       0.000       0.000       0.000       0.000       0.000                            0.5347E-06  0.5347E-06   0.000    
  26784000.0   10.62625058   10.6786   0.000       0.000      0.5236E-03  0.5144E-06 -0.6301E-02  0.5777E-02   0.000       0.000       0.000       0.000        0.000       0.000       0.000       0.000       0.000       0.000                            0.5144E-06  0.5144E-06   0.000    
  26870400.0   10.65405395   10.7085   0.000       0.000      0.5442E-03 -0.1609E-05 -0.6467E-02  0.5924E-02   0.000       0.000       0.000       0.000        0.000       0.000       0.000       0.000       0.000       0.000                           -0.1609E-05 -0.1609E-05   0.000    
  26956800.0   10.67195155   10.7278   0.000       0.000      0.5588E-03 -0.1036E-05 -0.6544E-02  0.5987E-02   0.000       0.000       0.000       0.000        0.000       0.000       0.000       0.000       0.000       0.000                           -0.1036E-05 -0.1036E-05   0.000    
  27043200.0   10.68904994   10.7464   0.000       0.000      0.5735E-03 -0.9895E-06 -0.6648E-02  0.6075E-02   0.000       0.000       0.000       0.000        0.000       0.000       0.000       0.000       0.000       0.000                           -0.9895E-06 -0.9895E-06   0.000    
  27129600.0   10.69479624   10.7528   0.000       0.000      0.5801E-03 -0.3325E-06 -0.6690E-02  0.6111E-02   0.000       0.000       0.000       0.000        0.000       0.000       0.000       0.000       0.000       0.000                           -0.3325E-06 -0.3325E-06   0.000    
  27216000.0   10.70469417   10.7636   0.000       0.000      0.5893E-03 -0.5728E-06 -0.6769E-02  0.6180E-02   0.000       0.000       0.000       0.000        0.000       0.000       0.000       0.000       0.000       0.000                           -0.5728E-06 -0.5728E-06   0.000    
  27302400.0   10.72886207   10.7897   0.000       0.000      0.6079E-03 -0.1399E-05 -0.6913E-02  0.6307E-02   0.000       0.000       0.000       0.000        0.000       0.000       0.000       0.000       0.000       0.000                           -0.1399E-05 -0.1399E-05   0.000    
  27388800.0   10.77620855   10.8404   0.000       0.000      0.6420E-03 -0.2740E-05 -0.7166E-02  0.6527E-02   0.000       0.000       0.000       0.000        0.000       0.000       0.000       0.000       0.000       0.000                           -0.2740E-05 -0.2740E-05   0.000    
  27475200.0   10.81794553   10.8852   0.000       0.000      0.6730E-03 -0.2415E-05 -0.7375E-02  0.6704E-02   0.000       0.000       0.000       0.000        0.000       0.000       0.000       0.000       0.000       0.000                           -0.2415E-05 -0.2415E-05   0.000    
  27561600.0   10.81608984   10.8838   0.000       0.000      0.6775E-03  0.1074E-06 -0.7391E-02  0.6713E-02   0.000       0.000       0.000       0.000        0.000       0.000       0.000       0.000       0.000       0.000                            0.1074E-06  0.1074E-06   0.000    
  27648000.0   10.80730787   10.8749   0.000       0.000      0.6755E-03  0.5082E-06 -0.7410E-02  0.6734E-02   0.000       0.000       0.000       0.000        0.000       0.000       0.000       0.000       0.000       0.000                            0.5082E-06  0.5082E-06   0.000    
  27734400.0   10.79483995   10.8618   0.000       0.000      0.6692E-03  0.7215E-06 -0.7390E-02  0.6720E-02   0.000       0.000       0.000       0.000        0.000       0.000       0.000       0.000       0.000       0.000                            0.7215E-06  0.7215E-06   0.000    
  27820800.0   10.78376348   10.8500   0.000       0.000      0.6628E-03  0.6410E-06 -0.7366E-02  0.6703E-02   0.000       0.000       0.000       0.000        0.000       0.000       0.000       0.000       0.000       0.000                            0.6410E-06  0.6410E-06   0.000    
  27907200.0   10.77511430   10.8408   0.000       0.000      0.6570E-03  0.5005E-06 -0.7343E-02  0.6685E-02   0.000       0.000       0.000       0.000        0.000       0.000       0.000       0.000       0.000       0.000                            0.5005E-06  0.5005E-06   0.000    
  27993600.0   10.79552222   10.8625   0.000       0.000      0.6694E-03 -0.1181E-05 -0.7458E-02  0.6790E-02   0.000       0.000       0.000       0.000        0.000       0.000       0.000       0.000       0.000       0.000                           -0.1181E-05 -0.1181E-05   0.000    
  28080000.0   10.82661824   10.8956   0.000       0.000      0.6896E-03 -0.1800E-05 -0.7601E-02  0.6914E-02   0.000       0.000       0.000       0.000        0.000       0.000       0.000       0.000       0.000       0.000                           -0.1800E-05 -0.1800E-05   0.000    
  28166400.0   10.84336184   10.9136   0.000       0.000      0.7022E-03 -0.9690E-06 -0.7681E-02  0.6980E-02   0.000       0.000       0.000       0.000        0.000       0.000       0.000       0.000       0.000       0.000                           -0.9690E-06 -0.9690E-06   0.000    
  28252800.0   10.83676644   10.9068   0.000       0.000      0.7008E-03  0.3817E-06 -0.7672E-02  0.6971E-02   0.000       0.000       0.000       0.000        0.000       0.000       0.000       0.000       0.000       0.000                            0.3817E-06  0.3817E-06   0.000    
  28339200.0   10.82519222   10.8947   0.000       0.000      0.6948E-03  0.6698E-06 -0.7653E-02  0.6957E-02   0.000       0.000       0.000       0.000        0.000       0.000       0.000       0.000       0.000       0.000                            0.6698E-06  0.6698E-06   0.000    
  28425600.0   10.81208006   10.8807   0.000       0.000      0.6864E-03  0.7588E-06 -0.7612E-02  0.6925E-02   0.000       0.000       0.000       0.000        0.000       0.000       0.000       0.000       0.000       0.000                            0.7588E-06  0.7588E-06   0.000    
  28512000.0   10.79860550   10.8663   0.000       0.000      0.6768E-03  0.7798E-06 -0.7559E-02  0.6882E-02   0.000       0.000       0.000       0.000        0.000       0.000       0.000       0.000       0.000       0.000                            0.7798E-06  0.7798E-06   0.000    
  28598400.0   10.78517970   10.8519   0.000       0.000      0.6669E-03  0.7770E-06 -0.7501E-02  0.6833E-02   0.000       0.000       0.000       0.000        0.000       0.000       0.000       0.000       0.000       0.000                            0.7770E-06  0.7770E-06   0.000    
  28684800.0   10.77205394   10.8377   0.000       0.000      0.6566E-03  0.7596E-06 -0.7438E-02  0.6780E-02   0.000       0.000       0.000       0.000        0.000       0.000       0.000       0.000       0.000       0.000                            0.7596E-06  0.7596E-06   0.000    
  28771200.0   10.75930461   10.8239   0.000       0.000      0.6463E-03  0.7378E-06 -0.7372E-02  0.6725E-02   0.000       0.000       0.000       0.000        0.000       0.000       0.000       0.000       0.000       0.000                            0.7378E-06  0.7378E-06   0.000    
  28857600.0   10.74699664   10.8106   0.000       0.000      0.6359E-03  0.7123E-06 -0.7304E-02  0.6668E-02   0.000       0.000       0.000       0.000        0.000       0.000       0.000       0.000       0.000       0.000                            0.7123E-06  0.7123E-06   0.000    
  28944000.0   10.73501660   10.7976   0.000       0.000      0.6256E-03  0.6933E-06 -0.7235E-02  0.6608E-02   0.000       0.000       0.000       0.000        0.000       0.000       0.000       0.000       0.000       0.000                            0.6933E-06  0.6933E-06   0.000    
  29030400.0   10.72333287   10.7849   0.000       0.000      0.6153E-03  0.6761E-06 -0.7164E-02  0.6548E-02   0.000       0.000       0.000       0.000        0.000       0.000       0.000       0.000       0.000       0.000                            0.6761E-06  0.6761E-06   0.000    
  29116800.0   10.71208933   10.7726   0.000       0.000      0.6050E-03  0.6507E-06 -0.7093E-02  0.6487E-02   0.000       0.000       0.000       0.000        0.000       0.000       0.000       0.000       0.000       0.000                            0.6507E-06  0.6507E-06   0.000    
  29203200.0   10.70106646   10.7606   0.000       0.000      0.5951E-03  0.6379E-06 -0.7022E-02  0.6426E-02   0.000       0.000       0.000       0.000        0.000       0.000       0.000       0.000       0.000       0.000                            0.6379E-06  0.6379E-06   0.000    
  29289600.0   10.69047984   10.7490   0.000       0.000      0.5853E-03  0.6127E-06 -0.6952E-02  0.6366E-02   0.000       0.000       0.000       0.000        0.000       0.000       0.000       0.000       0.000       0.000                            0.6127E-06  0.6127E-06   0.000    
  29376000.0   10.68037535   10.7380   0.000       0.000      0.5759E-03  0.5848E-06 -0.6883E-02  0.6306E-02   0.000       0.000       0.000       0.000        0.000       0.000       0.000       0.000       0.000       0.000                            0.5848E-06  0.5848E-06   0.000    
  29462400.0   10.67074559   10.7274   0.000       0.000      0.5667E-03  0.5573E-06 -0.6814E-02  0.6247E-02   0.000       0.000       0.000       0.000        0.000       0.000       0.000       0.000       0.000       0.000                            0.5573E-06  0.5573E-06   0.000    
  29548800.0   10.66145695   10.7172   0.000       0.000      0.5578E-03  0.5375E-06 -0.6748E-02  0.6189E-02   0.000       0.000       0.000       0.000        0.000       0.000       0.000       0.000       0.000       0.000                            0.5375E-06  0.5375E-06   0.000    
  29635200.0   10.65248223   10.7074   0.000       0.000      0.5492E-03  0.5194E-06 -0.6682E-02  0.6132E-02   0.000       0.000       0.000       0.000        0.000       0.000       0.000       0.000       0.000       0.000                            0.5194E-06  0.5194E-06   0.000    
  29721600.0   10.64382830   10.6979   0.000       0.000      0.5409E-03  0.5008E-06 -0.6617E-02  0.6076E-02   0.000       0.000       0.000       0.000        0.000       0.000       0.000       0.000       0.000       0.000                            0.5008E-06  0.5008E-06   0.000    
  29808000.0   10.63539415   10.6887   0.000       0.000      0.5327E-03  0.4881E-06 -0.6553E-02  0.6020E-02   0.000       0.000       0.000       0.000        0.000       0.000       0.000       0.000       0.000       0.000                            0.4881E-06  0.4881E-06   0.000    
  29894400.0   10.62721494   10.6797   0.000       0.000      0.5248E-03  0.4733E-06 -0.6490E-02  0.5965E-02   0.000       0.000       0.000       0.000        0.000       0.000       0.000       0.000       0.000       0.000                            0.4733E-06  0.4733E-06   0.000    
  29980800.0   10.61927886   10.6710   0.000       0.000      0.5171E-03  0.4593E-06 -0.6428E-02  0.5911E-02   0.000       0.000       0.000       0.000        0.000       0.000       0.000       0.000       0.000       0.000                            0.4593E-06  0.4593E-06   0.000    
  30067200.0   10.61165088   10.6626   0.000       0.000      0.5096E-03  0.4414E-06 -0.6368E-02  0.5858E-02   0.000       0.000       0.000       0.000        0.000       0.000       0.000       0.000       0.000       0.000                            0.4414E-06  0.4414E-06   0.000    
  30153600.0   10.60429247   10.6545   0.000       0.000      0.5025E-03  0.4258E-06 -0.6309E-02  0.5806E-02   0.000       0.000       0.000       0.000        0.000       0.000       0.000       0.000       0.000       0.000                            0.4258E-06  0.4258E-06   0.000    
  30240000.0   10.59719340   10.6467   0.000       0.000      0.4955E-03  0.4108E-06 -0.6251E-02  0.5755E-02   0.000       0.000       0.000       0.000        0.000       0.000       0.000       0.000       0.000       0.000                            0.4108E-06  0.4108E-06   0.000    
  30326400.0   10.59030209   10.6392   0.000       0.000      0.4888E-03  0.3988E-06 -0.6195E-02  0.5706E-02   0.000       0.000       0.000       0.000        0.000       0.000       0.000       0.000       0.000       0.000                            0.3988E-06  0.3988E-06   0.000    
  30412800.0   10.58362179   10.6319   0.000       0.000      0.4824E-03  0.3866E-06 -0.6140E-02  0.5657E-02   0.000       0.000       0.000       0.000        0.000       0.000       0.000       0.000       0.000       0.000                            0.3866E-06  0.3866E-06   0.000    
  30499200.0   10.57715972   10.6248   0.000       0.000      0.4761E-03  0.3740E-06 -0.6086E-02  0.5609E-02   0.000       0.000       0.000       0.000        0.000       0.000       0.000       0.000       0.000       0.000                            0.3740E-06  0.3740E-06   0.000    
  30585600.0   10.57089178   10.6179   0.000       0.000      0.4701E-03  0.3627E-06 -0.6033E-02  0.5563E-02   0.000       0.000       0.000       0.000        0.000       0.000       0.000       0.000       0.000       0.000                            0.3627E-06  0.3627E-06   0.000    
  30672000.0   10.56481833   10.6112   0.000       0.000      0.4643E-03  0.3515E-06 -0.5982E-02  0.5517E-02   0.000       0.000       0.000       0.000        0.000       0.000       0.000       0.000       0.000       0.000                            0.3515E-06  0.3515E-06   0.000    
  30758400.0   10.55892814   10.6048   0.000       0.000      0.4586E-03  0.3409E-06 -0.5932E-02  0.5473E-02   0.000       0.000       0.000       0.000        0.000       0.000       0.000       0.000       0.000       0.000                            0.3409E-06  0.3409E-06   0.000    
  30844800.0   10.55321046   10.5985   0.000       0.000      0.4532E-03  0.3309E-06 -0.5883E-02  0.5429E-02   0.000       0.000       0.000       0.000        0.000       0.000       0.000       0.000       0.000       0.000                            0.3309E-06  0.3309E-06   0.000    
  30931200.0   10.54764537   10.5924   0.000       0.000      0.4479E-03  0.3221E-06 -0.5835E-02  0.5387E-02   0.000       0.000       0.000       0.000        0.000       0.000       0.000       0.000       0.000       0.000                            0.3221E-06  0.3221E-06   0.000    
  31017600.0   10.54222701   10.5865   0.000       0.000      0.4428E-03  0.3136E-06 -0.5788E-02  0.5345E-02   0.000       0.000       0.000       0.000        0.000       0.000       0.000       0.000       0.000       0.000                            0.3136E-06  0.3136E-06   0.000    
  31104000.0   10.53695951   10.5808   0.000       0.000      0.4379E-03  0.3048E-06 -0.5742E-02  0.5304E-02   0.000       0.000       0.000       0.000        0.000       0.000       0.000       0.000       0.000       0.000                            0.3048E-06  0.3048E-06   0.000    
  31190400.0   10.53183496   10.5751   0.000       0.000      0.4331E-03  0.2966E-06 -0.5698E-02  0.5264E-02   0.000       0.000       0.000       0.000        0.000       0.000       0.000       0.000       0.000       0.000                            0.2966E-06  0.2966E-06   0.000    
  31276800.0   10.52765516   10.5706   0.000       0.000      0.4293E-03  0.2419E-06 -0.5660E-02  0.5230E-02   0.000       0.000       0.000       0.000        0.000       0.000       0.000       0.000       0.000       0.000                            0.2419E-06  0.2419E-06   0.000    
  31363200.0   10.52269623   10.5652   0.000       0.000      0.4249E-03  0.2870E-06 -0.5616E-02  0.5191E-02   0.000       0.000       0.000       0.000        0.000       0.000       0.000       0.000       0.000       0.000                            0.2870E-06  0.2870E-06   0.000    
  31449600.0   10.51787993   10.5599   0.000       0.000      0.4206E-03  0.2787E-06 -0.5575E-02  0.5154E-02   0.000       0.000       0.000       0.000        0.000       0.000       0.000       0.000       0.000       0.000                            0.2787E-06  0.2787E-06   0.000    
  31536000.0   10.51319154   10.5548   0.000       0.000      0.4164E-03  0.2713E-06 -0.5535E-02  0.5118E-02   0.000       0.000       0.000       0.000        0.000       0.000       0.000       0.000       0.000       0.000                            0.2713E-06  0.2713E-06   0.000    
  31622400.0   10.50821213   10.5494   0.000       0.000      0.4120E-03  0.2882E-06 -0.5492E-02  0.5080E-02   0.000       0.000       0.000       0.000        0.000       0.000       0.000       0.000       0.000       0.000                            0.2882E-06  0.2882E-06   0.000    
