   TOTIM (T)          HCON      HMAT     QDIR      QWELL        QMAT QCADS<->CON       QTUB1       QTUB2       QTUB3       QTUB4       QTUB5       QTUB6       NSTOR        QFIX        QLH     FHLQ (LQ)      CAUCHY CAUCHY (LQ) BREAK-DOWN CADS FLOW  QCADS<->CON    Q_CDSSTO    Q_CDSRCH
     86400.0   10.26168931   10.2881   0.000       0.000      0.2643E-03   0.000      0.2545E-02 -0.2856E-01  0.2575E-01   0.000       0.000       0.000        0.000       0.000       0.000       0.000       0.000       0.000                             0.000       0.000       0.000    
    172800.0   10.25367611   10.2767   0.000       0.000      0.2301E-03  0.6956E-06  0.2391E-02 -0.2760E-01  0.2497E-01   0.000       0.000       0.000      -0.5961E-05   0.000       0.000       0.000       0.000       0.000                            0.6956E-06  0.6956E-06   0.000    
    259200.0   10.25495068   10.2794   0.000       0.000      0.2447E-03 -0.1106E-06  0.2413E-02 -0.2778E-01  0.2513E-01   0.000       0.000       0.000       0.9526E-06   0.000       0.000       0.000       0.000       0.000                           -0.1106E-06 -0.1106E-06   0.000    
    345600.0   10.25482664   10.2795   0.000       0.000      0.2464E-03  0.1077E-07  0.2415E-02 -0.2779E-01  0.2512E-01   0.000       0.000       0.000      -0.9263E-07   0.000       0.000       0.000       0.000       0.000                            0.1077E-07  0.1077E-07   0.000    
    432000.0   10.26061660   10.2879   0.000       0.000      0.2731E-03 -0.5026E-06  0.2527E-02 -0.2850E-01  0.2570E-01   0.000       0.000       0.000       0.4307E-05   0.000       0.000       0.000       0.000       0.000                           -0.5026E-06 -0.5026E-06   0.000    
    518400.0   10.26329509   10.2912   0.000       0.000      0.2794E-03 -0.2325E-06  0.2582E-02 -0.2881E-01  0.2595E-01   0.000       0.000       0.000       0.1980E-05   0.000       0.000       0.000       0.000       0.000                           -0.2325E-06 -0.2325E-06   0.000    
    604800.0   10.26351822   10.2911   0.000       0.000      0.2758E-03 -0.1937E-07  0.2586E-02 -0.2882E-01  0.2595E-01   0.000       0.000       0.000       0.1646E-06   0.000       0.000       0.000       0.000       0.000                           -0.1937E-07 -0.1937E-07   0.000    
    691200.0   10.27123706   10.3018   0.000       0.000      0.3061E-03 -0.6700E-06  0.2732E-02 -0.2973E-01  0.2670E-01   0.000       0.000       0.000       0.5662E-05   0.000       0.000       0.000       0.000       0.000                           -0.6700E-06 -0.6700E-06   0.000    
    777600.0   10.29196584   10.3304   0.000       0.000      0.3840E-03 -0.1799E-05  0.3132E-02 -0.3219E-01  0.2869E-01   0.000       0.000       0.000       0.1487E-04   0.000       0.000       0.000       0.000       0.000                           -0.1799E-05 -0.1799E-05   0.000    
    864000.0   10.32041404   10.3681   0.000       0.000      0.4767E-03 -0.2469E-05  0.3681E-02 -0.3551E-01  0.3137E-01   0.000       0.000       0.000       0.1952E-04   0.000       0.000       0.000       0.000       0.000                           -0.2469E-05 -0.2469E-05   0.000    
    950400.0   10.32781022   10.3742   0.000       0.000      0.4639E-03 -0.6420E-06  0.3822E-02 -0.3621E-01  0.3193E-01   0.000       0.000       0.000       0.4889E-05   0.000       0.000       0.000       0.000       0.000                           -0.6420E-06 -0.6420E-06   0.000    
   1036800.0   10.35655158   10.4120   0.000       0.000      0.5546E-03 -0.2495E-05  0.4356E-02 -0.3951E-01  0.3462E-01   0.000       0.000       0.000       0.1818E-04   0.000       0.000       0.000       0.000       0.000                           -0.2495E-05 -0.2495E-05   0.000    
   1123200.0   10.41080020   10.4833   0.000       0.000      0.7254E-03 -0.4709E-05  0.5361E-02 -0.4564E-01  0.3959E-01   0.000       0.000       0.000       0.3011E-04   0.000       0.000       0.000       0.000       0.000                           -0.4709E-05 -0.4709E-05   0.000    
   1209600.0   10.38683447   10.4417   0.000       0.000      0.5490E-03  0.2080E-05  0.4920E-02 -0.4248E-01  0.3700E-01   0.000       0.000       0.000      -0.1254E-04   0.000       0.000       0.000       0.000       0.000                            0.2080E-05  0.2080E-05   0.000    
   1296000.0   10.36998136   10.4159   0.000       0.000      0.4597E-03  0.1463E-05  0.4556E-02 -0.4028E-01  0.3525E-01   0.000       0.000       0.000      -0.9560E-05   0.000       0.000       0.000       0.000       0.000                            0.1463E-05  0.1463E-05   0.000    
   1382400.0   10.35761513   10.3981   0.000       0.000      0.4053E-03  0.1073E-05  0.4293E-02 -0.3868E-01  0.3397E-01   0.000       0.000       0.000      -0.7363E-05   0.000       0.000       0.000       0.000       0.000                            0.1073E-05  0.1073E-05   0.000    
   1468800.0   10.34767232   10.3845   0.000       0.000      0.3684E-03  0.8631E-06  0.4083E-02 -0.3741E-01  0.3295E-01   0.000       0.000       0.000      -0.6118E-05   0.000       0.000       0.000       0.000       0.000                            0.8631E-06  0.8631E-06   0.000    
   1555200.0   10.33828009   10.3721   0.000       0.000      0.3381E-03  0.8153E-06  0.3888E-02 -0.3624E-01  0.3201E-01   0.000       0.000       0.000      -0.5932E-05   0.000       0.000       0.000       0.000       0.000                            0.8153E-06  0.8153E-06   0.000    
   1641600.0   10.32965822   10.3611   0.000       0.000      0.3142E-03  0.7484E-06  0.3710E-02 -0.3520E-01  0.3117E-01   0.000       0.000       0.000      -0.5570E-05   0.000       0.000       0.000       0.000       0.000                            0.7484E-06  0.7484E-06   0.000    
   1728000.0   10.32308883   10.3532   0.000       0.000      0.3008E-03  0.5703E-06  0.3573E-02 -0.3442E-01  0.3054E-01   0.000       0.000       0.000      -0.4320E-05   0.000       0.000       0.000       0.000       0.000                            0.5703E-06  0.5703E-06   0.000    
   1814400.0   10.31770036   10.3469   0.000       0.000      0.2918E-03  0.4677E-06  0.3461E-02 -0.3379E-01  0.3003E-01   0.000       0.000       0.000      -0.3591E-05   0.000       0.000       0.000       0.000       0.000                            0.4677E-06  0.4677E-06   0.000    
   1900800.0   10.31137764   10.3392   0.000       0.000      0.2782E-03  0.5488E-06  0.3332E-02 -0.3306E-01  0.2945E-01   0.000       0.000       0.000      -0.4266E-05   0.000       0.000       0.000       0.000       0.000                            0.5488E-06  0.5488E-06   0.000    
   1987200.0   10.30599982   10.3329   0.000       0.000      0.2692E-03  0.4668E-06  0.3220E-02 -0.3245E-01  0.2895E-01   0.000       0.000       0.000      -0.3672E-05   0.000       0.000       0.000       0.000       0.000                            0.4668E-06  0.4668E-06   0.000    
   2073600.0   10.30197349   10.3285   0.000       0.000      0.2657E-03  0.3495E-06  0.3137E-02 -0.3201E-01  0.2860E-01   0.000       0.000       0.000      -0.2775E-05   0.000       0.000       0.000       0.000       0.000                            0.3495E-06  0.3495E-06   0.000    
   2160000.0   10.29680516   10.3224   0.000       0.000      0.2559E-03  0.4486E-06  0.3033E-02 -0.3143E-01  0.2814E-01   0.000       0.000       0.000      -0.3593E-05   0.000       0.000       0.000       0.000       0.000                            0.4486E-06  0.4486E-06   0.000    
   2246400.0   10.29186385   10.3166   0.000       0.000      0.2477E-03  0.4289E-06  0.2932E-02 -0.3088E-01  0.2770E-01   0.000       0.000       0.000      -0.3467E-05   0.000       0.000       0.000       0.000       0.000                            0.4289E-06  0.4289E-06   0.000    
   2332800.0   10.28712925   10.3112   0.000       0.000      0.2406E-03  0.4110E-06  0.2838E-02 -0.3037E-01  0.2729E-01   0.000       0.000       0.000      -0.3351E-05   0.000       0.000       0.000       0.000       0.000                            0.4110E-06  0.4110E-06   0.000    
   2419200.0   10.28264110   10.3061   0.000       0.000      0.2343E-03  0.3896E-06  0.2749E-02 -0.2989E-01  0.2691E-01   0.000       0.000       0.000      -0.3202E-05   0.000       0.000       0.000       0.000       0.000                            0.3896E-06  0.3896E-06   0.000    
   2505600.0   10.28187116   10.3063   0.000       0.000      0.2439E-03  0.6683E-07  0.2733E-02 -0.2988E-01  0.2690E-01   0.000       0.000       0.000      -0.5517E-06   0.000       0.000       0.000       0.000       0.000                            0.6683E-07  0.6683E-07   0.000    
   2592000.0   10.27920464   10.3033   0.000       0.000      0.2408E-03  0.2315E-06  0.2682E-02 -0.2961E-01  0.2668E-01   0.000       0.000       0.000      -0.1916E-05   0.000       0.000       0.000       0.000       0.000                            0.2315E-06  0.2315E-06   0.000    
   2678400.0   10.28940990   10.3188   0.000       0.000      0.2937E-03 -0.8859E-06  0.2880E-02 -0.3091E-01  0.2775E-01   0.000       0.000       0.000       0.7287E-05   0.000       0.000       0.000       0.000       0.000                           -0.8859E-06 -0.8859E-06   0.000    
   2764800.0   10.32268062   10.3657   0.000       0.000      0.4303E-03 -0.2888E-05  0.3530E-02 -0.3498E-01  0.3105E-01   0.000       0.000       0.000       0.2283E-04   0.000       0.000       0.000       0.000       0.000                           -0.2888E-05 -0.2888E-05   0.000    
   2851200.0   10.40019142   10.4716   0.000       0.000      0.7141E-03 -0.6728E-05  0.5006E-02 -0.4412E-01  0.3845E-01   0.000       0.000       0.000       0.4629E-04   0.000       0.000       0.000       0.000       0.000                           -0.6728E-05 -0.6728E-05   0.000    
   2937600.0   10.36848439   10.4173   0.000       0.000      0.4886E-03  0.2752E-05  0.4424E-02 -0.4000E-01  0.3506E-01   0.000       0.000       0.000      -0.1759E-04   0.000       0.000       0.000       0.000       0.000                            0.2752E-05  0.2752E-05   0.000    
   3024000.0   10.36528078   10.4114   0.000       0.000      0.4611E-03  0.2781E-06  0.4310E-02 -0.3945E-01  0.3468E-01   0.000       0.000       0.000      -0.1889E-05   0.000       0.000       0.000       0.000       0.000                            0.2781E-06  0.2781E-06   0.000    
   3110400.0   10.36203028   10.4054   0.000       0.000      0.4336E-03  0.2822E-06  0.4229E-02 -0.3894E-01  0.3427E-01   0.000       0.000       0.000      -0.1936E-05   0.000       0.000       0.000       0.000       0.000                            0.2822E-06  0.2822E-06   0.000    
   3196800.0   10.35405389   10.3933   0.000       0.000      0.3923E-03  0.6924E-06  0.4060E-02 -0.3789E-01  0.3343E-01   0.000       0.000       0.000      -0.4833E-05   0.000       0.000       0.000       0.000       0.000                            0.6924E-06  0.6924E-06   0.000    
   3283200.0   10.34516401   10.3807   0.000       0.000      0.3556E-03  0.7717E-06  0.3872E-02 -0.3676E-01  0.3252E-01   0.000       0.000       0.000      -0.5517E-05   0.000       0.000       0.000       0.000       0.000                            0.7717E-06  0.7717E-06   0.000    
   3369600.0   10.34672804   10.3837   0.000       0.000      0.3697E-03 -0.1358E-06  0.3890E-02 -0.3694E-01  0.3268E-01   0.000       0.000       0.000       0.9802E-06   0.000       0.000       0.000       0.000       0.000                           -0.1358E-06 -0.1358E-06   0.000    
   3456000.0   10.35271630   10.3923   0.000       0.000      0.3955E-03 -0.5198E-06  0.4002E-02 -0.3766E-01  0.3327E-01   0.000       0.000       0.000       0.3715E-05   0.000       0.000       0.000       0.000       0.000                           -0.5198E-06 -0.5198E-06   0.000    
   3542400.0   10.36123981   10.4037   0.000       0.000      0.4246E-03 -0.7399E-06  0.4158E-02 -0.3864E-01  0.3406E-01   0.000       0.000       0.000       0.5180E-05   0.000       0.000       0.000       0.000       0.000                           -0.7399E-06 -0.7399E-06   0.000    
   3628800.0   10.36219190   10.4038   0.000       0.000      0.4163E-03 -0.8265E-07  0.4168E-02 -0.3868E-01  0.3410E-01   0.000       0.000       0.000       0.5706E-06   0.000       0.000       0.000       0.000       0.000                           -0.8265E-07 -0.8265E-07   0.000    
   3715200.0   10.35471308   10.3924   0.000       0.000      0.3771E-03  0.6492E-06  0.4009E-02 -0.3770E-01  0.3331E-01   0.000       0.000       0.000      -0.4526E-05   0.000       0.000       0.000       0.000       0.000                            0.6492E-06  0.6492E-06   0.000    
   3801600.0   10.35572699   10.3941   0.000       0.000      0.3839E-03 -0.8801E-07  0.4012E-02 -0.3779E-01  0.3340E-01   0.000       0.000       0.000       0.6194E-06   0.000       0.000       0.000       0.000       0.000                           -0.8801E-07 -0.8801E-07   0.000    
   3888000.0   10.36048404   10.4007   0.000       0.000      0.4024E-03 -0.4129E-06  0.4095E-02 -0.3834E-01  0.3385E-01   0.000       0.000       0.000       0.2882E-05   0.000       0.000       0.000       0.000       0.000                           -0.4129E-06 -0.4129E-06   0.000    
   3974400.0   10.37148965   10.4157   0.000       0.000      0.4421E-03 -0.9553E-06  0.4297E-02 -0.3962E-01  0.3489E-01   0.000       0.000       0.000       0.6508E-05   0.000       0.000       0.000       0.000       0.000                           -0.9553E-06 -0.9553E-06   0.000    
   4060800.0   10.37837470   10.4240   0.000       0.000      0.4558E-03 -0.5977E-06  0.4420E-02 -0.4037E-01  0.3550E-01   0.000       0.000       0.000       0.3954E-05   0.000       0.000       0.000       0.000       0.000                           -0.5977E-06 -0.5977E-06   0.000    
   4147200.0   10.36951702   10.4099   0.000       0.000      0.4036E-03  0.7689E-06  0.4235E-02 -0.3919E-01  0.3455E-01   0.000       0.000       0.000      -0.5104E-05   0.000       0.000       0.000       0.000       0.000                            0.7689E-06  0.7689E-06   0.000    
   4233600.0   10.36009237   10.3965   0.000       0.000      0.3644E-03  0.8181E-06  0.4033E-02 -0.3801E-01  0.3360E-01   0.000       0.000       0.000      -0.5594E-05   0.000       0.000       0.000       0.000       0.000                            0.8181E-06  0.8181E-06   0.000    
   4320000.0   10.35383323   10.3884   0.000       0.000      0.3452E-03  0.5433E-06  0.3895E-02 -0.3723E-01  0.3298E-01   0.000       0.000       0.000      -0.3804E-05   0.000       0.000       0.000       0.000       0.000                            0.5433E-06  0.5433E-06   0.000    
   4406400.0   10.34767584   10.3805   0.000       0.000      0.3281E-03  0.5345E-06  0.3765E-02 -0.3649E-01  0.3239E-01   0.000       0.000       0.000      -0.3809E-05   0.000       0.000       0.000       0.000       0.000                            0.5345E-06  0.5345E-06   0.000    
   4492800.0   10.34344806   10.3755   0.000       0.000      0.3208E-03  0.3670E-06  0.3674E-02 -0.3600E-01  0.3200E-01   0.000       0.000       0.000      -0.2652E-05   0.000       0.000       0.000       0.000       0.000                            0.3670E-06  0.3670E-06   0.000    
   4579200.0   10.33760573   10.3682   0.000       0.000      0.3057E-03  0.5071E-06  0.3552E-02 -0.3532E-01  0.3145E-01   0.000       0.000       0.000      -0.3713E-05   0.000       0.000       0.000       0.000       0.000                            0.5071E-06  0.5071E-06   0.000    
   4665600.0   10.33167874   10.3609   0.000       0.000      0.2922E-03  0.5145E-06  0.3429E-02 -0.3463E-01  0.3091E-01   0.000       0.000       0.000      -0.3823E-05   0.000       0.000       0.000       0.000       0.000                            0.5145E-06  0.5145E-06   0.000    
   4752000.0   10.34512836   10.3814   0.000       0.000      0.3628E-03 -0.1168E-05  0.3687E-02 -0.3635E-01  0.3231E-01   0.000       0.000       0.000       0.8594E-05   0.000       0.000       0.000       0.000       0.000                           -0.1168E-05 -0.1168E-05   0.000    
   4838400.0   10.36061713   10.4027   0.000       0.000      0.4211E-03 -0.1345E-05  0.3990E-02 -0.3823E-01  0.3383E-01   0.000       0.000       0.000       0.9524E-05   0.000       0.000       0.000       0.000       0.000                           -0.1345E-05 -0.1345E-05   0.000    
   4924800.0   10.37565983   10.4223   0.000       0.000      0.4662E-03 -0.1306E-05  0.4274E-02 -0.3999E-01  0.3526E-01   0.000       0.000       0.000       0.8834E-05   0.000       0.000       0.000       0.000       0.000                           -0.1306E-05 -0.1306E-05   0.000    
   5011200.0   10.38232243   10.4293   0.000       0.000      0.4696E-03 -0.5784E-06  0.4389E-02 -0.4067E-01  0.3581E-01   0.000       0.000       0.000       0.3772E-05   0.000       0.000       0.000       0.000       0.000                           -0.5784E-06 -0.5784E-06   0.000    
   5097600.0   10.37209697   10.4129   0.000       0.000      0.4079E-03  0.8876E-06  0.4178E-02 -0.3933E-01  0.3473E-01   0.000       0.000       0.000      -0.5826E-05   0.000       0.000       0.000       0.000       0.000                            0.8876E-06  0.8876E-06   0.000    
   5184000.0   10.36241874   10.3990   0.000       0.000      0.3656E-03  0.8401E-06  0.3968E-02 -0.3809E-01  0.3375E-01   0.000       0.000       0.000      -0.5701E-05   0.000       0.000       0.000       0.000       0.000                            0.8401E-06  0.8401E-06   0.000    
   5270400.0   10.35554344   10.3899   0.000       0.000      0.3433E-03  0.5968E-06  0.3821E-02 -0.3725E-01  0.3308E-01   0.000       0.000       0.000      -0.4154E-05   0.000       0.000       0.000       0.000       0.000                            0.5968E-06  0.5968E-06   0.000    
   5356800.0   10.34856696   10.3808   0.000       0.000      0.3222E-03  0.6056E-06  0.3674E-02 -0.3641E-01  0.3240E-01   0.000       0.000       0.000      -0.4300E-05   0.000       0.000       0.000       0.000       0.000                            0.6056E-06  0.6056E-06   0.000    
   5443200.0   10.35450190   10.3904   0.000       0.000      0.3590E-03 -0.5152E-06  0.3783E-02 -0.3718E-01  0.3304E-01   0.000       0.000       0.000       0.3664E-05   0.000       0.000       0.000       0.000       0.000                           -0.5152E-06 -0.5152E-06   0.000    
   5529600.0   10.35993365   10.3981   0.000       0.000      0.3814E-03 -0.4715E-06  0.3887E-02 -0.3785E-01  0.3358E-01   0.000       0.000       0.000       0.3299E-05   0.000       0.000       0.000       0.000       0.000                           -0.4715E-06 -0.4715E-06   0.000    
   5616000.0   10.36482358   10.4045   0.000       0.000      0.3970E-03 -0.4245E-06  0.3975E-02 -0.3842E-01  0.3405E-01   0.000       0.000       0.000       0.2925E-05   0.000       0.000       0.000       0.000       0.000                           -0.4245E-06 -0.4245E-06   0.000    
   5702400.0   10.36700659   10.4069   0.000       0.000      0.3989E-03 -0.1895E-06  0.4008E-02 -0.3864E-01  0.3424E-01   0.000       0.000       0.000       0.1291E-05   0.000       0.000       0.000       0.000       0.000                           -0.1895E-06 -0.1895E-06   0.000    
   5788800.0   10.36350913   10.4013   0.000       0.000      0.3781E-03  0.3036E-06  0.3929E-02 -0.3818E-01  0.3387E-01   0.000       0.000       0.000      -0.2073E-05   0.000       0.000       0.000       0.000       0.000                            0.3036E-06  0.3036E-06   0.000    
   5875200.0   10.36328587   10.4010   0.000       0.000      0.3772E-03  0.1938E-07  0.3912E-02 -0.3813E-01  0.3384E-01   0.000       0.000       0.000      -0.1331E-06   0.000       0.000       0.000       0.000       0.000                            0.1938E-07  0.1938E-07   0.000    
   5961600.0   10.36092192   10.3976   0.000       0.000      0.3664E-03  0.2052E-06  0.3858E-02 -0.3782E-01  0.3360E-01   0.000       0.000       0.000      -0.1415E-05   0.000       0.000       0.000       0.000       0.000                            0.2052E-06  0.2052E-06   0.000    
   6048000.0   10.35524789   10.3897   0.000       0.000      0.3442E-03  0.4925E-06  0.3739E-02 -0.3713E-01  0.3304E-01   0.000       0.000       0.000      -0.3437E-05   0.000       0.000       0.000       0.000       0.000                            0.4925E-06  0.4925E-06   0.000    
   6134400.0   10.34888483   10.3812   0.000       0.000      0.3232E-03  0.5523E-06  0.3603E-02 -0.3635E-01  0.3242E-01   0.000       0.000       0.000      -0.3922E-05   0.000       0.000       0.000       0.000       0.000                            0.5523E-06  0.5523E-06   0.000    
   6220800.0   10.34251196   10.3731   0.000       0.000      0.3059E-03  0.5532E-06  0.3472E-02 -0.3561E-01  0.3183E-01   0.000       0.000       0.000      -0.3997E-05   0.000       0.000       0.000       0.000       0.000                            0.5532E-06  0.5532E-06   0.000    
   6307200.0   10.33648181   10.3656   0.000       0.000      0.2915E-03  0.5235E-06  0.3348E-02 -0.3491E-01  0.3126E-01   0.000       0.000       0.000      -0.3843E-05   0.000       0.000       0.000       0.000       0.000                            0.5235E-06  0.5235E-06   0.000    
   6393600.0   10.33075589   10.3588   0.000       0.000      0.2800E-03  0.4970E-06  0.3233E-02 -0.3427E-01  0.3075E-01   0.000       0.000       0.000      -0.3702E-05   0.000       0.000       0.000       0.000       0.000                            0.4970E-06  0.4970E-06   0.000    
   6480000.0   10.32539961   10.3524   0.000       0.000      0.2702E-03  0.4650E-06  0.3124E-02 -0.3367E-01  0.3028E-01   0.000       0.000       0.000      -0.3509E-05   0.000       0.000       0.000       0.000       0.000                            0.4650E-06  0.4650E-06   0.000    
   6566400.0   10.32023455   10.3464   0.000       0.000      0.2618E-03  0.4484E-06  0.3023E-02 -0.3312E-01  0.2983E-01   0.000       0.000       0.000      -0.3424E-05   0.000       0.000       0.000       0.000       0.000                            0.4484E-06  0.4484E-06   0.000    
   6652800.0   10.31532538   10.3407   0.000       0.000      0.2542E-03  0.4261E-06  0.2926E-02 -0.3259E-01  0.2941E-01   0.000       0.000       0.000      -0.3290E-05   0.000       0.000       0.000       0.000       0.000                            0.4261E-06  0.4261E-06   0.000    
   6739200.0   10.31064724   10.3354   0.000       0.000      0.2480E-03  0.4061E-06  0.2836E-02 -0.3210E-01  0.2902E-01   0.000       0.000       0.000      -0.3167E-05   0.000       0.000       0.000       0.000       0.000                            0.4061E-06  0.4061E-06   0.000    
   6825600.0   10.30607852   10.3302   0.000       0.000      0.2415E-03  0.3966E-06  0.2747E-02 -0.3162E-01  0.2863E-01   0.000       0.000       0.000      -0.3122E-05   0.000       0.000       0.000       0.000       0.000                            0.3966E-06  0.3966E-06   0.000    
   6912000.0   10.30154122   10.3251   0.000       0.000      0.2356E-03  0.3939E-06  0.2662E-02 -0.3116E-01  0.2826E-01   0.000       0.000       0.000      -0.3128E-05   0.000       0.000       0.000       0.000       0.000                            0.3939E-06  0.3939E-06   0.000    
   6998400.0   10.29723789   10.3203   0.000       0.000      0.2301E-03  0.3736E-06  0.2580E-02 -0.3072E-01  0.2790E-01   0.000       0.000       0.000      -0.2992E-05   0.000       0.000       0.000       0.000       0.000                            0.3736E-06  0.3736E-06   0.000    
   7084800.0   10.29316383   10.3157   0.000       0.000      0.2257E-03  0.3537E-06  0.2504E-02 -0.3031E-01  0.2758E-01   0.000       0.000       0.000      -0.2854E-05   0.000       0.000       0.000       0.000       0.000                            0.3537E-06  0.3537E-06   0.000    
   7171200.0   10.28928433   10.3115   0.000       0.000      0.2218E-03  0.3368E-06  0.2433E-02 -0.2993E-01  0.2727E-01   0.000       0.000       0.000      -0.2737E-05   0.000       0.000       0.000       0.000       0.000                            0.3368E-06  0.3368E-06   0.000    
   7257600.0   10.28553242   10.3073   0.000       0.000      0.2179E-03  0.3257E-06  0.2366E-02 -0.2956E-01  0.2698E-01   0.000       0.000       0.000      -0.2665E-05   0.000       0.000       0.000       0.000       0.000                            0.3257E-06  0.3257E-06   0.000    
   7344000.0   10.28195139   10.3034   0.000       0.000      0.2147E-03  0.3109E-06  0.2302E-02 -0.2922E-01  0.2670E-01   0.000       0.000       0.000      -0.2560E-05   0.000       0.000       0.000       0.000       0.000                            0.3109E-06  0.3109E-06   0.000    
   7430400.0   10.27897373   10.3003   0.000       0.000      0.2135E-03  0.2585E-06  0.2250E-02 -0.2895E-01  0.2648E-01   0.000       0.000       0.000      -0.2140E-05   0.000       0.000       0.000       0.000       0.000                            0.2585E-06  0.2585E-06   0.000    
   7516800.0   10.27593337   10.2971   0.000       0.000      0.2114E-03  0.2639E-06  0.2199E-02 -0.2867E-01  0.2626E-01   0.000       0.000       0.000      -0.2196E-05   0.000       0.000       0.000       0.000       0.000                            0.2639E-06  0.2639E-06   0.000    
   7603200.0   10.27267869   10.2935   0.000       0.000      0.2078E-03  0.2825E-06  0.2143E-02 -0.2836E-01  0.2601E-01   0.000       0.000       0.000      -0.2362E-05   0.000       0.000       0.000       0.000       0.000                            0.2825E-06  0.2825E-06   0.000    
   7689600.0   10.26955465   10.2901   0.000       0.000      0.2050E-03  0.2712E-06  0.2091E-02 -0.2807E-01  0.2578E-01   0.000       0.000       0.000      -0.2279E-05   0.000       0.000       0.000       0.000       0.000                            0.2712E-06  0.2712E-06   0.000    
   7776000.0   10.26682558   10.2872   0.000       0.000      0.2034E-03  0.2369E-06  0.2046E-02 -0.2783E-01  0.2558E-01   0.000       0.000       0.000      -0.1999E-05   0.000       0.000       0.000       0.000       0.000                            0.2369E-06  0.2369E-06   0.000    
   7862400.0   10.26391857   10.2840   0.000       0.000      0.2008E-03  0.2523E-06  0.1999E-02 -0.2756E-01  0.2536E-01   0.000       0.000       0.000      -0.2139E-05   0.000       0.000       0.000       0.000       0.000                            0.2523E-06  0.2523E-06   0.000    
   7948800.0   10.26115872   10.2810   0.000       0.000      0.1985E-03  0.2396E-06  0.1954E-02 -0.2731E-01  0.2516E-01   0.000       0.000       0.000      -0.2039E-05   0.000       0.000       0.000       0.000       0.000                            0.2396E-06  0.2396E-06   0.000    
   8035200.0   10.25847186   10.2781   0.000       0.000      0.1965E-03  0.2332E-06  0.1912E-02 -0.2708E-01  0.2496E-01   0.000       0.000       0.000      -0.1993E-05   0.000       0.000       0.000       0.000       0.000                            0.2332E-06  0.2332E-06   0.000    
   8121600.0   10.25590282   10.2754   0.000       0.000      0.1946E-03  0.2230E-06  0.1872E-02 -0.2684E-01  0.2478E-01   0.000       0.000       0.000      -0.1912E-05   0.000       0.000       0.000       0.000       0.000                            0.2230E-06  0.2230E-06   0.000    
   8208000.0   10.25338230   10.2727   0.000       0.000      0.1928E-03  0.2188E-06  0.1834E-02 -0.2663E-01  0.2460E-01   0.000       0.000       0.000      -0.1883E-05   0.000       0.000       0.000       0.000       0.000                            0.2188E-06  0.2188E-06   0.000    
   8294400.0   10.25096536   10.2701   0.000       0.000      0.1910E-03  0.2098E-06  0.1798E-02 -0.2641E-01  0.2442E-01   0.000       0.000       0.000      -0.1812E-05   0.000       0.000       0.000       0.000       0.000                            0.2098E-06  0.2098E-06   0.000    
   8380800.0   10.27363775   10.3033   0.000       0.000      0.2971E-03 -0.1968E-05  0.2246E-02 -0.2925E-01  0.2673E-01   0.000       0.000       0.000       0.1675E-04   0.000       0.000       0.000       0.000       0.000                           -0.1968E-05 -0.1968E-05   0.000    
   8467200.0   10.27410268   10.3020   0.000       0.000      0.2786E-03 -0.4036E-07  0.2273E-02 -0.2928E-01  0.2673E-01   0.000       0.000       0.000       0.3377E-06   0.000       0.000       0.000       0.000       0.000                           -0.4036E-07 -0.4036E-07   0.000    
   8553600.0   10.27354016   10.3005   0.000       0.000      0.2693E-03  0.4883E-07  0.2262E-02 -0.2920E-01  0.2667E-01   0.000       0.000       0.000      -0.4086E-06   0.000       0.000       0.000       0.000       0.000                            0.4883E-07  0.4883E-07   0.000    
   8640000.0   10.27140035   10.2971   0.000       0.000      0.2568E-03  0.1857E-06  0.2223E-02 -0.2894E-01  0.2646E-01   0.000       0.000       0.000      -0.1557E-05   0.000       0.000       0.000       0.000       0.000                            0.1857E-06  0.1857E-06   0.000    
   8726400.0   10.26877971   10.2933   0.000       0.000      0.2457E-03  0.2275E-06  0.2176E-02 -0.2863E-01  0.2621E-01   0.000       0.000       0.000      -0.1914E-05   0.000       0.000       0.000       0.000       0.000                            0.2275E-06  0.2275E-06   0.000    
   8812800.0   10.26602100   10.2897   0.000       0.000      0.2365E-03  0.2395E-06  0.2129E-02 -0.2833E-01  0.2596E-01   0.000       0.000       0.000      -0.2023E-05   0.000       0.000       0.000       0.000       0.000                            0.2395E-06  0.2395E-06   0.000    
   8899200.0   10.26262287   10.2852   0.000       0.000      0.2262E-03  0.2950E-06  0.2070E-02 -0.2795E-01  0.2565E-01   0.000       0.000       0.000      -0.2504E-05   0.000       0.000       0.000       0.000       0.000                            0.2950E-06  0.2950E-06   0.000    
   8985600.0   10.26247199   10.2856   0.000       0.000      0.2317E-03  0.1310E-07  0.2074E-02 -0.2798E-01  0.2567E-01   0.000       0.000       0.000      -0.1115E-06   0.000       0.000       0.000       0.000       0.000                            0.1310E-07  0.1310E-07   0.000    
   9072000.0   10.26698426   10.2924   0.000       0.000      0.2546E-03 -0.3917E-06  0.2171E-02 -0.2857E-01  0.2615E-01   0.000       0.000       0.000       0.3323E-05   0.000       0.000       0.000       0.000       0.000                           -0.3917E-06 -0.3917E-06   0.000    
   9158400.0   10.26539859   10.2899   0.000       0.000      0.2451E-03  0.1376E-06  0.2150E-02 -0.2839E-01  0.2600E-01   0.000       0.000       0.000      -0.1165E-05   0.000       0.000       0.000       0.000       0.000                            0.1376E-06  0.1376E-06   0.000    
   9244800.0   10.27841864   10.3087   0.000       0.000      0.3024E-03 -0.1130E-05  0.2405E-02 -0.2999E-01  0.2730E-01   0.000       0.000       0.000       0.9484E-05   0.000       0.000       0.000       0.000       0.000                           -0.1130E-05 -0.1130E-05   0.000    
   9331200.0   10.30845108   10.3502   0.000       0.000      0.4171E-03 -0.2607E-05  0.2996E-02 -0.3362E-01  0.3023E-01   0.000       0.000       0.000       0.2110E-04   0.000       0.000       0.000       0.000       0.000                           -0.2607E-05 -0.2607E-05   0.000    
   9417600.0   10.37954214   10.4471   0.000       0.000      0.6761E-03 -0.6171E-05  0.4361E-02 -0.4203E-01  0.3704E-01   0.000       0.000       0.000       0.4465E-04   0.000       0.000       0.000       0.000       0.000                           -0.6171E-05 -0.6171E-05   0.000    
   9504000.0   10.42102594   10.4959   0.000       0.000      0.7491E-03 -0.3601E-05  0.5135E-02 -0.4648E-01  0.4063E-01   0.000       0.000       0.000       0.2153E-04   0.000       0.000       0.000       0.000       0.000                           -0.3601E-05 -0.3601E-05   0.000    
   9590400.0   10.39241479   10.4475   0.000       0.000      0.5511E-03  0.2484E-05  0.4601E-02 -0.4278E-01  0.3761E-01   0.000       0.000       0.000      -0.1443E-04   0.000       0.000       0.000       0.000       0.000                            0.2484E-05  0.2484E-05   0.000    
   9676800.0   10.37192144   10.4164   0.000       0.000      0.4449E-03  0.1779E-05  0.4169E-02 -0.4013E-01  0.3550E-01   0.000       0.000       0.000      -0.1147E-04   0.000       0.000       0.000       0.000       0.000                            0.1779E-05  0.1779E-05   0.000    
   9763200.0   10.35605891   10.3938   0.000       0.000      0.3771E-03  0.1377E-05  0.3841E-02 -0.3810E-01  0.3387E-01   0.000       0.000       0.000      -0.9439E-05   0.000       0.000       0.000       0.000       0.000                            0.1377E-05  0.1377E-05   0.000    
   9849600.0   10.34360918   10.3770   0.000       0.000      0.3336E-03  0.1081E-05  0.3588E-02 -0.3654E-01  0.3261E-01   0.000       0.000       0.000      -0.7721E-05   0.000       0.000       0.000       0.000       0.000                            0.1081E-05  0.1081E-05   0.000    
   9936000.0   10.35318769   10.3920   0.000       0.000      0.3886E-03 -0.8315E-06  0.3770E-02 -0.3774E-01  0.3358E-01   0.000       0.000       0.000       0.5964E-05   0.000       0.000       0.000       0.000       0.000                           -0.8315E-06 -0.8315E-06   0.000    
  10022400.0   10.35885942   10.3996   0.000       0.000      0.4071E-03 -0.4923E-06  0.3882E-02 -0.3838E-01  0.3409E-01   0.000       0.000       0.000       0.3457E-05   0.000       0.000       0.000       0.000       0.000                           -0.4923E-06 -0.4923E-06   0.000    
  10108800.0   10.35878019   10.3987   0.000       0.000      0.3988E-03  0.6878E-08  0.3875E-02 -0.3830E-01  0.3403E-01   0.000       0.000       0.000      -0.4790E-07   0.000       0.000       0.000       0.000       0.000                            0.6878E-08  0.6878E-08   0.000    
  10195200.0   10.36244359   10.4034   0.000       0.000      0.4100E-03 -0.3180E-06  0.3937E-02 -0.3869E-01  0.3435E-01   0.000       0.000       0.000       0.2203E-05   0.000       0.000       0.000       0.000       0.000                           -0.3180E-06 -0.3180E-06   0.000    
  10281600.0   10.36317358   10.4037   0.000       0.000      0.4056E-03 -0.6337E-07  0.3943E-02 -0.3871E-01  0.3436E-01   0.000       0.000       0.000       0.4360E-06   0.000       0.000       0.000       0.000       0.000                           -0.6337E-07 -0.6337E-07   0.000    
  10368000.0   10.35589535   10.3928   0.000       0.000      0.3692E-03  0.6318E-06  0.3791E-02 -0.3775E-01  0.3358E-01   0.000       0.000       0.000      -0.4390E-05   0.000       0.000       0.000       0.000       0.000                            0.6318E-06  0.6318E-06   0.000    
  10454400.0   10.34713844   10.3807   0.000       0.000      0.3360E-03  0.7601E-06  0.3610E-02 -0.3666E-01  0.3270E-01   0.000       0.000       0.000      -0.5406E-05   0.000       0.000       0.000       0.000       0.000                            0.7601E-06  0.7601E-06   0.000    
  10540800.0   10.34760120   10.3824   0.000       0.000      0.3476E-03 -0.4017E-07  0.3609E-02 -0.3672E-01  0.3276E-01   0.000       0.000       0.000       0.2889E-06   0.000       0.000       0.000       0.000       0.000                           -0.4017E-07 -0.4017E-07   0.000    
  10627200.0   10.35154376   10.3883   0.000       0.000      0.3676E-03 -0.3422E-06  0.3682E-02 -0.3719E-01  0.3315E-01   0.000       0.000       0.000       0.2447E-05   0.000       0.000       0.000       0.000       0.000                           -0.3422E-06 -0.3422E-06   0.000    
  10713600.0   10.35112983   10.3875   0.000       0.000      0.3636E-03  0.3593E-07  0.3670E-02 -0.3712E-01  0.3308E-01   0.000       0.000       0.000      -0.2557E-06   0.000       0.000       0.000       0.000       0.000                            0.3593E-07  0.3593E-07   0.000    
  10800000.0   10.34646973   10.3808   0.000       0.000      0.3437E-03  0.4045E-06  0.3572E-02 -0.3653E-01  0.3261E-01   0.000       0.000       0.000      -0.2898E-05   0.000       0.000       0.000       0.000       0.000                            0.4045E-06  0.4045E-06   0.000    
  10886400.0   10.34001855   10.3721   0.000       0.000      0.3204E-03  0.5600E-06  0.3436E-02 -0.3572E-01  0.3196E-01   0.000       0.000       0.000      -0.4072E-05   0.000       0.000       0.000       0.000       0.000                            0.5600E-06  0.5600E-06   0.000    
  10972800.0   10.33298133   10.3629   0.000       0.000      0.2993E-03  0.6109E-06  0.3292E-02 -0.3488E-01  0.3129E-01   0.000       0.000       0.000      -0.4518E-05   0.000       0.000       0.000       0.000       0.000                            0.6109E-06  0.6109E-06   0.000    
  11059200.0   10.32538073   10.3532   0.000       0.000      0.2782E-03  0.6598E-06  0.3137E-02 -0.3398E-01  0.3056E-01   0.000       0.000       0.000      -0.4966E-05   0.000       0.000       0.000       0.000       0.000                            0.6598E-06  0.6598E-06   0.000    
  11145600.0   10.31832610   10.3445   0.000       0.000      0.2621E-03  0.6124E-06  0.2995E-02 -0.3317E-01  0.2990E-01   0.000       0.000       0.000      -0.4686E-05   0.000       0.000       0.000       0.000       0.000                            0.6124E-06  0.6124E-06   0.000    
  11232000.0   10.31196416   10.3370   0.000       0.000      0.2505E-03  0.5523E-06  0.2871E-02 -0.3246E-01  0.2933E-01   0.000       0.000       0.000      -0.4287E-05   0.000       0.000       0.000       0.000       0.000                            0.5523E-06  0.5523E-06   0.000    
  11318400.0   10.30621111   10.3303   0.000       0.000      0.2413E-03  0.4994E-06  0.2758E-02 -0.3183E-01  0.2882E-01   0.000       0.000       0.000      -0.3925E-05   0.000       0.000       0.000       0.000       0.000                            0.4994E-06  0.4994E-06   0.000    
  11404800.0   10.31108309   10.3389   0.000       0.000      0.2780E-03 -0.4229E-06  0.2857E-02 -0.3252E-01  0.2939E-01   0.000       0.000       0.000       0.3327E-05   0.000       0.000       0.000       0.000       0.000                           -0.4229E-06 -0.4229E-06   0.000    
  11491200.0   10.30469008   10.3301   0.000       0.000      0.2544E-03  0.5549E-06  0.2738E-02 -0.3178E-01  0.2878E-01   0.000       0.000       0.000      -0.4373E-05   0.000       0.000       0.000       0.000       0.000                            0.5549E-06  0.5549E-06   0.000    
  11577600.0   10.31813185   10.3505   0.000       0.000      0.3239E-03 -0.1167E-05  0.3000E-02 -0.3351E-01  0.3019E-01   0.000       0.000       0.000       0.9128E-05   0.000       0.000       0.000       0.000       0.000                           -0.1167E-05 -0.1167E-05   0.000    
  11664000.0   10.34929630   10.3941   0.000       0.000      0.4481E-03 -0.2705E-05  0.3613E-02 -0.3732E-01  0.3328E-01   0.000       0.000       0.000       0.2013E-04   0.000       0.000       0.000       0.000       0.000                           -0.2705E-05 -0.2705E-05   0.000    
  11750400.0   10.42081333   10.4913   0.000       0.000      0.7050E-03 -0.6208E-05  0.4958E-02 -0.4569E-01  0.4007E-01   0.000       0.000       0.000       0.3939E-04   0.000       0.000       0.000       0.000       0.000                           -0.6208E-05 -0.6208E-05   0.000    
  11836800.0   10.38975346   10.4391   0.000       0.000      0.4931E-03  0.2696E-05  0.4398E-02 -0.4171E-01  0.3680E-01   0.000       0.000       0.000      -0.1577E-04   0.000       0.000       0.000       0.000       0.000                            0.2696E-05  0.2696E-05   0.000    
  11923200.0   10.37069938   10.4108   0.000       0.000      0.4010E-03  0.1654E-05  0.3987E-02 -0.3927E-01  0.3487E-01   0.000       0.000       0.000      -0.1074E-04   0.000       0.000       0.000       0.000       0.000                            0.1654E-05  0.1654E-05   0.000    
  12009600.0   10.35749527   10.3924   0.000       0.000      0.3494E-03  0.1146E-05  0.3710E-02 -0.3761E-01  0.3354E-01   0.000       0.000       0.000      -0.7855E-05   0.000       0.000       0.000       0.000       0.000                            0.1146E-05  0.1146E-05   0.000    
  12096000.0   10.35553698   10.3907   0.000       0.000      0.3521E-03  0.1700E-06  0.3662E-02 -0.3737E-01  0.3336E-01   0.000       0.000       0.000      -0.1192E-05   0.000       0.000       0.000       0.000       0.000                            0.1700E-06  0.1700E-06   0.000    
  12182400.0   10.35221788   10.3866   0.000       0.000      0.3434E-03  0.2881E-06  0.3594E-02 -0.3697E-01  0.3303E-01   0.000       0.000       0.000      -0.2035E-05   0.000       0.000       0.000       0.000       0.000                            0.2881E-06  0.2881E-06   0.000    
  12268800.0   10.34630095   10.3787   0.000       0.000      0.3244E-03  0.5136E-06  0.3475E-02 -0.3626E-01  0.3245E-01   0.000       0.000       0.000      -0.3675E-05   0.000       0.000       0.000       0.000       0.000                            0.5136E-06  0.5136E-06   0.000    
  12355200.0   10.33941275   10.3698   0.000       0.000      0.3040E-03  0.5979E-06  0.3335E-02 -0.3543E-01  0.3179E-01   0.000       0.000       0.000      -0.4352E-05   0.000       0.000       0.000       0.000       0.000                            0.5979E-06  0.5979E-06   0.000    
  12441600.0   10.33543984   10.3653   0.000       0.000      0.2991E-03  0.3449E-06  0.3254E-02 -0.3499E-01  0.3143E-01   0.000       0.000       0.000      -0.2545E-05   0.000       0.000       0.000       0.000       0.000                            0.3449E-06  0.3449E-06   0.000    
  12528000.0   10.35707595   10.3973   0.000       0.000      0.4019E-03 -0.1878E-05  0.3675E-02 -0.3770E-01  0.3363E-01   0.000       0.000       0.000       0.1355E-04   0.000       0.000       0.000       0.000       0.000                           -0.1878E-05 -0.1878E-05   0.000    
  12614400.0   10.37747225   10.4245   0.000       0.000      0.4703E-03 -0.1771E-05  0.4074E-02 -0.4012E-01  0.3559E-01   0.000       0.000       0.000       0.1201E-04   0.000       0.000       0.000       0.000       0.000                           -0.1771E-05 -0.1771E-05   0.000    
  12700800.0   10.36857695   10.4091   0.000       0.000      0.4052E-03  0.7722E-06  0.3898E-02 -0.3891E-01  0.3460E-01   0.000       0.000       0.000      -0.5141E-05   0.000       0.000       0.000       0.000       0.000                            0.7722E-06  0.7722E-06   0.000    
  12787200.0   10.35956570   10.3959   0.000       0.000      0.3629E-03  0.7822E-06  0.3705E-02 -0.3776E-01  0.3368E-01   0.000       0.000       0.000      -0.5361E-05   0.000       0.000       0.000       0.000       0.000                            0.7822E-06  0.7822E-06   0.000    
  12873600.0   10.35043646   10.3833   0.000       0.000      0.3282E-03  0.7925E-06  0.3514E-02 -0.3662E-01  0.3277E-01   0.000       0.000       0.000      -0.5580E-05   0.000       0.000       0.000       0.000       0.000                            0.7925E-06  0.7925E-06   0.000    
  12960000.0   10.35376807   10.3890   0.000       0.000      0.3526E-03 -0.2892E-06  0.3572E-02 -0.3705E-01  0.3313E-01   0.000       0.000       0.000       0.2053E-05   0.000       0.000       0.000       0.000       0.000                           -0.2892E-06 -0.2892E-06   0.000    
  13046400.0   10.34988134   10.3835   0.000       0.000      0.3366E-03  0.3374E-06  0.3496E-02 -0.3657E-01  0.3274E-01   0.000       0.000       0.000      -0.2397E-05   0.000       0.000       0.000       0.000       0.000                            0.3374E-06  0.3374E-06   0.000    
  13132800.0   10.34447284   10.3764   0.000       0.000      0.3189E-03  0.4695E-06  0.3385E-02 -0.3593E-01  0.3222E-01   0.000       0.000       0.000      -0.3379E-05   0.000       0.000       0.000       0.000       0.000                            0.4695E-06  0.4695E-06   0.000    
  13219200.0   10.34149217   10.3729   0.000       0.000      0.3145E-03  0.2587E-06  0.3323E-02 -0.3559E-01  0.3195E-01   0.000       0.000       0.000      -0.1883E-05   0.000       0.000       0.000       0.000       0.000                            0.2587E-06  0.2587E-06   0.000    
  13305600.0   10.33667703   10.3668   0.000       0.000      0.3010E-03  0.4180E-06  0.3225E-02 -0.3502E-01  0.3149E-01   0.000       0.000       0.000      -0.3072E-05   0.000       0.000       0.000       0.000       0.000                            0.4180E-06  0.4180E-06   0.000    
  13392000.0   10.34759112   10.3833   0.000       0.000      0.3575E-03 -0.9474E-06  0.3437E-02 -0.3642E-01  0.3263E-01   0.000       0.000       0.000       0.6908E-05   0.000       0.000       0.000       0.000       0.000                           -0.9474E-06 -0.9474E-06   0.000    
  13478400.0   10.35389282   10.3916   0.000       0.000      0.3775E-03 -0.5470E-06  0.3563E-02 -0.3718E-01  0.3324E-01   0.000       0.000       0.000       0.3898E-05   0.000       0.000       0.000       0.000       0.000                           -0.5470E-06 -0.5470E-06   0.000    
  13564800.0   10.35039998   10.3858   0.000       0.000      0.3543E-03  0.3032E-06  0.3491E-02 -0.3671E-01  0.3287E-01   0.000       0.000       0.000      -0.2152E-05   0.000       0.000       0.000       0.000       0.000                            0.3032E-06  0.3032E-06   0.000    
  13651200.0   10.34576660   10.3792   0.000       0.000      0.3344E-03  0.4022E-06  0.3392E-02 -0.3614E-01  0.3241E-01   0.000       0.000       0.000      -0.2887E-05   0.000       0.000       0.000       0.000       0.000                            0.4022E-06  0.4022E-06   0.000    
  13737600.0   10.34032549   10.3718   0.000       0.000      0.3150E-03  0.4723E-06  0.3279E-02 -0.3547E-01  0.3187E-01   0.000       0.000       0.000      -0.3436E-05   0.000       0.000       0.000       0.000       0.000                            0.4723E-06  0.4723E-06   0.000    
  13824000.0   10.36080253   10.4018   0.000       0.000      0.4099E-03 -0.1778E-05  0.3675E-02 -0.3802E-01  0.3395E-01   0.000       0.000       0.000       0.1267E-04   0.000       0.000       0.000       0.000       0.000                           -0.1778E-05 -0.1778E-05   0.000    
  13910400.0   10.38606530   10.4357   0.000       0.000      0.4967E-03 -0.2193E-05  0.4164E-02 -0.4101E-01  0.3637E-01   0.000       0.000       0.000       0.1457E-04   0.000       0.000       0.000       0.000       0.000                           -0.2193E-05 -0.2193E-05   0.000    
  13996800.0   10.37905021   10.4224   0.000       0.000      0.4340E-03  0.6089E-06  0.4028E-02 -0.4002E-01  0.3556E-01   0.000       0.000       0.000      -0.3921E-05   0.000       0.000       0.000       0.000       0.000                            0.6089E-06  0.6089E-06   0.000    
  14083200.0   10.36935136   10.4077   0.000       0.000      0.3840E-03  0.8419E-06  0.3822E-02 -0.3877E-01  0.3456E-01   0.000       0.000       0.000      -0.5584E-05   0.000       0.000       0.000       0.000       0.000                            0.8419E-06  0.8419E-06   0.000    
  14169600.0   10.37504923   10.4160   0.000       0.000      0.4093E-03 -0.4946E-06  0.3917E-02 -0.3943E-01  0.3510E-01   0.000       0.000       0.000       0.3303E-05   0.000       0.000       0.000       0.000       0.000                           -0.4946E-06 -0.4946E-06   0.000    
  14256000.0   10.37867027   10.4204   0.000       0.000      0.4169E-03 -0.3143E-06  0.3982E-02 -0.3981E-01  0.3542E-01   0.000       0.000       0.000       0.2066E-05   0.000       0.000       0.000       0.000       0.000                           -0.3143E-06 -0.3143E-06   0.000    
  14342400.0   10.40343830   10.4545   0.000       0.000      0.5110E-03 -0.2150E-05  0.4444E-02 -0.4273E-01  0.3779E-01   0.000       0.000       0.000       0.1339E-04   0.000       0.000       0.000       0.000       0.000                           -0.2150E-05 -0.2150E-05   0.000    
  14428800.0   10.46931948   10.5424   0.000       0.000      0.7307E-03 -0.5719E-05  0.5585E-02 -0.4994E-01  0.4365E-01   0.000       0.000       0.000       0.2754E-04   0.000       0.000       0.000       0.000       0.000                           -0.5719E-05 -0.5719E-05   0.000    
  14515200.0   10.45026544   10.5092   0.000       0.000      0.5889E-03  0.1654E-05  0.5286E-02 -0.4759E-01  0.4170E-01   0.000       0.000       0.000      -0.6482E-05   0.000       0.000       0.000       0.000       0.000                            0.1654E-05  0.1654E-05   0.000    
  14601600.0   10.45266370   10.5101   0.000       0.000      0.5741E-03 -0.2082E-06  0.5285E-02 -0.4766E-01  0.4180E-01   0.000       0.000       0.000       0.8947E-06   0.000       0.000       0.000       0.000       0.000                           -0.2082E-06 -0.2082E-06   0.000    
  14688000.0   10.47001075   10.5315   0.000       0.000      0.6145E-03 -0.1506E-05  0.5545E-02 -0.4933E-01  0.4317E-01   0.000       0.000       0.000       0.5793E-05   0.000       0.000       0.000       0.000       0.000                           -0.1506E-05 -0.1506E-05   0.000    
  14774400.0   10.46974119   10.5282   0.000       0.000      0.5841E-03  0.2340E-07  0.5529E-02 -0.4910E-01  0.4299E-01   0.000       0.000       0.000      -0.7999E-07   0.000       0.000       0.000       0.000       0.000                            0.2340E-07  0.2340E-07   0.000    
  14860800.0   10.45778113   10.5101   0.000       0.000      0.5228E-03  0.1038E-05  0.5313E-02 -0.4768E-01  0.4184E-01   0.000       0.000       0.000      -0.3876E-05   0.000       0.000       0.000       0.000       0.000                            0.1038E-05  0.1038E-05   0.000    
  14947200.0   10.44770279   10.4958   0.000       0.000      0.4813E-03  0.8749E-06  0.5115E-02 -0.4648E-01  0.4088E-01   0.000       0.000       0.000      -0.3711E-05   0.000       0.000       0.000       0.000       0.000                            0.8749E-06  0.8749E-06   0.000    
  15033600.0   10.43625311   10.4802   0.000       0.000      0.4397E-03  0.9939E-06  0.4888E-02 -0.4510E-01  0.3977E-01   0.000       0.000       0.000      -0.4645E-05   0.000       0.000       0.000       0.000       0.000                            0.9939E-06  0.9939E-06   0.000    
  15120000.0   10.42497335   10.4655   0.000       0.000      0.4051E-03  0.9791E-06  0.4666E-02 -0.4379E-01  0.3871E-01   0.000       0.000       0.000      -0.4975E-05   0.000       0.000       0.000       0.000       0.000                            0.9791E-06  0.9791E-06   0.000    
  15206400.0   10.41358891   10.4509   0.000       0.000      0.3730E-03  0.9882E-06  0.4437E-02 -0.4245E-01  0.3763E-01   0.000       0.000       0.000      -0.5383E-05   0.000       0.000       0.000       0.000       0.000                            0.9882E-06  0.9882E-06   0.000    
  15292800.0   10.40247145   10.4370   0.000       0.000      0.3456E-03  0.9651E-06  0.4216E-02 -0.4117E-01  0.3660E-01   0.000       0.000       0.000      -0.5577E-05   0.000       0.000       0.000       0.000       0.000                            0.9651E-06  0.9651E-06   0.000    
  15379200.0   10.42351852   10.4686   0.000       0.000      0.4504E-03 -0.1827E-05  0.4595E-02 -0.4372E-01  0.3868E-01   0.000       0.000       0.000       0.1029E-04   0.000       0.000       0.000       0.000       0.000                           -0.1827E-05 -0.1827E-05   0.000    
  15465600.0   10.43025763   10.4770   0.000       0.000      0.4671E-03 -0.5850E-06  0.4718E-02 -0.4445E-01  0.3927E-01   0.000       0.000       0.000       0.3045E-05   0.000       0.000       0.000       0.000       0.000                           -0.5850E-06 -0.5850E-06   0.000    
  15552000.0   10.42107544   10.4633   0.000       0.000      0.4222E-03  0.7971E-06  0.4539E-02 -0.4332E-01  0.3836E-01   0.000       0.000       0.000      -0.4181E-05   0.000       0.000       0.000       0.000       0.000                            0.7971E-06  0.7971E-06   0.000    
  15638400.0   10.40888923   10.4466   0.000       0.000      0.3771E-03  0.1058E-05  0.4293E-02 -0.4187E-01  0.3719E-01   0.000       0.000       0.000      -0.5899E-05   0.000       0.000       0.000       0.000       0.000                            0.1058E-05  0.1058E-05   0.000    
  15724800.0   10.39824444   10.4329   0.000       0.000      0.3462E-03  0.9240E-06  0.4076E-02 -0.4062E-01  0.3619E-01   0.000       0.000       0.000      -0.5454E-05   0.000       0.000       0.000       0.000       0.000                            0.9240E-06  0.9240E-06   0.000    
  15811200.0   10.38889463   10.4213   0.000       0.000      0.3240E-03  0.8116E-06  0.3887E-02 -0.3954E-01  0.3533E-01   0.000       0.000       0.000      -0.5005E-05   0.000       0.000       0.000       0.000       0.000                            0.8116E-06  0.8116E-06   0.000    
  15897600.0   10.38073964   10.4116   0.000       0.000      0.3082E-03  0.7079E-06  0.3723E-02 -0.3863E-01  0.3459E-01   0.000       0.000       0.000      -0.4520E-05   0.000       0.000       0.000       0.000       0.000                            0.7079E-06  0.7079E-06   0.000    
  15984000.0   10.37630069   10.4071   0.000       0.000      0.3083E-03  0.3853E-06  0.3632E-02 -0.3817E-01  0.3423E-01   0.000       0.000       0.000      -0.2518E-05   0.000       0.000       0.000       0.000       0.000                            0.3853E-06  0.3853E-06   0.000    
  16070400.0   10.36910013   10.3985   0.000       0.000      0.2938E-03  0.6250E-06  0.3492E-02 -0.3739E-01  0.3360E-01   0.000       0.000       0.000      -0.4166E-05   0.000       0.000       0.000       0.000       0.000                            0.6250E-06  0.6250E-06   0.000    
  16156800.0   10.36258779   10.3909   0.000       0.000      0.2832E-03  0.5653E-06  0.3361E-02 -0.3667E-01  0.3302E-01   0.000       0.000       0.000      -0.3853E-05   0.000       0.000       0.000       0.000       0.000                            0.5653E-06  0.5653E-06   0.000    
  16243200.0   10.35630881   10.3837   0.000       0.000      0.2741E-03  0.5451E-06  0.3239E-02 -0.3601E-01  0.3249E-01   0.000       0.000       0.000      -0.3789E-05   0.000       0.000       0.000       0.000       0.000                            0.5451E-06  0.5451E-06   0.000    
  16329600.0   10.35051110   10.3772   0.000       0.000      0.2665E-03  0.5033E-06  0.3126E-02 -0.3539E-01  0.3200E-01   0.000       0.000       0.000      -0.3560E-05   0.000       0.000       0.000       0.000       0.000                            0.5033E-06  0.5033E-06   0.000    
  16416000.0   10.34499143   10.3710   0.000       0.000      0.2600E-03  0.4791E-06  0.3020E-02 -0.3483E-01  0.3154E-01   0.000       0.000       0.000      -0.3443E-05   0.000       0.000       0.000       0.000       0.000                            0.4791E-06  0.4791E-06   0.000    
  16502400.0   10.33980589   10.3652   0.000       0.000      0.2542E-03  0.4501E-06  0.2921E-02 -0.3430E-01  0.3112E-01   0.000       0.000       0.000      -0.3280E-05   0.000       0.000       0.000       0.000       0.000                            0.4501E-06  0.4501E-06   0.000    
  16588800.0   10.33488128   10.3598   0.000       0.000      0.2492E-03  0.4275E-06  0.2830E-02 -0.3380E-01  0.3072E-01   0.000       0.000       0.000      -0.3155E-05   0.000       0.000       0.000       0.000       0.000                            0.4275E-06  0.4275E-06   0.000    
  16675200.0   10.33021652   10.3547   0.000       0.000      0.2448E-03  0.4049E-06  0.2743E-02 -0.3334E-01  0.3035E-01   0.000       0.000       0.000      -0.3024E-05   0.000       0.000       0.000       0.000       0.000                            0.4049E-06  0.4049E-06   0.000    
  16761600.0   10.32738672   10.3522   0.000       0.000      0.2477E-03  0.2456E-06  0.2694E-02 -0.3311E-01  0.3017E-01   0.000       0.000       0.000      -0.1851E-05   0.000       0.000       0.000       0.000       0.000                            0.2456E-06  0.2456E-06   0.000    
  16848000.0   10.32572767   10.3511   0.000       0.000      0.2536E-03  0.1440E-06  0.2670E-02 -0.3302E-01  0.3009E-01   0.000       0.000       0.000      -0.1091E-05   0.000       0.000       0.000       0.000       0.000                            0.1440E-06  0.1440E-06   0.000    
  16934400.0   10.32942636   10.3574   0.000       0.000      0.2802E-03 -0.3211E-06  0.2751E-02 -0.3358E-01  0.3056E-01   0.000       0.000       0.000       0.2426E-05   0.000       0.000       0.000       0.000       0.000                           -0.3211E-06 -0.3211E-06   0.000    
  17020800.0   10.32895031   10.3571   0.000       0.000      0.2814E-03  0.4132E-07  0.2751E-02 -0.3360E-01  0.3056E-01   0.000       0.000       0.000      -0.3110E-06   0.000       0.000       0.000       0.000       0.000                            0.4132E-07  0.4132E-07   0.000    
  17107200.0   10.32325679   10.3494   0.000       0.000      0.2611E-03  0.4942E-06  0.2643E-02 -0.3295E-01  0.3004E-01   0.000       0.000       0.000      -0.3746E-05   0.000       0.000       0.000       0.000       0.000                            0.4942E-06  0.4942E-06   0.000    
  17193600.0   10.31863469   10.3437   0.000       0.000      0.2508E-03  0.4012E-06  0.2556E-02 -0.3246E-01  0.2965E-01   0.000       0.000       0.000      -0.3077E-05   0.000       0.000       0.000       0.000       0.000                            0.4012E-06  0.4012E-06   0.000    
  17280000.0   10.31416540   10.3384   0.000       0.000      0.2425E-03  0.3880E-06  0.2476E-02 -0.3200E-01  0.2928E-01   0.000       0.000       0.000      -0.3004E-05   0.000       0.000       0.000       0.000       0.000                            0.3880E-06  0.3880E-06   0.000    
  17366400.0   10.30997575   10.3335   0.000       0.000      0.2356E-03  0.3637E-06  0.2400E-02 -0.3157E-01  0.2893E-01   0.000       0.000       0.000      -0.2841E-05   0.000       0.000       0.000       0.000       0.000                            0.3637E-06  0.3637E-06   0.000    
  17452800.0   10.30600012   10.3290   0.000       0.000      0.2304E-03  0.3451E-06  0.2332E-02 -0.3118E-01  0.2862E-01   0.000       0.000       0.000      -0.2719E-05   0.000       0.000       0.000       0.000       0.000                            0.3451E-06  0.3451E-06   0.000    
  17539200.0   10.30229643   10.3249   0.000       0.000      0.2261E-03  0.3215E-06  0.2269E-02 -0.3082E-01  0.2832E-01   0.000       0.000       0.000      -0.2552E-05   0.000       0.000       0.000       0.000       0.000                            0.3215E-06  0.3215E-06   0.000    
  17625600.0   10.29874707   10.3210   0.000       0.000      0.2225E-03  0.3081E-06  0.2210E-02 -0.3049E-01  0.2805E-01   0.000       0.000       0.000      -0.2462E-05   0.000       0.000       0.000       0.000       0.000                            0.3081E-06  0.3081E-06   0.000    
  17712000.0   10.29776203   10.3207   0.000       0.000      0.2298E-03  0.8551E-07  0.2202E-02 -0.3047E-01  0.2804E-01   0.000       0.000       0.000      -0.6863E-06   0.000       0.000       0.000       0.000       0.000                            0.8551E-07  0.8551E-07   0.000    
  17798400.0   10.29435330   10.3167   0.000       0.000      0.2234E-03  0.2959E-06  0.2147E-02 -0.3014E-01  0.2776E-01   0.000       0.000       0.000      -0.2384E-05   0.000       0.000       0.000       0.000       0.000                            0.2959E-06  0.2959E-06   0.000    
  17884800.0   10.29085792   10.3127   0.000       0.000      0.2184E-03  0.3034E-06  0.2090E-02 -0.2980E-01  0.2749E-01   0.000       0.000       0.000      -0.2460E-05   0.000       0.000       0.000       0.000       0.000                            0.3034E-06  0.3034E-06   0.000    
  17971200.0   10.28768553   10.3092   0.000       0.000      0.2147E-03  0.2754E-06  0.2039E-02 -0.2950E-01  0.2724E-01   0.000       0.000       0.000      -0.2246E-05   0.000       0.000       0.000       0.000       0.000                            0.2754E-06  0.2754E-06   0.000    
  18057600.0   10.28464724   10.3058   0.000       0.000      0.2120E-03  0.2637E-06  0.1992E-02 -0.2922E-01  0.2702E-01   0.000       0.000       0.000      -0.2163E-05   0.000       0.000       0.000       0.000       0.000                            0.2637E-06  0.2637E-06   0.000    
  18144000.0   10.28177112   10.3027   0.000       0.000      0.2094E-03  0.2497E-06  0.1948E-02 -0.2896E-01  0.2680E-01   0.000       0.000       0.000      -0.2058E-05   0.000       0.000       0.000       0.000       0.000                            0.2497E-06  0.2497E-06   0.000    
  18230400.0   10.27897086   10.2997   0.000       0.000      0.2073E-03  0.2431E-06  0.1907E-02 -0.2871E-01  0.2660E-01   0.000       0.000       0.000      -0.2013E-05   0.000       0.000       0.000       0.000       0.000                            0.2431E-06  0.2431E-06   0.000    
  18316800.0   10.27628813   10.2968   0.000       0.000      0.2052E-03  0.2329E-06  0.1868E-02 -0.2847E-01  0.2640E-01   0.000       0.000       0.000      -0.1937E-05   0.000       0.000       0.000       0.000       0.000                            0.2329E-06  0.2329E-06   0.000    
  18403200.0   10.27367055   10.2940   0.000       0.000      0.2033E-03  0.2272E-06  0.1831E-02 -0.2824E-01  0.2621E-01   0.000       0.000       0.000      -0.1898E-05   0.000       0.000       0.000       0.000       0.000                            0.2272E-06  0.2272E-06   0.000    
  18489600.0   10.27113439   10.2913   0.000       0.000      0.2015E-03  0.2202E-06  0.1795E-02 -0.2802E-01  0.2602E-01   0.000       0.000       0.000      -0.1846E-05   0.000       0.000       0.000       0.000       0.000                            0.2202E-06  0.2202E-06   0.000    
  18576000.0   10.26867224   10.2886   0.000       0.000      0.1997E-03  0.2137E-06  0.1761E-02 -0.2781E-01  0.2584E-01   0.000       0.000       0.000      -0.1799E-05   0.000       0.000       0.000       0.000       0.000                            0.2137E-06  0.2137E-06   0.000    
  18662400.0   10.26625179   10.2861   0.000       0.000      0.1981E-03  0.2101E-06  0.1729E-02 -0.2760E-01  0.2567E-01   0.000       0.000       0.000      -0.1775E-05   0.000       0.000       0.000       0.000       0.000                            0.2101E-06  0.2101E-06   0.000    
  18748800.0   10.26393166   10.2836   0.000       0.000      0.1965E-03  0.2014E-06  0.1697E-02 -0.2740E-01  0.2550E-01   0.000       0.000       0.000      -0.1708E-05   0.000       0.000       0.000       0.000       0.000                            0.2014E-06  0.2014E-06   0.000    
  18835200.0   10.26652319   10.2881   0.000       0.000      0.2161E-03 -0.2250E-06  0.1762E-02 -0.2780E-01  0.2582E-01   0.000       0.000       0.000       0.1907E-05   0.000       0.000       0.000       0.000       0.000                           -0.2250E-06 -0.2250E-06   0.000    
  18921600.0   10.26426884   10.2852   0.000       0.000      0.2089E-03  0.1957E-06  0.1735E-02 -0.2759E-01  0.2564E-01   0.000       0.000       0.000      -0.1658E-05   0.000       0.000       0.000       0.000       0.000                            0.1957E-06  0.1957E-06   0.000    
  19008000.0   10.26115725   10.2813   0.000       0.000      0.2011E-03  0.2701E-06  0.1687E-02 -0.2727E-01  0.2538E-01   0.000       0.000       0.000      -0.2298E-05   0.000       0.000       0.000       0.000       0.000                            0.2701E-06  0.2701E-06   0.000    
  19094400.0   10.25846595   10.2781   0.000       0.000      0.1968E-03  0.2336E-06  0.1648E-02 -0.2702E-01  0.2517E-01   0.000       0.000       0.000      -0.1996E-05   0.000       0.000       0.000       0.000       0.000                            0.2336E-06  0.2336E-06   0.000    
  19180800.0   10.25601973   10.2754   0.000       0.000      0.1938E-03  0.2123E-06  0.1615E-02 -0.2679E-01  0.2498E-01   0.000       0.000       0.000      -0.1821E-05   0.000       0.000       0.000       0.000       0.000                            0.2123E-06  0.2123E-06   0.000    
  19267200.0   10.25382419   10.2730   0.000       0.000      0.1920E-03  0.1906E-06  0.1587E-02 -0.2660E-01  0.2482E-01   0.000       0.000       0.000      -0.1640E-05   0.000       0.000       0.000       0.000       0.000                            0.1906E-06  0.1906E-06   0.000    
  19353600.0   10.25158838   10.2706   0.000       0.000      0.1899E-03  0.1941E-06  0.1559E-02 -0.2640E-01  0.2465E-01   0.000       0.000       0.000      -0.1675E-05   0.000       0.000       0.000       0.000       0.000                            0.1941E-06  0.1941E-06   0.000    
  19440000.0   10.24944641   10.2683   0.000       0.000      0.1881E-03  0.1859E-06  0.1533E-02 -0.2621E-01  0.2449E-01   0.000       0.000       0.000      -0.1609E-05   0.000       0.000       0.000       0.000       0.000                            0.1859E-06  0.1859E-06   0.000    
  19526400.0   10.24735326   10.2660   0.000       0.000      0.1865E-03  0.1817E-06  0.1508E-02 -0.2604E-01  0.2434E-01   0.000       0.000       0.000      -0.1577E-05   0.000       0.000       0.000       0.000       0.000                            0.1817E-06  0.1817E-06   0.000    
  19612800.0   10.24535052   10.2638   0.000       0.000      0.1850E-03  0.1738E-06  0.1484E-02 -0.2586E-01  0.2419E-01   0.000       0.000       0.000      -0.1513E-05   0.000       0.000       0.000       0.000       0.000                            0.1738E-06  0.1738E-06   0.000    
  19699200.0   10.24336945   10.2617   0.000       0.000      0.1836E-03  0.1720E-06  0.1462E-02 -0.2570E-01  0.2405E-01   0.000       0.000       0.000      -0.1500E-05   0.000       0.000       0.000       0.000       0.000                            0.1720E-06  0.1720E-06   0.000    
  19785600.0   10.24145972   10.2597   0.000       0.000      0.1823E-03  0.1658E-06  0.1440E-02 -0.2553E-01  0.2391E-01   0.000       0.000       0.000      -0.1450E-05   0.000       0.000       0.000       0.000       0.000                            0.1658E-06  0.1658E-06   0.000    
  19872000.0   10.23956755   10.2577   0.000       0.000      0.1810E-03  0.1643E-06  0.1420E-02 -0.2537E-01  0.2377E-01   0.000       0.000       0.000      -0.1440E-05   0.000       0.000       0.000       0.000       0.000                            0.1643E-06  0.1643E-06   0.000    
  19958400.0   10.24240617   10.2624   0.000       0.000      0.1998E-03 -0.2464E-06  0.1489E-02 -0.2578E-01  0.2409E-01   0.000       0.000       0.000       0.2159E-05   0.000       0.000       0.000       0.000       0.000                           -0.2464E-06 -0.2464E-06   0.000    
  20044800.0   10.24646391   10.2683   0.000       0.000      0.2184E-03 -0.3522E-06  0.1583E-02 -0.2632E-01  0.2452E-01   0.000       0.000       0.000       0.3073E-05   0.000       0.000       0.000       0.000       0.000                           -0.3522E-06 -0.3522E-06   0.000    
  20131200.0   10.24243178   10.2623   0.000       0.000      0.1986E-03  0.3500E-06  0.1521E-02 -0.2586E-01  0.2413E-01   0.000       0.000       0.000      -0.3053E-05   0.000       0.000       0.000       0.000       0.000                            0.3500E-06  0.3500E-06   0.000    
  20217600.0   10.24086080   10.2605   0.000       0.000      0.1966E-03  0.1364E-06  0.1502E-02 -0.2571E-01  0.2401E-01   0.000       0.000       0.000      -0.1194E-05   0.000       0.000       0.000       0.000       0.000                            0.1364E-06  0.1364E-06   0.000    
  20304000.0   10.23902238   10.2583   0.000       0.000      0.1929E-03  0.1596E-06  0.1481E-02 -0.2554E-01  0.2386E-01   0.000       0.000       0.000      -0.1400E-05   0.000       0.000       0.000       0.000       0.000                            0.1596E-06  0.1596E-06   0.000    
  20390400.0   10.23637192   10.2550   0.000       0.000      0.1863E-03  0.2301E-06  0.1444E-02 -0.2527E-01  0.2363E-01   0.000       0.000       0.000      -0.2024E-05   0.000       0.000       0.000       0.000       0.000                            0.2301E-06  0.2301E-06   0.000    
  20476800.0   10.23402774   10.2523   0.000       0.000      0.1824E-03  0.2035E-06  0.1414E-02 -0.2504E-01  0.2344E-01   0.000       0.000       0.000      -0.1796E-05   0.000       0.000       0.000       0.000       0.000                            0.2035E-06  0.2035E-06   0.000    
  20563200.0   10.23188111   10.2498   0.000       0.000      0.1796E-03  0.1863E-06  0.1388E-02 -0.2484E-01  0.2327E-01   0.000       0.000       0.000      -0.1649E-05   0.000       0.000       0.000       0.000       0.000                            0.1863E-06  0.1863E-06   0.000    
  20649600.0   10.22985255   10.2476   0.000       0.000      0.1774E-03  0.1761E-06  0.1364E-02 -0.2466E-01  0.2311E-01   0.000       0.000       0.000      -0.1562E-05   0.000       0.000       0.000       0.000       0.000                            0.1761E-06  0.1761E-06   0.000    
  20736000.0   10.22792947   10.2455   0.000       0.000      0.1755E-03  0.1669E-06  0.1343E-02 -0.2448E-01  0.2296E-01   0.000       0.000       0.000      -0.1484E-05   0.000       0.000       0.000       0.000       0.000                            0.1669E-06  0.1669E-06   0.000    
  20822400.0   10.22606727   10.2435   0.000       0.000      0.1739E-03  0.1616E-06  0.1323E-02 -0.2432E-01  0.2282E-01   0.000       0.000       0.000      -0.1440E-05   0.000       0.000       0.000       0.000       0.000                            0.1616E-06  0.1616E-06   0.000    
  20908800.0   10.22428081   10.2415   0.000       0.000      0.1724E-03  0.1551E-06  0.1304E-02 -0.2416E-01  0.2268E-01   0.000       0.000       0.000      -0.1385E-05   0.000       0.000       0.000       0.000       0.000                            0.1551E-06  0.1551E-06   0.000    
  20995200.0   10.22253245   10.2396   0.000       0.000      0.1711E-03  0.1518E-06  0.1286E-02 -0.2401E-01  0.2255E-01   0.000       0.000       0.000      -0.1358E-05   0.000       0.000       0.000       0.000       0.000                            0.1518E-06  0.1518E-06   0.000    
  21081600.0   10.22084608   10.2378   0.000       0.000      0.1698E-03  0.1464E-06  0.1270E-02 -0.2386E-01  0.2242E-01   0.000       0.000       0.000      -0.1312E-05   0.000       0.000       0.000       0.000       0.000                            0.1464E-06  0.1464E-06   0.000    
  21168000.0   10.21918428   10.2361   0.000       0.000      0.1687E-03  0.1443E-06  0.1254E-02 -0.2372E-01  0.2230E-01   0.000       0.000       0.000      -0.1295E-05   0.000       0.000       0.000       0.000       0.000                            0.1443E-06  0.1443E-06   0.000    
  21254400.0   10.21757582   10.2343   0.000       0.000      0.1675E-03  0.1396E-06  0.1239E-02 -0.2358E-01  0.2217E-01   0.000       0.000       0.000      -0.1256E-05   0.000       0.000       0.000       0.000       0.000                            0.1396E-06  0.1396E-06   0.000    
  21340800.0   10.21599145   10.2326   0.000       0.000      0.1665E-03  0.1375E-06  0.1224E-02 -0.2345E-01  0.2206E-01   0.000       0.000       0.000      -0.1239E-05   0.000       0.000       0.000       0.000       0.000                            0.1375E-06  0.1375E-06   0.000    
  21427200.0   10.21443448   10.2310   0.000       0.000      0.1655E-03  0.1352E-06  0.1210E-02 -0.2332E-01  0.2194E-01   0.000       0.000       0.000      -0.1220E-05   0.000       0.000       0.000       0.000       0.000                            0.1352E-06  0.1352E-06   0.000    
  21513600.0   10.21360664   10.2303   0.000       0.000      0.1674E-03  0.7186E-07  0.1210E-02 -0.2327E-01  0.2189E-01   0.000       0.000       0.000      -0.6494E-06   0.000       0.000       0.000       0.000       0.000                            0.7186E-07  0.7186E-07   0.000    
  21600000.0   10.21954598   10.2392   0.000       0.000      0.1970E-03 -0.5156E-06  0.1336E-02 -0.2402E-01  0.2249E-01   0.000       0.000       0.000       0.4647E-05   0.000       0.000       0.000       0.000       0.000                           -0.5156E-06 -0.5156E-06   0.000    
  21686400.0   10.21622106   10.2342   0.000       0.000      0.1794E-03  0.2886E-06  0.1291E-02 -0.2364E-01  0.2217E-01   0.000       0.000       0.000      -0.2598E-05   0.000       0.000       0.000       0.000       0.000                            0.2886E-06  0.2886E-06   0.000    
  21772800.0   10.21366206   10.2309   0.000       0.000      0.1723E-03  0.2221E-06  0.1254E-02 -0.2337E-01  0.2195E-01   0.000       0.000       0.000      -0.2006E-05   0.000       0.000       0.000       0.000       0.000                            0.2221E-06  0.2221E-06   0.000    
  21859200.0   10.21156330   10.2284   0.000       0.000      0.1682E-03  0.1822E-06  0.1229E-02 -0.2317E-01  0.2177E-01   0.000       0.000       0.000      -0.1649E-05   0.000       0.000       0.000       0.000       0.000                            0.1822E-06  0.1822E-06   0.000    
  21945600.0   10.20969008   10.2262   0.000       0.000      0.1655E-03  0.1626E-06  0.1209E-02 -0.2299E-01  0.2162E-01   0.000       0.000       0.000      -0.1475E-05   0.000       0.000       0.000       0.000       0.000                            0.1626E-06  0.1626E-06   0.000    
  22032000.0   10.20796929   10.2243   0.000       0.000      0.1634E-03  0.1494E-06  0.1191E-02 -0.2284E-01  0.2148E-01   0.000       0.000       0.000      -0.1357E-05   0.000       0.000       0.000       0.000       0.000                            0.1494E-06  0.1494E-06   0.000    
  22118400.0   10.20633746   10.2225   0.000       0.000      0.1618E-03  0.1417E-06  0.1176E-02 -0.2269E-01  0.2135E-01   0.000       0.000       0.000      -0.1289E-05   0.000       0.000       0.000       0.000       0.000                            0.1417E-06  0.1417E-06   0.000    
  22204800.0   10.20476492   10.2208   0.000       0.000      0.1605E-03  0.1365E-06  0.1161E-02 -0.2255E-01  0.2123E-01   0.000       0.000       0.000      -0.1244E-05   0.000       0.000       0.000       0.000       0.000                            0.1365E-06  0.1365E-06   0.000    
  22291200.0   10.20325415   10.2192   0.000       0.000      0.1592E-03  0.1311E-06  0.1148E-02 -0.2242E-01  0.2111E-01   0.000       0.000       0.000      -0.1197E-05   0.000       0.000       0.000       0.000       0.000                            0.1311E-06  0.1311E-06   0.000    
  22377600.0   10.20178244   10.2176   0.000       0.000      0.1581E-03  0.1278E-06  0.1136E-02 -0.2229E-01  0.2100E-01   0.000       0.000       0.000      -0.1168E-05   0.000       0.000       0.000       0.000       0.000                            0.1278E-06  0.1278E-06   0.000    
  22464000.0   10.20878825   10.2280   0.000       0.000      0.1924E-03 -0.6081E-06  0.1280E-02 -0.2315E-01  0.2169E-01   0.000       0.000       0.000       0.5545E-05   0.000       0.000       0.000       0.000       0.000                           -0.6081E-06 -0.6081E-06   0.000    
  22550400.0   10.20651060   10.2243   0.000       0.000      0.1780E-03  0.1977E-06  0.1255E-02 -0.2290E-01  0.2146E-01   0.000       0.000       0.000      -0.1799E-05   0.000       0.000       0.000       0.000       0.000                            0.1977E-06  0.1977E-06   0.000    
  22636800.0   10.20597610   10.2238   0.000       0.000      0.1778E-03  0.4640E-07  0.1256E-02 -0.2286E-01  0.2142E-01   0.000       0.000       0.000      -0.4227E-06   0.000       0.000       0.000       0.000       0.000                            0.4640E-07  0.4640E-07   0.000    
  22723200.0   10.22800971   10.2552   0.000       0.000      0.2718E-03 -0.1913E-05  0.1678E-02 -0.2546E-01  0.2353E-01   0.000       0.000       0.000       0.1723E-04   0.000       0.000       0.000       0.000       0.000                           -0.1913E-05 -0.1913E-05   0.000    
  22809600.0   10.22530898   10.2490   0.000       0.000      0.2366E-03  0.2344E-06  0.1648E-02 -0.2508E-01  0.2319E-01   0.000       0.000       0.000      -0.2090E-05   0.000       0.000       0.000       0.000       0.000                            0.2344E-06  0.2344E-06   0.000    
  22896000.0   10.22271717   10.2447   0.000       0.000      0.2201E-03  0.2250E-06  0.1603E-02 -0.2475E-01  0.2293E-01   0.000       0.000       0.000      -0.2011E-05   0.000       0.000       0.000       0.000       0.000                            0.2250E-06  0.2250E-06   0.000    
  22982400.0   10.22048069   10.2414   0.000       0.000      0.2091E-03  0.1941E-06  0.1569E-02 -0.2448E-01  0.2270E-01   0.000       0.000       0.000      -0.1740E-05   0.000       0.000       0.000       0.000       0.000                            0.1941E-06  0.1941E-06   0.000    
  23068800.0   10.21839939   10.2385   0.000       0.000      0.2011E-03  0.1807E-06  0.1540E-02 -0.2424E-01  0.2250E-01   0.000       0.000       0.000      -0.1623E-05   0.000       0.000       0.000       0.000       0.000                            0.1807E-06  0.1807E-06   0.000    
  23155200.0   10.21603220   10.2354   0.000       0.000      0.1932E-03  0.2055E-06  0.1507E-02 -0.2398E-01  0.2228E-01   0.000       0.000       0.000      -0.1851E-05   0.000       0.000       0.000       0.000       0.000                            0.2055E-06  0.2055E-06   0.000    
  23241600.0   10.21365106   10.2323   0.000       0.000      0.1867E-03  0.2067E-06  0.1473E-02 -0.2372E-01  0.2206E-01   0.000       0.000       0.000      -0.1866E-05   0.000       0.000       0.000       0.000       0.000                            0.2067E-06  0.2067E-06   0.000    
  23328000.0   10.21120667   10.2293   0.000       0.000      0.1808E-03  0.2122E-06  0.1439E-02 -0.2346E-01  0.2184E-01   0.000       0.000       0.000      -0.1921E-05   0.000       0.000       0.000       0.000       0.000                            0.2122E-06  0.2122E-06   0.000    
  23414400.0   10.20886555   10.2265   0.000       0.000      0.1759E-03  0.2032E-06  0.1407E-02 -0.2322E-01  0.2163E-01   0.000       0.000       0.000      -0.1844E-05   0.000       0.000       0.000       0.000       0.000                            0.2032E-06  0.2032E-06   0.000    
  23500800.0   10.20673388   10.2240   0.000       0.000      0.1723E-03  0.1850E-06  0.1379E-02 -0.2300E-01  0.2145E-01   0.000       0.000       0.000      -0.1683E-05   0.000       0.000       0.000       0.000       0.000                            0.1850E-06  0.1850E-06   0.000    
  23587200.0   10.20471415   10.2216   0.000       0.000      0.1693E-03  0.1753E-06  0.1354E-02 -0.2280E-01  0.2128E-01   0.000       0.000       0.000      -0.1598E-05   0.000       0.000       0.000       0.000       0.000                            0.1753E-06  0.1753E-06   0.000    
  23673600.0   10.20273512   10.2194   0.000       0.000      0.1666E-03  0.1718E-06  0.1330E-02 -0.2261E-01  0.2111E-01   0.000       0.000       0.000      -0.1569E-05   0.000       0.000       0.000       0.000       0.000                            0.1718E-06  0.1718E-06   0.000    
  23760000.0   10.20075030   10.2171   0.000       0.000      0.1638E-03  0.1723E-06  0.1305E-02 -0.2241E-01  0.2094E-01   0.000       0.000       0.000      -0.1576E-05   0.000       0.000       0.000       0.000       0.000                            0.1723E-06  0.1723E-06   0.000    
  23846400.0   10.19884807   10.2150   0.000       0.000      0.1614E-03  0.1651E-06  0.1282E-02 -0.2223E-01  0.2078E-01   0.000       0.000       0.000      -0.1514E-05   0.000       0.000       0.000       0.000       0.000                            0.1651E-06  0.1651E-06   0.000    
  23932800.0   10.19705711   10.2130   0.000       0.000      0.1595E-03  0.1555E-06  0.1261E-02 -0.2206E-01  0.2064E-01   0.000       0.000       0.000      -0.1428E-05   0.000       0.000       0.000       0.000       0.000                            0.1555E-06  0.1555E-06   0.000    
  24019200.0   10.19534166   10.2111   0.000       0.000      0.1578E-03  0.1489E-06  0.1242E-02 -0.2190E-01  0.2050E-01   0.000       0.000       0.000      -0.1370E-05   0.000       0.000       0.000       0.000       0.000                            0.1489E-06  0.1489E-06   0.000    
  24105600.0   10.19368139   10.2093   0.000       0.000      0.1562E-03  0.1441E-06  0.1223E-02 -0.2174E-01  0.2036E-01   0.000       0.000       0.000      -0.1328E-05   0.000       0.000       0.000       0.000       0.000                            0.1441E-06  0.1441E-06   0.000    
  24192000.0   10.19205624   10.2075   0.000       0.000      0.1547E-03  0.1411E-06  0.1206E-02 -0.2159E-01  0.2023E-01   0.000       0.000       0.000      -0.1302E-05   0.000       0.000       0.000       0.000       0.000                            0.1411E-06  0.1411E-06   0.000    
  24278400.0   10.19046617   10.2058   0.000       0.000      0.1532E-03  0.1380E-06  0.1189E-02 -0.2145E-01  0.2010E-01   0.000       0.000       0.000      -0.1275E-05   0.000       0.000       0.000       0.000       0.000                            0.1380E-06  0.1380E-06   0.000    
  24364800.0   10.18892471   10.2041   0.000       0.000      0.1519E-03  0.1338E-06  0.1173E-02 -0.2131E-01  0.1998E-01   0.000       0.000       0.000      -0.1238E-05   0.000       0.000       0.000       0.000       0.000                            0.1338E-06  0.1338E-06   0.000    
  24451200.0   10.18743541   10.2025   0.000       0.000      0.1507E-03  0.1293E-06  0.1159E-02 -0.2117E-01  0.1986E-01   0.000       0.000       0.000      -0.1198E-05   0.000       0.000       0.000       0.000       0.000                            0.1293E-06  0.1293E-06   0.000    
  24537600.0   10.18599169   10.2009   0.000       0.000      0.1496E-03  0.1253E-06  0.1145E-02 -0.2104E-01  0.1975E-01   0.000       0.000       0.000      -0.1163E-05   0.000       0.000       0.000       0.000       0.000                            0.1253E-06  0.1253E-06   0.000    
  24624000.0   10.18458821   10.1994   0.000       0.000      0.1485E-03  0.1218E-06  0.1132E-02 -0.2092E-01  0.1964E-01   0.000       0.000       0.000      -0.1132E-05   0.000       0.000       0.000       0.000       0.000                            0.1218E-06  0.1218E-06   0.000    
  24710400.0   10.18321596   10.1980   0.000       0.000      0.1475E-03  0.1191E-06  0.1120E-02 -0.2080E-01  0.1953E-01   0.000       0.000       0.000      -0.1108E-05   0.000       0.000       0.000       0.000       0.000                            0.1191E-06  0.1191E-06   0.000    
  24796800.0   10.18187946   10.1965   0.000       0.000      0.1465E-03  0.1160E-06  0.1108E-02 -0.2068E-01  0.1943E-01   0.000       0.000       0.000      -0.1080E-05   0.000       0.000       0.000       0.000       0.000                            0.1160E-06  0.1160E-06   0.000    
  24883200.0   10.18068805   10.1953   0.000       0.000      0.1461E-03  0.1034E-06  0.1099E-02 -0.2058E-01  0.1934E-01   0.000       0.000       0.000      -0.9638E-06   0.000       0.000       0.000       0.000       0.000                            0.1034E-06  0.1034E-06   0.000    
  24969600.0   10.18171828   10.1972   0.000       0.000      0.1546E-03 -0.8943E-07  0.1131E-02 -0.2073E-01  0.1945E-01   0.000       0.000       0.000       0.8335E-06   0.000       0.000       0.000       0.000       0.000                           -0.8943E-07 -0.8943E-07   0.000    
  25056000.0   10.18002774   10.1949   0.000       0.000      0.1492E-03  0.1467E-06  0.1113E-02 -0.2057E-01  0.1930E-01   0.000       0.000       0.000      -0.1368E-05   0.000       0.000       0.000       0.000       0.000                            0.1467E-06  0.1467E-06   0.000    
  25142400.0   10.17850964   10.1932   0.000       0.000      0.1467E-03  0.1318E-06  0.1098E-02 -0.2042E-01  0.1918E-01   0.000       0.000       0.000      -0.1230E-05   0.000       0.000       0.000       0.000       0.000                            0.1318E-06  0.1318E-06   0.000    
  25228800.0   10.18156524   10.1979   0.000       0.000      0.1632E-03 -0.2652E-06  0.1165E-02 -0.2080E-01  0.1948E-01   0.000       0.000       0.000       0.2475E-05   0.000       0.000       0.000       0.000       0.000                           -0.2652E-06 -0.2652E-06   0.000    
  25315200.0   10.17981811   10.1953   0.000       0.000      0.1550E-03  0.1517E-06  0.1148E-02 -0.2062E-01  0.1932E-01   0.000       0.000       0.000      -0.1414E-05   0.000       0.000       0.000       0.000       0.000                            0.1517E-06  0.1517E-06   0.000    
  25401600.0   10.18063515   10.1967   0.000       0.000      0.1610E-03 -0.7092E-07  0.1173E-02 -0.2074E-01  0.1940E-01   0.000       0.000       0.000       0.6616E-06   0.000       0.000       0.000       0.000       0.000                           -0.7092E-07 -0.7092E-07   0.000    
  25488000.0   10.18111218   10.1975   0.000       0.000      0.1635E-03 -0.4141E-07  0.1194E-02 -0.2081E-01  0.1945E-01   0.000       0.000       0.000       0.3861E-06   0.000       0.000       0.000       0.000       0.000                           -0.4141E-07 -0.4141E-07   0.000    
  25574400.0   10.18295828   10.2001   0.000       0.000      0.1714E-03 -0.1603E-06  0.1240E-02 -0.2103E-01  0.1962E-01   0.000       0.000       0.000       0.1493E-05   0.000       0.000       0.000       0.000       0.000                           -0.1603E-06 -0.1603E-06   0.000    
  25660800.0   10.18127898   10.1976   0.000       0.000      0.1631E-03  0.1458E-06  0.1222E-02 -0.2085E-01  0.1946E-01   0.000       0.000       0.000      -0.1358E-05   0.000       0.000       0.000       0.000       0.000                            0.1458E-06  0.1458E-06   0.000    
  25747200.0   10.18502613   10.2031   0.000       0.000      0.1803E-03 -0.3253E-06  0.1300E-02 -0.2129E-01  0.1982E-01   0.000       0.000       0.000       0.3027E-05   0.000       0.000       0.000       0.000       0.000                           -0.3253E-06 -0.3253E-06   0.000    
  25833600.0   10.20362179   10.2290   0.000       0.000      0.2535E-03 -0.1614E-05  0.1650E-02 -0.2342E-01  0.2153E-01   0.000       0.000       0.000       0.1487E-04   0.000       0.000       0.000       0.000       0.000                           -0.1614E-05 -0.1614E-05   0.000    
  25920000.0   10.22633285   10.2589   0.000       0.000      0.3257E-03 -0.1971E-05  0.2084E-02 -0.2598E-01  0.2359E-01   0.000       0.000       0.000       0.1780E-04   0.000       0.000       0.000       0.000       0.000                           -0.1971E-05 -0.1971E-05   0.000    
  26006400.0   10.24696509   10.2848   0.000       0.000      0.3779E-03 -0.1791E-05  0.2479E-02 -0.2826E-01  0.2542E-01   0.000       0.000       0.000       0.1578E-04   0.000       0.000       0.000       0.000       0.000                           -0.1791E-05 -0.1791E-05   0.000    
  26092800.0   10.24851736   10.2831   0.000       0.000      0.3460E-03 -0.1347E-06  0.2515E-02 -0.2829E-01  0.2543E-01   0.000       0.000       0.000       0.1170E-05   0.000       0.000       0.000       0.000       0.000                           -0.1347E-06 -0.1347E-06   0.000    
  26179200.0   10.24268288   10.2727   0.000       0.000      0.3003E-03  0.5065E-06  0.2401E-02 -0.2749E-01  0.2479E-01   0.000       0.000       0.000      -0.4412E-05   0.000       0.000       0.000       0.000       0.000                            0.5065E-06  0.5065E-06   0.000    
  26265600.0   10.23687583   10.2637   0.000       0.000      0.2682E-03  0.5041E-06  0.2289E-02 -0.2674E-01  0.2418E-01   0.000       0.000       0.000      -0.4423E-05   0.000       0.000       0.000       0.000       0.000                            0.5041E-06  0.5041E-06   0.000    
  26352000.0   10.23175237   10.2563   0.000       0.000      0.2455E-03  0.4447E-06  0.2195E-02 -0.2611E-01  0.2367E-01   0.000       0.000       0.000      -0.3929E-05   0.000       0.000       0.000       0.000       0.000                            0.4447E-06  0.4447E-06   0.000    
  26438400.0   10.22721937   10.2501   0.000       0.000      0.2289E-03  0.3935E-06  0.2114E-02 -0.2557E-01  0.2322E-01   0.000       0.000       0.000      -0.3496E-05   0.000       0.000       0.000       0.000       0.000                            0.3935E-06  0.3935E-06   0.000    
  26524800.0   10.22309045   10.2447   0.000       0.000      0.2161E-03  0.3584E-06  0.2042E-02 -0.2509E-01  0.2283E-01   0.000       0.000       0.000      -0.3200E-05   0.000       0.000       0.000       0.000       0.000                            0.3584E-06  0.3584E-06   0.000    
  26611200.0   10.21910220   10.2396   0.000       0.000      0.2052E-03  0.3462E-06  0.1974E-02 -0.2464E-01  0.2246E-01   0.000       0.000       0.000      -0.3105E-05   0.000       0.000       0.000       0.000       0.000                            0.3462E-06  0.3462E-06   0.000    
  26697600.0   10.21552520   10.2352   0.000       0.000      0.1970E-03  0.3105E-06  0.1913E-02 -0.2424E-01  0.2213E-01   0.000       0.000       0.000      -0.2796E-05   0.000       0.000       0.000       0.000       0.000                            0.3105E-06  0.3105E-06   0.000    
  26784000.0   10.21219917   10.2312   0.000       0.000      0.1902E-03  0.2887E-06  0.1857E-02 -0.2388E-01  0.2183E-01   0.000       0.000       0.000      -0.2610E-05   0.000       0.000       0.000       0.000       0.000                            0.2887E-06  0.2887E-06   0.000    
  26870400.0   10.22643888   10.2521   0.000       0.000      0.2569E-03 -0.1236E-05  0.2128E-02 -0.2556E-01  0.2319E-01   0.000       0.000       0.000       0.1111E-04   0.000       0.000       0.000       0.000       0.000                           -0.1236E-05 -0.1236E-05   0.000    
  26956800.0   10.23384973   10.2614   0.000       0.000      0.2755E-03 -0.6433E-06  0.2278E-02 -0.2639E-01  0.2385E-01   0.000       0.000       0.000       0.5711E-05   0.000       0.000       0.000       0.000       0.000                           -0.6433E-06 -0.6433E-06   0.000    
  27043200.0   10.24022946   10.2692   0.000       0.000      0.2901E-03 -0.5538E-06  0.2400E-02 -0.2709E-01  0.2440E-01   0.000       0.000       0.000       0.4876E-05   0.000       0.000       0.000       0.000       0.000                           -0.5538E-06 -0.5538E-06   0.000    
  27129600.0   10.24094977   10.2690   0.000       0.000      0.2803E-03 -0.6253E-07  0.2416E-02 -0.2711E-01  0.2442E-01   0.000       0.000       0.000       0.5481E-06   0.000       0.000       0.000       0.000       0.000                           -0.6253E-07 -0.6253E-07   0.000    
  27216000.0   10.24414823   10.2728   0.000       0.000      0.2861E-03 -0.2776E-06  0.2474E-02 -0.2744E-01  0.2468E-01   0.000       0.000       0.000       0.2428E-05   0.000       0.000       0.000       0.000       0.000                           -0.2776E-06 -0.2776E-06   0.000    
  27302400.0   10.25397534   10.2859   0.000       0.000      0.3188E-03 -0.8530E-06  0.2660E-02 -0.2855E-01  0.2558E-01   0.000       0.000       0.000       0.7397E-05   0.000       0.000       0.000       0.000       0.000                           -0.8530E-06 -0.8530E-06   0.000    
  27388800.0   10.27351575   10.3120   0.000       0.000      0.3851E-03 -0.1696E-05  0.3033E-02 -0.3079E-01  0.2739E-01   0.000       0.000       0.000       0.1441E-04   0.000       0.000       0.000       0.000       0.000                           -0.1696E-05 -0.1696E-05   0.000    
  27475200.0   10.28824851   10.3300   0.000       0.000      0.4173E-03 -0.1279E-05  0.3317E-02 -0.3242E-01  0.2870E-01   0.000       0.000       0.000       0.1058E-04   0.000       0.000       0.000       0.000       0.000                           -0.1279E-05 -0.1279E-05   0.000    
  27561600.0   10.28215976   10.3182   0.000       0.000      0.3606E-03  0.5285E-06  0.3196E-02 -0.3154E-01  0.2797E-01   0.000       0.000       0.000      -0.4341E-05   0.000       0.000       0.000       0.000       0.000                            0.5285E-06  0.5285E-06   0.000    
  27648000.0   10.27521919   10.3073   0.000       0.000      0.3209E-03  0.6025E-06  0.3050E-02 -0.3061E-01  0.2723E-01   0.000       0.000       0.000      -0.5002E-05   0.000       0.000       0.000       0.000       0.000                            0.6025E-06  0.6025E-06   0.000    
  27734400.0   10.26826418   10.2972   0.000       0.000      0.2898E-03  0.6037E-06  0.2909E-02 -0.2972E-01  0.2652E-01   0.000       0.000       0.000      -0.5068E-05   0.000       0.000       0.000       0.000       0.000                            0.6037E-06  0.6037E-06   0.000    
  27820800.0   10.26306723   10.2902   0.000       0.000      0.2715E-03  0.4511E-06  0.2804E-02 -0.2908E-01  0.2600E-01   0.000       0.000       0.000      -0.3822E-05   0.000       0.000       0.000       0.000       0.000                            0.4511E-06  0.4511E-06   0.000    
  27907200.0   10.25947960   10.2857   0.000       0.000      0.2619E-03  0.3114E-06  0.2733E-02 -0.2865E-01  0.2565E-01   0.000       0.000       0.000      -0.2655E-05   0.000       0.000       0.000       0.000       0.000                            0.3114E-06  0.3114E-06   0.000    
  27993600.0   10.26931629   10.3002   0.000       0.000      0.3093E-03 -0.8539E-06  0.2921E-02 -0.2983E-01  0.2661E-01   0.000       0.000       0.000       0.7247E-05   0.000       0.000       0.000       0.000       0.000                           -0.8539E-06 -0.8539E-06   0.000    
  28080000.0   10.28228102   10.3178   0.000       0.000      0.3555E-03 -0.1125E-05  0.3173E-02 -0.3135E-01  0.2783E-01   0.000       0.000       0.000       0.9387E-05   0.000       0.000       0.000       0.000       0.000                           -0.1125E-05 -0.1125E-05   0.000    
  28166400.0   10.28704422   10.3228   0.000       0.000      0.3578E-03 -0.4135E-06  0.3263E-02 -0.3183E-01  0.2821E-01   0.000       0.000       0.000       0.3399E-05   0.000       0.000       0.000       0.000       0.000                           -0.4135E-06 -0.4135E-06   0.000    
  28252800.0   10.28128736   10.3132   0.000       0.000      0.3196E-03  0.4997E-06  0.3144E-02 -0.3105E-01  0.2758E-01   0.000       0.000       0.000      -0.4112E-05   0.000       0.000       0.000       0.000       0.000                            0.4997E-06  0.4997E-06   0.000    
  28339200.0   10.27481788   10.3039   0.000       0.000      0.2903E-03  0.5616E-06  0.3009E-02 -0.3022E-01  0.2691E-01   0.000       0.000       0.000      -0.4667E-05   0.000       0.000       0.000       0.000       0.000                            0.5616E-06  0.5616E-06   0.000    
  28425600.0   10.26876169   10.2956   0.000       0.000      0.2686E-03  0.5257E-06  0.2886E-02 -0.2947E-01  0.2631E-01   0.000       0.000       0.000      -0.4413E-05   0.000       0.000       0.000       0.000       0.000                            0.5257E-06  0.5257E-06   0.000    
  28512000.0   10.26319418   10.2884   0.000       0.000      0.2521E-03  0.4833E-06  0.2775E-02 -0.2881E-01  0.2578E-01   0.000       0.000       0.000      -0.4092E-05   0.000       0.000       0.000       0.000       0.000                            0.4833E-06  0.4833E-06   0.000    
  28598400.0   10.25808214   10.2820   0.000       0.000      0.2391E-03  0.4438E-06  0.2674E-02 -0.2822E-01  0.2530E-01   0.000       0.000       0.000      -0.3787E-05   0.000       0.000       0.000       0.000       0.000                            0.4438E-06  0.4438E-06   0.000    
  28684800.0   10.25334503   10.2762   0.000       0.000      0.2287E-03  0.4112E-06  0.2582E-02 -0.2768E-01  0.2487E-01   0.000       0.000       0.000      -0.3534E-05   0.000       0.000       0.000       0.000       0.000                            0.4112E-06  0.4112E-06   0.000    
  28771200.0   10.24891389   10.2709   0.000       0.000      0.2201E-03  0.3846E-06  0.2497E-02 -0.2719E-01  0.2447E-01   0.000       0.000       0.000      -0.3326E-05   0.000       0.000       0.000       0.000       0.000                            0.3846E-06  0.3846E-06   0.000    
  28857600.0   10.24475639   10.2660   0.000       0.000      0.2129E-03  0.3609E-06  0.2418E-02 -0.2673E-01  0.2410E-01   0.000       0.000       0.000      -0.3138E-05   0.000       0.000       0.000       0.000       0.000                            0.3609E-06  0.3609E-06   0.000    
  28944000.0   10.24077880   10.2614   0.000       0.000      0.2064E-03  0.3453E-06  0.2343E-02 -0.2631E-01  0.2375E-01   0.000       0.000       0.000      -0.3018E-05   0.000       0.000       0.000       0.000       0.000                            0.3453E-06  0.3453E-06   0.000    
  29030400.0   10.23694366   10.2570   0.000       0.000      0.2006E-03  0.3329E-06  0.2272E-02 -0.2590E-01  0.2342E-01   0.000       0.000       0.000      -0.2925E-05   0.000       0.000       0.000       0.000       0.000                            0.3329E-06  0.3329E-06   0.000    
  29116800.0   10.23330546   10.2529   0.000       0.000      0.1955E-03  0.3158E-06  0.2205E-02 -0.2552E-01  0.2312E-01   0.000       0.000       0.000      -0.2787E-05   0.000       0.000       0.000       0.000       0.000                            0.3158E-06  0.3158E-06   0.000    
  29203200.0   10.22978545   10.2489   0.000       0.000      0.1907E-03  0.3056E-06  0.2141E-02 -0.2516E-01  0.2282E-01   0.000       0.000       0.000      -0.2708E-05   0.000       0.000       0.000       0.000       0.000                            0.3056E-06  0.3056E-06   0.000    
  29289600.0   10.22646115   10.2451   0.000       0.000      0.1865E-03  0.2886E-06  0.2082E-02 -0.2482E-01  0.2255E-01   0.000       0.000       0.000      -0.2568E-05   0.000       0.000       0.000       0.000       0.000                            0.2886E-06  0.2886E-06   0.000    
  29376000.0   10.22333809   10.2416   0.000       0.000      0.1830E-03  0.2711E-06  0.2026E-02 -0.2450E-01  0.2229E-01   0.000       0.000       0.000      -0.2421E-05   0.000       0.000       0.000       0.000       0.000                            0.2711E-06  0.2711E-06   0.000    
  29462400.0   10.22037761   10.2384   0.000       0.000      0.1799E-03  0.2570E-06  0.1975E-02 -0.2421E-01  0.2205E-01   0.000       0.000       0.000      -0.2303E-05   0.000       0.000       0.000       0.000       0.000                            0.2570E-06  0.2570E-06   0.000    
  29548800.0   10.21754921   10.2353   0.000       0.000      0.1770E-03  0.2455E-06  0.1927E-02 -0.2393E-01  0.2183E-01   0.000       0.000       0.000      -0.2207E-05   0.000       0.000       0.000       0.000       0.000                            0.2455E-06  0.2455E-06   0.000    
  29635200.0   10.21482693   10.2323   0.000       0.000      0.1743E-03  0.2363E-06  0.1881E-02 -0.2367E-01  0.2161E-01   0.000       0.000       0.000      -0.2131E-05   0.000       0.000       0.000       0.000       0.000                            0.2363E-06  0.2363E-06   0.000    
  29721600.0   10.21221474   10.2294   0.000       0.000      0.1718E-03  0.2268E-06  0.1837E-02 -0.2342E-01  0.2141E-01   0.000       0.000       0.000      -0.2050E-05   0.000       0.000       0.000       0.000       0.000                            0.2268E-06  0.2268E-06   0.000    
  29808000.0   10.20966383   10.2266   0.000       0.000      0.1693E-03  0.2214E-06  0.1795E-02 -0.2318E-01  0.2121E-01   0.000       0.000       0.000      -0.2008E-05   0.000       0.000       0.000       0.000       0.000                            0.2214E-06  0.2214E-06   0.000    
  29894400.0   10.20719610   10.2239   0.000       0.000      0.1669E-03  0.2142E-06  0.1755E-02 -0.2295E-01  0.2102E-01   0.000       0.000       0.000      -0.1947E-05   0.000       0.000       0.000       0.000       0.000                            0.2142E-06  0.2142E-06   0.000    
  29980800.0   10.20480653   10.2213   0.000       0.000      0.1647E-03  0.2074E-06  0.1718E-02 -0.2272E-01  0.2084E-01   0.000       0.000       0.000      -0.1890E-05   0.000       0.000       0.000       0.000       0.000                            0.2074E-06  0.2074E-06   0.000    
  30067200.0   10.20252710   10.2188   0.000       0.000      0.1627E-03  0.1979E-06  0.1682E-02 -0.2251E-01  0.2066E-01   0.000       0.000       0.000      -0.1807E-05   0.000       0.000       0.000       0.000       0.000                            0.1979E-06  0.1979E-06   0.000    
  30153600.0   10.20033601   10.2164   0.000       0.000      0.1609E-03  0.1902E-06  0.1649E-02 -0.2231E-01  0.2050E-01   0.000       0.000       0.000      -0.1741E-05   0.000       0.000       0.000       0.000       0.000                            0.1902E-06  0.1902E-06   0.000    
  30240000.0   10.19822857   10.2141   0.000       0.000      0.1592E-03  0.1829E-06  0.1617E-02 -0.2212E-01  0.2034E-01   0.000       0.000       0.000      -0.1678E-05   0.000       0.000       0.000       0.000       0.000                            0.1829E-06  0.1829E-06   0.000    
  30326400.0   10.19618062   10.2119   0.000       0.000      0.1576E-03  0.1778E-06  0.1587E-02 -0.2194E-01  0.2019E-01   0.000       0.000       0.000      -0.1634E-05   0.000       0.000       0.000       0.000       0.000                            0.1778E-06  0.1778E-06   0.000    
  30412800.0   10.19419681   10.2098   0.000       0.000      0.1560E-03  0.1722E-06  0.1559E-02 -0.2176E-01  0.2004E-01   0.000       0.000       0.000      -0.1585E-05   0.000       0.000       0.000       0.000       0.000                            0.1722E-06  0.1722E-06   0.000    
  30499200.0   10.19228213   10.2077   0.000       0.000      0.1545E-03  0.1662E-06  0.1532E-02 -0.2159E-01  0.1990E-01   0.000       0.000       0.000      -0.1533E-05   0.000       0.000       0.000       0.000       0.000                            0.1662E-06  0.1662E-06   0.000    
  30585600.0   10.19042524   10.2057   0.000       0.000      0.1531E-03  0.1612E-06  0.1506E-02 -0.2142E-01  0.1976E-01   0.000       0.000       0.000      -0.1489E-05   0.000       0.000       0.000       0.000       0.000                            0.1612E-06  0.1612E-06   0.000    
  30672000.0   10.18862770   10.2038   0.000       0.000      0.1518E-03  0.1560E-06  0.1481E-02 -0.2127E-01  0.1963E-01   0.000       0.000       0.000      -0.1444E-05   0.000       0.000       0.000       0.000       0.000                            0.1560E-06  0.1560E-06   0.000    
  30758400.0   10.18688482   10.2019   0.000       0.000      0.1505E-03  0.1513E-06  0.1458E-02 -0.2111E-01  0.1950E-01   0.000       0.000       0.000      -0.1402E-05   0.000       0.000       0.000       0.000       0.000                            0.1513E-06  0.1513E-06   0.000    
  30844800.0   10.18519217   10.2001   0.000       0.000      0.1493E-03  0.1469E-06  0.1436E-02 -0.2097E-01  0.1938E-01   0.000       0.000       0.000      -0.1364E-05   0.000       0.000       0.000       0.000       0.000                            0.1469E-06  0.1469E-06   0.000    
  30931200.0   10.18354101   10.1984   0.000       0.000      0.1481E-03  0.1433E-06  0.1415E-02 -0.2082E-01  0.1926E-01   0.000       0.000       0.000      -0.1332E-05   0.000       0.000       0.000       0.000       0.000                            0.1433E-06  0.1433E-06   0.000    
  31017600.0   10.18192993   10.1966   0.000       0.000      0.1470E-03  0.1399E-06  0.1395E-02 -0.2069E-01  0.1914E-01   0.000       0.000       0.000      -0.1302E-05   0.000       0.000       0.000       0.000       0.000                            0.1399E-06  0.1399E-06   0.000    
  31104000.0   10.18036218   10.1950   0.000       0.000      0.1459E-03  0.1361E-06  0.1376E-02 -0.2055E-01  0.1903E-01   0.000       0.000       0.000      -0.1268E-05   0.000       0.000       0.000       0.000       0.000                            0.1361E-06  0.1361E-06   0.000    
  31190400.0   10.17883430   10.1933   0.000       0.000      0.1448E-03  0.1326E-06  0.1358E-02 -0.2042E-01  0.1892E-01   0.000       0.000       0.000      -0.1238E-05   0.000       0.000       0.000       0.000       0.000                            0.1326E-06  0.1326E-06   0.000    
  31276800.0   10.17775406   10.1923   0.000       0.000      0.1455E-03  0.9377E-07  0.1348E-02 -0.2034E-01  0.1885E-01   0.000       0.000       0.000      -0.8761E-06   0.000       0.000       0.000       0.000       0.000                            0.9377E-07  0.9377E-07   0.000    
  31363200.0   10.17622643   10.1906   0.000       0.000      0.1437E-03  0.1326E-06  0.1330E-02 -0.2021E-01  0.1873E-01   0.000       0.000       0.000      -0.1240E-05   0.000       0.000       0.000       0.000       0.000                            0.1326E-06  0.1326E-06   0.000    
  31449600.0   10.17476091   10.1890   0.000       0.000      0.1425E-03  0.1272E-06  0.1313E-02 -0.2008E-01  0.1862E-01   0.000       0.000       0.000      -0.1191E-05   0.000       0.000       0.000       0.000       0.000                            0.1272E-06  0.1272E-06   0.000    
  31536000.0   10.17334527   10.1875   0.000       0.000      0.1414E-03  0.1229E-06  0.1297E-02 -0.1996E-01  0.1852E-01   0.000       0.000       0.000      -0.1152E-05   0.000       0.000       0.000       0.000       0.000                            0.1229E-06  0.1229E-06   0.000    
  31622400.0   10.17176755   10.1857   0.000       0.000      0.1396E-03  0.1370E-06  0.1278E-02 -0.1982E-01  0.1840E-01   0.000       0.000       0.000      -0.1285E-05   0.000       0.000       0.000       0.000       0.000                            0.1370E-06  0.1370E-06   0.000    
