   TOTIM (T)          HCON      HMAT     QDIR      QWELL        QMAT QCADS<->CON       QTUB1       QTUB2       QTUB3       QTUB4       QTUB5       QTUB6       NSTOR        QFIX        QLH     FHLQ (LQ)      CAUCHY CAUCHY (LQ) BREAK-DOWN CADS FLOW  QCADS<->CON    Q_CDSSTO    Q_CDSRCH
     86400.0   10.58712780   10.6414   0.000       0.000      0.5424E-03   0.000      0.2786E-01 -0.1032      0.7483E-01   0.000       0.000       0.000        0.000       0.000       0.000       0.000       0.000       0.000                             0.000       0.000       0.000    
    172800.0   10.57332974   10.6255   0.000       0.000      0.5220E-03  0.1198E-05  0.2760E-01 -0.1022      0.7411E-01   0.000       0.000       0.000        0.000       0.000       0.000       0.000       0.000       0.000                            0.1198E-05  0.1198E-05   0.000    
    259200.0   10.57403965   10.6267   0.000       0.000      0.5270E-03 -0.6162E-07  0.2758E-01 -0.1022      0.7406E-01   0.000       0.000       0.000        0.000       0.000       0.000       0.000       0.000       0.000                           -0.6162E-07 -0.6162E-07   0.000    
    345600.0   10.57298333   10.6256   0.000       0.000      0.5264E-03  0.9169E-07  0.2754E-01 -0.1020      0.7396E-01   0.000       0.000       0.000        0.000       0.000       0.000       0.000       0.000       0.000                            0.9169E-07  0.9169E-07   0.000    
    432000.0   10.58232785   10.6364   0.000       0.000      0.5411E-03 -0.8112E-06  0.2771E-01 -0.1027      0.7443E-01   0.000       0.000       0.000        0.000       0.000       0.000       0.000       0.000       0.000                           -0.8112E-06 -0.8112E-06   0.000    
    518400.0   10.58762646   10.6423   0.000       0.000      0.5463E-03 -0.4599E-06  0.2783E-01 -0.1031      0.7474E-01   0.000       0.000       0.000        0.000       0.000       0.000       0.000       0.000       0.000                           -0.4599E-06 -0.4599E-06   0.000    
    604800.0   10.58899480   10.6436   0.000       0.000      0.5460E-03 -0.1188E-06  0.2787E-01 -0.1033      0.7485E-01   0.000       0.000       0.000        0.000       0.000       0.000       0.000       0.000       0.000                           -0.1188E-06 -0.1188E-06   0.000    
    691200.0   10.60295002   10.6595   0.000       0.000      0.5655E-03 -0.1211E-05  0.2815E-01 -0.1043      0.7561E-01   0.000       0.000       0.000        0.000       0.000       0.000       0.000       0.000       0.000                           -0.1211E-05 -0.1211E-05   0.000    
    777600.0   10.64108282   10.7026   0.000       0.000      0.6149E-03 -0.3310E-05  0.2888E-01 -0.1071      0.7761E-01   0.000       0.000       0.000        0.000       0.000       0.000       0.000       0.000       0.000                           -0.3310E-05 -0.3310E-05   0.000    
    864000.0   10.69673452   10.7647   0.000       0.000      0.6792E-03 -0.4831E-05  0.2996E-01 -0.1112      0.8054E-01   0.000       0.000       0.000        0.000       0.000       0.000       0.000       0.000       0.000                           -0.4831E-05 -0.4831E-05   0.000    
    950400.0   10.71992069   10.7891   0.000       0.000      0.6917E-03 -0.2013E-05  0.3052E-01 -0.1133      0.8208E-01   0.000       0.000       0.000        0.000       0.000       0.000       0.000       0.000       0.000                           -0.2013E-05 -0.2013E-05   0.000    
   1036800.0   10.78048699   10.8561   0.000       0.000      0.7565E-03 -0.5257E-05  0.3162E-01 -0.1175      0.8507E-01   0.000       0.000       0.000        0.000       0.000       0.000       0.000       0.000       0.000                           -0.5257E-05 -0.5257E-05   0.000    
   1123200.0   10.89116753   10.9781   0.000       0.000      0.8691E-03 -0.9608E-05  0.3344E-01 -0.1243      0.9001E-01   0.000       0.000       0.000        0.000       0.000       0.000       0.000       0.000       0.000                           -0.9608E-05 -0.9608E-05   0.000    
   1209600.0   10.87101922   10.9526   0.000       0.000      0.8162E-03  0.1749E-05  0.3353E-01 -0.1246      0.9028E-01   0.000       0.000       0.000        0.000       0.000       0.000       0.000       0.000       0.000                            0.1749E-05  0.1749E-05   0.000    
   1296000.0   10.85154030   10.9302   0.000       0.000      0.7865E-03  0.1691E-05  0.3342E-01 -0.1242      0.8996E-01   0.000       0.000       0.000        0.000       0.000       0.000       0.000       0.000       0.000                            0.1691E-05  0.1691E-05   0.000    
   1382400.0   10.83377883   10.9102   0.000       0.000      0.7646E-03  0.1542E-05  0.3321E-01 -0.1234      0.8940E-01   0.000       0.000       0.000        0.000       0.000       0.000       0.000       0.000       0.000                            0.1542E-05  0.1542E-05   0.000    
   1468800.0   10.81678615   10.8915   0.000       0.000      0.7476E-03  0.1475E-05  0.3298E-01 -0.1225      0.8878E-01   0.000       0.000       0.000        0.000       0.000       0.000       0.000       0.000       0.000                            0.1475E-05  0.1475E-05   0.000    
   1555200.0   10.79907973   10.8721   0.000       0.000      0.7302E-03  0.1537E-05  0.3271E-01 -0.1215      0.8804E-01   0.000       0.000       0.000        0.000       0.000       0.000       0.000       0.000       0.000                            0.1537E-05  0.1537E-05   0.000    
   1641600.0   10.78168669   10.8530   0.000       0.000      0.7135E-03  0.1510E-05  0.3242E-01 -0.1204      0.8724E-01   0.000       0.000       0.000        0.000       0.000       0.000       0.000       0.000       0.000                            0.1510E-05  0.1510E-05   0.000    
   1728000.0   10.76724257   10.8373   0.000       0.000      0.7008E-03  0.1254E-05  0.3215E-01 -0.1194      0.8651E-01   0.000       0.000       0.000        0.000       0.000       0.000       0.000       0.000       0.000                            0.1254E-05  0.1254E-05   0.000    
   1814400.0   10.75457661   10.8236   0.000       0.000      0.6904E-03  0.1099E-05  0.3192E-01 -0.1185      0.8587E-01   0.000       0.000       0.000        0.000       0.000       0.000       0.000       0.000       0.000                            0.1099E-05  0.1099E-05   0.000    
   1900800.0   10.74054597   10.8082   0.000       0.000      0.6764E-03  0.1218E-05  0.3164E-01 -0.1174      0.8512E-01   0.000       0.000       0.000        0.000       0.000       0.000       0.000       0.000       0.000                            0.1218E-05  0.1218E-05   0.000    
   1987200.0   10.72759143   10.7941   0.000       0.000      0.6654E-03  0.1125E-05  0.3139E-01 -0.1165      0.8444E-01   0.000       0.000       0.000        0.000       0.000       0.000       0.000       0.000       0.000                            0.1125E-05  0.1125E-05   0.000    
   2073600.0   10.71715973   10.7828   0.000       0.000      0.6565E-03  0.9055E-06  0.3117E-01 -0.1157      0.8384E-01   0.000       0.000       0.000        0.000       0.000       0.000       0.000       0.000       0.000                            0.9055E-06  0.9055E-06   0.000    
   2160000.0   10.70490909   10.7693   0.000       0.000      0.6444E-03  0.1063E-05  0.3092E-01 -0.1147      0.8316E-01   0.000       0.000       0.000        0.000       0.000       0.000       0.000       0.000       0.000                            0.1063E-05  0.1063E-05   0.000    
   2246400.0   10.69280161   10.7561   0.000       0.000      0.6331E-03  0.1051E-05  0.3068E-01 -0.1138      0.8248E-01   0.000       0.000       0.000        0.000       0.000       0.000       0.000       0.000       0.000                            0.1051E-05  0.1051E-05   0.000    
   2332800.0   10.68120242   10.7433   0.000       0.000      0.6214E-03  0.1007E-05  0.3042E-01 -0.1128      0.8179E-01   0.000       0.000       0.000        0.000       0.000       0.000       0.000       0.000       0.000                            0.1007E-05  0.1007E-05   0.000    
   2419200.0   10.66982492   10.7309   0.000       0.000      0.6107E-03  0.9876E-06  0.3018E-01 -0.1119      0.8112E-01   0.000       0.000       0.000        0.000       0.000       0.000       0.000       0.000       0.000                            0.9876E-06  0.9876E-06   0.000    
   2505600.0   10.66522017   10.7261   0.000       0.000      0.6084E-03  0.3997E-06  0.3004E-01 -0.1114      0.8074E-01   0.000       0.000       0.000        0.000       0.000       0.000       0.000       0.000       0.000                            0.3997E-06  0.3997E-06   0.000    
   2592000.0   10.65772836   10.7179   0.000       0.000      0.6013E-03  0.6503E-06  0.2988E-01 -0.1108      0.8029E-01   0.000       0.000       0.000        0.000       0.000       0.000       0.000       0.000       0.000                            0.6503E-06  0.6503E-06   0.000    
   2678400.0   10.67332973   10.7359   0.000       0.000      0.6254E-03 -0.1354E-05  0.3011E-01 -0.1117      0.8092E-01   0.000       0.000       0.000        0.000       0.000       0.000       0.000       0.000       0.000                           -0.1354E-05 -0.1354E-05   0.000    
   2764800.0   10.73334224   10.8034   0.000       0.000      0.7009E-03 -0.5209E-05  0.3111E-01 -0.1154      0.8364E-01   0.000       0.000       0.000        0.000       0.000       0.000       0.000       0.000       0.000                           -0.5209E-05 -0.5209E-05   0.000    
   2851200.0   10.88078946   10.9672   0.000       0.000      0.8645E-03 -0.1280E-04  0.3344E-01 -0.1243      0.8999E-01   0.000       0.000       0.000        0.000       0.000       0.000       0.000       0.000       0.000                           -0.1280E-04 -0.1280E-04   0.000    
   2937600.0   10.84689466   10.9257   0.000       0.000      0.7879E-03  0.2942E-05  0.3338E-01 -0.1240      0.8982E-01   0.000       0.000       0.000        0.000       0.000       0.000       0.000       0.000       0.000                            0.2942E-05  0.2942E-05   0.000    
   3024000.0   10.85024989   10.9288   0.000       0.000      0.7856E-03 -0.2913E-06  0.3355E-01 -0.1246      0.9030E-01   0.000       0.000       0.000        0.000       0.000       0.000       0.000       0.000       0.000                           -0.2913E-06 -0.2913E-06   0.000    
   3110400.0   10.85024009   10.9283   0.000       0.000      0.7803E-03  0.8500E-09  0.3364E-01 -0.1250      0.9053E-01   0.000       0.000       0.000        0.000       0.000       0.000       0.000       0.000       0.000                            0.8500E-09  0.8500E-09   0.000    
   3196800.0   10.83987028   10.9163   0.000       0.000      0.7644E-03  0.9002E-06  0.3354E-01 -0.1246      0.9027E-01   0.000       0.000       0.000        0.000       0.000       0.000       0.000       0.000       0.000                            0.9002E-06  0.9002E-06   0.000    
   3283200.0   10.82494840   10.8997   0.000       0.000      0.7474E-03  0.1295E-05  0.3335E-01 -0.1239      0.8975E-01   0.000       0.000       0.000        0.000       0.000       0.000       0.000       0.000       0.000                            0.1295E-05  0.1295E-05   0.000    
   3369600.0   10.82733361   10.9026   0.000       0.000      0.7529E-03 -0.2070E-06  0.3338E-01 -0.1240      0.8982E-01   0.000       0.000       0.000        0.000       0.000       0.000       0.000       0.000       0.000                           -0.2070E-06 -0.2070E-06   0.000    
   3456000.0   10.83917073   10.9158   0.000       0.000      0.7660E-03 -0.1028E-05  0.3355E-01 -0.1246      0.9029E-01   0.000       0.000       0.000        0.000       0.000       0.000       0.000       0.000       0.000                           -0.1028E-05 -0.1028E-05   0.000    
   3542400.0   10.85694269   10.9354   0.000       0.000      0.7851E-03 -0.1543E-05  0.3386E-01 -0.1258      0.9112E-01   0.000       0.000       0.000        0.000       0.000       0.000       0.000       0.000       0.000                           -0.1543E-05 -0.1543E-05   0.000    
   3628800.0   10.86281733   10.9415   0.000       0.000      0.7864E-03 -0.5100E-06  0.3401E-01 -0.1263      0.9152E-01   0.000       0.000       0.000        0.000       0.000       0.000       0.000       0.000       0.000                           -0.5100E-06 -0.5100E-06   0.000    
   3715200.0   10.85254476   10.9296   0.000       0.000      0.7706E-03  0.8917E-06  0.3392E-01 -0.1260      0.9128E-01   0.000       0.000       0.000        0.000       0.000       0.000       0.000       0.000       0.000                            0.8917E-06  0.8917E-06   0.000    
   3801600.0   10.85535938   10.9328   0.000       0.000      0.7744E-03 -0.2443E-06  0.3397E-01 -0.1262      0.9142E-01   0.000       0.000       0.000        0.000       0.000       0.000       0.000       0.000       0.000                           -0.2443E-06 -0.2443E-06   0.000    
   3888000.0   10.86545508   10.9440   0.000       0.000      0.7850E-03 -0.8764E-06  0.3414E-01 -0.1268      0.9187E-01   0.000       0.000       0.000        0.000       0.000       0.000       0.000       0.000       0.000                           -0.8764E-06 -0.8764E-06   0.000    
   3974400.0   10.88817431   10.9690   0.000       0.000      0.8086E-03 -0.1972E-05  0.3450E-01 -0.1281      0.9285E-01   0.000       0.000       0.000        0.000       0.000       0.000       0.000       0.000       0.000                           -0.1972E-05 -0.1972E-05   0.000    
   4060800.0   10.90591679   10.9881   0.000       0.000      0.8220E-03 -0.1540E-05  0.3481E-01 -0.1293      0.9370E-01   0.000       0.000       0.000        0.000       0.000       0.000       0.000       0.000       0.000                           -0.1540E-05 -0.1540E-05   0.000    
   4147200.0   10.89490744   10.9753   0.000       0.000      0.8037E-03  0.9557E-06  0.3476E-01 -0.1291      0.9355E-01   0.000       0.000       0.000        0.000       0.000       0.000       0.000       0.000       0.000                            0.9557E-06  0.9557E-06   0.000    
   4233600.0   10.87970195   10.9582   0.000       0.000      0.7845E-03  0.1320E-05  0.3457E-01 -0.1284      0.9304E-01   0.000       0.000       0.000        0.000       0.000       0.000       0.000       0.000       0.000                            0.1320E-05  0.1320E-05   0.000    
   4320000.0   10.86740952   10.9447   0.000       0.000      0.7729E-03  0.1067E-05  0.3440E-01 -0.1277      0.9256E-01   0.000       0.000       0.000        0.000       0.000       0.000       0.000       0.000       0.000                            0.1067E-05  0.1067E-05   0.000    
   4406400.0   10.85461000   10.9306   0.000       0.000      0.7597E-03  0.1111E-05  0.3419E-01 -0.1269      0.9200E-01   0.000       0.000       0.000        0.000       0.000       0.000       0.000       0.000       0.000                            0.1111E-05  0.1111E-05   0.000    
   4492800.0   10.84457401   10.9197   0.000       0.000      0.7509E-03  0.8712E-06  0.3402E-01 -0.1263      0.9152E-01   0.000       0.000       0.000        0.000       0.000       0.000       0.000       0.000       0.000                            0.8712E-06  0.8712E-06   0.000    
   4579200.0   10.83138587   10.9052   0.000       0.000      0.7380E-03  0.1145E-05  0.3380E-01 -0.1255      0.9092E-01   0.000       0.000       0.000        0.000       0.000       0.000       0.000       0.000       0.000                            0.1145E-05  0.1145E-05   0.000    
   4665600.0   10.81764475   10.8901   0.000       0.000      0.7244E-03  0.1193E-05  0.3355E-01 -0.1245      0.9025E-01   0.000       0.000       0.000        0.000       0.000       0.000       0.000       0.000       0.000                            0.1193E-05  0.1193E-05   0.000    
   4752000.0   10.83907690   10.9145   0.000       0.000      0.7546E-03 -0.1860E-05  0.3382E-01 -0.1255      0.9097E-01   0.000       0.000       0.000        0.000       0.000       0.000       0.000       0.000       0.000                           -0.1860E-05 -0.1860E-05   0.000    
   4838400.0   10.86872940   10.9473   0.000       0.000      0.7856E-03 -0.2574E-05  0.3426E-01 -0.1272      0.9217E-01   0.000       0.000       0.000        0.000       0.000       0.000       0.000       0.000       0.000                           -0.2574E-05 -0.2574E-05   0.000    
   4924800.0   10.90130821   10.9828   0.000       0.000      0.8149E-03 -0.2828E-05  0.3478E-01 -0.1292      0.9359E-01   0.000       0.000       0.000        0.000       0.000       0.000       0.000       0.000       0.000                           -0.2828E-05 -0.2828E-05   0.000    
   5011200.0   10.92038411   11.0032   0.000       0.000      0.8278E-03 -0.1656E-05  0.3517E-01 -0.1306      0.9463E-01   0.000       0.000       0.000        0.000       0.000       0.000       0.000       0.000       0.000                           -0.1656E-05 -0.1656E-05   0.000    
   5097600.0   10.90853889   10.9890   0.000       0.000      0.8050E-03  0.1028E-05  0.3510E-01 -0.1304      0.9446E-01   0.000       0.000       0.000        0.000       0.000       0.000       0.000       0.000       0.000                            0.1028E-05  0.1028E-05   0.000    
   5184000.0   10.89278653   10.9714   0.000       0.000      0.7863E-03  0.1367E-05  0.3493E-01 -0.1297      0.9399E-01   0.000       0.000       0.000        0.000       0.000       0.000       0.000       0.000       0.000                            0.1367E-05  0.1367E-05   0.000    
   5270400.0   10.87984439   10.9570   0.000       0.000      0.7718E-03  0.1123E-05  0.3474E-01 -0.1290      0.9346E-01   0.000       0.000       0.000        0.000       0.000       0.000       0.000       0.000       0.000                            0.1123E-05  0.1123E-05   0.000    
   5356800.0   10.86499013   10.9408   0.000       0.000      0.7577E-03  0.1289E-05  0.3452E-01 -0.1281      0.9285E-01   0.000       0.000       0.000        0.000       0.000       0.000       0.000       0.000       0.000                            0.1289E-05  0.1289E-05   0.000    
   5443200.0   10.87340488   10.9505   0.000       0.000      0.7707E-03 -0.7304E-06  0.3459E-01 -0.1284      0.9306E-01   0.000       0.000       0.000        0.000       0.000       0.000       0.000       0.000       0.000                           -0.7304E-06 -0.7304E-06   0.000    
   5529600.0   10.88346569   10.9616   0.000       0.000      0.7808E-03 -0.8733E-06  0.3473E-01 -0.1290      0.9344E-01   0.000       0.000       0.000        0.000       0.000       0.000       0.000       0.000       0.000                           -0.8733E-06 -0.8733E-06   0.000    
   5616000.0   10.89383540   10.9729   0.000       0.000      0.7905E-03 -0.9001E-06  0.3491E-01 -0.1296      0.9392E-01   0.000       0.000       0.000        0.000       0.000       0.000       0.000       0.000       0.000                           -0.9001E-06 -0.9001E-06   0.000    
   5702400.0   10.90020707   10.9796   0.000       0.000      0.7940E-03 -0.5531E-06  0.3504E-01 -0.1301      0.9426E-01   0.000       0.000       0.000        0.000       0.000       0.000       0.000       0.000       0.000                           -0.5531E-06 -0.5531E-06   0.000    
   5788800.0   10.89605908   10.9746   0.000       0.000      0.7857E-03  0.3601E-06  0.3502E-01 -0.1300      0.9421E-01   0.000       0.000       0.000        0.000       0.000       0.000       0.000       0.000       0.000                            0.3601E-06  0.3601E-06   0.000    
   5875200.0   10.89655958   10.9751   0.000       0.000      0.7852E-03 -0.4345E-07  0.3504E-01 -0.1301      0.9427E-01   0.000       0.000       0.000        0.000       0.000       0.000       0.000       0.000       0.000                           -0.4345E-07 -0.4345E-07   0.000    
   5961600.0   10.89298224   10.9709   0.000       0.000      0.7796E-03  0.3105E-06  0.3501E-01 -0.1300      0.9417E-01   0.000       0.000       0.000        0.000       0.000       0.000       0.000       0.000       0.000                            0.3105E-06  0.3105E-06   0.000    
   6048000.0   10.88281008   10.9595   0.000       0.000      0.7667E-03  0.8830E-06  0.3486E-01 -0.1294      0.9377E-01   0.000       0.000       0.000        0.000       0.000       0.000       0.000       0.000       0.000                            0.8830E-06  0.8830E-06   0.000    
   6134400.0   10.86960698   10.9450   0.000       0.000      0.7534E-03  0.1146E-05  0.3467E-01 -0.1287      0.9325E-01   0.000       0.000       0.000        0.000       0.000       0.000       0.000       0.000       0.000                            0.1146E-05  0.1146E-05   0.000    
   6220800.0   10.85570876   10.9296   0.000       0.000      0.7387E-03  0.1206E-05  0.3444E-01 -0.1278      0.9261E-01   0.000       0.000       0.000        0.000       0.000       0.000       0.000       0.000       0.000                            0.1206E-05  0.1206E-05   0.000    
   6307200.0   10.84128696   10.9138   0.000       0.000      0.7255E-03  0.1252E-05  0.3419E-01 -0.1269      0.9194E-01   0.000       0.000       0.000        0.000       0.000       0.000       0.000       0.000       0.000                            0.1252E-05  0.1252E-05   0.000    
   6393600.0   10.82730291   10.8985   0.000       0.000      0.7116E-03  0.1214E-05  0.3393E-01 -0.1259      0.9122E-01   0.000       0.000       0.000        0.000       0.000       0.000       0.000       0.000       0.000                            0.1214E-05  0.1214E-05   0.000    
   6480000.0   10.81332885   10.8832   0.000       0.000      0.6992E-03  0.1213E-05  0.3368E-01 -0.1249      0.9052E-01   0.000       0.000       0.000        0.000       0.000       0.000       0.000       0.000       0.000                            0.1213E-05  0.1213E-05   0.000    
   6566400.0   10.79990308   10.8685   0.000       0.000      0.6860E-03  0.1165E-05  0.3341E-01 -0.1239      0.8979E-01   0.000       0.000       0.000        0.000       0.000       0.000       0.000       0.000       0.000                            0.1165E-05  0.1165E-05   0.000    
   6652800.0   10.78648189   10.8539   0.000       0.000      0.6741E-03  0.1165E-05  0.3315E-01 -0.1229      0.8908E-01   0.000       0.000       0.000        0.000       0.000       0.000       0.000       0.000       0.000                            0.1165E-05  0.1165E-05   0.000    
   6739200.0   10.77381267   10.8400   0.000       0.000      0.6616E-03  0.1100E-05  0.3288E-01 -0.1219      0.8836E-01   0.000       0.000       0.000        0.000       0.000       0.000       0.000       0.000       0.000                            0.1100E-05  0.1100E-05   0.000    
   6825600.0   10.76097814   10.8260   0.000       0.000      0.6501E-03  0.1114E-05  0.3263E-01 -0.1209      0.8765E-01   0.000       0.000       0.000        0.000       0.000       0.000       0.000       0.000       0.000                            0.1114E-05  0.1114E-05   0.000    
   6912000.0   10.74861153   10.8124   0.000       0.000      0.6376E-03  0.1073E-05  0.3236E-01 -0.1199      0.8692E-01   0.000       0.000       0.000        0.000       0.000       0.000       0.000       0.000       0.000                            0.1073E-05  0.1073E-05   0.000    
   6998400.0   10.73627139   10.7989   0.000       0.000      0.6266E-03  0.1071E-05  0.3210E-01 -0.1189      0.8622E-01   0.000       0.000       0.000        0.000       0.000       0.000       0.000       0.000       0.000                            0.1071E-05  0.1071E-05   0.000    
   7084800.0   10.72457928   10.7861   0.000       0.000      0.6153E-03  0.1015E-05  0.3184E-01 -0.1180      0.8552E-01   0.000       0.000       0.000        0.000       0.000       0.000       0.000       0.000       0.000                            0.1015E-05  0.1015E-05   0.000    
   7171200.0   10.71332966   10.7738   0.000       0.000      0.6044E-03  0.9765E-06  0.3159E-01 -0.1170      0.8483E-01   0.000       0.000       0.000        0.000       0.000       0.000       0.000       0.000       0.000                            0.9765E-06  0.9765E-06   0.000    
   7257600.0   10.70235257   10.7618   0.000       0.000      0.5940E-03  0.9529E-06  0.3135E-01 -0.1161      0.8416E-01   0.000       0.000       0.000        0.000       0.000       0.000       0.000       0.000       0.000                            0.9529E-06  0.9529E-06   0.000    
   7344000.0   10.69191567   10.7503   0.000       0.000      0.5836E-03  0.9060E-06  0.3110E-01 -0.1152      0.8349E-01   0.000       0.000       0.000        0.000       0.000       0.000       0.000       0.000       0.000                            0.9060E-06  0.9060E-06   0.000    
   7430400.0   10.68250971   10.7400   0.000       0.000      0.5751E-03  0.8165E-06  0.3088E-01 -0.1144      0.8289E-01   0.000       0.000       0.000        0.000       0.000       0.000       0.000       0.000       0.000                            0.8165E-06  0.8165E-06   0.000    
   7516800.0   10.67336277   10.7299   0.000       0.000      0.5658E-03  0.7940E-06  0.3066E-01 -0.1135      0.8229E-01   0.000       0.000       0.000        0.000       0.000       0.000       0.000       0.000       0.000                            0.7940E-06  0.7940E-06   0.000    
   7603200.0   10.66380885   10.7195   0.000       0.000      0.5565E-03  0.8293E-06  0.3044E-01 -0.1127      0.8168E-01   0.000       0.000       0.000        0.000       0.000       0.000       0.000       0.000       0.000                            0.8293E-06  0.8293E-06   0.000    
   7689600.0   10.65474625   10.7094   0.000       0.000      0.5470E-03  0.7867E-06  0.3021E-01 -0.1118      0.8107E-01   0.000       0.000       0.000        0.000       0.000       0.000       0.000       0.000       0.000                            0.7867E-06  0.7867E-06   0.000    
   7776000.0   10.64624446   10.7002   0.000       0.000      0.5391E-03  0.7380E-06  0.3001E-01 -0.1111      0.8051E-01   0.000       0.000       0.000        0.000       0.000       0.000       0.000       0.000       0.000                            0.7380E-06  0.7380E-06   0.000    
   7862400.0   10.63780723   10.6908   0.000       0.000      0.5301E-03  0.7324E-06  0.2979E-01 -0.1102      0.7992E-01   0.000       0.000       0.000        0.000       0.000       0.000       0.000       0.000       0.000                            0.7324E-06  0.7324E-06   0.000    
   7948800.0   10.62947222   10.6817   0.000       0.000      0.5222E-03  0.7235E-06  0.2959E-01 -0.1095      0.7937E-01   0.000       0.000       0.000        0.000       0.000       0.000       0.000       0.000       0.000                            0.7235E-06  0.7235E-06   0.000    
   8035200.0   10.62161585   10.6730   0.000       0.000      0.5137E-03  0.6820E-06  0.2938E-01 -0.1087      0.7880E-01   0.000       0.000       0.000        0.000       0.000       0.000       0.000       0.000       0.000                            0.6820E-06  0.6820E-06   0.000    
   8121600.0   10.61379480   10.6644   0.000       0.000      0.5064E-03  0.6789E-06  0.2919E-01 -0.1080      0.7828E-01   0.000       0.000       0.000        0.000       0.000       0.000       0.000       0.000       0.000                            0.6789E-06  0.6789E-06   0.000    
   8208000.0   10.60643655   10.6563   0.000       0.000      0.4984E-03  0.6387E-06  0.2899E-01 -0.1072      0.7773E-01   0.000       0.000       0.000        0.000       0.000       0.000       0.000       0.000       0.000                            0.6387E-06  0.6387E-06   0.000    
   8294400.0   10.59906583   10.6482   0.000       0.000      0.4915E-03  0.6398E-06  0.2880E-01 -0.1065      0.7723E-01   0.000       0.000       0.000        0.000       0.000       0.000       0.000       0.000       0.000                            0.6398E-06  0.6398E-06   0.000    
   8380800.0   10.63575225   10.6905   0.000       0.000      0.5472E-03 -0.3185E-05  0.2943E-01 -0.1089      0.7892E-01   0.000       0.000       0.000        0.000       0.000       0.000       0.000       0.000       0.000                           -0.3185E-05 -0.3185E-05   0.000    
   8467200.0   10.63851076   10.6927   0.000       0.000      0.5420E-03 -0.2395E-06  0.2953E-01 -0.1093      0.7920E-01   0.000       0.000       0.000        0.000       0.000       0.000       0.000       0.000       0.000                           -0.2395E-06 -0.2395E-06   0.000    
   8553600.0   10.63874981   10.6926   0.000       0.000      0.5389E-03 -0.2075E-07  0.2956E-01 -0.1094      0.7928E-01   0.000       0.000       0.000        0.000       0.000       0.000       0.000       0.000       0.000                           -0.2075E-07 -0.2075E-07   0.000    
   8640000.0   10.63544432   10.6887   0.000       0.000      0.5324E-03  0.2869E-06  0.2950E-01 -0.1091      0.7912E-01   0.000       0.000       0.000        0.000       0.000       0.000       0.000       0.000       0.000                            0.2869E-06  0.2869E-06   0.000    
   8726400.0   10.63032312   10.6829   0.000       0.000      0.5258E-03  0.4445E-06  0.2940E-01 -0.1088      0.7885E-01   0.000       0.000       0.000        0.000       0.000       0.000       0.000       0.000       0.000                            0.4445E-06  0.4445E-06   0.000    
   8812800.0   10.62448289   10.6763   0.000       0.000      0.5187E-03  0.5070E-06  0.2927E-01 -0.1083      0.7850E-01   0.000       0.000       0.000        0.000       0.000       0.000       0.000       0.000       0.000                            0.5070E-06  0.5070E-06   0.000    
   8899200.0   10.61710590   10.6681   0.000       0.000      0.5101E-03  0.6404E-06  0.2911E-01 -0.1077      0.7806E-01   0.000       0.000       0.000        0.000       0.000       0.000       0.000       0.000       0.000                            0.6404E-06  0.6404E-06   0.000    
   8985600.0   10.61496592   10.6660   0.000       0.000      0.5099E-03  0.1858E-06  0.2903E-01 -0.1074      0.7786E-01   0.000       0.000       0.000        0.000       0.000       0.000       0.000       0.000       0.000                            0.1858E-06  0.1858E-06   0.000    
   9072000.0   10.62142875   10.6735   0.000       0.000      0.5205E-03 -0.5610E-06  0.2912E-01 -0.1077      0.7810E-01   0.000       0.000       0.000        0.000       0.000       0.000       0.000       0.000       0.000                           -0.5610E-06 -0.5610E-06   0.000    
   9158400.0   10.61842051   10.6699   0.000       0.000      0.5148E-03  0.2611E-06  0.2906E-01 -0.1075      0.7793E-01   0.000       0.000       0.000        0.000       0.000       0.000       0.000       0.000       0.000                            0.2611E-06  0.2611E-06   0.000    
   9244800.0   10.64036964   10.6951   0.000       0.000      0.5474E-03 -0.1905E-05  0.2945E-01 -0.1090      0.7900E-01   0.000       0.000       0.000        0.000       0.000       0.000       0.000       0.000       0.000                           -0.1905E-05 -0.1905E-05   0.000    
   9331200.0   10.69566020   10.7573   0.000       0.000      0.6164E-03 -0.4800E-05  0.3044E-01 -0.1127      0.8169E-01   0.000       0.000       0.000        0.000       0.000       0.000       0.000       0.000       0.000                           -0.4800E-05 -0.4800E-05   0.000    
   9417600.0   10.83112359   10.9082   0.000       0.000      0.7709E-03 -0.1176E-04  0.3270E-01 -0.1213      0.8782E-01   0.000       0.000       0.000        0.000       0.000       0.000       0.000       0.000       0.000                           -0.1176E-04 -0.1176E-04   0.000    
   9504000.0   10.92762525   11.0122   0.000       0.000      0.8460E-03 -0.8377E-05  0.3441E-01 -0.1277      0.9249E-01   0.000       0.000       0.000        0.000       0.000       0.000       0.000       0.000       0.000                           -0.8377E-05 -0.8377E-05   0.000    
   9590400.0   10.90238714   10.9810   0.000       0.000      0.7857E-03  0.2191E-05  0.3448E-01 -0.1280      0.9269E-01   0.000       0.000       0.000        0.000       0.000       0.000       0.000       0.000       0.000                            0.2191E-05  0.2191E-05   0.000    
   9676800.0   10.87682719   10.9517   0.000       0.000      0.7490E-03  0.2219E-05  0.3429E-01 -0.1272      0.9217E-01   0.000       0.000       0.000        0.000       0.000       0.000       0.000       0.000       0.000                            0.2219E-05  0.2219E-05   0.000    
   9763200.0   10.85172888   10.9238   0.000       0.000      0.7204E-03  0.2179E-05  0.3398E-01 -0.1260      0.9134E-01   0.000       0.000       0.000        0.000       0.000       0.000       0.000       0.000       0.000                            0.2179E-05  0.2179E-05   0.000    
   9849600.0   10.82876510   10.8985   0.000       0.000      0.6978E-03  0.1993E-05  0.3364E-01 -0.1248      0.9041E-01   0.000       0.000       0.000        0.000       0.000       0.000       0.000       0.000       0.000                            0.1993E-05  0.1993E-05   0.000    
   9936000.0   10.84445415   10.9167   0.000       0.000      0.7224E-03 -0.1362E-05  0.3382E-01 -0.1254      0.9090E-01   0.000       0.000       0.000        0.000       0.000       0.000       0.000       0.000       0.000                           -0.1362E-05 -0.1362E-05   0.000    
  10022400.0   10.85632010   10.9299   0.000       0.000      0.7359E-03 -0.1030E-05  0.3403E-01 -0.1262      0.9146E-01   0.000       0.000       0.000        0.000       0.000       0.000       0.000       0.000       0.000                           -0.1030E-05 -0.1030E-05   0.000    
  10108800.0   10.85927773   10.9329   0.000       0.000      0.7367E-03 -0.2567E-06  0.3412E-01 -0.1266      0.9171E-01   0.000       0.000       0.000        0.000       0.000       0.000       0.000       0.000       0.000                           -0.2567E-06 -0.2567E-06   0.000    
  10195200.0   10.86886021   10.9435   0.000       0.000      0.7459E-03 -0.8318E-06  0.3429E-01 -0.1272      0.9217E-01   0.000       0.000       0.000        0.000       0.000       0.000       0.000       0.000       0.000                           -0.8318E-06 -0.8318E-06   0.000    
  10281600.0   10.87353094   10.9484   0.000       0.000      0.7487E-03 -0.4054E-06  0.3440E-01 -0.1276      0.9248E-01   0.000       0.000       0.000        0.000       0.000       0.000       0.000       0.000       0.000                           -0.4054E-06 -0.4054E-06   0.000    
  10368000.0   10.86275301   10.9363   0.000       0.000      0.7350E-03  0.9356E-06  0.3430E-01 -0.1273      0.9221E-01   0.000       0.000       0.000        0.000       0.000       0.000       0.000       0.000       0.000                            0.9356E-06  0.9356E-06   0.000    
  10454400.0   10.84746901   10.9192   0.000       0.000      0.7174E-03  0.1327E-05  0.3408E-01 -0.1264      0.9162E-01   0.000       0.000       0.000        0.000       0.000       0.000       0.000       0.000       0.000                            0.1327E-05  0.1327E-05   0.000    
  10540800.0   10.84707391   10.9192   0.000       0.000      0.7208E-03  0.3430E-07  0.3406E-01 -0.1263      0.9154E-01   0.000       0.000       0.000        0.000       0.000       0.000       0.000       0.000       0.000                            0.3430E-07  0.3430E-07   0.000    
  10627200.0   10.85379317   10.9269   0.000       0.000      0.7306E-03 -0.5833E-06  0.3415E-01 -0.1267      0.9180E-01   0.000       0.000       0.000        0.000       0.000       0.000       0.000       0.000       0.000                           -0.5833E-06 -0.5833E-06   0.000    
  10713600.0   10.85401080   10.9270   0.000       0.000      0.7299E-03 -0.1889E-07  0.3418E-01 -0.1268      0.9186E-01   0.000       0.000       0.000        0.000       0.000       0.000       0.000       0.000       0.000                           -0.1889E-07 -0.1889E-07   0.000    
  10800000.0   10.84644669   10.9184   0.000       0.000      0.7199E-03  0.6566E-06  0.3408E-01 -0.1264      0.9159E-01   0.000       0.000       0.000        0.000       0.000       0.000       0.000       0.000       0.000                            0.6566E-06  0.6566E-06   0.000    
  10886400.0   10.83396208   10.9047   0.000       0.000      0.7073E-03  0.1084E-05  0.3390E-01 -0.1257      0.9112E-01   0.000       0.000       0.000        0.000       0.000       0.000       0.000       0.000       0.000                            0.1084E-05  0.1084E-05   0.000    
  10972800.0   10.81962677   10.8888   0.000       0.000      0.6920E-03  0.1244E-05  0.3366E-01 -0.1248      0.9045E-01   0.000       0.000       0.000        0.000       0.000       0.000       0.000       0.000       0.000                            0.1244E-05  0.1244E-05   0.000    
  11059200.0   10.80280292   10.8704   0.000       0.000      0.6763E-03  0.1460E-05  0.3337E-01 -0.1237      0.8968E-01   0.000       0.000       0.000        0.000       0.000       0.000       0.000       0.000       0.000                            0.1460E-05  0.1460E-05   0.000    
  11145600.0   10.78617812   10.8523   0.000       0.000      0.6610E-03  0.1443E-05  0.3307E-01 -0.1226      0.8885E-01   0.000       0.000       0.000        0.000       0.000       0.000       0.000       0.000       0.000                            0.1443E-05  0.1443E-05   0.000    
  11232000.0   10.77067669   10.8353   0.000       0.000      0.6462E-03  0.1346E-05  0.3276E-01 -0.1214      0.8800E-01   0.000       0.000       0.000        0.000       0.000       0.000       0.000       0.000       0.000                            0.1346E-05  0.1346E-05   0.000    
  11318400.0   10.75567527   10.8190   0.000       0.000      0.6335E-03  0.1302E-05  0.3246E-01 -0.1203      0.8720E-01   0.000       0.000       0.000        0.000       0.000       0.000       0.000       0.000       0.000                            0.1302E-05  0.1302E-05   0.000    
  11404800.0   10.76006683   10.8246   0.000       0.000      0.6449E-03 -0.3812E-06  0.3247E-01 -0.1203      0.8720E-01   0.000       0.000       0.000        0.000       0.000       0.000       0.000       0.000       0.000                           -0.3812E-06 -0.3812E-06   0.000    
  11491200.0   10.74653209   10.8093   0.000       0.000      0.6276E-03  0.1175E-05  0.3222E-01 -0.1194      0.8652E-01   0.000       0.000       0.000        0.000       0.000       0.000       0.000       0.000       0.000                            0.1175E-05  0.1175E-05   0.000    
  11577600.0   10.76796690   10.8339   0.000       0.000      0.6591E-03 -0.1861E-05  0.3251E-01 -0.1205      0.8731E-01   0.000       0.000       0.000        0.000       0.000       0.000       0.000       0.000       0.000                           -0.1861E-05 -0.1861E-05   0.000    
  11664000.0   10.82553811   10.8982   0.000       0.000      0.7270E-03 -0.4998E-05  0.3340E-01 -0.1239      0.8974E-01   0.000       0.000       0.000        0.000       0.000       0.000       0.000       0.000       0.000                           -0.4998E-05 -0.4998E-05   0.000    
  11750400.0   10.96389651   11.0510   0.000       0.000      0.8710E-03 -0.1201E-04  0.3543E-01 -0.1315      0.9525E-01   0.000       0.000       0.000        0.000       0.000       0.000       0.000       0.000       0.000                           -0.1201E-04 -0.1201E-04   0.000    
  11836800.0   10.93077600   11.0109   0.000       0.000      0.8014E-03  0.2875E-05  0.3538E-01 -0.1313      0.9512E-01   0.000       0.000       0.000        0.000       0.000       0.000       0.000       0.000       0.000                            0.2875E-05  0.2875E-05   0.000    
  11923200.0   10.90450304   10.9811   0.000       0.000      0.7660E-03  0.2281E-05  0.3514E-01 -0.1304      0.9448E-01   0.000       0.000       0.000        0.000       0.000       0.000       0.000       0.000       0.000                            0.2281E-05  0.2281E-05   0.000    
  12009600.0   10.88193072   10.9560   0.000       0.000      0.7406E-03  0.1959E-05  0.3484E-01 -0.1292      0.9366E-01   0.000       0.000       0.000        0.000       0.000       0.000       0.000       0.000       0.000                            0.1959E-05  0.1959E-05   0.000    
  12096000.0   10.87670277   10.9506   0.000       0.000      0.7393E-03  0.4538E-06  0.3474E-01 -0.1289      0.9340E-01   0.000       0.000       0.000        0.000       0.000       0.000       0.000       0.000       0.000                            0.4538E-06  0.4538E-06   0.000    
  12182400.0   10.86943333   10.9427   0.000       0.000      0.7330E-03  0.6310E-06  0.3463E-01 -0.1285      0.9309E-01   0.000       0.000       0.000        0.000       0.000       0.000       0.000       0.000       0.000                            0.6310E-06  0.6310E-06   0.000    
  12268800.0   10.85751603   10.9295   0.000       0.000      0.7203E-03  0.1034E-05  0.3444E-01 -0.1277      0.9258E-01   0.000       0.000       0.000        0.000       0.000       0.000       0.000       0.000       0.000                            0.1034E-05  0.1034E-05   0.000    
  12355200.0   10.84272153   10.9133   0.000       0.000      0.7061E-03  0.1284E-05  0.3421E-01 -0.1269      0.9193E-01   0.000       0.000       0.000        0.000       0.000       0.000       0.000       0.000       0.000                            0.1284E-05  0.1284E-05   0.000    
  12441600.0   10.83261002   10.9024   0.000       0.000      0.6977E-03  0.8777E-06  0.3402E-01 -0.1261      0.9141E-01   0.000       0.000       0.000        0.000       0.000       0.000       0.000       0.000       0.000                            0.8777E-06  0.8777E-06   0.000    
  12528000.0   10.86979910   10.9444   0.000       0.000      0.7458E-03 -0.3228E-05  0.3451E-01 -0.1280      0.9274E-01   0.000       0.000       0.000        0.000       0.000       0.000       0.000       0.000       0.000                           -0.3228E-05 -0.3228E-05   0.000    
  12614400.0   10.91111305   10.9897   0.000       0.000      0.7861E-03 -0.3586E-05  0.3513E-01 -0.1304      0.9444E-01   0.000       0.000       0.000        0.000       0.000       0.000       0.000       0.000       0.000                           -0.3586E-05 -0.3586E-05   0.000    
  12700800.0   10.90219357   10.9787   0.000       0.000      0.7655E-03  0.7743E-06  0.3515E-01 -0.1304      0.9448E-01   0.000       0.000       0.000        0.000       0.000       0.000       0.000       0.000       0.000                            0.7743E-06  0.7743E-06   0.000    
  12787200.0   10.88884245   10.9636   0.000       0.000      0.7472E-03  0.1159E-05  0.3500E-01 -0.1298      0.9409E-01   0.000       0.000       0.000        0.000       0.000       0.000       0.000       0.000       0.000                            0.1159E-05  0.1159E-05   0.000    
  12873600.0   10.87192848   10.9448   0.000       0.000      0.7290E-03  0.1468E-05  0.3477E-01 -0.1290      0.9346E-01   0.000       0.000       0.000        0.000       0.000       0.000       0.000       0.000       0.000                            0.1468E-05  0.1468E-05   0.000    
  12960000.0   10.87624669   10.9500   0.000       0.000      0.7372E-03 -0.3748E-06  0.3480E-01 -0.1291      0.9354E-01   0.000       0.000       0.000        0.000       0.000       0.000       0.000       0.000       0.000                           -0.3748E-06 -0.3748E-06   0.000    
  13046400.0   10.86870904   10.9415   0.000       0.000      0.7283E-03  0.6543E-06  0.3470E-01 -0.1287      0.9325E-01   0.000       0.000       0.000        0.000       0.000       0.000       0.000       0.000       0.000                            0.6543E-06  0.6543E-06   0.000    
  13132800.0   10.85786938   10.9295   0.000       0.000      0.7163E-03  0.9409E-06  0.3452E-01 -0.1280      0.9278E-01   0.000       0.000       0.000        0.000       0.000       0.000       0.000       0.000       0.000                            0.9409E-06  0.9409E-06   0.000    
  13219200.0   10.85050485   10.9215   0.000       0.000      0.7100E-03  0.6393E-06  0.3439E-01 -0.1275      0.9241E-01   0.000       0.000       0.000        0.000       0.000       0.000       0.000       0.000       0.000                            0.6393E-06  0.6393E-06   0.000    
  13305600.0   10.83941856   10.9094   0.000       0.000      0.6995E-03  0.9624E-06  0.3421E-01 -0.1268      0.9192E-01   0.000       0.000       0.000        0.000       0.000       0.000       0.000       0.000       0.000                            0.9624E-06  0.9624E-06   0.000    
  13392000.0   10.85721439   10.9296   0.000       0.000      0.7234E-03 -0.1545E-05  0.3442E-01 -0.1276      0.9250E-01   0.000       0.000       0.000        0.000       0.000       0.000       0.000       0.000       0.000                           -0.1545E-05 -0.1545E-05   0.000    
  13478400.0   10.86968378   10.9432   0.000       0.000      0.7355E-03 -0.1082E-05  0.3462E-01 -0.1284      0.9304E-01   0.000       0.000       0.000        0.000       0.000       0.000       0.000       0.000       0.000                           -0.1082E-05 -0.1082E-05   0.000    
  13564800.0   10.86543311   10.9381   0.000       0.000      0.7264E-03  0.3690E-06  0.3460E-01 -0.1283      0.9299E-01   0.000       0.000       0.000        0.000       0.000       0.000       0.000       0.000       0.000                            0.3690E-06  0.3690E-06   0.000    
  13651200.0   10.85764766   10.9292   0.000       0.000      0.7160E-03  0.6758E-06  0.3450E-01 -0.1279      0.9270E-01   0.000       0.000       0.000        0.000       0.000       0.000       0.000       0.000       0.000                            0.6758E-06  0.6758E-06   0.000    
  13737600.0   10.84679103   10.9172   0.000       0.000      0.7044E-03  0.9424E-06  0.3434E-01 -0.1273      0.9226E-01   0.000       0.000       0.000        0.000       0.000       0.000       0.000       0.000       0.000                            0.9424E-06  0.9424E-06   0.000    
  13824000.0   10.88313236   10.9581   0.000       0.000      0.7492E-03 -0.3155E-05  0.3482E-01 -0.1291      0.9356E-01   0.000       0.000       0.000        0.000       0.000       0.000       0.000       0.000       0.000                           -0.3155E-05 -0.3155E-05   0.000    
  13910400.0   10.93361225   11.0136   0.000       0.000      0.8002E-03 -0.4382E-05  0.3558E-01 -0.1320      0.9562E-01   0.000       0.000       0.000        0.000       0.000       0.000       0.000       0.000       0.000                           -0.4382E-05 -0.4382E-05   0.000    
  13996800.0   10.92991393   11.0082   0.000       0.000      0.7828E-03  0.3210E-06  0.3568E-01 -0.1324      0.9590E-01   0.000       0.000       0.000        0.000       0.000       0.000       0.000       0.000       0.000                            0.3210E-06  0.3210E-06   0.000    
  14083200.0   10.91705503   10.9934   0.000       0.000      0.7631E-03  0.1116E-05  0.3556E-01 -0.1319      0.9559E-01   0.000       0.000       0.000        0.000       0.000       0.000       0.000       0.000       0.000                            0.1116E-05  0.1116E-05   0.000    
  14169600.0   10.92858877   11.0063   0.000       0.000      0.7772E-03 -0.1001E-05  0.3574E-01 -0.1326      0.9607E-01   0.000       0.000       0.000        0.000       0.000       0.000       0.000       0.000       0.000                           -0.1001E-05 -0.1001E-05   0.000    
  14256000.0   10.93779039   11.0163   0.000       0.000      0.7846E-03 -0.7988E-06  0.3590E-01 -0.1332      0.9651E-01   0.000       0.000       0.000        0.000       0.000       0.000       0.000       0.000       0.000                           -0.7988E-06 -0.7988E-06   0.000    
  14342400.0   10.98694667   11.0704   0.000       0.000      0.8349E-03 -0.4267E-05  0.3658E-01 -0.1357      0.9834E-01   0.000       0.000       0.000        0.000       0.000       0.000       0.000       0.000       0.000                           -0.4267E-05 -0.4267E-05   0.000    
  14428800.0   11.11368529   11.2094   0.000       0.000      0.9573E-03 -0.1100E-04  0.3824E-01 -0.1421      0.1029       0.000       0.000       0.000        0.000       0.000       0.000       0.000       0.000       0.000                           -0.1100E-04 -0.1100E-04   0.000    
  14515200.0   11.10396445   11.1960   0.000       0.000      0.9206E-03  0.8438E-06  0.3849E-01 -0.1430      0.1035       0.000       0.000       0.000        0.000       0.000       0.000       0.000       0.000       0.000                            0.8438E-06  0.8438E-06   0.000    
  14601600.0   11.12074863   11.2136   0.000       0.000      0.9288E-03 -0.1457E-05  0.3885E-01 -0.1443      0.1045       0.000       0.000       0.000        0.000       0.000       0.000       0.000       0.000       0.000                           -0.1457E-05 -0.1457E-05   0.000    
  14688000.0   11.16133604   11.2575   0.000       0.000      0.9621E-03 -0.3523E-05  0.3945E-01 -0.1466      0.1062       0.000       0.000       0.000        0.000       0.000       0.000       0.000       0.000       0.000                           -0.3523E-05 -0.3523E-05   0.000    
  14774400.0   11.17368883   11.2700   0.000       0.000      0.9633E-03 -0.1072E-05  0.3977E-01 -0.1477      0.1070       0.000       0.000       0.000        0.000       0.000       0.000       0.000       0.000       0.000                           -0.1072E-05 -0.1072E-05   0.000    
  14860800.0   11.16304479   11.2575   0.000       0.000      0.9450E-03  0.9240E-06  0.3978E-01 -0.1478      0.1071       0.000       0.000       0.000        0.000       0.000       0.000       0.000       0.000       0.000                            0.9240E-06  0.9240E-06   0.000    
  14947200.0   11.15071057   11.2437   0.000       0.000      0.9299E-03  0.1071E-05  0.3970E-01 -0.1475      0.1068       0.000       0.000       0.000        0.000       0.000       0.000       0.000       0.000       0.000                            0.1071E-05  0.1071E-05   0.000    
  15033600.0   11.13192426   11.2232   0.000       0.000      0.9126E-03  0.1631E-05  0.3953E-01 -0.1468      0.1064       0.000       0.000       0.000        0.000       0.000       0.000       0.000       0.000       0.000                            0.1631E-05  0.1631E-05   0.000    
  15120000.0   11.11123650   11.2005   0.000       0.000      0.8928E-03  0.1796E-05  0.3928E-01 -0.1459      0.1057       0.000       0.000       0.000        0.000       0.000       0.000       0.000       0.000       0.000                            0.1796E-05  0.1796E-05   0.000    
  15206400.0   11.08760839   11.1749   0.000       0.000      0.8731E-03  0.2051E-05  0.3899E-01 -0.1448      0.1049       0.000       0.000       0.000        0.000       0.000       0.000       0.000       0.000       0.000                            0.2051E-05  0.2051E-05   0.000    
  15292800.0   11.06329711   11.1484   0.000       0.000      0.8515E-03  0.2110E-05  0.3864E-01 -0.1434      0.1039       0.000       0.000       0.000        0.000       0.000       0.000       0.000       0.000       0.000                            0.2110E-05  0.2110E-05   0.000    
  15379200.0   11.09728724   11.1866   0.000       0.000      0.8933E-03 -0.2951E-05  0.3897E-01 -0.1447      0.1048       0.000       0.000       0.000        0.000       0.000       0.000       0.000       0.000       0.000                           -0.2951E-05 -0.2951E-05   0.000    
  15465600.0   11.11203926   11.2025   0.000       0.000      0.9044E-03 -0.1281E-05  0.3920E-01 -0.1455      0.1054       0.000       0.000       0.000        0.000       0.000       0.000       0.000       0.000       0.000                           -0.1281E-05 -0.1281E-05   0.000    
  15552000.0   11.09891035   11.1876   0.000       0.000      0.8864E-03  0.1140E-05  0.3911E-01 -0.1452      0.1052       0.000       0.000       0.000        0.000       0.000       0.000       0.000       0.000       0.000                            0.1140E-05  0.1140E-05   0.000    
  15638400.0   11.07670604   11.1630   0.000       0.000      0.8634E-03  0.1927E-05  0.3886E-01 -0.1442      0.1045       0.000       0.000       0.000        0.000       0.000       0.000       0.000       0.000       0.000                            0.1927E-05  0.1927E-05   0.000    
  15724800.0   11.05408336   11.1384   0.000       0.000      0.8427E-03  0.1964E-05  0.3855E-01 -0.1431      0.1037       0.000       0.000       0.000        0.000       0.000       0.000       0.000       0.000       0.000                            0.1964E-05  0.1964E-05   0.000    
  15811200.0   11.03212173   11.1145   0.000       0.000      0.8236E-03  0.1906E-05  0.3823E-01 -0.1418      0.1028       0.000       0.000       0.000        0.000       0.000       0.000       0.000       0.000       0.000                            0.1906E-05  0.1906E-05   0.000    
  15897600.0   11.01130504   11.0919   0.000       0.000      0.8064E-03  0.1807E-05  0.3790E-01 -0.1406      0.1019       0.000       0.000       0.000        0.000       0.000       0.000       0.000       0.000       0.000                            0.1807E-05  0.1807E-05   0.000    
  15984000.0   10.99698627   11.0766   0.000       0.000      0.7963E-03  0.1243E-05  0.3764E-01 -0.1396      0.1012       0.000       0.000       0.000        0.000       0.000       0.000       0.000       0.000       0.000                            0.1243E-05  0.1243E-05   0.000    
  16070400.0   10.97834422   11.0563   0.000       0.000      0.7791E-03  0.1618E-05  0.3733E-01 -0.1384      0.1003       0.000       0.000       0.000        0.000       0.000       0.000       0.000       0.000       0.000                            0.1618E-05  0.1618E-05   0.000    
  16156800.0   10.96002620   11.0365   0.000       0.000      0.7646E-03  0.1590E-05  0.3702E-01 -0.1373      0.9950E-01   0.000       0.000       0.000        0.000       0.000       0.000       0.000       0.000       0.000                            0.1590E-05  0.1590E-05   0.000    
  16243200.0   10.94240432   11.0173   0.000       0.000      0.7489E-03  0.1530E-05  0.3670E-01 -0.1361      0.9863E-01   0.000       0.000       0.000        0.000       0.000       0.000       0.000       0.000       0.000                            0.1530E-05  0.1530E-05   0.000    
  16329600.0   10.92519110   10.9987   0.000       0.000      0.7351E-03  0.1494E-05  0.3640E-01 -0.1349      0.9779E-01   0.000       0.000       0.000        0.000       0.000       0.000       0.000       0.000       0.000                            0.1494E-05  0.1494E-05   0.000    
  16416000.0   10.90883271   10.9809   0.000       0.000      0.7206E-03  0.1420E-05  0.3609E-01 -0.1338      0.9694E-01   0.000       0.000       0.000        0.000       0.000       0.000       0.000       0.000       0.000                            0.1420E-05  0.1420E-05   0.000    
  16502400.0   10.89292164   10.9637   0.000       0.000      0.7075E-03  0.1381E-05  0.3579E-01 -0.1326      0.9613E-01   0.000       0.000       0.000        0.000       0.000       0.000       0.000       0.000       0.000                            0.1381E-05  0.1381E-05   0.000    
  16588800.0   10.87775509   10.9472   0.000       0.000      0.6942E-03  0.1317E-05  0.3549E-01 -0.1315      0.9532E-01   0.000       0.000       0.000        0.000       0.000       0.000       0.000       0.000       0.000                            0.1317E-05  0.1317E-05   0.000    
  16675200.0   10.86318478   10.9313   0.000       0.000      0.6816E-03  0.1265E-05  0.3520E-01 -0.1304      0.9453E-01   0.000       0.000       0.000        0.000       0.000       0.000       0.000       0.000       0.000                            0.1265E-05  0.1265E-05   0.000    
  16761600.0   10.85204920   10.9194   0.000       0.000      0.6732E-03  0.9666E-06  0.3496E-01 -0.1295      0.9388E-01   0.000       0.000       0.000        0.000       0.000       0.000       0.000       0.000       0.000                            0.9666E-06  0.9666E-06   0.000    
  16848000.0   10.84381011   10.9105   0.000       0.000      0.6668E-03  0.7152E-06  0.3477E-01 -0.1288      0.9334E-01   0.000       0.000       0.000        0.000       0.000       0.000       0.000       0.000       0.000                            0.7152E-06  0.7152E-06   0.000    
  16934400.0   10.84609523   10.9134   0.000       0.000      0.6728E-03 -0.1984E-06  0.3474E-01 -0.1287      0.9325E-01   0.000       0.000       0.000        0.000       0.000       0.000       0.000       0.000       0.000                           -0.1984E-06 -0.1984E-06   0.000    
  17020800.0   10.84244694   10.9093   0.000       0.000      0.6685E-03  0.3167E-06  0.3465E-01 -0.1283      0.9301E-01   0.000       0.000       0.000        0.000       0.000       0.000       0.000       0.000       0.000                            0.3167E-06  0.3167E-06   0.000    
  17107200.0   10.82931266   10.8946   0.000       0.000      0.6532E-03  0.1140E-05  0.3442E-01 -0.1275      0.9238E-01   0.000       0.000       0.000        0.000       0.000       0.000       0.000       0.000       0.000                            0.1140E-05  0.1140E-05   0.000    
  17193600.0   10.81700317   10.8811   0.000       0.000      0.6412E-03  0.1069E-05  0.3418E-01 -0.1266      0.9174E-01   0.000       0.000       0.000        0.000       0.000       0.000       0.000       0.000       0.000                            0.1069E-05  0.1069E-05   0.000    
  17280000.0   10.80480075   10.8677   0.000       0.000      0.6288E-03  0.1059E-05  0.3393E-01 -0.1256      0.9105E-01   0.000       0.000       0.000        0.000       0.000       0.000       0.000       0.000       0.000                            0.1059E-05  0.1059E-05   0.000    
  17366400.0   10.79242007   10.8542   0.000       0.000      0.6182E-03  0.1075E-05  0.3368E-01 -0.1247      0.9038E-01   0.000       0.000       0.000        0.000       0.000       0.000       0.000       0.000       0.000                            0.1075E-05  0.1075E-05   0.000    
  17452800.0   10.78074564   10.8414   0.000       0.000      0.6068E-03  0.1013E-05  0.3343E-01 -0.1237      0.8968E-01   0.000       0.000       0.000        0.000       0.000       0.000       0.000       0.000       0.000                            0.1013E-05  0.1013E-05   0.000    
  17539200.0   10.76920419   10.8289   0.000       0.000      0.5970E-03  0.1002E-05  0.3319E-01 -0.1228      0.8903E-01   0.000       0.000       0.000        0.000       0.000       0.000       0.000       0.000       0.000                            0.1002E-05  0.1002E-05   0.000    
  17625600.0   10.75832829   10.8170   0.000       0.000      0.5866E-03  0.9441E-06  0.3294E-01 -0.1219      0.8835E-01   0.000       0.000       0.000        0.000       0.000       0.000       0.000       0.000       0.000                            0.9441E-06  0.9441E-06   0.000    
  17712000.0   10.75207692   10.8104   0.000       0.000      0.5828E-03  0.5427E-06  0.3277E-01 -0.1213      0.8790E-01   0.000       0.000       0.000        0.000       0.000       0.000       0.000       0.000       0.000                            0.5427E-06  0.5427E-06   0.000    
  17798400.0   10.74196104   10.7993   0.000       0.000      0.5729E-03  0.8781E-06  0.3256E-01 -0.1204      0.8731E-01   0.000       0.000       0.000        0.000       0.000       0.000       0.000       0.000       0.000                            0.8781E-06  0.8781E-06   0.000    
  17884800.0   10.73188194   10.7881   0.000       0.000      0.5626E-03  0.8749E-06  0.3232E-01 -0.1196      0.8667E-01   0.000       0.000       0.000        0.000       0.000       0.000       0.000       0.000       0.000                            0.8749E-06  0.8749E-06   0.000    
  17971200.0   10.72193719   10.7774   0.000       0.000      0.5542E-03  0.8633E-06  0.3211E-01 -0.1187      0.8608E-01   0.000       0.000       0.000        0.000       0.000       0.000       0.000       0.000       0.000                            0.8633E-06  0.8633E-06   0.000    
  18057600.0   10.71259955   10.7671   0.000       0.000      0.5451E-03  0.8106E-06  0.3188E-01 -0.1179      0.8547E-01   0.000       0.000       0.000        0.000       0.000       0.000       0.000       0.000       0.000                            0.8106E-06  0.8106E-06   0.000    
  18144000.0   10.70334680   10.7571   0.000       0.000      0.5372E-03  0.8032E-06  0.3167E-01 -0.1171      0.8489E-01   0.000       0.000       0.000        0.000       0.000       0.000       0.000       0.000       0.000                            0.8032E-06  0.8032E-06   0.000    
  18230400.0   10.69457061   10.7474   0.000       0.000      0.5288E-03  0.7618E-06  0.3145E-01 -0.1163      0.8431E-01   0.000       0.000       0.000        0.000       0.000       0.000       0.000       0.000       0.000                            0.7618E-06  0.7618E-06   0.000    
  18316800.0   10.68592005   10.7380   0.000       0.000      0.5212E-03  0.7509E-06  0.3125E-01 -0.1155      0.8375E-01   0.000       0.000       0.000        0.000       0.000       0.000       0.000       0.000       0.000                            0.7509E-06  0.7509E-06   0.000    
  18403200.0   10.67762657   10.7290   0.000       0.000      0.5134E-03  0.7199E-06  0.3104E-01 -0.1147      0.8319E-01   0.000       0.000       0.000        0.000       0.000       0.000       0.000       0.000       0.000                            0.7199E-06  0.7199E-06   0.000    
  18489600.0   10.66953137   10.7201   0.000       0.000      0.5061E-03  0.7027E-06  0.3084E-01 -0.1140      0.8264E-01   0.000       0.000       0.000        0.000       0.000       0.000       0.000       0.000       0.000                            0.7027E-06  0.7027E-06   0.000    
  18576000.0   10.66164721   10.7115   0.000       0.000      0.4990E-03  0.6844E-06  0.3065E-01 -0.1133      0.8211E-01   0.000       0.000       0.000        0.000       0.000       0.000       0.000       0.000       0.000                            0.6844E-06  0.6844E-06   0.000    
  18662400.0   10.65413024   10.7033   0.000       0.000      0.4916E-03  0.6525E-06  0.3045E-01 -0.1125      0.8157E-01   0.000       0.000       0.000        0.000       0.000       0.000       0.000       0.000       0.000                            0.6525E-06  0.6525E-06   0.000    
  18748800.0   10.64654958   10.6951   0.000       0.000      0.4854E-03  0.6580E-06  0.3026E-01 -0.1118      0.8107E-01   0.000       0.000       0.000        0.000       0.000       0.000       0.000       0.000       0.000                            0.6580E-06  0.6580E-06   0.000    
  18835200.0   10.64788329   10.6970   0.000       0.000      0.4909E-03 -0.1158E-06  0.3023E-01 -0.1117      0.8098E-01   0.000       0.000       0.000        0.000       0.000       0.000       0.000       0.000       0.000                           -0.1158E-06 -0.1158E-06   0.000    
  18921600.0   10.64180206   10.6901   0.000       0.000      0.4833E-03  0.5279E-06  0.3008E-01 -0.1112      0.8058E-01   0.000       0.000       0.000        0.000       0.000       0.000       0.000       0.000       0.000                            0.5279E-06  0.5279E-06   0.000    
  19008000.0   10.63389872   10.6814   0.000       0.000      0.4748E-03  0.6861E-06  0.2990E-01 -0.1105      0.8009E-01   0.000       0.000       0.000        0.000       0.000       0.000       0.000       0.000       0.000                            0.6861E-06  0.6861E-06   0.000    
  19094400.0   10.62651510   10.6733   0.000       0.000      0.4675E-03  0.6409E-06  0.2971E-01 -0.1098      0.7958E-01   0.000       0.000       0.000        0.000       0.000       0.000       0.000       0.000       0.000                            0.6409E-06  0.6409E-06   0.000    
  19180800.0   10.61937538   10.6655   0.000       0.000      0.4610E-03  0.6198E-06  0.2953E-01 -0.1091      0.7909E-01   0.000       0.000       0.000        0.000       0.000       0.000       0.000       0.000       0.000                            0.6198E-06  0.6198E-06   0.000    
  19267200.0   10.61272804   10.6582   0.000       0.000      0.4550E-03  0.5770E-06  0.2936E-01 -0.1084      0.7861E-01   0.000       0.000       0.000        0.000       0.000       0.000       0.000       0.000       0.000                            0.5770E-06  0.5770E-06   0.000    
  19353600.0   10.60607888   10.6510   0.000       0.000      0.4488E-03  0.5772E-06  0.2918E-01 -0.1078      0.7813E-01   0.000       0.000       0.000        0.000       0.000       0.000       0.000       0.000       0.000                            0.5772E-06  0.5772E-06   0.000    
  19440000.0   10.59958657   10.6439   0.000       0.000      0.4431E-03  0.5636E-06  0.2901E-01 -0.1071      0.7767E-01   0.000       0.000       0.000        0.000       0.000       0.000       0.000       0.000       0.000                            0.5636E-06  0.5636E-06   0.000    
  19526400.0   10.59342406   10.6371   0.000       0.000      0.4371E-03  0.5349E-06  0.2883E-01 -0.1065      0.7719E-01   0.000       0.000       0.000        0.000       0.000       0.000       0.000       0.000       0.000                            0.5349E-06  0.5349E-06   0.000    
  19612800.0   10.58717973   10.6304   0.000       0.000      0.4321E-03  0.5420E-06  0.2867E-01 -0.1059      0.7676E-01   0.000       0.000       0.000        0.000       0.000       0.000       0.000       0.000       0.000                            0.5420E-06  0.5420E-06   0.000    
  19699200.0   10.58131016   10.6239   0.000       0.000      0.4264E-03  0.5095E-06  0.2850E-01 -0.1052      0.7630E-01   0.000       0.000       0.000        0.000       0.000       0.000       0.000       0.000       0.000                            0.5095E-06  0.5095E-06   0.000    
  19785600.0   10.57537686   10.6175   0.000       0.000      0.4216E-03  0.5150E-06  0.2835E-01 -0.1046      0.7587E-01   0.000       0.000       0.000        0.000       0.000       0.000       0.000       0.000       0.000                            0.5150E-06  0.5150E-06   0.000    
  19872000.0   10.56976991   10.6114   0.000       0.000      0.4162E-03  0.4867E-06  0.2818E-01 -0.1040      0.7543E-01   0.000       0.000       0.000        0.000       0.000       0.000       0.000       0.000       0.000                            0.4867E-06  0.4867E-06   0.000    
  19958400.0   10.57215270   10.6145   0.000       0.000      0.4236E-03 -0.2068E-06  0.2819E-01 -0.1041      0.7544E-01   0.000       0.000       0.000        0.000       0.000       0.000       0.000       0.000       0.000                           -0.2068E-06 -0.2068E-06   0.000    
  20044800.0   10.57755743   10.6208   0.000       0.000      0.4329E-03 -0.4692E-06  0.2827E-01 -0.1044      0.7567E-01   0.000       0.000       0.000        0.000       0.000       0.000       0.000       0.000       0.000                           -0.4692E-06 -0.4692E-06   0.000    
  20131200.0   10.57008088   10.6122   0.000       0.000      0.4207E-03  0.6490E-06  0.2810E-01 -0.1038      0.7523E-01   0.000       0.000       0.000        0.000       0.000       0.000       0.000       0.000       0.000                            0.6490E-06  0.6490E-06   0.000    
  20217600.0   10.56583478   10.6076   0.000       0.000      0.4174E-03  0.3686E-06  0.2799E-01 -0.1033      0.7493E-01   0.000       0.000       0.000        0.000       0.000       0.000       0.000       0.000       0.000                            0.3686E-06  0.3686E-06   0.000    
  20304000.0   10.56104395   10.6023   0.000       0.000      0.4127E-03  0.4159E-06  0.2786E-01 -0.1028      0.7457E-01   0.000       0.000       0.000        0.000       0.000       0.000       0.000       0.000       0.000                            0.4159E-06  0.4159E-06   0.000    
  20390400.0   10.55476446   10.5954   0.000       0.000      0.4060E-03  0.5451E-06  0.2770E-01 -0.1022      0.7413E-01   0.000       0.000       0.000        0.000       0.000       0.000       0.000       0.000       0.000                            0.5451E-06  0.5451E-06   0.000    
  20476800.0   10.54884047   10.5889   0.000       0.000      0.4004E-03  0.5142E-06  0.2754E-01 -0.1016      0.7370E-01   0.000       0.000       0.000        0.000       0.000       0.000       0.000       0.000       0.000                            0.5142E-06  0.5142E-06   0.000    
  20563200.0   10.54310701   10.5826   0.000       0.000      0.3953E-03  0.4977E-06  0.2738E-01 -0.1010      0.7327E-01   0.000       0.000       0.000        0.000       0.000       0.000       0.000       0.000       0.000                            0.4977E-06  0.4977E-06   0.000    
  20649600.0   10.53766775   10.5767   0.000       0.000      0.3903E-03  0.4722E-06  0.2722E-01 -0.1005      0.7284E-01   0.000       0.000       0.000        0.000       0.000       0.000       0.000       0.000       0.000                            0.4722E-06  0.4722E-06   0.000    
  20736000.0   10.53230965   10.5709   0.000       0.000      0.3859E-03  0.4651E-06  0.2707E-01 -0.9990E-01  0.7244E-01   0.000       0.000       0.000        0.000       0.000       0.000       0.000       0.000       0.000                            0.4651E-06  0.4651E-06   0.000    
  20822400.0   10.52722441   10.5653   0.000       0.000      0.3812E-03  0.4414E-06  0.2692E-01 -0.9933E-01  0.7203E-01   0.000       0.000       0.000        0.000       0.000       0.000       0.000       0.000       0.000                            0.4414E-06  0.4414E-06   0.000    
  20908800.0   10.52216398   10.5599   0.000       0.000      0.3771E-03  0.4393E-06  0.2677E-01 -0.9879E-01  0.7164E-01   0.000       0.000       0.000        0.000       0.000       0.000       0.000       0.000       0.000                            0.4393E-06  0.4393E-06   0.000    
  20995200.0   10.51736840   10.5546   0.000       0.000      0.3727E-03  0.4163E-06  0.2663E-01 -0.9824E-01  0.7124E-01   0.000       0.000       0.000        0.000       0.000       0.000       0.000       0.000       0.000                            0.4163E-06  0.4163E-06   0.000    
  21081600.0   10.51255704   10.5494   0.000       0.000      0.3689E-03  0.4177E-06  0.2649E-01 -0.9772E-01  0.7086E-01   0.000       0.000       0.000        0.000       0.000       0.000       0.000       0.000       0.000                            0.4177E-06  0.4177E-06   0.000    
  21168000.0   10.50800774   10.5445   0.000       0.000      0.3646E-03  0.3949E-06  0.2634E-01 -0.9719E-01  0.7048E-01   0.000       0.000       0.000        0.000       0.000       0.000       0.000       0.000       0.000                            0.3949E-06  0.3949E-06   0.000    
  21254400.0   10.50340890   10.5395   0.000       0.000      0.3611E-03  0.3992E-06  0.2621E-01 -0.9669E-01  0.7011E-01   0.000       0.000       0.000        0.000       0.000       0.000       0.000       0.000       0.000                            0.3992E-06  0.3992E-06   0.000    
  21340800.0   10.49901456   10.5347   0.000       0.000      0.3573E-03  0.3815E-06  0.2598E-01 -0.9619E-01  0.6986E-01   0.000       0.000       0.000      -0.3579E-07   0.000       0.000       0.000       0.000       0.000                            0.3815E-06  0.3815E-06   0.000    
  21427200.0   10.49486784   10.5302   0.000       0.000      0.3532E-03  0.3600E-06  0.2594E-01 -0.9567E-01  0.6938E-01   0.000       0.000       0.000      -0.3891E-06   0.000       0.000       0.000       0.000       0.000                            0.3600E-06  0.3600E-06   0.000    
  21513600.0   10.49202972   10.5271   0.000       0.000      0.3510E-03  0.2464E-06  0.2584E-01 -0.9529E-01  0.6910E-01   0.000       0.000       0.000      -0.3967E-06   0.000       0.000       0.000       0.000       0.000                            0.2464E-06  0.2464E-06   0.000    
  21600000.0   10.49972304   10.5366   0.000       0.000      0.3692E-03 -0.6678E-06  0.2600E-01 -0.9586E-01  0.6949E-01   0.000       0.000       0.000       0.8163E-06   0.000       0.000       0.000       0.000       0.000                           -0.6678E-06 -0.6678E-06   0.000    
  21686400.0   10.49407562   10.5298   0.000       0.000      0.3574E-03  0.4902E-06  0.2584E-01 -0.9532E-01  0.6912E-01   0.000       0.000       0.000      -0.5215E-06   0.000       0.000       0.000       0.000       0.000                            0.4902E-06  0.4902E-06   0.000    
  21772800.0   10.48929436   10.5243   0.000       0.000      0.3504E-03  0.4150E-06  0.2570E-01 -0.9480E-01  0.6875E-01   0.000       0.000       0.000      -0.7511E-06   0.000       0.000       0.000       0.000       0.000                            0.4150E-06  0.4150E-06   0.000    
  21859200.0   10.48494551   10.5195   0.000       0.000      0.3452E-03  0.3775E-06  0.2556E-01 -0.9428E-01  0.6837E-01   0.000       0.000       0.000      -0.8503E-06   0.000       0.000       0.000       0.000       0.000                            0.3775E-06  0.3775E-06   0.000    
  21945600.0   10.48081619   10.5149   0.000       0.000      0.3410E-03  0.3584E-06  0.2542E-01 -0.9375E-01  0.6799E-01   0.000       0.000       0.000      -0.9293E-06   0.000       0.000       0.000       0.000       0.000                            0.3584E-06  0.3584E-06   0.000    
  22032000.0   10.47701147   10.5107   0.000       0.000      0.3366E-03  0.3303E-06  0.2529E-01 -0.9326E-01  0.6763E-01   0.000       0.000       0.000      -0.9487E-06   0.000       0.000       0.000       0.000       0.000                            0.3303E-06  0.3303E-06   0.000    
  22118400.0   10.47333642   10.5066   0.000       0.000      0.3328E-03  0.3190E-06  0.2516E-01 -0.9277E-01  0.6728E-01   0.000       0.000       0.000      -0.9925E-06   0.000       0.000       0.000       0.000       0.000                            0.3190E-06  0.3190E-06   0.000    
  22204800.0   10.46975082   10.5027   0.000       0.000      0.3292E-03  0.3112E-06  0.2502E-01 -0.9228E-01  0.6692E-01   0.000       0.000       0.000      -0.1035E-05   0.000       0.000       0.000       0.000       0.000                            0.3112E-06  0.3112E-06   0.000    
  22291200.0   10.46635716   10.4989   0.000       0.000      0.3255E-03  0.2946E-06  0.2490E-01 -0.9181E-01  0.6659E-01   0.000       0.000       0.000      -0.1036E-05   0.000       0.000       0.000       0.000       0.000                            0.2946E-06  0.2946E-06   0.000    
  22377600.0   10.46302713   10.4952   0.000       0.000      0.3221E-03  0.2891E-06  0.2477E-01 -0.9135E-01  0.6625E-01   0.000       0.000       0.000      -0.1067E-05   0.000       0.000       0.000       0.000       0.000                            0.2891E-06  0.2891E-06   0.000    
  22464000.0   10.47153457   10.5062   0.000       0.000      0.3470E-03 -0.7385E-06  0.2497E-01 -0.9211E-01  0.6679E-01   0.000       0.000       0.000       0.2626E-05   0.000       0.000       0.000       0.000       0.000                           -0.7385E-06 -0.7385E-06   0.000    
  22550400.0   10.46817675   10.5018   0.000       0.000      0.3358E-03  0.2915E-06  0.2488E-01 -0.9176E-01  0.6654E-01   0.000       0.000       0.000      -0.9966E-06   0.000       0.000       0.000       0.000       0.000                            0.2915E-06  0.2915E-06   0.000    
  22636800.0   10.46686147   10.5004   0.000       0.000      0.3352E-03  0.1142E-06  0.2483E-01 -0.9157E-01  0.6640E-01   0.000       0.000       0.000      -0.4048E-06   0.000       0.000       0.000       0.000       0.000                            0.1142E-06  0.1142E-06   0.000    
  22723200.0   10.49836096   10.5389   0.000       0.000      0.4056E-03 -0.2734E-05  0.2561E-01 -0.9454E-01  0.6853E-01   0.000       0.000       0.000       0.6836E-05   0.000       0.000       0.000       0.000       0.000                           -0.2734E-05 -0.2734E-05   0.000    
  22809600.0   10.49668625   10.5353   0.000       0.000      0.3864E-03  0.1454E-06  0.2564E-01 -0.9461E-01  0.6859E-01   0.000       0.000       0.000      -0.1438E-06   0.000       0.000       0.000       0.000       0.000                            0.1454E-06  0.1454E-06   0.000    
  22896000.0   10.49393076   10.5318   0.000       0.000      0.3788E-03  0.2392E-06  0.2559E-01 -0.9445E-01  0.6848E-01   0.000       0.000       0.000      -0.3257E-06   0.000       0.000       0.000       0.000       0.000                            0.2392E-06  0.2392E-06   0.000    
  22982400.0   10.49091308   10.5282   0.000       0.000      0.3731E-03  0.2620E-06  0.2552E-01 -0.9419E-01  0.6830E-01   0.000       0.000       0.000      -0.4536E-06   0.000       0.000       0.000       0.000       0.000                            0.2620E-06  0.2620E-06   0.000    
  23068800.0   10.48755548   10.5244   0.000       0.000      0.3687E-03  0.2915E-06  0.2542E-01 -0.9383E-01  0.6804E-01   0.000       0.000       0.000      -0.6009E-06   0.000       0.000       0.000       0.000       0.000                            0.2915E-06  0.2915E-06   0.000    
  23155200.0   10.48362035   10.5199   0.000       0.000      0.3631E-03  0.3416E-06  0.2531E-01 -0.9341E-01  0.6774E-01   0.000       0.000       0.000      -0.8136E-06   0.000       0.000       0.000       0.000       0.000                            0.3416E-06  0.3416E-06   0.000    
  23241600.0   10.47944697   10.5152   0.000       0.000      0.3578E-03  0.3623E-06  0.2518E-01 -0.9293E-01  0.6739E-01   0.000       0.000       0.000      -0.9749E-06   0.000       0.000       0.000       0.000       0.000                            0.3623E-06  0.3623E-06   0.000    
  23328000.0   10.47502097   10.5103   0.000       0.000      0.3525E-03  0.3842E-06  0.2503E-01 -0.9239E-01  0.6701E-01   0.000       0.000       0.000      -0.1146E-05   0.000       0.000       0.000       0.000       0.000                            0.3842E-06  0.3842E-06   0.000    
  23414400.0   10.47073805   10.5054   0.000       0.000      0.3471E-03  0.3718E-06  0.2489E-01 -0.9187E-01  0.6663E-01   0.000       0.000       0.000      -0.1207E-05   0.000       0.000       0.000       0.000       0.000                            0.3718E-06  0.3718E-06   0.000    
  23500800.0   10.46669301   10.5009   0.000       0.000      0.3425E-03  0.3511E-06  0.2476E-01 -0.9135E-01  0.6625E-01   0.000       0.000       0.000      -0.1222E-05   0.000       0.000       0.000       0.000       0.000                            0.3511E-06  0.3511E-06   0.000    
  23587200.0   10.46278611   10.4966   0.000       0.000      0.3382E-03  0.3391E-06  0.2462E-01 -0.9084E-01  0.6588E-01   0.000       0.000       0.000      -0.1251E-05   0.000       0.000       0.000       0.000       0.000                            0.3391E-06  0.3391E-06   0.000    
  23673600.0   10.45892110   10.4923   0.000       0.000      0.3341E-03  0.3355E-06  0.2448E-01 -0.9032E-01  0.6551E-01   0.000       0.000       0.000      -0.1301E-05   0.000       0.000       0.000       0.000       0.000                            0.3355E-06  0.3355E-06   0.000    
  23760000.0   10.45508757   10.4881   0.000       0.000      0.3297E-03  0.3328E-06  0.2434E-01 -0.8981E-01  0.6514E-01   0.000       0.000       0.000      -0.1350E-05   0.000       0.000       0.000       0.000       0.000                            0.3328E-06  0.3328E-06   0.000    
  23846400.0   10.45138550   10.4839   0.000       0.000      0.3255E-03  0.3214E-06  0.2421E-01 -0.8930E-01  0.6477E-01   0.000       0.000       0.000      -0.1357E-05   0.000       0.000       0.000       0.000       0.000                            0.3214E-06  0.3214E-06   0.000    
  23932800.0   10.44784051   10.4800   0.000       0.000      0.3216E-03  0.3077E-06  0.2407E-01 -0.8881E-01  0.6441E-01   0.000       0.000       0.000      -0.1346E-05   0.000       0.000       0.000       0.000       0.000                            0.3077E-06  0.3077E-06   0.000    
  24019200.0   10.44441307   10.4762   0.000       0.000      0.3180E-03  0.2975E-06  0.2394E-01 -0.8832E-01  0.6406E-01   0.000       0.000       0.000      -0.1343E-05   0.000       0.000       0.000       0.000       0.000                            0.2975E-06  0.2975E-06   0.000    
  24105600.0   10.44107263   10.4725   0.000       0.000      0.3145E-03  0.2900E-06  0.2381E-01 -0.8785E-01  0.6372E-01   0.000       0.000       0.000      -0.1347E-05   0.000       0.000       0.000       0.000       0.000                            0.2900E-06  0.2900E-06   0.000    
  24192000.0   10.43781080   10.4689   0.000       0.000      0.3110E-03  0.2831E-06  0.2369E-01 -0.8738E-01  0.6337E-01   0.000       0.000       0.000      -0.1351E-05   0.000       0.000       0.000       0.000       0.000                            0.2831E-06  0.2831E-06   0.000    
  24278400.0   10.43463560   10.4654   0.000       0.000      0.3075E-03  0.2756E-06  0.2356E-01 -0.8691E-01  0.6304E-01   0.000       0.000       0.000      -0.1347E-05   0.000       0.000       0.000       0.000       0.000                            0.2756E-06  0.2756E-06   0.000    
  24364800.0   10.43153922   10.4620   0.000       0.000      0.3042E-03  0.2688E-06  0.2344E-01 -0.8646E-01  0.6271E-01   0.000       0.000       0.000      -0.1343E-05   0.000       0.000       0.000       0.000       0.000                            0.2688E-06  0.2688E-06   0.000    
  24451200.0   10.42852857   10.4586   0.000       0.000      0.3010E-03  0.2613E-06  0.2332E-01 -0.8601E-01  0.6239E-01   0.000       0.000       0.000      -0.1333E-05   0.000       0.000       0.000       0.000       0.000                            0.2613E-06  0.2613E-06   0.000    
  24537600.0   10.42559657   10.4554   0.000       0.000      0.2979E-03  0.2545E-06  0.2320E-01 -0.8557E-01  0.6207E-01   0.000       0.000       0.000      -0.1324E-05   0.000       0.000       0.000       0.000       0.000                            0.2545E-06  0.2545E-06   0.000    
  24624000.0   10.42273591   10.4522   0.000       0.000      0.2949E-03  0.2483E-06  0.2309E-01 -0.8514E-01  0.6176E-01   0.000       0.000       0.000      -0.1315E-05   0.000       0.000       0.000       0.000       0.000                            0.2483E-06  0.2483E-06   0.000    
  24710400.0   10.41992458   10.4491   0.000       0.000      0.2921E-03  0.2440E-06  0.2297E-01 -0.8471E-01  0.6145E-01   0.000       0.000       0.000      -0.1314E-05   0.000       0.000       0.000       0.000       0.000                            0.2440E-06  0.2440E-06   0.000    
  24796800.0   10.41720645   10.4461   0.000       0.000      0.2891E-03  0.2359E-06  0.2286E-01 -0.8430E-01  0.6115E-01   0.000       0.000       0.000      -0.1291E-05   0.000       0.000       0.000       0.000       0.000                            0.2359E-06  0.2359E-06   0.000    
  24883200.0   10.41469587   10.4434   0.000       0.000      0.2868E-03  0.2179E-06  0.2276E-01 -0.8391E-01  0.6087E-01   0.000       0.000       0.000      -0.1209E-05   0.000       0.000       0.000       0.000       0.000                            0.2179E-06  0.2179E-06   0.000    
  24969600.0   10.41513006   10.4443   0.000       0.000      0.2920E-03 -0.3769E-07  0.2274E-01 -0.8387E-01  0.6084E-01   0.000       0.000       0.000       0.2103E-06   0.000       0.000       0.000       0.000       0.000                           -0.3769E-07 -0.3769E-07   0.000    
  25056000.0   10.41225019   10.4409   0.000       0.000      0.2862E-03  0.2500E-06  0.2263E-01 -0.8346E-01  0.6054E-01   0.000       0.000       0.000      -0.1404E-05   0.000       0.000       0.000       0.000       0.000                            0.2500E-06  0.2500E-06   0.000    
  25142400.0   10.40948758   10.4378   0.000       0.000      0.2827E-03  0.2398E-06  0.2252E-01 -0.8305E-01  0.6025E-01   0.000       0.000       0.000      -0.1367E-05   0.000       0.000       0.000       0.000       0.000                            0.2398E-06  0.2398E-06   0.000    
  25228800.0   10.41266430   10.4422   0.000       0.000      0.2951E-03 -0.2758E-06  0.2260E-01 -0.8336E-01  0.6046E-01   0.000       0.000       0.000       0.1570E-05   0.000       0.000       0.000       0.000       0.000                           -0.2758E-06 -0.2758E-06   0.000    
  25315200.0   10.41000068   10.4388   0.000       0.000      0.2878E-03  0.2312E-06  0.2250E-01 -0.8300E-01  0.6020E-01   0.000       0.000       0.000      -0.1315E-05   0.000       0.000       0.000       0.000       0.000                            0.2312E-06  0.2312E-06   0.000    
  25401600.0   10.41050795   10.4397   0.000       0.000      0.2922E-03 -0.4403E-07  0.2250E-01 -0.8300E-01  0.6020E-01   0.000       0.000       0.000       0.2517E-06   0.000       0.000       0.000       0.000       0.000                           -0.4403E-07 -0.4403E-07   0.000    
  25488000.0   10.41069962   10.4401   0.000       0.000      0.2940E-03 -0.1664E-07  0.2250E-01 -0.8298E-01  0.6019E-01   0.000       0.000       0.000       0.9494E-07   0.000       0.000       0.000       0.000       0.000                           -0.1664E-07 -0.1664E-07   0.000    
  25574400.0   10.41275370   10.4428   0.000       0.000      0.3007E-03 -0.1783E-06  0.2255E-01 -0.8319E-01  0.6034E-01   0.000       0.000       0.000       0.1012E-05   0.000       0.000       0.000       0.000       0.000                           -0.1783E-06 -0.1783E-06   0.000    
  25660800.0   10.41039254   10.4398   0.000       0.000      0.2941E-03  0.2050E-06  0.2247E-01 -0.8288E-01  0.6012E-01   0.000       0.000       0.000      -0.1164E-05   0.000       0.000       0.000       0.000       0.000                            0.2050E-06  0.2050E-06   0.000    
  25747200.0   10.41489997   10.4458   0.000       0.000      0.3088E-03 -0.3913E-06  0.2260E-01 -0.8338E-01  0.6047E-01   0.000       0.000       0.000       0.2209E-05   0.000       0.000       0.000       0.000       0.000                           -0.3913E-06 -0.3913E-06   0.000    
  25833600.0   10.43954965   10.4767   0.000       0.000      0.3712E-03 -0.2140E-05  0.2335E-01 -0.8623E-01  0.6253E-01   0.000       0.000       0.000       0.1110E-04   0.000       0.000       0.000       0.000       0.000                           -0.2140E-05 -0.2140E-05   0.000    
  25920000.0   10.47274926   10.5162   0.000       0.000      0.4349E-03 -0.2882E-05  0.2434E-01 -0.8997E-01  0.6521E-01   0.000       0.000       0.000       0.1172E-04   0.000       0.000       0.000       0.000       0.000                           -0.2882E-05 -0.2882E-05   0.000    
  26006400.0   10.50875820   10.5567   0.000       0.000      0.4793E-03 -0.3126E-05  0.2531E-01 -0.9364E-01  0.6786E-01   0.000       0.000       0.000       0.5164E-05   0.000       0.000       0.000       0.000       0.000                           -0.3126E-05 -0.3126E-05   0.000    
  26092800.0   10.51807093   10.5651   0.000       0.000      0.4707E-03 -0.8084E-06  0.2565E-01 -0.9492E-01  0.6880E-01   0.000       0.000       0.000        0.000       0.000       0.000       0.000       0.000       0.000                           -0.8084E-06 -0.8084E-06   0.000    
  26179200.0   10.51338751   10.5588   0.000       0.000      0.4537E-03  0.4065E-06  0.2565E-01 -0.9489E-01  0.6879E-01   0.000       0.000       0.000        0.000       0.000       0.000       0.000       0.000       0.000                            0.4065E-06  0.4065E-06   0.000    
  26265600.0   10.50643268   10.5505   0.000       0.000      0.4404E-03  0.6037E-06  0.2553E-01 -0.9447E-01  0.6849E-01   0.000       0.000       0.000        0.000       0.000       0.000       0.000       0.000       0.000                            0.6037E-06  0.6037E-06   0.000    
  26352000.0   10.49897755   10.5420   0.000       0.000      0.4300E-03  0.6471E-06  0.2528E-01 -0.9391E-01  0.6821E-01   0.000       0.000       0.000      -0.3783E-07   0.000       0.000       0.000       0.000       0.000                            0.6471E-06  0.6471E-06   0.000    
  26438400.0   10.49206713   10.5340   0.000       0.000      0.4198E-03  0.5999E-06  0.2521E-01 -0.9326E-01  0.6762E-01   0.000       0.000       0.000      -0.7780E-06   0.000       0.000       0.000       0.000       0.000                            0.5999E-06  0.5999E-06   0.000    
  26524800.0   10.48550991   10.5266   0.000       0.000      0.4107E-03  0.5692E-06  0.2503E-01 -0.9259E-01  0.6714E-01   0.000       0.000       0.000      -0.1194E-05   0.000       0.000       0.000       0.000       0.000                            0.5692E-06  0.5692E-06   0.000    
  26611200.0   10.47902085   10.5192   0.000       0.000      0.4018E-03  0.5633E-06  0.2485E-01 -0.9189E-01  0.6664E-01   0.000       0.000       0.000      -0.1485E-05   0.000       0.000       0.000       0.000       0.000                            0.5633E-06  0.5633E-06   0.000    
  26697600.0   10.47302687   10.5124   0.000       0.000      0.3941E-03  0.5203E-06  0.2466E-01 -0.9120E-01  0.6614E-01   0.000       0.000       0.000      -0.1591E-05   0.000       0.000       0.000       0.000       0.000                            0.5203E-06  0.5203E-06   0.000    
  26784000.0   10.46735360   10.5061   0.000       0.000      0.3870E-03  0.4925E-06  0.2448E-01 -0.9052E-01  0.6565E-01   0.000       0.000       0.000      -0.1674E-05   0.000       0.000       0.000       0.000       0.000                            0.4925E-06  0.4925E-06   0.000    
  26870400.0   10.48662625   10.5303   0.000       0.000      0.4367E-03 -0.1673E-05  0.2496E-01 -0.9233E-01  0.6694E-01   0.000       0.000       0.000       0.4977E-05   0.000       0.000       0.000       0.000       0.000                           -0.1673E-05 -0.1673E-05   0.000    
  26956800.0   10.49914445   10.5444   0.000       0.000      0.4524E-03 -0.1087E-05  0.2522E-01 -0.9360E-01  0.6793E-01   0.000       0.000       0.000       0.1754E-05   0.000       0.000       0.000       0.000       0.000                           -0.1087E-05 -0.1087E-05   0.000    
  27043200.0   10.51182685   10.5584   0.000       0.000      0.4656E-03 -0.1101E-05  0.2561E-01 -0.9480E-01  0.6873E-01   0.000       0.000       0.000       0.2896E-07   0.000       0.000       0.000       0.000       0.000                           -0.1101E-05 -0.1101E-05   0.000    
  27129600.0   10.51568972   10.5623   0.000       0.000      0.4657E-03 -0.3353E-06  0.2574E-01 -0.9529E-01  0.6908E-01   0.000       0.000       0.000        0.000       0.000       0.000       0.000       0.000       0.000                           -0.3353E-06 -0.3353E-06   0.000    
  27216000.0   10.52291374   10.5704   0.000       0.000      0.4750E-03 -0.6271E-06  0.2593E-01 -0.9602E-01  0.6961E-01   0.000       0.000       0.000        0.000       0.000       0.000       0.000       0.000       0.000                           -0.6271E-06 -0.6271E-06   0.000    
  27302400.0   10.54133654   10.5914   0.000       0.000      0.5008E-03 -0.1599E-05  0.2635E-01 -0.9761E-01  0.7075E-01   0.000       0.000       0.000        0.000       0.000       0.000       0.000       0.000       0.000                           -0.1599E-05 -0.1599E-05   0.000    
  27388800.0   10.57768284   10.6326   0.000       0.000      0.5494E-03 -0.3155E-05  0.2714E-01 -0.1006      0.7290E-01   0.000       0.000       0.000        0.000       0.000       0.000       0.000       0.000       0.000                           -0.3155E-05 -0.3155E-05   0.000    
  27475200.0   10.60902807   10.6673   0.000       0.000      0.5827E-03 -0.2721E-05  0.2785E-01 -0.1033      0.7484E-01   0.000       0.000       0.000        0.000       0.000       0.000       0.000       0.000       0.000                           -0.2721E-05 -0.2721E-05   0.000    
  27561600.0   10.60565296   10.6623   0.000       0.000      0.5661E-03  0.2930E-06  0.2793E-01 -0.1036      0.7506E-01   0.000       0.000       0.000        0.000       0.000       0.000       0.000       0.000       0.000                            0.2930E-06  0.2930E-06   0.000    
  27648000.0   10.59785128   10.6530   0.000       0.000      0.5517E-03  0.6772E-06  0.2785E-01 -0.1032      0.7484E-01   0.000       0.000       0.000        0.000       0.000       0.000       0.000       0.000       0.000                            0.6772E-06  0.6772E-06   0.000    
  27734400.0   10.58779317   10.6416   0.000       0.000      0.5377E-03  0.8731E-06  0.2768E-01 -0.1026      0.7437E-01   0.000       0.000       0.000        0.000       0.000       0.000       0.000       0.000       0.000                            0.8731E-06  0.8731E-06   0.000    
  27820800.0   10.57912147   10.6320   0.000       0.000      0.5285E-03  0.7528E-06  0.2751E-01 -0.1020      0.7392E-01   0.000       0.000       0.000        0.000       0.000       0.000       0.000       0.000       0.000                            0.7528E-06  0.7528E-06   0.000    
  27907200.0   10.57252842   10.6248   0.000       0.000      0.5226E-03  0.5723E-06  0.2737E-01 -0.1014      0.7355E-01   0.000       0.000       0.000        0.000       0.000       0.000       0.000       0.000       0.000                            0.5723E-06  0.5723E-06   0.000    
  27993600.0   10.58885558   10.6438   0.000       0.000      0.5498E-03 -0.1417E-05  0.2767E-01 -0.1026      0.7435E-01   0.000       0.000       0.000        0.000       0.000       0.000       0.000       0.000       0.000                           -0.1417E-05 -0.1417E-05   0.000    
  28080000.0   10.61293432   10.6711   0.000       0.000      0.5815E-03 -0.2090E-05  0.2815E-01 -0.1044      0.7568E-01   0.000       0.000       0.000        0.000       0.000       0.000       0.000       0.000       0.000                           -0.2090E-05 -0.2090E-05   0.000    
  28166400.0   10.62510594   10.6843   0.000       0.000      0.5919E-03 -0.1057E-05  0.2845E-01 -0.1055      0.7650E-01   0.000       0.000       0.000        0.000       0.000       0.000       0.000       0.000       0.000                           -0.1057E-05 -0.1057E-05   0.000    
  28252800.0   10.61888507   10.6767   0.000       0.000      0.5782E-03  0.5400E-06  0.2842E-01 -0.1054      0.7640E-01   0.000       0.000       0.000        0.000       0.000       0.000       0.000       0.000       0.000                            0.5400E-06  0.5400E-06   0.000    
  28339200.0   10.60940579   10.6659   0.000       0.000      0.5648E-03  0.8229E-06  0.2827E-01 -0.1048      0.7600E-01   0.000       0.000       0.000        0.000       0.000       0.000       0.000       0.000       0.000                            0.8229E-06  0.8229E-06   0.000    
  28425600.0   10.59917348   10.6544   0.000       0.000      0.5524E-03  0.8882E-06  0.2807E-01 -0.1041      0.7546E-01   0.000       0.000       0.000        0.000       0.000       0.000       0.000       0.000       0.000                            0.8882E-06  0.8882E-06   0.000    
  28512000.0   10.58892933   10.6430   0.000       0.000      0.5409E-03  0.8892E-06  0.2786E-01 -0.1033      0.7487E-01   0.000       0.000       0.000        0.000       0.000       0.000       0.000       0.000       0.000                            0.8892E-06  0.8892E-06   0.000    
  28598400.0   10.57878290   10.6318   0.000       0.000      0.5306E-03  0.8808E-06  0.2763E-01 -0.1024      0.7427E-01   0.000       0.000       0.000        0.000       0.000       0.000       0.000       0.000       0.000                            0.8808E-06  0.8808E-06   0.000    
  28684800.0   10.56896339   10.6210   0.000       0.000      0.5207E-03  0.8524E-06  0.2741E-01 -0.1016      0.7366E-01   0.000       0.000       0.000        0.000       0.000       0.000       0.000       0.000       0.000                            0.8524E-06  0.8524E-06   0.000    
  28771200.0   10.55949705   10.6106   0.000       0.000      0.5112E-03  0.8217E-06  0.2719E-01 -0.1008      0.7306E-01   0.000       0.000       0.000        0.000       0.000       0.000       0.000       0.000       0.000                            0.8217E-06  0.8217E-06   0.000    
  28857600.0   10.55041614   10.6006   0.000       0.000      0.5020E-03  0.7883E-06  0.2697E-01 -0.9993E-01  0.7246E-01   0.000       0.000       0.000        0.000       0.000       0.000       0.000       0.000       0.000                            0.7883E-06  0.7883E-06   0.000    
  28944000.0   10.54162045   10.5909   0.000       0.000      0.4930E-03  0.7635E-06  0.2675E-01 -0.9910E-01  0.7186E-01   0.000       0.000       0.000        0.000       0.000       0.000       0.000       0.000       0.000                            0.7635E-06  0.7635E-06   0.000    
  29030400.0   10.53308630   10.5815   0.000       0.000      0.4841E-03  0.7408E-06  0.2653E-01 -0.9828E-01  0.7126E-01   0.000       0.000       0.000        0.000       0.000       0.000       0.000       0.000       0.000                            0.7408E-06  0.7408E-06   0.000    
  29116800.0   10.52492104   10.5725   0.000       0.000      0.4754E-03  0.7088E-06  0.2631E-01 -0.9746E-01  0.7067E-01   0.000       0.000       0.000        0.000       0.000       0.000       0.000       0.000       0.000                            0.7088E-06  0.7088E-06   0.000    
  29203200.0   10.51687427   10.5636   0.000       0.000      0.4672E-03  0.6985E-06  0.2610E-01 -0.9668E-01  0.7010E-01   0.000       0.000       0.000        0.000       0.000       0.000       0.000       0.000       0.000                            0.6985E-06  0.6985E-06   0.000    
  29289600.0   10.50917509   10.5551   0.000       0.000      0.4592E-03  0.6683E-06  0.2590E-01 -0.9590E-01  0.6954E-01   0.000       0.000       0.000        0.000       0.000       0.000       0.000       0.000       0.000                            0.6683E-06  0.6683E-06   0.000    
  29376000.0   10.50185049   10.5470   0.000       0.000      0.4515E-03  0.6358E-06  0.2562E-01 -0.9506E-01  0.6899E-01   0.000       0.000       0.000        0.000       0.000       0.000       0.000       0.000       0.000                            0.6358E-06  0.6358E-06   0.000    
  29462400.0   10.49507581   10.5394   0.000       0.000      0.4436E-03  0.5881E-06  0.2551E-01 -0.9442E-01  0.6847E-01   0.000       0.000       0.000      -0.3993E-06   0.000       0.000       0.000       0.000       0.000                            0.5881E-06  0.5881E-06   0.000    
  29548800.0   10.48892463   10.5325   0.000       0.000      0.4353E-03  0.5340E-06  0.2532E-01 -0.9371E-01  0.6796E-01   0.000       0.000       0.000      -0.9452E-06   0.000       0.000       0.000       0.000       0.000                            0.5340E-06  0.5340E-06   0.000    
  29635200.0   10.48312186   10.5259   0.000       0.000      0.4275E-03  0.5037E-06  0.2513E-01 -0.9302E-01  0.6745E-01   0.000       0.000       0.000      -0.1180E-05   0.000       0.000       0.000       0.000       0.000                            0.5037E-06  0.5037E-06   0.000    
  29721600.0   10.47762081   10.5196   0.000       0.000      0.4200E-03  0.4775E-06  0.2495E-01 -0.9234E-01  0.6696E-01   0.000       0.000       0.000      -0.1324E-05   0.000       0.000       0.000       0.000       0.000                            0.4775E-06  0.4775E-06   0.000    
  29808000.0   10.47232214   10.5136   0.000       0.000      0.4128E-03  0.4600E-06  0.2477E-01 -0.9167E-01  0.6648E-01   0.000       0.000       0.000      -0.1436E-05   0.000       0.000       0.000       0.000       0.000                            0.4600E-06  0.4600E-06   0.000    
  29894400.0   10.46723392   10.5078   0.000       0.000      0.4058E-03  0.4417E-06  0.2460E-01 -0.9101E-01  0.6601E-01   0.000       0.000       0.000      -0.1512E-05   0.000       0.000       0.000       0.000       0.000                            0.4417E-06  0.4417E-06   0.000    
  29980800.0   10.46233525   10.5022   0.000       0.000      0.3990E-03  0.4252E-06  0.2443E-01 -0.9037E-01  0.6554E-01   0.000       0.000       0.000      -0.1567E-05   0.000       0.000       0.000       0.000       0.000                            0.4252E-06  0.4252E-06   0.000    
  30067200.0   10.45765986   10.4969   0.000       0.000      0.3925E-03  0.4059E-06  0.2426E-01 -0.8974E-01  0.6509E-01   0.000       0.000       0.000      -0.1590E-05   0.000       0.000       0.000       0.000       0.000                            0.4059E-06  0.4059E-06   0.000    
  30153600.0   10.45317288   10.4918   0.000       0.000      0.3862E-03  0.3895E-06  0.2410E-01 -0.8913E-01  0.6464E-01   0.000       0.000       0.000      -0.1608E-05   0.000       0.000       0.000       0.000       0.000                            0.3895E-06  0.3895E-06   0.000    
  30240000.0   10.44886180   10.4869   0.000       0.000      0.3802E-03  0.3742E-06  0.2394E-01 -0.8854E-01  0.6421E-01   0.000       0.000       0.000      -0.1615E-05   0.000       0.000       0.000       0.000       0.000                            0.3742E-06  0.3742E-06   0.000    
  30326400.0   10.44468859   10.4821   0.000       0.000      0.3744E-03  0.3623E-06  0.2379E-01 -0.8795E-01  0.6379E-01   0.000       0.000       0.000      -0.1626E-05   0.000       0.000       0.000       0.000       0.000                            0.3623E-06  0.3623E-06   0.000    
  30412800.0   10.44065279   10.4775   0.000       0.000      0.3687E-03  0.3503E-06  0.2363E-01 -0.8738E-01  0.6338E-01   0.000       0.000       0.000      -0.1629E-05   0.000       0.000       0.000       0.000       0.000                            0.3503E-06  0.3503E-06   0.000    
  30499200.0   10.43675655   10.4731   0.000       0.000      0.3632E-03  0.3382E-06  0.2349E-01 -0.8682E-01  0.6297E-01   0.000       0.000       0.000      -0.1622E-05   0.000       0.000       0.000       0.000       0.000                            0.3382E-06  0.3382E-06   0.000    
  30585600.0   10.43298184   10.4688   0.000       0.000      0.3579E-03  0.3277E-06  0.2334E-01 -0.8628E-01  0.6258E-01   0.000       0.000       0.000      -0.1617E-05   0.000       0.000       0.000       0.000       0.000                            0.3277E-06  0.3277E-06   0.000    
  30672000.0   10.42932719   10.4646   0.000       0.000      0.3528E-03  0.3172E-06  0.2320E-01 -0.8574E-01  0.6219E-01   0.000       0.000       0.000      -0.1606E-05   0.000       0.000       0.000       0.000       0.000                            0.3172E-06  0.3172E-06   0.000    
  30758400.0   10.42578366   10.4606   0.000       0.000      0.3478E-03  0.3076E-06  0.2306E-01 -0.8522E-01  0.6181E-01   0.000       0.000       0.000      -0.1595E-05   0.000       0.000       0.000       0.000       0.000                            0.3076E-06  0.3076E-06   0.000    
  30844800.0   10.42234277   10.4566   0.000       0.000      0.3430E-03  0.2987E-06  0.2292E-01 -0.8471E-01  0.6144E-01   0.000       0.000       0.000      -0.1582E-05   0.000       0.000       0.000       0.000       0.000                            0.2987E-06  0.2987E-06   0.000    
  30931200.0   10.41899044   10.4528   0.000       0.000      0.3384E-03  0.2910E-06  0.2279E-01 -0.8421E-01  0.6108E-01   0.000       0.000       0.000      -0.1573E-05   0.000       0.000       0.000       0.000       0.000                            0.2910E-06  0.2910E-06   0.000    
  31017600.0   10.41572194   10.4491   0.000       0.000      0.3338E-03  0.2837E-06  0.2266E-01 -0.8371E-01  0.6072E-01   0.000       0.000       0.000      -0.1562E-05   0.000       0.000       0.000       0.000       0.000                            0.2837E-06  0.2837E-06   0.000    
  31104000.0   10.41253928   10.4455   0.000       0.000      0.3294E-03  0.2763E-06  0.2253E-01 -0.8323E-01  0.6037E-01   0.000       0.000       0.000      -0.1548E-05   0.000       0.000       0.000       0.000       0.000                            0.2763E-06  0.2763E-06   0.000    
  31190400.0   10.40943656   10.4419   0.000       0.000      0.3251E-03  0.2693E-06  0.2240E-01 -0.8275E-01  0.6003E-01   0.000       0.000       0.000      -0.1534E-05   0.000       0.000       0.000       0.000       0.000                            0.2693E-06  0.2693E-06   0.000    
  31276800.0   10.40695476   10.4392   0.000       0.000      0.3224E-03  0.2154E-06  0.2229E-01 -0.8235E-01  0.5974E-01   0.000       0.000       0.000      -0.1244E-05   0.000       0.000       0.000       0.000       0.000                            0.2154E-06  0.2154E-06   0.000    
  31363200.0   10.40396109   10.4357   0.000       0.000      0.3178E-03  0.2599E-06  0.2217E-01 -0.8190E-01  0.5941E-01   0.000       0.000       0.000      -0.1521E-05   0.000       0.000       0.000       0.000       0.000                            0.2599E-06  0.2599E-06   0.000    
  31449600.0   10.40104348   10.4324   0.000       0.000      0.3137E-03  0.2533E-06  0.2205E-01 -0.8145E-01  0.5908E-01   0.000       0.000       0.000      -0.1503E-05   0.000       0.000       0.000       0.000       0.000                            0.2533E-06  0.2533E-06   0.000    
  31536000.0   10.39819850   10.4292   0.000       0.000      0.3098E-03  0.2470E-06  0.2193E-01 -0.8100E-01  0.5876E-01   0.000       0.000       0.000      -0.1484E-05   0.000       0.000       0.000       0.000       0.000                            0.2470E-06  0.2470E-06   0.000    
  31622400.0   10.39515639   10.4257   0.000       0.000      0.3054E-03  0.2641E-06  0.2181E-01 -0.8053E-01  0.5842E-01   0.000       0.000       0.000      -0.1608E-05   0.000       0.000       0.000       0.000       0.000                            0.2641E-06  0.2641E-06   0.000    
