   TOTIM (T)          HCON      HMAT     QDIR      QWELL        QMAT QCADS<->CON       QTUB1       QTUB2       QTUB3       QTUB4       QTUB5       QTUB6       NSTOR        QFIX        QLH     FHLQ (LQ)      CAUCHY CAUCHY (LQ) BREAK-DOWN CADS FLOW  QCADS<->CON    Q_CDSSTO    Q_CDSRCH
     86400.0   10.74382555   10.9123   0.000       0.000      0.1685E-02   0.000     -0.1457      0.1440       0.000       0.000       0.000       0.000        0.000       0.000       0.000       0.000       0.000       0.000                             0.000       0.000       0.000    
    172800.0   10.72717063   10.8941   0.000       0.000      0.1670E-02  0.9638E-06 -0.1444      0.1427       0.000       0.000       0.000       0.000        0.000       0.000       0.000       0.000       0.000       0.000                            0.9638E-06  0.9638E-06   0.000    
    259200.0   10.72761759   10.8945   0.000       0.000      0.1669E-02 -0.2587E-07 -0.1442      0.1425       0.000       0.000       0.000       0.000        0.000       0.000       0.000       0.000       0.000       0.000                           -0.2587E-07 -0.2587E-07   0.000    
    345600.0   10.72616222   10.8929   0.000       0.000      0.1667E-02  0.8422E-07 -0.1440      0.1424       0.000       0.000       0.000       0.000        0.000       0.000       0.000       0.000       0.000       0.000                            0.8422E-07  0.8422E-07   0.000    
    432000.0   10.73732029   10.9050   0.000       0.000      0.1677E-02 -0.6457E-06 -0.1449      0.1432       0.000       0.000       0.000       0.000        0.000       0.000       0.000       0.000       0.000       0.000                           -0.6457E-06 -0.6457E-06   0.000    
    518400.0   10.74388205   10.9122   0.000       0.000      0.1683E-02 -0.3797E-06 -0.1454      0.1438       0.000       0.000       0.000       0.000        0.000       0.000       0.000       0.000       0.000       0.000                           -0.3797E-06 -0.3797E-06   0.000    
    604800.0   10.74575203   10.9142   0.000       0.000      0.1685E-02 -0.1082E-06 -0.1457      0.1440       0.000       0.000       0.000       0.000        0.000       0.000       0.000       0.000       0.000       0.000                           -0.1082E-06 -0.1082E-06   0.000    
    691200.0   10.76275381   10.9329   0.000       0.000      0.1701E-02 -0.9839E-06 -0.1471      0.1454       0.000       0.000       0.000       0.000        0.000       0.000       0.000       0.000       0.000       0.000                           -0.9839E-06 -0.9839E-06   0.000    
    777600.0   10.80904251   10.9834   0.000       0.000      0.1743E-02 -0.2679E-05 -0.1507      0.1490       0.000       0.000       0.000       0.000        0.000       0.000       0.000       0.000       0.000       0.000                           -0.2679E-05 -0.2679E-05   0.000    
    864000.0   10.87710099   11.0576   0.000       0.000      0.1805E-02 -0.3939E-05 -0.1561      0.1543       0.000       0.000       0.000       0.000        0.000       0.000       0.000       0.000       0.000       0.000                           -0.3939E-05 -0.3939E-05   0.000    
    950400.0   10.90726792   11.0908   0.000       0.000      0.1836E-02 -0.1746E-05 -0.1592      0.1573       0.000       0.000       0.000       0.000        0.000       0.000       0.000       0.000       0.000       0.000                           -0.1746E-05 -0.1746E-05   0.000    
   1036800.0   10.98124526   11.1714   0.000       0.000      0.1901E-02 -0.4281E-05 -0.1647      0.1628       0.000       0.000       0.000       0.000        0.000       0.000       0.000       0.000       0.000       0.000                           -0.4281E-05 -0.4281E-05   0.000    
   1123200.0   11.11491586   11.3158   0.000       0.000      0.2008E-02 -0.7736E-05 -0.1737      0.1717       0.000       0.000       0.000       0.000        0.000       0.000       0.000       0.000       0.000       0.000                           -0.7736E-05 -0.7736E-05   0.000    
   1209600.0   11.09681074   11.2977   0.000       0.000      0.2009E-02  0.1048E-05 -0.1747      0.1726       0.000       0.000       0.000       0.000        0.000       0.000       0.000       0.000       0.000       0.000                            0.1048E-05  0.1048E-05   0.000    
   1296000.0   11.07615174   11.2766   0.000       0.000      0.2005E-02  0.1196E-05 -0.1743      0.1723       0.000       0.000       0.000       0.000        0.000       0.000       0.000       0.000       0.000       0.000                            0.1196E-05  0.1196E-05   0.000    
   1382400.0   11.05585871   11.2555   0.000       0.000      0.1996E-02  0.1174E-05 -0.1733      0.1713       0.000       0.000       0.000       0.000        0.000       0.000       0.000       0.000       0.000       0.000                            0.1174E-05  0.1174E-05   0.000    
   1468800.0   11.03592749   11.2345   0.000       0.000      0.1985E-02  0.1153E-05 -0.1722      0.1702       0.000       0.000       0.000       0.000        0.000       0.000       0.000       0.000       0.000       0.000                            0.1153E-05  0.1153E-05   0.000    
   1555200.0   11.01471690   11.2119   0.000       0.000      0.1972E-02  0.1227E-05 -0.1708      0.1688       0.000       0.000       0.000       0.000        0.000       0.000       0.000       0.000       0.000       0.000                            0.1227E-05  0.1227E-05   0.000    
   1641600.0   10.99352349   11.1892   0.000       0.000      0.1956E-02  0.1226E-05 -0.1693      0.1673       0.000       0.000       0.000       0.000        0.000       0.000       0.000       0.000       0.000       0.000                            0.1226E-05  0.1226E-05   0.000    
   1728000.0   10.97564841   11.1699   0.000       0.000      0.1942E-02  0.1034E-05 -0.1679      0.1659       0.000       0.000       0.000       0.000        0.000       0.000       0.000       0.000       0.000       0.000                            0.1034E-05  0.1034E-05   0.000    
   1814400.0   10.95993004   11.1529   0.000       0.000      0.1930E-02  0.9096E-06 -0.1667      0.1647       0.000       0.000       0.000       0.000        0.000       0.000       0.000       0.000       0.000       0.000                            0.9096E-06  0.9096E-06   0.000    
   1900800.0   10.94242492   11.1339   0.000       0.000      0.1915E-02  0.1013E-05 -0.1652      0.1633       0.000       0.000       0.000       0.000        0.000       0.000       0.000       0.000       0.000       0.000                            0.1013E-05  0.1013E-05   0.000    
   1987200.0   10.92630926   11.1164   0.000       0.000      0.1901E-02  0.9326E-06 -0.1639      0.1620       0.000       0.000       0.000       0.000        0.000       0.000       0.000       0.000       0.000       0.000                            0.9326E-06  0.9326E-06   0.000    
   2073600.0   10.91309778   11.1020   0.000       0.000      0.1889E-02  0.7646E-06 -0.1628      0.1609       0.000       0.000       0.000       0.000        0.000       0.000       0.000       0.000       0.000       0.000                            0.7646E-06  0.7646E-06   0.000    
   2160000.0   10.89774353   11.0852   0.000       0.000      0.1875E-02  0.8886E-06 -0.1615      0.1596       0.000       0.000       0.000       0.000        0.000       0.000       0.000       0.000       0.000       0.000                            0.8886E-06  0.8886E-06   0.000    
   2246400.0   10.88256555   11.0686   0.000       0.000      0.1861E-02  0.8784E-06 -0.1602      0.1583       0.000       0.000       0.000       0.000        0.000       0.000       0.000       0.000       0.000       0.000                            0.8784E-06  0.8784E-06   0.000    
   2332800.0   10.86784271   11.0525   0.000       0.000      0.1846E-02  0.8520E-06 -0.1589      0.1570       0.000       0.000       0.000       0.000        0.000       0.000       0.000       0.000       0.000       0.000                            0.8520E-06  0.8520E-06   0.000    
   2419200.0   10.85346960   11.0367   0.000       0.000      0.1832E-02  0.8318E-06 -0.1576      0.1557       0.000       0.000       0.000       0.000        0.000       0.000       0.000       0.000       0.000       0.000                            0.8318E-06  0.8318E-06   0.000    
   2505600.0   10.84713765   11.0296   0.000       0.000      0.1824E-02  0.3664E-06 -0.1568      0.1550       0.000       0.000       0.000       0.000        0.000       0.000       0.000       0.000       0.000       0.000                            0.3664E-06  0.3664E-06   0.000    
   2592000.0   10.83767168   11.0191   0.000       0.000      0.1815E-02  0.5478E-06 -0.1560      0.1542       0.000       0.000       0.000       0.000        0.000       0.000       0.000       0.000       0.000       0.000                            0.5478E-06  0.5478E-06   0.000    
   2678400.0   10.85586332   11.0387   0.000       0.000      0.1828E-02 -0.1053E-05 -0.1571      0.1552       0.000       0.000       0.000       0.000        0.000       0.000       0.000       0.000       0.000       0.000                           -0.1053E-05 -0.1053E-05   0.000    
   2764800.0   10.92768199   11.1164   0.000       0.000      0.1887E-02 -0.4156E-05 -0.1620      0.1601       0.000       0.000       0.000       0.000        0.000       0.000       0.000       0.000       0.000       0.000                           -0.4156E-05 -0.4156E-05   0.000    
   2851200.0   11.10421108   11.3066   0.000       0.000      0.2024E-02 -0.1022E-04 -0.1734      0.1714       0.000       0.000       0.000       0.000        0.000       0.000       0.000       0.000       0.000       0.000                           -0.1022E-04 -0.1022E-04   0.000    
   2937600.0   11.07042715   11.2715   0.000       0.000      0.2011E-02  0.1955E-05 -0.1737      0.1717       0.000       0.000       0.000       0.000        0.000       0.000       0.000       0.000       0.000       0.000                            0.1955E-05  0.1955E-05   0.000    
   3024000.0   11.07632932   11.2787   0.000       0.000      0.2024E-02 -0.3416E-06 -0.1747      0.1727       0.000       0.000       0.000       0.000        0.000       0.000       0.000       0.000       0.000       0.000                           -0.3416E-06 -0.3416E-06   0.000    
   3110400.0   11.07757838   11.2807   0.000       0.000      0.2031E-02 -0.7228E-07 -0.1752      0.1732       0.000       0.000       0.000       0.000        0.000       0.000       0.000       0.000       0.000       0.000                           -0.7228E-07 -0.7228E-07   0.000    
   3196800.0   11.06605555   11.2687   0.000       0.000      0.2027E-02  0.6668E-06 -0.1748      0.1727       0.000       0.000       0.000       0.000        0.000       0.000       0.000       0.000       0.000       0.000                            0.6668E-06  0.6668E-06   0.000    
   3283200.0   11.04872879   11.2504   0.000       0.000      0.2017E-02  0.1003E-05 -0.1739      0.1718       0.000       0.000       0.000       0.000        0.000       0.000       0.000       0.000       0.000       0.000                            0.1003E-05  0.1003E-05   0.000    
   3369600.0   11.05137188   11.2534   0.000       0.000      0.2021E-02 -0.1530E-06 -0.1739      0.1719       0.000       0.000       0.000       0.000        0.000       0.000       0.000       0.000       0.000       0.000                           -0.1530E-06 -0.1530E-06   0.000    
   3456000.0   11.06540630   11.2686   0.000       0.000      0.2032E-02 -0.8122E-06 -0.1748      0.1727       0.000       0.000       0.000       0.000        0.000       0.000       0.000       0.000       0.000       0.000                           -0.8122E-06 -0.8122E-06   0.000    
   3542400.0   11.08714358   11.2922   0.000       0.000      0.2051E-02 -0.1258E-05 -0.1762      0.1742       0.000       0.000       0.000       0.000        0.000       0.000       0.000       0.000       0.000       0.000                           -0.1258E-05 -0.1258E-05   0.000    
   3628800.0   11.09509137   11.3010   0.000       0.000      0.2059E-02 -0.4599E-06 -0.1770      0.1750       0.000       0.000       0.000       0.000        0.000       0.000       0.000       0.000       0.000       0.000                           -0.4599E-06 -0.4599E-06   0.000    
   3715200.0   11.08374900   11.2891   0.000       0.000      0.2054E-02  0.6564E-06 -0.1767      0.1746       0.000       0.000       0.000       0.000        0.000       0.000       0.000       0.000       0.000       0.000                            0.6564E-06  0.6564E-06   0.000    
   3801600.0   11.08726737   11.2931   0.000       0.000      0.2059E-02 -0.2036E-06 -0.1769      0.1749       0.000       0.000       0.000       0.000        0.000       0.000       0.000       0.000       0.000       0.000                           -0.2036E-06 -0.2036E-06   0.000    
   3888000.0   11.09950716   11.3064   0.000       0.000      0.2069E-02 -0.7083E-06 -0.1777      0.1756       0.000       0.000       0.000       0.000        0.000       0.000       0.000       0.000       0.000       0.000                           -0.7083E-06 -0.7083E-06   0.000    
   3974400.0   11.12698963   11.3361   0.000       0.000      0.2091E-02 -0.1590E-05 -0.1795      0.1774       0.000       0.000       0.000       0.000        0.000       0.000       0.000       0.000       0.000       0.000                           -0.1590E-05 -0.1590E-05   0.000    
   4060800.0   11.14903416   11.3600   0.000       0.000      0.2110E-02 -0.1276E-05 -0.1811      0.1789       0.000       0.000       0.000       0.000        0.000       0.000       0.000       0.000       0.000       0.000                           -0.1276E-05 -0.1276E-05   0.000    
   4147200.0   11.13748192   11.3481   0.000       0.000      0.2106E-02  0.6685E-06 -0.1809      0.1788       0.000       0.000       0.000       0.000        0.000       0.000       0.000       0.000       0.000       0.000                            0.6685E-06  0.6685E-06   0.000    
   4233600.0   11.11983615   11.3294   0.000       0.000      0.2096E-02  0.1021E-05 -0.1800      0.1779       0.000       0.000       0.000       0.000        0.000       0.000       0.000       0.000       0.000       0.000                            0.1021E-05  0.1021E-05   0.000    
   4320000.0   11.10520693   11.3139   0.000       0.000      0.2087E-02  0.8466E-06 -0.1791      0.1770       0.000       0.000       0.000       0.000        0.000       0.000       0.000       0.000       0.000       0.000                            0.8466E-06  0.8466E-06   0.000    
   4406400.0   11.08960647   11.2972   0.000       0.000      0.2076E-02  0.9028E-06 -0.1781      0.1760       0.000       0.000       0.000       0.000        0.000       0.000       0.000       0.000       0.000       0.000                            0.9028E-06  0.9028E-06   0.000    
   4492800.0   11.07718199   11.2838   0.000       0.000      0.2067E-02  0.7190E-06 -0.1772      0.1751       0.000       0.000       0.000       0.000        0.000       0.000       0.000       0.000       0.000       0.000                            0.7190E-06  0.7190E-06   0.000    
   4579200.0   11.06103319   11.2665   0.000       0.000      0.2054E-02  0.9345E-06 -0.1760      0.1740       0.000       0.000       0.000       0.000        0.000       0.000       0.000       0.000       0.000       0.000                            0.9345E-06  0.9345E-06   0.000    
   4665600.0   11.04401512   11.2481   0.000       0.000      0.2041E-02  0.9848E-06 -0.1748      0.1727       0.000       0.000       0.000       0.000        0.000       0.000       0.000       0.000       0.000       0.000                            0.9848E-06  0.9848E-06   0.000    
   4752000.0   11.06873023   11.2745   0.000       0.000      0.2058E-02 -0.1430E-05 -0.1760      0.1739       0.000       0.000       0.000       0.000        0.000       0.000       0.000       0.000       0.000       0.000                           -0.1430E-05 -0.1430E-05   0.000    
   4838400.0   11.10418477   11.3126   0.000       0.000      0.2084E-02 -0.2052E-05 -0.1781      0.1761       0.000       0.000       0.000       0.000        0.000       0.000       0.000       0.000       0.000       0.000                           -0.2052E-05 -0.2052E-05   0.000    
   4924800.0   11.14379493   11.3552   0.000       0.000      0.2114E-02 -0.2292E-05 -0.1808      0.1786       0.000       0.000       0.000       0.000        0.000       0.000       0.000       0.000       0.000       0.000                           -0.2292E-05 -0.2292E-05   0.000    
   5011200.0   11.16822422   11.3818   0.000       0.000      0.2136E-02 -0.1414E-05 -0.1827      0.1806       0.000       0.000       0.000       0.000        0.000       0.000       0.000       0.000       0.000       0.000                           -0.1414E-05 -0.1414E-05   0.000    
   5097600.0   11.15576957   11.3689   0.000       0.000      0.2131E-02  0.7208E-06 -0.1826      0.1804       0.000       0.000       0.000       0.000        0.000       0.000       0.000       0.000       0.000       0.000                            0.7208E-06  0.7208E-06   0.000    
   5184000.0   11.13779713   11.3500   0.000       0.000      0.2122E-02  0.1040E-05 -0.1818      0.1796       0.000       0.000       0.000       0.000        0.000       0.000       0.000       0.000       0.000       0.000                            0.1040E-05  0.1040E-05   0.000    
   5270400.0   11.12220608   11.3334   0.000       0.000      0.2111E-02  0.9023E-06 -0.1808      0.1787       0.000       0.000       0.000       0.000        0.000       0.000       0.000       0.000       0.000       0.000                            0.9023E-06  0.9023E-06   0.000    
   5356800.0   11.10433016   11.3143   0.000       0.000      0.2099E-02  0.1034E-05 -0.1797      0.1776       0.000       0.000       0.000       0.000        0.000       0.000       0.000       0.000       0.000       0.000                            0.1034E-05  0.1034E-05   0.000    
   5443200.0   11.11365992   11.3242   0.000       0.000      0.2106E-02 -0.5399E-06 -0.1800      0.1779       0.000       0.000       0.000       0.000        0.000       0.000       0.000       0.000       0.000       0.000                           -0.5399E-06 -0.5399E-06   0.000    
   5529600.0   11.12555317   11.3370   0.000       0.000      0.2114E-02 -0.6883E-06 -0.1806      0.1785       0.000       0.000       0.000       0.000        0.000       0.000       0.000       0.000       0.000       0.000                           -0.6883E-06 -0.6883E-06   0.000    
   5616000.0   11.13830617   11.3508   0.000       0.000      0.2125E-02 -0.7380E-06 -0.1815      0.1794       0.000       0.000       0.000       0.000        0.000       0.000       0.000       0.000       0.000       0.000                           -0.7380E-06 -0.7380E-06   0.000    
   5702400.0   11.14646910   11.3597   0.000       0.000      0.2132E-02 -0.4724E-06 -0.1822      0.1800       0.000       0.000       0.000       0.000        0.000       0.000       0.000       0.000       0.000       0.000                           -0.4724E-06 -0.4724E-06   0.000    
   5788800.0   11.14215542   11.3552   0.000       0.000      0.2131E-02  0.2496E-06 -0.1821      0.1800       0.000       0.000       0.000       0.000        0.000       0.000       0.000       0.000       0.000       0.000                            0.2496E-06  0.2496E-06   0.000    
   5875200.0   11.14296548   11.3563   0.000       0.000      0.2133E-02 -0.4688E-07 -0.1822      0.1801       0.000       0.000       0.000       0.000        0.000       0.000       0.000       0.000       0.000       0.000                           -0.4688E-07 -0.4688E-07   0.000    
   5961600.0   11.13891700   11.3520   0.000       0.000      0.2131E-02  0.2343E-06 -0.1821      0.1799       0.000       0.000       0.000       0.000        0.000       0.000       0.000       0.000       0.000       0.000                            0.2343E-06  0.2343E-06   0.000    
   6048000.0   11.12682633   11.3391   0.000       0.000      0.2123E-02  0.6997E-06 -0.1814      0.1793       0.000       0.000       0.000       0.000        0.000       0.000       0.000       0.000       0.000       0.000                            0.6997E-06  0.6997E-06   0.000    
   6134400.0   11.11104550   11.3223   0.000       0.000      0.2112E-02  0.9132E-06 -0.1804      0.1783       0.000       0.000       0.000       0.000        0.000       0.000       0.000       0.000       0.000       0.000                            0.9132E-06  0.9132E-06   0.000    
   6220800.0   11.09393630   11.3038   0.000       0.000      0.2099E-02  0.9901E-06 -0.1792      0.1771       0.000       0.000       0.000       0.000        0.000       0.000       0.000       0.000       0.000       0.000                            0.9901E-06  0.9901E-06   0.000    
   6307200.0   11.07620785   11.2847   0.000       0.000      0.2085E-02  0.1026E-05 -0.1780      0.1759       0.000       0.000       0.000       0.000        0.000       0.000       0.000       0.000       0.000       0.000                            0.1026E-05  0.1026E-05   0.000    
   6393600.0   11.05866979   11.2657   0.000       0.000      0.2070E-02  0.1015E-05 -0.1766      0.1746       0.000       0.000       0.000       0.000        0.000       0.000       0.000       0.000       0.000       0.000                            0.1015E-05  0.1015E-05   0.000    
   6480000.0   11.04125157   11.2468   0.000       0.000      0.2056E-02  0.1008E-05 -0.1753      0.1733       0.000       0.000       0.000       0.000        0.000       0.000       0.000       0.000       0.000       0.000                            0.1008E-05  0.1008E-05   0.000    
   6566400.0   11.02423563   11.2283   0.000       0.000      0.2040E-02  0.9847E-06 -0.1739      0.1719       0.000       0.000       0.000       0.000        0.000       0.000       0.000       0.000       0.000       0.000                            0.9847E-06  0.9847E-06   0.000    
   6652800.0   11.00737985   11.2099   0.000       0.000      0.2025E-02  0.9755E-06 -0.1726      0.1706       0.000       0.000       0.000       0.000        0.000       0.000       0.000       0.000       0.000       0.000                            0.9755E-06  0.9755E-06   0.000    
   6739200.0   10.99119476   11.1922   0.000       0.000      0.2010E-02  0.9366E-06 -0.1712      0.1692       0.000       0.000       0.000       0.000        0.000       0.000       0.000       0.000       0.000       0.000                            0.9366E-06  0.9366E-06   0.000    
   6825600.0   10.97499789   11.1745   0.000       0.000      0.1995E-02  0.9373E-06 -0.1699      0.1679       0.000       0.000       0.000       0.000        0.000       0.000       0.000       0.000       0.000       0.000                            0.9373E-06  0.9373E-06   0.000    
   6912000.0   10.95912936   11.1570   0.000       0.000      0.1979E-02  0.9183E-06 -0.1685      0.1665       0.000       0.000       0.000       0.000        0.000       0.000       0.000       0.000       0.000       0.000                            0.9183E-06  0.9183E-06   0.000    
   6998400.0   10.94349783   11.1399   0.000       0.000      0.1964E-02  0.9046E-06 -0.1672      0.1652       0.000       0.000       0.000       0.000        0.000       0.000       0.000       0.000       0.000       0.000                            0.9046E-06  0.9046E-06   0.000    
   7084800.0   10.92852341   11.1234   0.000       0.000      0.1949E-02  0.8666E-06 -0.1659      0.1639       0.000       0.000       0.000       0.000        0.000       0.000       0.000       0.000       0.000       0.000                            0.8666E-06  0.8666E-06   0.000    
   7171200.0   10.91408558   11.1075   0.000       0.000      0.1934E-02  0.8355E-06 -0.1646      0.1626       0.000       0.000       0.000       0.000        0.000       0.000       0.000       0.000       0.000       0.000                            0.8355E-06  0.8355E-06   0.000    
   7257600.0   10.90001375   11.0919   0.000       0.000      0.1919E-02  0.8143E-06 -0.1633      0.1614       0.000       0.000       0.000       0.000        0.000       0.000       0.000       0.000       0.000       0.000                            0.8143E-06  0.8143E-06   0.000    
   7344000.0   10.88652898   11.0770   0.000       0.000      0.1905E-02  0.7804E-06 -0.1621      0.1602       0.000       0.000       0.000       0.000        0.000       0.000       0.000       0.000       0.000       0.000                            0.7804E-06  0.7804E-06   0.000    
   7430400.0   10.87438457   11.0635   0.000       0.000      0.1891E-02  0.7028E-06 -0.1609      0.1590       0.000       0.000       0.000       0.000        0.000       0.000       0.000       0.000       0.000       0.000                            0.7028E-06  0.7028E-06   0.000    
   7516800.0   10.86250079   11.0503   0.000       0.000      0.1878E-02  0.6877E-06 -0.1598      0.1579       0.000       0.000       0.000       0.000        0.000       0.000       0.000       0.000       0.000       0.000                            0.6877E-06  0.6877E-06   0.000    
   7603200.0   10.85023728   11.0367   0.000       0.000      0.1864E-02  0.7097E-06 -0.1586      0.1568       0.000       0.000       0.000       0.000        0.000       0.000       0.000       0.000       0.000       0.000                            0.7097E-06  0.7097E-06   0.000    
   7689600.0   10.83845508   11.0235   0.000       0.000      0.1851E-02  0.6818E-06 -0.1575      0.1556       0.000       0.000       0.000       0.000        0.000       0.000       0.000       0.000       0.000       0.000                            0.6818E-06  0.6818E-06   0.000    
   7776000.0   10.82747754   11.0113   0.000       0.000      0.1838E-02  0.6353E-06 -0.1564      0.1546       0.000       0.000       0.000       0.000        0.000       0.000       0.000       0.000       0.000       0.000                            0.6353E-06  0.6353E-06   0.000    
   7862400.0   10.81647461   10.9990   0.000       0.000      0.1825E-02  0.6367E-06 -0.1553      0.1535       0.000       0.000       0.000       0.000        0.000       0.000       0.000       0.000       0.000       0.000                            0.6367E-06  0.6367E-06   0.000    
   7948800.0   10.80573365   10.9870   0.000       0.000      0.1813E-02  0.6216E-06 -0.1543      0.1525       0.000       0.000       0.000       0.000        0.000       0.000       0.000       0.000       0.000       0.000                            0.6216E-06  0.6216E-06   0.000    
   8035200.0   10.79544014   10.9755   0.000       0.000      0.1800E-02  0.5957E-06 -0.1532      0.1514       0.000       0.000       0.000       0.000        0.000       0.000       0.000       0.000       0.000       0.000                            0.5957E-06  0.5957E-06   0.000    
   8121600.0   10.78535031   10.9642   0.000       0.000      0.1788E-02  0.5839E-06 -0.1522      0.1504       0.000       0.000       0.000       0.000        0.000       0.000       0.000       0.000       0.000       0.000                            0.5839E-06  0.5839E-06   0.000    
   8208000.0   10.77567827   10.9533   0.000       0.000      0.1776E-02  0.5597E-06 -0.1512      0.1494       0.000       0.000       0.000       0.000        0.000       0.000       0.000       0.000       0.000       0.000                            0.5597E-06  0.5597E-06   0.000    
   8294400.0   10.76616407   10.9426   0.000       0.000      0.1764E-02  0.5506E-06 -0.1502      0.1485       0.000       0.000       0.000       0.000        0.000       0.000       0.000       0.000       0.000       0.000                            0.5506E-06  0.5506E-06   0.000    
   8380800.0   10.80978097   10.9898   0.000       0.000      0.1801E-02 -0.2524E-05 -0.1533      0.1515       0.000       0.000       0.000       0.000        0.000       0.000       0.000       0.000       0.000       0.000                           -0.2524E-05 -0.2524E-05   0.000    
   8467200.0   10.81385518   10.9942   0.000       0.000      0.1803E-02 -0.2358E-06 -0.1539      0.1521       0.000       0.000       0.000       0.000        0.000       0.000       0.000       0.000       0.000       0.000                           -0.2358E-06 -0.2358E-06   0.000    
   8553600.0   10.81448976   10.9949   0.000       0.000      0.1804E-02 -0.3672E-07 -0.1541      0.1523       0.000       0.000       0.000       0.000        0.000       0.000       0.000       0.000       0.000       0.000                           -0.3672E-07 -0.3672E-07   0.000    
   8640000.0   10.81056740   10.9906   0.000       0.000      0.1800E-02  0.2270E-06 -0.1538      0.1520       0.000       0.000       0.000       0.000        0.000       0.000       0.000       0.000       0.000       0.000                            0.2270E-06  0.2270E-06   0.000    
   8726400.0   10.80433921   10.9838   0.000       0.000      0.1794E-02  0.3604E-06 -0.1533      0.1515       0.000       0.000       0.000       0.000        0.000       0.000       0.000       0.000       0.000       0.000                            0.3604E-06  0.3604E-06   0.000    
   8812800.0   10.79702516   10.9757   0.000       0.000      0.1787E-02  0.4233E-06 -0.1527      0.1509       0.000       0.000       0.000       0.000        0.000       0.000       0.000       0.000       0.000       0.000                            0.4233E-06  0.4233E-06   0.000    
   8899200.0   10.78776886   10.9655   0.000       0.000      0.1777E-02  0.5357E-06 -0.1519      0.1501       0.000       0.000       0.000       0.000        0.000       0.000       0.000       0.000       0.000       0.000                            0.5357E-06  0.5357E-06   0.000    
   8985600.0   10.78475738   10.9620   0.000       0.000      0.1772E-02  0.1743E-06 -0.1515      0.1497       0.000       0.000       0.000       0.000        0.000       0.000       0.000       0.000       0.000       0.000                            0.1743E-06  0.1743E-06   0.000    
   9072000.0   10.79218442   10.9699   0.000       0.000      0.1777E-02 -0.4298E-06 -0.1519      0.1501       0.000       0.000       0.000       0.000        0.000       0.000       0.000       0.000       0.000       0.000                           -0.4298E-06 -0.4298E-06   0.000    
   9158400.0   10.78849383   10.9657   0.000       0.000      0.1773E-02  0.2136E-06 -0.1516      0.1499       0.000       0.000       0.000       0.000        0.000       0.000       0.000       0.000       0.000       0.000                            0.2136E-06  0.2136E-06   0.000    
   9244800.0   10.81487506   10.9944   0.000       0.000      0.1795E-02 -0.1527E-05 -0.1536      0.1518       0.000       0.000       0.000       0.000        0.000       0.000       0.000       0.000       0.000       0.000                           -0.1527E-05 -0.1527E-05   0.000    
   9331200.0   10.88168544   11.0669   0.000       0.000      0.1852E-02 -0.3866E-05 -0.1585      0.1566       0.000       0.000       0.000       0.000        0.000       0.000       0.000       0.000       0.000       0.000                           -0.3866E-05 -0.3866E-05   0.000    
   9417600.0   11.04471114   11.2431   0.000       0.000      0.1983E-02 -0.9434E-05 -0.1696      0.1677       0.000       0.000       0.000       0.000        0.000       0.000       0.000       0.000       0.000       0.000                           -0.9434E-05 -0.9434E-05   0.000    
   9504000.0   11.16400722   11.3720   0.000       0.000      0.2080E-02 -0.6904E-05 -0.1784      0.1763       0.000       0.000       0.000       0.000        0.000       0.000       0.000       0.000       0.000       0.000                           -0.6904E-05 -0.6904E-05   0.000    
   9590400.0   11.14064784   11.3485   0.000       0.000      0.2078E-02  0.1352E-05 -0.1793      0.1772       0.000       0.000       0.000       0.000        0.000       0.000       0.000       0.000       0.000       0.000                            0.1352E-05  0.1352E-05   0.000    
   9676800.0   11.11296824   11.3199   0.000       0.000      0.2070E-02  0.1602E-05 -0.1786      0.1765       0.000       0.000       0.000       0.000        0.000       0.000       0.000       0.000       0.000       0.000                            0.1602E-05  0.1602E-05   0.000    
   9763200.0   11.08394964   11.2894   0.000       0.000      0.2054E-02  0.1679E-05 -0.1771      0.1751       0.000       0.000       0.000       0.000        0.000       0.000       0.000       0.000       0.000       0.000                            0.1679E-05  0.1679E-05   0.000    
   9849600.0   11.05651660   11.2602   0.000       0.000      0.2037E-02  0.1588E-05 -0.1755      0.1734       0.000       0.000       0.000       0.000        0.000       0.000       0.000       0.000       0.000       0.000                            0.1588E-05  0.1588E-05   0.000    
   9936000.0   11.07437687   11.2795   0.000       0.000      0.2051E-02 -0.1034E-05 -0.1762      0.1742       0.000       0.000       0.000       0.000        0.000       0.000       0.000       0.000       0.000       0.000                           -0.1034E-05 -0.1034E-05   0.000    
  10022400.0   11.08890948   11.2952   0.000       0.000      0.2063E-02 -0.8410E-06 -0.1772      0.1752       0.000       0.000       0.000       0.000        0.000       0.000       0.000       0.000       0.000       0.000                           -0.8410E-06 -0.8410E-06   0.000    
  10108800.0   11.09316483   11.3000   0.000       0.000      0.2069E-02 -0.2463E-06 -0.1777      0.1756       0.000       0.000       0.000       0.000        0.000       0.000       0.000       0.000       0.000       0.000                           -0.2463E-06 -0.2463E-06   0.000    
  10195200.0   11.10501061   11.3129   0.000       0.000      0.2079E-02 -0.6855E-06 -0.1786      0.1765       0.000       0.000       0.000       0.000        0.000       0.000       0.000       0.000       0.000       0.000                           -0.6855E-06 -0.6855E-06   0.000    
  10281600.0   11.11124345   11.3198   0.000       0.000      0.2086E-02 -0.3607E-06 -0.1791      0.1771       0.000       0.000       0.000       0.000        0.000       0.000       0.000       0.000       0.000       0.000                           -0.3607E-06 -0.3607E-06   0.000    
  10368000.0   11.09927295   11.3073   0.000       0.000      0.2080E-02  0.6927E-06 -0.1787      0.1766       0.000       0.000       0.000       0.000        0.000       0.000       0.000       0.000       0.000       0.000                            0.6927E-06  0.6927E-06   0.000    
  10454400.0   11.08112378   11.2879   0.000       0.000      0.2068E-02  0.1050E-05 -0.1777      0.1756       0.000       0.000       0.000       0.000        0.000       0.000       0.000       0.000       0.000       0.000                            0.1050E-05  0.1050E-05   0.000    
  10540800.0   11.08027651   11.2870   0.000       0.000      0.2068E-02  0.4903E-07 -0.1775      0.1754       0.000       0.000       0.000       0.000        0.000       0.000       0.000       0.000       0.000       0.000                            0.4903E-07  0.4903E-07   0.000    
  10627200.0   11.08821728   11.2956   0.000       0.000      0.2074E-02 -0.4595E-06 -0.1779      0.1758       0.000       0.000       0.000       0.000        0.000       0.000       0.000       0.000       0.000       0.000                           -0.4595E-06 -0.4595E-06   0.000    
  10713600.0   11.08874485   11.2963   0.000       0.000      0.2075E-02 -0.3053E-07 -0.1780      0.1759       0.000       0.000       0.000       0.000        0.000       0.000       0.000       0.000       0.000       0.000                           -0.3053E-07 -0.3053E-07   0.000    
  10800000.0   11.07989649   11.2868   0.000       0.000      0.2069E-02  0.5121E-06 -0.1775      0.1755       0.000       0.000       0.000       0.000        0.000       0.000       0.000       0.000       0.000       0.000                            0.5121E-06  0.5121E-06   0.000    
  10886400.0   11.06511400   11.2711   0.000       0.000      0.2059E-02  0.8555E-06 -0.1767      0.1746       0.000       0.000       0.000       0.000        0.000       0.000       0.000       0.000       0.000       0.000                            0.8555E-06  0.8555E-06   0.000    
  10972800.0   11.04753839   11.2521   0.000       0.000      0.2046E-02  0.1017E-05 -0.1755      0.1734       0.000       0.000       0.000       0.000        0.000       0.000       0.000       0.000       0.000       0.000                            0.1017E-05  0.1017E-05   0.000    
  11059200.0   11.02696944   11.2299   0.000       0.000      0.2029E-02  0.1190E-05 -0.1740      0.1720       0.000       0.000       0.000       0.000        0.000       0.000       0.000       0.000       0.000       0.000                            0.1190E-05  0.1190E-05   0.000    
  11145600.0   11.00635237   11.2076   0.000       0.000      0.2012E-02  0.1193E-05 -0.1725      0.1705       0.000       0.000       0.000       0.000        0.000       0.000       0.000       0.000       0.000       0.000                            0.1193E-05  0.1193E-05   0.000    
  11232000.0   10.98676118   11.1862   0.000       0.000      0.1994E-02  0.1134E-05 -0.1709      0.1689       0.000       0.000       0.000       0.000        0.000       0.000       0.000       0.000       0.000       0.000                            0.1134E-05  0.1134E-05   0.000    
  11318400.0   10.96791534   11.1657   0.000       0.000      0.1978E-02  0.1091E-05 -0.1693      0.1674       0.000       0.000       0.000       0.000        0.000       0.000       0.000       0.000       0.000       0.000                            0.1091E-05  0.1091E-05   0.000    
  11404800.0   10.97217210   11.1700   0.000       0.000      0.1978E-02 -0.2463E-06 -0.1693      0.1673       0.000       0.000       0.000       0.000        0.000       0.000       0.000       0.000       0.000       0.000                           -0.2463E-06 -0.2463E-06   0.000    
  11491200.0   10.95547749   11.1517   0.000       0.000      0.1963E-02  0.9661E-06 -0.1680      0.1660       0.000       0.000       0.000       0.000        0.000       0.000       0.000       0.000       0.000       0.000                            0.9661E-06  0.9661E-06   0.000    
  11577600.0   10.98038291   11.1784   0.000       0.000      0.1980E-02 -0.1441E-05 -0.1693      0.1674       0.000       0.000       0.000       0.000        0.000       0.000       0.000       0.000       0.000       0.000                           -0.1441E-05 -0.1441E-05   0.000    
  11664000.0   11.04927126   11.2526   0.000       0.000      0.2033E-02 -0.3987E-05 -0.1737      0.1717       0.000       0.000       0.000       0.000        0.000       0.000       0.000       0.000       0.000       0.000                           -0.3987E-05 -0.3987E-05   0.000    
  11750400.0   11.21444545   11.4297   0.000       0.000      0.2153E-02 -0.9559E-05 -0.1836      0.1815       0.000       0.000       0.000       0.000        0.000       0.000       0.000       0.000       0.000       0.000                           -0.9559E-05 -0.9559E-05   0.000    
  11836800.0   11.18158648   11.3956   0.000       0.000      0.2141E-02  0.1902E-05 -0.1839      0.1818       0.000       0.000       0.000       0.000        0.000       0.000       0.000       0.000       0.000       0.000                            0.1902E-05  0.1902E-05   0.000    
  11923200.0   11.15248361   11.3653   0.000       0.000      0.2128E-02  0.1684E-05 -0.1829      0.1808       0.000       0.000       0.000       0.000        0.000       0.000       0.000       0.000       0.000       0.000                            0.1684E-05  0.1684E-05   0.000    
  12009600.0   11.12590685   11.3372   0.000       0.000      0.2113E-02  0.1538E-05 -0.1815      0.1794       0.000       0.000       0.000       0.000        0.000       0.000       0.000       0.000       0.000       0.000                            0.1538E-05  0.1538E-05   0.000    
  12096000.0   11.11928678   11.3302   0.000       0.000      0.2109E-02  0.3831E-06 -0.1810      0.1789       0.000       0.000       0.000       0.000        0.000       0.000       0.000       0.000       0.000       0.000                            0.3831E-06  0.3831E-06   0.000    
  12182400.0   11.11047809   11.3208   0.000       0.000      0.2104E-02  0.5098E-06 -0.1804      0.1783       0.000       0.000       0.000       0.000        0.000       0.000       0.000       0.000       0.000       0.000                            0.5098E-06  0.5098E-06   0.000    
  12268800.0   11.09601564   11.3053   0.000       0.000      0.2093E-02  0.8369E-06 -0.1794      0.1774       0.000       0.000       0.000       0.000        0.000       0.000       0.000       0.000       0.000       0.000                            0.8369E-06  0.8369E-06   0.000    
  12355200.0   11.07804843   11.2860   0.000       0.000      0.2080E-02  0.1040E-05 -0.1783      0.1762       0.000       0.000       0.000       0.000        0.000       0.000       0.000       0.000       0.000       0.000                            0.1040E-05  0.1040E-05   0.000    
  12441600.0   11.06531271   11.2722   0.000       0.000      0.2069E-02  0.7370E-06 -0.1773      0.1752       0.000       0.000       0.000       0.000        0.000       0.000       0.000       0.000       0.000       0.000                            0.7370E-06  0.7370E-06   0.000    
  12528000.0   11.10878204   11.3188   0.000       0.000      0.2100E-02 -0.2516E-05 -0.1795      0.1774       0.000       0.000       0.000       0.000        0.000       0.000       0.000       0.000       0.000       0.000                           -0.2516E-05 -0.2516E-05   0.000    
  12614400.0   11.15853121   11.3721   0.000       0.000      0.2136E-02 -0.2879E-05 -0.1826      0.1805       0.000       0.000       0.000       0.000        0.000       0.000       0.000       0.000       0.000       0.000                           -0.2879E-05 -0.2879E-05   0.000    
  12700800.0   11.15006551   11.3635   0.000       0.000      0.2134E-02  0.4899E-06 -0.1829      0.1807       0.000       0.000       0.000       0.000        0.000       0.000       0.000       0.000       0.000       0.000                            0.4899E-06  0.4899E-06   0.000    
  12787200.0   11.13494137   11.3475   0.000       0.000      0.2126E-02  0.8752E-06 -0.1822      0.1801       0.000       0.000       0.000       0.000        0.000       0.000       0.000       0.000       0.000       0.000                            0.8752E-06  0.8752E-06   0.000    
  12873600.0   11.11494838   11.3263   0.000       0.000      0.2113E-02  0.1157E-05 -0.1811      0.1790       0.000       0.000       0.000       0.000        0.000       0.000       0.000       0.000       0.000       0.000                            0.1157E-05  0.1157E-05   0.000    
  12960000.0   11.11952562   11.3312   0.000       0.000      0.2116E-02 -0.2649E-06 -0.1812      0.1791       0.000       0.000       0.000       0.000        0.000       0.000       0.000       0.000       0.000       0.000                           -0.2649E-06 -0.2649E-06   0.000    
  13046400.0   11.11058961   11.3216   0.000       0.000      0.2110E-02  0.5171E-06 -0.1807      0.1786       0.000       0.000       0.000       0.000        0.000       0.000       0.000       0.000       0.000       0.000                            0.5171E-06  0.5171E-06   0.000    
  13132800.0   11.09743076   11.3074   0.000       0.000      0.2100E-02  0.7615E-06 -0.1798      0.1777       0.000       0.000       0.000       0.000        0.000       0.000       0.000       0.000       0.000       0.000                            0.7615E-06  0.7615E-06   0.000    
  13219200.0   11.08821369   11.2975   0.000       0.000      0.2093E-02  0.5334E-06 -0.1791      0.1770       0.000       0.000       0.000       0.000        0.000       0.000       0.000       0.000       0.000       0.000                            0.5334E-06  0.5334E-06   0.000    
  13305600.0   11.07468255   11.2829   0.000       0.000      0.2082E-02  0.7831E-06 -0.1782      0.1761       0.000       0.000       0.000       0.000        0.000       0.000       0.000       0.000       0.000       0.000                            0.7831E-06  0.7831E-06   0.000    
  13392000.0   11.09515727   11.3048   0.000       0.000      0.2096E-02 -0.1185E-05 -0.1792      0.1771       0.000       0.000       0.000       0.000        0.000       0.000       0.000       0.000       0.000       0.000                           -0.1185E-05 -0.1185E-05   0.000    
  13478400.0   11.11032908   11.3210   0.000       0.000      0.2107E-02 -0.8780E-06 -0.1802      0.1781       0.000       0.000       0.000       0.000        0.000       0.000       0.000       0.000       0.000       0.000                           -0.8780E-06 -0.8780E-06   0.000    
  13564800.0   11.10588965   11.3164   0.000       0.000      0.2105E-02  0.2569E-06 -0.1801      0.1780       0.000       0.000       0.000       0.000        0.000       0.000       0.000       0.000       0.000       0.000                            0.2569E-06  0.2569E-06   0.000    
  13651200.0   11.09675372   11.3066   0.000       0.000      0.2099E-02  0.5287E-06 -0.1796      0.1775       0.000       0.000       0.000       0.000        0.000       0.000       0.000       0.000       0.000       0.000                            0.5287E-06  0.5287E-06   0.000    
  13737600.0   11.08375552   11.2927   0.000       0.000      0.2090E-02  0.7522E-06 -0.1788      0.1767       0.000       0.000       0.000       0.000        0.000       0.000       0.000       0.000       0.000       0.000                            0.7522E-06  0.7522E-06   0.000    
  13824000.0   11.12631951   11.3383   0.000       0.000      0.2120E-02 -0.2463E-05 -0.1811      0.1790       0.000       0.000       0.000       0.000        0.000       0.000       0.000       0.000       0.000       0.000                           -0.2463E-05 -0.2463E-05   0.000    
  13910400.0   11.18709225   11.4035   0.000       0.000      0.2164E-02 -0.3517E-05 -0.1848      0.1827       0.000       0.000       0.000       0.000        0.000       0.000       0.000       0.000       0.000       0.000                           -0.3517E-05 -0.3517E-05   0.000    
  13996800.0   11.18512145   11.4018   0.000       0.000      0.2167E-02  0.1141E-06 -0.1855      0.1833       0.000       0.000       0.000       0.000        0.000       0.000       0.000       0.000       0.000       0.000                            0.1141E-06  0.1141E-06   0.000    
  14083200.0   11.17092233   11.3870   0.000       0.000      0.2160E-02  0.8217E-06 -0.1851      0.1829       0.000       0.000       0.000       0.000        0.000       0.000       0.000       0.000       0.000       0.000                            0.8217E-06  0.8217E-06   0.000    
  14169600.0   11.18483264   11.4021   0.000       0.000      0.2172E-02 -0.8050E-06 -0.1859      0.1837       0.000       0.000       0.000       0.000        0.000       0.000       0.000       0.000       0.000       0.000                           -0.8050E-06 -0.8050E-06   0.000    
  14256000.0   11.19635233   11.4146   0.000       0.000      0.2182E-02 -0.6666E-06 -0.1867      0.1845       0.000       0.000       0.000       0.000        0.000       0.000       0.000       0.000       0.000       0.000                           -0.6666E-06 -0.6666E-06   0.000    
  14342400.0   11.25483194   11.4772   0.000       0.000      0.2224E-02 -0.3384E-05 -0.1900      0.1878       0.000       0.000       0.000       0.000        0.000       0.000       0.000       0.000       0.000       0.000                           -0.3384E-05 -0.3384E-05   0.000    
  14428800.0   11.40541824   11.6380   0.000       0.000      0.2325E-02 -0.8714E-05 -0.1981      0.1957       0.000       0.000       0.000       0.000        0.000       0.000       0.000       0.000       0.000       0.000                           -0.8714E-05 -0.8714E-05   0.000    
  14515200.0   11.40017044   11.6334   0.000       0.000      0.2332E-02  0.3037E-06 -0.1997      0.1974       0.000       0.000       0.000       0.000        0.000       0.000       0.000       0.000       0.000       0.000                            0.3037E-06  0.3037E-06   0.000    
  14601600.0   11.42261601   11.6582   0.000       0.000      0.2355E-02 -0.1299E-05 -0.2016      0.1993       0.000       0.000       0.000       0.000        0.000       0.000       0.000       0.000       0.000       0.000                           -0.1299E-05 -0.1299E-05   0.000    
  14688000.0   11.47238379   11.7117   0.000       0.000      0.2393E-02 -0.2880E-05 -0.2046      0.2022       0.000       0.000       0.000       0.000        0.000       0.000       0.000       0.000       0.000       0.000                           -0.2880E-05 -0.2880E-05   0.000    
  14774400.0   11.48986804   11.7310   0.000       0.000      0.2411E-02 -0.1012E-05 -0.2063      0.2039       0.000       0.000       0.000       0.000        0.000       0.000       0.000       0.000       0.000       0.000                           -0.1012E-05 -0.1012E-05   0.000    
  14860800.0   11.47977219   11.7210   0.000       0.000      0.2412E-02  0.5843E-06 -0.2065      0.2041       0.000       0.000       0.000       0.000        0.000       0.000       0.000       0.000       0.000       0.000                            0.5843E-06  0.5843E-06   0.000    
  14947200.0   11.46640514   11.7073   0.000       0.000      0.2409E-02  0.7736E-06 -0.2062      0.2038       0.000       0.000       0.000       0.000        0.000       0.000       0.000       0.000       0.000       0.000                            0.7736E-06  0.7736E-06   0.000    
  15033600.0   11.44515384   11.6851   0.000       0.000      0.2400E-02  0.1230E-05 -0.2054      0.2030       0.000       0.000       0.000       0.000        0.000       0.000       0.000       0.000       0.000       0.000                            0.1230E-05  0.1230E-05   0.000    
  15120000.0   11.42069629   11.6593   0.000       0.000      0.2386E-02  0.1415E-05 -0.2042      0.2018       0.000       0.000       0.000       0.000        0.000       0.000       0.000       0.000       0.000       0.000                            0.1415E-05  0.1415E-05   0.000    
  15206400.0   11.39259532   11.6296   0.000       0.000      0.2370E-02  0.1626E-05 -0.2028      0.2004       0.000       0.000       0.000       0.000        0.000       0.000       0.000       0.000       0.000       0.000                            0.1626E-05  0.1626E-05   0.000    
  15292800.0   11.36296666   11.5980   0.000       0.000      0.2350E-02  0.1715E-05 -0.2010      0.1987       0.000       0.000       0.000       0.000        0.000       0.000       0.000       0.000       0.000       0.000                            0.1715E-05  0.1715E-05   0.000    
  15379200.0   11.40158901   11.6390   0.000       0.000      0.2374E-02 -0.2235E-05 -0.2025      0.2001       0.000       0.000       0.000       0.000        0.000       0.000       0.000       0.000       0.000       0.000                           -0.2235E-05 -0.2235E-05   0.000    
  15465600.0   11.41966658   11.6583   0.000       0.000      0.2386E-02 -0.1046E-05 -0.2035      0.2011       0.000       0.000       0.000       0.000        0.000       0.000       0.000       0.000       0.000       0.000                           -0.1046E-05 -0.1046E-05   0.000    
  15552000.0   11.40535454   11.6433   0.000       0.000      0.2380E-02  0.8282E-06 -0.2032      0.2008       0.000       0.000       0.000       0.000        0.000       0.000       0.000       0.000       0.000       0.000                            0.8282E-06  0.8282E-06   0.000    
  15638400.0   11.37947739   11.6160   0.000       0.000      0.2365E-02  0.1498E-05 -0.2020      0.1996       0.000       0.000       0.000       0.000        0.000       0.000       0.000       0.000       0.000       0.000                            0.1498E-05  0.1498E-05   0.000    
  15724800.0   11.35230366   11.5871   0.000       0.000      0.2348E-02  0.1573E-05 -0.2005      0.1981       0.000       0.000       0.000       0.000        0.000       0.000       0.000       0.000       0.000       0.000                            0.1573E-05  0.1573E-05   0.000    
  15811200.0   11.32540515   11.5583   0.000       0.000      0.2329E-02  0.1557E-05 -0.1988      0.1965       0.000       0.000       0.000       0.000        0.000       0.000       0.000       0.000       0.000       0.000                            0.1557E-05  0.1557E-05   0.000    
  15897600.0   11.29964672   11.5307   0.000       0.000      0.2311E-02  0.1491E-05 -0.1972      0.1949       0.000       0.000       0.000       0.000        0.000       0.000       0.000       0.000       0.000       0.000                            0.1491E-05  0.1491E-05   0.000    
  15984000.0   11.28143114   11.5111   0.000       0.000      0.2296E-02  0.1054E-05 -0.1958      0.1935       0.000       0.000       0.000       0.000        0.000       0.000       0.000       0.000       0.000       0.000                            0.1054E-05  0.1054E-05   0.000    
  16070400.0   11.25809051   11.4859   0.000       0.000      0.2278E-02  0.1351E-05 -0.1942      0.1919       0.000       0.000       0.000       0.000        0.000       0.000       0.000       0.000       0.000       0.000                            0.1351E-05  0.1351E-05   0.000    
  16156800.0   11.23527098   11.4613   0.000       0.000      0.2260E-02  0.1321E-05 -0.1926      0.1904       0.000       0.000       0.000       0.000        0.000       0.000       0.000       0.000       0.000       0.000                            0.1321E-05  0.1321E-05   0.000    
  16243200.0   11.21296152   11.4371   0.000       0.000      0.2242E-02  0.1291E-05 -0.1910      0.1888       0.000       0.000       0.000       0.000        0.000       0.000       0.000       0.000       0.000       0.000                            0.1291E-05  0.1291E-05   0.000    
  16329600.0   11.19129431   11.4137   0.000       0.000      0.2224E-02  0.1254E-05 -0.1894      0.1872       0.000       0.000       0.000       0.000        0.000       0.000       0.000       0.000       0.000       0.000                            0.1254E-05  0.1254E-05   0.000    
  16416000.0   11.17044619   11.3910   0.000       0.000      0.2206E-02  0.1206E-05 -0.1878      0.1856       0.000       0.000       0.000       0.000        0.000       0.000       0.000       0.000       0.000       0.000                            0.1206E-05  0.1206E-05   0.000    
  16502400.0   11.15024743   11.3691   0.000       0.000      0.2188E-02  0.1169E-05 -0.1863      0.1841       0.000       0.000       0.000       0.000        0.000       0.000       0.000       0.000       0.000       0.000                            0.1169E-05  0.1169E-05   0.000    
  16588800.0   11.13084771   11.3479   0.000       0.000      0.2171E-02  0.1123E-05 -0.1848      0.1826       0.000       0.000       0.000       0.000        0.000       0.000       0.000       0.000       0.000       0.000                            0.1123E-05  0.1123E-05   0.000    
  16675200.0   11.11217823   11.3275   0.000       0.000      0.2153E-02  0.1080E-05 -0.1833      0.1811       0.000       0.000       0.000       0.000        0.000       0.000       0.000       0.000       0.000       0.000                            0.1080E-05  0.1080E-05   0.000    
  16761600.0   11.09767949   11.3116   0.000       0.000      0.2139E-02  0.8390E-06 -0.1820      0.1799       0.000       0.000       0.000       0.000        0.000       0.000       0.000       0.000       0.000       0.000                            0.8390E-06  0.8390E-06   0.000    
  16848000.0   11.08666554   11.2994   0.000       0.000      0.2128E-02  0.6374E-06 -0.1810      0.1789       0.000       0.000       0.000       0.000        0.000       0.000       0.000       0.000       0.000       0.000                            0.6374E-06  0.6374E-06   0.000    
  16934400.0   11.08841101   11.3010   0.000       0.000      0.2126E-02 -0.1010E-06 -0.1808      0.1786       0.000       0.000       0.000       0.000        0.000       0.000       0.000       0.000       0.000       0.000                           -0.1010E-06 -0.1010E-06   0.000    
  17020800.0   11.08350163   11.2954   0.000       0.000      0.2119E-02  0.2841E-06 -0.1803      0.1782       0.000       0.000       0.000       0.000        0.000       0.000       0.000       0.000       0.000       0.000                            0.2841E-06  0.2841E-06   0.000    
  17107200.0   11.06731639   11.2778   0.000       0.000      0.2105E-02  0.9366E-06 -0.1792      0.1771       0.000       0.000       0.000       0.000        0.000       0.000       0.000       0.000       0.000       0.000                            0.9366E-06  0.9366E-06   0.000    
  17193600.0   11.05182227   11.2609   0.000       0.000      0.2091E-02  0.8967E-06 -0.1780      0.1759       0.000       0.000       0.000       0.000        0.000       0.000       0.000       0.000       0.000       0.000                            0.8967E-06  0.8967E-06   0.000    
  17280000.0   11.03618836   11.2438   0.000       0.000      0.2076E-02  0.9047E-06 -0.1767      0.1746       0.000       0.000       0.000       0.000        0.000       0.000       0.000       0.000       0.000       0.000                            0.9047E-06  0.9047E-06   0.000    
  17366400.0   11.02051406   11.2266   0.000       0.000      0.2061E-02  0.9071E-06 -0.1754      0.1734       0.000       0.000       0.000       0.000        0.000       0.000       0.000       0.000       0.000       0.000                            0.9071E-06  0.9071E-06   0.000    
  17452800.0   11.00542569   11.2100   0.000       0.000      0.2046E-02  0.8732E-06 -0.1741      0.1721       0.000       0.000       0.000       0.000        0.000       0.000       0.000       0.000       0.000       0.000                            0.8732E-06  0.8732E-06   0.000    
  17539200.0   10.99068097   11.1938   0.000       0.000      0.2031E-02  0.8533E-06 -0.1729      0.1709       0.000       0.000       0.000       0.000        0.000       0.000       0.000       0.000       0.000       0.000                            0.8533E-06  0.8533E-06   0.000    
  17625600.0   10.97655660   11.1782   0.000       0.000      0.2017E-02  0.8174E-06 -0.1716      0.1696       0.000       0.000       0.000       0.000        0.000       0.000       0.000       0.000       0.000       0.000                            0.8174E-06  0.8174E-06   0.000    
  17712000.0   10.96807588   11.1687   0.000       0.000      0.2006E-02  0.4908E-06 -0.1708      0.1688       0.000       0.000       0.000       0.000        0.000       0.000       0.000       0.000       0.000       0.000                            0.4908E-06  0.4908E-06   0.000    
  17798400.0   10.95515669   11.1544   0.000       0.000      0.1993E-02  0.7476E-06 -0.1697      0.1677       0.000       0.000       0.000       0.000        0.000       0.000       0.000       0.000       0.000       0.000                            0.7476E-06  0.7476E-06   0.000    
  17884800.0   10.94208145   11.1399   0.000       0.000      0.1979E-02  0.7567E-06 -0.1685      0.1665       0.000       0.000       0.000       0.000        0.000       0.000       0.000       0.000       0.000       0.000                            0.7567E-06  0.7567E-06   0.000    
  17971200.0   10.92933700   11.1259   0.000       0.000      0.1965E-02  0.7375E-06 -0.1674      0.1654       0.000       0.000       0.000       0.000        0.000       0.000       0.000       0.000       0.000       0.000                            0.7375E-06  0.7375E-06   0.000    
  18057600.0   10.91713619   11.1123   0.000       0.000      0.1952E-02  0.7061E-06 -0.1662      0.1643       0.000       0.000       0.000       0.000        0.000       0.000       0.000       0.000       0.000       0.000                            0.7061E-06  0.7061E-06   0.000    
  18144000.0   10.90520229   11.0991   0.000       0.000      0.1939E-02  0.6906E-06 -0.1651      0.1632       0.000       0.000       0.000       0.000        0.000       0.000       0.000       0.000       0.000       0.000                            0.6906E-06  0.6906E-06   0.000    
  18230400.0   10.89371787   11.0862   0.000       0.000      0.1925E-02  0.6646E-06 -0.1640      0.1621       0.000       0.000       0.000       0.000        0.000       0.000       0.000       0.000       0.000       0.000                            0.6646E-06  0.6646E-06   0.000    
  18316800.0   10.88250242   11.0738   0.000       0.000      0.1913E-02  0.6490E-06 -0.1630      0.1611       0.000       0.000       0.000       0.000        0.000       0.000       0.000       0.000       0.000       0.000                            0.6490E-06  0.6490E-06   0.000    
  18403200.0   10.87165399   11.0616   0.000       0.000      0.1900E-02  0.6278E-06 -0.1619      0.1600       0.000       0.000       0.000       0.000        0.000       0.000       0.000       0.000       0.000       0.000                            0.6278E-06  0.6278E-06   0.000    
  18489600.0   10.86109010   11.0498   0.000       0.000      0.1887E-02  0.6113E-06 -0.1609      0.1590       0.000       0.000       0.000       0.000        0.000       0.000       0.000       0.000       0.000       0.000                            0.6113E-06  0.6113E-06   0.000    
  18576000.0   10.85080385   11.0383   0.000       0.000      0.1875E-02  0.5953E-06 -0.1599      0.1580       0.000       0.000       0.000       0.000        0.000       0.000       0.000       0.000       0.000       0.000                            0.5953E-06  0.5953E-06   0.000    
  18662400.0   10.84087682   11.0272   0.000       0.000      0.1863E-02  0.5745E-06 -0.1589      0.1570       0.000       0.000       0.000       0.000        0.000       0.000       0.000       0.000       0.000       0.000                            0.5745E-06  0.5745E-06   0.000    
  18748800.0   10.83106794   11.0162   0.000       0.000      0.1851E-02  0.5676E-06 -0.1579      0.1561       0.000       0.000       0.000       0.000        0.000       0.000       0.000       0.000       0.000       0.000                            0.5676E-06  0.5676E-06   0.000    
  18835200.0   10.83195187   11.0168   0.000       0.000      0.1849E-02 -0.5115E-07 -0.1578      0.1559       0.000       0.000       0.000       0.000        0.000       0.000       0.000       0.000       0.000       0.000                           -0.5115E-07 -0.5115E-07   0.000    
  18921600.0   10.82413191   11.0080   0.000       0.000      0.1839E-02  0.4525E-06 -0.1570      0.1552       0.000       0.000       0.000       0.000        0.000       0.000       0.000       0.000       0.000       0.000                            0.4525E-06  0.4525E-06   0.000    
  19008000.0   10.81407443   10.9968   0.000       0.000      0.1827E-02  0.5820E-06 -0.1561      0.1543       0.000       0.000       0.000       0.000        0.000       0.000       0.000       0.000       0.000       0.000                            0.5820E-06  0.5820E-06   0.000    
  19094400.0   10.80448925   10.9860   0.000       0.000      0.1816E-02  0.5547E-06 -0.1552      0.1533       0.000       0.000       0.000       0.000        0.000       0.000       0.000       0.000       0.000       0.000                            0.5547E-06  0.5547E-06   0.000    
  19180800.0   10.79521615   10.9756   0.000       0.000      0.1804E-02  0.5366E-06 -0.1542      0.1524       0.000       0.000       0.000       0.000        0.000       0.000       0.000       0.000       0.000       0.000                            0.5366E-06  0.5366E-06   0.000    
  19267200.0   10.78650316   10.9658   0.000       0.000      0.1793E-02  0.5042E-06 -0.1533      0.1516       0.000       0.000       0.000       0.000        0.000       0.000       0.000       0.000       0.000       0.000                            0.5042E-06  0.5042E-06   0.000    
  19353600.0   10.77779910   10.9560   0.000       0.000      0.1782E-02  0.5037E-06 -0.1524      0.1507       0.000       0.000       0.000       0.000        0.000       0.000       0.000       0.000       0.000       0.000                            0.5037E-06  0.5037E-06   0.000    
  19440000.0   10.76931717   10.9464   0.000       0.000      0.1771E-02  0.4909E-06 -0.1516      0.1498       0.000       0.000       0.000       0.000        0.000       0.000       0.000       0.000       0.000       0.000                            0.4909E-06  0.4909E-06   0.000    
  19526400.0   10.76114604   10.9372   0.000       0.000      0.1760E-02  0.4729E-06 -0.1507      0.1489       0.000       0.000       0.000       0.000        0.000       0.000       0.000       0.000       0.000       0.000                            0.4729E-06  0.4729E-06   0.000    
  19612800.0   10.75305018   10.9280   0.000       0.000      0.1750E-02  0.4685E-06 -0.1499      0.1481       0.000       0.000       0.000       0.000        0.000       0.000       0.000       0.000       0.000       0.000                            0.4685E-06  0.4685E-06   0.000    
  19699200.0   10.74526280   10.9192   0.000       0.000      0.1739E-02  0.4507E-06 -0.1490      0.1473       0.000       0.000       0.000       0.000        0.000       0.000       0.000       0.000       0.000       0.000                            0.4507E-06  0.4507E-06   0.000    
  19785600.0   10.73754926   10.9105   0.000       0.000      0.1729E-02  0.4464E-06 -0.1482      0.1465       0.000       0.000       0.000       0.000        0.000       0.000       0.000       0.000       0.000       0.000                            0.4464E-06  0.4464E-06   0.000    
  19872000.0   10.73010932   10.9020   0.000       0.000      0.1719E-02  0.4306E-06 -0.1474      0.1457       0.000       0.000       0.000       0.000        0.000       0.000       0.000       0.000       0.000       0.000                            0.4306E-06  0.4306E-06   0.000    
  19958400.0   10.73248885   10.9043   0.000       0.000      0.1718E-02 -0.1377E-06 -0.1474      0.1457       0.000       0.000       0.000       0.000        0.000       0.000       0.000       0.000       0.000       0.000                           -0.1377E-06 -0.1377E-06   0.000    
  20044800.0   10.73876413   10.9109   0.000       0.000      0.1721E-02 -0.3632E-06 -0.1478      0.1460       0.000       0.000       0.000       0.000        0.000       0.000       0.000       0.000       0.000       0.000                           -0.3632E-06 -0.3632E-06   0.000    
  20131200.0   10.72955975   10.9006   0.000       0.000      0.1711E-02  0.5327E-06 -0.1470      0.1453       0.000       0.000       0.000       0.000        0.000       0.000       0.000       0.000       0.000       0.000                            0.5327E-06  0.5327E-06   0.000    
  20217600.0   10.72407134   10.8944   0.000       0.000      0.1704E-02  0.3176E-06 -0.1464      0.1447       0.000       0.000       0.000       0.000        0.000       0.000       0.000       0.000       0.000       0.000                            0.3176E-06  0.3176E-06   0.000    
  20304000.0   10.71784571   10.8874   0.000       0.000      0.1695E-02  0.3603E-06 -0.1458      0.1441       0.000       0.000       0.000       0.000        0.000       0.000       0.000       0.000       0.000       0.000                            0.3603E-06  0.3603E-06   0.000    
  20390400.0   10.70978835   10.8783   0.000       0.000      0.1685E-02  0.4663E-06 -0.1450      0.1433       0.000       0.000       0.000       0.000        0.000       0.000       0.000       0.000       0.000       0.000                            0.4663E-06  0.4663E-06   0.000    
  20476800.0   10.70208762   10.8696   0.000       0.000      0.1675E-02  0.4456E-06 -0.1442      0.1425       0.000       0.000       0.000       0.000        0.000       0.000       0.000       0.000       0.000       0.000                            0.4456E-06  0.4456E-06   0.000    
  20563200.0   10.69463655   10.8612   0.000       0.000      0.1665E-02  0.4312E-06 -0.1434      0.1417       0.000       0.000       0.000       0.000        0.000       0.000       0.000       0.000       0.000       0.000                            0.4312E-06  0.4312E-06   0.000    
  20649600.0   10.68748343   10.8530   0.000       0.000      0.1655E-02  0.4140E-06 -0.1426      0.1409       0.000       0.000       0.000       0.000        0.000       0.000       0.000       0.000       0.000       0.000                            0.4140E-06  0.4140E-06   0.000    
  20736000.0   10.68049906   10.8451   0.000       0.000      0.1646E-02  0.4042E-06 -0.1418      0.1401       0.000       0.000       0.000       0.000        0.000       0.000       0.000       0.000       0.000       0.000                            0.4042E-06  0.4042E-06   0.000    
  20822400.0   10.67377649   10.8374   0.000       0.000      0.1636E-02  0.3890E-06 -0.1410      0.1394       0.000       0.000       0.000       0.000        0.000       0.000       0.000       0.000       0.000       0.000                            0.3890E-06  0.3890E-06   0.000    
  20908800.0   10.66717253   10.8299   0.000       0.000      0.1627E-02  0.3822E-06 -0.1403      0.1386       0.000       0.000       0.000       0.000        0.000       0.000       0.000       0.000       0.000       0.000                            0.3822E-06  0.3822E-06   0.000    
  20995200.0   10.66080965   10.8226   0.000       0.000      0.1617E-02  0.3682E-06 -0.1395      0.1379       0.000       0.000       0.000       0.000        0.000       0.000       0.000       0.000       0.000       0.000                            0.3682E-06  0.3682E-06   0.000    
  21081600.0   10.65452851   10.8154   0.000       0.000      0.1608E-02  0.3635E-06 -0.1388      0.1372       0.000       0.000       0.000       0.000        0.000       0.000       0.000       0.000       0.000       0.000                            0.3635E-06  0.3635E-06   0.000    
  21168000.0   10.64847412   10.8084   0.000       0.000      0.1599E-02  0.3504E-06 -0.1381      0.1365       0.000       0.000       0.000       0.000        0.000       0.000       0.000       0.000       0.000       0.000                            0.3504E-06  0.3504E-06   0.000    
  21254400.0   10.64247075   10.8015   0.000       0.000      0.1591E-02  0.3474E-06 -0.1374      0.1358       0.000       0.000       0.000       0.000        0.000       0.000       0.000       0.000       0.000       0.000                            0.3474E-06  0.3474E-06   0.000    
  21340800.0   10.63664058   10.7948   0.000       0.000      0.1582E-02  0.3374E-06 -0.1367      0.1351       0.000       0.000       0.000       0.000        0.000       0.000       0.000       0.000       0.000       0.000                            0.3374E-06  0.3374E-06   0.000    
  21427200.0   10.63095039   10.7883   0.000       0.000      0.1573E-02  0.3293E-06 -0.1360      0.1345       0.000       0.000       0.000       0.000        0.000       0.000       0.000       0.000       0.000       0.000                            0.3293E-06  0.3293E-06   0.000    
  21513600.0   10.62670331   10.7833   0.000       0.000      0.1566E-02  0.2458E-06 -0.1355      0.1339       0.000       0.000       0.000       0.000        0.000       0.000       0.000       0.000       0.000       0.000                            0.2458E-06  0.2458E-06   0.000    
  21600000.0   10.63632883   10.7937   0.000       0.000      0.1574E-02 -0.5570E-06 -0.1362      0.1346       0.000       0.000       0.000       0.000        0.000       0.000       0.000       0.000       0.000       0.000                           -0.5570E-06 -0.5570E-06   0.000    
  21686400.0   10.62913567   10.7855   0.000       0.000      0.1564E-02  0.4163E-06 -0.1355      0.1340       0.000       0.000       0.000       0.000        0.000       0.000       0.000       0.000       0.000       0.000                            0.4163E-06  0.4163E-06   0.000    
  21772800.0   10.62242681   10.7780   0.000       0.000      0.1555E-02  0.3882E-06 -0.1349      0.1333       0.000       0.000       0.000       0.000        0.000       0.000       0.000       0.000       0.000       0.000                            0.3882E-06  0.3882E-06   0.000    
  21859200.0   10.61614292   10.7708   0.000       0.000      0.1547E-02  0.3637E-06 -0.1342      0.1326       0.000       0.000       0.000       0.000        0.000       0.000       0.000       0.000       0.000       0.000                            0.3637E-06  0.3637E-06   0.000    
  21945600.0   10.61023110   10.7640   0.000       0.000      0.1538E-02  0.3421E-06 -0.1334      0.1319       0.000       0.000       0.000       0.000        0.000       0.000       0.000       0.000       0.000       0.000                            0.3421E-06  0.3421E-06   0.000    
  22032000.0   10.60447807   10.7574   0.000       0.000      0.1529E-02  0.3329E-06 -0.1328      0.1312       0.000       0.000       0.000       0.000        0.000       0.000       0.000       0.000       0.000       0.000                            0.3329E-06  0.3329E-06   0.000    
  22118400.0   10.59893503   10.7511   0.000       0.000      0.1521E-02  0.3208E-06 -0.1321      0.1306       0.000       0.000       0.000       0.000        0.000       0.000       0.000       0.000       0.000       0.000                            0.3208E-06  0.3208E-06   0.000    
  22204800.0   10.59360496   10.7449   0.000       0.000      0.1513E-02  0.3085E-06 -0.1314      0.1299       0.000       0.000       0.000       0.000        0.000       0.000       0.000       0.000       0.000       0.000                            0.3085E-06  0.3085E-06   0.000    
  22291200.0   10.58835813   10.7388   0.000       0.000      0.1505E-02  0.3036E-06 -0.1308      0.1293       0.000       0.000       0.000       0.000        0.000       0.000       0.000       0.000       0.000       0.000                            0.3036E-06  0.3036E-06   0.000    
  22377600.0   10.58326462   10.7329   0.000       0.000      0.1497E-02  0.2948E-06 -0.1302      0.1287       0.000       0.000       0.000       0.000        0.000       0.000       0.000       0.000       0.000       0.000                            0.2948E-06  0.2948E-06   0.000    
  22464000.0   10.59498471   10.7457   0.000       0.000      0.1507E-02 -0.6782E-06 -0.1311      0.1296       0.000       0.000       0.000       0.000        0.000       0.000       0.000       0.000       0.000       0.000                           -0.6782E-06 -0.6782E-06   0.000    
  22550400.0   10.59023446   10.7402   0.000       0.000      0.1500E-02  0.2749E-06 -0.1307      0.1292       0.000       0.000       0.000       0.000        0.000       0.000       0.000       0.000       0.000       0.000                            0.2749E-06  0.2749E-06   0.000    
  22636800.0   10.58821331   10.7379   0.000       0.000      0.1496E-02  0.1170E-06 -0.1304      0.1289       0.000       0.000       0.000       0.000        0.000       0.000       0.000       0.000       0.000       0.000                            0.1170E-06  0.1170E-06   0.000    
  22723200.0   10.63099300   10.7850   0.000       0.000      0.1540E-02 -0.2476E-05 -0.1343      0.1328       0.000       0.000       0.000       0.000        0.000       0.000       0.000       0.000       0.000       0.000                           -0.2476E-05 -0.2476E-05   0.000    
  22809600.0   10.62965806   10.7835   0.000       0.000      0.1539E-02  0.7725E-07 -0.1346      0.1330       0.000       0.000       0.000       0.000        0.000       0.000       0.000       0.000       0.000       0.000                            0.7725E-07  0.7725E-07   0.000    
  22896000.0   10.62649761   10.7801   0.000       0.000      0.1536E-02  0.1829E-06 -0.1344      0.1329       0.000       0.000       0.000       0.000        0.000       0.000       0.000       0.000       0.000       0.000                            0.1829E-06  0.1829E-06   0.000    
  22982400.0   10.62239093   10.7756   0.000       0.000      0.1532E-02  0.2377E-06 -0.1341      0.1325       0.000       0.000       0.000       0.000        0.000       0.000       0.000       0.000       0.000       0.000                            0.2377E-06  0.2377E-06   0.000    
  23068800.0   10.61789417   10.7706   0.000       0.000      0.1527E-02  0.2602E-06 -0.1336      0.1321       0.000       0.000       0.000       0.000        0.000       0.000       0.000       0.000       0.000       0.000                            0.2602E-06  0.2602E-06   0.000    
  23155200.0   10.61226632   10.7643   0.000       0.000      0.1520E-02  0.3257E-06 -0.1330      0.1315       0.000       0.000       0.000       0.000        0.000       0.000       0.000       0.000       0.000       0.000                            0.3257E-06  0.3257E-06   0.000    
  23241600.0   10.60626501   10.7575   0.000       0.000      0.1513E-02  0.3473E-06 -0.1324      0.1309       0.000       0.000       0.000       0.000        0.000       0.000       0.000       0.000       0.000       0.000                            0.3473E-06  0.3473E-06   0.000    
  23328000.0   10.59995936   10.7504   0.000       0.000      0.1504E-02  0.3649E-06 -0.1316      0.1301       0.000       0.000       0.000       0.000        0.000       0.000       0.000       0.000       0.000       0.000                            0.3649E-06  0.3649E-06   0.000    
  23414400.0   10.59357639   10.7432   0.000       0.000      0.1496E-02  0.3694E-06 -0.1309      0.1294       0.000       0.000       0.000       0.000        0.000       0.000       0.000       0.000       0.000       0.000                            0.3694E-06  0.3694E-06   0.000    
  23500800.0   10.58748646   10.7363   0.000       0.000      0.1488E-02  0.3524E-06 -0.1302      0.1287       0.000       0.000       0.000       0.000        0.000       0.000       0.000       0.000       0.000       0.000                            0.3524E-06  0.3524E-06   0.000    
  23587200.0   10.58158992   10.7295   0.000       0.000      0.1479E-02  0.3412E-06 -0.1295      0.1280       0.000       0.000       0.000       0.000        0.000       0.000       0.000       0.000       0.000       0.000                            0.3412E-06  0.3412E-06   0.000    
  23673600.0   10.57581041   10.7229   0.000       0.000      0.1471E-02  0.3345E-06 -0.1288      0.1273       0.000       0.000       0.000       0.000        0.000       0.000       0.000       0.000       0.000       0.000                            0.3345E-06  0.3345E-06   0.000    
  23760000.0   10.56998725   10.7162   0.000       0.000      0.1462E-02  0.3370E-06 -0.1281      0.1266       0.000       0.000       0.000       0.000        0.000       0.000       0.000       0.000       0.000       0.000                            0.3370E-06  0.3370E-06   0.000    
  23846400.0   10.56428964   10.7097   0.000       0.000      0.1454E-02  0.3297E-06 -0.1274      0.1260       0.000       0.000       0.000       0.000        0.000       0.000       0.000       0.000       0.000       0.000                            0.3297E-06  0.3297E-06   0.000    
  23932800.0   10.55881968   10.7034   0.000       0.000      0.1446E-02  0.3165E-06 -0.1267      0.1253       0.000       0.000       0.000       0.000        0.000       0.000       0.000       0.000       0.000       0.000                            0.3165E-06  0.3165E-06   0.000    
  24019200.0   10.55353549   10.6973   0.000       0.000      0.1438E-02  0.3058E-06 -0.1261      0.1246       0.000       0.000       0.000       0.000        0.000       0.000       0.000       0.000       0.000       0.000                            0.3058E-06  0.3058E-06   0.000    
  24105600.0   10.54842101   10.6914   0.000       0.000      0.1430E-02  0.2960E-06 -0.1254      0.1240       0.000       0.000       0.000       0.000        0.000       0.000       0.000       0.000       0.000       0.000                            0.2960E-06  0.2960E-06   0.000    
  24192000.0   10.54340903   10.6856   0.000       0.000      0.1422E-02  0.2900E-06 -0.1248      0.1233       0.000       0.000       0.000       0.000        0.000       0.000       0.000       0.000       0.000       0.000                            0.2900E-06  0.2900E-06   0.000    
  24278400.0   10.53846397   10.6799   0.000       0.000      0.1414E-02  0.2862E-06 -0.1241      0.1227       0.000       0.000       0.000       0.000        0.000       0.000       0.000       0.000       0.000       0.000                            0.2862E-06  0.2862E-06   0.000    
  24364800.0   10.53364355   10.6743   0.000       0.000      0.1407E-02  0.2790E-06 -0.1235      0.1221       0.000       0.000       0.000       0.000        0.000       0.000       0.000       0.000       0.000       0.000                            0.2790E-06  0.2790E-06   0.000    
  24451200.0   10.52896121   10.6689   0.000       0.000      0.1399E-02  0.2710E-06 -0.1229      0.1215       0.000       0.000       0.000       0.000        0.000       0.000       0.000       0.000       0.000       0.000                            0.2710E-06  0.2710E-06   0.000    
  24537600.0   10.52440987   10.6636   0.000       0.000      0.1392E-02  0.2634E-06 -0.1223      0.1209       0.000       0.000       0.000       0.000        0.000       0.000       0.000       0.000       0.000       0.000                            0.2634E-06  0.2634E-06   0.000    
  24624000.0   10.51998337   10.6584   0.000       0.000      0.1385E-02  0.2562E-06 -0.1217      0.1203       0.000       0.000       0.000       0.000        0.000       0.000       0.000       0.000       0.000       0.000                            0.2562E-06  0.2562E-06   0.000    
  24710400.0   10.51568893   10.6534   0.000       0.000      0.1377E-02  0.2485E-06 -0.1211      0.1197       0.000       0.000       0.000       0.000        0.000       0.000       0.000       0.000       0.000       0.000                            0.2485E-06  0.2485E-06   0.000    
  24796800.0   10.51145359   10.6485   0.000       0.000      0.1370E-02  0.2451E-06 -0.1206      0.1192       0.000       0.000       0.000       0.000        0.000       0.000       0.000       0.000       0.000       0.000                            0.2451E-06  0.2451E-06   0.000    
  24883200.0   10.50752377   10.6439   0.000       0.000      0.1364E-02  0.2274E-06 -0.1200      0.1187       0.000       0.000       0.000       0.000        0.000       0.000       0.000       0.000       0.000       0.000                            0.2274E-06  0.2274E-06   0.000    
  24969600.0   10.50788850   10.6441   0.000       0.000      0.1362E-02 -0.2111E-07 -0.1199      0.1186       0.000       0.000       0.000       0.000        0.000       0.000       0.000       0.000       0.000       0.000                           -0.2111E-07 -0.2111E-07   0.000    
  25056000.0   10.50353499   10.6390   0.000       0.000      0.1355E-02  0.2519E-06 -0.1194      0.1180       0.000       0.000       0.000       0.000        0.000       0.000       0.000       0.000       0.000       0.000                            0.2519E-06  0.2519E-06   0.000    
  25142400.0   10.49931944   10.6341   0.000       0.000      0.1348E-02  0.2440E-06 -0.1189      0.1175       0.000       0.000       0.000       0.000      -0.1370E-07   0.000       0.000       0.000       0.000       0.000                            0.2440E-06  0.2440E-06   0.000    
  25228800.0   10.50368641   10.6389   0.000       0.000      0.1352E-02 -0.2527E-06 -0.1192      0.1179       0.000       0.000       0.000       0.000       0.1370E-07   0.000       0.000       0.000       0.000       0.000                           -0.2527E-06 -0.2527E-06   0.000    
  25315200.0   10.49972779   10.6343   0.000       0.000      0.1345E-02  0.2291E-06 -0.1187      0.1174       0.000       0.000       0.000       0.000      -0.3465E-08   0.000       0.000       0.000       0.000       0.000                            0.2291E-06  0.2291E-06   0.000    
  25401600.0   10.50029712   10.6348   0.000       0.000      0.1345E-02 -0.3295E-07 -0.1187      0.1174       0.000       0.000       0.000       0.000       0.3465E-08   0.000       0.000       0.000       0.000       0.000                           -0.3295E-07 -0.3295E-07   0.000    
  25488000.0   10.50045137   10.6348   0.000       0.000      0.1344E-02 -0.8927E-08 -0.1187      0.1174       0.000       0.000       0.000       0.000        0.000       0.000       0.000       0.000       0.000       0.000                           -0.8927E-08 -0.8927E-08   0.000    
  25574400.0   10.50334921   10.6379   0.000       0.000      0.1346E-02 -0.1677E-06 -0.1190      0.1176       0.000       0.000       0.000       0.000        0.000       0.000       0.000       0.000       0.000       0.000                           -0.1677E-06 -0.1677E-06   0.000    
  25660800.0   10.49986919   10.6339   0.000       0.000      0.1341E-02  0.2014E-06 -0.1186      0.1172       0.000       0.000       0.000       0.000      -0.1154E-08   0.000       0.000       0.000       0.000       0.000                            0.2014E-06  0.2014E-06   0.000    
  25747200.0   10.50631897   10.6410   0.000       0.000      0.1347E-02 -0.3733E-06 -0.1192      0.1179       0.000       0.000       0.000       0.000       0.1154E-08   0.000       0.000       0.000       0.000       0.000                           -0.3733E-06 -0.3733E-06   0.000    
  25833600.0   10.54206084   10.6808   0.000       0.000      0.1388E-02 -0.2068E-05 -0.1229      0.1215       0.000       0.000       0.000       0.000        0.000       0.000       0.000       0.000       0.000       0.000                           -0.2068E-05 -0.2068E-05   0.000    
  25920000.0   10.59003003   10.7341   0.000       0.000      0.1441E-02 -0.2776E-05 -0.1279      0.1265       0.000       0.000       0.000       0.000        0.000       0.000       0.000       0.000       0.000       0.000                           -0.2776E-05 -0.2776E-05   0.000    
  26006400.0   10.63847780   10.7880   0.000       0.000      0.1495E-02 -0.2804E-05 -0.1329      0.1314       0.000       0.000       0.000       0.000        0.000       0.000       0.000       0.000       0.000       0.000                           -0.2804E-05 -0.2804E-05   0.000    
  26092800.0   10.65152113   10.8029   0.000       0.000      0.1514E-02 -0.7548E-06 -0.1349      0.1334       0.000       0.000       0.000       0.000        0.000       0.000       0.000       0.000       0.000       0.000                           -0.7548E-06 -0.7548E-06   0.000    
  26179200.0   10.64699601   10.7985   0.000       0.000      0.1515E-02  0.2619E-06 -0.1350      0.1335       0.000       0.000       0.000       0.000        0.000       0.000       0.000       0.000       0.000       0.000                            0.2619E-06  0.2619E-06   0.000    
  26265600.0   10.63898694   10.7901   0.000       0.000      0.1511E-02  0.4635E-06 -0.1345      0.1330       0.000       0.000       0.000       0.000        0.000       0.000       0.000       0.000       0.000       0.000                            0.4635E-06  0.4635E-06   0.000    
  26352000.0   10.63001767   10.7804   0.000       0.000      0.1504E-02  0.5191E-06 -0.1337      0.1322       0.000       0.000       0.000       0.000        0.000       0.000       0.000       0.000       0.000       0.000                            0.5191E-06  0.5191E-06   0.000    
  26438400.0   10.62093686   10.7705   0.000       0.000      0.1496E-02  0.5255E-06 -0.1329      0.1314       0.000       0.000       0.000       0.000        0.000       0.000       0.000       0.000       0.000       0.000                            0.5255E-06  0.5255E-06   0.000    
  26524800.0   10.61193961   10.7606   0.000       0.000      0.1487E-02  0.5207E-06 -0.1319      0.1305       0.000       0.000       0.000       0.000        0.000       0.000       0.000       0.000       0.000       0.000                            0.5207E-06  0.5207E-06   0.000    
  26611200.0   10.60278662   10.7505   0.000       0.000      0.1477E-02  0.5297E-06 -0.1310      0.1295       0.000       0.000       0.000       0.000        0.000       0.000       0.000       0.000       0.000       0.000                            0.5297E-06  0.5297E-06   0.000    
  26697600.0   10.59414429   10.7408   0.000       0.000      0.1467E-02  0.5001E-06 -0.1300      0.1286       0.000       0.000       0.000       0.000        0.000       0.000       0.000       0.000       0.000       0.000                            0.5001E-06  0.5001E-06   0.000    
  26784000.0   10.58584278   10.7315   0.000       0.000      0.1457E-02  0.4804E-06 -0.1291      0.1276       0.000       0.000       0.000       0.000        0.000       0.000       0.000       0.000       0.000       0.000                            0.4804E-06  0.4804E-06   0.000    
  26870400.0   10.61221723   10.7606   0.000       0.000      0.1484E-02 -0.1526E-05 -0.1314      0.1299       0.000       0.000       0.000       0.000        0.000       0.000       0.000       0.000       0.000       0.000                           -0.1526E-05 -0.1526E-05   0.000    
  26956800.0   10.62903994   10.7792   0.000       0.000      0.1501E-02 -0.9735E-06 -0.1331      0.1316       0.000       0.000       0.000       0.000        0.000       0.000       0.000       0.000       0.000       0.000                           -0.9735E-06 -0.9735E-06   0.000    
  27043200.0   10.64504584   10.7969   0.000       0.000      0.1519E-02 -0.9263E-06 -0.1347      0.1332       0.000       0.000       0.000       0.000        0.000       0.000       0.000       0.000       0.000       0.000                           -0.9263E-06 -0.9263E-06   0.000    
  27129600.0   10.65031046   10.8029   0.000       0.000      0.1526E-02 -0.3047E-06 -0.1355      0.1339       0.000       0.000       0.000       0.000        0.000       0.000       0.000       0.000       0.000       0.000                           -0.3047E-06 -0.3047E-06   0.000    
  27216000.0   10.65953799   10.8133   0.000       0.000      0.1538E-02 -0.5340E-06 -0.1365      0.1349       0.000       0.000       0.000       0.000        0.000       0.000       0.000       0.000       0.000       0.000                           -0.5340E-06 -0.5340E-06   0.000    
  27302400.0   10.68229149   10.8385   0.000       0.000      0.1562E-02 -0.1317E-05 -0.1386      0.1370       0.000       0.000       0.000       0.000        0.000       0.000       0.000       0.000       0.000       0.000                           -0.1317E-05 -0.1317E-05   0.000    
  27388800.0   10.72694081   10.8877   0.000       0.000      0.1607E-02 -0.2584E-05 -0.1425      0.1409       0.000       0.000       0.000       0.000        0.000       0.000       0.000       0.000       0.000       0.000                           -0.2584E-05 -0.2584E-05   0.000    
  27475200.0   10.76611324   10.9309   0.000       0.000      0.1648E-02 -0.2267E-05 -0.1462      0.1446       0.000       0.000       0.000       0.000        0.000       0.000       0.000       0.000       0.000       0.000                           -0.2267E-05 -0.2267E-05   0.000    
  27561600.0   10.76383391   10.9290   0.000       0.000      0.1652E-02  0.1319E-06 -0.1468      0.1451       0.000       0.000       0.000       0.000        0.000       0.000       0.000       0.000       0.000       0.000                            0.1319E-06  0.1319E-06   0.000    
  27648000.0   10.75524694   10.9201   0.000       0.000      0.1649E-02  0.4969E-06 -0.1464      0.1448       0.000       0.000       0.000       0.000        0.000       0.000       0.000       0.000       0.000       0.000                            0.4969E-06  0.4969E-06   0.000    
  27734400.0   10.74334790   10.9074   0.000       0.000      0.1641E-02  0.6886E-06 -0.1456      0.1439       0.000       0.000       0.000       0.000        0.000       0.000       0.000       0.000       0.000       0.000                            0.6886E-06  0.6886E-06   0.000    
  27820800.0   10.73285598   10.8962   0.000       0.000      0.1633E-02  0.6072E-06 -0.1447      0.1431       0.000       0.000       0.000       0.000        0.000       0.000       0.000       0.000       0.000       0.000                            0.6072E-06  0.6072E-06   0.000    
  27907200.0   10.72471559   10.8874   0.000       0.000      0.1626E-02  0.4711E-06 -0.1440      0.1423       0.000       0.000       0.000       0.000        0.000       0.000       0.000       0.000       0.000       0.000                            0.4711E-06  0.4711E-06   0.000    
  27993600.0   10.74414368   10.9086   0.000       0.000      0.1645E-02 -0.1124E-05 -0.1454      0.1437       0.000       0.000       0.000       0.000        0.000       0.000       0.000       0.000       0.000       0.000                           -0.1124E-05 -0.1124E-05   0.000    
  28080000.0   10.77353765   10.9408   0.000       0.000      0.1673E-02 -0.1701E-05 -0.1478      0.1461       0.000       0.000       0.000       0.000        0.000       0.000       0.000       0.000       0.000       0.000                           -0.1701E-05 -0.1701E-05   0.000    
  28166400.0   10.78915405   10.9581   0.000       0.000      0.1689E-02 -0.9037E-06 -0.1494      0.1477       0.000       0.000       0.000       0.000        0.000       0.000       0.000       0.000       0.000       0.000                           -0.9037E-06 -0.9037E-06   0.000    
  28252800.0   10.78262470   10.9513   0.000       0.000      0.1687E-02  0.3779E-06 -0.1493      0.1476       0.000       0.000       0.000       0.000        0.000       0.000       0.000       0.000       0.000       0.000                            0.3779E-06  0.3779E-06   0.000    
  28339200.0   10.77154505   10.9395   0.000       0.000      0.1680E-02  0.6412E-06 -0.1485      0.1469       0.000       0.000       0.000       0.000        0.000       0.000       0.000       0.000       0.000       0.000                            0.6412E-06  0.6412E-06   0.000    
  28425600.0   10.75913489   10.9261   0.000       0.000      0.1670E-02  0.7182E-06 -0.1475      0.1459       0.000       0.000       0.000       0.000        0.000       0.000       0.000       0.000       0.000       0.000                            0.7182E-06  0.7182E-06   0.000    
  28512000.0   10.74645819   10.9123   0.000       0.000      0.1659E-02  0.7336E-06 -0.1464      0.1448       0.000       0.000       0.000       0.000        0.000       0.000       0.000       0.000       0.000       0.000                            0.7336E-06  0.7336E-06   0.000    
  28598400.0   10.73384878   10.8986   0.000       0.000      0.1647E-02  0.7297E-06 -0.1453      0.1436       0.000       0.000       0.000       0.000        0.000       0.000       0.000       0.000       0.000       0.000                            0.7297E-06  0.7297E-06   0.000    
  28684800.0   10.72154916   10.8851   0.000       0.000      0.1635E-02  0.7118E-06 -0.1441      0.1425       0.000       0.000       0.000       0.000        0.000       0.000       0.000       0.000       0.000       0.000                            0.7118E-06  0.7118E-06   0.000    
  28771200.0   10.70962222   10.8719   0.000       0.000      0.1623E-02  0.6902E-06 -0.1429      0.1413       0.000       0.000       0.000       0.000        0.000       0.000       0.000       0.000       0.000       0.000                            0.6902E-06  0.6902E-06   0.000    
  28857600.0   10.69812401   10.8592   0.000       0.000      0.1611E-02  0.6654E-06 -0.1418      0.1402       0.000       0.000       0.000       0.000        0.000       0.000       0.000       0.000       0.000       0.000                            0.6654E-06  0.6654E-06   0.000    
  28944000.0   10.68694365   10.8468   0.000       0.000      0.1598E-02  0.6470E-06 -0.1406      0.1390       0.000       0.000       0.000       0.000        0.000       0.000       0.000       0.000       0.000       0.000                            0.6470E-06  0.6470E-06   0.000    
  29030400.0   10.67605108   10.8347   0.000       0.000      0.1586E-02  0.6304E-06 -0.1395      0.1379       0.000       0.000       0.000       0.000        0.000       0.000       0.000       0.000       0.000       0.000                            0.6304E-06  0.6304E-06   0.000    
  29116800.0   10.66558109   10.8230   0.000       0.000      0.1574E-02  0.6059E-06 -0.1383      0.1368       0.000       0.000       0.000       0.000        0.000       0.000       0.000       0.000       0.000       0.000                            0.6059E-06  0.6059E-06   0.000    
  29203200.0   10.65530660   10.8115   0.000       0.000      0.1562E-02  0.5946E-06 -0.1372      0.1357       0.000       0.000       0.000       0.000        0.000       0.000       0.000       0.000       0.000       0.000                            0.5946E-06  0.5946E-06   0.000    
  29289600.0   10.64544584   10.8005   0.000       0.000      0.1550E-02  0.5706E-06 -0.1362      0.1346       0.000       0.000       0.000       0.000        0.000       0.000       0.000       0.000       0.000       0.000                            0.5706E-06  0.5706E-06   0.000    
  29376000.0   10.63604005   10.7899   0.000       0.000      0.1539E-02  0.5443E-06 -0.1351      0.1336       0.000       0.000       0.000       0.000        0.000       0.000       0.000       0.000       0.000       0.000                            0.5443E-06  0.5443E-06   0.000    
  29462400.0   10.62709025   10.7798   0.000       0.000      0.1527E-02  0.5179E-06 -0.1341      0.1326       0.000       0.000       0.000       0.000        0.000       0.000       0.000       0.000       0.000       0.000                            0.5179E-06  0.5179E-06   0.000    
  29548800.0   10.61844968   10.7701   0.000       0.000      0.1516E-02  0.5000E-06 -0.1331      0.1316       0.000       0.000       0.000       0.000        0.000       0.000       0.000       0.000       0.000       0.000                            0.5000E-06  0.5000E-06   0.000    
  29635200.0   10.61010403   10.7607   0.000       0.000      0.1506E-02  0.4830E-06 -0.1322      0.1307       0.000       0.000       0.000       0.000        0.000       0.000       0.000       0.000       0.000       0.000                            0.4830E-06  0.4830E-06   0.000    
  29721600.0   10.60205946   10.7516   0.000       0.000      0.1495E-02  0.4655E-06 -0.1312      0.1297       0.000       0.000       0.000       0.000        0.000       0.000       0.000       0.000       0.000       0.000                            0.4655E-06  0.4655E-06   0.000    
  29808000.0   10.59422042   10.7427   0.000       0.000      0.1485E-02  0.4536E-06 -0.1303      0.1288       0.000       0.000       0.000       0.000        0.000       0.000       0.000       0.000       0.000       0.000                            0.4536E-06  0.4536E-06   0.000    
  29894400.0   10.58662025   10.7341   0.000       0.000      0.1474E-02  0.4398E-06 -0.1294      0.1279       0.000       0.000       0.000       0.000        0.000       0.000       0.000       0.000       0.000       0.000                            0.4398E-06  0.4398E-06   0.000    
  29980800.0   10.57924764   10.7257   0.000       0.000      0.1464E-02  0.4267E-06 -0.1285      0.1270       0.000       0.000       0.000       0.000        0.000       0.000       0.000       0.000       0.000       0.000                            0.4267E-06  0.4267E-06   0.000    
  30067200.0   10.57216370   10.7176   0.000       0.000      0.1455E-02  0.4100E-06 -0.1276      0.1262       0.000       0.000       0.000       0.000        0.000       0.000       0.000       0.000       0.000       0.000                            0.4100E-06  0.4100E-06   0.000    
  30153600.0   10.56533163   10.7098   0.000       0.000      0.1445E-02  0.3954E-06 -0.1268      0.1254       0.000       0.000       0.000       0.000        0.000       0.000       0.000       0.000       0.000       0.000                            0.3954E-06  0.3954E-06   0.000    
  30240000.0   10.55874164   10.7023   0.000       0.000      0.1436E-02  0.3814E-06 -0.1260      0.1246       0.000       0.000       0.000       0.000        0.000       0.000       0.000       0.000       0.000       0.000                            0.3814E-06  0.3814E-06   0.000    
  30326400.0   10.55234500   10.6950   0.000       0.000      0.1426E-02  0.3702E-06 -0.1252      0.1238       0.000       0.000       0.000       0.000        0.000       0.000       0.000       0.000       0.000       0.000                            0.3702E-06  0.3702E-06   0.000    
  30412800.0   10.54614499   10.6879   0.000       0.000      0.1417E-02  0.3588E-06 -0.1244      0.1230       0.000       0.000       0.000       0.000        0.000       0.000       0.000       0.000       0.000       0.000                            0.3588E-06  0.3588E-06   0.000    
  30499200.0   10.54014851   10.6810   0.000       0.000      0.1408E-02  0.3470E-06 -0.1236      0.1222       0.000       0.000       0.000       0.000        0.000       0.000       0.000       0.000       0.000       0.000                            0.3470E-06  0.3470E-06   0.000    
  30585600.0   10.53433277   10.6743   0.000       0.000      0.1400E-02  0.3366E-06 -0.1229      0.1215       0.000       0.000       0.000       0.000        0.000       0.000       0.000       0.000       0.000       0.000                            0.3366E-06  0.3366E-06   0.000    
  30672000.0   10.52869823   10.6678   0.000       0.000      0.1391E-02  0.3261E-06 -0.1222      0.1208       0.000       0.000       0.000       0.000        0.000       0.000       0.000       0.000       0.000       0.000                            0.3261E-06  0.3261E-06   0.000    
  30758400.0   10.52323439   10.6615   0.000       0.000      0.1383E-02  0.3162E-06 -0.1214      0.1201       0.000       0.000       0.000       0.000        0.000       0.000       0.000       0.000       0.000       0.000                            0.3162E-06  0.3162E-06   0.000    
  30844800.0   10.51793123   10.6554   0.000       0.000      0.1374E-02  0.3069E-06 -0.1207      0.1194       0.000       0.000       0.000       0.000        0.000       0.000       0.000       0.000       0.000       0.000                            0.3069E-06  0.3069E-06   0.000    
  30931200.0   10.51277011   10.6494   0.000       0.000      0.1366E-02  0.2987E-06 -0.1201      0.1187       0.000       0.000       0.000       0.000        0.000       0.000       0.000       0.000       0.000       0.000                            0.2987E-06  0.2987E-06   0.000    
  31017600.0   10.50774573   10.6436   0.000       0.000      0.1358E-02  0.2908E-06 -0.1194      0.1180       0.000       0.000       0.000       0.000        0.000       0.000       0.000       0.000       0.000       0.000                            0.2908E-06  0.2908E-06   0.000    
  31104000.0   10.50286210   10.6379   0.000       0.000      0.1351E-02  0.2826E-06 -0.1187      0.1174       0.000       0.000       0.000       0.000        0.000       0.000       0.000       0.000       0.000       0.000                            0.2826E-06  0.2826E-06   0.000    
  31190400.0   10.49811187   10.6324   0.000       0.000      0.1343E-02  0.2749E-06 -0.1181      0.1167       0.000       0.000       0.000       0.000      -0.6327E-07   0.000       0.000       0.000       0.000       0.000                            0.2749E-06  0.2749E-06   0.000    
  31276800.0   10.49446507   10.6280   0.000       0.000      0.1336E-02  0.2110E-06 -0.1175      0.1162       0.000       0.000       0.000       0.000      -0.2539E-06   0.000       0.000       0.000       0.000       0.000                            0.2110E-06  0.2110E-06   0.000    
  31363200.0   10.49024378   10.6230   0.000       0.000      0.1327E-02  0.2443E-06 -0.1169      0.1156       0.000       0.000       0.000       0.000      -0.4242E-06   0.000       0.000       0.000       0.000       0.000                            0.2443E-06  0.2443E-06   0.000    
  31449600.0   10.48619651   10.6181   0.000       0.000      0.1319E-02  0.2342E-06 -0.1163      0.1150       0.000       0.000       0.000       0.000      -0.5048E-06   0.000       0.000       0.000       0.000       0.000                            0.2342E-06  0.2342E-06   0.000    
  31536000.0   10.48230284   10.6135   0.000       0.000      0.1312E-02  0.2253E-06 -0.1157      0.1144       0.000       0.000       0.000       0.000      -0.5607E-06   0.000       0.000       0.000       0.000       0.000                            0.2253E-06  0.2253E-06   0.000    
  31622400.0   10.47821001   10.6086   0.000       0.000      0.1303E-02  0.2369E-06 -0.1150      0.1137       0.000       0.000       0.000       0.000      -0.6587E-06   0.000       0.000       0.000       0.000       0.000                            0.2369E-06  0.2369E-06   0.000    
