   TOTIM (T)          HCON      HMAT     QDIR      QWELL        QMAT QCADS<->CON       QTUB1       QTUB2       QTUB3       QTUB4       QTUB5       QTUB6       NSTOR        QFIX        QLH     FHLQ (LQ)      CAUCHY CAUCHY (LQ) BREAK-DOWN CADS FLOW  QCADS<->CON    Q_CDSSTO    Q_CDSRCH
     86400.0   10.29332274   10.3289   0.000       0.000      0.3557E-03   0.000     -0.2012      0.2009       0.000       0.000       0.000       0.000        0.000       0.000       0.000       0.000       0.000       0.000                             0.000       0.000       0.000    
    172800.0   10.28653043   10.3177   0.000       0.000      0.3122E-03  0.3931E-06 -0.1985      0.1982       0.000       0.000       0.000       0.000      -0.3202E-05   0.000       0.000       0.000       0.000       0.000                            0.3931E-06  0.3931E-06   0.000    
    259200.0   10.28732490   10.3200   0.000       0.000      0.3271E-03 -0.4598E-07 -0.1986      0.1983       0.000       0.000       0.000       0.000       0.3765E-06   0.000       0.000       0.000       0.000       0.000                           -0.4598E-07 -0.4598E-07   0.000    
    345600.0   10.28703657   10.3197   0.000       0.000      0.3271E-03  0.1669E-07 -0.1984      0.1980       0.000       0.000       0.000       0.000      -0.1366E-06   0.000       0.000       0.000       0.000       0.000                            0.1669E-07  0.1669E-07   0.000    
    432000.0   10.29181653   10.3278   0.000       0.000      0.3596E-03 -0.2766E-06 -0.2002      0.1998       0.000       0.000       0.000       0.000       0.2256E-05   0.000       0.000       0.000       0.000       0.000                           -0.2766E-06 -0.2766E-06   0.000    
    518400.0   10.29418039   10.3311   0.000       0.000      0.3693E-03 -0.1368E-06 -0.2012      0.2009       0.000       0.000       0.000       0.000       0.1108E-05   0.000       0.000       0.000       0.000       0.000                           -0.1368E-06 -0.1368E-06   0.000    
    604800.0   10.29454500   10.3313   0.000       0.000      0.3672E-03 -0.2110E-07 -0.2015      0.2011       0.000       0.000       0.000       0.000       0.1706E-06   0.000       0.000       0.000       0.000       0.000                           -0.2110E-07 -0.2110E-07   0.000    
    691200.0   10.30121510   10.3420   0.000       0.000      0.4079E-03 -0.3860E-06 -0.2043      0.2039       0.000       0.000       0.000       0.000       0.3100E-05   0.000       0.000       0.000       0.000       0.000                           -0.3860E-06 -0.3860E-06   0.000    
    777600.0   10.31898523   10.3703   0.000       0.000      0.5128E-03 -0.1028E-05 -0.2116      0.2111       0.000       0.000       0.000       0.000       0.8066E-05   0.000       0.000       0.000       0.000       0.000                           -0.1028E-05 -0.1028E-05   0.000    
    864000.0   10.34371773   10.4082   0.000       0.000      0.6453E-03 -0.1431E-05 -0.2218      0.2212       0.000       0.000       0.000       0.000       0.1072E-04   0.000       0.000       0.000       0.000       0.000                           -0.1431E-05 -0.1431E-05   0.000    
    950400.0   10.35169354   10.4168   0.000       0.000      0.6513E-03 -0.4616E-06 -0.2261      0.2255       0.000       0.000       0.000       0.000       0.3317E-05   0.000       0.000       0.000       0.000       0.000                           -0.4616E-06 -0.4616E-06   0.000    
   1036800.0   10.37700233   10.4559   0.000       0.000      0.7892E-03 -0.1465E-05 -0.2366      0.2358       0.000       0.000       0.000       0.000       0.1003E-04   0.000       0.000       0.000       0.000       0.000                           -0.1465E-05 -0.1465E-05   0.000    
   1123200.0   10.42341184   10.5275   0.000       0.000      0.1041E-02 -0.2686E-05 -0.2541      0.2531       0.000       0.000       0.000       0.000       0.1605E-04   0.000       0.000       0.000       0.000       0.000                           -0.2686E-05 -0.2686E-05   0.000    
   1209600.0   10.40814027   10.4930   0.000       0.000      0.8486E-03  0.8838E-06 -0.2519      0.2510       0.000       0.000       0.000       0.000      -0.4907E-05   0.000       0.000       0.000       0.000       0.000                            0.8838E-06  0.8838E-06   0.000    
   1296000.0   10.39661801   10.4720   0.000       0.000      0.7537E-03  0.6668E-06 -0.2494      0.2486       0.000       0.000       0.000       0.000      -0.3957E-05   0.000       0.000       0.000       0.000       0.000                            0.6668E-06  0.6668E-06   0.000    
   1382400.0   10.38744247   10.4564   0.000       0.000      0.6896E-03  0.5310E-06 -0.2468      0.2461       0.000       0.000       0.000       0.000      -0.3295E-05   0.000       0.000       0.000       0.000       0.000                            0.5310E-06  0.5310E-06   0.000    
   1468800.0   10.37966451   10.4435   0.000       0.000      0.6382E-03  0.4501E-06 -0.2442      0.2436       0.000       0.000       0.000       0.000      -0.2887E-05   0.000       0.000       0.000       0.000       0.000                            0.4501E-06  0.4501E-06   0.000    
   1555200.0   10.37192630   10.4309   0.000       0.000      0.5901E-03  0.4478E-06 -0.2414      0.2408       0.000       0.000       0.000       0.000      -0.2954E-05   0.000       0.000       0.000       0.000       0.000                            0.4478E-06  0.4478E-06   0.000    
   1641600.0   10.36452755   10.4193   0.000       0.000      0.5475E-03  0.4282E-06 -0.2385      0.2380       0.000       0.000       0.000       0.000      -0.2896E-05   0.000       0.000       0.000       0.000       0.000                            0.4282E-06  0.4282E-06   0.000    
   1728000.0   10.35864419   10.4104   0.000       0.000      0.5171E-03  0.3405E-06 -0.2361      0.2355       0.000       0.000       0.000       0.000      -0.2351E-05   0.000       0.000       0.000       0.000       0.000                            0.3405E-06  0.3405E-06   0.000    
   1814400.0   10.35369769   10.4029   0.000       0.000      0.4922E-03  0.2863E-06 -0.2339      0.2334       0.000       0.000       0.000       0.000      -0.2009E-05   0.000       0.000       0.000       0.000       0.000                            0.2863E-06  0.2863E-06   0.000    
   1900800.0   10.34789169   10.3941   0.000       0.000      0.4624E-03  0.3360E-06 -0.2313      0.2309       0.000       0.000       0.000       0.000      -0.2394E-05   0.000       0.000       0.000       0.000       0.000                            0.3360E-06  0.3360E-06   0.000    
   1987200.0   10.34288197   10.3867   0.000       0.000      0.4387E-03  0.2899E-06 -0.2291      0.2286       0.000       0.000       0.000       0.000      -0.2096E-05   0.000       0.000       0.000       0.000       0.000                            0.2899E-06  0.2899E-06   0.000    
   2073600.0   10.33891973   10.3812   0.000       0.000      0.4229E-03  0.2293E-06 -0.2271      0.2267       0.000       0.000       0.000       0.000      -0.1677E-05   0.000       0.000       0.000       0.000       0.000                            0.2293E-06  0.2293E-06   0.000    
   2160000.0   10.33402746   10.3740   0.000       0.000      0.4001E-03  0.2831E-06 -0.2249      0.2245       0.000       0.000       0.000       0.000      -0.2094E-05   0.000       0.000       0.000       0.000       0.000                            0.2831E-06  0.2831E-06   0.000    
   2246400.0   10.32930942   10.3673   0.000       0.000      0.3797E-03  0.2730E-06 -0.2226      0.2223       0.000       0.000       0.000       0.000      -0.2043E-05   0.000       0.000       0.000       0.000       0.000                            0.2730E-06  0.2730E-06   0.000    
   2332800.0   10.32468653   10.3608   0.000       0.000      0.3614E-03  0.2675E-06 -0.2204      0.2200       0.000       0.000       0.000       0.000      -0.2024E-05   0.000       0.000       0.000       0.000       0.000                            0.2675E-06  0.2675E-06   0.000    
   2419200.0   10.32028926   10.3547   0.000       0.000      0.3443E-03  0.2545E-06 -0.2183      0.2179       0.000       0.000       0.000       0.000      -0.1945E-05   0.000       0.000       0.000       0.000       0.000                            0.2545E-06  0.2545E-06   0.000    
   2505600.0   10.31895756   10.3538   0.000       0.000      0.3483E-03  0.7707E-07 -0.2173      0.2169       0.000       0.000       0.000       0.000      -0.5926E-06   0.000       0.000       0.000       0.000       0.000                            0.7707E-07  0.7707E-07   0.000    
   2592000.0   10.31621576   10.3500   0.000       0.000      0.3379E-03  0.1587E-06 -0.2158      0.2155       0.000       0.000       0.000       0.000      -0.1226E-05   0.000       0.000       0.000       0.000       0.000                            0.1587E-06  0.1587E-06   0.000    
   2678400.0   10.32423556   10.3643   0.000       0.000      0.4001E-03 -0.4641E-06 -0.2186      0.2182       0.000       0.000       0.000       0.000       0.3564E-05   0.000       0.000       0.000       0.000       0.000                           -0.4641E-06 -0.4641E-06   0.000    
   2764800.0   10.35179933   10.4095   0.000       0.000      0.5769E-03 -0.1595E-05 -0.2290      0.2285       0.000       0.000       0.000       0.000       0.1175E-04   0.000       0.000       0.000       0.000       0.000                           -0.1595E-05 -0.1595E-05   0.000    
   2851200.0   10.41637302   10.5127   0.000       0.000      0.9631E-03 -0.3737E-05 -0.2527      0.2518       0.000       0.000       0.000       0.000       0.2383E-04   0.000       0.000       0.000       0.000       0.000                           -0.3737E-05 -0.3737E-05   0.000    
   2937600.0   10.39473236   10.4659   0.000       0.000      0.7119E-03  0.1252E-05 -0.2483      0.2476       0.000       0.000       0.000       0.000      -0.7320E-05   0.000       0.000       0.000       0.000       0.000                            0.1252E-05  0.1252E-05   0.000    
   3024000.0   10.39395681   10.4639   0.000       0.000      0.6992E-03  0.4488E-07 -0.2492      0.2485       0.000       0.000       0.000       0.000      -0.2759E-06   0.000       0.000       0.000       0.000       0.000                            0.4488E-07  0.4488E-07   0.000    
   3110400.0   10.39245536   10.4601   0.000       0.000      0.6767E-03  0.8689E-07 -0.2494      0.2488       0.000       0.000       0.000       0.000      -0.5367E-06   0.000       0.000       0.000       0.000       0.000                            0.8689E-07  0.8689E-07   0.000    
   3196800.0   10.38666690   10.4496   0.000       0.000      0.6292E-03  0.3350E-06 -0.2479      0.2473       0.000       0.000       0.000       0.000      -0.2100E-05   0.000       0.000       0.000       0.000       0.000                            0.3350E-06  0.3350E-06   0.000    
   3283200.0   10.37975722   10.4379   0.000       0.000      0.5811E-03  0.3999E-06 -0.2457      0.2451       0.000       0.000       0.000       0.000      -0.2568E-05   0.000       0.000       0.000       0.000       0.000                            0.3999E-06  0.3999E-06   0.000    
   3369600.0   10.38099695   10.4404   0.000       0.000      0.5942E-03 -0.7174E-07 -0.2461      0.2455       0.000       0.000       0.000       0.000       0.4656E-06   0.000       0.000       0.000       0.000       0.000                           -0.7174E-07 -0.7174E-07   0.000    
   3456000.0   10.38594910   10.4483   0.000       0.000      0.6238E-03 -0.2866E-06 -0.2479      0.2472       0.000       0.000       0.000       0.000       0.1839E-05   0.000       0.000       0.000       0.000       0.000                           -0.2866E-06 -0.2866E-06   0.000    
   3542400.0   10.39338415   10.4594   0.000       0.000      0.6604E-03 -0.4303E-06 -0.2508      0.2501       0.000       0.000       0.000       0.000       0.2696E-05   0.000       0.000       0.000       0.000       0.000                           -0.4303E-06 -0.4303E-06   0.000    
   3628800.0   10.39485488   10.4601   0.000       0.000      0.6523E-03 -0.8511E-07 -0.2517      0.2511       0.000       0.000       0.000       0.000       0.5238E-06   0.000       0.000       0.000       0.000       0.000                           -0.8511E-07 -0.8511E-07   0.000    
   3715200.0   10.38934950   10.4497   0.000       0.000      0.6036E-03  0.3186E-06 -0.2503      0.2497       0.000       0.000       0.000       0.000      -0.1977E-05   0.000       0.000       0.000       0.000       0.000                            0.3186E-06  0.3186E-06   0.000    
   3801600.0   10.39039108   10.4515   0.000       0.000      0.6106E-03 -0.6028E-07 -0.2508      0.2501       0.000       0.000       0.000       0.000       0.3774E-06   0.000       0.000       0.000       0.000       0.000                           -0.6028E-07 -0.6028E-07   0.000    
   3888000.0   10.39451086   10.4578   0.000       0.000      0.6328E-03 -0.2384E-06 -0.2523      0.2517       0.000       0.000       0.000       0.000       0.1477E-05   0.000       0.000       0.000       0.000       0.000                           -0.2384E-06 -0.2384E-06   0.000    
   3974400.0   10.40395382   10.4724   0.000       0.000      0.6844E-03 -0.5465E-06 -0.2558      0.2552       0.000       0.000       0.000       0.000       0.3290E-05   0.000       0.000       0.000       0.000       0.000                           -0.5465E-06 -0.5465E-06   0.000    
   4060800.0   10.41036512   10.4810   0.000       0.000      0.7067E-03 -0.3710E-06 -0.2585      0.2578       0.000       0.000       0.000       0.000       0.2153E-05   0.000       0.000       0.000       0.000       0.000                           -0.3710E-06 -0.3710E-06   0.000    
   4147200.0   10.40413676   10.4686   0.000       0.000      0.6443E-03  0.3604E-06 -0.2571      0.2565       0.000       0.000       0.000       0.000      -0.2091E-05   0.000       0.000       0.000       0.000       0.000                            0.3604E-06  0.3604E-06   0.000    
   4233600.0   10.39676336   10.4562   0.000       0.000      0.5939E-03  0.4267E-06 -0.2549      0.2543       0.000       0.000       0.000       0.000      -0.2555E-05   0.000       0.000       0.000       0.000       0.000                            0.4267E-06  0.4267E-06   0.000    
   4320000.0   10.39161631   10.4480   0.000       0.000      0.5642E-03  0.2979E-06 -0.2531      0.2525       0.000       0.000       0.000       0.000      -0.1832E-05   0.000       0.000       0.000       0.000       0.000                            0.2979E-06  0.2979E-06   0.000    
   4406400.0   10.38626696   10.4398   0.000       0.000      0.5350E-03  0.3096E-06 -0.2510      0.2504       0.000       0.000       0.000       0.000      -0.1945E-05   0.000       0.000       0.000       0.000       0.000                            0.3096E-06  0.3096E-06   0.000    
   4492800.0   10.38239945   10.4341   0.000       0.000      0.5168E-03  0.2238E-06 -0.2493      0.2488       0.000       0.000       0.000       0.000      -0.1432E-05   0.000       0.000       0.000       0.000       0.000                            0.2238E-06  0.2238E-06   0.000    
   4579200.0   10.37717843   10.4260   0.000       0.000      0.4886E-03  0.3021E-06 -0.2472      0.2467       0.000       0.000       0.000       0.000      -0.1965E-05   0.000       0.000       0.000       0.000       0.000                            0.3021E-06  0.3021E-06   0.000    
   4665600.0   10.37175671   10.4180   0.000       0.000      0.4621E-03  0.3138E-06 -0.2449      0.2444       0.000       0.000       0.000       0.000      -0.2079E-05   0.000       0.000       0.000       0.000       0.000                            0.3138E-06  0.3138E-06   0.000    
   4752000.0   10.38222732   10.4366   0.000       0.000      0.5439E-03 -0.6059E-06 -0.2482      0.2477       0.000       0.000       0.000       0.000       0.3980E-05   0.000       0.000       0.000       0.000       0.000                           -0.6059E-06 -0.6059E-06   0.000    
   4838400.0   10.39501127   10.4568   0.000       0.000      0.6183E-03 -0.7398E-06 -0.2527      0.2521       0.000       0.000       0.000       0.000       0.4654E-05   0.000       0.000       0.000       0.000       0.000                           -0.7398E-06 -0.7398E-06   0.000    
   4924800.0   10.40802660   10.4763   0.000       0.000      0.6832E-03 -0.7532E-06 -0.2577      0.2570       0.000       0.000       0.000       0.000       0.4488E-05   0.000       0.000       0.000       0.000       0.000                           -0.7532E-06 -0.7532E-06   0.000    
   5011200.0   10.41476449   10.4846   0.000       0.000      0.6985E-03 -0.3899E-06 -0.2608      0.2601       0.000       0.000       0.000       0.000       0.2216E-05   0.000       0.000       0.000       0.000       0.000                           -0.3899E-06 -0.3899E-06   0.000    
   5097600.0   10.40752389   10.4705   0.000       0.000      0.6295E-03  0.4190E-06 -0.2591      0.2585       0.000       0.000       0.000       0.000      -0.2384E-05   0.000       0.000       0.000       0.000       0.000                            0.4190E-06  0.4190E-06   0.000    
   5184000.0   10.40014026   10.4580   0.000       0.000      0.5781E-03  0.4273E-06 -0.2570      0.2564       0.000       0.000       0.000       0.000      -0.2519E-05   0.000       0.000       0.000       0.000       0.000                            0.4273E-06  0.4273E-06   0.000    
   5270400.0   10.39440128   10.4491   0.000       0.000      0.5469E-03  0.3321E-06 -0.2550      0.2544       0.000       0.000       0.000       0.000      -0.2017E-05   0.000       0.000       0.000       0.000       0.000                            0.3321E-06  0.3321E-06   0.000    
   5356800.0   10.38845716   10.4398   0.000       0.000      0.5134E-03  0.3440E-06 -0.2527      0.2522       0.000       0.000       0.000       0.000      -0.2140E-05   0.000       0.000       0.000       0.000       0.000                            0.3440E-06  0.3440E-06   0.000    
   5443200.0   10.39286115   10.4482   0.000       0.000      0.5532E-03 -0.2549E-06 -0.2539      0.2534       0.000       0.000       0.000       0.000       0.1591E-05   0.000       0.000       0.000       0.000       0.000                           -0.2549E-06 -0.2549E-06   0.000    
   5529600.0   10.39722298   10.4551   0.000       0.000      0.5784E-03 -0.2524E-06 -0.2554      0.2548       0.000       0.000       0.000       0.000       0.1547E-05   0.000       0.000       0.000       0.000       0.000                           -0.2524E-06 -0.2524E-06   0.000    
   5616000.0   10.40148725   10.4613   0.000       0.000      0.5980E-03 -0.2468E-06 -0.2570      0.2564       0.000       0.000       0.000       0.000       0.1485E-05   0.000       0.000       0.000       0.000       0.000                           -0.2468E-06 -0.2468E-06   0.000    
   5702400.0   10.40366599   10.4639   0.000       0.000      0.6024E-03 -0.1261E-06 -0.2580      0.2574       0.000       0.000       0.000       0.000       0.7478E-06   0.000       0.000       0.000       0.000       0.000                           -0.1261E-06 -0.1261E-06   0.000    
   5788800.0   10.40119325   10.4590   0.000       0.000      0.5776E-03  0.1431E-06 -0.2574      0.2569       0.000       0.000       0.000       0.000      -0.8492E-06   0.000       0.000       0.000       0.000       0.000                            0.1431E-06  0.1431E-06   0.000    
   5875200.0   10.40118020   10.4588   0.000       0.000      0.5764E-03  0.7551E-09 -0.2576      0.2570       0.000       0.000       0.000       0.000      -0.4507E-08   0.000       0.000       0.000       0.000       0.000                            0.7551E-09  0.7551E-09   0.000    
   5961600.0   10.39936055   10.4555   0.000       0.000      0.5618E-03  0.1053E-06 -0.2570      0.2565       0.000       0.000       0.000       0.000      -0.6311E-06   0.000       0.000       0.000       0.000       0.000                            0.1053E-06  0.1053E-06   0.000    
   6048000.0   10.39468345   10.4478   0.000       0.000      0.5311E-03  0.2707E-06 -0.2554      0.2549       0.000       0.000       0.000       0.000      -0.1645E-05   0.000       0.000       0.000       0.000       0.000                            0.2707E-06  0.2707E-06   0.000    
   6134400.0   10.38932451   10.4393   0.000       0.000      0.4995E-03  0.3101E-06 -0.2535      0.2530       0.000       0.000       0.000       0.000      -0.1925E-05   0.000       0.000       0.000       0.000       0.000                            0.3101E-06  0.3101E-06   0.000    
   6220800.0   10.38363994   10.4307   0.000       0.000      0.4710E-03  0.3290E-06 -0.2512      0.2507       0.000       0.000       0.000       0.000      -0.2087E-05   0.000       0.000       0.000       0.000       0.000                            0.3290E-06  0.3290E-06   0.000    
   6307200.0   10.37818182   10.4226   0.000       0.000      0.4445E-03  0.3159E-06 -0.2489      0.2485       0.000       0.000       0.000       0.000      -0.2046E-05   0.000       0.000       0.000       0.000       0.000                            0.3159E-06  0.3159E-06   0.000    
   6393600.0   10.37277612   10.4149   0.000       0.000      0.4213E-03  0.3128E-06 -0.2465      0.2461       0.000       0.000       0.000       0.000      -0.2066E-05   0.000       0.000       0.000       0.000       0.000                            0.3128E-06  0.3128E-06   0.000    
   6480000.0   10.36769466   10.4077   0.000       0.000      0.3996E-03  0.2941E-06 -0.2442      0.2438       0.000       0.000       0.000       0.000      -0.1976E-05   0.000       0.000       0.000       0.000       0.000                            0.2941E-06  0.2941E-06   0.000    
   6566400.0   10.36263716   10.4007   0.000       0.000      0.3802E-03  0.2927E-06 -0.2418      0.2415       0.000       0.000       0.000       0.000      -0.1999E-05   0.000       0.000       0.000       0.000       0.000                            0.2927E-06  0.2927E-06   0.000    
   6652800.0   10.35784546   10.3940   0.000       0.000      0.3616E-03  0.2773E-06 -0.2396      0.2392       0.000       0.000       0.000       0.000      -0.1923E-05   0.000       0.000       0.000       0.000       0.000                            0.2773E-06  0.2773E-06   0.000    
   6739200.0   10.35313628   10.3877   0.000       0.000      0.3454E-03  0.2725E-06 -0.2373      0.2369       0.000       0.000       0.000       0.000      -0.1916E-05   0.000       0.000       0.000       0.000       0.000                            0.2725E-06  0.2725E-06   0.000    
   6825600.0   10.34859154   10.3815   0.000       0.000      0.3291E-03  0.2630E-06 -0.2351      0.2347       0.000       0.000       0.000       0.000      -0.1874E-05   0.000       0.000       0.000       0.000       0.000                            0.2630E-06  0.2630E-06   0.000    
   6912000.0   10.34397157   10.3754   0.000       0.000      0.3141E-03  0.2674E-06 -0.2328      0.2324       0.000       0.000       0.000       0.000      -0.1929E-05   0.000       0.000       0.000       0.000       0.000                            0.2674E-06  0.2674E-06   0.000    
   6998400.0   10.33962631   10.3696   0.000       0.000      0.2998E-03  0.2515E-06 -0.2306      0.2303       0.000       0.000       0.000       0.000      -0.1835E-05   0.000       0.000       0.000       0.000       0.000                            0.2515E-06  0.2515E-06   0.000    
   7084800.0   10.33541429   10.3641   0.000       0.000      0.2873E-03  0.2438E-06 -0.2284      0.2282       0.000       0.000       0.000       0.000      -0.1798E-05   0.000       0.000       0.000       0.000       0.000                            0.2438E-06  0.2438E-06   0.000    
   7171200.0   10.33137096   10.3590   0.000       0.000      0.2758E-03  0.2340E-06 -0.2263      0.2261       0.000       0.000       0.000       0.000      -0.1744E-05   0.000       0.000       0.000       0.000       0.000                            0.2340E-06  0.2340E-06   0.000    
   7257600.0   10.32745134   10.3539   0.000       0.000      0.2649E-03  0.2268E-06 -0.2243      0.2240       0.000       0.000       0.000       0.000      -0.1706E-05   0.000       0.000       0.000       0.000       0.000                            0.2268E-06  0.2268E-06   0.000    
   7344000.0   10.32365580   10.3492   0.000       0.000      0.2552E-03  0.2196E-06 -0.2223      0.2220       0.000       0.000       0.000       0.000      -0.1667E-05   0.000       0.000       0.000       0.000       0.000                            0.2196E-06  0.2196E-06   0.000    
   7430400.0   10.32040728   10.3453   0.000       0.000      0.2485E-03  0.1880E-06 -0.2205      0.2203       0.000       0.000       0.000       0.000      -0.1438E-05   0.000       0.000       0.000       0.000       0.000                            0.1880E-06  0.1880E-06   0.000    
   7516800.0   10.31710054   10.3412   0.000       0.000      0.2412E-03  0.1914E-06 -0.2187      0.2185       0.000       0.000       0.000       0.000      -0.1474E-05   0.000       0.000       0.000       0.000       0.000                            0.1914E-06  0.1914E-06   0.000    
   7603200.0   10.31366589   10.3369   0.000       0.000      0.2323E-03  0.1988E-06 -0.2169      0.2166       0.000       0.000       0.000       0.000      -0.1542E-05   0.000       0.000       0.000       0.000       0.000                            0.1988E-06  0.1988E-06   0.000    
   7689600.0   10.31030464   10.3328   0.000       0.000      0.2248E-03  0.1945E-06 -0.2151      0.2148       0.000       0.000       0.000       0.000      -0.1520E-05   0.000       0.000       0.000       0.000       0.000                            0.1945E-06  0.1945E-06   0.000    
   7776000.0   10.30732423   10.3292   0.000       0.000      0.2190E-03  0.1725E-06 -0.2134      0.2132       0.000       0.000       0.000       0.000      -0.1356E-05   0.000       0.000       0.000       0.000       0.000                            0.1725E-06  0.1725E-06   0.000    
   7862400.0   10.30416714   10.3254   0.000       0.000      0.2123E-03  0.1827E-06 -0.2117      0.2115       0.000       0.000       0.000       0.000      -0.1446E-05   0.000       0.000       0.000       0.000       0.000                            0.1827E-06  0.1827E-06   0.000    
   7948800.0   10.30118779   10.3218   0.000       0.000      0.2060E-03  0.1724E-06 -0.2101      0.2098       0.000       0.000       0.000       0.000      -0.1372E-05   0.000       0.000       0.000       0.000       0.000                            0.1724E-06  0.1724E-06   0.000    
   8035200.0   10.29823059   10.3183   0.000       0.000      0.2005E-03  0.1711E-06 -0.2084      0.2082       0.000       0.000       0.000       0.000      -0.1370E-05   0.000       0.000       0.000       0.000       0.000                            0.1711E-06  0.1711E-06   0.000    
   8121600.0   10.29543360   10.3149   0.000       0.000      0.1951E-03  0.1619E-06 -0.2069      0.2067       0.000       0.000       0.000       0.000      -0.1303E-05   0.000       0.000       0.000       0.000       0.000                            0.1619E-06  0.1619E-06   0.000    
   8208000.0   10.29263673   10.3117   0.000       0.000      0.1903E-03  0.1619E-06 -0.2053      0.2051       0.000       0.000       0.000       0.000      -0.1309E-05   0.000       0.000       0.000       0.000       0.000                            0.1619E-06  0.1619E-06   0.000    
   8294400.0   10.28999145   10.3085   0.000       0.000      0.1855E-03  0.1531E-06 -0.2038      0.2036       0.000       0.000       0.000       0.000      -0.1244E-05   0.000       0.000       0.000       0.000       0.000                            0.1531E-06  0.1531E-06   0.000    
   8380800.0   10.30850022   10.3403   0.000       0.000      0.3182E-03 -0.1071E-05 -0.2108      0.2105       0.000       0.000       0.000       0.000       0.8580E-05   0.000       0.000       0.000       0.000       0.000                           -0.1071E-05 -0.1071E-05   0.000    
   8467200.0   10.30921129   10.3396   0.000       0.000      0.3039E-03 -0.4115E-07 -0.2113      0.2110       0.000       0.000       0.000       0.000       0.3236E-06   0.000       0.000       0.000       0.000       0.000                           -0.4115E-07 -0.4115E-07   0.000    
   8553600.0   10.30898240   10.3390   0.000       0.000      0.2997E-03  0.1325E-07 -0.2114      0.2111       0.000       0.000       0.000       0.000      -0.1041E-06   0.000       0.000       0.000       0.000       0.000                            0.1325E-07  0.1325E-07   0.000    
   8640000.0   10.30726331   10.3362   0.000       0.000      0.2898E-03  0.9948E-07 -0.2108      0.2105       0.000       0.000       0.000       0.000      -0.7835E-06   0.000       0.000       0.000       0.000       0.000                            0.9948E-07  0.9948E-07   0.000    
   8726400.0   10.30501597   10.3329   0.000       0.000      0.2791E-03  0.1301E-06 -0.2099      0.2096       0.000       0.000       0.000       0.000      -0.1028E-05   0.000       0.000       0.000       0.000       0.000                            0.1301E-06  0.1301E-06   0.000    
   8812800.0   10.30250169   10.3294   0.000       0.000      0.2689E-03  0.1455E-06 -0.2087      0.2085       0.000       0.000       0.000       0.000      -0.1156E-05   0.000       0.000       0.000       0.000       0.000                            0.1455E-06  0.1455E-06   0.000    
   8899200.0   10.29936269   10.3249   0.000       0.000      0.2558E-03  0.1817E-06 -0.2073      0.2070       0.000       0.000       0.000       0.000      -0.1451E-05   0.000       0.000       0.000       0.000       0.000                            0.1817E-06  0.1817E-06   0.000    
   8985600.0   10.29888235   10.3250   0.000       0.000      0.2614E-03  0.2780E-07 -0.2068      0.2066       0.000       0.000       0.000       0.000      -0.2227E-06   0.000       0.000       0.000       0.000       0.000                            0.2780E-07  0.2780E-07   0.000    
   9072000.0   10.30236995   10.3314   0.000       0.000      0.2898E-03 -0.2018E-06 -0.2080      0.2077       0.000       0.000       0.000       0.000       0.1613E-05   0.000       0.000       0.000       0.000       0.000                           -0.2018E-06 -0.2018E-06   0.000    
   9158400.0   10.30093839   10.3289   0.000       0.000      0.2796E-03  0.8284E-07 -0.2074      0.2071       0.000       0.000       0.000       0.000      -0.6607E-06   0.000       0.000       0.000       0.000       0.000                            0.8284E-07  0.8284E-07   0.000    
   9244800.0   10.31177983   10.3472   0.000       0.000      0.3538E-03 -0.6274E-06 -0.2116      0.2113       0.000       0.000       0.000       0.000       0.4958E-05   0.000       0.000       0.000       0.000       0.000                           -0.6274E-06 -0.6274E-06   0.000    
   9331200.0   10.33713486   10.3879   0.000       0.000      0.5081E-03 -0.1467E-05 -0.2217      0.2212       0.000       0.000       0.000       0.000       0.1116E-04   0.000       0.000       0.000       0.000       0.000                           -0.1467E-05 -0.1467E-05   0.000    
   9417600.0   10.39683849   10.4832   0.000       0.000      0.8636E-03 -0.3455E-05 -0.2443      0.2435       0.000       0.000       0.000       0.000       0.2340E-04   0.000       0.000       0.000       0.000       0.000                           -0.3455E-05 -0.3455E-05   0.000    
   9504000.0   10.43419341   10.5348   0.000       0.000      0.1006E-02 -0.2162E-05 -0.2594      0.2584       0.000       0.000       0.000       0.000       0.1199E-04   0.000       0.000       0.000       0.000       0.000                           -0.2162E-05 -0.2162E-05   0.000    
   9590400.0   10.41577120   10.4953   0.000       0.000      0.7954E-03  0.1066E-05 -0.2566      0.2558       0.000       0.000       0.000       0.000      -0.5613E-05   0.000       0.000       0.000       0.000       0.000                            0.1066E-05  0.1066E-05   0.000    
   9676800.0   10.40143787   10.4699   0.000       0.000      0.6851E-03  0.8295E-06 -0.2533      0.2526       0.000       0.000       0.000       0.000      -0.4779E-05   0.000       0.000       0.000       0.000       0.000                            0.8295E-06  0.8295E-06   0.000    
   9763200.0   10.38937487   10.4500   0.000       0.000      0.6060E-03  0.6981E-06 -0.2497      0.2491       0.000       0.000       0.000       0.000      -0.4272E-05   0.000       0.000       0.000       0.000       0.000                            0.6981E-06  0.6981E-06   0.000    
   9849600.0   10.37927915   10.4339   0.000       0.000      0.5463E-03  0.5842E-06 -0.2462      0.2456       0.000       0.000       0.000       0.000      -0.3737E-05   0.000       0.000       0.000       0.000       0.000                            0.5842E-06  0.5842E-06   0.000    
   9936000.0   10.38677884   10.4476   0.000       0.000      0.6081E-03 -0.4340E-06 -0.2485      0.2479       0.000       0.000       0.000       0.000       0.2790E-05   0.000       0.000       0.000       0.000       0.000                           -0.4340E-06 -0.4340E-06   0.000    
  10022400.0   10.39172033   10.4545   0.000       0.000      0.6277E-03 -0.2860E-06 -0.2505      0.2498       0.000       0.000       0.000       0.000       0.1795E-05   0.000       0.000       0.000       0.000       0.000                           -0.2860E-06 -0.2860E-06   0.000    
  10108800.0   10.39219364   10.4538   0.000       0.000      0.6160E-03 -0.2739E-07 -0.2510      0.2504       0.000       0.000       0.000       0.000       0.1701E-06   0.000       0.000       0.000       0.000       0.000                           -0.2739E-07 -0.2739E-07   0.000    
  10195200.0   10.39563408   10.4586   0.000       0.000      0.6300E-03 -0.1991E-06 -0.2525      0.2519       0.000       0.000       0.000       0.000       0.1226E-05   0.000       0.000       0.000       0.000       0.000                           -0.1991E-06 -0.1991E-06   0.000    
  10281600.0   10.39679187   10.4593   0.000       0.000      0.6249E-03 -0.6700E-07 -0.2533      0.2526       0.000       0.000       0.000       0.000       0.4087E-06   0.000       0.000       0.000       0.000       0.000                           -0.6700E-07 -0.6700E-07   0.000    
  10368000.0   10.39141263   10.4492   0.000       0.000      0.5778E-03  0.3113E-06 -0.2518      0.2512       0.000       0.000       0.000       0.000      -0.1916E-05   0.000       0.000       0.000       0.000       0.000                            0.3113E-06  0.3113E-06   0.000    
  10454400.0   10.38431604   10.4375   0.000       0.000      0.5318E-03  0.4107E-06 -0.2494      0.2489       0.000       0.000       0.000       0.000      -0.2592E-05   0.000       0.000       0.000       0.000       0.000                            0.4107E-06  0.4107E-06   0.000    
  10540800.0   10.38450027   10.4385   0.000       0.000      0.5399E-03 -0.1066E-07 -0.2493      0.2488       0.000       0.000       0.000       0.000       0.6818E-07   0.000       0.000       0.000       0.000       0.000                           -0.1066E-07 -0.1066E-07   0.000    
  10627200.0   10.38768128   10.4437   0.000       0.000      0.5601E-03 -0.1841E-06 -0.2504      0.2498       0.000       0.000       0.000       0.000       0.1170E-05   0.000       0.000       0.000       0.000       0.000                           -0.1841E-06 -0.1841E-06   0.000    
  10713600.0   10.38748716   10.4427   0.000       0.000      0.5522E-03  0.1123E-07 -0.2504      0.2498       0.000       0.000       0.000       0.000      -0.7097E-07   0.000       0.000       0.000       0.000       0.000                            0.1123E-07  0.1123E-07   0.000    
  10800000.0   10.38376794   10.4362   0.000       0.000      0.5242E-03  0.2152E-06 -0.2492      0.2487       0.000       0.000       0.000       0.000      -0.1370E-05   0.000       0.000       0.000       0.000       0.000                            0.2152E-06  0.2152E-06   0.000    
  10886400.0   10.37847913   10.4275   0.000       0.000      0.4900E-03  0.3061E-06 -0.2473      0.2468       0.000       0.000       0.000       0.000      -0.1981E-05   0.000       0.000       0.000       0.000       0.000                            0.3061E-06  0.3061E-06   0.000    
  10972800.0   10.37234983   10.4180   0.000       0.000      0.4569E-03  0.3547E-06 -0.2449      0.2444       0.000       0.000       0.000       0.000      -0.2343E-05   0.000       0.000       0.000       0.000       0.000                            0.3547E-06  0.3547E-06   0.000    
  11059200.0   10.36566554   10.4078   0.000       0.000      0.4216E-03  0.3868E-06 -0.2422      0.2418       0.000       0.000       0.000       0.000      -0.2610E-05   0.000       0.000       0.000       0.000       0.000                            0.3868E-06  0.3868E-06   0.000    
  11145600.0   10.35921753   10.3984   0.000       0.000      0.3915E-03  0.3731E-06 -0.2394      0.2390       0.000       0.000       0.000       0.000      -0.2570E-05   0.000       0.000       0.000       0.000       0.000                            0.3731E-06  0.3731E-06   0.000    
  11232000.0   10.35315774   10.3898   0.000       0.000      0.3665E-03  0.3507E-06 -0.2366      0.2362       0.000       0.000       0.000       0.000      -0.2461E-05   0.000       0.000       0.000       0.000       0.000                            0.3507E-06  0.3507E-06   0.000    
  11318400.0   10.34763079   10.3820   0.000       0.000      0.3442E-03  0.3198E-06 -0.2340      0.2337       0.000       0.000       0.000       0.000      -0.2282E-05   0.000       0.000       0.000       0.000       0.000                            0.3198E-06  0.3198E-06   0.000    
  11404800.0   10.35084224   10.3890   0.000       0.000      0.3815E-03 -0.1858E-06 -0.2347      0.2343       0.000       0.000       0.000       0.000       0.1330E-05   0.000       0.000       0.000       0.000       0.000                           -0.1858E-06 -0.1858E-06   0.000    
  11491200.0   10.34505767   10.3797   0.000       0.000      0.3462E-03  0.3348E-06 -0.2322      0.2318       0.000       0.000       0.000       0.000      -0.2404E-05   0.000       0.000       0.000       0.000       0.000                            0.3348E-06  0.3348E-06   0.000    
  11577600.0   10.35561410   10.3986   0.000       0.000      0.4296E-03 -0.6109E-06 -0.2357      0.2353       0.000       0.000       0.000       0.000       0.4358E-05   0.000       0.000       0.000       0.000       0.000                           -0.6109E-06 -0.6109E-06   0.000    
  11664000.0   10.38135306   10.4406   0.000       0.000      0.5921E-03 -0.1490E-05 -0.2451      0.2445       0.000       0.000       0.000       0.000       0.1006E-04   0.000       0.000       0.000       0.000       0.000                           -0.1490E-05 -0.1490E-05   0.000    
  11750400.0   10.44086592   10.5352   0.000       0.000      0.9437E-03 -0.3444E-05 -0.2658      0.2648       0.000       0.000       0.000       0.000       0.1949E-04   0.000       0.000       0.000       0.000       0.000                           -0.3444E-05 -0.3444E-05   0.000    
  11836800.0   10.41963772   10.4902   0.000       0.000      0.7057E-03  0.1228E-05 -0.2618      0.2611       0.000       0.000       0.000       0.000      -0.6251E-05   0.000       0.000       0.000       0.000       0.000                            0.1228E-05  0.1228E-05   0.000    
  11923200.0   10.40579627   10.4665   0.000       0.000      0.6073E-03  0.8010E-06 -0.2583      0.2577       0.000       0.000       0.000       0.000      -0.4520E-05   0.000       0.000       0.000       0.000       0.000                            0.8010E-06  0.8010E-06   0.000    
  12009600.0   10.39536720   10.4500   0.000       0.000      0.5461E-03  0.6035E-06 -0.2550      0.2544       0.000       0.000       0.000       0.000      -0.3611E-05   0.000       0.000       0.000       0.000       0.000                            0.6035E-06  0.6035E-06   0.000    
  12096000.0   10.39359977   10.4481   0.000       0.000      0.5454E-03  0.1023E-06 -0.2542      0.2537       0.000       0.000       0.000       0.000      -0.6285E-06   0.000       0.000       0.000       0.000       0.000                            0.1023E-06  0.1023E-06   0.000    
  12182400.0   10.39073384   10.4436   0.000       0.000      0.5285E-03  0.1659E-06 -0.2531      0.2526       0.000       0.000       0.000       0.000      -0.1029E-05   0.000       0.000       0.000       0.000       0.000                            0.1659E-06  0.1659E-06   0.000    
  12268800.0   10.38565089   10.4354   0.000       0.000      0.4979E-03  0.2942E-06 -0.2512      0.2507       0.000       0.000       0.000       0.000      -0.1854E-05   0.000       0.000       0.000       0.000       0.000                            0.2942E-06  0.2942E-06   0.000    
  12355200.0   10.37968411   10.4261   0.000       0.000      0.4643E-03  0.3453E-06 -0.2489      0.2484       0.000       0.000       0.000       0.000      -0.2222E-05   0.000       0.000       0.000       0.000       0.000                            0.3453E-06  0.3453E-06   0.000    
  12441600.0   10.37589719   10.4208   0.000       0.000      0.4495E-03  0.2192E-06 -0.2472      0.2467       0.000       0.000       0.000       0.000      -0.1436E-05   0.000       0.000       0.000       0.000       0.000                            0.2192E-06  0.2192E-06   0.000    
  12528000.0   10.39316639   10.4506   0.000       0.000      0.5744E-03 -0.9994E-06 -0.2529      0.2523       0.000       0.000       0.000       0.000       0.6386E-05   0.000       0.000       0.000       0.000       0.000                           -0.9994E-06 -0.9994E-06   0.000    
  12614400.0   10.41034750   10.4770   0.000       0.000      0.6665E-03 -0.9943E-06 -0.2590      0.2584       0.000       0.000       0.000       0.000       0.5916E-05   0.000       0.000       0.000       0.000       0.000                           -0.9943E-06 -0.9943E-06   0.000    
  12700800.0   10.40440422   10.4637   0.000       0.000      0.5930E-03  0.3439E-06 -0.2580      0.2574       0.000       0.000       0.000       0.000      -0.1994E-05   0.000       0.000       0.000       0.000       0.000                            0.3439E-06  0.3439E-06   0.000    
  12787200.0   10.39760803   10.4520   0.000       0.000      0.5438E-03  0.3933E-06 -0.2561      0.2555       0.000       0.000       0.000       0.000      -0.2349E-05   0.000       0.000       0.000       0.000       0.000                            0.3933E-06  0.3933E-06   0.000    
  12873600.0   10.39021987   10.4401   0.000       0.000      0.4984E-03  0.4276E-06 -0.2536      0.2531       0.000       0.000       0.000       0.000      -0.2633E-05   0.000       0.000       0.000       0.000       0.000                            0.4276E-06  0.4276E-06   0.000    
  12960000.0   10.39263081   10.4451   0.000       0.000      0.5250E-03 -0.1395E-06 -0.2542      0.2536       0.000       0.000       0.000       0.000       0.8681E-06   0.000       0.000       0.000       0.000       0.000                           -0.1395E-06 -0.1395E-06   0.000    
  13046400.0   10.38937861   10.4395   0.000       0.000      0.5010E-03  0.1882E-06 -0.2530      0.2525       0.000       0.000       0.000       0.000      -0.1173E-05   0.000       0.000       0.000       0.000       0.000                            0.1882E-06  0.1882E-06   0.000    
  13132800.0   10.38472924   10.4321   0.000       0.000      0.4740E-03  0.2691E-06 -0.2513      0.2508       0.000       0.000       0.000       0.000      -0.1703E-05   0.000       0.000       0.000       0.000       0.000                            0.2691E-06  0.2691E-06   0.000    
  13219200.0   10.38194309   10.4282   0.000       0.000      0.4627E-03  0.1612E-06 -0.2500      0.2496       0.000       0.000       0.000       0.000      -0.1035E-05   0.000       0.000       0.000       0.000       0.000                            0.1612E-06  0.1612E-06   0.000    
  13305600.0   10.37766220   10.4216   0.000       0.000      0.4396E-03  0.2477E-06 -0.2483      0.2479       0.000       0.000       0.000       0.000      -0.1611E-05   0.000       0.000       0.000       0.000       0.000                            0.2477E-06  0.2477E-06   0.000    
  13392000.0   10.38614981   10.4368   0.000       0.000      0.5066E-03 -0.4912E-06 -0.2510      0.2504       0.000       0.000       0.000       0.000       0.3170E-05   0.000       0.000       0.000       0.000       0.000                           -0.4912E-06 -0.4912E-06   0.000    
  13478400.0   10.39145514   10.4447   0.000       0.000      0.5324E-03 -0.3070E-06 -0.2529      0.2524       0.000       0.000       0.000       0.000       0.1930E-05   0.000       0.000       0.000       0.000       0.000                           -0.3070E-06 -0.3070E-06   0.000    
  13564800.0   10.38894156   10.4395   0.000       0.000      0.5053E-03  0.1455E-06 -0.2523      0.2518       0.000       0.000       0.000       0.000      -0.9095E-06   0.000       0.000       0.000       0.000       0.000                            0.1455E-06  0.1455E-06   0.000    
  13651200.0   10.38523786   10.4333   0.000       0.000      0.4808E-03  0.2143E-06 -0.2511      0.2506       0.000       0.000       0.000       0.000      -0.1357E-05   0.000       0.000       0.000       0.000       0.000                            0.2143E-06  0.2143E-06   0.000    
  13737600.0   10.38068938   10.4261   0.000       0.000      0.4541E-03  0.2632E-06 -0.2494      0.2490       0.000       0.000       0.000       0.000      -0.1692E-05   0.000       0.000       0.000       0.000       0.000                            0.2632E-06  0.2632E-06   0.000    
  13824000.0   10.39716161   10.4545   0.000       0.000      0.5734E-03 -0.9533E-06 -0.2549      0.2543       0.000       0.000       0.000       0.000       0.5989E-05   0.000       0.000       0.000       0.000       0.000                           -0.9533E-06 -0.9533E-06   0.000    
  13910400.0   10.41849676   10.4877   0.000       0.000      0.6918E-03 -0.1235E-05 -0.2625      0.2618       0.000       0.000       0.000       0.000       0.7138E-05   0.000       0.000       0.000       0.000       0.000                           -0.1235E-05 -0.1235E-05   0.000    
  13996800.0   10.41431861   10.4768   0.000       0.000      0.6250E-03  0.2418E-06 -0.2622      0.2616       0.000       0.000       0.000       0.000      -0.1338E-05   0.000       0.000       0.000       0.000       0.000                            0.2418E-06  0.2418E-06   0.000    
  14083200.0   10.40721694   10.4642   0.000       0.000      0.5693E-03  0.4110E-06 -0.2604      0.2598       0.000       0.000       0.000       0.000      -0.2343E-05   0.000       0.000       0.000       0.000       0.000                            0.4110E-06  0.4110E-06   0.000    
  14169600.0   10.41220598   10.4726   0.000       0.000      0.6043E-03 -0.2887E-06 -0.2622      0.2616       0.000       0.000       0.000       0.000       0.1655E-05   0.000       0.000       0.000       0.000       0.000                           -0.2887E-06 -0.2887E-06   0.000    
  14256000.0   10.41562892   10.4773   0.000       0.000      0.6167E-03 -0.1981E-06 -0.2637      0.2631       0.000       0.000       0.000       0.000       0.1111E-05   0.000       0.000       0.000       0.000       0.000                           -0.1981E-06 -0.1981E-06   0.000    
  14342400.0   10.43641178   10.5107   0.000       0.000      0.7425E-03 -0.1203E-05 -0.2707      0.2699       0.000       0.000       0.000       0.000       0.6290E-05   0.000       0.000       0.000       0.000       0.000                           -0.1203E-05 -0.1203E-05   0.000    
  14428800.0   10.49261119   10.5969   0.000       0.000      0.1043E-02 -0.3252E-05 -0.2879      0.2869       0.000       0.000       0.000       0.000       0.1164E-04   0.000       0.000       0.000       0.000       0.000                           -0.3252E-05 -0.3252E-05   0.000    
  14515200.0   10.48094417   10.5697   0.000       0.000      0.8876E-03  0.6752E-06 -0.2875      0.2866       0.000       0.000       0.000       0.000      -0.1529E-05   0.000       0.000       0.000       0.000       0.000                            0.6752E-06  0.6752E-06   0.000    
  14601600.0   10.48545085   10.5744   0.000       0.000      0.8894E-03 -0.2608E-06 -0.2901      0.2892       0.000       0.000       0.000       0.000       0.6699E-06   0.000       0.000       0.000       0.000       0.000                           -0.2608E-06 -0.2608E-06   0.000    
  14688000.0   10.50277493   10.5982   0.000       0.000      0.9541E-03 -0.1003E-05 -0.2956      0.2947       0.000       0.000       0.000       0.000       0.1348E-05   0.000       0.000       0.000       0.000       0.000                           -0.1003E-05 -0.1003E-05   0.000    
  14774400.0   10.50523392   10.5980   0.000       0.000      0.9278E-03 -0.1423E-06 -0.2976      0.2967       0.000       0.000       0.000       0.000        0.000       0.000       0.000       0.000       0.000       0.000                           -0.1423E-06 -0.1423E-06   0.000    
  14860800.0   10.49643430   10.5825   0.000       0.000      0.8602E-03  0.5092E-06 -0.2966      0.2957       0.000       0.000       0.000       0.000      -0.1641E-06   0.000       0.000       0.000       0.000       0.000                            0.5092E-06  0.5092E-06   0.000    
  14947200.0   10.48858463   10.5695   0.000       0.000      0.8089E-03  0.4543E-06 -0.2951      0.2943       0.000       0.000       0.000       0.000      -0.7737E-06   0.000       0.000       0.000       0.000       0.000                            0.4543E-06  0.4543E-06   0.000    
  15033600.0   10.47932051   10.5543   0.000       0.000      0.7496E-03  0.5361E-06 -0.2930      0.2922       0.000       0.000       0.000       0.000      -0.1342E-05   0.000       0.000       0.000       0.000       0.000                            0.5361E-06  0.5361E-06   0.000    
  15120000.0   10.46957658   10.5391   0.000       0.000      0.6957E-03  0.5639E-06 -0.2902      0.2895       0.000       0.000       0.000       0.000      -0.1777E-05   0.000       0.000       0.000       0.000       0.000                            0.5639E-06  0.5639E-06   0.000    
  15206400.0   10.45966020   10.5237   0.000       0.000      0.6408E-03  0.5739E-06 -0.2871      0.2864       0.000       0.000       0.000       0.000      -0.2118E-05   0.000       0.000       0.000       0.000       0.000                            0.5739E-06  0.5739E-06   0.000    
  15292800.0   10.44955079   10.5086   0.000       0.000      0.5906E-03  0.5850E-06 -0.2836      0.2830       0.000       0.000       0.000       0.000      -0.2434E-05   0.000       0.000       0.000       0.000       0.000                            0.5850E-06  0.5850E-06   0.000    
  15379200.0   10.46633251   10.5373   0.000       0.000      0.7097E-03 -0.9712E-06 -0.2879      0.2872       0.000       0.000       0.000       0.000       0.3892E-05   0.000       0.000       0.000       0.000       0.000                           -0.9712E-06 -0.9712E-06   0.000    
  15465600.0   10.47239937   10.5451   0.000       0.000      0.7268E-03 -0.3511E-06 -0.2899      0.2892       0.000       0.000       0.000       0.000       0.1210E-05   0.000       0.000       0.000       0.000       0.000                           -0.3511E-06 -0.3511E-06   0.000    
  15552000.0   10.46527174   10.5322   0.000       0.000      0.6688E-03  0.4125E-06 -0.2883      0.2876       0.000       0.000       0.000       0.000      -0.1433E-05   0.000       0.000       0.000       0.000       0.000                            0.4125E-06  0.4125E-06   0.000    
  15638400.0   10.45511525   10.5159   0.000       0.000      0.6076E-03  0.5878E-06 -0.2854      0.2848       0.000       0.000       0.000       0.000      -0.2296E-05   0.000       0.000       0.000       0.000       0.000                            0.5878E-06  0.5878E-06   0.000    
  15724800.0   10.44576917   10.5017   0.000       0.000      0.5596E-03  0.5409E-06 -0.2823      0.2817       0.000       0.000       0.000       0.000      -0.2347E-05   0.000       0.000       0.000       0.000       0.000                            0.5409E-06  0.5409E-06   0.000    
  15811200.0   10.43719487   10.4892   0.000       0.000      0.5199E-03  0.4962E-06 -0.2791      0.2786       0.000       0.000       0.000       0.000      -0.2329E-05   0.000       0.000       0.000       0.000       0.000                            0.4962E-06  0.4962E-06   0.000    
  15897600.0   10.42948492   10.4781   0.000       0.000      0.4865E-03  0.4462E-06 -0.2761      0.2756       0.000       0.000       0.000       0.000      -0.2225E-05   0.000       0.000       0.000       0.000       0.000                            0.4462E-06  0.4462E-06   0.000    
  15984000.0   10.42478071   10.4721   0.000       0.000      0.4735E-03  0.2722E-06 -0.2739      0.2734       0.000       0.000       0.000       0.000      -0.1415E-05   0.000       0.000       0.000       0.000       0.000                            0.2722E-06  0.2722E-06   0.000    
  16070400.0   10.41780077   10.4621   0.000       0.000      0.4432E-03  0.4039E-06 -0.2710      0.2705       0.000       0.000       0.000       0.000      -0.2175E-05   0.000       0.000       0.000       0.000       0.000                            0.4039E-06  0.4039E-06   0.000    
  16156800.0   10.41147655   10.4533   0.000       0.000      0.4177E-03  0.3660E-06 -0.2682      0.2678       0.000       0.000       0.000       0.000      -0.2045E-05   0.000       0.000       0.000       0.000       0.000                            0.3660E-06  0.3660E-06   0.000    
  16243200.0   10.40518137   10.4447   0.000       0.000      0.3951E-03  0.3643E-06 -0.2654      0.2650       0.000       0.000       0.000       0.000      -0.2102E-05   0.000       0.000       0.000       0.000       0.000                            0.3643E-06  0.3643E-06   0.000    
  16329600.0   10.39937140   10.4368   0.000       0.000      0.3744E-03  0.3362E-06 -0.2628      0.2624       0.000       0.000       0.000       0.000      -0.1997E-05   0.000       0.000       0.000       0.000       0.000                            0.3362E-06  0.3362E-06   0.000    
  16416000.0   10.39369926   10.4293   0.000       0.000      0.3562E-03  0.3282E-06 -0.2601      0.2597       0.000       0.000       0.000       0.000      -0.1999E-05   0.000       0.000       0.000       0.000       0.000                            0.3282E-06  0.3282E-06   0.000    
  16502400.0   10.38837229   10.4223   0.000       0.000      0.3392E-03  0.3083E-06 -0.2575      0.2572       0.000       0.000       0.000       0.000      -0.1921E-05   0.000       0.000       0.000       0.000       0.000                            0.3083E-06  0.3083E-06   0.000    
  16588800.0   10.38322766   10.4156   0.000       0.000      0.3240E-03  0.2977E-06 -0.2550      0.2547       0.000       0.000       0.000       0.000      -0.1894E-05   0.000       0.000       0.000       0.000       0.000                            0.2977E-06  0.2977E-06   0.000    
  16675200.0   10.37832230   10.4093   0.000       0.000      0.3102E-03  0.2839E-06 -0.2526      0.2523       0.000       0.000       0.000       0.000      -0.1840E-05   0.000       0.000       0.000       0.000       0.000                            0.2839E-06  0.2839E-06   0.000    
  16761600.0   10.37497614   10.4056   0.000       0.000      0.3063E-03  0.1936E-06 -0.2507      0.2504       0.000       0.000       0.000       0.000      -0.1274E-05   0.000       0.000       0.000       0.000       0.000                            0.1936E-06  0.1936E-06   0.000    
  16848000.0   10.37263813   10.4034   0.000       0.000      0.3077E-03  0.1353E-06 -0.2492      0.2489       0.000       0.000       0.000       0.000      -0.8986E-06   0.000       0.000       0.000       0.000       0.000                            0.1353E-06  0.1353E-06   0.000    
  16934400.0   10.37486418   10.4086   0.000       0.000      0.3371E-03 -0.1288E-06 -0.2494      0.2491       0.000       0.000       0.000       0.000       0.8557E-06   0.000       0.000       0.000       0.000       0.000                           -0.1288E-06 -0.1288E-06   0.000    
  17020800.0   10.37392340   10.4077   0.000       0.000      0.3375E-03  0.5444E-07 -0.2487      0.2484       0.000       0.000       0.000       0.000      -0.3609E-06   0.000       0.000       0.000       0.000       0.000                            0.5444E-07  0.5444E-07   0.000    
  17107200.0   10.36874735   10.3998   0.000       0.000      0.3109E-03  0.2995E-06 -0.2466      0.2463       0.000       0.000       0.000       0.000      -0.2006E-05   0.000       0.000       0.000       0.000       0.000                            0.2995E-06  0.2995E-06   0.000    
  17193600.0   10.36429040   10.3938   0.000       0.000      0.2955E-03  0.2579E-06 -0.2445      0.2442       0.000       0.000       0.000       0.000      -0.1754E-05   0.000       0.000       0.000       0.000       0.000                            0.2579E-06  0.2579E-06   0.000    
  17280000.0   10.35980689   10.3880   0.000       0.000      0.2816E-03  0.2595E-06 -0.2424      0.2421       0.000       0.000       0.000       0.000      -0.1789E-05   0.000       0.000       0.000       0.000       0.000                            0.2595E-06  0.2595E-06   0.000    
  17366400.0   10.35560182   10.3825   0.000       0.000      0.2686E-03  0.2433E-06 -0.2403      0.2400       0.000       0.000       0.000       0.000      -0.1700E-05   0.000       0.000       0.000       0.000       0.000                            0.2433E-06  0.2433E-06   0.000    
  17452800.0   10.35144665   10.3772   0.000       0.000      0.2577E-03  0.2405E-06 -0.2382      0.2379       0.000       0.000       0.000       0.000      -0.1700E-05   0.000       0.000       0.000       0.000       0.000                            0.2405E-06  0.2405E-06   0.000    
  17539200.0   10.34758864   10.3723   0.000       0.000      0.2475E-03  0.2233E-06 -0.2362      0.2360       0.000       0.000       0.000       0.000      -0.1597E-05   0.000       0.000       0.000       0.000       0.000                            0.2233E-06  0.2233E-06   0.000    
  17625600.0   10.34378314   10.3677   0.000       0.000      0.2387E-03  0.2202E-06 -0.2342      0.2340       0.000       0.000       0.000       0.000      -0.1591E-05   0.000       0.000       0.000       0.000       0.000                            0.2202E-06  0.2202E-06   0.000    
  17712000.0   10.34215336   10.3665   0.000       0.000      0.2437E-03  0.9432E-07 -0.2330      0.2328       0.000       0.000       0.000       0.000      -0.6863E-06   0.000       0.000       0.000       0.000       0.000                            0.9432E-07  0.9432E-07   0.000    
  17798400.0   10.33862331   10.3619   0.000       0.000      0.2326E-03  0.2043E-06 -0.2312      0.2310       0.000       0.000       0.000       0.000      -0.1496E-05   0.000       0.000       0.000       0.000       0.000                            0.2043E-06  0.2043E-06   0.000    
  17884800.0   10.33495199   10.3573   0.000       0.000      0.2233E-03  0.2125E-06 -0.2293      0.2291       0.000       0.000       0.000       0.000      -0.1570E-05   0.000       0.000       0.000       0.000       0.000                            0.2125E-06  0.2125E-06   0.000    
  17971200.0   10.33160724   10.3532   0.000       0.000      0.2155E-03  0.1936E-06 -0.2276      0.2274       0.000       0.000       0.000       0.000      -0.1443E-05   0.000       0.000       0.000       0.000       0.000                            0.1936E-06  0.1936E-06   0.000    
  18057600.0   10.32829728   10.3492   0.000       0.000      0.2090E-03  0.1915E-06 -0.2258      0.2256       0.000       0.000       0.000       0.000      -0.1439E-05   0.000       0.000       0.000       0.000       0.000                            0.1915E-06  0.1915E-06   0.000    
  18144000.0   10.32518848   10.3455   0.000       0.000      0.2027E-03  0.1799E-06 -0.2241      0.2239       0.000       0.000       0.000       0.000      -0.1362E-05   0.000       0.000       0.000       0.000       0.000                            0.1799E-06  0.1799E-06   0.000    
  18230400.0   10.32209948   10.3418   0.000       0.000      0.1972E-03  0.1788E-06 -0.2224      0.2222       0.000       0.000       0.000       0.000      -0.1363E-05   0.000       0.000       0.000       0.000       0.000                            0.1788E-06  0.1788E-06   0.000    
  18316800.0   10.31915917   10.3383   0.000       0.000      0.1918E-03  0.1702E-06 -0.2208      0.2206       0.000       0.000       0.000       0.000      -0.1306E-05   0.000       0.000       0.000       0.000       0.000                            0.1702E-06  0.1702E-06   0.000    
  18403200.0   10.31625547   10.3350   0.000       0.000      0.1870E-03  0.1680E-06 -0.2192      0.2190       0.000       0.000       0.000       0.000      -0.1298E-05   0.000       0.000       0.000       0.000       0.000                            0.1680E-06  0.1680E-06   0.000    
  18489600.0   10.31344428   10.3317   0.000       0.000      0.1823E-03  0.1627E-06 -0.2176      0.2174       0.000       0.000       0.000       0.000      -0.1264E-05   0.000       0.000       0.000       0.000       0.000                            0.1627E-06  0.1627E-06   0.000    
  18576000.0   10.31070924   10.3285   0.000       0.000      0.1780E-03  0.1583E-06 -0.2161      0.2159       0.000       0.000       0.000       0.000      -0.1237E-05   0.000       0.000       0.000       0.000       0.000                            0.1583E-06  0.1583E-06   0.000    
  18662400.0   10.30798855   10.3254   0.000       0.000      0.1741E-03  0.1574E-06 -0.2145      0.2144       0.000       0.000       0.000       0.000      -0.1237E-05   0.000       0.000       0.000       0.000       0.000                            0.1574E-06  0.1574E-06   0.000    
  18748800.0   10.30542592   10.3224   0.000       0.000      0.1700E-03  0.1483E-06 -0.2131      0.2129       0.000       0.000       0.000       0.000      -0.1171E-05   0.000       0.000       0.000       0.000       0.000                            0.1483E-06  0.1483E-06   0.000    
  18835200.0   10.30696842   10.3263   0.000       0.000      0.1933E-03 -0.8927E-07 -0.2133      0.2131       0.000       0.000       0.000       0.000       0.7057E-06   0.000       0.000       0.000       0.000       0.000                           -0.8927E-07 -0.8927E-07   0.000    
  18921600.0   10.30461934   10.3231   0.000       0.000      0.1848E-03  0.1359E-06 -0.2121      0.2119       0.000       0.000       0.000       0.000      -0.1076E-05   0.000       0.000       0.000       0.000       0.000                            0.1359E-06  0.1359E-06   0.000    
  19008000.0   10.30154496   10.3190   0.000       0.000      0.1750E-03  0.1779E-06 -0.2105      0.2103       0.000       0.000       0.000       0.000      -0.1415E-05   0.000       0.000       0.000       0.000       0.000                            0.1779E-06  0.1779E-06   0.000    
  19094400.0   10.29873902   10.3156   0.000       0.000      0.1690E-03  0.1624E-06 -0.2090      0.2089       0.000       0.000       0.000       0.000      -0.1299E-05   0.000       0.000       0.000       0.000       0.000                            0.1624E-06  0.1624E-06   0.000    
  19180800.0   10.29612513   10.3125   0.000       0.000      0.1641E-03  0.1513E-06 -0.2076      0.2075       0.000       0.000       0.000       0.000      -0.1216E-05   0.000       0.000       0.000       0.000       0.000                            0.1513E-06  0.1513E-06   0.000    
  19267200.0   10.29370278   10.3098   0.000       0.000      0.1605E-03  0.1402E-06 -0.2063      0.2061       0.000       0.000       0.000       0.000      -0.1132E-05   0.000       0.000       0.000       0.000       0.000                            0.1402E-06  0.1402E-06   0.000    
  19353600.0   10.29125122   10.3069   0.000       0.000      0.1565E-03  0.1419E-06 -0.2049      0.2047       0.000       0.000       0.000       0.000      -0.1151E-05   0.000       0.000       0.000       0.000       0.000                            0.1419E-06  0.1419E-06   0.000    
  19440000.0   10.28889038   10.3042   0.000       0.000      0.1529E-03  0.1366E-06 -0.2036      0.2034       0.000       0.000       0.000       0.000      -0.1113E-05   0.000       0.000       0.000       0.000       0.000                            0.1366E-06  0.1366E-06   0.000    
  19526400.0   10.28654601   10.3015   0.000       0.000      0.1497E-03  0.1357E-06 -0.2022      0.2021       0.000       0.000       0.000       0.000      -0.1110E-05   0.000       0.000       0.000       0.000       0.000                            0.1357E-06  0.1357E-06   0.000    
  19612800.0   10.28433673   10.2990   0.000       0.000      0.1465E-03  0.1279E-06 -0.2010      0.2008       0.000       0.000       0.000       0.000      -0.1050E-05   0.000       0.000       0.000       0.000       0.000                            0.1279E-06  0.1279E-06   0.000    
  19699200.0   10.28210277   10.2965   0.000       0.000      0.1437E-03  0.1293E-06 -0.1997      0.1996       0.000       0.000       0.000       0.000      -0.1065E-05   0.000       0.000       0.000       0.000       0.000                            0.1293E-06  0.1293E-06   0.000    
  19785600.0   10.27998096   10.2941   0.000       0.000      0.1409E-03  0.1228E-06 -0.1985      0.1984       0.000       0.000       0.000       0.000      -0.1016E-05   0.000       0.000       0.000       0.000       0.000                            0.1228E-06  0.1228E-06   0.000    
  19872000.0   10.27784031   10.2917   0.000       0.000      0.1384E-03  0.1239E-06 -0.1973      0.1971       0.000       0.000       0.000       0.000      -0.1028E-05   0.000       0.000       0.000       0.000       0.000                            0.1239E-06  0.1239E-06   0.000    
  19958400.0   10.27976967   10.2959   0.000       0.000      0.1613E-03 -0.1117E-06 -0.1977      0.1976       0.000       0.000       0.000       0.000       0.9268E-06   0.000       0.000       0.000       0.000       0.000                           -0.1117E-06 -0.1117E-06   0.000    
  20044800.0   10.28289945   10.3015   0.000       0.000      0.1860E-03 -0.1811E-06 -0.1988      0.1986       0.000       0.000       0.000       0.000       0.1497E-05   0.000       0.000       0.000       0.000       0.000                           -0.1811E-06 -0.1811E-06   0.000    
  20131200.0   10.27931323   10.2958   0.000       0.000      0.1645E-03  0.2075E-06 -0.1972      0.1971       0.000       0.000       0.000       0.000      -0.1716E-05   0.000       0.000       0.000       0.000       0.000                            0.2075E-06  0.2075E-06   0.000    
  20217600.0   10.27769231   10.2940   0.000       0.000      0.1632E-03  0.9380E-07 -0.1964      0.1962       0.000       0.000       0.000       0.000      -0.7790E-06   0.000       0.000       0.000       0.000       0.000                            0.9380E-07  0.9380E-07   0.000    
  20304000.0   10.27578530   10.2917   0.000       0.000      0.1594E-03  0.1104E-06 -0.1954      0.1952       0.000       0.000       0.000       0.000      -0.9191E-06   0.000       0.000       0.000       0.000       0.000                            0.1104E-06  0.1104E-06   0.000    
  20390400.0   10.27315937   10.2883   0.000       0.000      0.1514E-03  0.1520E-06 -0.1940      0.1939       0.000       0.000       0.000       0.000      -0.1270E-05   0.000       0.000       0.000       0.000       0.000                            0.1520E-06  0.1520E-06   0.000    
  20476800.0   10.27074254   10.2853   0.000       0.000      0.1459E-03  0.1399E-06 -0.1928      0.1926       0.000       0.000       0.000       0.000      -0.1174E-05   0.000       0.000       0.000       0.000       0.000                            0.1399E-06  0.1399E-06   0.000    
  20563200.0   10.26848020   10.2826   0.000       0.000      0.1414E-03  0.1309E-06 -0.1915      0.1914       0.000       0.000       0.000       0.000      -0.1103E-05   0.000       0.000       0.000       0.000       0.000                            0.1309E-06  0.1309E-06   0.000    
  20649600.0   10.26629281   10.2800   0.000       0.000      0.1375E-03  0.1266E-06 -0.1903      0.1902       0.000       0.000       0.000       0.000      -0.1070E-05   0.000       0.000       0.000       0.000       0.000                            0.1266E-06  0.1266E-06   0.000    
  20736000.0   10.26421228   10.2776   0.000       0.000      0.1340E-03  0.1204E-06 -0.1892      0.1890       0.000       0.000       0.000       0.000      -0.1021E-05   0.000       0.000       0.000       0.000       0.000                            0.1204E-06  0.1204E-06   0.000    
  20822400.0   10.26216377   10.2753   0.000       0.000      0.1309E-03  0.1185E-06 -0.1880      0.1879       0.000       0.000       0.000       0.000      -0.1008E-05   0.000       0.000       0.000       0.000       0.000                            0.1185E-06  0.1185E-06   0.000    
  20908800.0   10.26020607   10.2730   0.000       0.000      0.1280E-03  0.1133E-06 -0.1869      0.1868       0.000       0.000       0.000       0.000      -0.9661E-06   0.000       0.000       0.000       0.000       0.000                            0.1133E-06  0.1133E-06   0.000    
  20995200.0   10.25826075   10.2708   0.000       0.000      0.1254E-03  0.1126E-06 -0.1858      0.1857       0.000       0.000       0.000       0.000      -0.9626E-06   0.000       0.000       0.000       0.000       0.000                            0.1126E-06  0.1126E-06   0.000    
  21081600.0   10.25639888   10.2687   0.000       0.000      0.1228E-03  0.1077E-06 -0.1847      0.1846       0.000       0.000       0.000       0.000      -0.9238E-06   0.000       0.000       0.000       0.000       0.000                            0.1077E-06  0.1077E-06   0.000    
  21168000.0   10.25453610   10.2666   0.000       0.000      0.1206E-03  0.1078E-06 -0.1837      0.1836       0.000       0.000       0.000       0.000      -0.9267E-06   0.000       0.000       0.000       0.000       0.000                            0.1078E-06  0.1078E-06   0.000    
  21254400.0   10.25275209   10.2646   0.000       0.000      0.1184E-03  0.1032E-06 -0.1827      0.1825       0.000       0.000       0.000       0.000      -0.8897E-06   0.000       0.000       0.000       0.000       0.000                            0.1032E-06  0.1032E-06   0.000    
  21340800.0   10.25097557   10.2626   0.000       0.000      0.1164E-03  0.1028E-06 -0.1816      0.1815       0.000       0.000       0.000       0.000      -0.8881E-06   0.000       0.000       0.000       0.000       0.000                            0.1028E-06  0.1028E-06   0.000    
  21427200.0   10.24922551   10.2607   0.000       0.000      0.1145E-03  0.1013E-06 -0.1806      0.1805       0.000       0.000       0.000       0.000      -0.8770E-06   0.000       0.000       0.000       0.000       0.000                            0.1013E-06  0.1013E-06   0.000    
  21513600.0   10.24812828   10.2598   0.000       0.000      0.1163E-03  0.6350E-07 -0.1799      0.1798       0.000       0.000       0.000       0.000      -0.5509E-06   0.000       0.000       0.000       0.000       0.000                            0.6350E-07  0.6350E-07   0.000    
  21600000.0   10.25291735   10.2683   0.000       0.000      0.1533E-03 -0.2771E-06 -0.1817      0.1815       0.000       0.000       0.000       0.000       0.2398E-05   0.000       0.000       0.000       0.000       0.000                           -0.2771E-06 -0.2771E-06   0.000    
  21686400.0   10.24991977   10.2634   0.000       0.000      0.1344E-03  0.1735E-06 -0.1804      0.1802       0.000       0.000       0.000       0.000      -0.1499E-05   0.000       0.000       0.000       0.000       0.000                            0.1735E-06  0.1735E-06   0.000    
  21772800.0   10.24748751   10.2602   0.000       0.000      0.1268E-03  0.1408E-06 -0.1792      0.1790       0.000       0.000       0.000       0.000      -0.1221E-05   0.000       0.000       0.000       0.000       0.000                            0.1408E-06  0.1408E-06   0.000    
  21859200.0   10.24536479   10.2576   0.000       0.000      0.1221E-03  0.1228E-06 -0.1781      0.1779       0.000       0.000       0.000       0.000      -0.1069E-05   0.000       0.000       0.000       0.000       0.000                            0.1228E-06  0.1228E-06   0.000    
  21945600.0   10.24338612   10.2552   0.000       0.000      0.1185E-03  0.1145E-06 -0.1770      0.1769       0.000       0.000       0.000       0.000      -0.9990E-06   0.000       0.000       0.000       0.000       0.000                            0.1145E-06  0.1145E-06   0.000    
  22032000.0   10.24154730   10.2531   0.000       0.000      0.1154E-03  0.1064E-06 -0.1760      0.1759       0.000       0.000       0.000       0.000      -0.9306E-06   0.000       0.000       0.000       0.000       0.000                            0.1064E-06  0.1064E-06   0.000    
  22118400.0   10.23977327   10.2510   0.000       0.000      0.1128E-03  0.1027E-06 -0.1750      0.1749       0.000       0.000       0.000       0.000      -0.8999E-06   0.000       0.000       0.000       0.000       0.000                            0.1027E-06  0.1027E-06   0.000    
  22204800.0   10.23804043   10.2491   0.000       0.000      0.1104E-03  0.1003E-06 -0.1740      0.1739       0.000       0.000       0.000       0.000      -0.8809E-06   0.000       0.000       0.000       0.000       0.000                            0.1003E-06  0.1003E-06   0.000    
  22291200.0   10.23637864   10.2472   0.000       0.000      0.1082E-03  0.9617E-07 -0.1731      0.1729       0.000       0.000       0.000       0.000      -0.8466E-06   0.000       0.000       0.000       0.000       0.000                            0.9617E-07  0.9617E-07   0.000    
  22377600.0   10.23474544   10.2454   0.000       0.000      0.1062E-03  0.9451E-07 -0.1721      0.1720       0.000       0.000       0.000       0.000      -0.8337E-06   0.000       0.000       0.000       0.000       0.000                            0.9451E-07  0.9451E-07   0.000    
  22464000.0   10.24053589   10.2554   0.000       0.000      0.1485E-03 -0.3351E-06 -0.1744      0.1742       0.000       0.000       0.000       0.000       0.2948E-05   0.000       0.000       0.000       0.000       0.000                           -0.3351E-06 -0.3351E-06   0.000    
  22550400.0   10.23849242   10.2519   0.000       0.000      0.1340E-03  0.1183E-06 -0.1735      0.1733       0.000       0.000       0.000       0.000      -0.1038E-05   0.000       0.000       0.000       0.000       0.000                            0.1183E-06  0.1183E-06   0.000    
  22636800.0   10.23788499   10.2515   0.000       0.000      0.1357E-03  0.3515E-07 -0.1731      0.1730       0.000       0.000       0.000       0.000      -0.3091E-06   0.000       0.000       0.000       0.000       0.000                            0.3515E-07  0.3515E-07   0.000    
  22723200.0   10.25687810   10.2824   0.000       0.000      0.2554E-03 -0.1099E-05 -0.1811      0.1808       0.000       0.000       0.000       0.000       0.9551E-05   0.000       0.000       0.000       0.000       0.000                           -0.1099E-05 -0.1099E-05   0.000    
  22809600.0   10.25511424   10.2774   0.000       0.000      0.2229E-03  0.1021E-06 -0.1808      0.1805       0.000       0.000       0.000       0.000      -0.8768E-06   0.000       0.000       0.000       0.000       0.000                            0.1021E-06  0.1021E-06   0.000    
  22896000.0   10.25320109   10.2742   0.000       0.000      0.2099E-03  0.1107E-06 -0.1802      0.1800       0.000       0.000       0.000       0.000      -0.9534E-06   0.000       0.000       0.000       0.000       0.000                            0.1107E-06  0.1107E-06   0.000    
  22982400.0   10.25139061   10.2715   0.000       0.000      0.2009E-03  0.1048E-06 -0.1795      0.1793       0.000       0.000       0.000       0.000      -0.9046E-06   0.000       0.000       0.000       0.000       0.000                            0.1048E-06  0.1048E-06   0.000    
  23068800.0   10.24955227   10.2689   0.000       0.000      0.1934E-03  0.1064E-06 -0.1787      0.1785       0.000       0.000       0.000       0.000      -0.9207E-06   0.000       0.000       0.000       0.000       0.000                            0.1064E-06  0.1064E-06   0.000    
  23155200.0   10.24740198   10.2659   0.000       0.000      0.1845E-03  0.1244E-06 -0.1777      0.1775       0.000       0.000       0.000       0.000      -0.1080E-05   0.000       0.000       0.000       0.000       0.000                            0.1244E-06  0.1244E-06   0.000    
  23241600.0   10.24516237   10.2628   0.000       0.000      0.1761E-03  0.1296E-06 -0.1766      0.1764       0.000       0.000       0.000       0.000      -0.1128E-05   0.000       0.000       0.000       0.000       0.000                            0.1296E-06  0.1296E-06   0.000    
  23328000.0   10.24280373   10.2596   0.000       0.000      0.1678E-03  0.1365E-06 -0.1755      0.1753       0.000       0.000       0.000       0.000      -0.1191E-05   0.000       0.000       0.000       0.000       0.000                            0.1365E-06  0.1365E-06   0.000    
  23414400.0   10.24051305   10.2565   0.000       0.000      0.1602E-03  0.1326E-06 -0.1743      0.1741       0.000       0.000       0.000       0.000      -0.1161E-05   0.000       0.000       0.000       0.000       0.000                            0.1326E-06  0.1326E-06   0.000    
  23500800.0   10.23837378   10.2538   0.000       0.000      0.1539E-03  0.1238E-06 -0.1732      0.1730       0.000       0.000       0.000       0.000      -0.1087E-05   0.000       0.000       0.000       0.000       0.000                            0.1238E-06  0.1238E-06   0.000    
  23587200.0   10.23631310   10.2511   0.000       0.000      0.1483E-03  0.1193E-06 -0.1721      0.1720       0.000       0.000       0.000       0.000      -0.1050E-05   0.000       0.000       0.000       0.000       0.000                            0.1193E-06  0.1193E-06   0.000    
  23673600.0   10.23427164   10.2486   0.000       0.000      0.1429E-03  0.1181E-06 -0.1710      0.1709       0.000       0.000       0.000       0.000      -0.1042E-05   0.000       0.000       0.000       0.000       0.000                            0.1181E-06  0.1181E-06   0.000    
  23760000.0   10.23222433   10.2460   0.000       0.000      0.1375E-03  0.1185E-06 -0.1699      0.1698       0.000       0.000       0.000       0.000      -0.1048E-05   0.000       0.000       0.000       0.000       0.000                            0.1185E-06  0.1185E-06   0.000    
  23846400.0   10.23024498   10.2435   0.000       0.000      0.1327E-03  0.1145E-06 -0.1689      0.1687       0.000       0.000       0.000       0.000      -0.1016E-05   0.000       0.000       0.000       0.000       0.000                            0.1145E-06  0.1145E-06   0.000    
  23932800.0   10.22835654   10.2412   0.000       0.000      0.1285E-03  0.1093E-06 -0.1679      0.1677       0.000       0.000       0.000       0.000      -0.9711E-06   0.000       0.000       0.000       0.000       0.000                            0.1093E-06  0.1093E-06   0.000    
  24019200.0   10.22653119   10.2390   0.000       0.000      0.1247E-03  0.1056E-06 -0.1668      0.1667       0.000       0.000       0.000       0.000      -0.9407E-06   0.000       0.000       0.000       0.000       0.000                            0.1056E-06  0.1056E-06   0.000    
  24105600.0   10.22475124   10.2369   0.000       0.000      0.1212E-03  0.1030E-06 -0.1659      0.1657       0.000       0.000       0.000       0.000      -0.9192E-06   0.000       0.000       0.000       0.000       0.000                            0.1030E-06  0.1030E-06   0.000    
  24192000.0   10.22300498   10.2348   0.000       0.000      0.1179E-03  0.1011E-06 -0.1649      0.1648       0.000       0.000       0.000       0.000      -0.9036E-06   0.000       0.000       0.000       0.000       0.000                            0.1011E-06  0.1011E-06   0.000    
  24278400.0   10.22129556   10.2328   0.000       0.000      0.1147E-03  0.9892E-07 -0.1639      0.1638       0.000       0.000       0.000       0.000      -0.8862E-06   0.000       0.000       0.000       0.000       0.000                            0.9892E-07  0.9892E-07   0.000    
  24364800.0   10.21962846   10.2308   0.000       0.000      0.1118E-03  0.9648E-07 -0.1630      0.1629       0.000       0.000       0.000       0.000      -0.8659E-06   0.000       0.000       0.000       0.000       0.000                            0.9648E-07  0.9648E-07   0.000    
  24451200.0   10.21800776   10.2289   0.000       0.000      0.1091E-03  0.9379E-07 -0.1621      0.1620       0.000       0.000       0.000       0.000      -0.8433E-06   0.000       0.000       0.000       0.000       0.000                            0.9379E-07  0.9379E-07   0.000    
  24537600.0   10.21642861   10.2271   0.000       0.000      0.1067E-03  0.9139E-07 -0.1612      0.1611       0.000       0.000       0.000       0.000      -0.8231E-06   0.000       0.000       0.000       0.000       0.000                            0.9139E-07  0.9139E-07   0.000    
  24624000.0   10.21488670   10.2253   0.000       0.000      0.1045E-03  0.8923E-07 -0.1603      0.1602       0.000       0.000       0.000       0.000      -0.8050E-06   0.000       0.000       0.000       0.000       0.000                            0.8923E-07  0.8923E-07   0.000    
  24710400.0   10.21337148   10.2236   0.000       0.000      0.1024E-03  0.8769E-07 -0.1595      0.1594       0.000       0.000       0.000       0.000      -0.7924E-06   0.000       0.000       0.000       0.000       0.000                            0.8769E-07  0.8769E-07   0.000    
  24796800.0   10.21189822   10.2219   0.000       0.000      0.1004E-03  0.8526E-07 -0.1586      0.1585       0.000       0.000       0.000       0.000      -0.7716E-06   0.000       0.000       0.000       0.000       0.000                            0.8526E-07  0.8526E-07   0.000    
  24883200.0   10.21055680   10.2205   0.000       0.000      0.9911E-04  0.7763E-07 -0.1579      0.1578       0.000       0.000       0.000       0.000      -0.7036E-06   0.000       0.000       0.000       0.000       0.000                            0.7763E-07  0.7763E-07   0.000    
  24969600.0   10.21120439   10.2221   0.000       0.000      0.1091E-03 -0.3748E-07 -0.1580      0.1579       0.000       0.000       0.000       0.000       0.3398E-06   0.000       0.000       0.000       0.000       0.000                           -0.3748E-07 -0.3748E-07   0.000    
  25056000.0   10.20949889   10.2198   0.000       0.000      0.1030E-03  0.9870E-07 -0.1571      0.1570       0.000       0.000       0.000       0.000      -0.8954E-06   0.000       0.000       0.000       0.000       0.000                            0.9870E-07  0.9870E-07   0.000    
  25142400.0   10.20791658   10.2179   0.000       0.000      0.9986E-04  0.9157E-07 -0.1562      0.1561       0.000       0.000       0.000       0.000      -0.8321E-06   0.000       0.000       0.000       0.000       0.000                            0.9157E-07  0.9157E-07   0.000    
  25228800.0   10.21040345   10.2224   0.000       0.000      0.1202E-03 -0.1439E-06 -0.1572      0.1570       0.000       0.000       0.000       0.000       0.1307E-05   0.000       0.000       0.000       0.000       0.000                           -0.1439E-06 -0.1439E-06   0.000    
  25315200.0   10.20873214   10.2199   0.000       0.000      0.1117E-03  0.9672E-07 -0.1564      0.1562       0.000       0.000       0.000       0.000      -0.8781E-06   0.000       0.000       0.000       0.000       0.000                            0.9672E-07  0.9672E-07   0.000    
  25401600.0   10.20930219   10.2213   0.000       0.000      0.1200E-03 -0.3299E-07 -0.1565      0.1564       0.000       0.000       0.000       0.000       0.2997E-06   0.000       0.000       0.000       0.000       0.000                           -0.3299E-07 -0.3299E-07   0.000    
  25488000.0   10.20960528   10.2221   0.000       0.000      0.1246E-03 -0.1754E-07 -0.1566      0.1564       0.000       0.000       0.000       0.000       0.1593E-06   0.000       0.000       0.000       0.000       0.000                           -0.1754E-07 -0.1754E-07   0.000    
  25574400.0   10.21115168   10.2248   0.000       0.000      0.1361E-03 -0.8949E-07 -0.1572      0.1570       0.000       0.000       0.000       0.000       0.8118E-06   0.000       0.000       0.000       0.000       0.000                           -0.8949E-07 -0.8949E-07   0.000    
  25660800.0   10.20961272   10.2224   0.000       0.000      0.1282E-03  0.8906E-07 -0.1565      0.1563       0.000       0.000       0.000       0.000      -0.8079E-06   0.000       0.000       0.000       0.000       0.000                            0.8906E-07  0.8906E-07   0.000    
  25747200.0   10.21284760   10.2279   0.000       0.000      0.1509E-03 -0.1872E-06 -0.1578      0.1577       0.000       0.000       0.000       0.000       0.1697E-05   0.000       0.000       0.000       0.000       0.000                           -0.1872E-06 -0.1872E-06   0.000    
  25833600.0   10.22934741   10.2539   0.000       0.000      0.2452E-03 -0.9549E-06 -0.1651      0.1648       0.000       0.000       0.000       0.000       0.8564E-05   0.000       0.000       0.000       0.000       0.000                           -0.9549E-06 -0.9549E-06   0.000    
  25920000.0   10.24981931   10.2845   0.000       0.000      0.3472E-03 -0.1185E-05 -0.1743      0.1740       0.000       0.000       0.000       0.000       0.1040E-04   0.000       0.000       0.000       0.000       0.000                           -0.1185E-05 -0.1185E-05   0.000    
  26006400.0   10.26880075   10.3120   0.000       0.000      0.4324E-03 -0.1098E-05 -0.1831      0.1827       0.000       0.000       0.000       0.000       0.9391E-05   0.000       0.000       0.000       0.000       0.000                           -0.1098E-05 -0.1098E-05   0.000    
  26092800.0   10.27165239   10.3132   0.000       0.000      0.4157E-03 -0.1650E-06 -0.1853      0.1849       0.000       0.000       0.000       0.000       0.1388E-05   0.000       0.000       0.000       0.000       0.000                           -0.1650E-06 -0.1650E-06   0.000    
  26179200.0   10.26782353   10.3054   0.000       0.000      0.3755E-03  0.2216E-06 -0.1845      0.1842       0.000       0.000       0.000       0.000      -0.1866E-05   0.000       0.000       0.000       0.000       0.000                            0.2216E-06  0.2216E-06   0.000    
  26265600.0   10.26347665   10.2979   0.000       0.000      0.3447E-03  0.2516E-06 -0.1831      0.1828       0.000       0.000       0.000       0.000      -0.2131E-05   0.000       0.000       0.000       0.000       0.000                            0.2516E-06  0.2516E-06   0.000    
  26352000.0   10.25935432   10.2913   0.000       0.000      0.3198E-03  0.2386E-06 -0.1816      0.1813       0.000       0.000       0.000       0.000      -0.2034E-05   0.000       0.000       0.000       0.000       0.000                            0.2386E-06  0.2386E-06   0.000    
  26438400.0   10.25550146   10.2854   0.000       0.000      0.2988E-03  0.2230E-06 -0.1800      0.1797       0.000       0.000       0.000       0.000      -0.1911E-05   0.000       0.000       0.000       0.000       0.000                            0.2230E-06  0.2230E-06   0.000    
  26524800.0   10.25184826   10.2799   0.000       0.000      0.2802E-03  0.2114E-06 -0.1784      0.1781       0.000       0.000       0.000       0.000      -0.1822E-05   0.000       0.000       0.000       0.000       0.000                            0.2114E-06  0.2114E-06   0.000    
  26611200.0   10.24822141   10.2745   0.000       0.000      0.2626E-03  0.2099E-06 -0.1767      0.1765       0.000       0.000       0.000       0.000      -0.1818E-05   0.000       0.000       0.000       0.000       0.000                            0.2099E-06  0.2099E-06   0.000    
  26697600.0   10.24488162   10.2696   0.000       0.000      0.2477E-03  0.1933E-06 -0.1752      0.1749       0.000       0.000       0.000       0.000      -0.1681E-05   0.000       0.000       0.000       0.000       0.000                            0.1933E-06  0.1933E-06   0.000    
  26784000.0   10.24171614   10.2651   0.000       0.000      0.2342E-03  0.1832E-06 -0.1736      0.1734       0.000       0.000       0.000       0.000      -0.1600E-05   0.000       0.000       0.000       0.000       0.000                            0.1832E-06  0.1832E-06   0.000    
  26870400.0   10.25382578   10.2851   0.000       0.000      0.3130E-03 -0.7008E-06 -0.1786      0.1783       0.000       0.000       0.000       0.000       0.6087E-05   0.000       0.000       0.000       0.000       0.000                           -0.7008E-06 -0.7008E-06   0.000    
  26956800.0   10.26051003   10.2945   0.000       0.000      0.3397E-03 -0.3868E-06 -0.1816      0.1813       0.000       0.000       0.000       0.000       0.3317E-05   0.000       0.000       0.000       0.000       0.000                           -0.3868E-06 -0.3868E-06   0.000    
  27043200.0   10.26649316   10.3029   0.000       0.000      0.3641E-03 -0.3462E-06 -0.1845      0.1841       0.000       0.000       0.000       0.000       0.2943E-05   0.000       0.000       0.000       0.000       0.000                           -0.3462E-06 -0.3462E-06   0.000    
  27129600.0   10.26767422   10.3036   0.000       0.000      0.3591E-03 -0.6835E-07 -0.1853      0.1850       0.000       0.000       0.000       0.000       0.5778E-06   0.000       0.000       0.000       0.000       0.000                           -0.6835E-07 -0.6835E-07   0.000    
  27216000.0   10.27088933   10.3081   0.000       0.000      0.3720E-03 -0.1861E-06 -0.1870      0.1866       0.000       0.000       0.000       0.000       0.1568E-05   0.000       0.000       0.000       0.000       0.000                           -0.1861E-06 -0.1861E-06   0.000    
  27302400.0   10.27974749   10.3216   0.000       0.000      0.4189E-03 -0.5126E-06 -0.1909      0.1905       0.000       0.000       0.000       0.000       0.4279E-05   0.000       0.000       0.000       0.000       0.000                           -0.5126E-06 -0.5126E-06   0.000    
  27388800.0   10.29703208   10.3482   0.000       0.000      0.5116E-03 -0.1000E-05 -0.1985      0.1980       0.000       0.000       0.000       0.000       0.8170E-05   0.000       0.000       0.000       0.000       0.000                           -0.1000E-05 -0.1000E-05   0.000    
  27475200.0   10.31065545   10.3674   0.000       0.000      0.5678E-03 -0.7884E-06 -0.2048      0.2042       0.000       0.000       0.000       0.000       0.6261E-05   0.000       0.000       0.000       0.000       0.000                           -0.7884E-06 -0.7884E-06   0.000    
  27561600.0   10.30702960   10.3583   0.000       0.000      0.5122E-03  0.2098E-06 -0.2044      0.2038       0.000       0.000       0.000       0.000      -0.1650E-05   0.000       0.000       0.000       0.000       0.000                            0.2098E-06  0.2098E-06   0.000    
  27648000.0   10.30209426   10.3492   0.000       0.000      0.4710E-03  0.2856E-06 -0.2030      0.2025       0.000       0.000       0.000       0.000      -0.2265E-05   0.000       0.000       0.000       0.000       0.000                            0.2856E-06  0.2856E-06   0.000    
  27734400.0   10.29665089   10.3401   0.000       0.000      0.4344E-03  0.3150E-06 -0.2011      0.2006       0.000       0.000       0.000       0.000      -0.2523E-05   0.000       0.000       0.000       0.000       0.000                            0.3150E-06  0.3150E-06   0.000    
  27820800.0   10.29238047   10.3333   0.000       0.000      0.4091E-03  0.2471E-06 -0.1994      0.1990       0.000       0.000       0.000       0.000      -0.1997E-05   0.000       0.000       0.000       0.000       0.000                            0.2471E-06  0.2471E-06   0.000    
  27907200.0   10.28928874   10.3285   0.000       0.000      0.3924E-03  0.1789E-06 -0.1981      0.1977       0.000       0.000       0.000       0.000      -0.1455E-05   0.000       0.000       0.000       0.000       0.000                            0.1789E-06  0.1789E-06   0.000    
  27993600.0   10.29748467   10.3423   0.000       0.000      0.4477E-03 -0.4743E-06 -0.2013      0.2009       0.000       0.000       0.000       0.000       0.3841E-05   0.000       0.000       0.000       0.000       0.000                           -0.4743E-06 -0.4743E-06   0.000    
  28080000.0   10.30871580   10.3594   0.000       0.000      0.5072E-03 -0.6499E-06 -0.2060      0.2055       0.000       0.000       0.000       0.000       0.5169E-05   0.000       0.000       0.000       0.000       0.000                           -0.6499E-06 -0.6499E-06   0.000    
  28166400.0   10.31347564   10.3651   0.000       0.000      0.5163E-03 -0.2755E-06 -0.2085      0.2079       0.000       0.000       0.000       0.000       0.2156E-05   0.000       0.000       0.000       0.000       0.000                           -0.2755E-06 -0.2755E-06   0.000    
  28252800.0   10.30944704   10.3568   0.000       0.000      0.4738E-03  0.2331E-06 -0.2074      0.2070       0.000       0.000       0.000       0.000      -0.1824E-05   0.000       0.000       0.000       0.000       0.000                            0.2331E-06  0.2331E-06   0.000    
  28339200.0   10.30441164   10.3482   0.000       0.000      0.4382E-03  0.2914E-06 -0.2057      0.2053       0.000       0.000       0.000       0.000      -0.2300E-05   0.000       0.000       0.000       0.000       0.000                            0.2914E-06  0.2914E-06   0.000    
  28425600.0   10.29937757   10.3402   0.000       0.000      0.4083E-03  0.2913E-06 -0.2037      0.2033       0.000       0.000       0.000       0.000      -0.2322E-05   0.000       0.000       0.000       0.000       0.000                            0.2913E-06  0.2913E-06   0.000    
  28512000.0   10.29452585   10.3328   0.000       0.000      0.3824E-03  0.2808E-06 -0.2017      0.2013       0.000       0.000       0.000       0.000      -0.2259E-05   0.000       0.000       0.000       0.000       0.000                            0.2808E-06  0.2808E-06   0.000    
  28598400.0   10.28994232   10.3259   0.000       0.000      0.3592E-03  0.2653E-06 -0.1996      0.1993       0.000       0.000       0.000       0.000      -0.2152E-05   0.000       0.000       0.000       0.000       0.000                            0.2653E-06  0.2653E-06   0.000    
  28684800.0   10.28557870   10.3194   0.000       0.000      0.3386E-03  0.2525E-06 -0.1976      0.1973       0.000       0.000       0.000       0.000      -0.2065E-05   0.000       0.000       0.000       0.000       0.000                            0.2525E-06  0.2525E-06   0.000    
  28771200.0   10.28141017   10.3134   0.000       0.000      0.3200E-03  0.2412E-06 -0.1956      0.1953       0.000       0.000       0.000       0.000      -0.1987E-05   0.000       0.000       0.000       0.000       0.000                            0.2412E-06  0.2412E-06   0.000    
  28857600.0   10.27742992   10.3077   0.000       0.000      0.3031E-03  0.2303E-06 -0.1937      0.1934       0.000       0.000       0.000       0.000      -0.1910E-05   0.000       0.000       0.000       0.000       0.000                            0.2303E-06  0.2303E-06   0.000    
  28944000.0   10.27357177   10.3023   0.000       0.000      0.2875E-03  0.2233E-06 -0.1918      0.1915       0.000       0.000       0.000       0.000      -0.1863E-05   0.000       0.000       0.000       0.000       0.000                            0.2233E-06  0.2233E-06   0.000    
  29030400.0   10.26980958   10.2971   0.000       0.000      0.2730E-03  0.2177E-06 -0.1899      0.1896       0.000       0.000       0.000       0.000      -0.1828E-05   0.000       0.000       0.000       0.000       0.000                            0.2177E-06  0.2177E-06   0.000    
  29116800.0   10.26619562   10.2922   0.000       0.000      0.2597E-03  0.2091E-06 -0.1881      0.1878       0.000       0.000       0.000       0.000      -0.1766E-05   0.000       0.000       0.000       0.000       0.000                            0.2091E-06  0.2091E-06   0.000    
  29203200.0   10.26268748   10.2874   0.000       0.000      0.2471E-03  0.2030E-06 -0.1863      0.1860       0.000       0.000       0.000       0.000      -0.1723E-05   0.000       0.000       0.000       0.000       0.000                            0.2030E-06  0.2030E-06   0.000    
  29289600.0   10.25933568   10.2829   0.000       0.000      0.2358E-03  0.1940E-06 -0.1845      0.1843       0.000       0.000       0.000       0.000      -0.1654E-05   0.000       0.000       0.000       0.000       0.000                            0.1940E-06  0.1940E-06   0.000    
  29376000.0   10.25615151   10.2787   0.000       0.000      0.2256E-03  0.1843E-06 -0.1829      0.1826       0.000       0.000       0.000       0.000      -0.1579E-05   0.000       0.000       0.000       0.000       0.000                            0.1843E-06  0.1843E-06   0.000    
  29462400.0   10.25309711   10.2747   0.000       0.000      0.2164E-03  0.1768E-06 -0.1813      0.1810       0.000       0.000       0.000       0.000      -0.1521E-05   0.000       0.000       0.000       0.000       0.000                            0.1768E-06  0.1768E-06   0.000    
  29548800.0   10.25016861   10.2709   0.000       0.000      0.2078E-03  0.1695E-06 -0.1797      0.1795       0.000       0.000       0.000       0.000      -0.1464E-05   0.000       0.000       0.000       0.000       0.000                            0.1695E-06  0.1695E-06   0.000    
  29635200.0   10.24733363   10.2673   0.000       0.000      0.1998E-03  0.1641E-06 -0.1782      0.1780       0.000       0.000       0.000       0.000      -0.1423E-05   0.000       0.000       0.000       0.000       0.000                            0.1641E-06  0.1641E-06   0.000    
  29721600.0   10.24459668   10.2638   0.000       0.000      0.1924E-03  0.1584E-06 -0.1767      0.1765       0.000       0.000       0.000       0.000      -0.1379E-05   0.000       0.000       0.000       0.000       0.000                            0.1584E-06  0.1584E-06   0.000    
  29808000.0   10.24191607   10.2604   0.000       0.000      0.1853E-03  0.1551E-06 -0.1752      0.1751       0.000       0.000       0.000       0.000      -0.1355E-05   0.000       0.000       0.000       0.000       0.000                            0.1551E-06  0.1551E-06   0.000    
  29894400.0   10.23931045   10.2572   0.000       0.000      0.1786E-03  0.1508E-06 -0.1738      0.1737       0.000       0.000       0.000       0.000      -0.1322E-05   0.000       0.000       0.000       0.000       0.000                            0.1508E-06  0.1508E-06   0.000    
  29980800.0   10.23677597   10.2540   0.000       0.000      0.1724E-03  0.1467E-06 -0.1724      0.1723       0.000       0.000       0.000       0.000      -0.1290E-05   0.000       0.000       0.000       0.000       0.000                            0.1467E-06  0.1467E-06   0.000    
  30067200.0   10.23434132   10.2510   0.000       0.000      0.1667E-03  0.1409E-06 -0.1711      0.1709       0.000       0.000       0.000       0.000      -0.1243E-05   0.000       0.000       0.000       0.000       0.000                            0.1409E-06  0.1409E-06   0.000    
  30153600.0   10.23198906   10.2481   0.000       0.000      0.1614E-03  0.1361E-06 -0.1698      0.1696       0.000       0.000       0.000       0.000      -0.1204E-05   0.000       0.000       0.000       0.000       0.000                            0.1361E-06  0.1361E-06   0.000    
  30240000.0   10.22971584   10.2454   0.000       0.000      0.1565E-03  0.1316E-06 -0.1685      0.1684       0.000       0.000       0.000       0.000      -0.1167E-05   0.000       0.000       0.000       0.000       0.000                            0.1316E-06  0.1316E-06   0.000    
  30326400.0   10.22750085   10.2427   0.000       0.000      0.1519E-03  0.1282E-06 -0.1673      0.1672       0.000       0.000       0.000       0.000      -0.1140E-05   0.000       0.000       0.000       0.000       0.000                            0.1282E-06  0.1282E-06   0.000    
  30412800.0   10.22534787   10.2401   0.000       0.000      0.1475E-03  0.1246E-06 -0.1661      0.1660       0.000       0.000       0.000       0.000      -0.1111E-05   0.000       0.000       0.000       0.000       0.000                            0.1246E-06  0.1246E-06   0.000    
  30499200.0   10.22326136   10.2376   0.000       0.000      0.1435E-03  0.1207E-06 -0.1649      0.1648       0.000       0.000       0.000       0.000      -0.1079E-05   0.000       0.000       0.000       0.000       0.000                            0.1207E-06  0.1207E-06   0.000    
  30585600.0   10.22123161   10.2352   0.000       0.000      0.1396E-03  0.1175E-06 -0.1638      0.1636       0.000       0.000       0.000       0.000      -0.1052E-05   0.000       0.000       0.000       0.000       0.000                            0.1175E-06  0.1175E-06   0.000    
  30672000.0   10.21926002   10.2329   0.000       0.000      0.1361E-03  0.1141E-06 -0.1627      0.1625       0.000       0.000       0.000       0.000      -0.1024E-05   0.000       0.000       0.000       0.000       0.000                            0.1141E-06  0.1141E-06   0.000    
  30758400.0   10.21734250   10.2306   0.000       0.000      0.1327E-03  0.1110E-06 -0.1616      0.1615       0.000       0.000       0.000       0.000      -0.9983E-06   0.000       0.000       0.000       0.000       0.000                            0.1110E-06  0.1110E-06   0.000    
  30844800.0   10.21547512   10.2284   0.000       0.000      0.1295E-03  0.1081E-06 -0.1605      0.1604       0.000       0.000       0.000       0.000      -0.9742E-06   0.000       0.000       0.000       0.000       0.000                            0.1081E-06  0.1081E-06   0.000    
  30931200.0   10.21365001   10.2263   0.000       0.000      0.1265E-03  0.1056E-06 -0.1595      0.1594       0.000       0.000       0.000       0.000      -0.9540E-06   0.000       0.000       0.000       0.000       0.000                            0.1056E-06  0.1056E-06   0.000    
  31017600.0   10.21186561   10.2242   0.000       0.000      0.1237E-03  0.1033E-06 -0.1585      0.1584       0.000       0.000       0.000       0.000      -0.9345E-06   0.000       0.000       0.000       0.000       0.000                            0.1033E-06  0.1033E-06   0.000    
  31104000.0   10.21012463   10.2222   0.000       0.000      0.1210E-03  0.1008E-06 -0.1575      0.1574       0.000       0.000       0.000       0.000      -0.9134E-06   0.000       0.000       0.000       0.000       0.000                            0.1008E-06  0.1008E-06   0.000    
  31190400.0   10.20842401   10.2203   0.000       0.000      0.1184E-03  0.9842E-07 -0.1565      0.1564       0.000       0.000       0.000       0.000      -0.8938E-06   0.000       0.000       0.000       0.000       0.000                            0.9842E-07  0.9842E-07   0.000    
  31276800.0   10.20713131   10.2189   0.000       0.000      0.1181E-03  0.7481E-07 -0.1557      0.1556       0.000       0.000       0.000       0.000      -0.6804E-06   0.000       0.000       0.000       0.000       0.000                            0.7481E-07  0.7481E-07   0.000    
  31363200.0   10.20545773   10.2170   0.000       0.000      0.1150E-03  0.9685E-07 -0.1548      0.1547       0.000       0.000       0.000       0.000      -0.8822E-06   0.000       0.000       0.000       0.000       0.000                            0.9685E-07  0.9685E-07   0.000    
  31449600.0   10.20383642   10.2151   0.000       0.000      0.1126E-03  0.9383E-07 -0.1539      0.1537       0.000       0.000       0.000       0.000      -0.8561E-06   0.000       0.000       0.000       0.000       0.000                            0.9383E-07  0.9383E-07   0.000    
  31536000.0   10.20225948   10.2133   0.000       0.000      0.1104E-03  0.9126E-07 -0.1530      0.1528       0.000       0.000       0.000       0.000      -0.8339E-06   0.000       0.000       0.000       0.000       0.000                            0.9126E-07  0.9126E-07   0.000    
  31622400.0   10.20053855   10.2113   0.000       0.000      0.1073E-03  0.9959E-07 -0.1520      0.1519       0.000       0.000       0.000       0.000      -0.9115E-06   0.000       0.000       0.000       0.000       0.000                            0.9959E-07  0.9959E-07   0.000    
