   TOTIM (T)          HCON      HMAT     QDIR      QWELL        QMAT QCADS<->CON       QTUB1       QTUB2       QTUB3       QTUB4       QTUB5       QTUB6       NSTOR        QFIX        QLH     FHLQ (LQ)      CAUCHY CAUCHY (LQ) BREAK-DOWN CADS FLOW  QCADS<->CON    Q_CDSSTO    Q_CDSRCH
     86400.0   10.44771603   10.5004   0.000       0.000      0.5266E-03   0.000     -0.1909      0.1904       0.000       0.000       0.000       0.000        0.000       0.000       0.000       0.000       0.000       0.000                             0.000       0.000       0.000    
    172800.0   10.43863730   10.4876   0.000       0.000      0.4896E-03  0.5254E-06 -0.1888      0.1883       0.000       0.000       0.000       0.000      -0.2432E-05   0.000       0.000       0.000       0.000       0.000                            0.5254E-06  0.5254E-06   0.000    
    259200.0   10.43932956   10.4894   0.000       0.000      0.5010E-03 -0.4006E-07 -0.1887      0.1882       0.000       0.000       0.000       0.000       0.1918E-06   0.000       0.000       0.000       0.000       0.000                           -0.4006E-07 -0.4006E-07   0.000    
    345600.0   10.43875037   10.4888   0.000       0.000      0.5005E-03  0.3352E-07 -0.1885      0.1880       0.000       0.000       0.000       0.000      -0.1604E-06   0.000       0.000       0.000       0.000       0.000                            0.3352E-07  0.3352E-07   0.000    
    432000.0   10.44498921   10.4977   0.000       0.000      0.5275E-03 -0.3610E-06 -0.1899      0.1894       0.000       0.000       0.000       0.000       0.1689E-05   0.000       0.000       0.000       0.000       0.000                           -0.3610E-06 -0.3610E-06   0.000    
    518400.0   10.44831247   10.5019   0.000       0.000      0.5362E-03 -0.1923E-06 -0.1908      0.1903       0.000       0.000       0.000       0.000       0.8643E-06   0.000       0.000       0.000       0.000       0.000                           -0.1923E-06 -0.1923E-06   0.000    
    604800.0   10.44902188   10.5025   0.000       0.000      0.5350E-03 -0.4105E-07 -0.1911      0.1906       0.000       0.000       0.000       0.000       0.1812E-06   0.000       0.000       0.000       0.000       0.000                           -0.4105E-07 -0.4105E-07   0.000    
    691200.0   10.45827301   10.5152   0.000       0.000      0.5694E-03 -0.5354E-06 -0.1933      0.1928       0.000       0.000       0.000       0.000       0.2250E-05   0.000       0.000       0.000       0.000       0.000                           -0.5354E-06 -0.5354E-06   0.000    
    777600.0   10.48393433   10.5496   0.000       0.000      0.6562E-03 -0.1485E-05 -0.1992      0.1985       0.000       0.000       0.000       0.000       0.4930E-05   0.000       0.000       0.000       0.000       0.000                           -0.1485E-05 -0.1485E-05   0.000    
    864000.0   10.52572254   10.6010   0.000       0.000      0.7526E-03 -0.2418E-05 -0.2076      0.2068       0.000       0.000       0.000       0.000       0.1564E-05   0.000       0.000       0.000       0.000       0.000                           -0.2418E-05 -0.2418E-05   0.000    
    950400.0   10.54228486   10.6189   0.000       0.000      0.7658E-03 -0.9585E-06 -0.2116      0.2108       0.000       0.000       0.000       0.000        0.000       0.000       0.000       0.000       0.000       0.000                           -0.9585E-06 -0.9585E-06   0.000    
   1036800.0   10.58898964   10.6755   0.000       0.000      0.8654E-03 -0.2703E-05 -0.2201      0.2193       0.000       0.000       0.000       0.000        0.000       0.000       0.000       0.000       0.000       0.000                           -0.2703E-05 -0.2703E-05   0.000    
   1123200.0   10.67554160   10.7798   0.000       0.000      0.1042E-02 -0.5009E-05 -0.2344      0.2333       0.000       0.000       0.000       0.000        0.000       0.000       0.000       0.000       0.000       0.000                           -0.5009E-05 -0.5009E-05   0.000    
   1209600.0   10.65511090   10.7499   0.000       0.000      0.9480E-03  0.1182E-05 -0.2340      0.2330       0.000       0.000       0.000       0.000        0.000       0.000       0.000       0.000       0.000       0.000                            0.1182E-05  0.1182E-05   0.000    
   1296000.0   10.63771115   10.7270   0.000       0.000      0.8931E-03  0.1007E-05 -0.2325      0.2317       0.000       0.000       0.000       0.000        0.000       0.000       0.000       0.000       0.000       0.000                            0.1007E-05  0.1007E-05   0.000    
   1382400.0   10.62295111   10.7081   0.000       0.000      0.8511E-03  0.8542E-06 -0.2307      0.2298       0.000       0.000       0.000       0.000        0.000       0.000       0.000       0.000       0.000       0.000                            0.8542E-06  0.8542E-06   0.000    
   1468800.0   10.60914273   10.6908   0.000       0.000      0.8170E-03  0.7991E-06 -0.2288      0.2280       0.000       0.000       0.000       0.000        0.000       0.000       0.000       0.000       0.000       0.000                            0.7991E-06  0.7991E-06   0.000    
   1555200.0   10.59511839   10.6734   0.000       0.000      0.7826E-03  0.8116E-06 -0.2266      0.2258       0.000       0.000       0.000       0.000        0.000       0.000       0.000       0.000       0.000       0.000                            0.8116E-06  0.8116E-06   0.000    
   1641600.0   10.58163807   10.6566   0.000       0.000      0.7499E-03  0.7801E-06 -0.2242      0.2235       0.000       0.000       0.000       0.000        0.000       0.000       0.000       0.000       0.000       0.000                            0.7801E-06  0.7801E-06   0.000    
   1728000.0   10.57064139   10.6431   0.000       0.000      0.7244E-03  0.6364E-06 -0.2222      0.2214       0.000       0.000       0.000       0.000        0.000       0.000       0.000       0.000       0.000       0.000                            0.6364E-06  0.6364E-06   0.000    
   1814400.0   10.56100560   10.6313   0.000       0.000      0.7032E-03  0.5576E-06 -0.2204      0.2196       0.000       0.000       0.000       0.000        0.000       0.000       0.000       0.000       0.000       0.000                            0.5576E-06  0.5576E-06   0.000    
   1900800.0   10.55047859   10.6182   0.000       0.000      0.6769E-03  0.6092E-06 -0.2182      0.2175       0.000       0.000       0.000       0.000        0.000       0.000       0.000       0.000       0.000       0.000                            0.6092E-06  0.6092E-06   0.000    
   1987200.0   10.54065498   10.6063   0.000       0.000      0.6562E-03  0.5685E-06 -0.2163      0.2157       0.000       0.000       0.000       0.000        0.000       0.000       0.000       0.000       0.000       0.000                            0.5685E-06  0.5685E-06   0.000    
   2073600.0   10.53294820   10.5969   0.000       0.000      0.6396E-03  0.4460E-06 -0.2147      0.2140       0.000       0.000       0.000       0.000        0.000       0.000       0.000       0.000       0.000       0.000                            0.4460E-06  0.4460E-06   0.000    
   2160000.0   10.52379443   10.5856   0.000       0.000      0.6185E-03  0.5297E-06 -0.2128      0.2121       0.000       0.000       0.000       0.000        0.000       0.000       0.000       0.000       0.000       0.000                            0.5297E-06  0.5297E-06   0.000    
   2246400.0   10.51472938   10.5747   0.000       0.000      0.5995E-03  0.5246E-06 -0.2109      0.2103       0.000       0.000       0.000       0.000        0.000       0.000       0.000       0.000       0.000       0.000                            0.5246E-06  0.5246E-06   0.000    
   2332800.0   10.50622421   10.5643   0.000       0.000      0.5806E-03  0.4922E-06 -0.2089      0.2084       0.000       0.000       0.000       0.000        0.000       0.000       0.000       0.000       0.000       0.000                            0.4922E-06  0.4922E-06   0.000    
   2419200.0   10.49779395   10.5542   0.000       0.000      0.5643E-03  0.4879E-06 -0.2071      0.2065       0.000       0.000       0.000       0.000      -0.7990E-07   0.000       0.000       0.000       0.000       0.000                            0.4879E-06  0.4879E-06   0.000    
   2505600.0   10.49477577   10.5509   0.000       0.000      0.5616E-03  0.1747E-06 -0.2061      0.2056       0.000       0.000       0.000       0.000      -0.2110E-06   0.000       0.000       0.000       0.000       0.000                            0.1747E-06  0.1747E-06   0.000    
   2592000.0   10.48993762   10.5448   0.000       0.000      0.5490E-03  0.2800E-06 -0.2049      0.2044       0.000       0.000       0.000       0.000      -0.4856E-06   0.000       0.000       0.000       0.000       0.000                            0.2800E-06  0.2800E-06   0.000    
   2678400.0   10.50184045   10.5610   0.000       0.000      0.5918E-03 -0.6888E-06 -0.2069      0.2063       0.000       0.000       0.000       0.000       0.7765E-06   0.000       0.000       0.000       0.000       0.000                           -0.6888E-06 -0.6888E-06   0.000    
   2764800.0   10.54917320   10.6203   0.000       0.000      0.7114E-03 -0.2739E-05 -0.2151      0.2144       0.000       0.000       0.000       0.000        0.000       0.000       0.000       0.000       0.000       0.000                           -0.2739E-05 -0.2739E-05   0.000    
   2851200.0   10.66553755   10.7629   0.000       0.000      0.9737E-03 -0.6734E-05 -0.2338      0.2328       0.000       0.000       0.000       0.000        0.000       0.000       0.000       0.000       0.000       0.000                           -0.6734E-05 -0.6734E-05   0.000    
   2937600.0   10.63376257   10.7182   0.000       0.000      0.8446E-03  0.1839E-05 -0.2319      0.2311       0.000       0.000       0.000       0.000        0.000       0.000       0.000       0.000       0.000       0.000                            0.1839E-05  0.1839E-05   0.000    
   3024000.0   10.63500706   10.7189   0.000       0.000      0.8391E-03 -0.7202E-07 -0.2330      0.2322       0.000       0.000       0.000       0.000        0.000       0.000       0.000       0.000       0.000       0.000                           -0.7202E-07 -0.7202E-07   0.000    
   3110400.0   10.63404418   10.7169   0.000       0.000      0.8281E-03  0.5572E-07 -0.2334      0.2326       0.000       0.000       0.000       0.000        0.000       0.000       0.000       0.000       0.000       0.000                            0.5572E-07  0.5572E-07   0.000    
   3196800.0   10.62521614   10.7051   0.000       0.000      0.7991E-03  0.5109E-06 -0.2324      0.2316       0.000       0.000       0.000       0.000        0.000       0.000       0.000       0.000       0.000       0.000                            0.5109E-06  0.5109E-06   0.000    
   3283200.0   10.61298668   10.6899   0.000       0.000      0.7688E-03  0.7077E-06 -0.2308      0.2301       0.000       0.000       0.000       0.000        0.000       0.000       0.000       0.000       0.000       0.000                            0.7077E-06  0.7077E-06   0.000    
   3369600.0   10.61498489   10.6925   0.000       0.000      0.7749E-03 -0.1156E-06 -0.2311      0.2303       0.000       0.000       0.000       0.000        0.000       0.000       0.000       0.000       0.000       0.000                           -0.1156E-06 -0.1156E-06   0.000    
   3456000.0   10.62443289   10.7037   0.000       0.000      0.7932E-03 -0.5468E-06 -0.2324      0.2317       0.000       0.000       0.000       0.000        0.000       0.000       0.000       0.000       0.000       0.000                           -0.5468E-06 -0.5468E-06   0.000    
   3542400.0   10.63803044   10.7201   0.000       0.000      0.8208E-03 -0.7869E-06 -0.2348      0.2340       0.000       0.000       0.000       0.000        0.000       0.000       0.000       0.000       0.000       0.000                           -0.7869E-06 -0.7869E-06   0.000    
   3628800.0   10.64198010   10.7239   0.000       0.000      0.8194E-03 -0.2286E-06 -0.2358      0.2350       0.000       0.000       0.000       0.000        0.000       0.000       0.000       0.000       0.000       0.000                           -0.2286E-06 -0.2286E-06   0.000    
   3715200.0   10.63316164   10.7122   0.000       0.000      0.7902E-03  0.5103E-06 -0.2349      0.2341       0.000       0.000       0.000       0.000        0.000       0.000       0.000       0.000       0.000       0.000                            0.5103E-06  0.5103E-06   0.000    
   3801600.0   10.63523889   10.7146   0.000       0.000      0.7935E-03 -0.1202E-06 -0.2353      0.2345       0.000       0.000       0.000       0.000        0.000       0.000       0.000       0.000       0.000       0.000                           -0.1202E-06 -0.1202E-06   0.000    
   3888000.0   10.64306508   10.7238   0.000       0.000      0.8078E-03 -0.4529E-06 -0.2366      0.2358       0.000       0.000       0.000       0.000        0.000       0.000       0.000       0.000       0.000       0.000                           -0.4529E-06 -0.4529E-06   0.000    
   3974400.0   10.66073695   10.7450   0.000       0.000      0.8431E-03 -0.1023E-05 -0.2394      0.2386       0.000       0.000       0.000       0.000        0.000       0.000       0.000       0.000       0.000       0.000                           -0.1023E-05 -0.1023E-05   0.000    
   4060800.0   10.67415279   10.7603   0.000       0.000      0.8613E-03 -0.7764E-06 -0.2417      0.2409       0.000       0.000       0.000       0.000        0.000       0.000       0.000       0.000       0.000       0.000                           -0.7764E-06 -0.7764E-06   0.000    
   4147200.0   10.66420771   10.7470   0.000       0.000      0.8276E-03  0.5755E-06 -0.2410      0.2402       0.000       0.000       0.000       0.000        0.000       0.000       0.000       0.000       0.000       0.000                            0.5755E-06  0.5755E-06   0.000    
   4233600.0   10.65182994   10.7312   0.000       0.000      0.7933E-03  0.7163E-06 -0.2393      0.2386       0.000       0.000       0.000       0.000        0.000       0.000       0.000       0.000       0.000       0.000                            0.7163E-06  0.7163E-06   0.000    
   4320000.0   10.64201586   10.7192   0.000       0.000      0.7719E-03  0.5679E-06 -0.2379      0.2372       0.000       0.000       0.000       0.000        0.000       0.000       0.000       0.000       0.000       0.000                            0.5679E-06  0.5679E-06   0.000    
   4406400.0   10.63214100   10.7070   0.000       0.000      0.7485E-03  0.5715E-06 -0.2363      0.2355       0.000       0.000       0.000       0.000        0.000       0.000       0.000       0.000       0.000       0.000                            0.5715E-06  0.5715E-06   0.000    
   4492800.0   10.62451447   10.6978   0.000       0.000      0.7326E-03  0.4414E-06 -0.2349      0.2342       0.000       0.000       0.000       0.000        0.000       0.000       0.000       0.000       0.000       0.000                            0.4414E-06  0.4414E-06   0.000    
   4579200.0   10.61436738   10.6854   0.000       0.000      0.7105E-03  0.5872E-06 -0.2332      0.2325       0.000       0.000       0.000       0.000        0.000       0.000       0.000       0.000       0.000       0.000                            0.5872E-06  0.5872E-06   0.000    
   4665600.0   10.60396750   10.6728   0.000       0.000      0.6879E-03  0.6018E-06 -0.2313      0.2306       0.000       0.000       0.000       0.000        0.000       0.000       0.000       0.000       0.000       0.000                            0.6018E-06  0.6018E-06   0.000    
   4752000.0   10.62150842   10.6952   0.000       0.000      0.7368E-03 -0.1015E-05 -0.2336      0.2329       0.000       0.000       0.000       0.000        0.000       0.000       0.000       0.000       0.000       0.000                           -0.1015E-05 -0.1015E-05   0.000    
   4838400.0   10.64492770   10.7236   0.000       0.000      0.7863E-03 -0.1355E-05 -0.2372      0.2364       0.000       0.000       0.000       0.000        0.000       0.000       0.000       0.000       0.000       0.000                           -0.1355E-05 -0.1355E-05   0.000    
   4924800.0   10.67020635   10.7535   0.000       0.000      0.8325E-03 -0.1463E-05 -0.2412      0.2404       0.000       0.000       0.000       0.000        0.000       0.000       0.000       0.000       0.000       0.000                           -0.1463E-05 -0.1463E-05   0.000    
   5011200.0   10.68401185   10.7692   0.000       0.000      0.8516E-03 -0.7989E-06 -0.2440      0.2432       0.000       0.000       0.000       0.000        0.000       0.000       0.000       0.000       0.000       0.000                           -0.7989E-06 -0.7989E-06   0.000    
   5097600.0   10.67344859   10.7547   0.000       0.000      0.8122E-03  0.6113E-06 -0.2432      0.2423       0.000       0.000       0.000       0.000        0.000       0.000       0.000       0.000       0.000       0.000                            0.6113E-06  0.6113E-06   0.000    
   5184000.0   10.66031934   10.7384   0.000       0.000      0.7804E-03  0.7598E-06 -0.2416      0.2408       0.000       0.000       0.000       0.000        0.000       0.000       0.000       0.000       0.000       0.000                            0.7598E-06  0.7598E-06   0.000    
   5270400.0   10.65023282   10.7258   0.000       0.000      0.7558E-03  0.5837E-06 -0.2400      0.2393       0.000       0.000       0.000       0.000        0.000       0.000       0.000       0.000       0.000       0.000                            0.5837E-06  0.5837E-06   0.000    
   5356800.0   10.63853504   10.7118   0.000       0.000      0.7322E-03  0.6770E-06 -0.2382      0.2375       0.000       0.000       0.000       0.000        0.000       0.000       0.000       0.000       0.000       0.000                            0.6770E-06  0.6770E-06   0.000    
   5443200.0   10.64570721   10.7210   0.000       0.000      0.7532E-03 -0.4151E-06 -0.2390      0.2382       0.000       0.000       0.000       0.000        0.000       0.000       0.000       0.000       0.000       0.000                           -0.4151E-06 -0.4151E-06   0.000    
   5529600.0   10.65376473   10.7307   0.000       0.000      0.7689E-03 -0.4663E-06 -0.2401      0.2394       0.000       0.000       0.000       0.000        0.000       0.000       0.000       0.000       0.000       0.000                           -0.4663E-06 -0.4663E-06   0.000    
   5616000.0   10.66165634   10.7400   0.000       0.000      0.7837E-03 -0.4567E-06 -0.2415      0.2407       0.000       0.000       0.000       0.000        0.000       0.000       0.000       0.000       0.000       0.000                           -0.4567E-06 -0.4567E-06   0.000    
   5702400.0   10.66628349   10.7451   0.000       0.000      0.7884E-03 -0.2678E-06 -0.2424      0.2416       0.000       0.000       0.000       0.000        0.000       0.000       0.000       0.000       0.000       0.000                           -0.2678E-06 -0.2678E-06   0.000    
   5788800.0   10.66253787   10.7399   0.000       0.000      0.7740E-03  0.2168E-06 -0.2421      0.2413       0.000       0.000       0.000       0.000        0.000       0.000       0.000       0.000       0.000       0.000                            0.2168E-06  0.2168E-06   0.000    
   5875200.0   10.66277440   10.7400   0.000       0.000      0.7726E-03 -0.1369E-07 -0.2422      0.2415       0.000       0.000       0.000       0.000        0.000       0.000       0.000       0.000       0.000       0.000                           -0.1369E-07 -0.1369E-07   0.000    
   5961600.0   10.65978955   10.7361   0.000       0.000      0.7628E-03  0.1727E-06 -0.2419      0.2411       0.000       0.000       0.000       0.000        0.000       0.000       0.000       0.000       0.000       0.000                            0.1727E-06  0.1727E-06   0.000    
   6048000.0   10.65174801   10.7259   0.000       0.000      0.7413E-03  0.4654E-06 -0.2407      0.2399       0.000       0.000       0.000       0.000        0.000       0.000       0.000       0.000       0.000       0.000                            0.4654E-06  0.4654E-06   0.000    
   6134400.0   10.64127591   10.7133   0.000       0.000      0.7198E-03  0.6060E-06 -0.2391      0.2384       0.000       0.000       0.000       0.000        0.000       0.000       0.000       0.000       0.000       0.000                            0.6060E-06  0.6060E-06   0.000    
   6220800.0   10.63071849   10.7003   0.000       0.000      0.6962E-03  0.6110E-06 -0.2373      0.2366       0.000       0.000       0.000       0.000        0.000       0.000       0.000       0.000       0.000       0.000                            0.6110E-06  0.6110E-06   0.000    
   6307200.0   10.61966310   10.6872   0.000       0.000      0.6756E-03  0.6398E-06 -0.2354      0.2347       0.000       0.000       0.000       0.000        0.000       0.000       0.000       0.000       0.000       0.000                            0.6398E-06  0.6398E-06   0.000    
   6393600.0   10.60928176   10.6747   0.000       0.000      0.6543E-03  0.6008E-06 -0.2333      0.2327       0.000       0.000       0.000       0.000        0.000       0.000       0.000       0.000       0.000       0.000                            0.6008E-06  0.6008E-06   0.000    
   6480000.0   10.59875326   10.6623   0.000       0.000      0.6360E-03  0.6093E-06 -0.2314      0.2308       0.000       0.000       0.000       0.000        0.000       0.000       0.000       0.000       0.000       0.000                            0.6093E-06  0.6093E-06   0.000    
   6566400.0   10.58892514   10.6506   0.000       0.000      0.6166E-03  0.5688E-06 -0.2294      0.2288       0.000       0.000       0.000       0.000        0.000       0.000       0.000       0.000       0.000       0.000                            0.5688E-06  0.5688E-06   0.000    
   6652800.0   10.57891167   10.6389   0.000       0.000      0.6001E-03  0.5795E-06 -0.2274      0.2268       0.000       0.000       0.000       0.000        0.000       0.000       0.000       0.000       0.000       0.000                            0.5795E-06  0.5795E-06   0.000    
   6739200.0   10.56974060   10.6280   0.000       0.000      0.5827E-03  0.5307E-06 -0.2254      0.2248       0.000       0.000       0.000       0.000        0.000       0.000       0.000       0.000       0.000       0.000                            0.5307E-06  0.5307E-06   0.000    
   6825600.0   10.56022569   10.6170   0.000       0.000      0.5676E-03  0.5506E-06 -0.2235      0.2229       0.000       0.000       0.000       0.000        0.000       0.000       0.000       0.000       0.000       0.000                            0.5506E-06  0.5506E-06   0.000    
   6912000.0   10.55133559   10.6064   0.000       0.000      0.5509E-03  0.5145E-06 -0.2215      0.2209       0.000       0.000       0.000       0.000        0.000       0.000       0.000       0.000       0.000       0.000                            0.5145E-06  0.5145E-06   0.000    
   6998400.0   10.54223005   10.5959   0.000       0.000      0.5372E-03  0.5269E-06 -0.2196      0.2191       0.000       0.000       0.000       0.000        0.000       0.000       0.000       0.000       0.000       0.000                            0.5269E-06  0.5269E-06   0.000    
   7084800.0   10.53377162   10.5861   0.000       0.000      0.5232E-03  0.4895E-06 -0.2177      0.2172       0.000       0.000       0.000       0.000        0.000       0.000       0.000       0.000       0.000       0.000                            0.4895E-06  0.4895E-06   0.000    
   7171200.0   10.52565321   10.5767   0.000       0.000      0.5103E-03  0.4698E-06 -0.2158      0.2153       0.000       0.000       0.000       0.000        0.000       0.000       0.000       0.000       0.000       0.000                            0.4698E-06  0.4698E-06   0.000    
   7257600.0   10.51771001   10.5675   0.000       0.000      0.4983E-03  0.4597E-06 -0.2140      0.2135       0.000       0.000       0.000       0.000        0.000       0.000       0.000       0.000       0.000       0.000                            0.4597E-06  0.4597E-06   0.000    
   7344000.0   10.51026169   10.5589   0.000       0.000      0.4866E-03  0.4310E-06 -0.2122      0.2118       0.000       0.000       0.000       0.000        0.000       0.000       0.000       0.000       0.000       0.000                            0.4310E-06  0.4310E-06   0.000    
   7430400.0   10.50351301   10.5514   0.000       0.000      0.4784E-03  0.3905E-06 -0.2106      0.2102       0.000       0.000       0.000       0.000        0.000       0.000       0.000       0.000       0.000       0.000                            0.3905E-06  0.3905E-06   0.000    
   7516800.0   10.49704120   10.5440   0.000       0.000      0.4691E-03  0.3745E-06 -0.2090      0.2086       0.000       0.000       0.000       0.000      -0.1241E-06   0.000       0.000       0.000       0.000       0.000                            0.3745E-06  0.3745E-06   0.000    
   7603200.0   10.49078608   10.5365   0.000       0.000      0.4576E-03  0.3620E-06 -0.2074      0.2069       0.000       0.000       0.000       0.000      -0.5565E-06   0.000       0.000       0.000       0.000       0.000                            0.3620E-06  0.3620E-06   0.000    
   7689600.0   10.48479020   10.5295   0.000       0.000      0.4475E-03  0.3470E-06 -0.2058      0.2053       0.000       0.000       0.000       0.000      -0.7602E-06   0.000       0.000       0.000       0.000       0.000                            0.3470E-06  0.3470E-06   0.000    
   7776000.0   10.47955526   10.5234   0.000       0.000      0.4385E-03  0.3029E-06 -0.2043      0.2038       0.000       0.000       0.000       0.000      -0.8010E-06   0.000       0.000       0.000       0.000       0.000                            0.3029E-06  0.3029E-06   0.000    
   7862400.0   10.47413005   10.5171   0.000       0.000      0.4296E-03  0.3140E-06 -0.2027      0.2023       0.000       0.000       0.000       0.000      -0.9438E-06   0.000       0.000       0.000       0.000       0.000                            0.3140E-06  0.3140E-06   0.000    
   7948800.0   10.46911030   10.5112   0.000       0.000      0.4207E-03  0.2905E-06 -0.2012      0.2008       0.000       0.000       0.000       0.000      -0.9644E-06   0.000       0.000       0.000       0.000       0.000                            0.2905E-06  0.2905E-06   0.000    
   8035200.0   10.46414069   10.5054   0.000       0.000      0.4130E-03  0.2876E-06 -0.1997      0.1993       0.000       0.000       0.000       0.000      -0.1033E-05   0.000       0.000       0.000       0.000       0.000                            0.2876E-06  0.2876E-06   0.000    
   8121600.0   10.45952699   10.5000   0.000       0.000      0.4051E-03  0.2670E-06 -0.1983      0.1979       0.000       0.000       0.000       0.000      -0.1023E-05   0.000       0.000       0.000       0.000       0.000                            0.2670E-06  0.2670E-06   0.000    
   8208000.0   10.45491214   10.4947   0.000       0.000      0.3983E-03  0.2671E-06 -0.1969      0.1965       0.000       0.000       0.000       0.000      -0.1081E-05   0.000       0.000       0.000       0.000       0.000                            0.2671E-06  0.2671E-06   0.000    
   8294400.0   10.45062364   10.4897   0.000       0.000      0.3911E-03  0.2482E-06 -0.1956      0.1952       0.000       0.000       0.000       0.000      -0.1053E-05   0.000       0.000       0.000       0.000       0.000                            0.2482E-06  0.2482E-06   0.000    
   8380800.0   10.47556822   10.5254   0.000       0.000      0.4987E-03 -0.1444E-05 -0.2008      0.2003       0.000       0.000       0.000       0.000       0.5414E-05   0.000       0.000       0.000       0.000       0.000                           -0.1444E-05 -0.1444E-05   0.000    
   8467200.0   10.47713571   10.5260   0.000       0.000      0.4888E-03 -0.9071E-07 -0.2015      0.2010       0.000       0.000       0.000       0.000       0.2757E-06   0.000       0.000       0.000       0.000       0.000                           -0.9071E-07 -0.9071E-07   0.000    
   8553600.0   10.47711901   10.5257   0.000       0.000      0.4862E-03  0.9664E-09 -0.2016      0.2011       0.000       0.000       0.000       0.000      -0.2890E-08   0.000       0.000       0.000       0.000       0.000                            0.9664E-09  0.9664E-09   0.000    
   8640000.0   10.47472982   10.5226   0.000       0.000      0.4787E-03  0.1383E-06 -0.2011      0.2006       0.000       0.000       0.000       0.000      -0.4238E-06   0.000       0.000       0.000       0.000       0.000                            0.1383E-06  0.1383E-06   0.000    
   8726400.0   10.47144976   10.5184   0.000       0.000      0.4699E-03  0.1898E-06 -0.2004      0.1999       0.000       0.000       0.000       0.000      -0.6142E-06   0.000       0.000       0.000       0.000       0.000                            0.1898E-06  0.1898E-06   0.000    
   8812800.0   10.46764463   10.5138   0.000       0.000      0.4613E-03  0.2202E-06 -0.1994      0.1989       0.000       0.000       0.000       0.000      -0.7566E-06   0.000       0.000       0.000       0.000       0.000                            0.2202E-06  0.2202E-06   0.000    
   8899200.0   10.46291515   10.5079   0.000       0.000      0.4497E-03  0.2737E-06 -0.1982      0.1977       0.000       0.000       0.000       0.000      -0.1002E-05   0.000       0.000       0.000       0.000       0.000                            0.2737E-06  0.2737E-06   0.000    
   8985600.0   10.46180510   10.5071   0.000       0.000      0.4533E-03  0.6424E-07 -0.1977      0.1972       0.000       0.000       0.000       0.000      -0.2445E-06   0.000       0.000       0.000       0.000       0.000                            0.6424E-07  0.6424E-07   0.000    
   9072000.0   10.46627047   10.5139   0.000       0.000      0.4763E-03 -0.2584E-06 -0.1985      0.1980       0.000       0.000       0.000       0.000       0.9621E-06   0.000       0.000       0.000       0.000       0.000                           -0.2584E-06 -0.2584E-06   0.000    
   9158400.0   10.46418893   10.5110   0.000       0.000      0.4682E-03  0.1205E-06 -0.1980      0.1975       0.000       0.000       0.000       0.000      -0.4413E-06   0.000       0.000       0.000       0.000       0.000                            0.1205E-06  0.1205E-06   0.000    
   9244800.0   10.47941955   10.5322   0.000       0.000      0.5281E-03 -0.8814E-06 -0.2013      0.2007       0.000       0.000       0.000       0.000       0.2908E-05   0.000       0.000       0.000       0.000       0.000                           -0.8814E-06 -0.8814E-06   0.000    
   9331200.0   10.52064980   10.5848   0.000       0.000      0.6416E-03 -0.2386E-05 -0.2092      0.2086       0.000       0.000       0.000       0.000       0.2264E-05   0.000       0.000       0.000       0.000       0.000                           -0.2386E-05 -0.2386E-05   0.000    
   9417600.0   10.62692342   10.7155   0.000       0.000      0.8857E-03 -0.6150E-05 -0.2272      0.2263       0.000       0.000       0.000       0.000        0.000       0.000       0.000       0.000       0.000       0.000                           -0.6150E-05 -0.6150E-05   0.000    
   9504000.0   10.70043555   10.8008   0.000       0.000      0.1004E-02 -0.4254E-05 -0.2402      0.2392       0.000       0.000       0.000       0.000        0.000       0.000       0.000       0.000       0.000       0.000                           -0.4254E-05 -0.4254E-05   0.000    
   9590400.0   10.67540400   10.7653   0.000       0.000      0.8994E-03  0.1449E-05 -0.2394      0.2385       0.000       0.000       0.000       0.000        0.000       0.000       0.000       0.000       0.000       0.000                            0.1449E-05  0.1449E-05   0.000    
   9676800.0   10.65304451   10.7366   0.000       0.000      0.8351E-03  0.1294E-05 -0.2374      0.2366       0.000       0.000       0.000       0.000        0.000       0.000       0.000       0.000       0.000       0.000                            0.1294E-05  0.1294E-05   0.000    
   9763200.0   10.63243906   10.7109   0.000       0.000      0.7842E-03  0.1192E-05 -0.2347      0.2339       0.000       0.000       0.000       0.000        0.000       0.000       0.000       0.000       0.000       0.000                            0.1192E-05  0.1192E-05   0.000    
   9849600.0   10.61423150   10.6885   0.000       0.000      0.7429E-03  0.1054E-05 -0.2320      0.2312       0.000       0.000       0.000       0.000        0.000       0.000       0.000       0.000       0.000       0.000                            0.1054E-05  0.1054E-05   0.000    
   9936000.0   10.62724955   10.7051   0.000       0.000      0.7785E-03 -0.7534E-06 -0.2336      0.2328       0.000       0.000       0.000       0.000        0.000       0.000       0.000       0.000       0.000       0.000                           -0.7534E-06 -0.7534E-06   0.000    
  10022400.0   10.63629206   10.7158   0.000       0.000      0.7951E-03 -0.5233E-06 -0.2352      0.2344       0.000       0.000       0.000       0.000        0.000       0.000       0.000       0.000       0.000       0.000                           -0.5233E-06 -0.5233E-06   0.000    
  10108800.0   10.63806794   10.7171   0.000       0.000      0.7908E-03 -0.1028E-06 -0.2358      0.2350       0.000       0.000       0.000       0.000        0.000       0.000       0.000       0.000       0.000       0.000                           -0.1028E-06 -0.1028E-06   0.000    
  10195200.0   10.64534862   10.7254   0.000       0.000      0.8007E-03 -0.4213E-06 -0.2370      0.2362       0.000       0.000       0.000       0.000        0.000       0.000       0.000       0.000       0.000       0.000                           -0.4213E-06 -0.4213E-06   0.000    
  10281600.0   10.64853923   10.7285   0.000       0.000      0.7999E-03 -0.1846E-06 -0.2378      0.2370       0.000       0.000       0.000       0.000        0.000       0.000       0.000       0.000       0.000       0.000                           -0.1846E-06 -0.1846E-06   0.000    
  10368000.0   10.63927727   10.7165   0.000       0.000      0.7725E-03  0.5360E-06 -0.2369      0.2361       0.000       0.000       0.000       0.000        0.000       0.000       0.000       0.000       0.000       0.000                            0.5360E-06  0.5360E-06   0.000    
  10454400.0   10.62714140   10.7011   0.000       0.000      0.7394E-03  0.7023E-06 -0.2350      0.2343       0.000       0.000       0.000       0.000        0.000       0.000       0.000       0.000       0.000       0.000                            0.7023E-06  0.7023E-06   0.000    
  10540800.0   10.62706589   10.7012   0.000       0.000      0.7412E-03  0.4370E-08 -0.2349      0.2341       0.000       0.000       0.000       0.000        0.000       0.000       0.000       0.000       0.000       0.000                            0.4370E-08  0.4370E-08   0.000    
  10627200.0   10.63238079   10.7077   0.000       0.000      0.7535E-03 -0.3076E-06 -0.2357      0.2349       0.000       0.000       0.000       0.000        0.000       0.000       0.000       0.000       0.000       0.000                           -0.3076E-06 -0.3076E-06   0.000    
  10713600.0   10.63233954   10.7072   0.000       0.000      0.7484E-03  0.2387E-08 -0.2358      0.2350       0.000       0.000       0.000       0.000        0.000       0.000       0.000       0.000       0.000       0.000                            0.2387E-08  0.2387E-08   0.000    
  10800000.0   10.62624248   10.6991   0.000       0.000      0.7289E-03  0.3528E-06 -0.2349      0.2342       0.000       0.000       0.000       0.000        0.000       0.000       0.000       0.000       0.000       0.000                            0.3528E-06  0.3528E-06   0.000    
  10886400.0   10.61621579   10.6868   0.000       0.000      0.7057E-03  0.5802E-06 -0.2335      0.2328       0.000       0.000       0.000       0.000        0.000       0.000       0.000       0.000       0.000       0.000                            0.5802E-06  0.5802E-06   0.000    
  10972800.0   10.60526377   10.6731   0.000       0.000      0.6787E-03  0.6338E-06 -0.2315      0.2308       0.000       0.000       0.000       0.000        0.000       0.000       0.000       0.000       0.000       0.000                            0.6338E-06  0.6338E-06   0.000    
  11059200.0   10.59227019   10.6574   0.000       0.000      0.6518E-03  0.7519E-06 -0.2293      0.2287       0.000       0.000       0.000       0.000        0.000       0.000       0.000       0.000       0.000       0.000                            0.7519E-06  0.7519E-06   0.000    
  11145600.0   10.57967456   10.6423   0.000       0.000      0.6262E-03  0.7289E-06 -0.2270      0.2263       0.000       0.000       0.000       0.000        0.000       0.000       0.000       0.000       0.000       0.000                            0.7289E-06  0.7289E-06   0.000    
  11232000.0   10.56826281   10.6285   0.000       0.000      0.6021E-03  0.6604E-06 -0.2246      0.2240       0.000       0.000       0.000       0.000        0.000       0.000       0.000       0.000       0.000       0.000                            0.6604E-06  0.6604E-06   0.000    
  11318400.0   10.55705588   10.6153   0.000       0.000      0.5820E-03  0.6485E-06 -0.2224      0.2218       0.000       0.000       0.000       0.000        0.000       0.000       0.000       0.000       0.000       0.000                            0.6485E-06  0.6485E-06   0.000    
  11404800.0   10.56122031   10.6213   0.000       0.000      0.6012E-03 -0.2410E-06 -0.2226      0.2220       0.000       0.000       0.000       0.000        0.000       0.000       0.000       0.000       0.000       0.000                           -0.2410E-06 -0.2410E-06   0.000    
  11491200.0   10.55098697   10.6084   0.000       0.000      0.5739E-03  0.5922E-06 -0.2206      0.2201       0.000       0.000       0.000       0.000        0.000       0.000       0.000       0.000       0.000       0.000                            0.5922E-06  0.5922E-06   0.000    
  11577600.0   10.56839274   10.6310   0.000       0.000      0.6261E-03 -0.1007E-05 -0.2232      0.2226       0.000       0.000       0.000       0.000        0.000       0.000       0.000       0.000       0.000       0.000                           -0.1007E-05 -0.1007E-05   0.000    
  11664000.0   10.61375583   10.6874   0.000       0.000      0.7361E-03 -0.2625E-05 -0.2305      0.2297       0.000       0.000       0.000       0.000        0.000       0.000       0.000       0.000       0.000       0.000                           -0.2625E-05 -0.2625E-05   0.000    
  11750400.0   10.72334688   10.8203   0.000       0.000      0.9699E-03 -0.6342E-05 -0.2468      0.2458       0.000       0.000       0.000       0.000        0.000       0.000       0.000       0.000       0.000       0.000                           -0.6342E-05 -0.6342E-05   0.000    
  11836800.0   10.69214001   10.7773   0.000       0.000      0.8513E-03  0.1806E-05 -0.2451      0.2443       0.000       0.000       0.000       0.000        0.000       0.000       0.000       0.000       0.000       0.000                            0.1806E-05  0.1806E-05   0.000    
  11923200.0   10.66969102   10.7488   0.000       0.000      0.7913E-03  0.1299E-05 -0.2428      0.2420       0.000       0.000       0.000       0.000        0.000       0.000       0.000       0.000       0.000       0.000                            0.1299E-05  0.1299E-05   0.000    
  12009600.0   10.65158655   10.7264   0.000       0.000      0.7485E-03  0.1048E-05 -0.2403      0.2395       0.000       0.000       0.000       0.000        0.000       0.000       0.000       0.000       0.000       0.000                            0.1048E-05  0.1048E-05   0.000    
  12096000.0   10.64767815   10.7222   0.000       0.000      0.7448E-03  0.2262E-06 -0.2396      0.2388       0.000       0.000       0.000       0.000        0.000       0.000       0.000       0.000       0.000       0.000                            0.2262E-06  0.2262E-06   0.000    
  12182400.0   10.64198441   10.7153   0.000       0.000      0.7328E-03  0.3295E-06 -0.2387      0.2380       0.000       0.000       0.000       0.000        0.000       0.000       0.000       0.000       0.000       0.000                            0.3295E-06  0.3295E-06   0.000    
  12268800.0   10.63275016   10.7038   0.000       0.000      0.7104E-03  0.5344E-06 -0.2372      0.2365       0.000       0.000       0.000       0.000        0.000       0.000       0.000       0.000       0.000       0.000                            0.5344E-06  0.5344E-06   0.000    
  12355200.0   10.62124403   10.6899   0.000       0.000      0.6861E-03  0.6659E-06 -0.2353      0.2346       0.000       0.000       0.000       0.000        0.000       0.000       0.000       0.000       0.000       0.000                            0.6659E-06  0.6659E-06   0.000    
  12441600.0   10.61374504   10.6809   0.000       0.000      0.6716E-03  0.4340E-06 -0.2339      0.2332       0.000       0.000       0.000       0.000        0.000       0.000       0.000       0.000       0.000       0.000                            0.4340E-06  0.4340E-06   0.000    
  12528000.0   10.64378956   10.7187   0.000       0.000      0.7493E-03 -0.1739E-05 -0.2380      0.2373       0.000       0.000       0.000       0.000        0.000       0.000       0.000       0.000       0.000       0.000                           -0.1739E-05 -0.1739E-05   0.000    
  12614400.0   10.67618333   10.7575   0.000       0.000      0.8132E-03 -0.1875E-05 -0.2430      0.2422       0.000       0.000       0.000       0.000        0.000       0.000       0.000       0.000       0.000       0.000                           -0.1875E-05 -0.1875E-05   0.000    
  12700800.0   10.66748841   10.7452   0.000       0.000      0.7768E-03  0.5032E-06 -0.2427      0.2419       0.000       0.000       0.000       0.000        0.000       0.000       0.000       0.000       0.000       0.000                            0.5032E-06  0.5032E-06   0.000    
  12787200.0   10.65635482   10.7309   0.000       0.000      0.7453E-03  0.6443E-06 -0.2414      0.2406       0.000       0.000       0.000       0.000        0.000       0.000       0.000       0.000       0.000       0.000                            0.6443E-06  0.6443E-06   0.000    
  12873600.0   10.64280536   10.7143   0.000       0.000      0.7145E-03  0.7841E-06 -0.2395      0.2387       0.000       0.000       0.000       0.000        0.000       0.000       0.000       0.000       0.000       0.000                            0.7841E-06  0.7841E-06   0.000    
  12960000.0   10.64664033   10.7194   0.000       0.000      0.7272E-03 -0.2219E-06 -0.2398      0.2391       0.000       0.000       0.000       0.000        0.000       0.000       0.000       0.000       0.000       0.000                           -0.2219E-06 -0.2219E-06   0.000    
  13046400.0   10.64062218   10.7118   0.000       0.000      0.7116E-03  0.3483E-06 -0.2389      0.2382       0.000       0.000       0.000       0.000        0.000       0.000       0.000       0.000       0.000       0.000                            0.3483E-06  0.3483E-06   0.000    
  13132800.0   10.63224190   10.7014   0.000       0.000      0.6913E-03  0.4850E-06 -0.2375      0.2368       0.000       0.000       0.000       0.000        0.000       0.000       0.000       0.000       0.000       0.000                            0.4850E-06  0.4850E-06   0.000    
  13219200.0   10.62673298   10.6948   0.000       0.000      0.6809E-03  0.3188E-06 -0.2365      0.2358       0.000       0.000       0.000       0.000        0.000       0.000       0.000       0.000       0.000       0.000                            0.3188E-06  0.3188E-06   0.000    
  13305600.0   10.61815476   10.6845   0.000       0.000      0.6638E-03  0.4964E-06 -0.2351      0.2344       0.000       0.000       0.000       0.000        0.000       0.000       0.000       0.000       0.000       0.000                            0.4964E-06  0.4964E-06   0.000    
  13392000.0   10.63279738   10.7031   0.000       0.000      0.7030E-03 -0.8474E-06 -0.2369      0.2362       0.000       0.000       0.000       0.000        0.000       0.000       0.000       0.000       0.000       0.000                           -0.8474E-06 -0.8474E-06   0.000    
  13478400.0   10.64242675   10.7146   0.000       0.000      0.7222E-03 -0.5573E-06 -0.2385      0.2378       0.000       0.000       0.000       0.000        0.000       0.000       0.000       0.000       0.000       0.000                           -0.5573E-06 -0.5573E-06   0.000    
  13564800.0   10.63861752   10.7093   0.000       0.000      0.7070E-03  0.2204E-06 -0.2382      0.2375       0.000       0.000       0.000       0.000        0.000       0.000       0.000       0.000       0.000       0.000                            0.2204E-06  0.2204E-06   0.000    
  13651200.0   10.63237844   10.7014   0.000       0.000      0.6900E-03  0.3611E-06 -0.2373      0.2366       0.000       0.000       0.000       0.000        0.000       0.000       0.000       0.000       0.000       0.000                            0.3611E-06  0.3611E-06   0.000    
  13737600.0   10.62380648   10.6910   0.000       0.000      0.6715E-03  0.4961E-06 -0.2360      0.2353       0.000       0.000       0.000       0.000        0.000       0.000       0.000       0.000       0.000       0.000                            0.4961E-06  0.4961E-06   0.000    
  13824000.0   10.65315308   10.7277   0.000       0.000      0.7450E-03 -0.1698E-05 -0.2401      0.2393       0.000       0.000       0.000       0.000        0.000       0.000       0.000       0.000       0.000       0.000                           -0.1698E-05 -0.1698E-05   0.000    
  13910400.0   10.69267975   10.7754   0.000       0.000      0.8275E-03 -0.2287E-05 -0.2461      0.2453       0.000       0.000       0.000       0.000        0.000       0.000       0.000       0.000       0.000       0.000                           -0.2287E-05 -0.2287E-05   0.000    
  13996800.0   10.68795694   10.7676   0.000       0.000      0.7968E-03  0.2733E-06 -0.2465      0.2457       0.000       0.000       0.000       0.000        0.000       0.000       0.000       0.000       0.000       0.000                            0.2733E-06  0.2733E-06   0.000    
  14083200.0   10.67698957   10.7533   0.000       0.000      0.7631E-03  0.6347E-06 -0.2453      0.2446       0.000       0.000       0.000       0.000        0.000       0.000       0.000       0.000       0.000       0.000                            0.6347E-06  0.6347E-06   0.000    
  14169600.0   10.68595205   10.7645   0.000       0.000      0.7855E-03 -0.5187E-06 -0.2467      0.2459       0.000       0.000       0.000       0.000        0.000       0.000       0.000       0.000       0.000       0.000                           -0.5187E-06 -0.5187E-06   0.000    
  14256000.0   10.69281694   10.7724   0.000       0.000      0.7960E-03 -0.3973E-06 -0.2480      0.2472       0.000       0.000       0.000       0.000        0.000       0.000       0.000       0.000       0.000       0.000                           -0.3973E-06 -0.3973E-06   0.000    
  14342400.0   10.73189986   10.8196   0.000       0.000      0.8768E-03 -0.2262E-05 -0.2534      0.2525       0.000       0.000       0.000       0.000        0.000       0.000       0.000       0.000       0.000       0.000                           -0.2262E-05 -0.2262E-05   0.000    
  14428800.0   10.83277250   10.9404   0.000       0.000      0.1076E-02 -0.5838E-05 -0.2669      0.2659       0.000       0.000       0.000       0.000        0.000       0.000       0.000       0.000       0.000       0.000                           -0.5838E-05 -0.5838E-05   0.000    
  14515200.0   10.82019588   10.9210   0.000       0.000      0.1008E-02  0.7278E-06 -0.2679      0.2669       0.000       0.000       0.000       0.000        0.000       0.000       0.000       0.000       0.000       0.000                            0.7278E-06  0.7278E-06   0.000    
  14601600.0   10.83168523   10.9333   0.000       0.000      0.1016E-02 -0.6649E-06 -0.2704      0.2693       0.000       0.000       0.000       0.000        0.000       0.000       0.000       0.000       0.000       0.000                           -0.6649E-06 -0.6649E-06   0.000    
  14688000.0   10.86278373   10.9694   0.000       0.000      0.1066E-02 -0.1800E-05 -0.2750      0.2739       0.000       0.000       0.000       0.000        0.000       0.000       0.000       0.000       0.000       0.000                           -0.1800E-05 -0.1800E-05   0.000    
  14774400.0   10.87044745   10.9765   0.000       0.000      0.1061E-02 -0.4435E-06 -0.2770      0.2760       0.000       0.000       0.000       0.000        0.000       0.000       0.000       0.000       0.000       0.000                           -0.4435E-06 -0.4435E-06   0.000    
  14860800.0   10.86004253   10.9623   0.000       0.000      0.1022E-02  0.6021E-06 -0.2767      0.2757       0.000       0.000       0.000       0.000        0.000       0.000       0.000       0.000       0.000       0.000                            0.6021E-06  0.6021E-06   0.000    
  14947200.0   10.84928019   10.9483   0.000       0.000      0.9899E-03  0.6228E-06 -0.2758      0.2748       0.000       0.000       0.000       0.000        0.000       0.000       0.000       0.000       0.000       0.000                            0.6228E-06  0.6228E-06   0.000    
  15033600.0   10.83340746   10.9289   0.000       0.000      0.9545E-03  0.9186E-06 -0.2743      0.2733       0.000       0.000       0.000       0.000        0.000       0.000       0.000       0.000       0.000       0.000                            0.9186E-06  0.9186E-06   0.000    
  15120000.0   10.81689187   10.9084   0.000       0.000      0.9155E-03  0.9558E-06 -0.2722      0.2712       0.000       0.000       0.000       0.000        0.000       0.000       0.000       0.000       0.000       0.000                            0.9558E-06  0.9558E-06   0.000    
  15206400.0   10.79803308   10.8858   0.000       0.000      0.8780E-03  0.1091E-05 -0.2698      0.2689       0.000       0.000       0.000       0.000        0.000       0.000       0.000       0.000       0.000       0.000                            0.1091E-05  0.1091E-05   0.000    
  15292800.0   10.77930696   10.8631   0.000       0.000      0.8380E-03  0.1084E-05 -0.2669      0.2661       0.000       0.000       0.000       0.000        0.000       0.000       0.000       0.000       0.000       0.000                            0.1084E-05  0.1084E-05   0.000    
  15379200.0   10.80760730   10.8981   0.000       0.000      0.9049E-03 -0.1638E-05 -0.2700      0.2691       0.000       0.000       0.000       0.000        0.000       0.000       0.000       0.000       0.000       0.000                           -0.1638E-05 -0.1638E-05   0.000    
  15465600.0   10.81887416   10.9108   0.000       0.000      0.9193E-03 -0.6520E-06 -0.2716      0.2707       0.000       0.000       0.000       0.000        0.000       0.000       0.000       0.000       0.000       0.000                           -0.6520E-06 -0.6520E-06   0.000    
  15552000.0   10.80744476   10.8960   0.000       0.000      0.8855E-03  0.6614E-06 -0.2707      0.2698       0.000       0.000       0.000       0.000        0.000       0.000       0.000       0.000       0.000       0.000                            0.6614E-06  0.6614E-06   0.000    
  15638400.0   10.78940811   10.8739   0.000       0.000      0.8444E-03  0.1044E-05 -0.2685      0.2677       0.000       0.000       0.000       0.000        0.000       0.000       0.000       0.000       0.000       0.000                            0.1044E-05  0.1044E-05   0.000    
  15724800.0   10.77163902   10.8525   0.000       0.000      0.8086E-03  0.1028E-05 -0.2661      0.2652       0.000       0.000       0.000       0.000        0.000       0.000       0.000       0.000       0.000       0.000                            0.1028E-05  0.1028E-05   0.000    
  15811200.0   10.75479651   10.8324   0.000       0.000      0.7762E-03  0.9747E-06 -0.2635      0.2627       0.000       0.000       0.000       0.000        0.000       0.000       0.000       0.000       0.000       0.000                            0.9747E-06  0.9747E-06   0.000    
  15897600.0   10.73901145   10.8138   0.000       0.000      0.7478E-03  0.9135E-06 -0.2609      0.2602       0.000       0.000       0.000       0.000        0.000       0.000       0.000       0.000       0.000       0.000                            0.9135E-06  0.9135E-06   0.000    
  15984000.0   10.72852110   10.8017   0.000       0.000      0.7320E-03  0.6071E-06 -0.2590      0.2583       0.000       0.000       0.000       0.000        0.000       0.000       0.000       0.000       0.000       0.000                            0.6071E-06  0.6071E-06   0.000    
  16070400.0   10.71465750   10.7852   0.000       0.000      0.7050E-03  0.8023E-06 -0.2566      0.2559       0.000       0.000       0.000       0.000        0.000       0.000       0.000       0.000       0.000       0.000                            0.8023E-06  0.8023E-06   0.000    
  16156800.0   10.70084255   10.7692   0.000       0.000      0.6834E-03  0.7995E-06 -0.2543      0.2536       0.000       0.000       0.000       0.000        0.000       0.000       0.000       0.000       0.000       0.000                            0.7995E-06  0.7995E-06   0.000    
  16243200.0   10.68792322   10.7540   0.000       0.000      0.6604E-03  0.7476E-06 -0.2518      0.2512       0.000       0.000       0.000       0.000        0.000       0.000       0.000       0.000       0.000       0.000                            0.7476E-06  0.7476E-06   0.000    
  16329600.0   10.67512853   10.7392   0.000       0.000      0.6411E-03  0.7404E-06 -0.2496      0.2489       0.000       0.000       0.000       0.000        0.000       0.000       0.000       0.000       0.000       0.000                            0.7404E-06  0.7404E-06   0.000    
  16416000.0   10.66323420   10.7254   0.000       0.000      0.6213E-03  0.6883E-06 -0.2472      0.2466       0.000       0.000       0.000       0.000        0.000       0.000       0.000       0.000       0.000       0.000                            0.6883E-06  0.6883E-06   0.000    
  16502400.0   10.65155612   10.7120   0.000       0.000      0.6042E-03  0.6758E-06 -0.2450      0.2444       0.000       0.000       0.000       0.000        0.000       0.000       0.000       0.000       0.000       0.000                            0.6758E-06  0.6758E-06   0.000    
  16588800.0   10.64057161   10.6993   0.000       0.000      0.5873E-03  0.6357E-06 -0.2428      0.2422       0.000       0.000       0.000       0.000        0.000       0.000       0.000       0.000       0.000       0.000                            0.6357E-06  0.6357E-06   0.000    
  16675200.0   10.63003771   10.6872   0.000       0.000      0.5718E-03  0.6096E-06 -0.2406      0.2401       0.000       0.000       0.000       0.000        0.000       0.000       0.000       0.000       0.000       0.000                            0.6096E-06  0.6096E-06   0.000    
  16761600.0   10.62213873   10.6785   0.000       0.000      0.5636E-03  0.4571E-06 -0.2389      0.2384       0.000       0.000       0.000       0.000        0.000       0.000       0.000       0.000       0.000       0.000                            0.4571E-06  0.4571E-06   0.000    
  16848000.0   10.61654582   10.6724   0.000       0.000      0.5588E-03  0.3237E-06 -0.2375      0.2370       0.000       0.000       0.000       0.000        0.000       0.000       0.000       0.000       0.000       0.000                            0.3237E-06  0.3237E-06   0.000    
  16934400.0   10.61908667   10.6765   0.000       0.000      0.5741E-03 -0.1470E-06 -0.2375      0.2369       0.000       0.000       0.000       0.000        0.000       0.000       0.000       0.000       0.000       0.000                           -0.1470E-06 -0.1470E-06   0.000    
  17020800.0   10.61666076   10.6739   0.000       0.000      0.5724E-03  0.1404E-06 -0.2368      0.2363       0.000       0.000       0.000       0.000        0.000       0.000       0.000       0.000       0.000       0.000                            0.1404E-06  0.1404E-06   0.000    
  17107200.0   10.60670777   10.6620   0.000       0.000      0.5528E-03  0.5760E-06 -0.2351      0.2345       0.000       0.000       0.000       0.000        0.000       0.000       0.000       0.000       0.000       0.000                            0.5760E-06  0.5760E-06   0.000    
  17193600.0   10.59760014   10.6515   0.000       0.000      0.5391E-03  0.5271E-06 -0.2333      0.2328       0.000       0.000       0.000       0.000        0.000       0.000       0.000       0.000       0.000       0.000                            0.5271E-06  0.5271E-06   0.000    
  17280000.0   10.58882405   10.6413   0.000       0.000      0.5247E-03  0.5079E-06 -0.2314      0.2309       0.000       0.000       0.000       0.000        0.000       0.000       0.000       0.000       0.000       0.000                            0.5079E-06  0.5079E-06   0.000    
  17366400.0   10.57968539   10.6310   0.000       0.000      0.5133E-03  0.5289E-06 -0.2296      0.2291       0.000       0.000       0.000       0.000        0.000       0.000       0.000       0.000       0.000       0.000                            0.5289E-06  0.5289E-06   0.000    
  17452800.0   10.57138235   10.6214   0.000       0.000      0.5006E-03  0.4805E-06 -0.2277      0.2272       0.000       0.000       0.000       0.000        0.000       0.000       0.000       0.000       0.000       0.000                            0.4805E-06  0.4805E-06   0.000    
  17539200.0   10.56296912   10.6120   0.000       0.000      0.4907E-03  0.4869E-06 -0.2260      0.2255       0.000       0.000       0.000       0.000        0.000       0.000       0.000       0.000       0.000       0.000                            0.4869E-06  0.4869E-06   0.000    
  17625600.0   10.55527979   10.6033   0.000       0.000      0.4798E-03  0.4450E-06 -0.2242      0.2237       0.000       0.000       0.000       0.000        0.000       0.000       0.000       0.000       0.000       0.000                            0.4450E-06  0.4450E-06   0.000    
  17712000.0   10.55110710   10.5991   0.000       0.000      0.4796E-03  0.2415E-06 -0.2230      0.2225       0.000       0.000       0.000       0.000        0.000       0.000       0.000       0.000       0.000       0.000                            0.2415E-06  0.2415E-06   0.000    
  17798400.0   10.54375776   10.5907   0.000       0.000      0.4695E-03  0.4253E-06 -0.2214      0.2210       0.000       0.000       0.000       0.000        0.000       0.000       0.000       0.000       0.000       0.000                            0.4253E-06  0.4253E-06   0.000    
  17884800.0   10.53663293   10.5825   0.000       0.000      0.4587E-03  0.4123E-06 -0.2197      0.2193       0.000       0.000       0.000       0.000        0.000       0.000       0.000       0.000       0.000       0.000                            0.4123E-06  0.4123E-06   0.000    
  17971200.0   10.52940928   10.5745   0.000       0.000      0.4510E-03  0.4180E-06 -0.2181      0.2177       0.000       0.000       0.000       0.000        0.000       0.000       0.000       0.000       0.000       0.000                            0.4180E-06  0.4180E-06   0.000    
  18057600.0   10.52286882   10.5671   0.000       0.000      0.4422E-03  0.3785E-06 -0.2165      0.2161       0.000       0.000       0.000       0.000        0.000       0.000       0.000       0.000       0.000       0.000                            0.3785E-06  0.3785E-06   0.000    
  18144000.0   10.51621196   10.5598   0.000       0.000      0.4354E-03  0.3852E-06 -0.2150      0.2146       0.000       0.000       0.000       0.000        0.000       0.000       0.000       0.000       0.000       0.000                            0.3852E-06  0.3852E-06   0.000    
  18230400.0   10.51007128   10.5529   0.000       0.000      0.4278E-03  0.3554E-06 -0.2134      0.2130       0.000       0.000       0.000       0.000        0.000       0.000       0.000       0.000       0.000       0.000                            0.3554E-06  0.3554E-06   0.000    
  18316800.0   10.50390088   10.5461   0.000       0.000      0.4219E-03  0.3571E-06 -0.2120      0.2116       0.000       0.000       0.000       0.000        0.000       0.000       0.000       0.000       0.000       0.000                            0.3571E-06  0.3571E-06   0.000    
  18403200.0   10.49808561   10.5396   0.000       0.000      0.4155E-03  0.3365E-06 -0.2105      0.2101       0.000       0.000       0.000       0.000      -0.6459E-07   0.000       0.000       0.000       0.000       0.000                            0.3365E-06  0.3365E-06   0.000    
  18489600.0   10.49275217   10.5336   0.000       0.000      0.4084E-03  0.3086E-06 -0.2091      0.2087       0.000       0.000       0.000       0.000      -0.4105E-06   0.000       0.000       0.000       0.000       0.000                            0.3086E-06  0.3086E-06   0.000    
  18576000.0   10.48771359   10.5279   0.000       0.000      0.4015E-03  0.2916E-06 -0.2077      0.2073       0.000       0.000       0.000       0.000      -0.5719E-06   0.000       0.000       0.000       0.000       0.000                            0.2916E-06  0.2916E-06   0.000    
  18662400.0   10.48278364   10.5223   0.000       0.000      0.3954E-03  0.2853E-06 -0.2062      0.2058       0.000       0.000       0.000       0.000      -0.6871E-06   0.000       0.000       0.000       0.000       0.000                            0.2853E-06  0.2853E-06   0.000    
  18748800.0   10.47826941   10.5171   0.000       0.000      0.3888E-03  0.2612E-06 -0.2049      0.2045       0.000       0.000       0.000       0.000      -0.7216E-06   0.000       0.000       0.000       0.000       0.000                            0.2612E-06  0.2612E-06   0.000    
  18835200.0   10.47968356   10.5202   0.000       0.000      0.4048E-03 -0.8184E-07 -0.2049      0.2045       0.000       0.000       0.000       0.000       0.2348E-06   0.000       0.000       0.000       0.000       0.000                           -0.8184E-07 -0.8184E-07   0.000    
  18921600.0   10.47574916   10.5154   0.000       0.000      0.3965E-03  0.2277E-06 -0.2038      0.2034       0.000       0.000       0.000       0.000      -0.6719E-06   0.000       0.000       0.000       0.000       0.000                            0.2277E-06  0.2277E-06   0.000    
  19008000.0   10.47080393   10.5094   0.000       0.000      0.3864E-03  0.2862E-06 -0.2024      0.2020       0.000       0.000       0.000       0.000      -0.9227E-06   0.000       0.000       0.000       0.000       0.000                            0.2862E-06  0.2862E-06   0.000    
  19094400.0   10.46618688   10.5041   0.000       0.000      0.3792E-03  0.2672E-06 -0.2011      0.2007       0.000       0.000       0.000       0.000      -0.9332E-06   0.000       0.000       0.000       0.000       0.000                            0.2672E-06  0.2672E-06   0.000    
  19180800.0   10.46187635   10.4992   0.000       0.000      0.3728E-03  0.2495E-06 -0.1998      0.1994       0.000       0.000       0.000       0.000      -0.9289E-06   0.000       0.000       0.000       0.000       0.000                            0.2495E-06  0.2495E-06   0.000    
  19267200.0   10.45785116   10.4946   0.000       0.000      0.3677E-03  0.2329E-06 -0.1985      0.1982       0.000       0.000       0.000       0.000      -0.9143E-06   0.000       0.000       0.000       0.000       0.000                            0.2329E-06  0.2329E-06   0.000    
  19353600.0   10.45383121   10.4900   0.000       0.000      0.3621E-03  0.2326E-06 -0.1973      0.1969       0.000       0.000       0.000       0.000      -0.9558E-06   0.000       0.000       0.000       0.000       0.000                            0.2326E-06  0.2326E-06   0.000    
  19440000.0   10.44998103   10.4857   0.000       0.000      0.3569E-03  0.2228E-06 -0.1961      0.1957       0.000       0.000       0.000       0.000      -0.9534E-06   0.000       0.000       0.000       0.000       0.000                            0.2228E-06  0.2228E-06   0.000    
  19526400.0   10.44615367   10.4814   0.000       0.000      0.3523E-03  0.2215E-06 -0.1948      0.1945       0.000       0.000       0.000       0.000      -0.9829E-06   0.000       0.000       0.000       0.000       0.000                            0.2215E-06  0.2215E-06   0.000    
  19612800.0   10.44260228   10.4773   0.000       0.000      0.3472E-03  0.2055E-06 -0.1937      0.1933       0.000       0.000       0.000       0.000      -0.9420E-06   0.000       0.000       0.000       0.000       0.000                            0.2055E-06  0.2055E-06   0.000    
  19699200.0   10.43898988   10.4733   0.000       0.000      0.3431E-03  0.2091E-06 -0.1925      0.1921       0.000       0.000       0.000       0.000      -0.9867E-06   0.000       0.000       0.000       0.000       0.000                            0.2091E-06  0.2091E-06   0.000    
  19785600.0   10.43560758   10.4695   0.000       0.000      0.3385E-03  0.1957E-06 -0.1914      0.1910       0.000       0.000       0.000       0.000      -0.9490E-06   0.000       0.000       0.000       0.000       0.000                            0.1957E-06  0.1957E-06   0.000    
  19872000.0   10.43217967   10.4656   0.000       0.000      0.3346E-03  0.1984E-06 -0.1902      0.1899       0.000       0.000       0.000       0.000      -0.9858E-06   0.000       0.000       0.000       0.000       0.000                            0.1984E-06  0.1984E-06   0.000    
  19958400.0   10.43415764   10.4694   0.000       0.000      0.3523E-03 -0.1145E-06 -0.1904      0.1901       0.000       0.000       0.000       0.000       0.5717E-06   0.000       0.000       0.000       0.000       0.000                           -0.1145E-06 -0.1145E-06   0.000    
  20044800.0   10.43794031   10.4752   0.000       0.000      0.3724E-03 -0.2189E-06 -0.1912      0.1908       0.000       0.000       0.000       0.000       0.1071E-05   0.000       0.000       0.000       0.000       0.000                           -0.2189E-06 -0.2189E-06   0.000    
  20131200.0   10.43304562   10.4684   0.000       0.000      0.3537E-03  0.2833E-06 -0.1899      0.1895       0.000       0.000       0.000       0.000      -0.1392E-05   0.000       0.000       0.000       0.000       0.000                            0.2833E-06  0.2833E-06   0.000    
  20217600.0   10.43056930   10.4657   0.000       0.000      0.3513E-03  0.1433E-06 -0.1891      0.1887       0.000       0.000       0.000       0.000      -0.7225E-06   0.000       0.000       0.000       0.000       0.000                            0.1433E-06  0.1433E-06   0.000    
  20304000.0   10.42767168   10.4624   0.000       0.000      0.3470E-03  0.1677E-06 -0.1882      0.1878       0.000       0.000       0.000       0.000      -0.8606E-06   0.000       0.000       0.000       0.000       0.000                            0.1677E-06  0.1677E-06   0.000    
  20390400.0   10.42382545   10.4577   0.000       0.000      0.3389E-03  0.2226E-06 -0.1870      0.1866       0.000       0.000       0.000       0.000      -0.1167E-05   0.000       0.000       0.000       0.000       0.000                            0.2226E-06  0.2226E-06   0.000    
  20476800.0   10.42021080   10.4535   0.000       0.000      0.3329E-03  0.2092E-06 -0.1858      0.1855       0.000       0.000       0.000       0.000      -0.1122E-05   0.000       0.000       0.000       0.000       0.000                            0.2092E-06  0.2092E-06   0.000    
  20563200.0   10.41680030   10.4496   0.000       0.000      0.3276E-03  0.1974E-06 -0.1847      0.1844       0.000       0.000       0.000       0.000      -0.1080E-05   0.000       0.000       0.000       0.000       0.000                            0.1974E-06  0.1974E-06   0.000    
  20649600.0   10.41347501   10.4458   0.000       0.000      0.3229E-03  0.1924E-06 -0.1836      0.1832       0.000       0.000       0.000       0.000      -0.1073E-05   0.000       0.000       0.000       0.000       0.000                            0.1924E-06  0.1924E-06   0.000    
  20736000.0   10.41032030   10.4421   0.000       0.000      0.3183E-03  0.1826E-06 -0.1825      0.1822       0.000       0.000       0.000       0.000      -0.1035E-05   0.000       0.000       0.000       0.000       0.000                            0.1826E-06  0.1826E-06   0.000    
  20822400.0   10.40719700   10.4386   0.000       0.000      0.3142E-03  0.1807E-06 -0.1814      0.1811       0.000       0.000       0.000       0.000      -0.1041E-05   0.000       0.000       0.000       0.000       0.000                            0.1807E-06  0.1807E-06   0.000    
  20908800.0   10.40422949   10.4352   0.000       0.000      0.3100E-03  0.1717E-06 -0.1804      0.1801       0.000       0.000       0.000       0.000      -0.1004E-05   0.000       0.000       0.000       0.000       0.000                            0.1717E-06  0.1717E-06   0.000    
  20995200.0   10.40126542   10.4319   0.000       0.000      0.3063E-03  0.1715E-06 -0.1794      0.1791       0.000       0.000       0.000       0.000      -0.1016E-05   0.000       0.000       0.000       0.000       0.000                            0.1715E-06  0.1715E-06   0.000    
  21081600.0   10.39844957   10.4287   0.000       0.000      0.3025E-03  0.1630E-06 -0.1784      0.1781       0.000       0.000       0.000       0.000      -0.9783E-06   0.000       0.000       0.000       0.000       0.000                            0.1630E-06  0.1630E-06   0.000    
  21168000.0   10.39561681   10.4255   0.000       0.000      0.2992E-03  0.1639E-06 -0.1774      0.1771       0.000       0.000       0.000       0.000      -0.9964E-06   0.000       0.000       0.000       0.000       0.000                            0.1639E-06  0.1639E-06   0.000    
  21254400.0   10.39292705   10.4225   0.000       0.000      0.2957E-03  0.1557E-06 -0.1764      0.1761       0.000       0.000       0.000       0.000      -0.9573E-06   0.000       0.000       0.000       0.000       0.000                            0.1557E-06  0.1557E-06   0.000    
  21340800.0   10.39023900   10.4195   0.000       0.000      0.2925E-03  0.1556E-06 -0.1755      0.1752       0.000       0.000       0.000       0.000      -0.9673E-06   0.000       0.000       0.000       0.000       0.000                            0.1556E-06  0.1556E-06   0.000    
  21427200.0   10.38759458   10.4165   0.000       0.000      0.2894E-03  0.1530E-06 -0.1745      0.1742       0.000       0.000       0.000       0.000      -0.9618E-06   0.000       0.000       0.000       0.000       0.000                            0.1530E-06  0.1530E-06   0.000    
  21513600.0   10.38580065   10.4148   0.000       0.000      0.2895E-03  0.1038E-06 -0.1738      0.1735       0.000       0.000       0.000       0.000      -0.6581E-06   0.000       0.000       0.000       0.000       0.000                            0.1038E-06  0.1038E-06   0.000    
  21600000.0   10.39146744   10.4235   0.000       0.000      0.3208E-03 -0.3279E-06 -0.1751      0.1748       0.000       0.000       0.000       0.000       0.2063E-05   0.000       0.000       0.000       0.000       0.000                           -0.3279E-06 -0.3279E-06   0.000    
  21686400.0   10.38756944   10.4180   0.000       0.000      0.3039E-03  0.2256E-06 -0.1740      0.1737       0.000       0.000       0.000       0.000      -0.1414E-05   0.000       0.000       0.000       0.000       0.000                            0.2256E-06  0.2256E-06   0.000    
  21772800.0   10.38425475   10.4139   0.000       0.000      0.2963E-03  0.1918E-06 -0.1730      0.1727       0.000       0.000       0.000       0.000      -0.1220E-05   0.000       0.000       0.000       0.000       0.000                            0.1918E-06  0.1918E-06   0.000    
  21859200.0   10.38124414   10.4104   0.000       0.000      0.2911E-03  0.1742E-06 -0.1720      0.1717       0.000       0.000       0.000       0.000      -0.1121E-05   0.000       0.000       0.000       0.000       0.000                            0.1742E-06  0.1742E-06   0.000    
  21945600.0   10.37837370   10.4071   0.000       0.000      0.2870E-03  0.1661E-06 -0.1710      0.1707       0.000       0.000       0.000       0.000      -0.1080E-05   0.000       0.000       0.000       0.000       0.000                            0.1661E-06  0.1661E-06   0.000    
  22032000.0   10.37569672   10.4040   0.000       0.000      0.2830E-03  0.1549E-06 -0.1701      0.1698       0.000       0.000       0.000       0.000      -0.1017E-05   0.000       0.000       0.000       0.000       0.000                            0.1549E-06  0.1549E-06   0.000    
  22118400.0   10.37309487   10.4010   0.000       0.000      0.2795E-03  0.1506E-06 -0.1691      0.1688       0.000       0.000       0.000       0.000      -0.9980E-06   0.000       0.000       0.000       0.000       0.000                            0.1506E-06  0.1506E-06   0.000    
  22204800.0   10.37054034   10.3982   0.000       0.000      0.2763E-03  0.1478E-06 -0.1682      0.1679       0.000       0.000       0.000       0.000      -0.9884E-06   0.000       0.000       0.000       0.000       0.000                            0.1478E-06  0.1478E-06   0.000    
  22291200.0   10.36809785   10.3954   0.000       0.000      0.2731E-03  0.1413E-06 -0.1673      0.1671       0.000       0.000       0.000       0.000      -0.9528E-06   0.000       0.000       0.000       0.000       0.000                            0.1413E-06  0.1413E-06   0.000    
  22377600.0   10.36568965   10.3927   0.000       0.000      0.2702E-03  0.1394E-06 -0.1665      0.1662       0.000       0.000       0.000       0.000      -0.9468E-06   0.000       0.000       0.000       0.000       0.000                            0.1394E-06  0.1394E-06   0.000    
  22464000.0   10.37258364   10.4032   0.000       0.000      0.3063E-03 -0.3990E-06 -0.1682      0.1679       0.000       0.000       0.000       0.000       0.2691E-05   0.000       0.000       0.000       0.000       0.000                           -0.3990E-06 -0.3990E-06   0.000    
  22550400.0   10.36998306   10.3993   0.000       0.000      0.2933E-03  0.1505E-06 -0.1674      0.1672       0.000       0.000       0.000       0.000      -0.1008E-05   0.000       0.000       0.000       0.000       0.000                            0.1505E-06  0.1505E-06   0.000    
  22636800.0   10.36905785   10.3985   0.000       0.000      0.2942E-03  0.5354E-07 -0.1671      0.1668       0.000       0.000       0.000       0.000      -0.3607E-06   0.000       0.000       0.000       0.000       0.000                            0.5354E-07  0.5354E-07   0.000    
  22723200.0   10.39280911   10.4327   0.000       0.000      0.3988E-03 -0.1374E-05 -0.1735      0.1731       0.000       0.000       0.000       0.000       0.8898E-05   0.000       0.000       0.000       0.000       0.000                           -0.1374E-05 -0.1374E-05   0.000    
  22809600.0   10.39123251   10.4285   0.000       0.000      0.3728E-03  0.9124E-07 -0.1735      0.1731       0.000       0.000       0.000       0.000      -0.5663E-06   0.000       0.000       0.000       0.000       0.000                            0.9124E-07  0.9124E-07   0.000    
  22896000.0   10.38911478   10.4254   0.000       0.000      0.3627E-03  0.1226E-06 -0.1730      0.1727       0.000       0.000       0.000       0.000      -0.7664E-06   0.000       0.000       0.000       0.000       0.000                            0.1226E-06  0.1226E-06   0.000    
  22982400.0   10.38690751   10.4224   0.000       0.000      0.3554E-03  0.1277E-06 -0.1725      0.1721       0.000       0.000       0.000       0.000      -0.8056E-06   0.000       0.000       0.000       0.000       0.000                            0.1277E-06  0.1277E-06   0.000    
  23068800.0   10.38451036   10.4195   0.000       0.000      0.3494E-03  0.1387E-06 -0.1718      0.1714       0.000       0.000       0.000       0.000      -0.8827E-06   0.000       0.000       0.000       0.000       0.000                            0.1387E-06  0.1387E-06   0.000    
  23155200.0   10.38166900   10.4158   0.000       0.000      0.3417E-03  0.1644E-06 -0.1709      0.1706       0.000       0.000       0.000       0.000      -0.1057E-05   0.000       0.000       0.000       0.000       0.000                            0.1644E-06  0.1644E-06   0.000    
  23241600.0   10.37864724   10.4121   0.000       0.000      0.3343E-03  0.1749E-06 -0.1700      0.1696       0.000       0.000       0.000       0.000      -0.1136E-05   0.000       0.000       0.000       0.000       0.000                            0.1749E-06  0.1749E-06   0.000    
  23328000.0   10.37542281   10.4081   0.000       0.000      0.3268E-03  0.1866E-06 -0.1689      0.1686       0.000       0.000       0.000       0.000      -0.1226E-05   0.000       0.000       0.000       0.000       0.000                            0.1866E-06  0.1866E-06   0.000    
  23414400.0   10.37227296   10.4042   0.000       0.000      0.3194E-03  0.1823E-06 -0.1679      0.1676       0.000       0.000       0.000       0.000      -0.1210E-05   0.000       0.000       0.000       0.000       0.000                            0.1823E-06  0.1823E-06   0.000    
  23500800.0   10.36929065   10.4006   0.000       0.000      0.3131E-03  0.1726E-06 -0.1669      0.1666       0.000       0.000       0.000       0.000      -0.1158E-05   0.000       0.000       0.000       0.000       0.000                            0.1726E-06  0.1726E-06   0.000    
  23587200.0   10.36639645   10.3971   0.000       0.000      0.3072E-03  0.1675E-06 -0.1659      0.1656       0.000       0.000       0.000       0.000      -0.1134E-05   0.000       0.000       0.000       0.000       0.000                            0.1675E-06  0.1675E-06   0.000    
  23673600.0   10.36351765   10.3937   0.000       0.000      0.3015E-03  0.1666E-06 -0.1649      0.1646       0.000       0.000       0.000       0.000      -0.1139E-05   0.000       0.000       0.000       0.000       0.000                            0.1666E-06  0.1666E-06   0.000    
  23760000.0   10.36063781   10.3902   0.000       0.000      0.2956E-03  0.1667E-06 -0.1639      0.1636       0.000       0.000       0.000       0.000      -0.1149E-05   0.000       0.000       0.000       0.000       0.000                            0.1667E-06  0.1667E-06   0.000    
  23846400.0   10.35784404   10.3869   0.000       0.000      0.2901E-03  0.1617E-06 -0.1629      0.1627       0.000       0.000       0.000       0.000      -0.1125E-05   0.000       0.000       0.000       0.000       0.000                            0.1617E-06  0.1617E-06   0.000    
  23932800.0   10.35516226   10.3837   0.000       0.000      0.2852E-03  0.1552E-06 -0.1620      0.1617       0.000       0.000       0.000       0.000      -0.1088E-05   0.000       0.000       0.000       0.000       0.000                            0.1552E-06  0.1552E-06   0.000    
  24019200.0   10.35256092   10.3806   0.000       0.000      0.2806E-03  0.1505E-06 -0.1611      0.1608       0.000       0.000       0.000       0.000      -0.1064E-05   0.000       0.000       0.000       0.000       0.000                            0.1505E-06  0.1505E-06   0.000    
  24105600.0   10.35001753   10.3776   0.000       0.000      0.2762E-03  0.1472E-06 -0.1602      0.1599       0.000       0.000       0.000       0.000      -0.1047E-05   0.000       0.000       0.000       0.000       0.000                            0.1472E-06  0.1472E-06   0.000    
  24192000.0   10.34752291   10.3747   0.000       0.000      0.2719E-03  0.1444E-06 -0.1593      0.1590       0.000       0.000       0.000       0.000      -0.1034E-05   0.000       0.000       0.000       0.000       0.000                            0.1444E-06  0.1444E-06   0.000    
  24278400.0   10.34508349   10.3719   0.000       0.000      0.2678E-03  0.1412E-06 -0.1584      0.1581       0.000       0.000       0.000       0.000      -0.1018E-05   0.000       0.000       0.000       0.000       0.000                            0.1412E-06  0.1412E-06   0.000    
  24364800.0   10.34269910   10.3691   0.000       0.000      0.2639E-03  0.1380E-06 -0.1575      0.1573       0.000       0.000       0.000       0.000      -0.1002E-05   0.000       0.000       0.000       0.000       0.000                            0.1380E-06  0.1380E-06   0.000    
  24451200.0   10.34037573   10.3664   0.000       0.000      0.2603E-03  0.1345E-06 -0.1567      0.1564       0.000       0.000       0.000       0.000      -0.9820E-06   0.000       0.000       0.000       0.000       0.000                            0.1345E-06  0.1345E-06   0.000    
  24537600.0   10.33810801   10.3638   0.000       0.000      0.2568E-03  0.1312E-06 -0.1559      0.1556       0.000       0.000       0.000       0.000      -0.9641E-06   0.000       0.000       0.000       0.000       0.000                            0.1312E-06  0.1312E-06   0.000    
  24624000.0   10.33589069   10.3613   0.000       0.000      0.2536E-03  0.1283E-06 -0.1551      0.1548       0.000       0.000       0.000       0.000      -0.9479E-06   0.000       0.000       0.000       0.000       0.000                            0.1283E-06  0.1283E-06   0.000    
  24710400.0   10.33370791   10.3588   0.000       0.000      0.2505E-03  0.1263E-06 -0.1542      0.1540       0.000       0.000       0.000       0.000      -0.9382E-06   0.000       0.000       0.000       0.000       0.000                            0.1263E-06  0.1263E-06   0.000    
  24796800.0   10.33158946   10.3563   0.000       0.000      0.2475E-03  0.1226E-06 -0.1535      0.1532       0.000       0.000       0.000       0.000      -0.9153E-06   0.000       0.000       0.000       0.000       0.000                            0.1226E-06  0.1226E-06   0.000    
  24883200.0   10.32963880   10.3542   0.000       0.000      0.2452E-03  0.1129E-06 -0.1527      0.1525       0.000       0.000       0.000       0.000      -0.8469E-06   0.000       0.000       0.000       0.000       0.000                            0.1129E-06  0.1129E-06   0.000    
  24969600.0   10.33016570   10.3554   0.000       0.000      0.2528E-03 -0.3049E-07 -0.1527      0.1525       0.000       0.000       0.000       0.000       0.2291E-06   0.000       0.000       0.000       0.000       0.000                           -0.3049E-07 -0.3049E-07   0.000    
  25056000.0   10.32785000   10.3525   0.000       0.000      0.2466E-03  0.1340E-06 -0.1519      0.1517       0.000       0.000       0.000       0.000      -0.1009E-05   0.000       0.000       0.000       0.000       0.000                            0.1340E-06  0.1340E-06   0.000    
  25142400.0   10.32565044   10.3499   0.000       0.000      0.2429E-03  0.1273E-06 -0.1512      0.1509       0.000       0.000       0.000       0.000      -0.9635E-06   0.000       0.000       0.000       0.000       0.000                            0.1273E-06  0.1273E-06   0.000    
  25228800.0   10.32848642   10.3545   0.000       0.000      0.2597E-03 -0.1641E-06 -0.1519      0.1516       0.000       0.000       0.000       0.000       0.1241E-05   0.000       0.000       0.000       0.000       0.000                           -0.1641E-06 -0.1641E-06   0.000    
  25315200.0   10.32630064   10.3515   0.000       0.000      0.2519E-03  0.1265E-06 -0.1512      0.1509       0.000       0.000       0.000       0.000      -0.9560E-06   0.000       0.000       0.000       0.000       0.000                            0.1265E-06  0.1265E-06   0.000    
  25401600.0   10.32683550   10.3527   0.000       0.000      0.2585E-03 -0.3095E-07 -0.1512      0.1510       0.000       0.000       0.000       0.000       0.2344E-06   0.000       0.000       0.000       0.000       0.000                           -0.3095E-07 -0.3095E-07   0.000    
  25488000.0   10.32708028   10.3533   0.000       0.000      0.2621E-03 -0.1417E-07 -0.1512      0.1510       0.000       0.000       0.000       0.000       0.1072E-06   0.000       0.000       0.000       0.000       0.000                           -0.1417E-07 -0.1417E-07   0.000    
  25574400.0   10.32888961   10.3561   0.000       0.000      0.2719E-03 -0.1047E-06 -0.1517      0.1514       0.000       0.000       0.000       0.000       0.7903E-06   0.000       0.000       0.000       0.000       0.000                           -0.1047E-06 -0.1047E-06   0.000    
  25660800.0   10.32692911   10.3534   0.000       0.000      0.2649E-03  0.1135E-06 -0.1511      0.1508       0.000       0.000       0.000       0.000      -0.8565E-06   0.000       0.000       0.000       0.000       0.000                            0.1135E-06  0.1135E-06   0.000    
  25747200.0   10.33082171   10.3593   0.000       0.000      0.2846E-03 -0.2253E-06 -0.1522      0.1519       0.000       0.000       0.000       0.000       0.1697E-05   0.000       0.000       0.000       0.000       0.000                           -0.2253E-06 -0.2253E-06   0.000    
  25833600.0   10.35138135   10.3882   0.000       0.000      0.3678E-03 -0.1190E-05 -0.1582      0.1578       0.000       0.000       0.000       0.000       0.8697E-05   0.000       0.000       0.000       0.000       0.000                           -0.1190E-05 -0.1190E-05   0.000    
  25920000.0   10.37767596   10.4237   0.000       0.000      0.4599E-03 -0.1522E-05 -0.1659      0.1655       0.000       0.000       0.000       0.000       0.1041E-04   0.000       0.000       0.000       0.000       0.000                           -0.1522E-05 -0.1522E-05   0.000    
  26006400.0   10.40300061   10.4569   0.000       0.000      0.5389E-03 -0.1466E-05 -0.1734      0.1729       0.000       0.000       0.000       0.000       0.9152E-05   0.000       0.000       0.000       0.000       0.000                           -0.1466E-05 -0.1466E-05   0.000    
  26092800.0   10.40827341   10.4613   0.000       0.000      0.5306E-03 -0.3051E-06 -0.1757      0.1751       0.000       0.000       0.000       0.000       0.1784E-05   0.000       0.000       0.000       0.000       0.000                           -0.3051E-06 -0.3051E-06   0.000    
  26179200.0   10.40453116   10.4546   0.000       0.000      0.5007E-03  0.2166E-06 -0.1753      0.1748       0.000       0.000       0.000       0.000      -0.1262E-05   0.000       0.000       0.000       0.000       0.000                            0.2166E-06  0.2166E-06   0.000    
  26265600.0   10.39955360   10.4473   0.000       0.000      0.4775E-03  0.2881E-06 -0.1743      0.1738       0.000       0.000       0.000       0.000      -0.1712E-05   0.000       0.000       0.000       0.000       0.000                            0.2881E-06  0.2881E-06   0.000    
  26352000.0   10.39453048   10.4404   0.000       0.000      0.4582E-03  0.2907E-06 -0.1730      0.1725       0.000       0.000       0.000       0.000      -0.1767E-05   0.000       0.000       0.000       0.000       0.000                            0.2907E-06  0.2907E-06   0.000    
  26438400.0   10.38965013   10.4338   0.000       0.000      0.4415E-03  0.2824E-06 -0.1717      0.1712       0.000       0.000       0.000       0.000      -0.1753E-05   0.000       0.000       0.000       0.000       0.000                            0.2824E-06  0.2824E-06   0.000    
  26524800.0   10.38490924   10.4275   0.000       0.000      0.4262E-03  0.2744E-06 -0.1703      0.1699       0.000       0.000       0.000       0.000      -0.1735E-05   0.000       0.000       0.000       0.000       0.000                            0.2744E-06  0.2744E-06   0.000    
  26611200.0   10.38013700   10.4213   0.000       0.000      0.4112E-03  0.2762E-06 -0.1689      0.1685       0.000       0.000       0.000       0.000      -0.1778E-05   0.000       0.000       0.000       0.000       0.000                            0.2762E-06  0.2762E-06   0.000    
  26697600.0   10.37568097   10.4155   0.000       0.000      0.3980E-03  0.2579E-06 -0.1675      0.1671       0.000       0.000       0.000       0.000      -0.1688E-05   0.000       0.000       0.000       0.000       0.000                            0.2579E-06  0.2579E-06   0.000    
  26784000.0   10.37142121   10.4100   0.000       0.000      0.3856E-03  0.2465E-06 -0.1662      0.1658       0.000       0.000       0.000       0.000      -0.1639E-05   0.000       0.000       0.000       0.000       0.000                            0.2465E-06  0.2465E-06   0.000    
  26870400.0   10.38638475   10.4318   0.000       0.000      0.4539E-03 -0.8659E-06 -0.1701      0.1697       0.000       0.000       0.000       0.000       0.5649E-05   0.000       0.000       0.000       0.000       0.000                           -0.8659E-06 -0.8659E-06   0.000    
  26956800.0   10.39520342   10.4430   0.000       0.000      0.4784E-03 -0.5103E-06 -0.1727      0.1722       0.000       0.000       0.000       0.000       0.3183E-05   0.000       0.000       0.000       0.000       0.000                           -0.5103E-06 -0.5103E-06   0.000    
  27043200.0   10.40336917   10.4535   0.000       0.000      0.5011E-03 -0.4726E-06 -0.1752      0.1747       0.000       0.000       0.000       0.000       0.2844E-05   0.000       0.000       0.000       0.000       0.000                           -0.4726E-06 -0.4726E-06   0.000    
  27129600.0   10.40547655   10.4554   0.000       0.000      0.4988E-03 -0.1220E-06 -0.1760      0.1755       0.000       0.000       0.000       0.000       0.7171E-06   0.000       0.000       0.000       0.000       0.000                           -0.1220E-06 -0.1220E-06   0.000    
  27216000.0   10.41007705   10.4612   0.000       0.000      0.5115E-03 -0.2662E-06 -0.1775      0.1770       0.000       0.000       0.000       0.000       0.1541E-05   0.000       0.000       0.000       0.000       0.000                           -0.2662E-06 -0.2662E-06   0.000    
  27302400.0   10.42200909   10.4774   0.000       0.000      0.5539E-03 -0.6905E-06 -0.1808      0.1802       0.000       0.000       0.000       0.000       0.3829E-05   0.000       0.000       0.000       0.000       0.000                           -0.6905E-06 -0.6905E-06   0.000    
  27388800.0   10.44562245   10.5092   0.000       0.000      0.6356E-03 -0.1367E-05 -0.1869      0.1863       0.000       0.000       0.000       0.000       0.6784E-05   0.000       0.000       0.000       0.000       0.000                           -0.1367E-05 -0.1367E-05   0.000    
  27475200.0   10.46571768   10.5344   0.000       0.000      0.6869E-03 -0.1163E-05 -0.1923      0.1916       0.000       0.000       0.000       0.000       0.4776E-05   0.000       0.000       0.000       0.000       0.000                           -0.1163E-05 -0.1163E-05   0.000    
  27561600.0   10.46245404   10.5271   0.000       0.000      0.6467E-03  0.1889E-06 -0.1925      0.1918       0.000       0.000       0.000       0.000      -0.7028E-06   0.000       0.000       0.000       0.000       0.000                            0.1889E-06  0.1889E-06   0.000    
  27648000.0   10.45662141   10.5182   0.000       0.000      0.6160E-03  0.3375E-06 -0.1916      0.1910       0.000       0.000       0.000       0.000      -0.1330E-05   0.000       0.000       0.000       0.000       0.000                            0.3375E-06  0.3375E-06   0.000    
  27734400.0   10.44961541   10.5083   0.000       0.000      0.5872E-03  0.4054E-06 -0.1901      0.1896       0.000       0.000       0.000       0.000      -0.1714E-05   0.000       0.000       0.000       0.000       0.000                            0.4054E-06  0.4054E-06   0.000    
  27820800.0   10.44394456   10.5006   0.000       0.000      0.5666E-03  0.3282E-06 -0.1888      0.1882       0.000       0.000       0.000       0.000      -0.1473E-05   0.000       0.000       0.000       0.000       0.000                            0.3282E-06  0.3282E-06   0.000    
  27907200.0   10.43971857   10.4950   0.000       0.000      0.5526E-03  0.2446E-06 -0.1877      0.1872       0.000       0.000       0.000       0.000      -0.1145E-05   0.000       0.000       0.000       0.000       0.000                            0.2446E-06  0.2446E-06   0.000    
  27993600.0   10.45054524   10.5105   0.000       0.000      0.5995E-03 -0.6265E-06 -0.1902      0.1896       0.000       0.000       0.000       0.000       0.2852E-05   0.000       0.000       0.000       0.000       0.000                           -0.6265E-06 -0.6265E-06   0.000    
  28080000.0   10.46639957   10.5314   0.000       0.000      0.6503E-03 -0.9175E-06 -0.1940      0.1934       0.000       0.000       0.000       0.000       0.3655E-05   0.000       0.000       0.000       0.000       0.000                           -0.9175E-06 -0.9175E-06   0.000    
  28166400.0   10.47410844   10.5402   0.000       0.000      0.6605E-03 -0.4461E-06 -0.1962      0.1956       0.000       0.000       0.000       0.000       0.1515E-05   0.000       0.000       0.000       0.000       0.000                           -0.4461E-06 -0.4461E-06   0.000    
  28252800.0   10.46937770   10.5322   0.000       0.000      0.6287E-03  0.2738E-06 -0.1957      0.1950       0.000       0.000       0.000       0.000      -0.9070E-06   0.000       0.000       0.000       0.000       0.000                            0.2738E-06  0.2738E-06   0.000    
  28339200.0   10.46276507   10.5228   0.000       0.000      0.6004E-03  0.3827E-06 -0.1944      0.1938       0.000       0.000       0.000       0.000      -0.1385E-05   0.000       0.000       0.000       0.000       0.000                            0.3827E-06  0.3827E-06   0.000    
  28425600.0   10.45586152   10.5134   0.000       0.000      0.5755E-03  0.3995E-06 -0.1928      0.1922       0.000       0.000       0.000       0.000      -0.1578E-05   0.000       0.000       0.000       0.000       0.000                            0.3995E-06  0.3995E-06   0.000    
  28512000.0   10.44906242   10.5044   0.000       0.000      0.5529E-03  0.3935E-06 -0.1911      0.1906       0.000       0.000       0.000       0.000      -0.1674E-05   0.000       0.000       0.000       0.000       0.000                            0.3935E-06  0.3935E-06   0.000    
  28598400.0   10.44259529   10.4958   0.000       0.000      0.5319E-03  0.3743E-06 -0.1894      0.1889       0.000       0.000       0.000       0.000      -0.1694E-05   0.000       0.000       0.000       0.000       0.000                            0.3743E-06  0.3743E-06   0.000    
  28684800.0   10.43639485   10.4877   0.000       0.000      0.5126E-03  0.3588E-06 -0.1877      0.1872       0.000       0.000       0.000       0.000      -0.1711E-05   0.000       0.000       0.000       0.000       0.000                            0.3588E-06  0.3588E-06   0.000    
  28771200.0   10.43044986   10.4799   0.000       0.000      0.4946E-03  0.3440E-06 -0.1860      0.1855       0.000       0.000       0.000       0.000      -0.1715E-05   0.000       0.000       0.000       0.000       0.000                            0.3440E-06  0.3440E-06   0.000    
  28857600.0   10.42476056   10.4726   0.000       0.000      0.4779E-03  0.3292E-06 -0.1843      0.1839       0.000       0.000       0.000       0.000      -0.1706E-05   0.000       0.000       0.000       0.000       0.000                            0.3292E-06  0.3292E-06   0.000    
  28944000.0   10.41924518   10.4655   0.000       0.000      0.4620E-03  0.3192E-06 -0.1827      0.1822       0.000       0.000       0.000       0.000      -0.1712E-05   0.000       0.000       0.000       0.000       0.000                            0.3192E-06  0.3192E-06   0.000    
  29030400.0   10.41386853   10.4586   0.000       0.000      0.4469E-03  0.3111E-06 -0.1810      0.1806       0.000       0.000       0.000       0.000      -0.1721E-05   0.000       0.000       0.000       0.000       0.000                            0.3111E-06  0.3111E-06   0.000    
  29116800.0   10.40869769   10.4520   0.000       0.000      0.4329E-03  0.2992E-06 -0.1794      0.1790       0.000       0.000       0.000       0.000      -0.1702E-05   0.000       0.000       0.000       0.000       0.000                            0.2992E-06  0.2992E-06   0.000    
  29203200.0   10.40369940   10.4456   0.000       0.000      0.4192E-03  0.2893E-06 -0.1779      0.1775       0.000       0.000       0.000       0.000      -0.1687E-05   0.000       0.000       0.000       0.000       0.000                            0.2893E-06  0.2893E-06   0.000    
  29289600.0   10.39891499   10.4396   0.000       0.000      0.4067E-03  0.2769E-06 -0.1763      0.1759       0.000       0.000       0.000       0.000      -0.1652E-05   0.000       0.000       0.000       0.000       0.000                            0.2769E-06  0.2769E-06   0.000    
  29376000.0   10.39436172   10.4339   0.000       0.000      0.3951E-03  0.2635E-06 -0.1749      0.1745       0.000       0.000       0.000       0.000      -0.1604E-05   0.000       0.000       0.000       0.000       0.000                            0.2635E-06  0.2635E-06   0.000    
  29462400.0   10.38998268   10.4284   0.000       0.000      0.3845E-03  0.2534E-06 -0.1734      0.1730       0.000       0.000       0.000       0.000      -0.1572E-05   0.000       0.000       0.000       0.000       0.000                            0.2534E-06  0.2534E-06   0.000    
  29548800.0   10.38579319   10.4232   0.000       0.000      0.3744E-03  0.2424E-06 -0.1720      0.1717       0.000       0.000       0.000       0.000      -0.1530E-05   0.000       0.000       0.000       0.000       0.000                            0.2424E-06  0.2424E-06   0.000    
  29635200.0   10.38173844   10.4182   0.000       0.000      0.3649E-03  0.2346E-06 -0.1707      0.1703       0.000       0.000       0.000       0.000      -0.1504E-05   0.000       0.000       0.000       0.000       0.000                            0.2346E-06  0.2346E-06   0.000    
  29721600.0   10.37782319   10.4134   0.000       0.000      0.3559E-03  0.2266E-06 -0.1694      0.1690       0.000       0.000       0.000       0.000      -0.1474E-05   0.000       0.000       0.000       0.000       0.000                            0.2266E-06  0.2266E-06   0.000    
  29808000.0   10.37399410   10.4087   0.000       0.000      0.3473E-03  0.2216E-06 -0.1681      0.1677       0.000       0.000       0.000       0.000      -0.1461E-05   0.000       0.000       0.000       0.000       0.000                            0.2216E-06  0.2216E-06   0.000    
  29894400.0   10.37027253   10.4042   0.000       0.000      0.3392E-03  0.2154E-06 -0.1668      0.1664       0.000       0.000       0.000       0.000      -0.1438E-05   0.000       0.000       0.000       0.000       0.000                            0.2154E-06  0.2154E-06   0.000    
  29980800.0   10.36665293   10.3998   0.000       0.000      0.3316E-03  0.2095E-06 -0.1655      0.1652       0.000       0.000       0.000       0.000      -0.1416E-05   0.000       0.000       0.000       0.000       0.000                            0.2095E-06  0.2095E-06   0.000    
  30067200.0   10.36317056   10.3956   0.000       0.000      0.3244E-03  0.2015E-06 -0.1643      0.1640       0.000       0.000       0.000       0.000      -0.1378E-05   0.000       0.000       0.000       0.000       0.000                            0.2015E-06  0.2015E-06   0.000    
  30153600.0   10.35980408   10.3916   0.000       0.000      0.3177E-03  0.1948E-06 -0.1632      0.1628       0.000       0.000       0.000       0.000      -0.1346E-05   0.000       0.000       0.000       0.000       0.000                            0.1948E-06  0.1948E-06   0.000    
  30240000.0   10.35654886   10.3877   0.000       0.000      0.3114E-03  0.1884E-06 -0.1620      0.1617       0.000       0.000       0.000       0.000      -0.1314E-05   0.000       0.000       0.000       0.000       0.000                            0.1884E-06  0.1884E-06   0.000    
  30326400.0   10.35337847   10.3839   0.000       0.000      0.3054E-03  0.1835E-06 -0.1609      0.1606       0.000       0.000       0.000       0.000      -0.1292E-05   0.000       0.000       0.000       0.000       0.000                            0.1835E-06  0.1835E-06   0.000    
  30412800.0   10.35029641   10.3803   0.000       0.000      0.2997E-03  0.1784E-06 -0.1598      0.1595       0.000       0.000       0.000       0.000      -0.1267E-05   0.000       0.000       0.000       0.000       0.000                            0.1784E-06  0.1784E-06   0.000    
  30499200.0   10.34730756   10.3767   0.000       0.000      0.2944E-03  0.1730E-06 -0.1587      0.1584       0.000       0.000       0.000       0.000      -0.1239E-05   0.000       0.000       0.000       0.000       0.000                            0.1730E-06  0.1730E-06   0.000    
  30585600.0   10.34439959   10.3733   0.000       0.000      0.2893E-03  0.1683E-06 -0.1577      0.1574       0.000       0.000       0.000       0.000      -0.1215E-05   0.000       0.000       0.000       0.000       0.000                            0.1683E-06  0.1683E-06   0.000    
  30672000.0   10.34157357   10.3700   0.000       0.000      0.2845E-03  0.1635E-06 -0.1567      0.1564       0.000       0.000       0.000       0.000      -0.1190E-05   0.000       0.000       0.000       0.000       0.000                            0.1635E-06  0.1635E-06   0.000    
  30758400.0   10.33882403   10.3668   0.000       0.000      0.2799E-03  0.1591E-06 -0.1557      0.1554       0.000       0.000       0.000       0.000      -0.1166E-05   0.000       0.000       0.000       0.000       0.000                            0.1591E-06  0.1591E-06   0.000    
  30844800.0   10.33614560   10.3637   0.000       0.000      0.2756E-03  0.1550E-06 -0.1547      0.1544       0.000       0.000       0.000       0.000      -0.1144E-05   0.000       0.000       0.000       0.000       0.000                            0.1550E-06  0.1550E-06   0.000    
  30931200.0   10.33352799   10.3607   0.000       0.000      0.2715E-03  0.1515E-06 -0.1537      0.1535       0.000       0.000       0.000       0.000      -0.1125E-05   0.000       0.000       0.000       0.000       0.000                            0.1515E-06  0.1515E-06   0.000    
  31017600.0   10.33096861   10.3577   0.000       0.000      0.2675E-03  0.1481E-06 -0.1528      0.1525       0.000       0.000       0.000       0.000      -0.1107E-05   0.000       0.000       0.000       0.000       0.000                            0.1481E-06  0.1481E-06   0.000    
  31104000.0   10.32847035   10.3548   0.000       0.000      0.2637E-03  0.1446E-06 -0.1519      0.1516       0.000       0.000       0.000       0.000      -0.1087E-05   0.000       0.000       0.000       0.000       0.000                            0.1446E-06  0.1446E-06   0.000    
  31190400.0   10.32602916   10.3520   0.000       0.000      0.2601E-03  0.1413E-06 -0.1510      0.1507       0.000       0.000       0.000       0.000      -0.1068E-05   0.000       0.000       0.000       0.000       0.000                            0.1413E-06  0.1413E-06   0.000    
  31276800.0   10.32410358   10.3500   0.000       0.000      0.2585E-03  0.1114E-06 -0.1502      0.1500       0.000       0.000       0.000       0.000      -0.8467E-06   0.000       0.000       0.000       0.000       0.000                            0.1114E-06  0.1114E-06   0.000    
  31363200.0   10.32172662   10.3472   0.000       0.000      0.2546E-03  0.1376E-06 -0.1494      0.1491       0.000       0.000       0.000       0.000      -0.1050E-05   0.000       0.000       0.000       0.000       0.000                            0.1376E-06  0.1376E-06   0.000    
  31449600.0   10.31941150   10.3445   0.000       0.000      0.2512E-03  0.1340E-06 -0.1485      0.1483       0.000       0.000       0.000       0.000      -0.1028E-05   0.000       0.000       0.000       0.000       0.000                            0.1340E-06  0.1340E-06   0.000    
  31536000.0   10.31715279   10.3420   0.000       0.000      0.2481E-03  0.1307E-06 -0.1477      0.1474       0.000       0.000       0.000       0.000      -0.1008E-05   0.000       0.000       0.000       0.000       0.000                            0.1307E-06  0.1307E-06   0.000    
  31622400.0   10.31471881   10.3391   0.000       0.000      0.2443E-03  0.1409E-06 -0.1468      0.1465       0.000       0.000       0.000       0.000      -0.1092E-05   0.000       0.000       0.000       0.000       0.000                            0.1409E-06  0.1409E-06   0.000    
