   TOTIM (T)          HCON      HMAT     QDIR      QWELL        QMAT QCADS<->CON       QTUB1       QTUB2       QTUB3       QTUB4       QTUB5       QTUB6       NSTOR        QFIX        QLH     FHLQ (LQ)      CAUCHY CAUCHY (LQ) BREAK-DOWN CADS FLOW  QCADS<->CON    Q_CDSSTO    Q_CDSRCH
     86400.0   10.26365198   10.4497   0.000       0.000      0.1860E-02   0.000     -0.1309E-01  0.1123E-01   0.000       0.000       0.000       0.000        0.000       0.000       0.000       0.000       0.000       0.000                             0.000       0.000       0.000    
    172800.0   10.25557572   10.4375   0.000       0.000      0.1819E-02  0.4674E-06 -0.1280E-01  0.1098E-01   0.000       0.000       0.000       0.000      -0.3994E-05   0.000       0.000       0.000       0.000       0.000                            0.4674E-06  0.4674E-06   0.000    
    259200.0   10.25686565   10.4398   0.000       0.000      0.1830E-02 -0.7465E-07 -0.1287E-01  0.1104E-01   0.000       0.000       0.000       0.000       0.6410E-06   0.000       0.000       0.000       0.000       0.000                           -0.7465E-07 -0.7465E-07   0.000    
    345600.0   10.25674119   10.4396   0.000       0.000      0.1829E-02  0.7202E-08 -0.1286E-01  0.1103E-01   0.000       0.000       0.000       0.000      -0.6180E-07   0.000       0.000       0.000       0.000       0.000                            0.7202E-08  0.7202E-08   0.000    
    432000.0   10.26257774   10.4485   0.000       0.000      0.1859E-02 -0.3378E-06 -0.1307E-01  0.1121E-01   0.000       0.000       0.000       0.000       0.2886E-05   0.000       0.000       0.000       0.000       0.000                           -0.3378E-06 -0.3378E-06   0.000    
    518400.0   10.26527447   10.4522   0.000       0.000      0.1870E-02 -0.1561E-06 -0.1315E-01  0.1128E-01   0.000       0.000       0.000       0.000       0.1325E-05   0.000       0.000       0.000       0.000       0.000                           -0.1561E-06 -0.1561E-06   0.000    
    604800.0   10.26549729   10.4524   0.000       0.000      0.1869E-02 -0.1289E-07 -0.1315E-01  0.1128E-01   0.000       0.000       0.000       0.000       0.1093E-06   0.000       0.000       0.000       0.000       0.000                           -0.1289E-07 -0.1289E-07   0.000    
    691200.0   10.27327652   10.4641   0.000       0.000      0.1909E-02 -0.4502E-06 -0.1342E-01  0.1152E-01   0.000       0.000       0.000       0.000       0.3793E-05   0.000       0.000       0.000       0.000       0.000                           -0.4502E-06 -0.4502E-06   0.000    
    777600.0   10.29416949   10.4953   0.000       0.000      0.2012E-02 -0.1209E-05 -0.1414E-01  0.1214E-01   0.000       0.000       0.000       0.000       0.9954E-05   0.000       0.000       0.000       0.000       0.000                           -0.1209E-05 -0.1209E-05   0.000    
    864000.0   10.32284796   10.5376   0.000       0.000      0.2147E-02 -0.1660E-05 -0.1511E-01  0.1298E-01   0.000       0.000       0.000       0.000       0.1306E-04   0.000       0.000       0.000       0.000       0.000                           -0.1660E-05 -0.1660E-05   0.000    
    950400.0   10.33028781   10.5474   0.000       0.000      0.2171E-02 -0.4305E-06 -0.1531E-01  0.1314E-01   0.000       0.000       0.000       0.000       0.3260E-05   0.000       0.000       0.000       0.000       0.000                           -0.4305E-06 -0.4305E-06   0.000    
   1036800.0   10.35929147   10.5905   0.000       0.000      0.2312E-02 -0.1678E-05 -0.1633E-01  0.1403E-01   0.000       0.000       0.000       0.000       0.1215E-04   0.000       0.000       0.000       0.000       0.000                           -0.1678E-05 -0.1678E-05   0.000    
   1123200.0   10.41412544   10.6708   0.000       0.000      0.2567E-02 -0.3173E-05 -0.1816E-01  0.1561E-01   0.000       0.000       0.000       0.000       0.2005E-04   0.000       0.000       0.000       0.000       0.000                           -0.3173E-05 -0.3173E-05   0.000    
   1209600.0   10.38982305   10.6327   0.000       0.000      0.2429E-02  0.1406E-05 -0.1722E-01  0.1479E-01   0.000       0.000       0.000       0.000      -0.8357E-05   0.000       0.000       0.000       0.000       0.000                            0.1406E-05  0.1406E-05   0.000    
   1296000.0   10.37278041   10.6078   0.000       0.000      0.2350E-02  0.9863E-06 -0.1672E-01  0.1437E-01   0.000       0.000       0.000       0.000      -0.6378E-05   0.000       0.000       0.000       0.000       0.000                            0.9863E-06  0.9863E-06   0.000    
   1382400.0   10.36028377   10.5897   0.000       0.000      0.2294E-02  0.7232E-06 -0.1634E-01  0.1404E-01   0.000       0.000       0.000       0.000      -0.4918E-05   0.000       0.000       0.000       0.000       0.000                            0.7232E-06  0.7232E-06   0.000    
   1468800.0   10.35024114   10.5752   0.000       0.000      0.2250E-02  0.5812E-06 -0.1603E-01  0.1377E-01   0.000       0.000       0.000       0.000      -0.4089E-05   0.000       0.000       0.000       0.000       0.000                            0.5812E-06  0.5812E-06   0.000    
   1555200.0   10.34075974   10.5615   0.000       0.000      0.2207E-02  0.5487E-06 -0.1572E-01  0.1351E-01   0.000       0.000       0.000       0.000      -0.3966E-05   0.000       0.000       0.000       0.000       0.000                            0.5487E-06  0.5487E-06   0.000    
   1641600.0   10.33206051   10.5490   0.000       0.000      0.2169E-02  0.5034E-06 -0.1545E-01  0.1327E-01   0.000       0.000       0.000       0.000      -0.3724E-05   0.000       0.000       0.000       0.000       0.000                            0.5034E-06  0.5034E-06   0.000    
   1728000.0   10.32543538   10.5395   0.000       0.000      0.2141E-02  0.3834E-06 -0.1524E-01  0.1309E-01   0.000       0.000       0.000       0.000      -0.2889E-05   0.000       0.000       0.000       0.000       0.000                            0.3834E-06  0.3834E-06   0.000    
   1814400.0   10.32000218   10.5318   0.000       0.000      0.2118E-02  0.3144E-06 -0.1506E-01  0.1294E-01   0.000       0.000       0.000       0.000      -0.2402E-05   0.000       0.000       0.000       0.000       0.000                            0.3144E-06  0.3144E-06   0.000    
   1900800.0   10.31362797   10.5227   0.000       0.000      0.2091E-02  0.3689E-06 -0.1485E-01  0.1276E-01   0.000       0.000       0.000       0.000      -0.2854E-05   0.000       0.000       0.000       0.000       0.000                            0.3689E-06  0.3689E-06   0.000    
   1987200.0   10.30820756   10.5150   0.000       0.000      0.2067E-02  0.3137E-06 -0.1467E-01  0.1260E-01   0.000       0.000       0.000       0.000      -0.2457E-05   0.000       0.000       0.000       0.000       0.000                            0.3137E-06  0.3137E-06   0.000    
   2073600.0   10.30415174   10.5093   0.000       0.000      0.2051E-02  0.2347E-06 -0.1454E-01  0.1249E-01   0.000       0.000       0.000       0.000      -0.1856E-05   0.000       0.000       0.000       0.000       0.000                            0.2347E-06  0.2347E-06   0.000    
   2160000.0   10.29894396   10.5018   0.000       0.000      0.2028E-02  0.3014E-06 -0.1436E-01  0.1233E-01   0.000       0.000       0.000       0.000      -0.2404E-05   0.000       0.000       0.000       0.000       0.000                            0.3014E-06  0.3014E-06   0.000    
   2246400.0   10.29396624   10.4946   0.000       0.000      0.2007E-02  0.2881E-06 -0.1420E-01  0.1219E-01   0.000       0.000       0.000       0.000      -0.2320E-05   0.000       0.000       0.000       0.000       0.000                            0.2881E-06  0.2881E-06   0.000    
   2332800.0   10.28919846   10.4878   0.000       0.000      0.1986E-02  0.2759E-06 -0.1404E-01  0.1205E-01   0.000       0.000       0.000       0.000      -0.2241E-05   0.000       0.000       0.000       0.000       0.000                            0.2759E-06  0.2759E-06   0.000    
   2419200.0   10.28467917   10.4814   0.000       0.000      0.1967E-02  0.2615E-06 -0.1388E-01  0.1191E-01   0.000       0.000       0.000       0.000      -0.2142E-05   0.000       0.000       0.000       0.000       0.000                            0.2615E-06  0.2615E-06   0.000    
   2505600.0   10.28391010   10.4806   0.000       0.000      0.1967E-02  0.4451E-07 -0.1386E-01  0.1190E-01   0.000       0.000       0.000       0.000      -0.3661E-06   0.000       0.000       0.000       0.000       0.000                            0.4451E-07  0.4451E-07   0.000    
   2592000.0   10.28122559   10.4767   0.000       0.000      0.1955E-02  0.1554E-06 -0.1377E-01  0.1181E-01   0.000       0.000       0.000       0.000      -0.1282E-05   0.000       0.000       0.000       0.000       0.000                            0.1554E-06  0.1554E-06   0.000    
   2678400.0   10.29152176   10.4926   0.000       0.000      0.2010E-02 -0.5958E-06 -0.1414E-01  0.1214E-01   0.000       0.000       0.000       0.000       0.4884E-05   0.000       0.000       0.000       0.000       0.000                           -0.5958E-06 -0.5958E-06   0.000    
   2764800.0   10.32508104   10.5431   0.000       0.000      0.2180E-02 -0.1942E-05 -0.1532E-01  0.1315E-01   0.000       0.000       0.000       0.000       0.1528E-04   0.000       0.000       0.000       0.000       0.000                           -0.1942E-05 -0.1942E-05   0.000    
   2851200.0   10.40337597   10.6590   0.000       0.000      0.2556E-02 -0.4531E-05 -0.1798E-01  0.1546E-01   0.000       0.000       0.000       0.000       0.3090E-04   0.000       0.000       0.000       0.000       0.000                           -0.4531E-05 -0.4531E-05   0.000    
   2937600.0   10.37125463   10.6078   0.000       0.000      0.2366E-02  0.1859E-05 -0.1668E-01  0.1430E-01   0.000       0.000       0.000       0.000      -0.1174E-04   0.000       0.000       0.000       0.000       0.000                            0.1859E-05  0.1859E-05   0.000    
   3024000.0   10.36802056   10.6038   0.000       0.000      0.2358E-02  0.1872E-06 -0.1668E-01  0.1432E-01   0.000       0.000       0.000       0.000      -0.1260E-05   0.000       0.000       0.000       0.000       0.000                            0.1872E-06  0.1872E-06   0.000    
   3110400.0   10.36472847   10.5990   0.000       0.000      0.2342E-02  0.1905E-06 -0.1657E-01  0.1423E-01   0.000       0.000       0.000       0.000      -0.1296E-05   0.000       0.000       0.000       0.000       0.000                            0.1905E-06  0.1905E-06   0.000    
   3196800.0   10.35666703   10.5870   0.000       0.000      0.2303E-02  0.4665E-06 -0.1631E-01  0.1400E-01   0.000       0.000       0.000       0.000      -0.3231E-05   0.000       0.000       0.000       0.000       0.000                            0.4665E-06  0.4665E-06   0.000    
   3283200.0   10.34768863   10.5738   0.000       0.000      0.2261E-02  0.5196E-06 -0.1602E-01  0.1375E-01   0.000       0.000       0.000       0.000      -0.3688E-05   0.000       0.000       0.000       0.000       0.000                            0.5196E-06  0.5196E-06   0.000    
   3369600.0   10.34927162   10.5767   0.000       0.000      0.2274E-02 -0.9161E-07 -0.1611E-01  0.1383E-01   0.000       0.000       0.000       0.000       0.6569E-06   0.000       0.000       0.000       0.000       0.000                           -0.9161E-07 -0.9161E-07   0.000    
   3456000.0   10.35531880   10.5860   0.000       0.000      0.2307E-02 -0.3500E-06 -0.1633E-01  0.1402E-01   0.000       0.000       0.000       0.000       0.2483E-05   0.000       0.000       0.000       0.000       0.000                           -0.3500E-06 -0.3500E-06   0.000    
   3542400.0   10.36392316   10.5988   0.000       0.000      0.2349E-02 -0.4979E-06 -0.1663E-01  0.1428E-01   0.000       0.000       0.000       0.000       0.3459E-05   0.000       0.000       0.000       0.000       0.000                           -0.4979E-06 -0.4979E-06   0.000    
   3628800.0   10.36487702   10.6000   0.000       0.000      0.2351E-02 -0.5520E-07 -0.1665E-01  0.1430E-01   0.000       0.000       0.000       0.000       0.3780E-06   0.000       0.000       0.000       0.000       0.000                           -0.5520E-07 -0.5520E-07   0.000    
   3715200.0   10.35731660   10.5886   0.000       0.000      0.2313E-02  0.4375E-06 -0.1639E-01  0.1407E-01   0.000       0.000       0.000       0.000      -0.3026E-05   0.000       0.000       0.000       0.000       0.000                            0.4375E-06  0.4375E-06   0.000    
   3801600.0   10.35834174   10.5906   0.000       0.000      0.2322E-02 -0.5933E-07 -0.1645E-01  0.1413E-01   0.000       0.000       0.000       0.000       0.4144E-06   0.000       0.000       0.000       0.000       0.000                           -0.5933E-07 -0.5933E-07   0.000    
   3888000.0   10.36314503   10.5979   0.000       0.000      0.2348E-02 -0.2780E-06 -0.1662E-01  0.1428E-01   0.000       0.000       0.000       0.000       0.1925E-05   0.000       0.000       0.000       0.000       0.000                           -0.2780E-06 -0.2780E-06   0.000    
   3974400.0   10.37426154   10.6146   0.000       0.000      0.2404E-02 -0.6433E-06 -0.1701E-01  0.1461E-01   0.000       0.000       0.000       0.000       0.4345E-05   0.000       0.000       0.000       0.000       0.000                           -0.6433E-06 -0.6433E-06   0.000    
   4060800.0   10.38121239   10.6248   0.000       0.000      0.2435E-02 -0.4022E-06 -0.1724E-01  0.1481E-01   0.000       0.000       0.000       0.000       0.2635E-05   0.000       0.000       0.000       0.000       0.000                           -0.4022E-06 -0.4022E-06   0.000    
   4147200.0   10.37224817   10.6110   0.000       0.000      0.2388E-02  0.5188E-06 -0.1691E-01  0.1452E-01   0.000       0.000       0.000       0.000      -0.3411E-05   0.000       0.000       0.000       0.000       0.000                            0.5188E-06  0.5188E-06   0.000    
   4233600.0   10.36272550   10.5971   0.000       0.000      0.2344E-02  0.5511E-06 -0.1660E-01  0.1426E-01   0.000       0.000       0.000       0.000      -0.3737E-05   0.000       0.000       0.000       0.000       0.000                            0.5511E-06  0.5511E-06   0.000    
   4320000.0   10.35640473   10.5880   0.000       0.000      0.2316E-02  0.3658E-06 -0.1640E-01  0.1409E-01   0.000       0.000       0.000       0.000      -0.2542E-05   0.000       0.000       0.000       0.000       0.000                            0.3658E-06  0.3658E-06   0.000    
   4406400.0   10.35018969   10.5791   0.000       0.000      0.2289E-02  0.3597E-06 -0.1620E-01  0.1391E-01   0.000       0.000       0.000       0.000      -0.2545E-05   0.000       0.000       0.000       0.000       0.000                            0.3597E-06  0.3597E-06   0.000    
   4492800.0   10.34592500   10.5731   0.000       0.000      0.2271E-02  0.2468E-06 -0.1607E-01  0.1379E-01   0.000       0.000       0.000       0.000      -0.1772E-05   0.000       0.000       0.000       0.000       0.000                            0.2468E-06  0.2468E-06   0.000    
   4579200.0   10.34003016   10.5645   0.000       0.000      0.2245E-02  0.3411E-06 -0.1587E-01  0.1362E-01   0.000       0.000       0.000       0.000      -0.2482E-05   0.000       0.000       0.000       0.000       0.000                            0.3411E-06  0.3411E-06   0.000    
   4665600.0   10.33405284   10.5559   0.000       0.000      0.2218E-02  0.3459E-06 -0.1567E-01  0.1345E-01   0.000       0.000       0.000       0.000      -0.2555E-05   0.000       0.000       0.000       0.000       0.000                            0.3459E-06  0.3459E-06   0.000    
   4752000.0   10.34763921   10.5770   0.000       0.000      0.2293E-02 -0.7862E-06 -0.1618E-01  0.1389E-01   0.000       0.000       0.000       0.000       0.5752E-05   0.000       0.000       0.000       0.000       0.000                           -0.7862E-06 -0.7862E-06   0.000    
   4838400.0   10.36327907   10.6002   0.000       0.000      0.2369E-02 -0.9051E-06 -0.1671E-01  0.1434E-01   0.000       0.000       0.000       0.000       0.6364E-05   0.000       0.000       0.000       0.000       0.000                           -0.9051E-06 -0.9051E-06   0.000    
   4924800.0   10.37847247   10.6226   0.000       0.000      0.2441E-02 -0.8792E-06 -0.1721E-01  0.1478E-01   0.000       0.000       0.000       0.000       0.5896E-05   0.000       0.000       0.000       0.000       0.000                           -0.8792E-06 -0.8792E-06   0.000    
   5011200.0   10.38519472   10.6320   0.000       0.000      0.2468E-02 -0.3890E-06 -0.1742E-01  0.1495E-01   0.000       0.000       0.000       0.000       0.2511E-05   0.000       0.000       0.000       0.000       0.000                           -0.3890E-06 -0.3890E-06   0.000    
   5097600.0   10.37484762   10.6162   0.000       0.000      0.2414E-02  0.5988E-06 -0.1705E-01  0.1463E-01   0.000       0.000       0.000       0.000      -0.3891E-05   0.000       0.000       0.000       0.000       0.000                            0.5988E-06  0.5988E-06   0.000    
   5184000.0   10.36506638   10.6019   0.000       0.000      0.2368E-02  0.5660E-06 -0.1673E-01  0.1436E-01   0.000       0.000       0.000       0.000      -0.3807E-05   0.000       0.000       0.000       0.000       0.000                            0.5660E-06  0.5660E-06   0.000    
   5270400.0   10.35812482   10.5919   0.000       0.000      0.2338E-02  0.4017E-06 -0.1651E-01  0.1417E-01   0.000       0.000       0.000       0.000      -0.2774E-05   0.000       0.000       0.000       0.000       0.000                            0.4017E-06  0.4017E-06   0.000    
   5356800.0   10.35108143   10.5816   0.000       0.000      0.2305E-02  0.4076E-06 -0.1627E-01  0.1397E-01   0.000       0.000       0.000       0.000      -0.2874E-05   0.000       0.000       0.000       0.000       0.000                            0.4076E-06  0.4076E-06   0.000    
   5443200.0   10.35708278   10.5912   0.000       0.000      0.2341E-02 -0.3473E-06 -0.1651E-01  0.1418E-01   0.000       0.000       0.000       0.000       0.2452E-05   0.000       0.000       0.000       0.000       0.000                           -0.3473E-06 -0.3473E-06   0.000    
   5529600.0   10.36256933   10.5994   0.000       0.000      0.2369E-02 -0.3175E-06 -0.1670E-01  0.1433E-01   0.000       0.000       0.000       0.000       0.2205E-05   0.000       0.000       0.000       0.000       0.000                           -0.3175E-06 -0.3175E-06   0.000    
   5616000.0   10.36750700   10.6068   0.000       0.000      0.2393E-02 -0.2857E-06 -0.1687E-01  0.1448E-01   0.000       0.000       0.000       0.000       0.1953E-05   0.000       0.000       0.000       0.000       0.000                           -0.2857E-06 -0.2857E-06   0.000    
   5702400.0   10.36970924   10.6100   0.000       0.000      0.2403E-02 -0.1274E-06 -0.1694E-01  0.1454E-01   0.000       0.000       0.000       0.000       0.8611E-06   0.000       0.000       0.000       0.000       0.000                           -0.1274E-06 -0.1274E-06   0.000    
   5788800.0   10.36617188   10.6046   0.000       0.000      0.2384E-02  0.2047E-06 -0.1681E-01  0.1443E-01   0.000       0.000       0.000       0.000      -0.1386E-05   0.000       0.000       0.000       0.000       0.000                            0.2047E-06  0.2047E-06   0.000    
   5875200.0   10.36594696   10.6045   0.000       0.000      0.2385E-02  0.1302E-07 -0.1682E-01  0.1443E-01   0.000       0.000       0.000       0.000      -0.8866E-07   0.000       0.000       0.000       0.000       0.000                            0.1302E-07  0.1302E-07   0.000    
   5961600.0   10.36355796   10.6010   0.000       0.000      0.2374E-02  0.1383E-06 -0.1674E-01  0.1436E-01   0.000       0.000       0.000       0.000      -0.9456E-06   0.000       0.000       0.000       0.000       0.000                            0.1383E-06  0.1383E-06   0.000    
   6048000.0   10.35782731   10.5925   0.000       0.000      0.2347E-02  0.3316E-06 -0.1655E-01  0.1420E-01   0.000       0.000       0.000       0.000      -0.2297E-05   0.000       0.000       0.000       0.000       0.000                            0.3316E-06  0.3316E-06   0.000    
   6134400.0   10.35140284   10.5831   0.000       0.000      0.2317E-02  0.3718E-06 -0.1633E-01  0.1401E-01   0.000       0.000       0.000       0.000      -0.2621E-05   0.000       0.000       0.000       0.000       0.000                            0.3718E-06  0.3718E-06   0.000    
   6220800.0   10.34497321   10.5738   0.000       0.000      0.2288E-02  0.3721E-06 -0.1612E-01  0.1383E-01   0.000       0.000       0.000       0.000      -0.2670E-05   0.000       0.000       0.000       0.000       0.000                            0.3721E-06  0.3721E-06   0.000    
   6307200.0   10.33889042   10.5650   0.000       0.000      0.2261E-02  0.3520E-06 -0.1591E-01  0.1365E-01   0.000       0.000       0.000       0.000      -0.2568E-05   0.000       0.000       0.000       0.000       0.000                            0.3520E-06  0.3520E-06   0.000    
   6393600.0   10.33311801   10.5566   0.000       0.000      0.2235E-02  0.3341E-06 -0.1572E-01  0.1348E-01   0.000       0.000       0.000       0.000      -0.2474E-05   0.000       0.000       0.000       0.000       0.000                            0.3341E-06  0.3341E-06   0.000    
   6480000.0   10.32771863   10.5488   0.000       0.000      0.2211E-02  0.3125E-06 -0.1554E-01  0.1333E-01   0.000       0.000       0.000       0.000      -0.2345E-05   0.000       0.000       0.000       0.000       0.000                            0.3125E-06  0.3125E-06   0.000    
   6566400.0   10.32251472   10.5413   0.000       0.000      0.2188E-02  0.3012E-06 -0.1537E-01  0.1318E-01   0.000       0.000       0.000       0.000      -0.2288E-05   0.000       0.000       0.000       0.000       0.000                            0.3012E-06  0.3012E-06   0.000    
   6652800.0   10.31756854   10.5341   0.000       0.000      0.2166E-02  0.2862E-06 -0.1520E-01  0.1303E-01   0.000       0.000       0.000       0.000      -0.2199E-05   0.000       0.000       0.000       0.000       0.000                            0.2862E-06  0.2862E-06   0.000    
   6739200.0   10.31285764   10.5274   0.000       0.000      0.2145E-02  0.2726E-06 -0.1504E-01  0.1289E-01   0.000       0.000       0.000       0.000      -0.2116E-05   0.000       0.000       0.000       0.000       0.000                            0.2726E-06  0.2726E-06   0.000    
   6825600.0   10.30825630   10.5207   0.000       0.000      0.2124E-02  0.2663E-06 -0.1488E-01  0.1276E-01   0.000       0.000       0.000       0.000      -0.2087E-05   0.000       0.000       0.000       0.000       0.000                            0.2663E-06  0.2663E-06   0.000    
   6912000.0   10.30368875   10.5141   0.000       0.000      0.2104E-02  0.2643E-06 -0.1473E-01  0.1262E-01   0.000       0.000       0.000       0.000      -0.2091E-05   0.000       0.000       0.000       0.000       0.000                            0.2643E-06  0.2643E-06   0.000    
   6998400.0   10.29935625   10.5078   0.000       0.000      0.2085E-02  0.2507E-06 -0.1458E-01  0.1249E-01   0.000       0.000       0.000       0.000      -0.2000E-05   0.000       0.000       0.000       0.000       0.000                            0.2507E-06  0.2507E-06   0.000    
   7084800.0   10.29525626   10.5019   0.000       0.000      0.2066E-02  0.2373E-06 -0.1444E-01  0.1237E-01   0.000       0.000       0.000       0.000      -0.1908E-05   0.000       0.000       0.000       0.000       0.000                            0.2373E-06  0.2373E-06   0.000    
   7171200.0   10.29135272   10.4962   0.000       0.000      0.2049E-02  0.2259E-06 -0.1431E-01  0.1226E-01   0.000       0.000       0.000       0.000      -0.1829E-05   0.000       0.000       0.000       0.000       0.000                            0.2259E-06  0.2259E-06   0.000    
   7257600.0   10.28757788   10.4908   0.000       0.000      0.2032E-02  0.2185E-06 -0.1418E-01  0.1214E-01   0.000       0.000       0.000       0.000      -0.1781E-05   0.000       0.000       0.000       0.000       0.000                            0.2185E-06  0.2185E-06   0.000    
   7344000.0   10.28397597   10.4855   0.000       0.000      0.2016E-02  0.2084E-06 -0.1406E-01  0.1204E-01   0.000       0.000       0.000       0.000      -0.1710E-05   0.000       0.000       0.000       0.000       0.000                            0.2084E-06  0.2084E-06   0.000    
   7430400.0   10.28098206   10.4812   0.000       0.000      0.2002E-02  0.1733E-06 -0.1395E-01  0.1195E-01   0.000       0.000       0.000       0.000      -0.1430E-05   0.000       0.000       0.000       0.000       0.000                            0.1733E-06  0.1733E-06   0.000    
   7516800.0   10.27792522   10.4768   0.000       0.000      0.1989E-02  0.1769E-06 -0.1385E-01  0.1186E-01   0.000       0.000       0.000       0.000      -0.1467E-05   0.000       0.000       0.000       0.000       0.000                            0.1769E-06  0.1769E-06   0.000    
   7603200.0   10.27465175   10.4720   0.000       0.000      0.1973E-02  0.1894E-06 -0.1374E-01  0.1176E-01   0.000       0.000       0.000       0.000      -0.1579E-05   0.000       0.000       0.000       0.000       0.000                            0.1894E-06  0.1894E-06   0.000    
   7689600.0   10.27151088   10.4674   0.000       0.000      0.1959E-02  0.1818E-06 -0.1363E-01  0.1167E-01   0.000       0.000       0.000       0.000      -0.1523E-05   0.000       0.000       0.000       0.000       0.000                            0.1818E-06  0.1818E-06   0.000    
   7776000.0   10.26876750   10.4634   0.000       0.000      0.1946E-02  0.1588E-06 -0.1354E-01  0.1159E-01   0.000       0.000       0.000       0.000      -0.1336E-05   0.000       0.000       0.000       0.000       0.000                            0.1588E-06  0.1588E-06   0.000    
   7862400.0   10.26584531   10.4591   0.000       0.000      0.1933E-02  0.1691E-06 -0.1344E-01  0.1150E-01   0.000       0.000       0.000       0.000      -0.1429E-05   0.000       0.000       0.000       0.000       0.000                            0.1691E-06  0.1691E-06   0.000    
   7948800.0   10.26307078   10.4550   0.000       0.000      0.1920E-02  0.1606E-06 -0.1334E-01  0.1142E-01   0.000       0.000       0.000       0.000      -0.1363E-05   0.000       0.000       0.000       0.000       0.000                            0.1606E-06  0.1606E-06   0.000    
   8035200.0   10.26037060   10.4511   0.000       0.000      0.1907E-02  0.1563E-06 -0.1325E-01  0.1134E-01   0.000       0.000       0.000       0.000      -0.1331E-05   0.000       0.000       0.000       0.000       0.000                            0.1563E-06  0.1563E-06   0.000    
   8121600.0   10.25778825   10.4473   0.000       0.000      0.1895E-02  0.1494E-06 -0.1316E-01  0.1126E-01   0.000       0.000       0.000       0.000      -0.1278E-05   0.000       0.000       0.000       0.000       0.000                            0.1494E-06  0.1494E-06   0.000    
   8208000.0   10.25525561   10.4436   0.000       0.000      0.1883E-02  0.1466E-06 -0.1307E-01  0.1119E-01   0.000       0.000       0.000       0.000      -0.1258E-05   0.000       0.000       0.000       0.000       0.000                            0.1466E-06  0.1466E-06   0.000    
   8294400.0   10.25282640   10.4400   0.000       0.000      0.1871E-02  0.1406E-06 -0.1299E-01  0.1112E-01   0.000       0.000       0.000       0.000      -0.1211E-05   0.000       0.000       0.000       0.000       0.000                            0.1406E-06  0.1406E-06   0.000    
   8380800.0   10.27568889   10.4748   0.000       0.000      0.1991E-02 -0.1323E-05 -0.1381E-01  0.1183E-01   0.000       0.000       0.000       0.000       0.1123E-04   0.000       0.000       0.000       0.000       0.000                           -0.1323E-05 -0.1323E-05   0.000    
   8467200.0   10.27614748   10.4743   0.000       0.000      0.1981E-02 -0.2654E-07 -0.1376E-01  0.1178E-01   0.000       0.000       0.000       0.000       0.2213E-06   0.000       0.000       0.000       0.000       0.000                           -0.2654E-07 -0.2654E-07   0.000    
   8553600.0   10.27558062   10.4732   0.000       0.000      0.1976E-02  0.3280E-07 -0.1374E-01  0.1177E-01   0.000       0.000       0.000       0.000      -0.2736E-06   0.000       0.000       0.000       0.000       0.000                            0.3280E-07  0.3280E-07   0.000    
   8640000.0   10.27342431   10.4698   0.000       0.000      0.1964E-02  0.1248E-06 -0.1367E-01  0.1170E-01   0.000       0.000       0.000       0.000      -0.1043E-05   0.000       0.000       0.000       0.000       0.000                            0.1248E-06  0.1248E-06   0.000    
   8726400.0   10.27078444   10.4658   0.000       0.000      0.1950E-02  0.1528E-06 -0.1358E-01  0.1163E-01   0.000       0.000       0.000       0.000      -0.1282E-05   0.000       0.000       0.000       0.000       0.000                            0.1528E-06  0.1528E-06   0.000    
   8812800.0   10.26800692   10.4616   0.000       0.000      0.1936E-02  0.1607E-06 -0.1348E-01  0.1155E-01   0.000       0.000       0.000       0.000      -0.1354E-05   0.000       0.000       0.000       0.000       0.000                            0.1607E-06  0.1607E-06   0.000    
   8899200.0   10.26458547   10.4565   0.000       0.000      0.1919E-02  0.1980E-06 -0.1337E-01  0.1145E-01   0.000       0.000       0.000       0.000      -0.1676E-05   0.000       0.000       0.000       0.000       0.000                            0.1980E-06  0.1980E-06   0.000    
   8985600.0   10.26443824   10.4564   0.000       0.000      0.1920E-02  0.8520E-08 -0.1337E-01  0.1145E-01   0.000       0.000       0.000       0.000      -0.7230E-07   0.000       0.000       0.000       0.000       0.000                            0.8520E-08  0.8520E-08   0.000    
   9072000.0   10.26899028   10.4633   0.000       0.000      0.1943E-02 -0.2634E-06 -0.1354E-01  0.1159E-01   0.000       0.000       0.000       0.000       0.2228E-05   0.000       0.000       0.000       0.000       0.000                           -0.2634E-06 -0.2634E-06   0.000    
   9158400.0   10.26739153   10.4606   0.000       0.000      0.1932E-02  0.9252E-07 -0.1347E-01  0.1153E-01   0.000       0.000       0.000       0.000      -0.7809E-06   0.000       0.000       0.000       0.000       0.000                            0.9252E-07  0.9252E-07   0.000    
   9244800.0   10.28051987   10.4805   0.000       0.000      0.2000E-02 -0.7597E-06 -0.1394E-01  0.1195E-01   0.000       0.000       0.000       0.000       0.6355E-05   0.000       0.000       0.000       0.000       0.000                           -0.7597E-06 -0.7597E-06   0.000    
   9331200.0   10.31080127   10.5257   0.000       0.000      0.2149E-02 -0.1752E-05 -0.1499E-01  0.1285E-01   0.000       0.000       0.000       0.000       0.1413E-04   0.000       0.000       0.000       0.000       0.000                           -0.1752E-05 -0.1752E-05   0.000    
   9417600.0   10.38256735   10.6322   0.000       0.000      0.2496E-02 -0.4153E-05 -0.1745E-01  0.1499E-01   0.000       0.000       0.000       0.000       0.2983E-04   0.000       0.000       0.000       0.000       0.000                           -0.4153E-05 -0.4153E-05   0.000    
   9504000.0   10.42450923   10.6911   0.000       0.000      0.2666E-02 -0.2427E-05 -0.1871E-01  0.1606E-01   0.000       0.000       0.000       0.000       0.1430E-04   0.000       0.000       0.000       0.000       0.000                           -0.2427E-05 -0.2427E-05   0.000    
   9590400.0   10.39549151   10.6464   0.000       0.000      0.2509E-02  0.1679E-05 -0.1767E-01  0.1515E-01   0.000       0.000       0.000       0.000      -0.9599E-05   0.000       0.000       0.000       0.000       0.000                            0.1679E-05  0.1679E-05   0.000    
   9676800.0   10.37476307   10.6160   0.000       0.000      0.2412E-02  0.1200E-05 -0.1704E-01  0.1462E-01   0.000       0.000       0.000       0.000      -0.7647E-05   0.000       0.000       0.000       0.000       0.000                            0.1200E-05  0.1200E-05   0.000    
   9763200.0   10.35873293   10.5925   0.000       0.000      0.2338E-02  0.9277E-06 -0.1653E-01  0.1419E-01   0.000       0.000       0.000       0.000      -0.6304E-05   0.000       0.000       0.000       0.000       0.000                            0.9277E-06  0.9277E-06   0.000    
   9849600.0   10.34616162   10.5742   0.000       0.000      0.2280E-02  0.7275E-06 -0.1613E-01  0.1385E-01   0.000       0.000       0.000       0.000      -0.5160E-05   0.000       0.000       0.000       0.000       0.000                            0.7275E-06  0.7275E-06   0.000    
   9936000.0   10.35584209   10.5895   0.000       0.000      0.2337E-02 -0.5602E-06 -0.1653E-01  0.1419E-01   0.000       0.000       0.000       0.000       0.3989E-05   0.000       0.000       0.000       0.000       0.000                           -0.5602E-06 -0.5602E-06   0.000    
  10022400.0   10.36156405   10.5979   0.000       0.000      0.2364E-02 -0.3311E-06 -0.1671E-01  0.1435E-01   0.000       0.000       0.000       0.000       0.2307E-05   0.000       0.000       0.000       0.000       0.000                           -0.3311E-06 -0.3311E-06   0.000    
  10108800.0   10.36147700   10.5976   0.000       0.000      0.2361E-02  0.5037E-08 -0.1671E-01  0.1434E-01   0.000       0.000       0.000       0.000      -0.3480E-07   0.000       0.000       0.000       0.000       0.000                            0.5037E-08  0.5037E-08   0.000    
  10195200.0   10.36517446   10.6033   0.000       0.000      0.2381E-02 -0.2140E-06 -0.1685E-01  0.1447E-01   0.000       0.000       0.000       0.000       0.1470E-05   0.000       0.000       0.000       0.000       0.000                           -0.2140E-06 -0.2140E-06   0.000    
  10281600.0   10.36590511   10.6043   0.000       0.000      0.2384E-02 -0.4228E-07 -0.1687E-01  0.1449E-01   0.000       0.000       0.000       0.000       0.2885E-06   0.000       0.000       0.000       0.000       0.000                           -0.4228E-07 -0.4228E-07   0.000    
  10368000.0   10.35854481   10.5932   0.000       0.000      0.2346E-02  0.4259E-06 -0.1661E-01  0.1426E-01   0.000       0.000       0.000       0.000      -0.2936E-05   0.000       0.000       0.000       0.000       0.000                            0.4259E-06  0.4259E-06   0.000    
  10454400.0   10.34970049   10.5802   0.000       0.000      0.2305E-02  0.5118E-06 -0.1632E-01  0.1401E-01   0.000       0.000       0.000       0.000      -0.3613E-05   0.000       0.000       0.000       0.000       0.000                            0.5118E-06  0.5118E-06   0.000    
  10540800.0   10.35017087   10.5814   0.000       0.000      0.2312E-02 -0.2722E-07 -0.1636E-01  0.1405E-01   0.000       0.000       0.000       0.000       0.1944E-06   0.000       0.000       0.000       0.000       0.000                           -0.2722E-07 -0.2722E-07   0.000    
  10627200.0   10.35415131   10.5875   0.000       0.000      0.2334E-02 -0.2303E-06 -0.1650E-01  0.1417E-01   0.000       0.000       0.000       0.000       0.1635E-05   0.000       0.000       0.000       0.000       0.000                           -0.2303E-06 -0.2303E-06   0.000    
  10713600.0   10.35372953   10.5869   0.000       0.000      0.2331E-02  0.2441E-07 -0.1648E-01  0.1415E-01   0.000       0.000       0.000       0.000      -0.1724E-06   0.000       0.000       0.000       0.000       0.000                            0.2441E-07  0.2441E-07   0.000    
  10800000.0   10.34902162   10.5798   0.000       0.000      0.2308E-02  0.2724E-06 -0.1631E-01  0.1400E-01   0.000       0.000       0.000       0.000      -0.1938E-05   0.000       0.000       0.000       0.000       0.000                            0.2724E-06  0.2724E-06   0.000    
  10886400.0   10.34250707   10.5702   0.000       0.000      0.2277E-02  0.3770E-06 -0.1609E-01  0.1381E-01   0.000       0.000       0.000       0.000      -0.2723E-05   0.000       0.000       0.000       0.000       0.000                            0.3770E-06  0.3770E-06   0.000    
  10972800.0   10.33540645   10.5599   0.000       0.000      0.2245E-02  0.4109E-06 -0.1585E-01  0.1360E-01   0.000       0.000       0.000       0.000      -0.3021E-05   0.000       0.000       0.000       0.000       0.000                            0.4109E-06  0.4109E-06   0.000    
  11059200.0   10.32773847   10.5486   0.000       0.000      0.2209E-02  0.4437E-06 -0.1559E-01  0.1337E-01   0.000       0.000       0.000       0.000      -0.3321E-05   0.000       0.000       0.000       0.000       0.000                            0.4437E-06  0.4437E-06   0.000    
  11145600.0   10.32062520   10.5383   0.000       0.000      0.2176E-02  0.4116E-06 -0.1535E-01  0.1317E-01   0.000       0.000       0.000       0.000      -0.3134E-05   0.000       0.000       0.000       0.000       0.000                            0.4116E-06  0.4116E-06   0.000    
  11232000.0   10.31421400   10.5290   0.000       0.000      0.2148E-02  0.3710E-06 -0.1513E-01  0.1298E-01   0.000       0.000       0.000       0.000      -0.2867E-05   0.000       0.000       0.000       0.000       0.000                            0.3710E-06  0.3710E-06   0.000    
  11318400.0   10.30841687   10.5206   0.000       0.000      0.2122E-02  0.3355E-06 -0.1493E-01  0.1281E-01   0.000       0.000       0.000       0.000      -0.2625E-05   0.000       0.000       0.000       0.000       0.000                            0.3355E-06  0.3355E-06   0.000    
  11404800.0   10.31334094   10.5286   0.000       0.000      0.2152E-02 -0.2850E-06 -0.1512E-01  0.1297E-01   0.000       0.000       0.000       0.000       0.2232E-05   0.000       0.000       0.000       0.000       0.000                           -0.2850E-06 -0.2850E-06   0.000    
  11491200.0   10.30689307   10.5187   0.000       0.000      0.2118E-02  0.3731E-06 -0.1487E-01  0.1275E-01   0.000       0.000       0.000       0.000      -0.2927E-05   0.000       0.000       0.000       0.000       0.000                            0.3731E-06  0.3731E-06   0.000    
  11577600.0   10.32046332   10.5397   0.000       0.000      0.2192E-02 -0.7853E-06 -0.1538E-01  0.1320E-01   0.000       0.000       0.000       0.000       0.6115E-05   0.000       0.000       0.000       0.000       0.000                           -0.7853E-06 -0.7853E-06   0.000    
  11664000.0   10.35191907   10.5868   0.000       0.000      0.2349E-02 -0.1820E-05 -0.1648E-01  0.1414E-01   0.000       0.000       0.000       0.000       0.1347E-04   0.000       0.000       0.000       0.000       0.000                           -0.1820E-05 -0.1820E-05   0.000    
  11750400.0   10.42424406   10.6935   0.000       0.000      0.2693E-02 -0.4185E-05 -0.1892E-01  0.1625E-01   0.000       0.000       0.000       0.000       0.2624E-04   0.000       0.000       0.000       0.000       0.000                           -0.4185E-05 -0.4185E-05   0.000    
  11836800.0   10.39273846   10.6440   0.000       0.000      0.2513E-02  0.1823E-05 -0.1767E-01  0.1515E-01   0.000       0.000       0.000       0.000      -0.1050E-04   0.000       0.000       0.000       0.000       0.000                            0.1823E-05  0.1823E-05   0.000    
  11923200.0   10.37347342   10.6158   0.000       0.000      0.2423E-02  0.1115E-05 -0.1710E-01  0.1466E-01   0.000       0.000       0.000       0.000      -0.7161E-05   0.000       0.000       0.000       0.000       0.000                            0.1115E-05  0.1115E-05   0.000    
  12009600.0   10.36013314   10.5964   0.000       0.000      0.2362E-02  0.7720E-06 -0.1667E-01  0.1430E-01   0.000       0.000       0.000       0.000      -0.5246E-05   0.000       0.000       0.000       0.000       0.000                            0.7720E-06  0.7720E-06   0.000    
  12096000.0   10.35815969   10.5940   0.000       0.000      0.2358E-02  0.1142E-06 -0.1663E-01  0.1428E-01   0.000       0.000       0.000       0.000      -0.7946E-06   0.000       0.000       0.000       0.000       0.000                            0.1142E-06  0.1142E-06   0.000    
  12182400.0   10.35480774   10.5891   0.000       0.000      0.2343E-02  0.1940E-06 -0.1652E-01  0.1418E-01   0.000       0.000       0.000       0.000      -0.1360E-05   0.000       0.000       0.000       0.000       0.000                            0.1940E-06  0.1940E-06   0.000    
  12268800.0   10.34883440   10.5803   0.000       0.000      0.2315E-02  0.3457E-06 -0.1632E-01  0.1400E-01   0.000       0.000       0.000       0.000      -0.2456E-05   0.000       0.000       0.000       0.000       0.000                            0.3457E-06  0.3457E-06   0.000    
  12355200.0   10.34188225   10.5701   0.000       0.000      0.2282E-02  0.4023E-06 -0.1609E-01  0.1380E-01   0.000       0.000       0.000       0.000      -0.2909E-05   0.000       0.000       0.000       0.000       0.000                            0.4023E-06  0.4023E-06   0.000    
  12441600.0   10.33787702   10.5645   0.000       0.000      0.2266E-02  0.2318E-06 -0.1596E-01  0.1370E-01   0.000       0.000       0.000       0.000      -0.1700E-05   0.000       0.000       0.000       0.000       0.000                            0.2318E-06  0.2318E-06   0.000    
  12528000.0   10.35973350   10.5979   0.000       0.000      0.2382E-02 -0.1265E-05 -0.1677E-01  0.1439E-01   0.000       0.000       0.000       0.000       0.9060E-05   0.000       0.000       0.000       0.000       0.000                           -0.1265E-05 -0.1265E-05   0.000    
  12614400.0   10.38033593   10.6282   0.000       0.000      0.2479E-02 -0.1192E-05 -0.1745E-01  0.1498E-01   0.000       0.000       0.000       0.000       0.8016E-05   0.000       0.000       0.000       0.000       0.000                           -0.1192E-05 -0.1192E-05   0.000    
  12700800.0   10.37132664   10.6138   0.000       0.000      0.2425E-02  0.5214E-06 -0.1708E-01  0.1465E-01   0.000       0.000       0.000       0.000      -0.3438E-05   0.000       0.000       0.000       0.000       0.000                            0.5214E-06  0.5214E-06   0.000    
  12787200.0   10.36222021   10.6003   0.000       0.000      0.2381E-02  0.5270E-06 -0.1678E-01  0.1440E-01   0.000       0.000       0.000       0.000      -0.3581E-05   0.000       0.000       0.000       0.000       0.000                            0.5270E-06  0.5270E-06   0.000    
  12873600.0   10.35299909   10.5867   0.000       0.000      0.2337E-02  0.5336E-06 -0.1647E-01  0.1413E-01   0.000       0.000       0.000       0.000      -0.3729E-05   0.000       0.000       0.000       0.000       0.000                            0.5336E-06  0.5336E-06   0.000    
  12960000.0   10.35637005   10.5923   0.000       0.000      0.2360E-02 -0.1951E-06 -0.1662E-01  0.1426E-01   0.000       0.000       0.000       0.000       0.1375E-05   0.000       0.000       0.000       0.000       0.000                           -0.1951E-06 -0.1951E-06   0.000    
  13046400.0   10.35244256   10.5863   0.000       0.000      0.2339E-02  0.2273E-06 -0.1647E-01  0.1413E-01   0.000       0.000       0.000       0.000      -0.1603E-05   0.000       0.000       0.000       0.000       0.000                            0.2273E-06  0.2273E-06   0.000    
  13132800.0   10.34698344   10.5783   0.000       0.000      0.2313E-02  0.3159E-06 -0.1629E-01  0.1397E-01   0.000       0.000       0.000       0.000      -0.2258E-05   0.000       0.000       0.000       0.000       0.000                            0.3159E-06  0.3159E-06   0.000    
  13219200.0   10.34397783   10.5741   0.000       0.000      0.2301E-02  0.1739E-06 -0.1619E-01  0.1389E-01   0.000       0.000       0.000       0.000      -0.1257E-05   0.000       0.000       0.000       0.000       0.000                            0.1739E-06  0.1739E-06   0.000    
  13305600.0   10.33911872   10.5669   0.000       0.000      0.2278E-02  0.2812E-06 -0.1602E-01  0.1374E-01   0.000       0.000       0.000       0.000      -0.2054E-05   0.000       0.000       0.000       0.000       0.000                            0.2812E-06  0.2812E-06   0.000    
  13392000.0   10.35014609   10.5840   0.000       0.000      0.2339E-02 -0.6382E-06 -0.1644E-01  0.1411E-01   0.000       0.000       0.000       0.000       0.4623E-05   0.000       0.000       0.000       0.000       0.000                           -0.6382E-06 -0.6382E-06   0.000    
  13478400.0   10.35650610   10.5933   0.000       0.000      0.2368E-02 -0.3681E-06 -0.1664E-01  0.1427E-01   0.000       0.000       0.000       0.000       0.2604E-05   0.000       0.000       0.000       0.000       0.000                           -0.3681E-06 -0.3681E-06   0.000    
  13564800.0   10.35297363   10.5877   0.000       0.000      0.2347E-02  0.2044E-06 -0.1650E-01  0.1415E-01   0.000       0.000       0.000       0.000      -0.1441E-05   0.000       0.000       0.000       0.000       0.000                            0.2044E-06  0.2044E-06   0.000    
  13651200.0   10.34829519   10.5807   0.000       0.000      0.2324E-02  0.2707E-06 -0.1634E-01  0.1402E-01   0.000       0.000       0.000       0.000      -0.1930E-05   0.000       0.000       0.000       0.000       0.000                            0.2707E-06  0.2707E-06   0.000    
  13737600.0   10.34280257   10.5726   0.000       0.000      0.2298E-02  0.3179E-06 -0.1615E-01  0.1385E-01   0.000       0.000       0.000       0.000      -0.2297E-05   0.000       0.000       0.000       0.000       0.000                            0.3179E-06  0.3179E-06   0.000    
  13824000.0   10.36349173   10.6043   0.000       0.000      0.2408E-02 -0.1197E-05 -0.1692E-01  0.1452E-01   0.000       0.000       0.000       0.000       0.8473E-05   0.000       0.000       0.000       0.000       0.000                           -0.1197E-05 -0.1197E-05   0.000    
  13910400.0   10.38901843   10.6419   0.000       0.000      0.2529E-02 -0.1477E-05 -0.1777E-01  0.1525E-01   0.000       0.000       0.000       0.000       0.9723E-05   0.000       0.000       0.000       0.000       0.000                           -0.1477E-05 -0.1477E-05   0.000    
  13996800.0   10.38190435   10.6302   0.000       0.000      0.2483E-02  0.4117E-06 -0.1747E-01  0.1498E-01   0.000       0.000       0.000       0.000      -0.2622E-05   0.000       0.000       0.000       0.000       0.000                            0.4117E-06  0.4117E-06   0.000    
  14083200.0   10.37209742   10.6156   0.000       0.000      0.2435E-02  0.5675E-06 -0.1715E-01  0.1471E-01   0.000       0.000       0.000       0.000      -0.3728E-05   0.000       0.000       0.000       0.000       0.000                            0.5675E-06  0.5675E-06   0.000    
  14169600.0   10.37785812   10.6247   0.000       0.000      0.2468E-02 -0.3334E-06 -0.1738E-01  0.1491E-01   0.000       0.000       0.000       0.000       0.2205E-05   0.000       0.000       0.000       0.000       0.000                           -0.3334E-06 -0.3334E-06   0.000    
  14256000.0   10.38151351   10.6300   0.000       0.000      0.2485E-02 -0.2115E-06 -0.1750E-01  0.1501E-01   0.000       0.000       0.000       0.000       0.1376E-05   0.000       0.000       0.000       0.000       0.000                           -0.2115E-06 -0.2115E-06   0.000    
  14342400.0   10.40657057   10.6675   0.000       0.000      0.2609E-02 -0.1450E-05 -0.1838E-01  0.1578E-01   0.000       0.000       0.000       0.000       0.8920E-05   0.000       0.000       0.000       0.000       0.000                           -0.1450E-05 -0.1450E-05   0.000    
  14428800.0   10.47348335   10.7641   0.000       0.000      0.2906E-02 -0.3872E-05 -0.2051E-01  0.1763E-01   0.000       0.000       0.000       0.000       0.1810E-04   0.000       0.000       0.000       0.000       0.000                           -0.3872E-05 -0.3872E-05   0.000    
  14515200.0   10.45400752   10.7344   0.000       0.000      0.2804E-02  0.1127E-05 -0.1978E-01  0.1697E-01   0.000       0.000       0.000       0.000      -0.4200E-05   0.000       0.000       0.000       0.000       0.000                            0.1127E-05  0.1127E-05   0.000    
  14601600.0   10.45644212   10.7381   0.000       0.000      0.2817E-02 -0.1409E-06 -0.1993E-01  0.1711E-01   0.000       0.000       0.000       0.000       0.5827E-06   0.000       0.000       0.000       0.000       0.000                           -0.1409E-06 -0.1409E-06   0.000    
  14688000.0   10.47411406   10.7633   0.000       0.000      0.2892E-02 -0.1023E-05 -0.2048E-01  0.1760E-01   0.000       0.000       0.000       0.000       0.3734E-05   0.000       0.000       0.000       0.000       0.000                           -0.1023E-05 -0.1023E-05   0.000    
  14774400.0   10.47381520   10.7626   0.000       0.000      0.2888E-02  0.1730E-07 -0.2046E-01  0.1757E-01   0.000       0.000       0.000       0.000      -0.5508E-07   0.000       0.000       0.000       0.000       0.000                            0.1730E-07  0.1730E-07   0.000    
  14860800.0   10.46160140   10.7452   0.000       0.000      0.2836E-02  0.7068E-06 -0.2010E-01  0.1726E-01   0.000       0.000       0.000       0.000      -0.2495E-05   0.000       0.000       0.000       0.000       0.000                            0.7068E-06  0.7068E-06   0.000    
  14947200.0   10.45134073   10.7307   0.000       0.000      0.2794E-02  0.5938E-06 -0.1981E-01  0.1702E-01   0.000       0.000       0.000       0.000      -0.2422E-05   0.000       0.000       0.000       0.000       0.000                            0.5938E-06  0.5938E-06   0.000    
  15033600.0   10.43970229   10.7140   0.000       0.000      0.2743E-02  0.6735E-06 -0.1946E-01  0.1671E-01   0.000       0.000       0.000       0.000      -0.3056E-05   0.000       0.000       0.000       0.000       0.000                            0.6735E-06  0.6735E-06   0.000    
  15120000.0   10.42825909   10.6977   0.000       0.000      0.2694E-02  0.6622E-06 -0.1911E-01  0.1641E-01   0.000       0.000       0.000       0.000      -0.3288E-05   0.000       0.000       0.000       0.000       0.000                            0.6622E-06  0.6622E-06   0.000    
  15206400.0   10.41672119   10.6811   0.000       0.000      0.2644E-02  0.6677E-06 -0.1874E-01  0.1609E-01   0.000       0.000       0.000       0.000      -0.3570E-05   0.000       0.000       0.000       0.000       0.000                            0.6677E-06  0.6677E-06   0.000    
  15292800.0   10.40546864   10.6649   0.000       0.000      0.2595E-02  0.6512E-06 -0.1838E-01  0.1578E-01   0.000       0.000       0.000       0.000      -0.3706E-05   0.000       0.000       0.000       0.000       0.000                            0.6512E-06  0.6512E-06   0.000    
  15379200.0   10.42680214   10.6973   0.000       0.000      0.2705E-02 -0.1235E-05 -0.1914E-01  0.1645E-01   0.000       0.000       0.000       0.000       0.6839E-05   0.000       0.000       0.000       0.000       0.000                           -0.1235E-05 -0.1235E-05   0.000    
  15465600.0   10.43362557   10.7070   0.000       0.000      0.2733E-02 -0.3949E-06 -0.1932E-01  0.1659E-01   0.000       0.000       0.000       0.000       0.2012E-05   0.000       0.000       0.000       0.000       0.000                           -0.3949E-06 -0.3949E-06   0.000    
  15552000.0   10.42430584   10.6931   0.000       0.000      0.2688E-02  0.5393E-06 -0.1900E-01  0.1631E-01   0.000       0.000       0.000       0.000      -0.2770E-05   0.000       0.000       0.000       0.000       0.000                            0.5393E-06  0.5393E-06   0.000    
  15638400.0   10.41195908   10.6751   0.000       0.000      0.2632E-02  0.7145E-06 -0.1859E-01  0.1596E-01   0.000       0.000       0.000       0.000      -0.3917E-05   0.000       0.000       0.000       0.000       0.000                            0.7145E-06  0.7145E-06   0.000    
  15724800.0   10.40118683   10.6595   0.000       0.000      0.2584E-02  0.6234E-06 -0.1824E-01  0.1566E-01   0.000       0.000       0.000       0.000      -0.3628E-05   0.000       0.000       0.000       0.000       0.000                            0.6234E-06  0.6234E-06   0.000    
  15811200.0   10.39173358   10.6459   0.000       0.000      0.2542E-02  0.5471E-06 -0.1793E-01  0.1539E-01   0.000       0.000       0.000       0.000      -0.3333E-05   0.000       0.000       0.000       0.000       0.000                            0.5471E-06  0.5471E-06   0.000    
  15897600.0   10.38349401   10.6341   0.000       0.000      0.2506E-02  0.4768E-06 -0.1766E-01  0.1515E-01   0.000       0.000       0.000       0.000      -0.3012E-05   0.000       0.000       0.000       0.000       0.000                            0.4768E-06  0.4768E-06   0.000    
  15984000.0   10.37901536   10.6278   0.000       0.000      0.2488E-02  0.2592E-06 -0.1752E-01  0.1503E-01   0.000       0.000       0.000       0.000      -0.1677E-05   0.000       0.000       0.000       0.000       0.000                            0.2592E-06  0.2592E-06   0.000    
  16070400.0   10.37174549   10.6172   0.000       0.000      0.2455E-02  0.4207E-06 -0.1726E-01  0.1481E-01   0.000       0.000       0.000       0.000      -0.2779E-05   0.000       0.000       0.000       0.000       0.000                            0.4207E-06  0.4207E-06   0.000    
  16156800.0   10.36517286   10.6077   0.000       0.000      0.2426E-02  0.3804E-06 -0.1704E-01  0.1461E-01   0.000       0.000       0.000       0.000      -0.2571E-05   0.000       0.000       0.000       0.000       0.000                            0.3804E-06  0.3804E-06   0.000    
  16243200.0   10.35883990   10.5986   0.000       0.000      0.2398E-02  0.3665E-06 -0.1682E-01  0.1442E-01   0.000       0.000       0.000       0.000      -0.2528E-05   0.000       0.000       0.000       0.000       0.000                            0.3665E-06  0.3665E-06   0.000    
  16329600.0   10.35299313   10.5901   0.000       0.000      0.2371E-02  0.3384E-06 -0.1662E-01  0.1425E-01   0.000       0.000       0.000       0.000      -0.2376E-05   0.000       0.000       0.000       0.000       0.000                            0.3384E-06  0.3384E-06   0.000    
  16416000.0   10.34742985   10.5821   0.000       0.000      0.2347E-02  0.3219E-06 -0.1643E-01  0.1408E-01   0.000       0.000       0.000       0.000      -0.2298E-05   0.000       0.000       0.000       0.000       0.000                            0.3219E-06  0.3219E-06   0.000    
  16502400.0   10.34220402   10.5745   0.000       0.000      0.2323E-02  0.3024E-06 -0.1625E-01  0.1393E-01   0.000       0.000       0.000       0.000      -0.2190E-05   0.000       0.000       0.000       0.000       0.000                            0.3024E-06  0.3024E-06   0.000    
  16588800.0   10.33724316   10.5674   0.000       0.000      0.2301E-02  0.2871E-06 -0.1608E-01  0.1378E-01   0.000       0.000       0.000       0.000      -0.2106E-05   0.000       0.000       0.000       0.000       0.000                            0.2871E-06  0.2871E-06   0.000    
  16675200.0   10.33254515   10.5606   0.000       0.000      0.2280E-02  0.2719E-06 -0.1592E-01  0.1364E-01   0.000       0.000       0.000       0.000      -0.2019E-05   0.000       0.000       0.000       0.000       0.000                            0.2719E-06  0.2719E-06   0.000    
  16761600.0   10.32969961   10.5566   0.000       0.000      0.2269E-02  0.1647E-06 -0.1582E-01  0.1355E-01   0.000       0.000       0.000       0.000      -0.1234E-05   0.000       0.000       0.000       0.000       0.000                            0.1647E-06  0.1647E-06   0.000    
  16848000.0   10.32803559   10.5543   0.000       0.000      0.2263E-02  0.9630E-07 -0.1577E-01  0.1351E-01   0.000       0.000       0.000       0.000      -0.7254E-06   0.000       0.000       0.000       0.000       0.000                            0.9630E-07  0.9630E-07   0.000    
  16934400.0   10.33177862   10.5602   0.000       0.000      0.2284E-02 -0.2166E-06 -0.1591E-01  0.1363E-01   0.000       0.000       0.000       0.000       0.1628E-05   0.000       0.000       0.000       0.000       0.000                           -0.2166E-06 -0.2166E-06   0.000    
  17020800.0   10.33130319   10.5594   0.000       0.000      0.2281E-02  0.2751E-07 -0.1588E-01  0.1360E-01   0.000       0.000       0.000       0.000      -0.2059E-06   0.000       0.000       0.000       0.000       0.000                            0.2751E-07  0.2751E-07   0.000    
  17107200.0   10.32556211   10.5506   0.000       0.000      0.2251E-02  0.3322E-06 -0.1567E-01  0.1342E-01   0.000       0.000       0.000       0.000      -0.2505E-05   0.000       0.000       0.000       0.000       0.000                            0.3322E-06  0.3322E-06   0.000    
  17193600.0   10.32090609   10.5438   0.000       0.000      0.2229E-02  0.2694E-06 -0.1551E-01  0.1328E-01   0.000       0.000       0.000       0.000      -0.2056E-05   0.000       0.000       0.000       0.000       0.000                            0.2694E-06  0.2694E-06   0.000    
  17280000.0   10.31640585   10.5372   0.000       0.000      0.2208E-02  0.2604E-06 -0.1536E-01  0.1315E-01   0.000       0.000       0.000       0.000      -0.2007E-05   0.000       0.000       0.000       0.000       0.000                            0.2604E-06  0.2604E-06   0.000    
  17366400.0   10.31218694   10.5310   0.000       0.000      0.2188E-02  0.2442E-06 -0.1521E-01  0.1302E-01   0.000       0.000       0.000       0.000      -0.1899E-05   0.000       0.000       0.000       0.000       0.000                            0.2442E-06  0.2442E-06   0.000    
  17452800.0   10.30818610   10.5251   0.000       0.000      0.2169E-02  0.2315E-06 -0.1508E-01  0.1291E-01   0.000       0.000       0.000       0.000      -0.1816E-05   0.000       0.000       0.000       0.000       0.000                            0.2315E-06  0.2315E-06   0.000    
  17539200.0   10.30445855   10.5196   0.000       0.000      0.2152E-02  0.2157E-06 -0.1495E-01  0.1280E-01   0.000       0.000       0.000       0.000      -0.1705E-05   0.000       0.000       0.000       0.000       0.000                            0.2157E-06  0.2157E-06   0.000    
  17625600.0   10.30088810   10.5144   0.000       0.000      0.2135E-02  0.2066E-06 -0.1483E-01  0.1269E-01   0.000       0.000       0.000       0.000      -0.1645E-05   0.000       0.000       0.000       0.000       0.000                            0.2066E-06  0.2066E-06   0.000    
  17712000.0   10.29990400   10.5131   0.000       0.000      0.2132E-02  0.5695E-07 -0.1480E-01  0.1267E-01   0.000       0.000       0.000       0.000      -0.4553E-06   0.000       0.000       0.000       0.000       0.000                            0.5695E-07  0.5695E-07   0.000    
  17798400.0   10.29647294   10.5079   0.000       0.000      0.2114E-02  0.1986E-06 -0.1468E-01  0.1256E-01   0.000       0.000       0.000       0.000      -0.1594E-05   0.000       0.000       0.000       0.000       0.000                            0.1986E-06  0.1986E-06   0.000    
  17884800.0   10.29295670   10.5027   0.000       0.000      0.2098E-02  0.2035E-06 -0.1456E-01  0.1246E-01   0.000       0.000       0.000       0.000      -0.1644E-05   0.000       0.000       0.000       0.000       0.000                            0.2035E-06  0.2035E-06   0.000    
  17971200.0   10.28976517   10.4980   0.000       0.000      0.2082E-02  0.1847E-06 -0.1444E-01  0.1236E-01   0.000       0.000       0.000       0.000      -0.1501E-05   0.000       0.000       0.000       0.000       0.000                            0.1847E-06  0.1847E-06   0.000    
  18057600.0   10.28671017   10.4935   0.000       0.000      0.2068E-02  0.1768E-06 -0.1434E-01  0.1227E-01   0.000       0.000       0.000       0.000      -0.1445E-05   0.000       0.000       0.000       0.000       0.000                            0.1768E-06  0.1768E-06   0.000    
  18144000.0   10.28381771   10.4892   0.000       0.000      0.2054E-02  0.1674E-06 -0.1424E-01  0.1218E-01   0.000       0.000       0.000       0.000      -0.1375E-05   0.000       0.000       0.000       0.000       0.000                            0.1674E-06  0.1674E-06   0.000    
  18230400.0   10.28100262   10.4850   0.000       0.000      0.2040E-02  0.1629E-06 -0.1414E-01  0.1210E-01   0.000       0.000       0.000       0.000      -0.1344E-05   0.000       0.000       0.000       0.000       0.000                            0.1629E-06  0.1629E-06   0.000    
  18316800.0   10.27830532   10.4810   0.000       0.000      0.2027E-02  0.1561E-06 -0.1405E-01  0.1202E-01   0.000       0.000       0.000       0.000      -0.1294E-05   0.000       0.000       0.000       0.000       0.000                            0.1561E-06  0.1561E-06   0.000    
  18403200.0   10.27567414   10.4771   0.000       0.000      0.2014E-02  0.1523E-06 -0.1396E-01  0.1194E-01   0.000       0.000       0.000       0.000      -0.1268E-05   0.000       0.000       0.000       0.000       0.000                            0.1523E-06  0.1523E-06   0.000    
  18489600.0   10.27312478   10.4733   0.000       0.000      0.2002E-02  0.1475E-06 -0.1387E-01  0.1187E-01   0.000       0.000       0.000       0.000      -0.1233E-05   0.000       0.000       0.000       0.000       0.000                            0.1475E-06  0.1475E-06   0.000    
  18576000.0   10.27064991   10.4696   0.000       0.000      0.1990E-02  0.1432E-06 -0.1378E-01  0.1179E-01   0.000       0.000       0.000       0.000      -0.1202E-05   0.000       0.000       0.000       0.000       0.000                            0.1432E-06  0.1432E-06   0.000    
  18662400.0   10.26821756   10.4660   0.000       0.000      0.1978E-02  0.1408E-06 -0.1370E-01  0.1172E-01   0.000       0.000       0.000       0.000      -0.1186E-05   0.000       0.000       0.000       0.000       0.000                            0.1408E-06  0.1408E-06   0.000    
  18748800.0   10.26588518   10.4625   0.000       0.000      0.1966E-02  0.1350E-06 -0.1361E-01  0.1165E-01   0.000       0.000       0.000       0.000      -0.1141E-05   0.000       0.000       0.000       0.000       0.000                            0.1350E-06  0.1350E-06   0.000    
  18835200.0   10.26850524   10.4665   0.000       0.000      0.1980E-02 -0.1516E-06 -0.1371E-01  0.1173E-01   0.000       0.000       0.000       0.000       0.1282E-05   0.000       0.000       0.000       0.000       0.000                           -0.1516E-06 -0.1516E-06   0.000    
  18921600.0   10.26623628   10.4629   0.000       0.000      0.1966E-02  0.1313E-06 -0.1362E-01  0.1165E-01   0.000       0.000       0.000       0.000      -0.1110E-05   0.000       0.000       0.000       0.000       0.000                            0.1313E-06  0.1313E-06   0.000    
  19008000.0   10.26310500   10.4581   0.000       0.000      0.1950E-02  0.1812E-06 -0.1351E-01  0.1156E-01   0.000       0.000       0.000       0.000      -0.1537E-05   0.000       0.000       0.000       0.000       0.000                            0.1812E-06  0.1812E-06   0.000    
  19094400.0   10.26039846   10.4540   0.000       0.000      0.1936E-02  0.1566E-06 -0.1341E-01  0.1148E-01   0.000       0.000       0.000       0.000      -0.1335E-05   0.000       0.000       0.000       0.000       0.000                            0.1566E-06  0.1566E-06   0.000    
  19180800.0   10.25793878   10.4503   0.000       0.000      0.1924E-02  0.1423E-06 -0.1333E-01  0.1140E-01   0.000       0.000       0.000       0.000      -0.1217E-05   0.000       0.000       0.000       0.000       0.000                            0.1423E-06  0.1423E-06   0.000    
  19267200.0   10.25573198   10.4470   0.000       0.000      0.1913E-02  0.1277E-06 -0.1325E-01  0.1134E-01   0.000       0.000       0.000       0.000      -0.1096E-05   0.000       0.000       0.000       0.000       0.000                            0.1277E-06  0.1277E-06   0.000    
  19353600.0   10.25348445   10.4436   0.000       0.000      0.1901E-02  0.1301E-06 -0.1317E-01  0.1127E-01   0.000       0.000       0.000       0.000      -0.1119E-05   0.000       0.000       0.000       0.000       0.000                            0.1301E-06  0.1301E-06   0.000    
  19440000.0   10.25133135   10.4404   0.000       0.000      0.1890E-02  0.1246E-06 -0.1310E-01  0.1120E-01   0.000       0.000       0.000       0.000      -0.1076E-05   0.000       0.000       0.000       0.000       0.000                            0.1246E-06  0.1246E-06   0.000    
  19526400.0   10.24922787   10.4372   0.000       0.000      0.1880E-02  0.1217E-06 -0.1302E-01  0.1114E-01   0.000       0.000       0.000       0.000      -0.1054E-05   0.000       0.000       0.000       0.000       0.000                            0.1217E-06  0.1217E-06   0.000    
  19612800.0   10.24721452   10.4341   0.000       0.000      0.1869E-02  0.1165E-06 -0.1295E-01  0.1108E-01   0.000       0.000       0.000       0.000      -0.1011E-05   0.000       0.000       0.000       0.000       0.000                            0.1165E-06  0.1165E-06   0.000    
  19699200.0   10.24522377   10.4311   0.000       0.000      0.1859E-02  0.1152E-06 -0.1288E-01  0.1102E-01   0.000       0.000       0.000       0.000      -0.1003E-05   0.000       0.000       0.000       0.000       0.000                            0.1152E-06  0.1152E-06   0.000    
  19785600.0   10.24330406   10.4282   0.000       0.000      0.1849E-02  0.1111E-06 -0.1281E-01  0.1096E-01   0.000       0.000       0.000       0.000      -0.9693E-06   0.000       0.000       0.000       0.000       0.000                            0.1111E-06  0.1111E-06   0.000    
  19872000.0   10.24140268   10.4253   0.000       0.000      0.1839E-02  0.1100E-06 -0.1274E-01  0.1090E-01   0.000       0.000       0.000       0.000      -0.9624E-06   0.000       0.000       0.000       0.000       0.000                            0.1100E-06  0.1100E-06   0.000    
  19958400.0   10.24426840   10.4296   0.000       0.000      0.1854E-02 -0.1658E-06 -0.1284E-01  0.1099E-01   0.000       0.000       0.000       0.000       0.1450E-05   0.000       0.000       0.000       0.000       0.000                           -0.1658E-06 -0.1658E-06   0.000    
  20044800.0   10.24835965   10.4356   0.000       0.000      0.1872E-02 -0.2368E-06 -0.1297E-01  0.1110E-01   0.000       0.000       0.000       0.000       0.2060E-05   0.000       0.000       0.000       0.000       0.000                           -0.2368E-06 -0.2368E-06   0.000    
  20131200.0   10.24429609   10.4290   0.000       0.000      0.1847E-02  0.2352E-06 -0.1281E-01  0.1096E-01   0.000       0.000       0.000       0.000      -0.2046E-05   0.000       0.000       0.000       0.000       0.000                            0.2352E-06  0.2352E-06   0.000    
  20217600.0   10.24271704   10.4267   0.000       0.000      0.1840E-02  0.9138E-07 -0.1276E-01  0.1092E-01   0.000       0.000       0.000       0.000      -0.7981E-06   0.000       0.000       0.000       0.000       0.000                            0.9138E-07  0.9138E-07   0.000    
  20304000.0   10.24086770   10.4238   0.000       0.000      0.1830E-02  0.1070E-06 -0.1269E-01  0.1086E-01   0.000       0.000       0.000       0.000      -0.9368E-06   0.000       0.000       0.000       0.000       0.000                            0.1070E-06  0.1070E-06   0.000    
  20390400.0   10.23820042   10.4197   0.000       0.000      0.1815E-02  0.1544E-06 -0.1260E-01  0.1078E-01   0.000       0.000       0.000       0.000      -0.1355E-05   0.000       0.000       0.000       0.000       0.000                            0.1544E-06  0.1544E-06   0.000    
  20476800.0   10.23584255   10.4162   0.000       0.000      0.1803E-02  0.1365E-06 -0.1252E-01  0.1071E-01   0.000       0.000       0.000       0.000      -0.1201E-05   0.000       0.000       0.000       0.000       0.000                            0.1365E-06  0.1365E-06   0.000    
  20563200.0   10.23368359   10.4129   0.000       0.000      0.1792E-02  0.1249E-06 -0.1244E-01  0.1065E-01   0.000       0.000       0.000       0.000      -0.1103E-05   0.000       0.000       0.000       0.000       0.000                            0.1249E-06  0.1249E-06   0.000    
  20649600.0   10.23164388   10.4098   0.000       0.000      0.1782E-02  0.1180E-06 -0.1237E-01  0.1058E-01   0.000       0.000       0.000       0.000      -0.1045E-05   0.000       0.000       0.000       0.000       0.000                            0.1180E-06  0.1180E-06   0.000    
  20736000.0   10.22971007   10.4069   0.000       0.000      0.1772E-02  0.1119E-06 -0.1230E-01  0.1052E-01   0.000       0.000       0.000       0.000      -0.9929E-06   0.000       0.000       0.000       0.000       0.000                            0.1119E-06  0.1119E-06   0.000    
  20822400.0   10.22783791   10.4040   0.000       0.000      0.1762E-02  0.1083E-06 -0.1223E-01  0.1047E-01   0.000       0.000       0.000       0.000      -0.9634E-06   0.000       0.000       0.000       0.000       0.000                            0.1083E-06  0.1083E-06   0.000    
  20908800.0   10.22604160   10.4013   0.000       0.000      0.1752E-02  0.1040E-06 -0.1216E-01  0.1041E-01   0.000       0.000       0.000       0.000      -0.9263E-06   0.000       0.000       0.000       0.000       0.000                            0.1040E-06  0.1040E-06   0.000    
  20995200.0   10.22428403   10.3986   0.000       0.000      0.1743E-02  0.1017E-06 -0.1210E-01  0.1036E-01   0.000       0.000       0.000       0.000      -0.9081E-06   0.000       0.000       0.000       0.000       0.000                            0.1017E-06  0.1017E-06   0.000    
  21081600.0   10.22258839   10.3960   0.000       0.000      0.1734E-02  0.9813E-07 -0.1204E-01  0.1030E-01   0.000       0.000       0.000       0.000      -0.8778E-06   0.000       0.000       0.000       0.000       0.000                            0.9813E-07  0.9813E-07   0.000    
  21168000.0   10.22091792   10.3934   0.000       0.000      0.1725E-02  0.9667E-07 -0.1197E-01  0.1025E-01   0.000       0.000       0.000       0.000      -0.8664E-06   0.000       0.000       0.000       0.000       0.000                            0.9667E-07  0.9667E-07   0.000    
  21254400.0   10.21930063   10.3909   0.000       0.000      0.1716E-02  0.9359E-07 -0.1191E-01  0.1020E-01   0.000       0.000       0.000       0.000      -0.8404E-06   0.000       0.000       0.000       0.000       0.000                            0.9359E-07  0.9359E-07   0.000    
  21340800.0   10.21770787   10.3885   0.000       0.000      0.1707E-02  0.9217E-07 -0.1185E-01  0.1015E-01   0.000       0.000       0.000       0.000      -0.8291E-06   0.000       0.000       0.000       0.000       0.000                            0.9217E-07  0.9217E-07   0.000    
  21427200.0   10.21614269   10.3860   0.000       0.000      0.1699E-02  0.9058E-07 -0.1180E-01  0.1010E-01   0.000       0.000       0.000       0.000      -0.8161E-06   0.000       0.000       0.000       0.000       0.000                            0.9058E-07  0.9058E-07   0.000    
  21513600.0   10.21531175   10.3847   0.000       0.000      0.1694E-02  0.4809E-07 -0.1176E-01  0.1007E-01   0.000       0.000       0.000       0.000      -0.4338E-06   0.000       0.000       0.000       0.000       0.000                            0.4809E-07  0.4809E-07   0.000    
  21600000.0   10.22129805   10.3936   0.000       0.000      0.1723E-02 -0.3464E-06 -0.1196E-01  0.1024E-01   0.000       0.000       0.000       0.000       0.3117E-05   0.000       0.000       0.000       0.000       0.000                           -0.3464E-06 -0.3464E-06   0.000    
  21686400.0   10.21794643   10.3881   0.000       0.000      0.1702E-02  0.1940E-06 -0.1182E-01  0.1012E-01   0.000       0.000       0.000       0.000      -0.1742E-05   0.000       0.000       0.000       0.000       0.000                            0.1940E-06  0.1940E-06   0.000    
  21772800.0   10.21537112   10.3842   0.000       0.000      0.1689E-02  0.1490E-06 -0.1174E-01  0.1005E-01   0.000       0.000       0.000       0.000      -0.1343E-05   0.000       0.000       0.000       0.000       0.000                            0.1490E-06  0.1490E-06   0.000    
  21859200.0   10.21325953   10.3810   0.000       0.000      0.1678E-02  0.1222E-06 -0.1166E-01  0.9982E-02   0.000       0.000       0.000       0.000      -0.1104E-05   0.000       0.000       0.000       0.000       0.000                            0.1222E-06  0.1222E-06   0.000    
  21945600.0   10.21137555   10.3782   0.000       0.000      0.1668E-02  0.1090E-06 -0.1159E-01  0.9925E-02   0.000       0.000       0.000       0.000      -0.9871E-06   0.000       0.000       0.000       0.000       0.000                            0.1090E-06  0.1090E-06   0.000    
  22032000.0   10.20964478   10.3755   0.000       0.000      0.1659E-02  0.1002E-06 -0.1153E-01  0.9871E-02   0.000       0.000       0.000       0.000      -0.9085E-06   0.000       0.000       0.000       0.000       0.000                            0.1002E-06  0.1002E-06   0.000    
  22118400.0   10.20800371   10.3730   0.000       0.000      0.1650E-02  0.9497E-07 -0.1147E-01  0.9819E-02   0.000       0.000       0.000       0.000      -0.8629E-06   0.000       0.000       0.000       0.000       0.000                            0.9497E-07  0.9497E-07   0.000    
  22204800.0   10.20642250   10.3705   0.000       0.000      0.1641E-02  0.9151E-07 -0.1141E-01  0.9769E-02   0.000       0.000       0.000       0.000      -0.8328E-06   0.000       0.000       0.000       0.000       0.000                            0.9151E-07  0.9151E-07   0.000    
  22291200.0   10.20490317   10.3682   0.000       0.000      0.1633E-02  0.8792E-07 -0.1135E-01  0.9720E-02   0.000       0.000       0.000       0.000      -0.8014E-06   0.000       0.000       0.000       0.000       0.000                            0.8792E-07  0.8792E-07   0.000    
  22377600.0   10.20342326   10.3659   0.000       0.000      0.1625E-02  0.8564E-07 -0.1130E-01  0.9673E-02   0.000       0.000       0.000       0.000      -0.7818E-06   0.000       0.000       0.000       0.000       0.000                            0.8564E-07  0.8564E-07   0.000    
  22464000.0   10.21048274   10.3764   0.000       0.000      0.1660E-02 -0.4085E-06 -0.1154E-01  0.9881E-02   0.000       0.000       0.000       0.000       0.3719E-05   0.000       0.000       0.000       0.000       0.000                           -0.4085E-06 -0.4085E-06   0.000    
  22550400.0   10.20818513   10.3725   0.000       0.000      0.1643E-02  0.1330E-06 -0.1143E-01  0.9785E-02   0.000       0.000       0.000       0.000      -0.1207E-05   0.000       0.000       0.000       0.000       0.000                            0.1330E-06  0.1330E-06   0.000    
  22636800.0   10.20764833   10.3716   0.000       0.000      0.1639E-02  0.3106E-07 -0.1141E-01  0.9771E-02   0.000       0.000       0.000       0.000      -0.2825E-06   0.000       0.000       0.000       0.000       0.000                            0.3106E-07  0.3106E-07   0.000    
  22723200.0   10.22984481   10.4048   0.000       0.000      0.1750E-02 -0.1285E-05 -0.1217E-01  0.1043E-01   0.000       0.000       0.000       0.000       0.1155E-04   0.000       0.000       0.000       0.000       0.000                           -0.1285E-05 -0.1285E-05   0.000    
  22809600.0   10.22710999   10.3994   0.000       0.000      0.1723E-02  0.1583E-06 -0.1201E-01  0.1028E-01   0.000       0.000       0.000       0.000      -0.1408E-05   0.000       0.000       0.000       0.000       0.000                            0.1583E-06  0.1583E-06   0.000    
  22896000.0   10.22449801   10.3953   0.000       0.000      0.1708E-02  0.1512E-06 -0.1193E-01  0.1022E-01   0.000       0.000       0.000       0.000      -0.1349E-05   0.000       0.000       0.000       0.000       0.000                            0.1512E-06  0.1512E-06   0.000    
  22982400.0   10.22224419   10.3919   0.000       0.000      0.1696E-02  0.1304E-06 -0.1185E-01  0.1015E-01   0.000       0.000       0.000       0.000      -0.1167E-05   0.000       0.000       0.000       0.000       0.000                            0.1304E-06  0.1304E-06   0.000    
  23068800.0   10.22014799   10.3887   0.000       0.000      0.1685E-02  0.1213E-06 -0.1178E-01  0.1009E-01   0.000       0.000       0.000       0.000      -0.1088E-05   0.000       0.000       0.000       0.000       0.000                            0.1213E-06  0.1213E-06   0.000    
  23155200.0   10.21776401   10.3851   0.000       0.000      0.1673E-02  0.1380E-06 -0.1170E-01  0.1002E-01   0.000       0.000       0.000       0.000      -0.1240E-05   0.000       0.000       0.000       0.000       0.000                            0.1380E-06  0.1380E-06   0.000    
  23241600.0   10.21536673   10.3815   0.000       0.000      0.1661E-02  0.1387E-06 -0.1162E-01  0.9953E-02   0.000       0.000       0.000       0.000      -0.1250E-05   0.000       0.000       0.000       0.000       0.000                            0.1387E-06  0.1387E-06   0.000    
  23328000.0   10.21290629   10.3778   0.000       0.000      0.1649E-02  0.1424E-06 -0.1153E-01  0.9882E-02   0.000       0.000       0.000       0.000      -0.1287E-05   0.000       0.000       0.000       0.000       0.000                            0.1424E-06  0.1424E-06   0.000    
  23414400.0   10.21054981   10.3743   0.000       0.000      0.1637E-02  0.1364E-06 -0.1145E-01  0.9813E-02   0.000       0.000       0.000       0.000      -0.1235E-05   0.000       0.000       0.000       0.000       0.000                            0.1364E-06  0.1364E-06   0.000    
  23500800.0   10.20840450   10.3711   0.000       0.000      0.1627E-02  0.1241E-06 -0.1138E-01  0.9749E-02   0.000       0.000       0.000       0.000      -0.1127E-05   0.000       0.000       0.000       0.000       0.000                            0.1241E-06  0.1241E-06   0.000    
  23587200.0   10.20637200   10.3680   0.000       0.000      0.1617E-02  0.1176E-06 -0.1131E-01  0.9688E-02   0.000       0.000       0.000       0.000      -0.1070E-05   0.000       0.000       0.000       0.000       0.000                            0.1176E-06  0.1176E-06   0.000    
  23673600.0   10.20438065   10.3650   0.000       0.000      0.1607E-02  0.1152E-06 -0.1124E-01  0.9628E-02   0.000       0.000       0.000       0.000      -0.1051E-05   0.000       0.000       0.000       0.000       0.000                            0.1152E-06  0.1152E-06   0.000    
  23760000.0   10.20238338   10.3620   0.000       0.000      0.1597E-02  0.1156E-06 -0.1116E-01  0.9567E-02   0.000       0.000       0.000       0.000      -0.1056E-05   0.000       0.000       0.000       0.000       0.000                            0.1156E-06  0.1156E-06   0.000    
  23846400.0   10.20046931   10.3592   0.000       0.000      0.1587E-02  0.1108E-06 -0.1110E-01  0.9508E-02   0.000       0.000       0.000       0.000      -0.1014E-05   0.000       0.000       0.000       0.000       0.000                            0.1108E-06  0.1108E-06   0.000    
  23932800.0   10.19866737   10.3565   0.000       0.000      0.1578E-02  0.1043E-06 -0.1103E-01  0.9451E-02   0.000       0.000       0.000       0.000      -0.9561E-06   0.000       0.000       0.000       0.000       0.000                            0.1043E-06  0.1043E-06   0.000    
  24019200.0   10.19694150   10.3538   0.000       0.000      0.1569E-02  0.9988E-07 -0.1097E-01  0.9397E-02   0.000       0.000       0.000       0.000      -0.9173E-06   0.000       0.000       0.000       0.000       0.000                            0.9988E-07  0.9988E-07   0.000    
  24105600.0   10.19527126   10.3513   0.000       0.000      0.1560E-02  0.9666E-07 -0.1091E-01  0.9344E-02   0.000       0.000       0.000       0.000      -0.8891E-06   0.000       0.000       0.000       0.000       0.000                            0.9666E-07  0.9666E-07   0.000    
  24192000.0   10.19363636   10.3488   0.000       0.000      0.1552E-02  0.9461E-07 -0.1085E-01  0.9292E-02   0.000       0.000       0.000       0.000      -0.8716E-06   0.000       0.000       0.000       0.000       0.000                            0.9461E-07  0.9461E-07   0.000    
  24278400.0   10.19203669   10.3464   0.000       0.000      0.1544E-02  0.9257E-07 -0.1079E-01  0.9241E-02   0.000       0.000       0.000       0.000      -0.8541E-06   0.000       0.000       0.000       0.000       0.000                            0.9257E-07  0.9257E-07   0.000    
  24364800.0   10.19048602   10.3440   0.000       0.000      0.1536E-02  0.8974E-07 -0.1073E-01  0.9191E-02   0.000       0.000       0.000       0.000      -0.8291E-06   0.000       0.000       0.000       0.000       0.000                            0.8974E-07  0.8974E-07   0.000    
  24451200.0   10.18898789   10.3418   0.000       0.000      0.1528E-02  0.8670E-07 -0.1067E-01  0.9142E-02   0.000       0.000       0.000       0.000      -0.8021E-06   0.000       0.000       0.000       0.000       0.000                            0.8670E-07  0.8670E-07   0.000    
  24537600.0   10.18753566   10.3395   0.000       0.000      0.1520E-02  0.8404E-07 -0.1062E-01  0.9095E-02   0.000       0.000       0.000       0.000      -0.7786E-06   0.000       0.000       0.000       0.000       0.000                            0.8404E-07  0.8404E-07   0.000    
  24624000.0   10.18612397   10.3374   0.000       0.000      0.1512E-02  0.8170E-07 -0.1056E-01  0.9049E-02   0.000       0.000       0.000       0.000      -0.7578E-06   0.000       0.000       0.000       0.000       0.000                            0.8170E-07  0.8170E-07   0.000    
  24710400.0   10.18474375   10.3352   0.000       0.000      0.1505E-02  0.7987E-07 -0.1051E-01  0.9004E-02   0.000       0.000       0.000       0.000      -0.7418E-06   0.000       0.000       0.000       0.000       0.000                            0.7987E-07  0.7987E-07   0.000    
  24796800.0   10.18339940   10.3332   0.000       0.000      0.1498E-02  0.7780E-07 -0.1046E-01  0.8959E-02   0.000       0.000       0.000       0.000      -0.7233E-06   0.000       0.000       0.000       0.000       0.000                            0.7780E-07  0.7780E-07   0.000    
  24883200.0   10.18220114   10.3313   0.000       0.000      0.1491E-02  0.6934E-07 -0.1041E-01  0.8919E-02   0.000       0.000       0.000       0.000      -0.6454E-06   0.000       0.000       0.000       0.000       0.000                            0.6934E-07  0.6934E-07   0.000    
  24969600.0   10.18324015   10.3328   0.000       0.000      0.1496E-02 -0.6013E-07 -0.1044E-01  0.8945E-02   0.000       0.000       0.000       0.000       0.5597E-06   0.000       0.000       0.000       0.000       0.000                           -0.6013E-07 -0.6013E-07   0.000    
  25056000.0   10.18153766   10.3300   0.000       0.000      0.1485E-02  0.9852E-07 -0.1037E-01  0.8883E-02   0.000       0.000       0.000       0.000      -0.9174E-06   0.000       0.000       0.000       0.000       0.000                            0.9852E-07  0.9852E-07   0.000    
  25142400.0   10.18001033   10.3277   0.000       0.000      0.1477E-02  0.8839E-07 -0.1031E-01  0.8836E-02   0.000       0.000       0.000       0.000      -0.8241E-06   0.000       0.000       0.000       0.000       0.000                            0.8839E-07  0.8839E-07   0.000    
  25228800.0   10.18308893   10.3322   0.000       0.000      0.1491E-02 -0.1782E-06 -0.1041E-01  0.8922E-02   0.000       0.000       0.000       0.000       0.1660E-05   0.000       0.000       0.000       0.000       0.000                           -0.1782E-06 -0.1782E-06   0.000    
  25315200.0   10.18132799   10.3293   0.000       0.000      0.1480E-02  0.1019E-06 -0.1033E-01  0.8854E-02   0.000       0.000       0.000       0.000      -0.9490E-06   0.000       0.000       0.000       0.000       0.000                            0.1019E-06  0.1019E-06   0.000    
  25401600.0   10.18215192   10.3305   0.000       0.000      0.1483E-02 -0.4768E-07 -0.1036E-01  0.8877E-02   0.000       0.000       0.000       0.000       0.4442E-06   0.000       0.000       0.000       0.000       0.000                           -0.4768E-07 -0.4768E-07   0.000    
  25488000.0   10.18263189   10.3310   0.000       0.000      0.1483E-02 -0.2778E-07 -0.1036E-01  0.8881E-02   0.000       0.000       0.000       0.000       0.2586E-06   0.000       0.000       0.000       0.000       0.000                           -0.2778E-07 -0.2778E-07   0.000    
  25574400.0   10.18449068   10.3336   0.000       0.000      0.1491E-02 -0.1076E-06 -0.1042E-01  0.8928E-02   0.000       0.000       0.000       0.000       0.1001E-05   0.000       0.000       0.000       0.000       0.000                           -0.1076E-06 -0.1076E-06   0.000    
  25660800.0   10.18279818   10.3308   0.000       0.000      0.1480E-02  0.9795E-07 -0.1035E-01  0.8867E-02   0.000       0.000       0.000       0.000      -0.9110E-06   0.000       0.000       0.000       0.000       0.000                            0.9795E-07  0.9795E-07   0.000    
  25747200.0   10.18657246   10.3364   0.000       0.000      0.1498E-02 -0.2184E-06 -0.1047E-01  0.8977E-02   0.000       0.000       0.000       0.000       0.2030E-05   0.000       0.000       0.000       0.000       0.000                           -0.2184E-06 -0.2184E-06   0.000    
  25833600.0   10.20529683   10.3640   0.000       0.000      0.1587E-02 -0.1084E-05 -0.1109E-01  0.9511E-02   0.000       0.000       0.000       0.000       0.9968E-05   0.000       0.000       0.000       0.000       0.000                           -0.1084E-05 -0.1084E-05   0.000    
  25920000.0   10.22815816   10.3970   0.000       0.000      0.1689E-02 -0.1323E-05 -0.1181E-01  0.1013E-01   0.000       0.000       0.000       0.000       0.1192E-04   0.000       0.000       0.000       0.000       0.000                           -0.1323E-05 -0.1323E-05   0.000    
  26006400.0   10.24892549   10.4268   0.000       0.000      0.1778E-02 -0.1202E-05 -0.1247E-01  0.1070E-01   0.000       0.000       0.000       0.000       0.1056E-04   0.000       0.000       0.000       0.000       0.000                           -0.1202E-05 -0.1202E-05   0.000    
  26092800.0   10.25047117   10.4278   0.000       0.000      0.1773E-02 -0.8945E-07 -0.1247E-01  0.1070E-01   0.000       0.000       0.000       0.000       0.7750E-06   0.000       0.000       0.000       0.000       0.000                           -0.8945E-07 -0.8945E-07   0.000    
  26179200.0   10.24458452   10.4186   0.000       0.000      0.1740E-02  0.3407E-06 -0.1228E-01  0.1053E-01   0.000       0.000       0.000       0.000      -0.2960E-05   0.000       0.000       0.000       0.000       0.000                            0.3407E-06  0.3407E-06   0.000    
  26265600.0   10.23873163   10.4100   0.000       0.000      0.1712E-02  0.3387E-06 -0.1210E-01  0.1038E-01   0.000       0.000       0.000       0.000      -0.2965E-05   0.000       0.000       0.000       0.000       0.000                            0.3387E-06  0.3387E-06   0.000    
  26352000.0   10.23356958   10.4025   0.000       0.000      0.1689E-02  0.2987E-06 -0.1194E-01  0.1025E-01   0.000       0.000       0.000       0.000      -0.2633E-05   0.000       0.000       0.000       0.000       0.000                            0.2987E-06  0.2987E-06   0.000    
  26438400.0   10.22900384   10.3958   0.000       0.000      0.1668E-02  0.2642E-06 -0.1180E-01  0.1013E-01   0.000       0.000       0.000       0.000      -0.2343E-05   0.000       0.000       0.000       0.000       0.000                            0.2642E-06  0.2642E-06   0.000    
  26524800.0   10.22484597   10.3898   0.000       0.000      0.1650E-02  0.2406E-06 -0.1167E-01  0.1002E-01   0.000       0.000       0.000       0.000      -0.2144E-05   0.000       0.000       0.000       0.000       0.000                            0.2406E-06  0.2406E-06   0.000    
  26611200.0   10.22083023   10.3840   0.000       0.000      0.1632E-02  0.2324E-06 -0.1155E-01  0.9912E-02   0.000       0.000       0.000       0.000      -0.2080E-05   0.000       0.000       0.000       0.000       0.000                            0.2324E-06  0.2324E-06   0.000    
  26697600.0   10.21722913   10.3788   0.000       0.000      0.1616E-02  0.2084E-06 -0.1143E-01  0.9815E-02   0.000       0.000       0.000       0.000      -0.1873E-05   0.000       0.000       0.000       0.000       0.000                            0.2084E-06  0.2084E-06   0.000    
  26784000.0   10.21388091   10.3740   0.000       0.000      0.1601E-02  0.1938E-06 -0.1133E-01  0.9723E-02   0.000       0.000       0.000       0.000      -0.1748E-05   0.000       0.000       0.000       0.000       0.000                            0.1938E-06  0.1938E-06   0.000    
  26870400.0   10.22822649   10.3957   0.000       0.000      0.1675E-02 -0.8302E-06 -0.1182E-01  0.1016E-01   0.000       0.000       0.000       0.000       0.7446E-05   0.000       0.000       0.000       0.000       0.000                           -0.8302E-06 -0.8302E-06   0.000    
  26956800.0   10.23568269   10.4062   0.000       0.000      0.1705E-02 -0.4315E-06 -0.1204E-01  0.1034E-01   0.000       0.000       0.000       0.000       0.3822E-05   0.000       0.000       0.000       0.000       0.000                           -0.4315E-06 -0.4315E-06   0.000    
  27043200.0   10.24210269   10.4153   0.000       0.000      0.1732E-02 -0.3715E-06 -0.1224E-01  0.1051E-01   0.000       0.000       0.000       0.000       0.3264E-05   0.000       0.000       0.000       0.000       0.000                           -0.3715E-06 -0.3715E-06   0.000    
  27129600.0   10.24282099   10.4160   0.000       0.000      0.1732E-02 -0.4157E-07 -0.1225E-01  0.1052E-01   0.000       0.000       0.000       0.000       0.3635E-06   0.000       0.000       0.000       0.000       0.000                           -0.4157E-07 -0.4157E-07   0.000    
  27216000.0   10.24603889   10.4207   0.000       0.000      0.1747E-02 -0.1862E-06 -0.1236E-01  0.1062E-01   0.000       0.000       0.000       0.000       0.1625E-05   0.000       0.000       0.000       0.000       0.000                           -0.1862E-06 -0.1862E-06   0.000    
  27302400.0   10.25593524   10.4354   0.000       0.000      0.1795E-02 -0.5727E-06 -0.1270E-01  0.1091E-01   0.000       0.000       0.000       0.000       0.4953E-05   0.000       0.000       0.000       0.000       0.000                           -0.5727E-06 -0.5727E-06   0.000    
  27388800.0   10.27561841   10.4645   0.000       0.000      0.1889E-02 -0.1139E-05 -0.1336E-01  0.1148E-01   0.000       0.000       0.000       0.000       0.9647E-05   0.000       0.000       0.000       0.000       0.000                           -0.1139E-05 -0.1139E-05   0.000    
  27475200.0   10.29045329   10.4858   0.000       0.000      0.1954E-02 -0.8585E-06 -0.1384E-01  0.1189E-01   0.000       0.000       0.000       0.000       0.7077E-05   0.000       0.000       0.000       0.000       0.000                           -0.8585E-06 -0.8585E-06   0.000    
  27561600.0   10.28429835   10.4757   0.000       0.000      0.1914E-02  0.3562E-06 -0.1359E-01  0.1168E-01   0.000       0.000       0.000       0.000      -0.2915E-05   0.000       0.000       0.000       0.000       0.000                            0.3562E-06  0.3562E-06   0.000    
  27648000.0   10.27729749   10.4653   0.000       0.000      0.1880E-02  0.4051E-06 -0.1337E-01  0.1149E-01   0.000       0.000       0.000       0.000      -0.3352E-05   0.000       0.000       0.000       0.000       0.000                            0.4051E-06  0.4051E-06   0.000    
  27734400.0   10.27028560   10.4551   0.000       0.000      0.1848E-02  0.4058E-06 -0.1315E-01  0.1130E-01   0.000       0.000       0.000       0.000      -0.3395E-05   0.000       0.000       0.000       0.000       0.000                            0.4058E-06  0.4058E-06   0.000    
  27820800.0   10.26504808   10.4476   0.000       0.000      0.1825E-02  0.3031E-06 -0.1299E-01  0.1116E-01   0.000       0.000       0.000       0.000      -0.2560E-05   0.000       0.000       0.000       0.000       0.000                            0.3031E-06  0.3031E-06   0.000    
  27907200.0   10.26143346   10.4425   0.000       0.000      0.1810E-02  0.2092E-06 -0.1288E-01  0.1107E-01   0.000       0.000       0.000       0.000      -0.1778E-05   0.000       0.000       0.000       0.000       0.000                            0.2092E-06  0.2092E-06   0.000    
  27993600.0   10.27134914   10.4577   0.000       0.000      0.1864E-02 -0.5738E-06 -0.1324E-01  0.1139E-01   0.000       0.000       0.000       0.000       0.4856E-05   0.000       0.000       0.000       0.000       0.000                           -0.5738E-06 -0.5738E-06   0.000    
  28080000.0   10.28441087   10.4771   0.000       0.000      0.1927E-02 -0.7559E-06 -0.1368E-01  0.1176E-01   0.000       0.000       0.000       0.000       0.6284E-05   0.000       0.000       0.000       0.000       0.000                           -0.7559E-06 -0.7559E-06   0.000    
  28166400.0   10.28920167   10.4837   0.000       0.000      0.1945E-02 -0.2772E-06 -0.1382E-01  0.1188E-01   0.000       0.000       0.000       0.000       0.2271E-05   0.000       0.000       0.000       0.000       0.000                           -0.2772E-06 -0.2772E-06   0.000    
  28252800.0   10.28338912   10.4746   0.000       0.000      0.1912E-02  0.3364E-06 -0.1361E-01  0.1169E-01   0.000       0.000       0.000       0.000      -0.2758E-05   0.000       0.000       0.000       0.000       0.000                            0.3364E-06  0.3364E-06   0.000    
  28339200.0   10.27686547   10.4651   0.000       0.000      0.1882E-02  0.3775E-06 -0.1340E-01  0.1151E-01   0.000       0.000       0.000       0.000      -0.3127E-05   0.000       0.000       0.000       0.000       0.000                            0.3775E-06  0.3775E-06   0.000    
  28425600.0   10.27076148   10.4562   0.000       0.000      0.1854E-02  0.3532E-06 -0.1320E-01  0.1134E-01   0.000       0.000       0.000       0.000      -0.2956E-05   0.000       0.000       0.000       0.000       0.000                            0.3532E-06  0.3532E-06   0.000    
  28512000.0   10.26515213   10.4481   0.000       0.000      0.1830E-02  0.3246E-06 -0.1302E-01  0.1119E-01   0.000       0.000       0.000       0.000      -0.2741E-05   0.000       0.000       0.000       0.000       0.000                            0.3246E-06  0.3246E-06   0.000    
  28598400.0   10.26000269   10.4407   0.000       0.000      0.1807E-02  0.2980E-06 -0.1285E-01  0.1104E-01   0.000       0.000       0.000       0.000      -0.2536E-05   0.000       0.000       0.000       0.000       0.000                            0.2980E-06  0.2980E-06   0.000    
  28684800.0   10.25523204   10.4339   0.000       0.000      0.1787E-02  0.2761E-06 -0.1270E-01  0.1091E-01   0.000       0.000       0.000       0.000      -0.2366E-05   0.000       0.000       0.000       0.000       0.000                            0.2761E-06  0.2761E-06   0.000    
  28771200.0   10.25077038   10.4275   0.000       0.000      0.1768E-02  0.2582E-06 -0.1255E-01  0.1078E-01   0.000       0.000       0.000       0.000      -0.2227E-05   0.000       0.000       0.000       0.000       0.000                            0.2582E-06  0.2582E-06   0.000    
  28857600.0   10.24658496   10.4216   0.000       0.000      0.1750E-02  0.2422E-06 -0.1242E-01  0.1066E-01   0.000       0.000       0.000       0.000      -0.2101E-05   0.000       0.000       0.000       0.000       0.000                            0.2422E-06  0.2422E-06   0.000    
  28944000.0   10.24258120   10.4158   0.000       0.000      0.1733E-02  0.2317E-06 -0.1228E-01  0.1055E-01   0.000       0.000       0.000       0.000      -0.2021E-05   0.000       0.000       0.000       0.000       0.000                            0.2317E-06  0.2317E-06   0.000    
  29030400.0   10.23872138   10.4103   0.000       0.000      0.1716E-02  0.2234E-06 -0.1216E-01  0.1044E-01   0.000       0.000       0.000       0.000      -0.1958E-05   0.000       0.000       0.000       0.000       0.000                            0.2234E-06  0.2234E-06   0.000    
  29116800.0   10.23506033   10.4051   0.000       0.000      0.1700E-02  0.2119E-06 -0.1203E-01  0.1033E-01   0.000       0.000       0.000       0.000      -0.1866E-05   0.000       0.000       0.000       0.000       0.000                            0.2119E-06  0.2119E-06   0.000    
  29203200.0   10.23151829   10.4000   0.000       0.000      0.1685E-02  0.2050E-06 -0.1191E-01  0.1023E-01   0.000       0.000       0.000       0.000      -0.1813E-05   0.000       0.000       0.000       0.000       0.000                            0.2050E-06  0.2050E-06   0.000    
  29289600.0   10.22817368   10.3952   0.000       0.000      0.1671E-02  0.1936E-06 -0.1180E-01  0.1013E-01   0.000       0.000       0.000       0.000      -0.1719E-05   0.000       0.000       0.000       0.000       0.000                            0.1936E-06  0.1936E-06   0.000    
  29376000.0   10.22503195   10.3907   0.000       0.000      0.1657E-02  0.1818E-06 -0.1170E-01  0.1004E-01   0.000       0.000       0.000       0.000      -0.1621E-05   0.000       0.000       0.000       0.000       0.000                            0.1818E-06  0.1818E-06   0.000    
  29462400.0   10.22205426   10.3865   0.000       0.000      0.1644E-02  0.1723E-06 -0.1159E-01  0.9949E-02   0.000       0.000       0.000       0.000      -0.1541E-05   0.000       0.000       0.000       0.000       0.000                            0.1723E-06  0.1723E-06   0.000    
  29548800.0   10.21920953   10.3824   0.000       0.000      0.1632E-02  0.1646E-06 -0.1150E-01  0.9864E-02   0.000       0.000       0.000       0.000      -0.1477E-05   0.000       0.000       0.000       0.000       0.000                            0.1646E-06  0.1646E-06   0.000    
  29635200.0   10.21647175   10.3784   0.000       0.000      0.1620E-02  0.1584E-06 -0.1140E-01  0.9783E-02   0.000       0.000       0.000       0.000      -0.1426E-05   0.000       0.000       0.000       0.000       0.000                            0.1584E-06  0.1584E-06   0.000    
  29721600.0   10.21384493   10.3746   0.000       0.000      0.1608E-02  0.1520E-06 -0.1131E-01  0.9705E-02   0.000       0.000       0.000       0.000      -0.1372E-05   0.000       0.000       0.000       0.000       0.000                            0.1520E-06  0.1520E-06   0.000    
  29808000.0   10.21127986   10.3709   0.000       0.000      0.1596E-02  0.1484E-06 -0.1123E-01  0.9628E-02   0.000       0.000       0.000       0.000      -0.1344E-05   0.000       0.000       0.000       0.000       0.000                            0.1484E-06  0.1484E-06   0.000    
  29894400.0   10.20879861   10.3673   0.000       0.000      0.1585E-02  0.1436E-06 -0.1114E-01  0.9555E-02   0.000       0.000       0.000       0.000      -0.1303E-05   0.000       0.000       0.000       0.000       0.000                            0.1436E-06  0.1436E-06   0.000    
  29980800.0   10.20639609   10.3638   0.000       0.000      0.1575E-02  0.1390E-06 -0.1106E-01  0.9483E-02   0.000       0.000       0.000       0.000      -0.1265E-05   0.000       0.000       0.000       0.000       0.000                            0.1390E-06  0.1390E-06   0.000    
  30067200.0   10.20410451   10.3605   0.000       0.000      0.1564E-02  0.1326E-06 -0.1098E-01  0.9415E-02   0.000       0.000       0.000       0.000      -0.1209E-05   0.000       0.000       0.000       0.000       0.000                            0.1326E-06  0.1326E-06   0.000    
  30153600.0   10.20190186   10.3573   0.000       0.000      0.1554E-02  0.1275E-06 -0.1090E-01  0.9349E-02   0.000       0.000       0.000       0.000      -0.1165E-05   0.000       0.000       0.000       0.000       0.000                            0.1275E-06  0.1275E-06   0.000    
  30240000.0   10.19978342   10.3542   0.000       0.000      0.1544E-02  0.1226E-06 -0.1083E-01  0.9285E-02   0.000       0.000       0.000       0.000      -0.1123E-05   0.000       0.000       0.000       0.000       0.000                            0.1226E-06  0.1226E-06   0.000    
  30326400.0   10.19772485   10.3512   0.000       0.000      0.1535E-02  0.1191E-06 -0.1076E-01  0.9223E-02   0.000       0.000       0.000       0.000      -0.1093E-05   0.000       0.000       0.000       0.000       0.000                            0.1191E-06  0.1191E-06   0.000    
  30412800.0   10.19573081   10.3483   0.000       0.000      0.1526E-02  0.1154E-06 -0.1069E-01  0.9164E-02   0.000       0.000       0.000       0.000      -0.1061E-05   0.000       0.000       0.000       0.000       0.000                            0.1154E-06  0.1154E-06   0.000    
  30499200.0   10.19380634   10.3455   0.000       0.000      0.1517E-02  0.1114E-06 -0.1062E-01  0.9106E-02   0.000       0.000       0.000       0.000      -0.1026E-05   0.000       0.000       0.000       0.000       0.000                            0.1114E-06  0.1114E-06   0.000    
  30585600.0   10.19193999   10.3427   0.000       0.000      0.1508E-02  0.1080E-06 -0.1056E-01  0.9050E-02   0.000       0.000       0.000       0.000      -0.9965E-06   0.000       0.000       0.000       0.000       0.000                            0.1080E-06  0.1080E-06   0.000    
  30672000.0   10.19013336   10.3400   0.000       0.000      0.1499E-02  0.1046E-06 -0.1050E-01  0.8995E-02   0.000       0.000       0.000       0.000      -0.9662E-06   0.000       0.000       0.000       0.000       0.000                            0.1046E-06  0.1046E-06   0.000    
  30758400.0   10.18838169   10.3375   0.000       0.000      0.1491E-02  0.1014E-06 -0.1043E-01  0.8942E-02   0.000       0.000       0.000       0.000      -0.9383E-06   0.000       0.000       0.000       0.000       0.000                            0.1014E-06  0.1014E-06   0.000    
  30844800.0   10.18668055   10.3349   0.000       0.000      0.1483E-02  0.9845E-07 -0.1037E-01  0.8891E-02   0.000       0.000       0.000       0.000      -0.9126E-06   0.000       0.000       0.000       0.000       0.000                            0.9845E-07  0.9845E-07   0.000    
  30931200.0   10.18502110   10.3325   0.000       0.000      0.1474E-02  0.9603E-07 -0.1032E-01  0.8840E-02   0.000       0.000       0.000       0.000      -0.8915E-06   0.000       0.000       0.000       0.000       0.000                            0.9603E-07  0.9603E-07   0.000    
  31017600.0   10.18340196   10.3301   0.000       0.000      0.1467E-02  0.9370E-07 -0.1026E-01  0.8791E-02   0.000       0.000       0.000       0.000      -0.8711E-06   0.000       0.000       0.000       0.000       0.000                            0.9370E-07  0.9370E-07   0.000    
  31104000.0   10.18182637   10.3277   0.000       0.000      0.1459E-02  0.9118E-07 -0.1020E-01  0.8743E-02   0.000       0.000       0.000       0.000      -0.8488E-06   0.000       0.000       0.000       0.000       0.000                            0.9118E-07  0.9118E-07   0.000    
  31190400.0   10.18029086   10.3254   0.000       0.000      0.1451E-02  0.8886E-07 -0.1015E-01  0.8696E-02   0.000       0.000       0.000       0.000      -0.8283E-06   0.000       0.000       0.000       0.000       0.000                            0.8886E-07  0.8886E-07   0.000    
  31276800.0   10.17920602   10.3238   0.000       0.000      0.1446E-02  0.6278E-07 -0.1011E-01  0.8663E-02   0.000       0.000       0.000       0.000      -0.5858E-06   0.000       0.000       0.000       0.000       0.000                            0.6278E-07  0.6278E-07   0.000    
  31363200.0   10.17767026   10.3214   0.000       0.000      0.1438E-02  0.8888E-07 -0.1005E-01  0.8614E-02   0.000       0.000       0.000       0.000      -0.8302E-06   0.000       0.000       0.000       0.000       0.000                            0.8888E-07  0.8888E-07   0.000    
  31449600.0   10.17619729   10.3192   0.000       0.000      0.1430E-02  0.8524E-07 -0.1000E-01  0.8570E-02   0.000       0.000       0.000       0.000      -0.7973E-06   0.000       0.000       0.000       0.000       0.000                            0.8524E-07  0.8524E-07   0.000    
  31536000.0   10.17477447   10.3171   0.000       0.000      0.1423E-02  0.8234E-07 -0.9950E-02  0.8526E-02   0.000       0.000       0.000       0.000      -0.7710E-06   0.000       0.000       0.000       0.000       0.000                            0.8234E-07  0.8234E-07   0.000    
  31622400.0   10.17318838   10.3147   0.000       0.000      0.1415E-02  0.9179E-07 -0.9894E-02  0.8478E-02   0.000       0.000       0.000       0.000      -0.8605E-06   0.000       0.000       0.000       0.000       0.000                            0.9179E-07  0.9179E-07   0.000    
