   TOTIM (T)          HCON      HMAT     QDIR      QWELL        QMAT QCADS<->CON       QTUB1       QTUB2       QTUB3       QTUB4       QTUB5       QTUB6       NSTOR        QFIX        QLH     FHLQ (LQ)      CAUCHY CAUCHY (LQ) BREAK-DOWN CADS FLOW  QCADS<->CON    Q_CDSSTO    Q_CDSRCH
     86400.0   10.79643398   10.8463   0.000       0.000      0.4991E-03   0.000     -0.3645E-01  0.3595E-01   0.000       0.000       0.000       0.000        0.000       0.000       0.000       0.000       0.000       0.000                             0.000       0.000       0.000    
    172800.0   10.77886219   10.8277   0.000       0.000      0.4880E-03  0.1017E-05 -0.3619E-01  0.3570E-01   0.000       0.000       0.000       0.000        0.000       0.000       0.000       0.000       0.000       0.000                            0.1017E-05  0.1017E-05   0.000    
    259200.0   10.77921393   10.8279   0.000       0.000      0.4872E-03 -0.2036E-07 -0.3617E-01  0.3569E-01   0.000       0.000       0.000       0.000        0.000       0.000       0.000       0.000       0.000       0.000                           -0.2036E-07 -0.2036E-07   0.000    
    345600.0   10.77761763   10.8262   0.000       0.000      0.4856E-03  0.9238E-07 -0.3612E-01  0.3564E-01   0.000       0.000       0.000       0.000        0.000       0.000       0.000       0.000       0.000       0.000                            0.9238E-07  0.9238E-07   0.000    
    432000.0   10.78935118   10.8386   0.000       0.000      0.4927E-03 -0.6790E-06 -0.3628E-01  0.3579E-01   0.000       0.000       0.000       0.000        0.000       0.000       0.000       0.000       0.000       0.000                           -0.6790E-06 -0.6790E-06   0.000    
    518400.0   10.79632154   10.8461   0.000       0.000      0.4976E-03 -0.4034E-06 -0.3639E-01  0.3589E-01   0.000       0.000       0.000       0.000        0.000       0.000       0.000       0.000       0.000       0.000                           -0.4034E-06 -0.4034E-06   0.000    
    604800.0   10.79836326   10.8483   0.000       0.000      0.4997E-03 -0.1182E-06 -0.3644E-01  0.3594E-01   0.000       0.000       0.000       0.000        0.000       0.000       0.000       0.000       0.000       0.000                           -0.1182E-06 -0.1182E-06   0.000    
    691200.0   10.81635099   10.8675   0.000       0.000      0.5117E-03 -0.1041E-05 -0.3672E-01  0.3621E-01   0.000       0.000       0.000       0.000        0.000       0.000       0.000       0.000       0.000       0.000                           -0.1041E-05 -0.1041E-05   0.000    
    777600.0   10.86526877   10.9195   0.000       0.000      0.5425E-03 -0.2831E-05 -0.3744E-01  0.3690E-01   0.000       0.000       0.000       0.000        0.000       0.000       0.000       0.000       0.000       0.000                           -0.2831E-05 -0.2831E-05   0.000    
    864000.0   10.93733903   10.9961   0.000       0.000      0.5874E-03 -0.4171E-05 -0.3851E-01  0.3793E-01   0.000       0.000       0.000       0.000        0.000       0.000       0.000       0.000       0.000       0.000                           -0.4171E-05 -0.4171E-05   0.000    
    950400.0   10.96982256   11.0310   0.000       0.000      0.6113E-03 -0.1880E-05 -0.3912E-01  0.3851E-01   0.000       0.000       0.000       0.000        0.000       0.000       0.000       0.000       0.000       0.000                           -0.1880E-05 -0.1880E-05   0.000    
   1036800.0   11.04817283   11.1139   0.000       0.000      0.6574E-03 -0.4534E-05 -0.4028E-01  0.3963E-01   0.000       0.000       0.000       0.000        0.000       0.000       0.000       0.000       0.000       0.000                           -0.4534E-05 -0.4534E-05   0.000    
   1123200.0   11.18925835   11.2624   0.000       0.000      0.7314E-03 -0.8165E-05 -0.4214E-01  0.4141E-01   0.000       0.000       0.000       0.000        0.000       0.000       0.000       0.000       0.000       0.000                           -0.8165E-05 -0.8165E-05   0.000    
   1209600.0   11.17196840   11.2454   0.000       0.000      0.7338E-03  0.1001E-05 -0.4232E-01  0.4158E-01   0.000       0.000       0.000       0.000        0.000       0.000       0.000       0.000       0.000       0.000                            0.1001E-05  0.1001E-05   0.000    
   1296000.0   11.15109561   11.2240   0.000       0.000      0.7287E-03  0.1208E-05 -0.4238E-01  0.4165E-01   0.000       0.000       0.000       0.000        0.000       0.000       0.000       0.000       0.000       0.000                            0.1208E-05  0.1208E-05   0.000    
   1382400.0   11.13005790   11.2018   0.000       0.000      0.7179E-03  0.1217E-05 -0.4229E-01  0.4157E-01   0.000       0.000       0.000       0.000        0.000       0.000       0.000       0.000       0.000       0.000                            0.1217E-05  0.1217E-05   0.000    
   1468800.0   11.10920154   11.1797   0.000       0.000      0.7045E-03  0.1207E-05 -0.4212E-01  0.4142E-01   0.000       0.000       0.000       0.000        0.000       0.000       0.000       0.000       0.000       0.000                            0.1207E-05  0.1207E-05   0.000    
   1555200.0   11.08686109   11.1557   0.000       0.000      0.6887E-03  0.1293E-05 -0.4189E-01  0.4120E-01   0.000       0.000       0.000       0.000        0.000       0.000       0.000       0.000       0.000       0.000                            0.1293E-05  0.1293E-05   0.000    
   1641600.0   11.06442760   11.1316   0.000       0.000      0.6716E-03  0.1298E-05 -0.4162E-01  0.4095E-01   0.000       0.000       0.000       0.000        0.000       0.000       0.000       0.000       0.000       0.000                            0.1298E-05  0.1298E-05   0.000    
   1728000.0   11.04541838   11.1110   0.000       0.000      0.6556E-03  0.1100E-05 -0.4136E-01  0.4070E-01   0.000       0.000       0.000       0.000        0.000       0.000       0.000       0.000       0.000       0.000                            0.1100E-05  0.1100E-05   0.000    
   1814400.0   11.02868074   11.0928   0.000       0.000      0.6411E-03  0.9686E-06 -0.4112E-01  0.4048E-01   0.000       0.000       0.000       0.000        0.000       0.000       0.000       0.000       0.000       0.000                            0.9686E-06  0.9686E-06   0.000    
   1900800.0   11.01002243   11.0726   0.000       0.000      0.6254E-03  0.1080E-05 -0.4083E-01  0.4021E-01   0.000       0.000       0.000       0.000        0.000       0.000       0.000       0.000       0.000       0.000                            0.1080E-05  0.1080E-05   0.000    
   1987200.0   10.99285054   11.0540   0.000       0.000      0.6112E-03  0.9937E-06 -0.4057E-01  0.3996E-01   0.000       0.000       0.000       0.000        0.000       0.000       0.000       0.000       0.000       0.000                            0.9937E-06  0.9937E-06   0.000    
   2073600.0   10.97870474   11.0386   0.000       0.000      0.5987E-03  0.8186E-06 -0.4033E-01  0.3973E-01   0.000       0.000       0.000       0.000        0.000       0.000       0.000       0.000       0.000       0.000                            0.8186E-06  0.8186E-06   0.000    
   2160000.0   10.96231431   11.0209   0.000       0.000      0.5854E-03  0.9485E-06 -0.4005E-01  0.3947E-01   0.000       0.000       0.000       0.000        0.000       0.000       0.000       0.000       0.000       0.000                            0.9485E-06  0.9485E-06   0.000    
   2246400.0   10.94611131   11.0034   0.000       0.000      0.5727E-03  0.9377E-06 -0.3978E-01  0.3921E-01   0.000       0.000       0.000       0.000        0.000       0.000       0.000       0.000       0.000       0.000                            0.9377E-06  0.9377E-06   0.000    
   2332800.0   10.93034670   10.9864   0.000       0.000      0.5602E-03  0.9123E-06 -0.3950E-01  0.3894E-01   0.000       0.000       0.000       0.000        0.000       0.000       0.000       0.000       0.000       0.000                            0.9123E-06  0.9123E-06   0.000    
   2419200.0   10.91497177   10.9698   0.000       0.000      0.5484E-03  0.8898E-06 -0.3922E-01  0.3867E-01   0.000       0.000       0.000       0.000        0.000       0.000       0.000       0.000       0.000       0.000                            0.8898E-06  0.8898E-06   0.000    
   2505600.0   10.90804476   10.9622   0.000       0.000      0.5414E-03  0.4009E-06 -0.3905E-01  0.3851E-01   0.000       0.000       0.000       0.000        0.000       0.000       0.000       0.000       0.000       0.000                            0.4009E-06  0.4009E-06   0.000    
   2592000.0   10.89790992   10.9513   0.000       0.000      0.5337E-03  0.5865E-06 -0.3885E-01  0.3832E-01   0.000       0.000       0.000       0.000        0.000       0.000       0.000       0.000       0.000       0.000                            0.5865E-06  0.5865E-06   0.000    
   2678400.0   10.91689686   10.9712   0.000       0.000      0.5429E-03 -0.1099E-05 -0.3905E-01  0.3851E-01   0.000       0.000       0.000       0.000        0.000       0.000       0.000       0.000       0.000       0.000                           -0.1099E-05 -0.1099E-05   0.000    
   2764800.0   10.99246558   11.0509   0.000       0.000      0.5839E-03 -0.4373E-05 -0.4000E-01  0.3942E-01   0.000       0.000       0.000       0.000        0.000       0.000       0.000       0.000       0.000       0.000                           -0.4373E-05 -0.4373E-05   0.000    
   2851200.0   11.17827181   11.2462   0.000       0.000      0.6795E-03 -0.1075E-04 -0.4227E-01  0.4160E-01   0.000       0.000       0.000       0.000        0.000       0.000       0.000       0.000       0.000       0.000                           -0.1075E-04 -0.1075E-04   0.000    
   2937600.0   11.14467466   11.2123   0.000       0.000      0.6767E-03  0.1944E-05 -0.4223E-01  0.4155E-01   0.000       0.000       0.000       0.000        0.000       0.000       0.000       0.000       0.000       0.000                            0.1944E-05  0.1944E-05   0.000    
   3024000.0   11.15155105   11.2202   0.000       0.000      0.6867E-03 -0.3979E-06 -0.4258E-01  0.4189E-01   0.000       0.000       0.000       0.000        0.000       0.000       0.000       0.000       0.000       0.000                           -0.3979E-06 -0.3979E-06   0.000    
   3110400.0   11.15326098   11.2223   0.000       0.000      0.6902E-03 -0.9895E-07 -0.4273E-01  0.4204E-01   0.000       0.000       0.000       0.000        0.000       0.000       0.000       0.000       0.000       0.000                           -0.9895E-07 -0.9895E-07   0.000    
   3196800.0   11.14141096   11.2099   0.000       0.000      0.6852E-03  0.6858E-06 -0.4269E-01  0.4200E-01   0.000       0.000       0.000       0.000        0.000       0.000       0.000       0.000       0.000       0.000                            0.6858E-06  0.6858E-06   0.000    
   3283200.0   11.12333536   11.1909   0.000       0.000      0.6756E-03  0.1046E-05 -0.4254E-01  0.4187E-01   0.000       0.000       0.000       0.000        0.000       0.000       0.000       0.000       0.000       0.000                            0.1046E-05  0.1046E-05   0.000    
   3369600.0   11.12605264   11.1935   0.000       0.000      0.6742E-03 -0.1572E-06 -0.4259E-01  0.4192E-01   0.000       0.000       0.000       0.000        0.000       0.000       0.000       0.000       0.000       0.000                           -0.1572E-06 -0.1572E-06   0.000    
   3456000.0   11.14077112   11.2086   0.000       0.000      0.6783E-03 -0.8518E-06 -0.4277E-01  0.4209E-01   0.000       0.000       0.000       0.000        0.000       0.000       0.000       0.000       0.000       0.000                           -0.8518E-06 -0.8518E-06   0.000    
   3542400.0   11.16376483   11.2325   0.000       0.000      0.6877E-03 -0.1331E-05 -0.4308E-01  0.4239E-01   0.000       0.000       0.000       0.000        0.000       0.000       0.000       0.000       0.000       0.000                           -0.1331E-05 -0.1331E-05   0.000    
   3628800.0   11.17238793   11.2415   0.000       0.000      0.6910E-03 -0.4990E-06 -0.4324E-01  0.4255E-01   0.000       0.000       0.000       0.000        0.000       0.000       0.000       0.000       0.000       0.000                           -0.4990E-06 -0.4990E-06   0.000    
   3715200.0   11.16072979   11.2292   0.000       0.000      0.6849E-03  0.6747E-06 -0.4318E-01  0.4249E-01   0.000       0.000       0.000       0.000        0.000       0.000       0.000       0.000       0.000       0.000                            0.6747E-06  0.6747E-06   0.000    
   3801600.0   11.16447833   11.2330   0.000       0.000      0.6847E-03 -0.2169E-06 -0.4326E-01  0.4258E-01   0.000       0.000       0.000       0.000        0.000       0.000       0.000       0.000       0.000       0.000                           -0.2169E-06 -0.2169E-06   0.000    
   3888000.0   11.17739279   11.2463   0.000       0.000      0.6887E-03 -0.7474E-06 -0.4343E-01  0.4274E-01   0.000       0.000       0.000       0.000        0.000       0.000       0.000       0.000       0.000       0.000                           -0.7474E-06 -0.7474E-06   0.000    
   3974400.0   11.20638663   11.2764   0.000       0.000      0.7005E-03 -0.1678E-05 -0.4379E-01  0.4309E-01   0.000       0.000       0.000       0.000        0.000       0.000       0.000       0.000       0.000       0.000                           -0.1678E-05 -0.1678E-05   0.000    
   4060800.0   11.22981283   11.3009   0.000       0.000      0.7105E-03 -0.1356E-05 -0.4411E-01  0.4340E-01   0.000       0.000       0.000       0.000        0.000       0.000       0.000       0.000       0.000       0.000                           -0.1356E-05 -0.1356E-05   0.000    
   4147200.0   11.21812254   11.2887   0.000       0.000      0.7059E-03  0.6765E-06 -0.4409E-01  0.4338E-01   0.000       0.000       0.000       0.000        0.000       0.000       0.000       0.000       0.000       0.000                            0.6765E-06  0.6765E-06   0.000    
   4233600.0   11.19972802   11.2694   0.000       0.000      0.6963E-03  0.1064E-05 -0.4394E-01  0.4325E-01   0.000       0.000       0.000       0.000        0.000       0.000       0.000       0.000       0.000       0.000                            0.1064E-05  0.1064E-05   0.000    
   4320000.0   11.18434944   11.2530   0.000       0.000      0.6869E-03  0.8900E-06 -0.4379E-01  0.4310E-01   0.000       0.000       0.000       0.000        0.000       0.000       0.000       0.000       0.000       0.000                            0.8900E-06  0.8900E-06   0.000    
   4406400.0   11.16783711   11.2354   0.000       0.000      0.6759E-03  0.9556E-06 -0.4359E-01  0.4291E-01   0.000       0.000       0.000       0.000        0.000       0.000       0.000       0.000       0.000       0.000                            0.9556E-06  0.9556E-06   0.000    
   4492800.0   11.15462231   11.2212   0.000       0.000      0.6661E-03  0.7647E-06 -0.4341E-01  0.4274E-01   0.000       0.000       0.000       0.000        0.000       0.000       0.000       0.000       0.000       0.000                            0.7647E-06  0.7647E-06   0.000    
   4579200.0   11.13749838   11.2030   0.000       0.000      0.6546E-03  0.9910E-06 -0.4318E-01  0.4253E-01   0.000       0.000       0.000       0.000        0.000       0.000       0.000       0.000       0.000       0.000                            0.9910E-06  0.9910E-06   0.000    
   4665600.0   11.11940296   11.1836   0.000       0.000      0.6423E-03  0.1047E-05 -0.4293E-01  0.4228E-01   0.000       0.000       0.000       0.000        0.000       0.000       0.000       0.000       0.000       0.000                            0.1047E-05  0.1047E-05   0.000    
   4752000.0   11.14511426   11.2102   0.000       0.000      0.6510E-03 -0.1488E-05 -0.4317E-01  0.4252E-01   0.000       0.000       0.000       0.000        0.000       0.000       0.000       0.000       0.000       0.000                           -0.1488E-05 -0.1488E-05   0.000    
   4838400.0   11.18238201   11.2491   0.000       0.000      0.6668E-03 -0.2157E-05 -0.4357E-01  0.4290E-01   0.000       0.000       0.000       0.000        0.000       0.000       0.000       0.000       0.000       0.000                           -0.2157E-05 -0.2157E-05   0.000    
   4924800.0   11.22423292   11.2929   0.000       0.000      0.6863E-03 -0.2422E-05 -0.4408E-01  0.4339E-01   0.000       0.000       0.000       0.000        0.000       0.000       0.000       0.000       0.000       0.000                           -0.2422E-05 -0.2422E-05   0.000    
   5011200.0   11.25039784   11.3205   0.000       0.000      0.7006E-03 -0.1514E-05 -0.4447E-01  0.4377E-01   0.000       0.000       0.000       0.000        0.000       0.000       0.000       0.000       0.000       0.000                           -0.1514E-05 -0.1514E-05   0.000    
   5097600.0   11.23780892   11.3075   0.000       0.000      0.6972E-03  0.7285E-06 -0.4444E-01  0.4374E-01   0.000       0.000       0.000       0.000        0.000       0.000       0.000       0.000       0.000       0.000                            0.7285E-06  0.7285E-06   0.000    
   5184000.0   11.21916885   11.2881   0.000       0.000      0.6897E-03  0.1079E-05 -0.4432E-01  0.4363E-01   0.000       0.000       0.000       0.000        0.000       0.000       0.000       0.000       0.000       0.000                            0.1079E-05  0.1079E-05   0.000    
   5270400.0   11.20274020   11.2708   0.000       0.000      0.6806E-03  0.9507E-06 -0.4415E-01  0.4347E-01   0.000       0.000       0.000       0.000        0.000       0.000       0.000       0.000       0.000       0.000                            0.9507E-06  0.9507E-06   0.000    
   5356800.0   11.18388575   11.2509   0.000       0.000      0.6699E-03  0.1091E-05 -0.4393E-01  0.4326E-01   0.000       0.000       0.000       0.000        0.000       0.000       0.000       0.000       0.000       0.000                            0.1091E-05  0.1091E-05   0.000    
   5443200.0   11.19347388   11.2606   0.000       0.000      0.6712E-03 -0.5549E-06 -0.4401E-01  0.4333E-01   0.000       0.000       0.000       0.000        0.000       0.000       0.000       0.000       0.000       0.000                           -0.5549E-06 -0.5549E-06   0.000    
   5529600.0   11.20592171   11.2734   0.000       0.000      0.6748E-03 -0.7204E-06 -0.4412E-01  0.4345E-01   0.000       0.000       0.000       0.000        0.000       0.000       0.000       0.000       0.000       0.000                           -0.7204E-06 -0.7204E-06   0.000    
   5616000.0   11.21942349   11.2874   0.000       0.000      0.6801E-03 -0.7814E-06 -0.4429E-01  0.4361E-01   0.000       0.000       0.000       0.000        0.000       0.000       0.000       0.000       0.000       0.000                           -0.7814E-06 -0.7814E-06   0.000    
   5702400.0   11.22816130   11.2965   0.000       0.000      0.6838E-03 -0.5057E-06 -0.4442E-01  0.4374E-01   0.000       0.000       0.000       0.000        0.000       0.000       0.000       0.000       0.000       0.000                           -0.5057E-06 -0.5057E-06   0.000    
   5788800.0   11.22380882   11.2920   0.000       0.000      0.6818E-03  0.2519E-06 -0.4442E-01  0.4373E-01   0.000       0.000       0.000       0.000        0.000       0.000       0.000       0.000       0.000       0.000                            0.2519E-06  0.2519E-06   0.000    
   5875200.0   11.22472340   11.2929   0.000       0.000      0.6816E-03 -0.5293E-07 -0.4445E-01  0.4377E-01   0.000       0.000       0.000       0.000        0.000       0.000       0.000       0.000       0.000       0.000                           -0.5293E-07 -0.5293E-07   0.000    
   5961600.0   11.22052461   11.2884   0.000       0.000      0.6788E-03  0.2430E-06 -0.4442E-01  0.4374E-01   0.000       0.000       0.000       0.000        0.000       0.000       0.000       0.000       0.000       0.000                            0.2430E-06  0.2430E-06   0.000    
   6048000.0   11.20782363   11.2750   0.000       0.000      0.6717E-03  0.7350E-06 -0.4429E-01  0.4362E-01   0.000       0.000       0.000       0.000        0.000       0.000       0.000       0.000       0.000       0.000                            0.7350E-06  0.7350E-06   0.000    
   6134400.0   11.19121334   11.2575   0.000       0.000      0.6627E-03  0.9612E-06 -0.4410E-01  0.4344E-01   0.000       0.000       0.000       0.000        0.000       0.000       0.000       0.000       0.000       0.000                            0.9612E-06  0.9612E-06   0.000    
   6220800.0   11.17306523   11.2383   0.000       0.000      0.6518E-03  0.1050E-05 -0.4387E-01  0.4322E-01   0.000       0.000       0.000       0.000        0.000       0.000       0.000       0.000       0.000       0.000                            0.1050E-05  0.1050E-05   0.000    
   6307200.0   11.15425604   11.2183   0.000       0.000      0.6407E-03  0.1088E-05 -0.4362E-01  0.4297E-01   0.000       0.000       0.000       0.000        0.000       0.000       0.000       0.000       0.000       0.000                            0.1088E-05  0.1088E-05   0.000    
   6393600.0   11.13555478   11.1984   0.000       0.000      0.6288E-03  0.1082E-05 -0.4334E-01  0.4271E-01   0.000       0.000       0.000       0.000        0.000       0.000       0.000       0.000       0.000       0.000                            0.1082E-05  0.1082E-05   0.000    
   6480000.0   11.11700218   11.1787   0.000       0.000      0.6173E-03  0.1074E-05 -0.4307E-01  0.4245E-01   0.000       0.000       0.000       0.000        0.000       0.000       0.000       0.000       0.000       0.000                            0.1074E-05  0.1074E-05   0.000    
   6566400.0   11.09880550   11.1594   0.000       0.000      0.6055E-03  0.1053E-05 -0.4278E-01  0.4217E-01   0.000       0.000       0.000       0.000        0.000       0.000       0.000       0.000       0.000       0.000                            0.1053E-05  0.1053E-05   0.000    
   6652800.0   11.08081519   11.1402   0.000       0.000      0.5943E-03  0.1041E-05 -0.4249E-01  0.4190E-01   0.000       0.000       0.000       0.000        0.000       0.000       0.000       0.000       0.000       0.000                            0.1041E-05  0.1041E-05   0.000    
   6739200.0   11.06347146   11.1218   0.000       0.000      0.5830E-03  0.1004E-05 -0.4220E-01  0.4161E-01   0.000       0.000       0.000       0.000        0.000       0.000       0.000       0.000       0.000       0.000                            0.1004E-05  0.1004E-05   0.000    
   6825600.0   11.04616283   11.1034   0.000       0.000      0.5724E-03  0.1002E-05 -0.4191E-01  0.4134E-01   0.000       0.000       0.000       0.000        0.000       0.000       0.000       0.000       0.000       0.000                            0.1002E-05  0.1002E-05   0.000    
   6912000.0   11.02914086   11.0853   0.000       0.000      0.5615E-03  0.9851E-06 -0.4161E-01  0.4105E-01   0.000       0.000       0.000       0.000        0.000       0.000       0.000       0.000       0.000       0.000                            0.9851E-06  0.9851E-06   0.000    
   6998400.0   11.01242099   11.0676   0.000       0.000      0.5514E-03  0.9676E-06 -0.4133E-01  0.4077E-01   0.000       0.000       0.000       0.000        0.000       0.000       0.000       0.000       0.000       0.000                            0.9676E-06  0.9676E-06   0.000    
   7084800.0   10.99636362   11.0505   0.000       0.000      0.5415E-03  0.9292E-06 -0.4104E-01  0.4050E-01   0.000       0.000       0.000       0.000        0.000       0.000       0.000       0.000       0.000       0.000                            0.9292E-06  0.9292E-06   0.000    
   7171200.0   10.98087326   11.0341   0.000       0.000      0.5320E-03  0.8964E-06 -0.4075E-01  0.4022E-01   0.000       0.000       0.000       0.000        0.000       0.000       0.000       0.000       0.000       0.000                            0.8964E-06  0.8964E-06   0.000    
   7257600.0   10.96577977   11.0181   0.000       0.000      0.5230E-03  0.8735E-06 -0.4048E-01  0.3995E-01   0.000       0.000       0.000       0.000        0.000       0.000       0.000       0.000       0.000       0.000                            0.8735E-06  0.8735E-06   0.000    
   7344000.0   10.95129009   11.0027   0.000       0.000      0.5142E-03  0.8385E-06 -0.4020E-01  0.3968E-01   0.000       0.000       0.000       0.000        0.000       0.000       0.000       0.000       0.000       0.000                            0.8385E-06  0.8385E-06   0.000    
   7430400.0   10.93823979   10.9889   0.000       0.000      0.5066E-03  0.7552E-06 -0.3995E-01  0.3944E-01   0.000       0.000       0.000       0.000        0.000       0.000       0.000       0.000       0.000       0.000                            0.7552E-06  0.7552E-06   0.000    
   7516800.0   10.92545367   10.9754   0.000       0.000      0.4991E-03  0.7399E-06 -0.3969E-01  0.3919E-01   0.000       0.000       0.000       0.000        0.000       0.000       0.000       0.000       0.000       0.000                            0.7399E-06  0.7399E-06   0.000    
   7603200.0   10.91229782   10.9615   0.000       0.000      0.4918E-03  0.7613E-06 -0.3944E-01  0.3895E-01   0.000       0.000       0.000       0.000        0.000       0.000       0.000       0.000       0.000       0.000                            0.7613E-06  0.7613E-06   0.000    
   7689600.0   10.89962218   10.9481   0.000       0.000      0.4845E-03  0.7335E-06 -0.3918E-01  0.3870E-01   0.000       0.000       0.000       0.000        0.000       0.000       0.000       0.000       0.000       0.000                            0.7335E-06  0.7335E-06   0.000    
   7776000.0   10.88782865   10.9356   0.000       0.000      0.4781E-03  0.6825E-06 -0.3895E-01  0.3847E-01   0.000       0.000       0.000       0.000        0.000       0.000       0.000       0.000       0.000       0.000                            0.6825E-06  0.6825E-06   0.000    
   7862400.0   10.87598374   10.9231   0.000       0.000      0.4714E-03  0.6855E-06 -0.3871E-01  0.3823E-01   0.000       0.000       0.000       0.000        0.000       0.000       0.000       0.000       0.000       0.000                            0.6855E-06  0.6855E-06   0.000    
   7948800.0   10.86445182   10.9110   0.000       0.000      0.4653E-03  0.6674E-06 -0.3847E-01  0.3801E-01   0.000       0.000       0.000       0.000        0.000       0.000       0.000       0.000       0.000       0.000                            0.6674E-06  0.6674E-06   0.000    
   8035200.0   10.85335962   10.8993   0.000       0.000      0.4592E-03  0.6419E-06 -0.3824E-01  0.3778E-01   0.000       0.000       0.000       0.000        0.000       0.000       0.000       0.000       0.000       0.000                            0.6419E-06  0.6419E-06   0.000    
   8121600.0   10.84252458   10.8879   0.000       0.000      0.4536E-03  0.6270E-06 -0.3802E-01  0.3756E-01   0.000       0.000       0.000       0.000        0.000       0.000       0.000       0.000       0.000       0.000                            0.6270E-06  0.6270E-06   0.000    
   8208000.0   10.83209539   10.8769   0.000       0.000      0.4479E-03  0.6035E-06 -0.3779E-01  0.3734E-01   0.000       0.000       0.000       0.000        0.000       0.000       0.000       0.000       0.000       0.000                            0.6035E-06  0.6035E-06   0.000    
   8294400.0   10.82187802   10.8662   0.000       0.000      0.4429E-03  0.5913E-06 -0.3758E-01  0.3714E-01   0.000       0.000       0.000       0.000        0.000       0.000       0.000       0.000       0.000       0.000                            0.5913E-06  0.5913E-06   0.000    
   8380800.0   10.86768741   10.9148   0.000       0.000      0.4712E-03 -0.2651E-05 -0.3816E-01  0.3769E-01   0.000       0.000       0.000       0.000        0.000       0.000       0.000       0.000       0.000       0.000                           -0.2651E-05 -0.2651E-05   0.000    
   8467200.0   10.87219932   10.9200   0.000       0.000      0.4781E-03 -0.2611E-06 -0.3823E-01  0.3775E-01   0.000       0.000       0.000       0.000        0.000       0.000       0.000       0.000       0.000       0.000                           -0.2611E-06 -0.2611E-06   0.000    
   8553600.0   10.87299750   10.9213   0.000       0.000      0.4826E-03 -0.4619E-07 -0.3828E-01  0.3780E-01   0.000       0.000       0.000       0.000        0.000       0.000       0.000       0.000       0.000       0.000                           -0.4619E-07 -0.4619E-07   0.000    
   8640000.0   10.86890207   10.9172   0.000       0.000      0.4833E-03  0.2370E-06 -0.3823E-01  0.3775E-01   0.000       0.000       0.000       0.000        0.000       0.000       0.000       0.000       0.000       0.000                            0.2370E-06  0.2370E-06   0.000    
   8726400.0   10.86233392   10.9105   0.000       0.000      0.4819E-03  0.3801E-06 -0.3814E-01  0.3766E-01   0.000       0.000       0.000       0.000        0.000       0.000       0.000       0.000       0.000       0.000                            0.3801E-06  0.3801E-06   0.000    
   8812800.0   10.85455541   10.9024   0.000       0.000      0.4788E-03  0.4501E-06 -0.3802E-01  0.3754E-01   0.000       0.000       0.000       0.000        0.000       0.000       0.000       0.000       0.000       0.000                            0.4501E-06  0.4501E-06   0.000    
   8899200.0   10.84469892   10.8921   0.000       0.000      0.4741E-03  0.5704E-06 -0.3786E-01  0.3738E-01   0.000       0.000       0.000       0.000        0.000       0.000       0.000       0.000       0.000       0.000                            0.5704E-06  0.5704E-06   0.000    
   8985600.0   10.84140380   10.8887   0.000       0.000      0.4729E-03  0.1907E-06 -0.3778E-01  0.3730E-01   0.000       0.000       0.000       0.000        0.000       0.000       0.000       0.000       0.000       0.000                            0.1907E-06  0.1907E-06   0.000    
   9072000.0   10.84913392   10.8970   0.000       0.000      0.4782E-03 -0.4473E-06 -0.3785E-01  0.3737E-01   0.000       0.000       0.000       0.000        0.000       0.000       0.000       0.000       0.000       0.000                           -0.4473E-06 -0.4473E-06   0.000    
   9158400.0   10.84523078   10.8930   0.000       0.000      0.4772E-03  0.2259E-06 -0.3778E-01  0.3731E-01   0.000       0.000       0.000       0.000        0.000       0.000       0.000       0.000       0.000       0.000                            0.2259E-06  0.2259E-06   0.000    
   9244800.0   10.87303305   10.9226   0.000       0.000      0.4953E-03 -0.1609E-05 -0.3817E-01  0.3767E-01   0.000       0.000       0.000       0.000        0.000       0.000       0.000       0.000       0.000       0.000                           -0.1609E-05 -0.1609E-05   0.000    
   9331200.0   10.94353661   10.9973   0.000       0.000      0.5377E-03 -0.4080E-05 -0.3913E-01  0.3860E-01   0.000       0.000       0.000       0.000        0.000       0.000       0.000       0.000       0.000       0.000                           -0.4080E-05 -0.4080E-05   0.000    
   9417600.0   11.11538300   11.1786   0.000       0.000      0.6318E-03 -0.9945E-05 -0.4136E-01  0.4074E-01   0.000       0.000       0.000       0.000        0.000       0.000       0.000       0.000       0.000       0.000                           -0.9945E-05 -0.9945E-05   0.000    
   9504000.0   11.24205853   11.3124   0.000       0.000      0.7030E-03 -0.7331E-05 -0.4309E-01  0.4240E-01   0.000       0.000       0.000       0.000        0.000       0.000       0.000       0.000       0.000       0.000                           -0.7331E-05 -0.7331E-05   0.000    
   9590400.0   11.21954327   11.2903   0.000       0.000      0.7080E-03  0.1303E-05 -0.4331E-01  0.4260E-01   0.000       0.000       0.000       0.000        0.000       0.000       0.000       0.000       0.000       0.000                            0.1303E-05  0.1303E-05   0.000    
   9676800.0   11.19139065   11.2617   0.000       0.000      0.7028E-03  0.1629E-05 -0.4332E-01  0.4262E-01   0.000       0.000       0.000       0.000        0.000       0.000       0.000       0.000       0.000       0.000                            0.1629E-05  0.1629E-05   0.000    
   9763200.0   11.16120858   11.2302   0.000       0.000      0.6902E-03  0.1747E-05 -0.4314E-01  0.4244E-01   0.000       0.000       0.000       0.000        0.000       0.000       0.000       0.000       0.000       0.000                            0.1747E-05  0.1747E-05   0.000    
   9849600.0   11.13237643   11.1998   0.000       0.000      0.6744E-03  0.1669E-05 -0.4287E-01  0.4219E-01   0.000       0.000       0.000       0.000        0.000       0.000       0.000       0.000       0.000       0.000                            0.1669E-05  0.1669E-05   0.000    
   9936000.0   11.15090999   11.2188   0.000       0.000      0.6785E-03 -0.1073E-05 -0.4308E-01  0.4240E-01   0.000       0.000       0.000       0.000        0.000       0.000       0.000       0.000       0.000       0.000                           -0.1073E-05 -0.1073E-05   0.000    
  10022400.0   11.16627702   11.2346   0.000       0.000      0.6829E-03 -0.8893E-06 -0.4328E-01  0.4260E-01   0.000       0.000       0.000       0.000        0.000       0.000       0.000       0.000       0.000       0.000                           -0.8893E-06 -0.8893E-06   0.000    
  10108800.0   11.17096152   11.2393   0.000       0.000      0.6831E-03 -0.2711E-06 -0.4340E-01  0.4272E-01   0.000       0.000       0.000       0.000        0.000       0.000       0.000       0.000       0.000       0.000                           -0.2711E-06 -0.2711E-06   0.000    
  10195200.0   11.18354568   11.2522   0.000       0.000      0.6868E-03 -0.7282E-06 -0.4360E-01  0.4291E-01   0.000       0.000       0.000       0.000        0.000       0.000       0.000       0.000       0.000       0.000                           -0.7282E-06 -0.7282E-06   0.000    
  10281600.0   11.19029229   11.2591   0.000       0.000      0.6881E-03 -0.3904E-06 -0.4374E-01  0.4305E-01   0.000       0.000       0.000       0.000        0.000       0.000       0.000       0.000       0.000       0.000                           -0.3904E-06 -0.3904E-06   0.000    
  10368000.0   11.17796421   11.2461   0.000       0.000      0.6812E-03  0.7134E-06 -0.4367E-01  0.4299E-01   0.000       0.000       0.000       0.000        0.000       0.000       0.000       0.000       0.000       0.000                            0.7134E-06  0.7134E-06   0.000    
  10454400.0   11.15891723   11.2259   0.000       0.000      0.6696E-03  0.1102E-05 -0.4349E-01  0.4281E-01   0.000       0.000       0.000       0.000        0.000       0.000       0.000       0.000       0.000       0.000                            0.1102E-05  0.1102E-05   0.000    
  10540800.0   11.15791247   11.2245   0.000       0.000      0.6656E-03  0.5815E-07 -0.4347E-01  0.4281E-01   0.000       0.000       0.000       0.000        0.000       0.000       0.000       0.000       0.000       0.000                            0.5815E-07  0.5815E-07   0.000    
  10627200.0   11.16622047   11.2329   0.000       0.000      0.6666E-03 -0.4808E-06 -0.4356E-01  0.4290E-01   0.000       0.000       0.000       0.000        0.000       0.000       0.000       0.000       0.000       0.000                           -0.4808E-06 -0.4808E-06   0.000    
  10713600.0   11.16684004   11.2333   0.000       0.000      0.6647E-03 -0.3585E-07 -0.4359E-01  0.4292E-01   0.000       0.000       0.000       0.000        0.000       0.000       0.000       0.000       0.000       0.000                           -0.3585E-07 -0.3585E-07   0.000    
  10800000.0   11.15758568   11.2234   0.000       0.000      0.6583E-03  0.5356E-06 -0.4350E-01  0.4284E-01   0.000       0.000       0.000       0.000        0.000       0.000       0.000       0.000       0.000       0.000                            0.5356E-06  0.5356E-06   0.000    
  10886400.0   11.14206760   11.2070   0.000       0.000      0.6491E-03  0.8980E-06 -0.4333E-01  0.4268E-01   0.000       0.000       0.000       0.000        0.000       0.000       0.000       0.000       0.000       0.000                            0.8980E-06  0.8980E-06   0.000    
  10972800.0   11.12344786   11.1872   0.000       0.000      0.6373E-03  0.1078E-05 -0.4310E-01  0.4246E-01   0.000       0.000       0.000       0.000        0.000       0.000       0.000       0.000       0.000       0.000                            0.1078E-05  0.1078E-05   0.000    
  11059200.0   11.10166033   11.1640   0.000       0.000      0.6238E-03  0.1261E-05 -0.4281E-01  0.4218E-01   0.000       0.000       0.000       0.000        0.000       0.000       0.000       0.000       0.000       0.000                            0.1261E-05  0.1261E-05   0.000    
  11145600.0   11.07973820   11.1407   0.000       0.000      0.6098E-03  0.1269E-05 -0.4250E-01  0.4189E-01   0.000       0.000       0.000       0.000        0.000       0.000       0.000       0.000       0.000       0.000                            0.1269E-05  0.1269E-05   0.000    
  11232000.0   11.05880438   11.1184   0.000       0.000      0.5955E-03  0.1211E-05 -0.4217E-01  0.4157E-01   0.000       0.000       0.000       0.000        0.000       0.000       0.000       0.000       0.000       0.000                            0.1211E-05  0.1211E-05   0.000    
  11318400.0   11.03868800   11.0969   0.000       0.000      0.5821E-03  0.1164E-05 -0.4185E-01  0.4127E-01   0.000       0.000       0.000       0.000        0.000       0.000       0.000       0.000       0.000       0.000                            0.1164E-05  0.1164E-05   0.000    
  11404800.0   11.04285286   11.1010   0.000       0.000      0.5811E-03 -0.2410E-06 -0.4182E-01  0.4124E-01   0.000       0.000       0.000       0.000        0.000       0.000       0.000       0.000       0.000       0.000                           -0.2410E-06 -0.2410E-06   0.000    
  11491200.0   11.02512017   11.0821   0.000       0.000      0.5700E-03  0.1026E-05 -0.4154E-01  0.4096E-01   0.000       0.000       0.000       0.000        0.000       0.000       0.000       0.000       0.000       0.000                            0.1026E-05  0.1026E-05   0.000    
  11577600.0   11.05109873   11.1092   0.000       0.000      0.5815E-03 -0.1503E-05 -0.4180E-01  0.4122E-01   0.000       0.000       0.000       0.000        0.000       0.000       0.000       0.000       0.000       0.000                           -0.1503E-05 -0.1503E-05   0.000    
  11664000.0   11.12356261   11.1853   0.000       0.000      0.6175E-03 -0.4194E-05 -0.4264E-01  0.4203E-01   0.000       0.000       0.000       0.000        0.000       0.000       0.000       0.000       0.000       0.000                           -0.4194E-05 -0.4194E-05   0.000    
  11750400.0   11.29725860   11.3672   0.000       0.000      0.6993E-03 -0.1005E-04 -0.4462E-01  0.4393E-01   0.000       0.000       0.000       0.000        0.000       0.000       0.000       0.000       0.000       0.000                           -0.1005E-04 -0.1005E-04   0.000    
  11836800.0   11.26462807   11.3343   0.000       0.000      0.6970E-03  0.1888E-05 -0.4458E-01  0.4388E-01   0.000       0.000       0.000       0.000        0.000       0.000       0.000       0.000       0.000       0.000                            0.1888E-05  0.1888E-05   0.000    
  11923200.0   11.23480040   11.3038   0.000       0.000      0.6903E-03  0.1726E-05 -0.4451E-01  0.4382E-01   0.000       0.000       0.000       0.000        0.000       0.000       0.000       0.000       0.000       0.000                            0.1726E-05  0.1726E-05   0.000    
  12009600.0   11.20700600   11.2749   0.000       0.000      0.6788E-03  0.1608E-05 -0.4429E-01  0.4361E-01   0.000       0.000       0.000       0.000        0.000       0.000       0.000       0.000       0.000       0.000                            0.1608E-05  0.1608E-05   0.000    
  12096000.0   11.19994093   11.2673   0.000       0.000      0.6741E-03  0.4089E-06 -0.4422E-01  0.4355E-01   0.000       0.000       0.000       0.000        0.000       0.000       0.000       0.000       0.000       0.000                            0.4089E-06  0.4089E-06   0.000    
  12182400.0   11.19062707   11.2574   0.000       0.000      0.6678E-03  0.5390E-06 -0.4412E-01  0.4345E-01   0.000       0.000       0.000       0.000        0.000       0.000       0.000       0.000       0.000       0.000                            0.5390E-06  0.5390E-06   0.000    
  12268800.0   11.17534461   11.2412   0.000       0.000      0.6583E-03  0.8844E-06 -0.4394E-01  0.4328E-01   0.000       0.000       0.000       0.000        0.000       0.000       0.000       0.000       0.000       0.000                            0.8844E-06  0.8844E-06   0.000    
  12355200.0   11.15635181   11.2210   0.000       0.000      0.6470E-03  0.1099E-05 -0.4371E-01  0.4306E-01   0.000       0.000       0.000       0.000        0.000       0.000       0.000       0.000       0.000       0.000                            0.1099E-05  0.1099E-05   0.000    
  12441600.0   11.14275602   11.2065   0.000       0.000      0.6374E-03  0.7868E-06 -0.4352E-01  0.4288E-01   0.000       0.000       0.000       0.000        0.000       0.000       0.000       0.000       0.000       0.000                            0.7868E-06  0.7868E-06   0.000    
  12528000.0   11.18817806   11.2537   0.000       0.000      0.6554E-03 -0.2629E-05 -0.4398E-01  0.4333E-01   0.000       0.000       0.000       0.000        0.000       0.000       0.000       0.000       0.000       0.000                           -0.2629E-05 -0.2629E-05   0.000    
  12614400.0   11.24059005   11.3084   0.000       0.000      0.6786E-03 -0.3033E-05 -0.4457E-01  0.4390E-01   0.000       0.000       0.000       0.000        0.000       0.000       0.000       0.000       0.000       0.000                           -0.3033E-05 -0.3033E-05   0.000    
  12700800.0   11.23231682   11.3001   0.000       0.000      0.6777E-03  0.4788E-06 -0.4459E-01  0.4392E-01   0.000       0.000       0.000       0.000        0.000       0.000       0.000       0.000       0.000       0.000                            0.4788E-06  0.4788E-06   0.000    
  12787200.0   11.21668466   11.2839   0.000       0.000      0.6718E-03  0.9046E-06 -0.4451E-01  0.4384E-01   0.000       0.000       0.000       0.000        0.000       0.000       0.000       0.000       0.000       0.000                            0.9046E-06  0.9046E-06   0.000    
  12873600.0   11.19572871   11.2619   0.000       0.000      0.6618E-03  0.1213E-05 -0.4431E-01  0.4364E-01   0.000       0.000       0.000       0.000        0.000       0.000       0.000       0.000       0.000       0.000                            0.1213E-05  0.1213E-05   0.000    
  12960000.0   11.20037395   11.2666   0.000       0.000      0.6618E-03 -0.2688E-06 -0.4434E-01  0.4368E-01   0.000       0.000       0.000       0.000        0.000       0.000       0.000       0.000       0.000       0.000                           -0.2688E-06 -0.2688E-06   0.000    
  13046400.0   11.19097830   11.2566   0.000       0.000      0.6560E-03  0.5437E-06 -0.4423E-01  0.4357E-01   0.000       0.000       0.000       0.000        0.000       0.000       0.000       0.000       0.000       0.000                            0.5437E-06  0.5437E-06   0.000    
  13132800.0   11.17707592   11.2419   0.000       0.000      0.6479E-03  0.8045E-06 -0.4407E-01  0.4342E-01   0.000       0.000       0.000       0.000        0.000       0.000       0.000       0.000       0.000       0.000                            0.8045E-06  0.8045E-06   0.000    
  13219200.0   11.16725293   11.2314   0.000       0.000      0.6412E-03  0.5685E-06 -0.4393E-01  0.4329E-01   0.000       0.000       0.000       0.000        0.000       0.000       0.000       0.000       0.000       0.000                            0.5685E-06  0.5685E-06   0.000    
  13305600.0   11.15292330   11.2162   0.000       0.000      0.6327E-03  0.8293E-06 -0.4374E-01  0.4311E-01   0.000       0.000       0.000       0.000        0.000       0.000       0.000       0.000       0.000       0.000                            0.8293E-06  0.8293E-06   0.000    
  13392000.0   11.17421965   11.2382   0.000       0.000      0.6403E-03 -0.1232E-05 -0.4394E-01  0.4330E-01   0.000       0.000       0.000       0.000        0.000       0.000       0.000       0.000       0.000       0.000                           -0.1232E-05 -0.1232E-05   0.000    
  13478400.0   11.19023306   11.2550   0.000       0.000      0.6472E-03 -0.9267E-06 -0.4412E-01  0.4347E-01   0.000       0.000       0.000       0.000        0.000       0.000       0.000       0.000       0.000       0.000                           -0.9267E-06 -0.9267E-06   0.000    
  13564800.0   11.18574807   11.2503   0.000       0.000      0.6457E-03  0.2595E-06 -0.4410E-01  0.4345E-01   0.000       0.000       0.000       0.000        0.000       0.000       0.000       0.000       0.000       0.000                            0.2595E-06  0.2595E-06   0.000    
  13651200.0   11.17619779   11.2403   0.000       0.000      0.6413E-03  0.5527E-06 -0.4401E-01  0.4337E-01   0.000       0.000       0.000       0.000        0.000       0.000       0.000       0.000       0.000       0.000                            0.5527E-06  0.5527E-06   0.000    
  13737600.0   11.16251866   11.2260   0.000       0.000      0.6345E-03  0.7916E-06 -0.4386E-01  0.4322E-01   0.000       0.000       0.000       0.000        0.000       0.000       0.000       0.000       0.000       0.000                            0.7916E-06  0.7916E-06   0.000    
  13824000.0   11.20703560   11.2724   0.000       0.000      0.6532E-03 -0.2576E-05 -0.4432E-01  0.4367E-01   0.000       0.000       0.000       0.000        0.000       0.000       0.000       0.000       0.000       0.000                           -0.2576E-05 -0.2576E-05   0.000    
  13910400.0   11.27106337   11.3393   0.000       0.000      0.6826E-03 -0.3705E-05 -0.4505E-01  0.4437E-01   0.000       0.000       0.000       0.000        0.000       0.000       0.000       0.000       0.000       0.000                           -0.3705E-05 -0.3705E-05   0.000    
  13996800.0   11.26969971   11.3383   0.000       0.000      0.6860E-03  0.7892E-07 -0.4516E-01  0.4447E-01   0.000       0.000       0.000       0.000        0.000       0.000       0.000       0.000       0.000       0.000                            0.7892E-07  0.7892E-07   0.000    
  14083200.0   11.25514859   11.3233   0.000       0.000      0.6819E-03  0.8421E-06 -0.4511E-01  0.4443E-01   0.000       0.000       0.000       0.000        0.000       0.000       0.000       0.000       0.000       0.000                            0.8421E-06  0.8421E-06   0.000    
  14169600.0   11.26983380   11.3387   0.000       0.000      0.6888E-03 -0.8498E-06 -0.4532E-01  0.4463E-01   0.000       0.000       0.000       0.000        0.000       0.000       0.000       0.000       0.000       0.000                           -0.8498E-06 -0.8498E-06   0.000    
  14256000.0   11.28209783   11.3515   0.000       0.000      0.6943E-03 -0.7097E-06 -0.4549E-01  0.4480E-01   0.000       0.000       0.000       0.000        0.000       0.000       0.000       0.000       0.000       0.000                           -0.7097E-06 -0.7097E-06   0.000    
  14342400.0   11.34354041   11.4155   0.000       0.000      0.7201E-03 -0.3556E-05 -0.4617E-01  0.4546E-01   0.000       0.000       0.000       0.000        0.000       0.000       0.000       0.000       0.000       0.000                           -0.3556E-05 -0.3556E-05   0.000    
  14428800.0   11.50167186   11.5801   0.000       0.000      0.7846E-03 -0.9151E-05 -0.4782E-01  0.4705E-01   0.000       0.000       0.000       0.000        0.000       0.000       0.000       0.000       0.000       0.000                           -0.9151E-05 -0.9151E-05   0.000    
  14515200.0   11.49795786   11.5771   0.000       0.000      0.7919E-03  0.2149E-06 -0.4808E-01  0.4728E-01   0.000       0.000       0.000       0.000        0.000       0.000       0.000       0.000       0.000       0.000                            0.2149E-06  0.2149E-06   0.000    
  14601600.0   11.52236015   11.6030   0.000       0.000      0.8064E-03 -0.1412E-05 -0.4857E-01  0.4777E-01   0.000       0.000       0.000       0.000        0.000       0.000       0.000       0.000       0.000       0.000                           -0.1412E-05 -0.1412E-05   0.000    
  14688000.0   11.57510513   11.6580   0.000       0.000      0.8287E-03 -0.3052E-05 -0.4924E-01  0.4842E-01   0.000       0.000       0.000       0.000        0.000       0.000       0.000       0.000       0.000       0.000                           -0.3052E-05 -0.3052E-05   0.000    
  14774400.0   11.59429097   11.6781   0.000       0.000      0.8384E-03 -0.1110E-05 -0.4961E-01  0.4877E-01   0.000       0.000       0.000       0.000        0.000       0.000       0.000       0.000       0.000       0.000                           -0.1110E-05 -0.1110E-05   0.000    
  14860800.0   11.58446631   11.6681   0.000       0.000      0.8364E-03  0.5686E-06 -0.4970E-01  0.4887E-01   0.000       0.000       0.000       0.000        0.000       0.000       0.000       0.000       0.000       0.000                            0.5686E-06  0.5686E-06   0.000    
  14947200.0   11.57084074   11.6539   0.000       0.000      0.8305E-03  0.7885E-06 -0.4970E-01  0.4887E-01   0.000       0.000       0.000       0.000        0.000       0.000       0.000       0.000       0.000       0.000                            0.7885E-06  0.7885E-06   0.000    
  15033600.0   11.54883849   11.6309   0.000       0.000      0.8204E-03  0.1273E-05 -0.4959E-01  0.4877E-01   0.000       0.000       0.000       0.000        0.000       0.000       0.000       0.000       0.000       0.000                            0.1273E-05  0.1273E-05   0.000    
  15120000.0   11.52319782   11.6039   0.000       0.000      0.8068E-03  0.1484E-05 -0.4938E-01  0.4857E-01   0.000       0.000       0.000       0.000        0.000       0.000       0.000       0.000       0.000       0.000                            0.1484E-05  0.1484E-05   0.000    
  15206400.0   11.49366527   11.5728   0.000       0.000      0.7912E-03  0.1709E-05 -0.4911E-01  0.4831E-01   0.000       0.000       0.000       0.000        0.000       0.000       0.000       0.000       0.000       0.000                            0.1709E-05  0.1709E-05   0.000    
  15292800.0   11.46232470   11.5397   0.000       0.000      0.7734E-03  0.1814E-05 -0.4877E-01  0.4799E-01   0.000       0.000       0.000       0.000        0.000       0.000       0.000       0.000       0.000       0.000                            0.1814E-05  0.1814E-05   0.000    
  15379200.0   11.50234097   11.5806   0.000       0.000      0.7825E-03 -0.2316E-05 -0.4909E-01  0.4831E-01   0.000       0.000       0.000       0.000        0.000       0.000       0.000       0.000       0.000       0.000                           -0.2316E-05 -0.2316E-05   0.000    
  15465600.0   11.52142150   11.6001   0.000       0.000      0.7867E-03 -0.1104E-05 -0.4927E-01  0.4848E-01   0.000       0.000       0.000       0.000        0.000       0.000       0.000       0.000       0.000       0.000                           -0.1104E-05 -0.1104E-05   0.000    
  15552000.0   11.50675068   11.5847   0.000       0.000      0.7799E-03  0.8490E-06 -0.4919E-01  0.4841E-01   0.000       0.000       0.000       0.000        0.000       0.000       0.000       0.000       0.000       0.000                            0.8490E-06  0.8490E-06   0.000    
  15638400.0   11.47972995   11.5565   0.000       0.000      0.7678E-03  0.1564E-05 -0.4896E-01  0.4820E-01   0.000       0.000       0.000       0.000        0.000       0.000       0.000       0.000       0.000       0.000                            0.1564E-05  0.1564E-05   0.000    
  15724800.0   11.45110591   11.5265   0.000       0.000      0.7536E-03  0.1656E-05 -0.4868E-01  0.4792E-01   0.000       0.000       0.000       0.000        0.000       0.000       0.000       0.000       0.000       0.000                            0.1656E-05  0.1656E-05   0.000    
  15811200.0   11.42261148   11.4964   0.000       0.000      0.7383E-03  0.1649E-05 -0.4835E-01  0.4761E-01   0.000       0.000       0.000       0.000        0.000       0.000       0.000       0.000       0.000       0.000                            0.1649E-05  0.1649E-05   0.000    
  15897600.0   11.39524091   11.4675   0.000       0.000      0.7231E-03  0.1584E-05 -0.4801E-01  0.4728E-01   0.000       0.000       0.000       0.000        0.000       0.000       0.000       0.000       0.000       0.000                            0.1584E-05  0.1584E-05   0.000    
  15984000.0   11.37573453   11.4468   0.000       0.000      0.7108E-03  0.1129E-05 -0.4773E-01  0.4702E-01   0.000       0.000       0.000       0.000        0.000       0.000       0.000       0.000       0.000       0.000                            0.1129E-05  0.1129E-05   0.000    
  16070400.0   11.35085183   11.4205   0.000       0.000      0.6963E-03  0.1440E-05 -0.4739E-01  0.4669E-01   0.000       0.000       0.000       0.000        0.000       0.000       0.000       0.000       0.000       0.000                            0.1440E-05  0.1440E-05   0.000    
  16156800.0   11.32655162   11.3948   0.000       0.000      0.6827E-03  0.1406E-05 -0.4706E-01  0.4637E-01   0.000       0.000       0.000       0.000        0.000       0.000       0.000       0.000       0.000       0.000                            0.1406E-05  0.1406E-05   0.000    
  16243200.0   11.30270319   11.3696   0.000       0.000      0.6688E-03  0.1380E-05 -0.4671E-01  0.4604E-01   0.000       0.000       0.000       0.000        0.000       0.000       0.000       0.000       0.000       0.000                            0.1380E-05  0.1380E-05   0.000    
  16329600.0   11.27956718   11.3451   0.000       0.000      0.6558E-03  0.1339E-05 -0.4637E-01  0.4572E-01   0.000       0.000       0.000       0.000        0.000       0.000       0.000       0.000       0.000       0.000                            0.1339E-05  0.1339E-05   0.000    
  16416000.0   11.25724128   11.3215   0.000       0.000      0.6429E-03  0.1292E-05 -0.4603E-01  0.4538E-01   0.000       0.000       0.000       0.000        0.000       0.000       0.000       0.000       0.000       0.000                            0.1292E-05  0.1292E-05   0.000    
  16502400.0   11.23562767   11.2987   0.000       0.000      0.6307E-03  0.1251E-05 -0.4569E-01  0.4506E-01   0.000       0.000       0.000       0.000        0.000       0.000       0.000       0.000       0.000       0.000                            0.1251E-05  0.1251E-05   0.000    
  16588800.0   11.21483290   11.2767   0.000       0.000      0.6189E-03  0.1203E-05 -0.4536E-01  0.4474E-01   0.000       0.000       0.000       0.000        0.000       0.000       0.000       0.000       0.000       0.000                            0.1203E-05  0.1203E-05   0.000    
  16675200.0   11.19481177   11.2556   0.000       0.000      0.6077E-03  0.1159E-05 -0.4504E-01  0.4443E-01   0.000       0.000       0.000       0.000        0.000       0.000       0.000       0.000       0.000       0.000                            0.1159E-05  0.1159E-05   0.000    
  16761600.0   11.17919536   11.2391   0.000       0.000      0.5988E-03  0.9037E-06 -0.4476E-01  0.4416E-01   0.000       0.000       0.000       0.000        0.000       0.000       0.000       0.000       0.000       0.000                            0.9037E-06  0.9037E-06   0.000    
  16848000.0   11.16725467   11.2264   0.000       0.000      0.5918E-03  0.6910E-06 -0.4452E-01  0.4393E-01   0.000       0.000       0.000       0.000        0.000       0.000       0.000       0.000       0.000       0.000                            0.6910E-06  0.6910E-06   0.000    
  16934400.0   11.16878545   11.2279   0.000       0.000      0.5916E-03 -0.8859E-07 -0.4445E-01  0.4386E-01   0.000       0.000       0.000       0.000        0.000       0.000       0.000       0.000       0.000       0.000                           -0.8859E-07 -0.8859E-07   0.000    
  17020800.0   11.16344803   11.2224   0.000       0.000      0.5893E-03  0.3089E-06 -0.4433E-01  0.4374E-01   0.000       0.000       0.000       0.000        0.000       0.000       0.000       0.000       0.000       0.000                            0.3089E-06  0.3089E-06   0.000    
  17107200.0   11.14628099   11.2045   0.000       0.000      0.5819E-03  0.9935E-06 -0.4408E-01  0.4350E-01   0.000       0.000       0.000       0.000        0.000       0.000       0.000       0.000       0.000       0.000                            0.9935E-06  0.9935E-06   0.000    
  17193600.0   11.12975787   11.1872   0.000       0.000      0.5743E-03  0.9562E-06 -0.4383E-01  0.4326E-01   0.000       0.000       0.000       0.000        0.000       0.000       0.000       0.000       0.000       0.000                            0.9562E-06  0.9562E-06   0.000    
  17280000.0   11.11300930   11.1696   0.000       0.000      0.5659E-03  0.9692E-06 -0.4356E-01  0.4299E-01   0.000       0.000       0.000       0.000        0.000       0.000       0.000       0.000       0.000       0.000                            0.9692E-06  0.9692E-06   0.000    
  17366400.0   11.09625858   11.1520   0.000       0.000      0.5578E-03  0.9694E-06 -0.4329E-01  0.4273E-01   0.000       0.000       0.000       0.000        0.000       0.000       0.000       0.000       0.000       0.000                            0.9694E-06  0.9694E-06   0.000    
  17452800.0   11.08005660   11.1350   0.000       0.000      0.5494E-03  0.9376E-06 -0.4301E-01  0.4246E-01   0.000       0.000       0.000       0.000        0.000       0.000       0.000       0.000       0.000       0.000                            0.9376E-06  0.9376E-06   0.000    
  17539200.0   11.06426234   11.1184   0.000       0.000      0.5415E-03  0.9140E-06 -0.4274E-01  0.4219E-01   0.000       0.000       0.000       0.000        0.000       0.000       0.000       0.000       0.000       0.000                            0.9140E-06  0.9140E-06   0.000    
  17625600.0   11.04907633   11.1024   0.000       0.000      0.5336E-03  0.8788E-06 -0.4246E-01  0.4193E-01   0.000       0.000       0.000       0.000        0.000       0.000       0.000       0.000       0.000       0.000                            0.8788E-06  0.8788E-06   0.000    
  17712000.0   11.03985614   11.0927   0.000       0.000      0.5288E-03  0.5336E-06 -0.4227E-01  0.4174E-01   0.000       0.000       0.000       0.000        0.000       0.000       0.000       0.000       0.000       0.000                            0.5336E-06  0.5336E-06   0.000    
  17798400.0   11.02602046   11.0782   0.000       0.000      0.5222E-03  0.8007E-06 -0.4202E-01  0.4150E-01   0.000       0.000       0.000       0.000        0.000       0.000       0.000       0.000       0.000       0.000                            0.8007E-06  0.8007E-06   0.000    
  17884800.0   11.01197128   11.0635   0.000       0.000      0.5151E-03  0.8130E-06 -0.4177E-01  0.4125E-01   0.000       0.000       0.000       0.000        0.000       0.000       0.000       0.000       0.000       0.000                            0.8130E-06  0.8130E-06   0.000    
  17971200.0   10.99831202   11.0492   0.000       0.000      0.5087E-03  0.7905E-06 -0.4152E-01  0.4101E-01   0.000       0.000       0.000       0.000        0.000       0.000       0.000       0.000       0.000       0.000                            0.7905E-06  0.7905E-06   0.000    
  18057600.0   10.98517800   11.0354   0.000       0.000      0.5020E-03  0.7601E-06 -0.4127E-01  0.4077E-01   0.000       0.000       0.000       0.000        0.000       0.000       0.000       0.000       0.000       0.000                            0.7601E-06  0.7601E-06   0.000    
  18144000.0   10.97236756   11.0220   0.000       0.000      0.4959E-03  0.7413E-06 -0.4103E-01  0.4054E-01   0.000       0.000       0.000       0.000        0.000       0.000       0.000       0.000       0.000       0.000                            0.7413E-06  0.7413E-06   0.000    
  18230400.0   10.96000023   11.0090   0.000       0.000      0.4897E-03  0.7157E-06 -0.4079E-01  0.4030E-01   0.000       0.000       0.000       0.000        0.000       0.000       0.000       0.000       0.000       0.000                            0.7157E-06  0.7157E-06   0.000    
  18316800.0   10.94794715   10.9963   0.000       0.000      0.4840E-03  0.6975E-06 -0.4056E-01  0.4008E-01   0.000       0.000       0.000       0.000        0.000       0.000       0.000       0.000       0.000       0.000                            0.6975E-06  0.6975E-06   0.000    
  18403200.0   10.93626605   10.9841   0.000       0.000      0.4783E-03  0.6760E-06 -0.4033E-01  0.3985E-01   0.000       0.000       0.000       0.000        0.000       0.000       0.000       0.000       0.000       0.000                            0.6760E-06  0.6760E-06   0.000    
  18489600.0   10.92489729   10.9722   0.000       0.000      0.4729E-03  0.6579E-06 -0.4011E-01  0.3964E-01   0.000       0.000       0.000       0.000        0.000       0.000       0.000       0.000       0.000       0.000                            0.6579E-06  0.6579E-06   0.000    
  18576000.0   10.91382834   10.9606   0.000       0.000      0.4678E-03  0.6406E-06 -0.3989E-01  0.3942E-01   0.000       0.000       0.000       0.000        0.000       0.000       0.000       0.000       0.000       0.000                            0.6406E-06  0.6406E-06   0.000    
  18662400.0   10.90311735   10.9494   0.000       0.000      0.4626E-03  0.6198E-06 -0.3967E-01  0.3921E-01   0.000       0.000       0.000       0.000        0.000       0.000       0.000       0.000       0.000       0.000                            0.6198E-06  0.6198E-06   0.000    
  18748800.0   10.89258192   10.9384   0.000       0.000      0.4579E-03  0.6097E-06 -0.3946E-01  0.3900E-01   0.000       0.000       0.000       0.000        0.000       0.000       0.000       0.000       0.000       0.000                            0.6097E-06  0.6097E-06   0.000    
  18835200.0   10.89330783   10.9393   0.000       0.000      0.4596E-03 -0.4201E-07 -0.3940E-01  0.3894E-01   0.000       0.000       0.000       0.000        0.000       0.000       0.000       0.000       0.000       0.000                           -0.4201E-07 -0.4201E-07   0.000    
  18921600.0   10.88492717   10.9306   0.000       0.000      0.4566E-03  0.4850E-06 -0.3923E-01  0.3878E-01   0.000       0.000       0.000       0.000        0.000       0.000       0.000       0.000       0.000       0.000                            0.4850E-06  0.4850E-06   0.000    
  19008000.0   10.87417965   10.9194   0.000       0.000      0.4522E-03  0.6220E-06 -0.3904E-01  0.3859E-01   0.000       0.000       0.000       0.000        0.000       0.000       0.000       0.000       0.000       0.000                            0.6220E-06  0.6220E-06   0.000    
  19094400.0   10.86388528   10.9087   0.000       0.000      0.4477E-03  0.5957E-06 -0.3884E-01  0.3839E-01   0.000       0.000       0.000       0.000        0.000       0.000       0.000       0.000       0.000       0.000                            0.5957E-06  0.5957E-06   0.000    
  19180800.0   10.85392149   10.8982   0.000       0.000      0.4433E-03  0.5766E-06 -0.3864E-01  0.3820E-01   0.000       0.000       0.000       0.000        0.000       0.000       0.000       0.000       0.000       0.000                            0.5766E-06  0.5766E-06   0.000    
  19267200.0   10.84453899   10.8884   0.000       0.000      0.4390E-03  0.5430E-06 -0.3845E-01  0.3801E-01   0.000       0.000       0.000       0.000        0.000       0.000       0.000       0.000       0.000       0.000                            0.5430E-06  0.5430E-06   0.000    
  19353600.0   10.83516876   10.8786   0.000       0.000      0.4347E-03  0.5423E-06 -0.3825E-01  0.3782E-01   0.000       0.000       0.000       0.000        0.000       0.000       0.000       0.000       0.000       0.000                            0.5423E-06  0.5423E-06   0.000    
  19440000.0   10.82604159   10.8691   0.000       0.000      0.4306E-03  0.5282E-06 -0.3806E-01  0.3763E-01   0.000       0.000       0.000       0.000        0.000       0.000       0.000       0.000       0.000       0.000                            0.5282E-06  0.5282E-06   0.000    
  19526400.0   10.81721983   10.8599   0.000       0.000      0.4264E-03  0.5105E-06 -0.3787E-01  0.3744E-01   0.000       0.000       0.000       0.000        0.000       0.000       0.000       0.000       0.000       0.000                            0.5105E-06  0.5105E-06   0.000    
  19612800.0   10.80852269   10.8508   0.000       0.000      0.4228E-03  0.5033E-06 -0.3769E-01  0.3727E-01   0.000       0.000       0.000       0.000        0.000       0.000       0.000       0.000       0.000       0.000                            0.5033E-06  0.5033E-06   0.000    
  19699200.0   10.80011466   10.8420   0.000       0.000      0.4188E-03  0.4866E-06 -0.3751E-01  0.3709E-01   0.000       0.000       0.000       0.000        0.000       0.000       0.000       0.000       0.000       0.000                            0.4866E-06  0.4866E-06   0.000    
  19785600.0   10.79182353   10.8334   0.000       0.000      0.4153E-03  0.4798E-06 -0.3733E-01  0.3691E-01   0.000       0.000       0.000       0.000        0.000       0.000       0.000       0.000       0.000       0.000                            0.4798E-06  0.4798E-06   0.000    
  19872000.0   10.78379066   10.8250   0.000       0.000      0.4117E-03  0.4649E-06 -0.3715E-01  0.3674E-01   0.000       0.000       0.000       0.000        0.000       0.000       0.000       0.000       0.000       0.000                            0.4649E-06  0.4649E-06   0.000    
  19958400.0   10.78616212   10.8276   0.000       0.000      0.4149E-03 -0.1372E-06 -0.3713E-01  0.3672E-01   0.000       0.000       0.000       0.000        0.000       0.000       0.000       0.000       0.000       0.000                           -0.1372E-06 -0.1372E-06   0.000    
  20044800.0   10.79271687   10.8348   0.000       0.000      0.4213E-03 -0.3793E-06 -0.3719E-01  0.3677E-01   0.000       0.000       0.000       0.000        0.000       0.000       0.000       0.000       0.000       0.000                           -0.3793E-06 -0.3793E-06   0.000    
  20131200.0   10.78297171   10.8248   0.000       0.000      0.4178E-03  0.5640E-06 -0.3703E-01  0.3661E-01   0.000       0.000       0.000       0.000        0.000       0.000       0.000       0.000       0.000       0.000                            0.5640E-06  0.5640E-06   0.000    
  20217600.0   10.77709326   10.8187   0.000       0.000      0.4164E-03  0.3402E-06 -0.3692E-01  0.3650E-01   0.000       0.000       0.000       0.000        0.000       0.000       0.000       0.000       0.000       0.000                            0.3402E-06  0.3402E-06   0.000    
  20304000.0   10.77040980   10.8118   0.000       0.000      0.4141E-03  0.3868E-06 -0.3678E-01  0.3636E-01   0.000       0.000       0.000       0.000        0.000       0.000       0.000       0.000       0.000       0.000                            0.3868E-06  0.3868E-06   0.000    
  20390400.0   10.76178288   10.8028   0.000       0.000      0.4102E-03  0.4992E-06 -0.3661E-01  0.3620E-01   0.000       0.000       0.000       0.000        0.000       0.000       0.000       0.000       0.000       0.000                            0.4992E-06  0.4992E-06   0.000    
  20476800.0   10.75351030   10.7941   0.000       0.000      0.4063E-03  0.4787E-06 -0.3644E-01  0.3603E-01   0.000       0.000       0.000       0.000        0.000       0.000       0.000       0.000       0.000       0.000                            0.4787E-06  0.4787E-06   0.000    
  20563200.0   10.74550400   10.7858   0.000       0.000      0.4025E-03  0.4633E-06 -0.3627E-01  0.3587E-01   0.000       0.000       0.000       0.000        0.000       0.000       0.000       0.000       0.000       0.000                            0.4633E-06  0.4633E-06   0.000    
  20649600.0   10.73779643   10.7777   0.000       0.000      0.3987E-03  0.4460E-06 -0.3610E-01  0.3570E-01   0.000       0.000       0.000       0.000        0.000       0.000       0.000       0.000       0.000       0.000                            0.4460E-06  0.4460E-06   0.000    
  20736000.0   10.73028492   10.7698   0.000       0.000      0.3951E-03  0.4347E-06 -0.3594E-01  0.3554E-01   0.000       0.000       0.000       0.000        0.000       0.000       0.000       0.000       0.000       0.000                            0.4347E-06  0.4347E-06   0.000    
  20822400.0   10.72303218   10.7622   0.000       0.000      0.3914E-03  0.4197E-06 -0.3577E-01  0.3538E-01   0.000       0.000       0.000       0.000        0.000       0.000       0.000       0.000       0.000       0.000                            0.4197E-06  0.4197E-06   0.000    
  20908800.0   10.71592758   10.7547   0.000       0.000      0.3881E-03  0.4111E-06 -0.3561E-01  0.3522E-01   0.000       0.000       0.000       0.000        0.000       0.000       0.000       0.000       0.000       0.000                            0.4111E-06  0.4111E-06   0.000    
  20995200.0   10.70905724   10.7475   0.000       0.000      0.3847E-03  0.3976E-06 -0.3545E-01  0.3507E-01   0.000       0.000       0.000       0.000        0.000       0.000       0.000       0.000       0.000       0.000                            0.3976E-06  0.3976E-06   0.000    
  21081600.0   10.70229939   10.7405   0.000       0.000      0.3817E-03  0.3911E-06 -0.3530E-01  0.3492E-01   0.000       0.000       0.000       0.000        0.000       0.000       0.000       0.000       0.000       0.000                            0.3911E-06  0.3911E-06   0.000    
  21168000.0   10.69575786   10.7336   0.000       0.000      0.3785E-03  0.3786E-06 -0.3514E-01  0.3476E-01   0.000       0.000       0.000       0.000        0.000       0.000       0.000       0.000       0.000       0.000                            0.3786E-06  0.3786E-06   0.000    
  21254400.0   10.68929901   10.7269   0.000       0.000      0.3757E-03  0.3738E-06 -0.3499E-01  0.3462E-01   0.000       0.000       0.000       0.000        0.000       0.000       0.000       0.000       0.000       0.000                            0.3738E-06  0.3738E-06   0.000    
  21340800.0   10.68300841   10.7203   0.000       0.000      0.3728E-03  0.3640E-06 -0.3484E-01  0.3447E-01   0.000       0.000       0.000       0.000        0.000       0.000       0.000       0.000       0.000       0.000                            0.3640E-06  0.3640E-06   0.000    
  21427200.0   10.67686508   10.7139   0.000       0.000      0.3700E-03  0.3555E-06 -0.3470E-01  0.3433E-01   0.000       0.000       0.000       0.000        0.000       0.000       0.000       0.000       0.000       0.000                            0.3555E-06  0.3555E-06   0.000    
  21513600.0   10.67226887   10.7091   0.000       0.000      0.3685E-03  0.2660E-06 -0.3458E-01  0.3421E-01   0.000       0.000       0.000       0.000        0.000       0.000       0.000       0.000       0.000       0.000                            0.2660E-06  0.2660E-06   0.000    
  21600000.0   10.68235869   10.7201   0.000       0.000      0.3775E-03 -0.5839E-06 -0.3470E-01  0.3433E-01   0.000       0.000       0.000       0.000        0.000       0.000       0.000       0.000       0.000       0.000                           -0.5839E-06 -0.5839E-06   0.000    
  21686400.0   10.67473282   10.7122   0.000       0.000      0.3746E-03  0.4413E-06 -0.3456E-01  0.3418E-01   0.000       0.000       0.000       0.000        0.000       0.000       0.000       0.000       0.000       0.000                            0.4413E-06  0.4413E-06   0.000    
  21772800.0   10.66758140   10.7048   0.000       0.000      0.3718E-03  0.4139E-06 -0.3442E-01  0.3405E-01   0.000       0.000       0.000       0.000        0.000       0.000       0.000       0.000       0.000       0.000                            0.4139E-06  0.4139E-06   0.000    
  21859200.0   10.66084093   10.6977   0.000       0.000      0.3688E-03  0.3901E-06 -0.3428E-01  0.3391E-01   0.000       0.000       0.000       0.000        0.000       0.000       0.000       0.000       0.000       0.000                            0.3901E-06  0.3901E-06   0.000    
  21945600.0   10.65446636   10.6910   0.000       0.000      0.3656E-03  0.3689E-06 -0.3413E-01  0.3376E-01   0.000       0.000       0.000       0.000        0.000       0.000       0.000       0.000       0.000       0.000                            0.3689E-06  0.3689E-06   0.000    
  22032000.0   10.64828231   10.6846   0.000       0.000      0.3627E-03  0.3579E-06 -0.3398E-01  0.3362E-01   0.000       0.000       0.000       0.000        0.000       0.000       0.000       0.000       0.000       0.000                            0.3579E-06  0.3579E-06   0.000    
  22118400.0   10.64231154   10.6783   0.000       0.000      0.3598E-03  0.3455E-06 -0.3384E-01  0.3348E-01   0.000       0.000       0.000       0.000        0.000       0.000       0.000       0.000       0.000       0.000                            0.3455E-06  0.3455E-06   0.000    
  22204800.0   10.63655508   10.6722   0.000       0.000      0.3569E-03  0.3331E-06 -0.3370E-01  0.3334E-01   0.000       0.000       0.000       0.000        0.000       0.000       0.000       0.000       0.000       0.000                            0.3331E-06  0.3331E-06   0.000    
  22291200.0   10.63090684   10.6663   0.000       0.000      0.3542E-03  0.3269E-06 -0.3356E-01  0.3321E-01   0.000       0.000       0.000       0.000        0.000       0.000       0.000       0.000       0.000       0.000                            0.3269E-06  0.3269E-06   0.000    
  22377600.0   10.62541241   10.6606   0.000       0.000      0.3516E-03  0.3180E-06 -0.3343E-01  0.3308E-01   0.000       0.000       0.000       0.000        0.000       0.000       0.000       0.000       0.000       0.000                            0.3180E-06  0.3180E-06   0.000    
  22464000.0   10.63773700   10.6740   0.000       0.000      0.3625E-03 -0.7132E-06 -0.3360E-01  0.3324E-01   0.000       0.000       0.000       0.000        0.000       0.000       0.000       0.000       0.000       0.000                           -0.7132E-06 -0.7132E-06   0.000    
  22550400.0   10.63272037   10.6689   0.000       0.000      0.3614E-03  0.2903E-06 -0.3350E-01  0.3314E-01   0.000       0.000       0.000       0.000        0.000       0.000       0.000       0.000       0.000       0.000                            0.2903E-06  0.2903E-06   0.000    
  22636800.0   10.63054905   10.6668   0.000       0.000      0.3621E-03  0.1257E-06 -0.3346E-01  0.3309E-01   0.000       0.000       0.000       0.000        0.000       0.000       0.000       0.000       0.000       0.000                            0.1257E-06  0.1257E-06   0.000    
  22723200.0   10.67579710   10.7155   0.000       0.000      0.3974E-03 -0.2619E-05 -0.3421E-01  0.3381E-01   0.000       0.000       0.000       0.000        0.000       0.000       0.000       0.000       0.000       0.000                           -0.2619E-05 -0.2619E-05   0.000    
  22809600.0   10.67463467   10.7148   0.000       0.000      0.4013E-03  0.6727E-07 -0.3424E-01  0.3384E-01   0.000       0.000       0.000       0.000        0.000       0.000       0.000       0.000       0.000       0.000                            0.6727E-07  0.6727E-07   0.000    
  22896000.0   10.67140384   10.7117   0.000       0.000      0.4026E-03  0.1870E-06 -0.3424E-01  0.3384E-01   0.000       0.000       0.000       0.000        0.000       0.000       0.000       0.000       0.000       0.000                            0.1870E-06  0.1870E-06   0.000    
  22982400.0   10.66710025   10.7073   0.000       0.000      0.4021E-03  0.2491E-06 -0.3419E-01  0.3379E-01   0.000       0.000       0.000       0.000        0.000       0.000       0.000       0.000       0.000       0.000                            0.2491E-06  0.2491E-06   0.000    
  23068800.0   10.66231023   10.7023   0.000       0.000      0.4000E-03  0.2772E-06 -0.3411E-01  0.3371E-01   0.000       0.000       0.000       0.000        0.000       0.000       0.000       0.000       0.000       0.000                            0.2772E-06  0.2772E-06   0.000    
  23155200.0   10.65632109   10.6960   0.000       0.000      0.3969E-03  0.3466E-06 -0.3401E-01  0.3361E-01   0.000       0.000       0.000       0.000        0.000       0.000       0.000       0.000       0.000       0.000                            0.3466E-06  0.3466E-06   0.000    
  23241600.0   10.64990644   10.6892   0.000       0.000      0.3928E-03  0.3712E-06 -0.3388E-01  0.3349E-01   0.000       0.000       0.000       0.000        0.000       0.000       0.000       0.000       0.000       0.000                            0.3712E-06  0.3712E-06   0.000    
  23328000.0   10.64313992   10.6820   0.000       0.000      0.3881E-03  0.3916E-06 -0.3374E-01  0.3335E-01   0.000       0.000       0.000       0.000        0.000       0.000       0.000       0.000       0.000       0.000                            0.3916E-06  0.3916E-06   0.000    
  23414400.0   10.63630206   10.6746   0.000       0.000      0.3834E-03  0.3957E-06 -0.3360E-01  0.3322E-01   0.000       0.000       0.000       0.000        0.000       0.000       0.000       0.000       0.000       0.000                            0.3957E-06  0.3957E-06   0.000    
  23500800.0   10.62976429   10.6676   0.000       0.000      0.3788E-03  0.3783E-06 -0.3346E-01  0.3308E-01   0.000       0.000       0.000       0.000        0.000       0.000       0.000       0.000       0.000       0.000                            0.3783E-06  0.3783E-06   0.000    
  23587200.0   10.62342472   10.6608   0.000       0.000      0.3742E-03  0.3669E-06 -0.3331E-01  0.3294E-01   0.000       0.000       0.000       0.000        0.000       0.000       0.000       0.000       0.000       0.000                            0.3669E-06  0.3669E-06   0.000    
  23673600.0   10.61719931   10.6542   0.000       0.000      0.3697E-03  0.3603E-06 -0.3316E-01  0.3279E-01   0.000       0.000       0.000       0.000        0.000       0.000       0.000       0.000       0.000       0.000                            0.3603E-06  0.3603E-06   0.000    
  23760000.0   10.61093497   10.6475   0.000       0.000      0.3653E-03  0.3625E-06 -0.3301E-01  0.3265E-01   0.000       0.000       0.000       0.000        0.000       0.000       0.000       0.000       0.000       0.000                            0.3625E-06  0.3625E-06   0.000    
  23846400.0   10.60480665   10.6409   0.000       0.000      0.3611E-03  0.3546E-06 -0.3287E-01  0.3251E-01   0.000       0.000       0.000       0.000        0.000       0.000       0.000       0.000       0.000       0.000                            0.3546E-06  0.3546E-06   0.000    
  23932800.0   10.59891704   10.6346   0.000       0.000      0.3571E-03  0.3408E-06 -0.3272E-01  0.3237E-01   0.000       0.000       0.000       0.000        0.000       0.000       0.000       0.000       0.000       0.000                            0.3408E-06  0.3408E-06   0.000    
  24019200.0   10.59322269   10.6286   0.000       0.000      0.3533E-03  0.3295E-06 -0.3258E-01  0.3223E-01   0.000       0.000       0.000       0.000        0.000       0.000       0.000       0.000       0.000       0.000                            0.3295E-06  0.3295E-06   0.000    
  24105600.0   10.58770456   10.6227   0.000       0.000      0.3496E-03  0.3193E-06 -0.3244E-01  0.3209E-01   0.000       0.000       0.000       0.000        0.000       0.000       0.000       0.000       0.000       0.000                            0.3193E-06  0.3193E-06   0.000    
  24192000.0   10.58229834   10.6169   0.000       0.000      0.3461E-03  0.3129E-06 -0.3230E-01  0.3195E-01   0.000       0.000       0.000       0.000        0.000       0.000       0.000       0.000       0.000       0.000                            0.3129E-06  0.3129E-06   0.000    
  24278400.0   10.57697097   10.6113   0.000       0.000      0.3429E-03  0.3083E-06 -0.3216E-01  0.3182E-01   0.000       0.000       0.000       0.000        0.000       0.000       0.000       0.000       0.000       0.000                            0.3083E-06  0.3083E-06   0.000    
  24364800.0   10.57177474   10.6057   0.000       0.000      0.3397E-03  0.3007E-06 -0.3203E-01  0.3169E-01   0.000       0.000       0.000       0.000        0.000       0.000       0.000       0.000       0.000       0.000                            0.3007E-06  0.3007E-06   0.000    
  24451200.0   10.56672473   10.6004   0.000       0.000      0.3367E-03  0.2922E-06 -0.3189E-01  0.3156E-01   0.000       0.000       0.000       0.000        0.000       0.000       0.000       0.000       0.000       0.000                            0.2922E-06  0.2922E-06   0.000    
  24537600.0   10.56181368   10.5952   0.000       0.000      0.3339E-03  0.2842E-06 -0.3176E-01  0.3143E-01   0.000       0.000       0.000       0.000        0.000       0.000       0.000       0.000       0.000       0.000                            0.2842E-06  0.2842E-06   0.000    
  24624000.0   10.55703488   10.5901   0.000       0.000      0.3311E-03  0.2766E-06 -0.3163E-01  0.3130E-01   0.000       0.000       0.000       0.000        0.000       0.000       0.000       0.000       0.000       0.000                            0.2766E-06  0.2766E-06   0.000    
  24710400.0   10.55239155   10.5852   0.000       0.000      0.3285E-03  0.2687E-06 -0.3151E-01  0.3118E-01   0.000       0.000       0.000       0.000        0.000       0.000       0.000       0.000       0.000       0.000                            0.2687E-06  0.2687E-06   0.000    
  24796800.0   10.54782346   10.5804   0.000       0.000      0.3260E-03  0.2644E-06 -0.3138E-01  0.3105E-01   0.000       0.000       0.000       0.000        0.000       0.000       0.000       0.000       0.000       0.000                            0.2644E-06  0.2644E-06   0.000    
  24883200.0   10.54357999   10.5760   0.000       0.000      0.3239E-03  0.2456E-06 -0.3126E-01  0.3094E-01   0.000       0.000       0.000       0.000        0.000       0.000       0.000       0.000       0.000       0.000                            0.2456E-06  0.2456E-06   0.000    
  24969600.0   10.54389709   10.5765   0.000       0.000      0.3256E-03 -0.1835E-07 -0.3123E-01  0.3091E-01   0.000       0.000       0.000       0.000        0.000       0.000       0.000       0.000       0.000       0.000                           -0.1835E-07 -0.1835E-07   0.000    
  25056000.0   10.53922845   10.5716   0.000       0.000      0.3234E-03  0.2702E-06 -0.3111E-01  0.3079E-01   0.000       0.000       0.000       0.000        0.000       0.000       0.000       0.000       0.000       0.000                            0.2702E-06  0.2702E-06   0.000    
  25142400.0   10.53469579   10.5668   0.000       0.000      0.3212E-03  0.2623E-06 -0.3100E-01  0.3068E-01   0.000       0.000       0.000       0.000        0.000       0.000       0.000       0.000       0.000       0.000                            0.2623E-06  0.2623E-06   0.000    
  25228800.0   10.53926897   10.5719   0.000       0.000      0.3267E-03 -0.2647E-06 -0.3106E-01  0.3073E-01   0.000       0.000       0.000       0.000        0.000       0.000       0.000       0.000       0.000       0.000                           -0.2647E-06 -0.2647E-06   0.000    
  25315200.0   10.53504553   10.5676   0.000       0.000      0.3251E-03  0.2444E-06 -0.3095E-01  0.3063E-01   0.000       0.000       0.000       0.000        0.000       0.000       0.000       0.000       0.000       0.000                            0.2444E-06  0.2444E-06   0.000    
  25401600.0   10.53561371   10.5684   0.000       0.000      0.3275E-03 -0.3288E-07 -0.3095E-01  0.3062E-01   0.000       0.000       0.000       0.000        0.000       0.000       0.000       0.000       0.000       0.000                           -0.3288E-07 -0.3288E-07   0.000    
  25488000.0   10.53574883   10.5687   0.000       0.000      0.3295E-03 -0.7820E-08 -0.3093E-01  0.3060E-01   0.000       0.000       0.000       0.000        0.000       0.000       0.000       0.000       0.000       0.000                           -0.7820E-08 -0.7820E-08   0.000    
  25574400.0   10.53880110   10.5722   0.000       0.000      0.3340E-03 -0.1766E-06 -0.3098E-01  0.3064E-01   0.000       0.000       0.000       0.000        0.000       0.000       0.000       0.000       0.000       0.000                           -0.1766E-06 -0.1766E-06   0.000    
  25660800.0   10.53510561   10.5684   0.000       0.000      0.3329E-03  0.2139E-06 -0.3090E-01  0.3057E-01   0.000       0.000       0.000       0.000        0.000       0.000       0.000       0.000       0.000       0.000                            0.2139E-06  0.2139E-06   0.000    
  25747200.0   10.54192098   10.5760   0.000       0.000      0.3405E-03 -0.3944E-06 -0.3102E-01  0.3068E-01   0.000       0.000       0.000       0.000        0.000       0.000       0.000       0.000       0.000       0.000                           -0.3944E-06 -0.3944E-06   0.000    
  25833600.0   10.57984072   10.6172   0.000       0.000      0.3740E-03 -0.2194E-05 -0.3174E-01  0.3137E-01   0.000       0.000       0.000       0.000        0.000       0.000       0.000       0.000       0.000       0.000                           -0.2194E-05 -0.2194E-05   0.000    
  25920000.0   10.63085761   10.6727   0.000       0.000      0.4181E-03 -0.2952E-05 -0.3271E-01  0.3230E-01   0.000       0.000       0.000       0.000        0.000       0.000       0.000       0.000       0.000       0.000                           -0.2952E-05 -0.2952E-05   0.000    
  26006400.0   10.68251549   10.7287   0.000       0.000      0.4622E-03 -0.2989E-05 -0.3372E-01  0.3326E-01   0.000       0.000       0.000       0.000        0.000       0.000       0.000       0.000       0.000       0.000                           -0.2989E-05 -0.2989E-05   0.000    
  26092800.0   10.69686214   10.7448   0.000       0.000      0.4796E-03 -0.8302E-06 -0.3414E-01  0.3367E-01   0.000       0.000       0.000       0.000        0.000       0.000       0.000       0.000       0.000       0.000                           -0.8302E-06 -0.8302E-06   0.000    
  26179200.0   10.69246681   10.7406   0.000       0.000      0.4815E-03  0.2544E-06 -0.3424E-01  0.3376E-01   0.000       0.000       0.000       0.000        0.000       0.000       0.000       0.000       0.000       0.000                            0.2544E-06  0.2544E-06   0.000    
  26265600.0   10.68415970   10.7319   0.000       0.000      0.4775E-03  0.4807E-06 -0.3420E-01  0.3372E-01   0.000       0.000       0.000       0.000        0.000       0.000       0.000       0.000       0.000       0.000                            0.4807E-06  0.4807E-06   0.000    
  26352000.0   10.67472087   10.7218   0.000       0.000      0.4706E-03  0.5462E-06 -0.3410E-01  0.3363E-01   0.000       0.000       0.000       0.000        0.000       0.000       0.000       0.000       0.000       0.000                            0.5462E-06  0.5462E-06   0.000    
  26438400.0   10.66509211   10.7113   0.000       0.000      0.4623E-03  0.5572E-06 -0.3396E-01  0.3350E-01   0.000       0.000       0.000       0.000        0.000       0.000       0.000       0.000       0.000       0.000                            0.5572E-06  0.5572E-06   0.000    
  26524800.0   10.65550939   10.7008   0.000       0.000      0.4532E-03  0.5546E-06 -0.3380E-01  0.3335E-01   0.000       0.000       0.000       0.000        0.000       0.000       0.000       0.000       0.000       0.000                            0.5546E-06  0.5546E-06   0.000    
  26611200.0   10.64573809   10.6901   0.000       0.000      0.4435E-03  0.5655E-06 -0.3363E-01  0.3318E-01   0.000       0.000       0.000       0.000        0.000       0.000       0.000       0.000       0.000       0.000                            0.5655E-06  0.5655E-06   0.000    
  26697600.0   10.63649021   10.6799   0.000       0.000      0.4340E-03  0.5352E-06 -0.3344E-01  0.3301E-01   0.000       0.000       0.000       0.000        0.000       0.000       0.000       0.000       0.000       0.000                            0.5352E-06  0.5352E-06   0.000    
  26784000.0   10.62759426   10.6701   0.000       0.000      0.4249E-03  0.5148E-06 -0.3326E-01  0.3283E-01   0.000       0.000       0.000       0.000        0.000       0.000       0.000       0.000       0.000       0.000                            0.5148E-06  0.5148E-06   0.000    
  26870400.0   10.65540774   10.6997   0.000       0.000      0.4434E-03 -0.1610E-05 -0.3371E-01  0.3326E-01   0.000       0.000       0.000       0.000        0.000       0.000       0.000       0.000       0.000       0.000                           -0.1610E-05 -0.1610E-05   0.000    
  26956800.0   10.67331571   10.7190   0.000       0.000      0.4566E-03 -0.1036E-05 -0.3402E-01  0.3357E-01   0.000       0.000       0.000       0.000        0.000       0.000       0.000       0.000       0.000       0.000                           -0.1036E-05 -0.1036E-05   0.000    
  27043200.0   10.69042249   10.7374   0.000       0.000      0.4700E-03 -0.9900E-06 -0.3436E-01  0.3389E-01   0.000       0.000       0.000       0.000        0.000       0.000       0.000       0.000       0.000       0.000                           -0.9900E-06 -0.9900E-06   0.000    
  27129600.0   10.69617182   10.7437   0.000       0.000      0.4754E-03 -0.3327E-06 -0.3452E-01  0.3404E-01   0.000       0.000       0.000       0.000        0.000       0.000       0.000       0.000       0.000       0.000                           -0.3327E-06 -0.3327E-06   0.000    
  27216000.0   10.70607275   10.7544   0.000       0.000      0.4834E-03 -0.5730E-06 -0.3474E-01  0.3425E-01   0.000       0.000       0.000       0.000        0.000       0.000       0.000       0.000       0.000       0.000                           -0.5730E-06 -0.5730E-06   0.000    
  27302400.0   10.73024942   10.7803   0.000       0.000      0.5006E-03 -0.1399E-05 -0.3517E-01  0.3467E-01   0.000       0.000       0.000       0.000        0.000       0.000       0.000       0.000       0.000       0.000                           -0.1399E-05 -0.1399E-05   0.000    
  27388800.0   10.77761416   10.8309   0.000       0.000      0.5332E-03 -0.2741E-05 -0.3597E-01  0.3544E-01   0.000       0.000       0.000       0.000        0.000       0.000       0.000       0.000       0.000       0.000                           -0.2741E-05 -0.2741E-05   0.000    
  27475200.0   10.81936897   10.8756   0.000       0.000      0.5626E-03 -0.2416E-05 -0.3672E-01  0.3615E-01   0.000       0.000       0.000       0.000        0.000       0.000       0.000       0.000       0.000       0.000                           -0.2416E-05 -0.2416E-05   0.000    
  27561600.0   10.81751559   10.8740   0.000       0.000      0.5653E-03  0.1073E-06 -0.3686E-01  0.3629E-01   0.000       0.000       0.000       0.000        0.000       0.000       0.000       0.000       0.000       0.000                            0.1073E-06  0.1073E-06   0.000    
  27648000.0   10.80872713   10.8648   0.000       0.000      0.5610E-03  0.5086E-06 -0.3686E-01  0.3630E-01   0.000       0.000       0.000       0.000        0.000       0.000       0.000       0.000       0.000       0.000                            0.5086E-06  0.5086E-06   0.000    
  27734400.0   10.79625085   10.8514   0.000       0.000      0.5519E-03  0.7220E-06 -0.3674E-01  0.3618E-01   0.000       0.000       0.000       0.000        0.000       0.000       0.000       0.000       0.000       0.000                            0.7220E-06  0.7220E-06   0.000    
  27820800.0   10.78516652   10.8394   0.000       0.000      0.5424E-03  0.6415E-06 -0.3660E-01  0.3606E-01   0.000       0.000       0.000       0.000        0.000       0.000       0.000       0.000       0.000       0.000                            0.6415E-06  0.6415E-06   0.000    
  27907200.0   10.77651099   10.8299   0.000       0.000      0.5337E-03  0.5009E-06 -0.3647E-01  0.3594E-01   0.000       0.000       0.000       0.000        0.000       0.000       0.000       0.000       0.000       0.000                            0.5009E-06  0.5009E-06   0.000    
  27993600.0   10.79692246   10.8512   0.000       0.000      0.5432E-03 -0.1181E-05 -0.3677E-01  0.3622E-01   0.000       0.000       0.000       0.000        0.000       0.000       0.000       0.000       0.000       0.000                           -0.1181E-05 -0.1181E-05   0.000    
  28080000.0   10.82802944   10.8841   0.000       0.000      0.5608E-03 -0.1800E-05 -0.3724E-01  0.3668E-01   0.000       0.000       0.000       0.000        0.000       0.000       0.000       0.000       0.000       0.000                           -0.1800E-05 -0.1800E-05   0.000    
  28166400.0   10.84478097   10.9019   0.000       0.000      0.5711E-03 -0.9694E-06 -0.3756E-01  0.3699E-01   0.000       0.000       0.000       0.000        0.000       0.000       0.000       0.000       0.000       0.000                           -0.9694E-06 -0.9694E-06   0.000    
  28252800.0   10.83818465   10.8949   0.000       0.000      0.5675E-03  0.3817E-06 -0.3756E-01  0.3699E-01   0.000       0.000       0.000       0.000        0.000       0.000       0.000       0.000       0.000       0.000                            0.3817E-06  0.3817E-06   0.000    
  28339200.0   10.82660467   10.8825   0.000       0.000      0.5594E-03  0.6701E-06 -0.3745E-01  0.3689E-01   0.000       0.000       0.000       0.000        0.000       0.000       0.000       0.000       0.000       0.000                            0.6701E-06  0.6701E-06   0.000    
  28425600.0   10.81348587   10.8684   0.000       0.000      0.5489E-03  0.7592E-06 -0.3727E-01  0.3672E-01   0.000       0.000       0.000       0.000        0.000       0.000       0.000       0.000       0.000       0.000                            0.7592E-06  0.7592E-06   0.000    
  28512000.0   10.80000466   10.8537   0.000       0.000      0.5372E-03  0.7802E-06 -0.3706E-01  0.3652E-01   0.000       0.000       0.000       0.000        0.000       0.000       0.000       0.000       0.000       0.000                            0.7802E-06  0.7802E-06   0.000    
  28598400.0   10.78657262   10.8391   0.000       0.000      0.5254E-03  0.7773E-06 -0.3684E-01  0.3631E-01   0.000       0.000       0.000       0.000        0.000       0.000       0.000       0.000       0.000       0.000                            0.7773E-06  0.7773E-06   0.000    
  28684800.0   10.77344102   10.8248   0.000       0.000      0.5135E-03  0.7599E-06 -0.3660E-01  0.3609E-01   0.000       0.000       0.000       0.000        0.000       0.000       0.000       0.000       0.000       0.000                            0.7599E-06  0.7599E-06   0.000    
  28771200.0   10.76068622   10.8109   0.000       0.000      0.5019E-03  0.7381E-06 -0.3636E-01  0.3586E-01   0.000       0.000       0.000       0.000        0.000       0.000       0.000       0.000       0.000       0.000                            0.7381E-06  0.7381E-06   0.000    
  28857600.0   10.74837312   10.7974   0.000       0.000      0.4907E-03  0.7126E-06 -0.3612E-01  0.3563E-01   0.000       0.000       0.000       0.000        0.000       0.000       0.000       0.000       0.000       0.000                            0.7126E-06  0.7126E-06   0.000    
  28944000.0   10.73638818   10.7844   0.000       0.000      0.4798E-03  0.6936E-06 -0.3588E-01  0.3540E-01   0.000       0.000       0.000       0.000        0.000       0.000       0.000       0.000       0.000       0.000                            0.6936E-06  0.6936E-06   0.000    
  29030400.0   10.72469971   10.7716   0.000       0.000      0.4693E-03  0.6764E-06 -0.3563E-01  0.3516E-01   0.000       0.000       0.000       0.000        0.000       0.000       0.000       0.000       0.000       0.000                            0.6764E-06  0.6764E-06   0.000    
  29116800.0   10.71345156   10.7594   0.000       0.000      0.4592E-03  0.6509E-06 -0.3539E-01  0.3493E-01   0.000       0.000       0.000       0.000        0.000       0.000       0.000       0.000       0.000       0.000                            0.6509E-06  0.6509E-06   0.000    
  29203200.0   10.70242424   10.7474   0.000       0.000      0.4497E-03  0.6382E-06 -0.3515E-01  0.3470E-01   0.000       0.000       0.000       0.000        0.000       0.000       0.000       0.000       0.000       0.000                            0.6382E-06  0.6382E-06   0.000    
  29289600.0   10.69183327   10.7359   0.000       0.000      0.4406E-03  0.6129E-06 -0.3492E-01  0.3447E-01   0.000       0.000       0.000       0.000        0.000       0.000       0.000       0.000       0.000       0.000                            0.6129E-06  0.6129E-06   0.000    
  29376000.0   10.68172454   10.7249   0.000       0.000      0.4322E-03  0.5850E-06 -0.3469E-01  0.3425E-01   0.000       0.000       0.000       0.000        0.000       0.000       0.000       0.000       0.000       0.000                            0.5850E-06  0.5850E-06   0.000    
  29462400.0   10.67209060   10.7145   0.000       0.000      0.4241E-03  0.5575E-06 -0.3446E-01  0.3404E-01   0.000       0.000       0.000       0.000        0.000       0.000       0.000       0.000       0.000       0.000                            0.5575E-06  0.5575E-06   0.000    
  29548800.0   10.66279789   10.7045   0.000       0.000      0.4167E-03  0.5378E-06 -0.3424E-01  0.3382E-01   0.000       0.000       0.000       0.000        0.000       0.000       0.000       0.000       0.000       0.000                            0.5378E-06  0.5378E-06   0.000    
  29635200.0   10.65381911   10.6948   0.000       0.000      0.4096E-03  0.5196E-06 -0.3403E-01  0.3362E-01   0.000       0.000       0.000       0.000        0.000       0.000       0.000       0.000       0.000       0.000                            0.5196E-06  0.5196E-06   0.000    
  29721600.0   10.64516113   10.6855   0.000       0.000      0.4029E-03  0.5010E-06 -0.3382E-01  0.3341E-01   0.000       0.000       0.000       0.000        0.000       0.000       0.000       0.000       0.000       0.000                            0.5010E-06  0.5010E-06   0.000    
  29808000.0   10.63672287   10.6764   0.000       0.000      0.3965E-03  0.4883E-06 -0.3361E-01  0.3321E-01   0.000       0.000       0.000       0.000        0.000       0.000       0.000       0.000       0.000       0.000                            0.4883E-06  0.4883E-06   0.000    
  29894400.0   10.62853952   10.6676   0.000       0.000      0.3904E-03  0.4736E-06 -0.3341E-01  0.3302E-01   0.000       0.000       0.000       0.000        0.000       0.000       0.000       0.000       0.000       0.000                            0.4736E-06  0.4736E-06   0.000    
  29980800.0   10.62059927   10.6591   0.000       0.000      0.3846E-03  0.4595E-06 -0.3321E-01  0.3282E-01   0.000       0.000       0.000       0.000        0.000       0.000       0.000       0.000       0.000       0.000                            0.4595E-06  0.4595E-06   0.000    
  30067200.0   10.61296710   10.6509   0.000       0.000      0.3791E-03  0.4417E-06 -0.3301E-01  0.3263E-01   0.000       0.000       0.000       0.000        0.000       0.000       0.000       0.000       0.000       0.000                            0.4417E-06  0.4417E-06   0.000    
  30153600.0   10.60560450   10.6430   0.000       0.000      0.3740E-03  0.4261E-06 -0.3282E-01  0.3245E-01   0.000       0.000       0.000       0.000        0.000       0.000       0.000       0.000       0.000       0.000                            0.4261E-06  0.4261E-06   0.000    
  30240000.0   10.59850124   10.6354   0.000       0.000      0.3691E-03  0.4111E-06 -0.3264E-01  0.3227E-01   0.000       0.000       0.000       0.000        0.000       0.000       0.000       0.000       0.000       0.000                            0.4111E-06  0.4111E-06   0.000    
  30326400.0   10.59160570   10.6280   0.000       0.000      0.3644E-03  0.3990E-06 -0.3246E-01  0.3209E-01   0.000       0.000       0.000       0.000        0.000       0.000       0.000       0.000       0.000       0.000                            0.3990E-06  0.3990E-06   0.000    
  30412800.0   10.58492115   10.6209   0.000       0.000      0.3599E-03  0.3868E-06 -0.3228E-01  0.3192E-01   0.000       0.000       0.000       0.000        0.000       0.000       0.000       0.000       0.000       0.000                            0.3868E-06  0.3868E-06   0.000    
  30499200.0   10.57845480   10.6140   0.000       0.000      0.3557E-03  0.3742E-06 -0.3211E-01  0.3175E-01   0.000       0.000       0.000       0.000        0.000       0.000       0.000       0.000       0.000       0.000                            0.3742E-06  0.3742E-06   0.000    
  30585600.0   10.57218256   10.6073   0.000       0.000      0.3517E-03  0.3630E-06 -0.3194E-01  0.3159E-01   0.000       0.000       0.000       0.000        0.000       0.000       0.000       0.000       0.000       0.000                            0.3630E-06  0.3630E-06   0.000    
  30672000.0   10.56610480   10.6009   0.000       0.000      0.3478E-03  0.3517E-06 -0.3177E-01  0.3142E-01   0.000       0.000       0.000       0.000        0.000       0.000       0.000       0.000       0.000       0.000                            0.3517E-06  0.3517E-06   0.000    
  30758400.0   10.56021028   10.5946   0.000       0.000      0.3442E-03  0.3411E-06 -0.3161E-01  0.3127E-01   0.000       0.000       0.000       0.000        0.000       0.000       0.000       0.000       0.000       0.000                            0.3411E-06  0.3411E-06   0.000    
  30844800.0   10.55448825   10.5886   0.000       0.000      0.3407E-03  0.3311E-06 -0.3145E-01  0.3111E-01   0.000       0.000       0.000       0.000        0.000       0.000       0.000       0.000       0.000       0.000                            0.3311E-06  0.3311E-06   0.000    
  30931200.0   10.54891877   10.5826   0.000       0.000      0.3373E-03  0.3223E-06 -0.3130E-01  0.3096E-01   0.000       0.000       0.000       0.000        0.000       0.000       0.000       0.000       0.000       0.000                            0.3223E-06  0.3223E-06   0.000    
  31017600.0   10.54349601   10.5769   0.000       0.000      0.3341E-03  0.3138E-06 -0.3114E-01  0.3081E-01   0.000       0.000       0.000       0.000        0.000       0.000       0.000       0.000       0.000       0.000                            0.3138E-06  0.3138E-06   0.000    
  31104000.0   10.53822408   10.5713   0.000       0.000      0.3310E-03  0.3051E-06 -0.3100E-01  0.3066E-01   0.000       0.000       0.000       0.000        0.000       0.000       0.000       0.000       0.000       0.000                            0.3051E-06  0.3051E-06   0.000    
  31190400.0   10.53309510   10.5659   0.000       0.000      0.3280E-03  0.2968E-06 -0.3085E-01  0.3052E-01   0.000       0.000       0.000       0.000        0.000       0.000       0.000       0.000       0.000       0.000                            0.2968E-06  0.2968E-06   0.000    
  31276800.0   10.52891137   10.5615   0.000       0.000      0.3259E-03  0.2421E-06 -0.3072E-01  0.3040E-01   0.000       0.000       0.000       0.000        0.000       0.000       0.000       0.000       0.000       0.000                            0.2421E-06  0.2421E-06   0.000    
  31363200.0   10.52394808   10.5563   0.000       0.000      0.3232E-03  0.2872E-06 -0.3058E-01  0.3026E-01   0.000       0.000       0.000       0.000        0.000       0.000       0.000       0.000       0.000       0.000                            0.2872E-06  0.2872E-06   0.000    
  31449600.0   10.51912729   10.5512   0.000       0.000      0.3205E-03  0.2790E-06 -0.3045E-01  0.3013E-01   0.000       0.000       0.000       0.000        0.000       0.000       0.000       0.000       0.000       0.000                            0.2790E-06  0.2790E-06   0.000    
  31536000.0   10.51443440   10.5462   0.000       0.000      0.3180E-03  0.2716E-06 -0.3031E-01  0.2999E-01   0.000       0.000       0.000       0.000        0.000       0.000       0.000       0.000       0.000       0.000                            0.2716E-06  0.2716E-06   0.000    
  31622400.0   10.50945025   10.5410   0.000       0.000      0.3152E-03  0.2884E-06 -0.3017E-01  0.2985E-01   0.000       0.000       0.000       0.000        0.000       0.000       0.000       0.000       0.000       0.000                            0.2884E-06  0.2884E-06   0.000    
