   TOTIM (T)          HCON      HMAT     QDIR      QWELL        QMAT QCADS<->CON       QTUB1       QTUB2       QTUB3       QTUB4       QTUB5       QTUB6       NSTOR        QFIX        QLH     FHLQ (LQ)      CAUCHY CAUCHY (LQ) BREAK-DOWN CADS FLOW  QCADS<->CON    Q_CDSSTO    Q_CDSRCH
     86400.0   10.79925718   10.9254   0.000       0.000      0.1261E-02   0.000     -0.2198E-01  0.2071E-01   0.000       0.000       0.000       0.000        0.000       0.000       0.000       0.000       0.000       0.000                             0.000       0.000       0.000    
    172800.0   10.78164757   10.9066   0.000       0.000      0.1250E-02  0.1019E-05 -0.2184E-01  0.2058E-01   0.000       0.000       0.000       0.000        0.000       0.000       0.000       0.000       0.000       0.000                            0.1019E-05  0.1019E-05   0.000    
    259200.0   10.78199780   10.9069   0.000       0.000      0.1249E-02 -0.2027E-07 -0.2184E-01  0.2059E-01   0.000       0.000       0.000       0.000        0.000       0.000       0.000       0.000       0.000       0.000                           -0.2027E-07 -0.2027E-07   0.000    
    345600.0   10.78039407   10.9051   0.000       0.000      0.1247E-02  0.9281E-07 -0.2181E-01  0.2056E-01   0.000       0.000       0.000       0.000        0.000       0.000       0.000       0.000       0.000       0.000                            0.9281E-07  0.9281E-07   0.000    
    432000.0   10.79215064   10.9176   0.000       0.000      0.1254E-02 -0.6804E-06 -0.2190E-01  0.2064E-01   0.000       0.000       0.000       0.000        0.000       0.000       0.000       0.000       0.000       0.000                           -0.6804E-06 -0.6804E-06   0.000    
    518400.0   10.79913539   10.9251   0.000       0.000      0.1259E-02 -0.4042E-06 -0.2194E-01  0.2068E-01   0.000       0.000       0.000       0.000        0.000       0.000       0.000       0.000       0.000       0.000                           -0.4042E-06 -0.4042E-06   0.000    
    604800.0   10.80118357   10.9273   0.000       0.000      0.1261E-02 -0.1185E-06 -0.2196E-01  0.2070E-01   0.000       0.000       0.000       0.000        0.000       0.000       0.000       0.000       0.000       0.000                           -0.1185E-06 -0.1185E-06   0.000    
    691200.0   10.81921224   10.9466   0.000       0.000      0.1274E-02 -0.1043E-05 -0.2211E-01  0.2084E-01   0.000       0.000       0.000       0.000        0.000       0.000       0.000       0.000       0.000       0.000                           -0.1043E-05 -0.1043E-05   0.000    
    777600.0   10.86823631   10.9989   0.000       0.000      0.1306E-02 -0.2837E-05 -0.2249E-01  0.2119E-01   0.000       0.000       0.000       0.000        0.000       0.000       0.000       0.000       0.000       0.000                           -0.2837E-05 -0.2837E-05   0.000    
    864000.0   10.94046618   11.0759   0.000       0.000      0.1354E-02 -0.4180E-05 -0.2304E-01  0.2169E-01   0.000       0.000       0.000       0.000        0.000       0.000       0.000       0.000       0.000       0.000                           -0.4180E-05 -0.4180E-05   0.000    
    950400.0   10.97303918   11.1110   0.000       0.000      0.1380E-02 -0.1885E-05 -0.2332E-01  0.2195E-01   0.000       0.000       0.000       0.000        0.000       0.000       0.000       0.000       0.000       0.000                           -0.1885E-05 -0.1885E-05   0.000    
   1036800.0   11.05157389   11.1946   0.000       0.000      0.1430E-02 -0.4545E-05 -0.2395E-01  0.2253E-01   0.000       0.000       0.000       0.000        0.000       0.000       0.000       0.000       0.000       0.000                           -0.4545E-05 -0.4545E-05   0.000    
   1123200.0   11.19296085   11.3441   0.000       0.000      0.1511E-02 -0.8182E-05 -0.2493E-01  0.2343E-01   0.000       0.000       0.000       0.000        0.000       0.000       0.000       0.000       0.000       0.000                           -0.8182E-05 -0.8182E-05   0.000    
   1209600.0   11.17569217   11.3274   0.000       0.000      0.1517E-02  0.9993E-06 -0.2494E-01  0.2342E-01   0.000       0.000       0.000       0.000        0.000       0.000       0.000       0.000       0.000       0.000                            0.9993E-06  0.9993E-06   0.000    
   1296000.0   11.15483584   11.3063   0.000       0.000      0.1515E-02  0.1207E-05 -0.2501E-01  0.2350E-01   0.000       0.000       0.000       0.000        0.000       0.000       0.000       0.000       0.000       0.000                            0.1207E-05  0.1207E-05   0.000    
   1382400.0   11.13378597   11.2846   0.000       0.000      0.1508E-02  0.1218E-05 -0.2499E-01  0.2348E-01   0.000       0.000       0.000       0.000        0.000       0.000       0.000       0.000       0.000       0.000                            0.1218E-05  0.1218E-05   0.000    
   1468800.0   11.11290592   11.2628   0.000       0.000      0.1499E-02  0.1208E-05 -0.2493E-01  0.2343E-01   0.000       0.000       0.000       0.000        0.000       0.000       0.000       0.000       0.000       0.000                            0.1208E-05  0.1208E-05   0.000    
   1555200.0   11.09053069   11.2393   0.000       0.000      0.1487E-02  0.1295E-05 -0.2483E-01  0.2335E-01   0.000       0.000       0.000       0.000        0.000       0.000       0.000       0.000       0.000       0.000                            0.1295E-05  0.1295E-05   0.000    
   1641600.0   11.06805600   11.2155   0.000       0.000      0.1474E-02  0.1301E-05 -0.2472E-01  0.2324E-01   0.000       0.000       0.000       0.000        0.000       0.000       0.000       0.000       0.000       0.000                            0.1301E-05  0.1301E-05   0.000    
   1728000.0   11.04900789   11.1952   0.000       0.000      0.1462E-02  0.1102E-05 -0.2460E-01  0.2314E-01   0.000       0.000       0.000       0.000        0.000       0.000       0.000       0.000       0.000       0.000                            0.1102E-05  0.1102E-05   0.000    
   1814400.0   11.03223361   11.1773   0.000       0.000      0.1451E-02  0.9707E-06 -0.2450E-01  0.2305E-01   0.000       0.000       0.000       0.000        0.000       0.000       0.000       0.000       0.000       0.000                            0.9707E-06  0.9707E-06   0.000    
   1900800.0   11.01353170   11.1573   0.000       0.000      0.1438E-02  0.1082E-05 -0.2437E-01  0.2293E-01   0.000       0.000       0.000       0.000        0.000       0.000       0.000       0.000       0.000       0.000                            0.1082E-05  0.1082E-05   0.000    
   1987200.0   10.99631928   11.1389   0.000       0.000      0.1426E-02  0.9961E-06 -0.2425E-01  0.2282E-01   0.000       0.000       0.000       0.000        0.000       0.000       0.000       0.000       0.000       0.000                            0.9961E-06  0.9961E-06   0.000    
   2073600.0   10.98213681   11.1236   0.000       0.000      0.1415E-02  0.8207E-06 -0.2413E-01  0.2272E-01   0.000       0.000       0.000       0.000        0.000       0.000       0.000       0.000       0.000       0.000                            0.8207E-06  0.8207E-06   0.000    
   2160000.0   10.96570420   11.1060   0.000       0.000      0.1403E-02  0.9510E-06 -0.2400E-01  0.2260E-01   0.000       0.000       0.000       0.000        0.000       0.000       0.000       0.000       0.000       0.000                            0.9510E-06  0.9510E-06   0.000    
   2246400.0   10.94945928   11.0885   0.000       0.000      0.1390E-02  0.9401E-06 -0.2387E-01  0.2248E-01   0.000       0.000       0.000       0.000        0.000       0.000       0.000       0.000       0.000       0.000                            0.9401E-06  0.9401E-06   0.000    
   2332800.0   10.93365151   11.0714   0.000       0.000      0.1378E-02  0.9148E-06 -0.2373E-01  0.2236E-01   0.000       0.000       0.000       0.000        0.000       0.000       0.000       0.000       0.000       0.000                            0.9148E-06  0.9148E-06   0.000    
   2419200.0   10.91823428   11.0548   0.000       0.000      0.1366E-02  0.8922E-06 -0.2360E-01  0.2223E-01   0.000       0.000       0.000       0.000        0.000       0.000       0.000       0.000       0.000       0.000                            0.8922E-06  0.8922E-06   0.000    
   2505600.0   10.91128145   11.0471   0.000       0.000      0.1358E-02  0.4024E-06 -0.2352E-01  0.2216E-01   0.000       0.000       0.000       0.000        0.000       0.000       0.000       0.000       0.000       0.000                            0.4024E-06  0.4024E-06   0.000    
   2592000.0   10.90111585   11.0361   0.000       0.000      0.1350E-02  0.5883E-06 -0.2341E-01  0.2206E-01   0.000       0.000       0.000       0.000        0.000       0.000       0.000       0.000       0.000       0.000                            0.5883E-06  0.5883E-06   0.000    
   2678400.0   10.92013381   11.0560   0.000       0.000      0.1358E-02 -0.1101E-05 -0.2353E-01  0.2217E-01   0.000       0.000       0.000       0.000        0.000       0.000       0.000       0.000       0.000       0.000                           -0.1101E-05 -0.1101E-05   0.000    
   2764800.0   10.99585150   11.1360   0.000       0.000      0.1401E-02 -0.4382E-05 -0.2403E-01  0.2264E-01   0.000       0.000       0.000       0.000        0.000       0.000       0.000       0.000       0.000       0.000                           -0.4382E-05 -0.4382E-05   0.000    
   2851200.0   11.18202876   11.3323   0.000       0.000      0.1503E-02 -0.1077E-04 -0.2524E-01  0.2375E-01   0.000       0.000       0.000       0.000        0.000       0.000       0.000       0.000       0.000       0.000                           -0.1077E-04 -0.1077E-04   0.000    
   2937600.0   11.14840938   11.2984   0.000       0.000      0.1500E-02  0.1946E-05 -0.2507E-01  0.2357E-01   0.000       0.000       0.000       0.000        0.000       0.000       0.000       0.000       0.000       0.000                            0.1946E-05  0.1946E-05   0.000    
   3024000.0   11.15535028   11.3064   0.000       0.000      0.1511E-02 -0.4017E-06 -0.2532E-01  0.2381E-01   0.000       0.000       0.000       0.000        0.000       0.000       0.000       0.000       0.000       0.000                           -0.4017E-06 -0.4017E-06   0.000    
   3110400.0   11.15708650   11.3086   0.000       0.000      0.1516E-02 -0.1005E-06 -0.2540E-01  0.2389E-01   0.000       0.000       0.000       0.000        0.000       0.000       0.000       0.000       0.000       0.000                           -0.1005E-06 -0.1005E-06   0.000    
   3196800.0   11.14523068   11.2964   0.000       0.000      0.1512E-02  0.6861E-06 -0.2539E-01  0.2387E-01   0.000       0.000       0.000       0.000        0.000       0.000       0.000       0.000       0.000       0.000                            0.6861E-06  0.6861E-06   0.000    
   3283200.0   11.12713302   11.2776   0.000       0.000      0.1504E-02  0.1047E-05 -0.2532E-01  0.2382E-01   0.000       0.000       0.000       0.000        0.000       0.000       0.000       0.000       0.000       0.000                            0.1047E-05  0.1047E-05   0.000    
   3369600.0   11.12986183   11.2804   0.000       0.000      0.1505E-02 -0.1579E-06 -0.2538E-01  0.2387E-01   0.000       0.000       0.000       0.000        0.000       0.000       0.000       0.000       0.000       0.000                           -0.1579E-06 -0.1579E-06   0.000    
   3456000.0   11.14461169   11.2959   0.000       0.000      0.1513E-02 -0.8536E-06 -0.2548E-01  0.2397E-01   0.000       0.000       0.000       0.000        0.000       0.000       0.000       0.000       0.000       0.000                           -0.8536E-06 -0.8536E-06   0.000    
   3542400.0   11.16765825   11.3202   0.000       0.000      0.1526E-02 -0.1334E-05 -0.2565E-01  0.2412E-01   0.000       0.000       0.000       0.000        0.000       0.000       0.000       0.000       0.000       0.000                           -0.1334E-05 -0.1334E-05   0.000    
   3628800.0   11.17630948   11.3295   0.000       0.000      0.1532E-02 -0.5007E-06 -0.2573E-01  0.2420E-01   0.000       0.000       0.000       0.000        0.000       0.000       0.000       0.000       0.000       0.000                           -0.5007E-06 -0.5007E-06   0.000    
   3715200.0   11.16464201   11.3174   0.000       0.000      0.1528E-02  0.6752E-06 -0.2570E-01  0.2418E-01   0.000       0.000       0.000       0.000        0.000       0.000       0.000       0.000       0.000       0.000                            0.6752E-06  0.6752E-06   0.000    
   3801600.0   11.16840730   11.3214   0.000       0.000      0.1530E-02 -0.2179E-06 -0.2577E-01  0.2424E-01   0.000       0.000       0.000       0.000        0.000       0.000       0.000       0.000       0.000       0.000                           -0.2179E-06 -0.2179E-06   0.000    
   3888000.0   11.18135231   11.3351   0.000       0.000      0.1537E-02 -0.7491E-06 -0.2587E-01  0.2433E-01   0.000       0.000       0.000       0.000        0.000       0.000       0.000       0.000       0.000       0.000                           -0.7491E-06 -0.7491E-06   0.000    
   3974400.0   11.21040995   11.3656   0.000       0.000      0.1552E-02 -0.1682E-05 -0.2607E-01  0.2452E-01   0.000       0.000       0.000       0.000        0.000       0.000       0.000       0.000       0.000       0.000                           -0.1682E-05 -0.1682E-05   0.000    
   4060800.0   11.23389218   11.3905   0.000       0.000      0.1566E-02 -0.1359E-05 -0.2624E-01  0.2468E-01   0.000       0.000       0.000       0.000        0.000       0.000       0.000       0.000       0.000       0.000                           -0.1359E-05 -0.1359E-05   0.000    
   4147200.0   11.22219678   11.3785   0.000       0.000      0.1563E-02  0.6768E-06 -0.2622E-01  0.2466E-01   0.000       0.000       0.000       0.000        0.000       0.000       0.000       0.000       0.000       0.000                            0.6768E-06  0.6768E-06   0.000    
   4233600.0   11.20377960   11.3593   0.000       0.000      0.1555E-02  0.1066E-05 -0.2616E-01  0.2461E-01   0.000       0.000       0.000       0.000        0.000       0.000       0.000       0.000       0.000       0.000                            0.1066E-05  0.1066E-05   0.000    
   4320000.0   11.18837700   11.3431   0.000       0.000      0.1547E-02  0.8914E-06 -0.2610E-01  0.2455E-01   0.000       0.000       0.000       0.000        0.000       0.000       0.000       0.000       0.000       0.000                            0.8914E-06  0.8914E-06   0.000    
   4406400.0   11.17183182   11.3256   0.000       0.000      0.1538E-02  0.9575E-06 -0.2601E-01  0.2447E-01   0.000       0.000       0.000       0.000        0.000       0.000       0.000       0.000       0.000       0.000                            0.9575E-06  0.9575E-06   0.000    
   4492800.0   11.15858832   11.3115   0.000       0.000      0.1529E-02  0.7664E-06 -0.2593E-01  0.2440E-01   0.000       0.000       0.000       0.000        0.000       0.000       0.000       0.000       0.000       0.000                            0.7664E-06  0.7664E-06   0.000    
   4579200.0   11.14142630   11.2933   0.000       0.000      0.1519E-02  0.9932E-06 -0.2582E-01  0.2430E-01   0.000       0.000       0.000       0.000        0.000       0.000       0.000       0.000       0.000       0.000                            0.9932E-06  0.9932E-06   0.000    
   4665600.0   11.12328882   11.2740   0.000       0.000      0.1507E-02  0.1050E-05 -0.2570E-01  0.2419E-01   0.000       0.000       0.000       0.000        0.000       0.000       0.000       0.000       0.000       0.000                            0.1050E-05  0.1050E-05   0.000    
   4752000.0   11.14904381   11.3008   0.000       0.000      0.1517E-02 -0.1490E-05 -0.2585E-01  0.2433E-01   0.000       0.000       0.000       0.000        0.000       0.000       0.000       0.000       0.000       0.000                           -0.1490E-05 -0.1490E-05   0.000    
   4838400.0   11.18638041   11.3399   0.000       0.000      0.1536E-02 -0.2161E-05 -0.2606E-01  0.2452E-01   0.000       0.000       0.000       0.000        0.000       0.000       0.000       0.000       0.000       0.000                           -0.2161E-05 -0.2161E-05   0.000    
   4924800.0   11.22831872   11.3841   0.000       0.000      0.1558E-02 -0.2427E-05 -0.2632E-01  0.2476E-01   0.000       0.000       0.000       0.000        0.000       0.000       0.000       0.000       0.000       0.000                           -0.2427E-05 -0.2427E-05   0.000    
   5011200.0   11.25455084   11.4119   0.000       0.000      0.1574E-02 -0.1518E-05 -0.2651E-01  0.2494E-01   0.000       0.000       0.000       0.000        0.000       0.000       0.000       0.000       0.000       0.000                           -0.1518E-05 -0.1518E-05   0.000    
   5097600.0   11.24195652   11.3991   0.000       0.000      0.1571E-02  0.7288E-06 -0.2649E-01  0.2492E-01   0.000       0.000       0.000       0.000        0.000       0.000       0.000       0.000       0.000       0.000                            0.7288E-06  0.7288E-06   0.000    
   5184000.0   11.22329653   11.3797   0.000       0.000      0.1564E-02  0.1080E-05 -0.2644E-01  0.2487E-01   0.000       0.000       0.000       0.000        0.000       0.000       0.000       0.000       0.000       0.000                            0.1080E-05  0.1080E-05   0.000    
   5270400.0   11.20684007   11.3624   0.000       0.000      0.1556E-02  0.9523E-06 -0.2636E-01  0.2481E-01   0.000       0.000       0.000       0.000        0.000       0.000       0.000       0.000       0.000       0.000                            0.9523E-06  0.9523E-06   0.000    
   5356800.0   11.18794931   11.3425   0.000       0.000      0.1545E-02  0.1093E-05 -0.2626E-01  0.2471E-01   0.000       0.000       0.000       0.000        0.000       0.000       0.000       0.000       0.000       0.000                            0.1093E-05  0.1093E-05   0.000    
   5443200.0   11.19755261   11.3524   0.000       0.000      0.1548E-02 -0.5557E-06 -0.2632E-01  0.2477E-01   0.000       0.000       0.000       0.000        0.000       0.000       0.000       0.000       0.000       0.000                           -0.5557E-06 -0.5557E-06   0.000    
   5529600.0   11.21002138   11.3654   0.000       0.000      0.1553E-02 -0.7216E-06 -0.2638E-01  0.2483E-01   0.000       0.000       0.000       0.000        0.000       0.000       0.000       0.000       0.000       0.000                           -0.7216E-06 -0.7216E-06   0.000    
   5616000.0   11.22355284   11.3796   0.000       0.000      0.1560E-02 -0.7831E-06 -0.2647E-01  0.2492E-01   0.000       0.000       0.000       0.000        0.000       0.000       0.000       0.000       0.000       0.000                           -0.7831E-06 -0.7831E-06   0.000    
   5702400.0   11.23231375   11.3889   0.000       0.000      0.1565E-02 -0.5070E-06 -0.2654E-01  0.2498E-01   0.000       0.000       0.000       0.000        0.000       0.000       0.000       0.000       0.000       0.000                           -0.5070E-06 -0.5070E-06   0.000    
   5788800.0   11.22796026   11.3844   0.000       0.000      0.1564E-02  0.2519E-06 -0.2654E-01  0.2498E-01   0.000       0.000       0.000       0.000        0.000       0.000       0.000       0.000       0.000       0.000                            0.2519E-06  0.2519E-06   0.000    
   5875200.0   11.22888258   11.3854   0.000       0.000      0.1565E-02 -0.5337E-07 -0.2657E-01  0.2501E-01   0.000       0.000       0.000       0.000        0.000       0.000       0.000       0.000       0.000       0.000                           -0.5337E-07 -0.5337E-07   0.000    
   5961600.0   11.22467895   11.3810   0.000       0.000      0.1563E-02  0.2433E-06 -0.2656E-01  0.2499E-01   0.000       0.000       0.000       0.000        0.000       0.000       0.000       0.000       0.000       0.000                            0.2433E-06  0.2433E-06   0.000    
   6048000.0   11.21195503   11.3676   0.000       0.000      0.1557E-02  0.7363E-06 -0.2649E-01  0.2493E-01   0.000       0.000       0.000       0.000        0.000       0.000       0.000       0.000       0.000       0.000                            0.7363E-06  0.7363E-06   0.000    
   6134400.0   11.19531344   11.3501   0.000       0.000      0.1548E-02  0.9631E-06 -0.2640E-01  0.2485E-01   0.000       0.000       0.000       0.000        0.000       0.000       0.000       0.000       0.000       0.000                            0.9631E-06  0.9631E-06   0.000    
   6220800.0   11.17712543   11.3308   0.000       0.000      0.1537E-02  0.1053E-05 -0.2629E-01  0.2475E-01   0.000       0.000       0.000       0.000        0.000       0.000       0.000       0.000       0.000       0.000                            0.1053E-05  0.1053E-05   0.000    
   6307200.0   11.15827356   11.3108   0.000       0.000      0.1526E-02  0.1091E-05 -0.2616E-01  0.2464E-01   0.000       0.000       0.000       0.000        0.000       0.000       0.000       0.000       0.000       0.000                            0.1091E-05  0.1091E-05   0.000    
   6393600.0   11.13952574   11.2909   0.000       0.000      0.1513E-02  0.1085E-05 -0.2603E-01  0.2451E-01   0.000       0.000       0.000       0.000        0.000       0.000       0.000       0.000       0.000       0.000                            0.1085E-05  0.1085E-05   0.000    
   6480000.0   11.12092667   11.2710   0.000       0.000      0.1501E-02  0.1076E-05 -0.2589E-01  0.2438E-01   0.000       0.000       0.000       0.000        0.000       0.000       0.000       0.000       0.000       0.000                            0.1076E-05  0.1076E-05   0.000    
   6566400.0   11.10268121   11.2515   0.000       0.000      0.1489E-02  0.1056E-05 -0.2574E-01  0.2425E-01   0.000       0.000       0.000       0.000        0.000       0.000       0.000       0.000       0.000       0.000                            0.1056E-05  0.1056E-05   0.000    
   6652800.0   11.08464309   11.2323   0.000       0.000      0.1476E-02  0.1044E-05 -0.2560E-01  0.2412E-01   0.000       0.000       0.000       0.000        0.000       0.000       0.000       0.000       0.000       0.000                            0.1044E-05  0.1044E-05   0.000    
   6739200.0   11.06725036   11.2136   0.000       0.000      0.1464E-02  0.1007E-05 -0.2544E-01  0.2398E-01   0.000       0.000       0.000       0.000        0.000       0.000       0.000       0.000       0.000       0.000                            0.1007E-05  0.1007E-05   0.000    
   6825600.0   11.04989382   11.1950   0.000       0.000      0.1451E-02  0.1004E-05 -0.2530E-01  0.2384E-01   0.000       0.000       0.000       0.000        0.000       0.000       0.000       0.000       0.000       0.000                            0.1004E-05  0.1004E-05   0.000    
   6912000.0   11.03282219   11.1767   0.000       0.000      0.1439E-02  0.9879E-06 -0.2514E-01  0.2370E-01   0.000       0.000       0.000       0.000        0.000       0.000       0.000       0.000       0.000       0.000                            0.9879E-06  0.9879E-06   0.000    
   6998400.0   11.01605467   11.1587   0.000       0.000      0.1426E-02  0.9703E-06 -0.2499E-01  0.2356E-01   0.000       0.000       0.000       0.000        0.000       0.000       0.000       0.000       0.000       0.000                            0.9703E-06  0.9703E-06   0.000    
   7084800.0   10.99994976   11.1414   0.000       0.000      0.1414E-02  0.9320E-06 -0.2484E-01  0.2342E-01   0.000       0.000       0.000       0.000        0.000       0.000       0.000       0.000       0.000       0.000                            0.9320E-06  0.9320E-06   0.000    
   7171200.0   10.98441276   11.1247   0.000       0.000      0.1402E-02  0.8991E-06 -0.2469E-01  0.2328E-01   0.000       0.000       0.000       0.000        0.000       0.000       0.000       0.000       0.000       0.000                            0.8991E-06  0.8991E-06   0.000    
   7257600.0   10.96927363   11.1083   0.000       0.000      0.1391E-02  0.8761E-06 -0.2454E-01  0.2315E-01   0.000       0.000       0.000       0.000        0.000       0.000       0.000       0.000       0.000       0.000                            0.8761E-06  0.8761E-06   0.000    
   7344000.0   10.95473893   11.0927   0.000       0.000      0.1379E-02  0.8411E-06 -0.2439E-01  0.2301E-01   0.000       0.000       0.000       0.000        0.000       0.000       0.000       0.000       0.000       0.000                            0.8411E-06  0.8411E-06   0.000    
   7430400.0   10.94164740   11.0785   0.000       0.000      0.1369E-02  0.7576E-06 -0.2425E-01  0.2288E-01   0.000       0.000       0.000       0.000        0.000       0.000       0.000       0.000       0.000       0.000                            0.7576E-06  0.7576E-06   0.000    
   7516800.0   10.92882004   11.0647   0.000       0.000      0.1358E-02  0.7423E-06 -0.2411E-01  0.2275E-01   0.000       0.000       0.000       0.000        0.000       0.000       0.000       0.000       0.000       0.000                            0.7423E-06  0.7423E-06   0.000    
   7603200.0   10.91562326   11.0504   0.000       0.000      0.1348E-02  0.7637E-06 -0.2397E-01  0.2262E-01   0.000       0.000       0.000       0.000        0.000       0.000       0.000       0.000       0.000       0.000                            0.7637E-06  0.7637E-06   0.000    
   7689600.0   10.90290686   11.0367   0.000       0.000      0.1338E-02  0.7359E-06 -0.2383E-01  0.2250E-01   0.000       0.000       0.000       0.000        0.000       0.000       0.000       0.000       0.000       0.000                            0.7359E-06  0.7359E-06   0.000    
   7776000.0   10.89107552   11.0239   0.000       0.000      0.1328E-02  0.6847E-06 -0.2370E-01  0.2237E-01   0.000       0.000       0.000       0.000        0.000       0.000       0.000       0.000       0.000       0.000                            0.6847E-06  0.6847E-06   0.000    
   7862400.0   10.87919177   11.0110   0.000       0.000      0.1318E-02  0.6877E-06 -0.2357E-01  0.2225E-01   0.000       0.000       0.000       0.000        0.000       0.000       0.000       0.000       0.000       0.000                            0.6877E-06  0.6877E-06   0.000    
   7948800.0   10.86762302   10.9985   0.000       0.000      0.1309E-02  0.6695E-06 -0.2344E-01  0.2213E-01   0.000       0.000       0.000       0.000        0.000       0.000       0.000       0.000       0.000       0.000                            0.6695E-06  0.6695E-06   0.000    
   8035200.0   10.85649384   10.9865   0.000       0.000      0.1300E-02  0.6440E-06 -0.2331E-01  0.2201E-01   0.000       0.000       0.000       0.000        0.000       0.000       0.000       0.000       0.000       0.000                            0.6440E-06  0.6440E-06   0.000    
   8121600.0   10.84562382   10.9747   0.000       0.000      0.1291E-02  0.6291E-06 -0.2318E-01  0.2189E-01   0.000       0.000       0.000       0.000        0.000       0.000       0.000       0.000       0.000       0.000                            0.6291E-06  0.6291E-06   0.000    
   8208000.0   10.83515937   10.9634   0.000       0.000      0.1282E-02  0.6056E-06 -0.2306E-01  0.2177E-01   0.000       0.000       0.000       0.000        0.000       0.000       0.000       0.000       0.000       0.000                            0.6056E-06  0.6056E-06   0.000    
   8294400.0   10.82490877   10.9523   0.000       0.000      0.1274E-02  0.5932E-06 -0.2294E-01  0.2166E-01   0.000       0.000       0.000       0.000        0.000       0.000       0.000       0.000       0.000       0.000                            0.5932E-06  0.5932E-06   0.000    
   8380800.0   10.87080558   11.0009   0.000       0.000      0.1301E-02 -0.2656E-05 -0.2325E-01  0.2195E-01   0.000       0.000       0.000       0.000        0.000       0.000       0.000       0.000       0.000       0.000                           -0.2656E-05 -0.2656E-05   0.000    
   8467200.0   10.87532343   11.0059   0.000       0.000      0.1306E-02 -0.2614E-06 -0.2324E-01  0.2193E-01   0.000       0.000       0.000       0.000        0.000       0.000       0.000       0.000       0.000       0.000                           -0.2614E-06 -0.2614E-06   0.000    
   8553600.0   10.87612747   11.0069   0.000       0.000      0.1308E-02 -0.4653E-07 -0.2325E-01  0.2194E-01   0.000       0.000       0.000       0.000        0.000       0.000       0.000       0.000       0.000       0.000                           -0.4653E-07 -0.4653E-07   0.000    
   8640000.0   10.87202395   11.0026   0.000       0.000      0.1306E-02  0.2375E-06 -0.2322E-01  0.2191E-01   0.000       0.000       0.000       0.000        0.000       0.000       0.000       0.000       0.000       0.000                            0.2375E-06  0.2375E-06   0.000    
   8726400.0   10.86544127   10.9957   0.000       0.000      0.1302E-02  0.3809E-06 -0.2316E-01  0.2186E-01   0.000       0.000       0.000       0.000        0.000       0.000       0.000       0.000       0.000       0.000                            0.3809E-06  0.3809E-06   0.000    
   8812800.0   10.85764319   10.9874   0.000       0.000      0.1297E-02  0.4513E-06 -0.2309E-01  0.2179E-01   0.000       0.000       0.000       0.000        0.000       0.000       0.000       0.000       0.000       0.000                            0.4513E-06  0.4513E-06   0.000    
   8899200.0   10.84776129   10.9768   0.000       0.000      0.1291E-02  0.5719E-06 -0.2300E-01  0.2171E-01   0.000       0.000       0.000       0.000        0.000       0.000       0.000       0.000       0.000       0.000                            0.5719E-06  0.5719E-06   0.000    
   8985600.0   10.84445383   10.9732   0.000       0.000      0.1288E-02  0.1914E-06 -0.2296E-01  0.2167E-01   0.000       0.000       0.000       0.000        0.000       0.000       0.000       0.000       0.000       0.000                            0.1914E-06  0.1914E-06   0.000    
   9072000.0   10.85219464   10.9814   0.000       0.000      0.1292E-02 -0.4480E-06 -0.2299E-01  0.2170E-01   0.000       0.000       0.000       0.000        0.000       0.000       0.000       0.000       0.000       0.000                           -0.4480E-06 -0.4480E-06   0.000    
   9158400.0   10.84827942   10.9773   0.000       0.000      0.1290E-02  0.2266E-06 -0.2294E-01  0.2165E-01   0.000       0.000       0.000       0.000        0.000       0.000       0.000       0.000       0.000       0.000                            0.2266E-06  0.2266E-06   0.000    
   9244800.0   10.87613996   11.0069   0.000       0.000      0.1308E-02 -0.1612E-05 -0.2314E-01  0.2184E-01   0.000       0.000       0.000       0.000        0.000       0.000       0.000       0.000       0.000       0.000                           -0.1612E-05 -0.1612E-05   0.000    
   9331200.0   10.94679091   11.0820   0.000       0.000      0.1352E-02 -0.4089E-05 -0.2364E-01  0.2230E-01   0.000       0.000       0.000       0.000        0.000       0.000       0.000       0.000       0.000       0.000                           -0.4089E-05 -0.4089E-05   0.000    
   9417600.0   11.11899238   11.2641   0.000       0.000      0.1451E-02 -0.9965E-05 -0.2482E-01  0.2337E-01   0.000       0.000       0.000       0.000        0.000       0.000       0.000       0.000       0.000       0.000                           -0.9965E-05 -0.9965E-05   0.000    
   9504000.0   11.24594896   11.3988   0.000       0.000      0.1528E-02 -0.7347E-05 -0.2565E-01  0.2413E-01   0.000       0.000       0.000       0.000        0.000       0.000       0.000       0.000       0.000       0.000                           -0.7347E-05 -0.7347E-05   0.000    
   9590400.0   11.22346244   11.3769   0.000       0.000      0.1534E-02  0.1301E-05 -0.2569E-01  0.2415E-01   0.000       0.000       0.000       0.000        0.000       0.000       0.000       0.000       0.000       0.000                            0.1301E-05  0.1301E-05   0.000    
   9676800.0   11.19531703   11.3484   0.000       0.000      0.1531E-02  0.1629E-05 -0.2573E-01  0.2420E-01   0.000       0.000       0.000       0.000        0.000       0.000       0.000       0.000       0.000       0.000                            0.1629E-05  0.1629E-05   0.000    
   9763200.0   11.16510647   11.3171   0.000       0.000      0.1520E-02  0.1748E-05 -0.2566E-01  0.2413E-01   0.000       0.000       0.000       0.000        0.000       0.000       0.000       0.000       0.000       0.000                            0.1748E-05  0.1748E-05   0.000    
   9849600.0   11.13623213   11.2869   0.000       0.000      0.1507E-02  0.1671E-05 -0.2554E-01  0.2403E-01   0.000       0.000       0.000       0.000        0.000       0.000       0.000       0.000       0.000       0.000                            0.1671E-05  0.1671E-05   0.000    
   9936000.0   11.15480625   11.3064   0.000       0.000      0.1516E-02 -0.1075E-05 -0.2568E-01  0.2417E-01   0.000       0.000       0.000       0.000        0.000       0.000       0.000       0.000       0.000       0.000                           -0.1075E-05 -0.1075E-05   0.000    
  10022400.0   11.17020889   11.3227   0.000       0.000      0.1525E-02 -0.8914E-06 -0.2579E-01  0.2427E-01   0.000       0.000       0.000       0.000        0.000       0.000       0.000       0.000       0.000       0.000                           -0.8914E-06 -0.8914E-06   0.000    
  10108800.0   11.17491469   11.3278   0.000       0.000      0.1529E-02 -0.2723E-06 -0.2586E-01  0.2433E-01   0.000       0.000       0.000       0.000        0.000       0.000       0.000       0.000       0.000       0.000                           -0.2723E-06 -0.2723E-06   0.000    
  10195200.0   11.18753547   11.3413   0.000       0.000      0.1537E-02 -0.7304E-06 -0.2598E-01  0.2444E-01   0.000       0.000       0.000       0.000        0.000       0.000       0.000       0.000       0.000       0.000                           -0.7304E-06 -0.7304E-06   0.000    
  10281600.0   11.19430692   11.3486   0.000       0.000      0.1543E-02 -0.3919E-06 -0.2606E-01  0.2451E-01   0.000       0.000       0.000       0.000        0.000       0.000       0.000       0.000       0.000       0.000                           -0.3919E-06 -0.3919E-06   0.000    
  10368000.0   11.18196838   11.3358   0.000       0.000      0.1539E-02  0.7140E-06 -0.2603E-01  0.2449E-01   0.000       0.000       0.000       0.000        0.000       0.000       0.000       0.000       0.000       0.000                            0.7140E-06  0.7140E-06   0.000    
  10454400.0   11.16289210   11.3159   0.000       0.000      0.1530E-02  0.1104E-05 -0.2595E-01  0.2441E-01   0.000       0.000       0.000       0.000        0.000       0.000       0.000       0.000       0.000       0.000                            0.1104E-05  0.1104E-05   0.000    
  10540800.0   11.16188814   11.3147   0.000       0.000      0.1528E-02  0.5810E-07 -0.2596E-01  0.2443E-01   0.000       0.000       0.000       0.000        0.000       0.000       0.000       0.000       0.000       0.000                            0.5810E-07  0.5810E-07   0.000    
  10627200.0   11.17021355   11.3234   0.000       0.000      0.1532E-02 -0.4818E-06 -0.2602E-01  0.2449E-01   0.000       0.000       0.000       0.000        0.000       0.000       0.000       0.000       0.000       0.000                           -0.4818E-06 -0.4818E-06   0.000    
  10713600.0   11.17083758   11.3241   0.000       0.000      0.1533E-02 -0.3611E-07 -0.2604E-01  0.2450E-01   0.000       0.000       0.000       0.000        0.000       0.000       0.000       0.000       0.000       0.000                           -0.3611E-07 -0.3611E-07   0.000    
  10800000.0   11.16156909   11.3144   0.000       0.000      0.1528E-02  0.5364E-06 -0.2600E-01  0.2447E-01   0.000       0.000       0.000       0.000        0.000       0.000       0.000       0.000       0.000       0.000                            0.5364E-06  0.5364E-06   0.000    
  10886400.0   11.14602426   11.2980   0.000       0.000      0.1520E-02  0.8996E-06 -0.2592E-01  0.2440E-01   0.000       0.000       0.000       0.000        0.000       0.000       0.000       0.000       0.000       0.000                            0.8996E-06  0.8996E-06   0.000    
  10972800.0   11.12736548   11.2783   0.000       0.000      0.1509E-02  0.1080E-05 -0.2581E-01  0.2430E-01   0.000       0.000       0.000       0.000        0.000       0.000       0.000       0.000       0.000       0.000                            0.1080E-05  0.1080E-05   0.000    
  11059200.0   11.10553061   11.2551   0.000       0.000      0.1496E-02  0.1264E-05 -0.2567E-01  0.2417E-01   0.000       0.000       0.000       0.000        0.000       0.000       0.000       0.000       0.000       0.000                            0.1264E-05  0.1264E-05   0.000    
  11145600.0   11.08355711   11.2318   0.000       0.000      0.1482E-02  0.1272E-05 -0.2552E-01  0.2403E-01   0.000       0.000       0.000       0.000        0.000       0.000       0.000       0.000       0.000       0.000                            0.1272E-05  0.1272E-05   0.000    
  11232000.0   11.06256946   11.2093   0.000       0.000      0.1468E-02  0.1215E-05 -0.2536E-01  0.2389E-01   0.000       0.000       0.000       0.000        0.000       0.000       0.000       0.000       0.000       0.000                            0.1215E-05  0.1215E-05   0.000    
  11318400.0   11.04240077   11.1878   0.000       0.000      0.1454E-02  0.1167E-05 -0.2520E-01  0.2374E-01   0.000       0.000       0.000       0.000        0.000       0.000       0.000       0.000       0.000       0.000                            0.1167E-05  0.1167E-05   0.000    
  11404800.0   11.04656180   11.1918   0.000       0.000      0.1453E-02 -0.2408E-06 -0.2519E-01  0.2374E-01   0.000       0.000       0.000       0.000        0.000       0.000       0.000       0.000       0.000       0.000                           -0.2408E-06 -0.2408E-06   0.000    
  11491200.0   11.02878107   11.1728   0.000       0.000      0.1441E-02  0.1029E-05 -0.2503E-01  0.2359E-01   0.000       0.000       0.000       0.000        0.000       0.000       0.000       0.000       0.000       0.000                            0.1029E-05  0.1029E-05   0.000    
  11577600.0   11.05480499   11.2000   0.000       0.000      0.1452E-02 -0.1506E-05 -0.2519E-01  0.2374E-01   0.000       0.000       0.000       0.000        0.000       0.000       0.000       0.000       0.000       0.000                           -0.1506E-05 -0.1506E-05   0.000    
  11664000.0   11.12740986   11.2764   0.000       0.000      0.1490E-02 -0.4202E-05 -0.2564E-01  0.2415E-01   0.000       0.000       0.000       0.000        0.000       0.000       0.000       0.000       0.000       0.000                           -0.4202E-05 -0.4202E-05   0.000    
  11750400.0   11.30144893   11.4593   0.000       0.000      0.1578E-02 -0.1007E-04 -0.2669E-01  0.2513E-01   0.000       0.000       0.000       0.000        0.000       0.000       0.000       0.000       0.000       0.000                           -0.1007E-04 -0.1007E-04   0.000    
  11836800.0   11.26879708   11.4264   0.000       0.000      0.1576E-02  0.1890E-05 -0.2654E-01  0.2496E-01   0.000       0.000       0.000       0.000        0.000       0.000       0.000       0.000       0.000       0.000                            0.1890E-05  0.1890E-05   0.000    
  11923200.0   11.23896236   11.3958   0.000       0.000      0.1569E-02  0.1727E-05 -0.2655E-01  0.2498E-01   0.000       0.000       0.000       0.000        0.000       0.000       0.000       0.000       0.000       0.000                            0.1727E-05  0.1727E-05   0.000    
  12009600.0   11.21113099   11.3668   0.000       0.000      0.1557E-02  0.1611E-05 -0.2645E-01  0.2489E-01   0.000       0.000       0.000       0.000        0.000       0.000       0.000       0.000       0.000       0.000                            0.1611E-05  0.1611E-05   0.000    
  12096000.0   11.20405721   11.3594   0.000       0.000      0.1553E-02  0.4094E-06 -0.2644E-01  0.2488E-01   0.000       0.000       0.000       0.000        0.000       0.000       0.000       0.000       0.000       0.000                            0.4094E-06  0.4094E-06   0.000    
  12182400.0   11.19472591   11.3495   0.000       0.000      0.1548E-02  0.5400E-06 -0.2639E-01  0.2484E-01   0.000       0.000       0.000       0.000        0.000       0.000       0.000       0.000       0.000       0.000                            0.5400E-06  0.5400E-06   0.000    
  12268800.0   11.17941346   11.3334   0.000       0.000      0.1540E-02  0.8861E-06 -0.2630E-01  0.2476E-01   0.000       0.000       0.000       0.000        0.000       0.000       0.000       0.000       0.000       0.000                            0.8861E-06  0.8861E-06   0.000    
  12355200.0   11.16038231   11.3133   0.000       0.000      0.1529E-02  0.1101E-05 -0.2619E-01  0.2466E-01   0.000       0.000       0.000       0.000        0.000       0.000       0.000       0.000       0.000       0.000                            0.1101E-05  0.1101E-05   0.000    
  12441600.0   11.14675483   11.2988   0.000       0.000      0.1520E-02  0.7886E-06 -0.2610E-01  0.2458E-01   0.000       0.000       0.000       0.000        0.000       0.000       0.000       0.000       0.000       0.000                            0.7886E-06  0.7886E-06   0.000    
  12528000.0   11.19226079   11.3464   0.000       0.000      0.1541E-02 -0.2633E-05 -0.2638E-01  0.2484E-01   0.000       0.000       0.000       0.000        0.000       0.000       0.000       0.000       0.000       0.000                           -0.2633E-05 -0.2633E-05   0.000    
  12614400.0   11.24477464   11.4015   0.000       0.000      0.1568E-02 -0.3039E-05 -0.2667E-01  0.2511E-01   0.000       0.000       0.000       0.000        0.000       0.000       0.000       0.000       0.000       0.000                           -0.3039E-05 -0.3039E-05   0.000    
  12700800.0   11.23650191   11.3933   0.000       0.000      0.1568E-02  0.4787E-06 -0.2665E-01  0.2508E-01   0.000       0.000       0.000       0.000        0.000       0.000       0.000       0.000       0.000       0.000                            0.4787E-06  0.4787E-06   0.000    
  12787200.0   11.22085637   11.3771   0.000       0.000      0.1563E-02  0.9054E-06 -0.2662E-01  0.2506E-01   0.000       0.000       0.000       0.000        0.000       0.000       0.000       0.000       0.000       0.000                            0.9054E-06  0.9054E-06   0.000    
  12873600.0   11.19986650   11.3551   0.000       0.000      0.1553E-02  0.1215E-05 -0.2653E-01  0.2497E-01   0.000       0.000       0.000       0.000        0.000       0.000       0.000       0.000       0.000       0.000                            0.1215E-05  0.1215E-05   0.000    
  12960000.0   11.20452059   11.3599   0.000       0.000      0.1554E-02 -0.2693E-06 -0.2657E-01  0.2501E-01   0.000       0.000       0.000       0.000        0.000       0.000       0.000       0.000       0.000       0.000                           -0.2693E-06 -0.2693E-06   0.000    
  13046400.0   11.19510495   11.3500   0.000       0.000      0.1549E-02  0.5449E-06 -0.2650E-01  0.2495E-01   0.000       0.000       0.000       0.000        0.000       0.000       0.000       0.000       0.000       0.000                            0.5449E-06  0.5449E-06   0.000    
  13132800.0   11.18117460   11.3353   0.000       0.000      0.1541E-02  0.8062E-06 -0.2642E-01  0.2488E-01   0.000       0.000       0.000       0.000        0.000       0.000       0.000       0.000       0.000       0.000                            0.8062E-06  0.8062E-06   0.000    
  13219200.0   11.17132932   11.3248   0.000       0.000      0.1535E-02  0.5698E-06 -0.2636E-01  0.2483E-01   0.000       0.000       0.000       0.000        0.000       0.000       0.000       0.000       0.000       0.000                            0.5698E-06  0.5698E-06   0.000    
  13305600.0   11.15696745   11.3096   0.000       0.000      0.1526E-02  0.8311E-06 -0.2627E-01  0.2474E-01   0.000       0.000       0.000       0.000        0.000       0.000       0.000       0.000       0.000       0.000                            0.8311E-06  0.8311E-06   0.000    
  13392000.0   11.17830037   11.3318   0.000       0.000      0.1535E-02 -0.1235E-05 -0.2639E-01  0.2486E-01   0.000       0.000       0.000       0.000        0.000       0.000       0.000       0.000       0.000       0.000                           -0.1235E-05 -0.1235E-05   0.000    
  13478400.0   11.19434329   11.3487   0.000       0.000      0.1543E-02 -0.9284E-06 -0.2647E-01  0.2493E-01   0.000       0.000       0.000       0.000        0.000       0.000       0.000       0.000       0.000       0.000                           -0.9284E-06 -0.9284E-06   0.000    
  13564800.0   11.18985409   11.3440   0.000       0.000      0.1542E-02  0.2598E-06 -0.2645E-01  0.2491E-01   0.000       0.000       0.000       0.000        0.000       0.000       0.000       0.000       0.000       0.000                            0.2598E-06  0.2598E-06   0.000    
  13651200.0   11.18028912   11.3340   0.000       0.000      0.1537E-02  0.5535E-06 -0.2641E-01  0.2487E-01   0.000       0.000       0.000       0.000        0.000       0.000       0.000       0.000       0.000       0.000                            0.5535E-06  0.5535E-06   0.000    
  13737600.0   11.16658394   11.3196   0.000       0.000      0.1530E-02  0.7931E-06 -0.2634E-01  0.2481E-01   0.000       0.000       0.000       0.000        0.000       0.000       0.000       0.000       0.000       0.000                            0.7931E-06  0.7931E-06   0.000    
  13824000.0   11.21118569   11.3663   0.000       0.000      0.1551E-02 -0.2581E-05 -0.2661E-01  0.2506E-01   0.000       0.000       0.000       0.000        0.000       0.000       0.000       0.000       0.000       0.000                           -0.2581E-05 -0.2581E-05   0.000    
  13910400.0   11.27534039   11.4337   0.000       0.000      0.1583E-02 -0.3713E-05 -0.2698E-01  0.2540E-01   0.000       0.000       0.000       0.000        0.000       0.000       0.000       0.000       0.000       0.000                           -0.3713E-05 -0.3713E-05   0.000    
  13996800.0   11.27399220   11.4327   0.000       0.000      0.1588E-02  0.7802E-07 -0.2700E-01  0.2541E-01   0.000       0.000       0.000       0.000        0.000       0.000       0.000       0.000       0.000       0.000                            0.7802E-07  0.7802E-07   0.000    
  14083200.0   11.25943382   11.4178   0.000       0.000      0.1584E-02  0.8425E-06 -0.2699E-01  0.2540E-01   0.000       0.000       0.000       0.000        0.000       0.000       0.000       0.000       0.000       0.000                            0.8425E-06  0.8425E-06   0.000    
  14169600.0   11.27415891   11.4333   0.000       0.000      0.1592E-02 -0.8521E-06 -0.2712E-01  0.2553E-01   0.000       0.000       0.000       0.000        0.000       0.000       0.000       0.000       0.000       0.000                           -0.8521E-06 -0.8521E-06   0.000    
  14256000.0   11.28645372   11.4464   0.000       0.000      0.1599E-02 -0.7115E-06 -0.2721E-01  0.2561E-01   0.000       0.000       0.000       0.000        0.000       0.000       0.000       0.000       0.000       0.000                           -0.7115E-06 -0.7115E-06   0.000    
  14342400.0   11.34802267   11.5109   0.000       0.000      0.1628E-02 -0.3563E-05 -0.2759E-01  0.2596E-01   0.000       0.000       0.000       0.000        0.000       0.000       0.000       0.000       0.000       0.000                           -0.3563E-05 -0.3563E-05   0.000    
  14428800.0   11.50646417   11.6766   0.000       0.000      0.1701E-02 -0.9169E-05 -0.2849E-01  0.2680E-01   0.000       0.000       0.000       0.000        0.000       0.000       0.000       0.000       0.000       0.000                           -0.9169E-05 -0.9169E-05   0.000    
  14515200.0   11.50278611   11.6739   0.000       0.000      0.1711E-02  0.2129E-06 -0.2852E-01  0.2681E-01   0.000       0.000       0.000       0.000        0.000       0.000       0.000       0.000       0.000       0.000                            0.2129E-06  0.2129E-06   0.000    
  14601600.0   11.52728973   11.7002   0.000       0.000      0.1729E-02 -0.1418E-05 -0.2883E-01  0.2710E-01   0.000       0.000       0.000       0.000        0.000       0.000       0.000       0.000       0.000       0.000                           -0.1418E-05 -0.1418E-05   0.000    
  14688000.0   11.58016666   11.7559   0.000       0.000      0.1757E-02 -0.3060E-05 -0.2920E-01  0.2745E-01   0.000       0.000       0.000       0.000        0.000       0.000       0.000       0.000       0.000       0.000                           -0.3060E-05 -0.3060E-05   0.000    
  14774400.0   11.59942339   11.7766   0.000       0.000      0.1771E-02 -0.1114E-05 -0.2938E-01  0.2761E-01   0.000       0.000       0.000       0.000        0.000       0.000       0.000       0.000       0.000       0.000                           -0.1114E-05 -0.1114E-05   0.000    
  14860800.0   11.58961897   11.7669   0.000       0.000      0.1773E-02  0.5674E-06 -0.2944E-01  0.2766E-01   0.000       0.000       0.000       0.000        0.000       0.000       0.000       0.000       0.000       0.000                            0.5674E-06  0.5674E-06   0.000    
  14947200.0   11.57599697   11.7531   0.000       0.000      0.1771E-02  0.7883E-06 -0.2946E-01  0.2769E-01   0.000       0.000       0.000       0.000        0.000       0.000       0.000       0.000       0.000       0.000                            0.7883E-06  0.7883E-06   0.000    
  15033600.0   11.55397483   11.7304   0.000       0.000      0.1764E-02  0.1274E-05 -0.2942E-01  0.2765E-01   0.000       0.000       0.000       0.000        0.000       0.000       0.000       0.000       0.000       0.000                            0.1274E-05  0.1274E-05   0.000    
  15120000.0   11.52829678   11.7037   0.000       0.000      0.1754E-02  0.1486E-05 -0.2933E-01  0.2757E-01   0.000       0.000       0.000       0.000        0.000       0.000       0.000       0.000       0.000       0.000                            0.1486E-05  0.1486E-05   0.000    
  15206400.0   11.49871449   11.6728   0.000       0.000      0.1741E-02  0.1712E-05 -0.2920E-01  0.2746E-01   0.000       0.000       0.000       0.000        0.000       0.000       0.000       0.000       0.000       0.000                            0.1712E-05  0.1712E-05   0.000    
  15292800.0   11.46731193   11.6398   0.000       0.000      0.1725E-02  0.1817E-05 -0.2905E-01  0.2732E-01   0.000       0.000       0.000       0.000        0.000       0.000       0.000       0.000       0.000       0.000                            0.1817E-05  0.1817E-05   0.000    
  15379200.0   11.50739678   11.6813   0.000       0.000      0.1739E-02 -0.2320E-05 -0.2926E-01  0.2753E-01   0.000       0.000       0.000       0.000        0.000       0.000       0.000       0.000       0.000       0.000                           -0.2320E-05 -0.2320E-05   0.000    
  15465600.0   11.52651051   11.7012   0.000       0.000      0.1747E-02 -0.1106E-05 -0.2934E-01  0.2760E-01   0.000       0.000       0.000       0.000        0.000       0.000       0.000       0.000       0.000       0.000                           -0.1106E-05 -0.1106E-05   0.000    
  15552000.0   11.51182370   11.6860   0.000       0.000      0.1742E-02  0.8499E-06 -0.2930E-01  0.2755E-01   0.000       0.000       0.000       0.000        0.000       0.000       0.000       0.000       0.000       0.000                            0.8499E-06  0.8499E-06   0.000    
  15638400.0   11.48476191   11.6578   0.000       0.000      0.1731E-02  0.1566E-05 -0.2919E-01  0.2746E-01   0.000       0.000       0.000       0.000        0.000       0.000       0.000       0.000       0.000       0.000                            0.1566E-05  0.1566E-05   0.000    
  15724800.0   11.45608463   11.6278   0.000       0.000      0.1717E-02  0.1660E-05 -0.2906E-01  0.2734E-01   0.000       0.000       0.000       0.000        0.000       0.000       0.000       0.000       0.000       0.000                            0.1660E-05  0.1660E-05   0.000    
  15811200.0   11.42752931   11.5977   0.000       0.000      0.1702E-02  0.1653E-05 -0.2890E-01  0.2720E-01   0.000       0.000       0.000       0.000        0.000       0.000       0.000       0.000       0.000       0.000                            0.1653E-05  0.1653E-05   0.000    
  15897600.0   11.40009560   11.5688   0.000       0.000      0.1687E-02  0.1588E-05 -0.2873E-01  0.2705E-01   0.000       0.000       0.000       0.000        0.000       0.000       0.000       0.000       0.000       0.000                            0.1588E-05  0.1588E-05   0.000    
  15984000.0   11.38053832   11.5480   0.000       0.000      0.1674E-02  0.1132E-05 -0.2860E-01  0.2693E-01   0.000       0.000       0.000       0.000        0.000       0.000       0.000       0.000       0.000       0.000                            0.1132E-05  0.1132E-05   0.000    
  16070400.0   11.35559163   11.5215   0.000       0.000      0.1659E-02  0.1444E-05 -0.2843E-01  0.2677E-01   0.000       0.000       0.000       0.000        0.000       0.000       0.000       0.000       0.000       0.000                            0.1444E-05  0.1444E-05   0.000    
  16156800.0   11.33123047   11.4957   0.000       0.000      0.1645E-02  0.1410E-05 -0.2826E-01  0.2662E-01   0.000       0.000       0.000       0.000        0.000       0.000       0.000       0.000       0.000       0.000                            0.1410E-05  0.1410E-05   0.000    
  16243200.0   11.30731812   11.4703   0.000       0.000      0.1630E-02  0.1384E-05 -0.2809E-01  0.2645E-01   0.000       0.000       0.000       0.000        0.000       0.000       0.000       0.000       0.000       0.000                            0.1384E-05  0.1384E-05   0.000    
  16329600.0   11.28412008   11.4456   0.000       0.000      0.1615E-02  0.1342E-05 -0.2791E-01  0.2630E-01   0.000       0.000       0.000       0.000        0.000       0.000       0.000       0.000       0.000       0.000                            0.1342E-05  0.1342E-05   0.000    
  16416000.0   11.26173142   11.4217   0.000       0.000      0.1600E-02  0.1296E-05 -0.2774E-01  0.2613E-01   0.000       0.000       0.000       0.000        0.000       0.000       0.000       0.000       0.000       0.000                            0.1296E-05  0.1296E-05   0.000    
  16502400.0   11.24005689   11.3986   0.000       0.000      0.1586E-02  0.1254E-05 -0.2756E-01  0.2598E-01   0.000       0.000       0.000       0.000        0.000       0.000       0.000       0.000       0.000       0.000                            0.1254E-05  0.1254E-05   0.000    
  16588800.0   11.21920172   11.3764   0.000       0.000      0.1572E-02  0.1207E-05 -0.2739E-01  0.2582E-01   0.000       0.000       0.000       0.000        0.000       0.000       0.000       0.000       0.000       0.000                            0.1207E-05  0.1207E-05   0.000    
  16675200.0   11.19912154   11.3549   0.000       0.000      0.1558E-02  0.1162E-05 -0.2722E-01  0.2566E-01   0.000       0.000       0.000       0.000        0.000       0.000       0.000       0.000       0.000       0.000                            0.1162E-05  0.1162E-05   0.000    
  16761600.0   11.18345550   11.3381   0.000       0.000      0.1546E-02  0.9066E-06 -0.2707E-01  0.2552E-01   0.000       0.000       0.000       0.000        0.000       0.000       0.000       0.000       0.000       0.000                            0.9066E-06  0.9066E-06   0.000    
  16848000.0   11.17147237   11.3251   0.000       0.000      0.1536E-02  0.6935E-06 -0.2695E-01  0.2541E-01   0.000       0.000       0.000       0.000        0.000       0.000       0.000       0.000       0.000       0.000                            0.6935E-06  0.6935E-06   0.000    
  16934400.0   11.17299014   11.3264   0.000       0.000      0.1534E-02 -0.8783E-07 -0.2691E-01  0.2537E-01   0.000       0.000       0.000       0.000        0.000       0.000       0.000       0.000       0.000       0.000                           -0.8783E-07 -0.8783E-07   0.000    
  17020800.0   11.16762844   11.3206   0.000       0.000      0.1529E-02  0.3103E-06 -0.2683E-01  0.2530E-01   0.000       0.000       0.000       0.000        0.000       0.000       0.000       0.000       0.000       0.000                            0.3103E-06  0.3103E-06   0.000    
  17107200.0   11.15041641   11.3023   0.000       0.000      0.1519E-02  0.9961E-06 -0.2669E-01  0.2517E-01   0.000       0.000       0.000       0.000        0.000       0.000       0.000       0.000       0.000       0.000                            0.9961E-06  0.9961E-06   0.000    
  17193600.0   11.13384882   11.2847   0.000       0.000      0.1508E-02  0.9588E-06 -0.2655E-01  0.2504E-01   0.000       0.000       0.000       0.000        0.000       0.000       0.000       0.000       0.000       0.000                            0.9588E-06  0.9588E-06   0.000    
  17280000.0   11.11705156   11.2667   0.000       0.000      0.1497E-02  0.9721E-06 -0.2641E-01  0.2491E-01   0.000       0.000       0.000       0.000        0.000       0.000       0.000       0.000       0.000       0.000                            0.9721E-06  0.9721E-06   0.000    
  17366400.0   11.10025315   11.2488   0.000       0.000      0.1486E-02  0.9721E-06 -0.2626E-01  0.2477E-01   0.000       0.000       0.000       0.000        0.000       0.000       0.000       0.000       0.000       0.000                            0.9721E-06  0.9721E-06   0.000    
  17452800.0   11.08400206   11.2314   0.000       0.000      0.1474E-02  0.9405E-06 -0.2611E-01  0.2463E-01   0.000       0.000       0.000       0.000        0.000       0.000       0.000       0.000       0.000       0.000                            0.9405E-06  0.9405E-06   0.000    
  17539200.0   11.06816076   11.2145   0.000       0.000      0.1463E-02  0.9167E-06 -0.2596E-01  0.2449E-01   0.000       0.000       0.000       0.000        0.000       0.000       0.000       0.000       0.000       0.000                            0.9167E-06  0.9167E-06   0.000    
  17625600.0   11.05292730   11.1981   0.000       0.000      0.1452E-02  0.8816E-06 -0.2581E-01  0.2435E-01   0.000       0.000       0.000       0.000        0.000       0.000       0.000       0.000       0.000       0.000                            0.8816E-06  0.8816E-06   0.000    
  17712000.0   11.04367283   11.1881   0.000       0.000      0.1444E-02  0.5356E-06 -0.2570E-01  0.2425E-01   0.000       0.000       0.000       0.000        0.000       0.000       0.000       0.000       0.000       0.000                            0.5356E-06  0.5356E-06   0.000    
  17798400.0   11.02979427   11.1732   0.000       0.000      0.1434E-02  0.8032E-06 -0.2556E-01  0.2412E-01   0.000       0.000       0.000       0.000        0.000       0.000       0.000       0.000       0.000       0.000                            0.8032E-06  0.8032E-06   0.000    
  17884800.0   11.01570128   11.1581   0.000       0.000      0.1424E-02  0.8156E-06 -0.2542E-01  0.2399E-01   0.000       0.000       0.000       0.000        0.000       0.000       0.000       0.000       0.000       0.000                            0.8156E-06  0.8156E-06   0.000    
  17971200.0   11.00200024   11.1434   0.000       0.000      0.1414E-02  0.7929E-06 -0.2528E-01  0.2386E-01   0.000       0.000       0.000       0.000        0.000       0.000       0.000       0.000       0.000       0.000                            0.7929E-06  0.7929E-06   0.000    
  18057600.0   10.98882381   11.1293   0.000       0.000      0.1404E-02  0.7625E-06 -0.2514E-01  0.2374E-01   0.000       0.000       0.000       0.000        0.000       0.000       0.000       0.000       0.000       0.000                            0.7625E-06  0.7625E-06   0.000    
  18144000.0   10.97597296   11.1155   0.000       0.000      0.1395E-02  0.7437E-06 -0.2501E-01  0.2361E-01   0.000       0.000       0.000       0.000        0.000       0.000       0.000       0.000       0.000       0.000                            0.7437E-06  0.7437E-06   0.000    
  18230400.0   10.96356512   11.1021   0.000       0.000      0.1386E-02  0.7180E-06 -0.2487E-01  0.2349E-01   0.000       0.000       0.000       0.000        0.000       0.000       0.000       0.000       0.000       0.000                            0.7180E-06  0.7180E-06   0.000    
  18316800.0   10.95147321   11.0891   0.000       0.000      0.1377E-02  0.6998E-06 -0.2474E-01  0.2336E-01   0.000       0.000       0.000       0.000        0.000       0.000       0.000       0.000       0.000       0.000                            0.6998E-06  0.6998E-06   0.000    
  18403200.0   10.93975357   11.0765   0.000       0.000      0.1368E-02  0.6782E-06 -0.2461E-01  0.2324E-01   0.000       0.000       0.000       0.000        0.000       0.000       0.000       0.000       0.000       0.000                            0.6782E-06  0.6782E-06   0.000    
  18489600.0   10.92834736   11.0642   0.000       0.000      0.1359E-02  0.6601E-06 -0.2448E-01  0.2312E-01   0.000       0.000       0.000       0.000        0.000       0.000       0.000       0.000       0.000       0.000                            0.6601E-06  0.6601E-06   0.000    
  18576000.0   10.91724188   11.0523   0.000       0.000      0.1350E-02  0.6427E-06 -0.2436E-01  0.2301E-01   0.000       0.000       0.000       0.000        0.000       0.000       0.000       0.000       0.000       0.000                            0.6427E-06  0.6427E-06   0.000    
  18662400.0   10.90649442   11.0407   0.000       0.000      0.1342E-02  0.6220E-06 -0.2423E-01  0.2289E-01   0.000       0.000       0.000       0.000        0.000       0.000       0.000       0.000       0.000       0.000                            0.6220E-06  0.6220E-06   0.000    
  18748800.0   10.89592467   11.0293   0.000       0.000      0.1334E-02  0.6117E-06 -0.2411E-01  0.2278E-01   0.000       0.000       0.000       0.000        0.000       0.000       0.000       0.000       0.000       0.000                            0.6117E-06  0.6117E-06   0.000    
  18835200.0   10.89664028   11.0299   0.000       0.000      0.1333E-02 -0.4141E-07 -0.2407E-01  0.2274E-01   0.000       0.000       0.000       0.000        0.000       0.000       0.000       0.000       0.000       0.000                           -0.4141E-07 -0.4141E-07   0.000    
  18921600.0   10.88823079   11.0209   0.000       0.000      0.1327E-02  0.4867E-06 -0.2397E-01  0.2264E-01   0.000       0.000       0.000       0.000        0.000       0.000       0.000       0.000       0.000       0.000                            0.4867E-06  0.4867E-06   0.000    
  19008000.0   10.87745140   11.0093   0.000       0.000      0.1319E-02  0.6238E-06 -0.2385E-01  0.2253E-01   0.000       0.000       0.000       0.000        0.000       0.000       0.000       0.000       0.000       0.000                            0.6238E-06  0.6238E-06   0.000    
  19094400.0   10.86712464   10.9982   0.000       0.000      0.1311E-02  0.5976E-06 -0.2374E-01  0.2243E-01   0.000       0.000       0.000       0.000        0.000       0.000       0.000       0.000       0.000       0.000                            0.5976E-06  0.5976E-06   0.000    
  19180800.0   10.85712888   10.9875   0.000       0.000      0.1304E-02  0.5785E-06 -0.2362E-01  0.2232E-01   0.000       0.000       0.000       0.000        0.000       0.000       0.000       0.000       0.000       0.000                            0.5785E-06  0.5785E-06   0.000    
  19267200.0   10.84771522   10.9774   0.000       0.000      0.1296E-02  0.5448E-06 -0.2351E-01  0.2221E-01   0.000       0.000       0.000       0.000        0.000       0.000       0.000       0.000       0.000       0.000                            0.5448E-06  0.5448E-06   0.000    
  19353600.0   10.83831387   10.9672   0.000       0.000      0.1289E-02  0.5441E-06 -0.2340E-01  0.2211E-01   0.000       0.000       0.000       0.000        0.000       0.000       0.000       0.000       0.000       0.000                            0.5441E-06  0.5441E-06   0.000    
  19440000.0   10.82915644   10.9573   0.000       0.000      0.1282E-02  0.5299E-06 -0.2329E-01  0.2201E-01   0.000       0.000       0.000       0.000        0.000       0.000       0.000       0.000       0.000       0.000                            0.5299E-06  0.5299E-06   0.000    
  19526400.0   10.82030428   10.9478   0.000       0.000      0.1275E-02  0.5123E-06 -0.2318E-01  0.2190E-01   0.000       0.000       0.000       0.000        0.000       0.000       0.000       0.000       0.000       0.000                            0.5123E-06  0.5123E-06   0.000    
  19612800.0   10.81157856   10.9384   0.000       0.000      0.1268E-02  0.5050E-06 -0.2307E-01  0.2180E-01   0.000       0.000       0.000       0.000        0.000       0.000       0.000       0.000       0.000       0.000                            0.5050E-06  0.5050E-06   0.000    
  19699200.0   10.80314137   10.9293   0.000       0.000      0.1261E-02  0.4883E-06 -0.2296E-01  0.2170E-01   0.000       0.000       0.000       0.000        0.000       0.000       0.000       0.000       0.000       0.000                            0.4883E-06  0.4883E-06   0.000    
  19785600.0   10.79482268   10.9203   0.000       0.000      0.1255E-02  0.4814E-06 -0.2286E-01  0.2161E-01   0.000       0.000       0.000       0.000        0.000       0.000       0.000       0.000       0.000       0.000                            0.4814E-06  0.4814E-06   0.000    
  19872000.0   10.78676181   10.9116   0.000       0.000      0.1248E-02  0.4665E-06 -0.2276E-01  0.2151E-01   0.000       0.000       0.000       0.000        0.000       0.000       0.000       0.000       0.000       0.000                            0.4665E-06  0.4665E-06   0.000    
  19958400.0   10.78912959   10.9140   0.000       0.000      0.1249E-02 -0.1370E-06 -0.2274E-01  0.2149E-01   0.000       0.000       0.000       0.000        0.000       0.000       0.000       0.000       0.000       0.000                           -0.1370E-06 -0.1370E-06   0.000    
  20044800.0   10.79569132   10.9210   0.000       0.000      0.1253E-02 -0.3797E-06 -0.2276E-01  0.2150E-01   0.000       0.000       0.000       0.000        0.000       0.000       0.000       0.000       0.000       0.000                           -0.3797E-06 -0.3797E-06   0.000    
  20131200.0   10.78591934   10.9106   0.000       0.000      0.1246E-02  0.5655E-06 -0.2265E-01  0.2140E-01   0.000       0.000       0.000       0.000        0.000       0.000       0.000       0.000       0.000       0.000                            0.5655E-06  0.5655E-06   0.000    
  20217600.0   10.78002354   10.9043   0.000       0.000      0.1242E-02  0.3412E-06 -0.2258E-01  0.2134E-01   0.000       0.000       0.000       0.000        0.000       0.000       0.000       0.000       0.000       0.000                            0.3412E-06  0.3412E-06   0.000    
  20304000.0   10.77331865   10.8971   0.000       0.000      0.1237E-02  0.3880E-06 -0.2250E-01  0.2126E-01   0.000       0.000       0.000       0.000        0.000       0.000       0.000       0.000       0.000       0.000                            0.3880E-06  0.3880E-06   0.000    
  20390400.0   10.76466576   10.8878   0.000       0.000      0.1231E-02  0.5007E-06 -0.2240E-01  0.2117E-01   0.000       0.000       0.000       0.000        0.000       0.000       0.000       0.000       0.000       0.000                            0.5007E-06  0.5007E-06   0.000    
  20476800.0   10.75636731   10.8788   0.000       0.000      0.1225E-02  0.4802E-06 -0.2230E-01  0.2108E-01   0.000       0.000       0.000       0.000        0.000       0.000       0.000       0.000       0.000       0.000                            0.4802E-06  0.4802E-06   0.000    
  20563200.0   10.74833551   10.8702   0.000       0.000      0.1218E-02  0.4648E-06 -0.2221E-01  0.2099E-01   0.000       0.000       0.000       0.000        0.000       0.000       0.000       0.000       0.000       0.000                            0.4648E-06  0.4648E-06   0.000    
  20649600.0   10.74060237   10.8618   0.000       0.000      0.1212E-02  0.4475E-06 -0.2211E-01  0.2090E-01   0.000       0.000       0.000       0.000        0.000       0.000       0.000       0.000       0.000       0.000                            0.4475E-06  0.4475E-06   0.000    
  20736000.0   10.73306623   10.8537   0.000       0.000      0.1206E-02  0.4361E-06 -0.2201E-01  0.2081E-01   0.000       0.000       0.000       0.000        0.000       0.000       0.000       0.000       0.000       0.000                            0.4361E-06  0.4361E-06   0.000    
  20822400.0   10.72578875   10.8458   0.000       0.000      0.1200E-02  0.4212E-06 -0.2192E-01  0.2072E-01   0.000       0.000       0.000       0.000        0.000       0.000       0.000       0.000       0.000       0.000                            0.4212E-06  0.4212E-06   0.000    
  20908800.0   10.71866047   10.8381   0.000       0.000      0.1194E-02  0.4125E-06 -0.2183E-01  0.2063E-01   0.000       0.000       0.000       0.000        0.000       0.000       0.000       0.000       0.000       0.000                            0.4125E-06  0.4125E-06   0.000    
  20995200.0   10.71176623   10.8306   0.000       0.000      0.1188E-02  0.3990E-06 -0.2173E-01  0.2054E-01   0.000       0.000       0.000       0.000        0.000       0.000       0.000       0.000       0.000       0.000                            0.3990E-06  0.3990E-06   0.000    
  21081600.0   10.70498561   10.8232   0.000       0.000      0.1183E-02  0.3924E-06 -0.2164E-01  0.2046E-01   0.000       0.000       0.000       0.000        0.000       0.000       0.000       0.000       0.000       0.000                            0.3924E-06  0.3924E-06   0.000    
  21168000.0   10.69842098   10.8161   0.000       0.000      0.1177E-02  0.3799E-06 -0.2155E-01  0.2037E-01   0.000       0.000       0.000       0.000        0.000       0.000       0.000       0.000       0.000       0.000                            0.3799E-06  0.3799E-06   0.000    
  21254400.0   10.69194021   10.8091   0.000       0.000      0.1171E-02  0.3750E-06 -0.2146E-01  0.2029E-01   0.000       0.000       0.000       0.000        0.000       0.000       0.000       0.000       0.000       0.000                            0.3750E-06  0.3750E-06   0.000    
  21340800.0   10.68562757   10.8022   0.000       0.000      0.1166E-02  0.3653E-06 -0.2138E-01  0.2021E-01   0.000       0.000       0.000       0.000        0.000       0.000       0.000       0.000       0.000       0.000                            0.3653E-06  0.3653E-06   0.000    
  21427200.0   10.67946251   10.7955   0.000       0.000      0.1161E-02  0.3568E-06 -0.2129E-01  0.2013E-01   0.000       0.000       0.000       0.000        0.000       0.000       0.000       0.000       0.000       0.000                            0.3568E-06  0.3568E-06   0.000    
  21513600.0   10.67484885   10.7905   0.000       0.000      0.1157E-02  0.2670E-06 -0.2122E-01  0.2006E-01   0.000       0.000       0.000       0.000        0.000       0.000       0.000       0.000       0.000       0.000                            0.2670E-06  0.2670E-06   0.000    
  21600000.0   10.68495513   10.8013   0.000       0.000      0.1164E-02 -0.5849E-06 -0.2128E-01  0.2011E-01   0.000       0.000       0.000       0.000        0.000       0.000       0.000       0.000       0.000       0.000                           -0.5849E-06 -0.5849E-06   0.000    
  21686400.0   10.67730666   10.7931   0.000       0.000      0.1158E-02  0.4426E-06 -0.2118E-01  0.2002E-01   0.000       0.000       0.000       0.000        0.000       0.000       0.000       0.000       0.000       0.000                            0.4426E-06  0.4426E-06   0.000    
  21772800.0   10.67013575   10.7854   0.000       0.000      0.1153E-02  0.4150E-06 -0.2110E-01  0.1995E-01   0.000       0.000       0.000       0.000        0.000       0.000       0.000       0.000       0.000       0.000                            0.4150E-06  0.4150E-06   0.000    
  21859200.0   10.66337446   10.7781   0.000       0.000      0.1148E-02  0.3913E-06 -0.2101E-01  0.1987E-01   0.000       0.000       0.000       0.000        0.000       0.000       0.000       0.000       0.000       0.000                            0.3913E-06  0.3913E-06   0.000    
  21945600.0   10.65697858   10.7712   0.000       0.000      0.1142E-02  0.3701E-06 -0.2093E-01  0.1979E-01   0.000       0.000       0.000       0.000        0.000       0.000       0.000       0.000       0.000       0.000                            0.3701E-06  0.3701E-06   0.000    
  22032000.0   10.65077426   10.7645   0.000       0.000      0.1137E-02  0.3590E-06 -0.2085E-01  0.1971E-01   0.000       0.000       0.000       0.000        0.000       0.000       0.000       0.000       0.000       0.000                            0.3590E-06  0.3590E-06   0.000    
  22118400.0   10.64478331   10.7580   0.000       0.000      0.1132E-02  0.3467E-06 -0.2076E-01  0.1963E-01   0.000       0.000       0.000       0.000        0.000       0.000       0.000       0.000       0.000       0.000                            0.3467E-06  0.3467E-06   0.000    
  22204800.0   10.63900670   10.7517   0.000       0.000      0.1126E-02  0.3343E-06 -0.2068E-01  0.1955E-01   0.000       0.000       0.000       0.000        0.000       0.000       0.000       0.000       0.000       0.000                            0.3343E-06  0.3343E-06   0.000    
  22291200.0   10.63333920   10.7455   0.000       0.000      0.1122E-02  0.3280E-06 -0.2060E-01  0.1948E-01   0.000       0.000       0.000       0.000        0.000       0.000       0.000       0.000       0.000       0.000                            0.3280E-06  0.3280E-06   0.000    
  22377600.0   10.62782556   10.7395   0.000       0.000      0.1117E-02  0.3191E-06 -0.2052E-01  0.1940E-01   0.000       0.000       0.000       0.000        0.000       0.000       0.000       0.000       0.000       0.000                            0.3191E-06  0.3191E-06   0.000    
  22464000.0   10.64017296   10.7528   0.000       0.000      0.1126E-02 -0.7145E-06 -0.2061E-01  0.1948E-01   0.000       0.000       0.000       0.000        0.000       0.000       0.000       0.000       0.000       0.000                           -0.7145E-06 -0.7145E-06   0.000    
  22550400.0   10.63514072   10.7474   0.000       0.000      0.1123E-02  0.2912E-06 -0.2053E-01  0.1941E-01   0.000       0.000       0.000       0.000        0.000       0.000       0.000       0.000       0.000       0.000                            0.2912E-06  0.2912E-06   0.000    
  22636800.0   10.63296229   10.7451   0.000       0.000      0.1121E-02  0.1261E-06 -0.2050E-01  0.1938E-01   0.000       0.000       0.000       0.000        0.000       0.000       0.000       0.000       0.000       0.000                            0.1261E-06  0.1261E-06   0.000    
  22723200.0   10.67831158   10.7939   0.000       0.000      0.1156E-02 -0.2624E-05 -0.2089E-01  0.1974E-01   0.000       0.000       0.000       0.000        0.000       0.000       0.000       0.000       0.000       0.000                           -0.2624E-05 -0.2624E-05   0.000    
  22809600.0   10.67714911   10.7930   0.000       0.000      0.1158E-02  0.6727E-07 -0.2086E-01  0.1971E-01   0.000       0.000       0.000       0.000        0.000       0.000       0.000       0.000       0.000       0.000                            0.6727E-07  0.6727E-07   0.000    
  22896000.0   10.67391815   10.7897   0.000       0.000      0.1158E-02  0.1870E-06 -0.2086E-01  0.1970E-01   0.000       0.000       0.000       0.000        0.000       0.000       0.000       0.000       0.000       0.000                            0.1870E-06  0.1870E-06   0.000    
  22982400.0   10.66960781   10.7852   0.000       0.000      0.1156E-02  0.2494E-06 -0.2083E-01  0.1968E-01   0.000       0.000       0.000       0.000        0.000       0.000       0.000       0.000       0.000       0.000                            0.2494E-06  0.2494E-06   0.000    
  23068800.0   10.66480659   10.7801   0.000       0.000      0.1153E-02  0.2778E-06 -0.2079E-01  0.1964E-01   0.000       0.000       0.000       0.000        0.000       0.000       0.000       0.000       0.000       0.000                            0.2778E-06  0.2778E-06   0.000    
  23155200.0   10.65880289   10.7737   0.000       0.000      0.1149E-02  0.3474E-06 -0.2073E-01  0.1958E-01   0.000       0.000       0.000       0.000        0.000       0.000       0.000       0.000       0.000       0.000                            0.3474E-06  0.3474E-06   0.000    
  23241600.0   10.65237130   10.7668   0.000       0.000      0.1144E-02  0.3722E-06 -0.2066E-01  0.1952E-01   0.000       0.000       0.000       0.000        0.000       0.000       0.000       0.000       0.000       0.000                            0.3722E-06  0.3722E-06   0.000    
  23328000.0   10.64558552   10.7594   0.000       0.000      0.1139E-02  0.3927E-06 -0.2059E-01  0.1945E-01   0.000       0.000       0.000       0.000        0.000       0.000       0.000       0.000       0.000       0.000                            0.3927E-06  0.3927E-06   0.000    
  23414400.0   10.63872821   10.7520   0.000       0.000      0.1133E-02  0.3968E-06 -0.2051E-01  0.1938E-01   0.000       0.000       0.000       0.000        0.000       0.000       0.000       0.000       0.000       0.000                            0.3968E-06  0.3968E-06   0.000    
  23500800.0   10.63217098   10.7449   0.000       0.000      0.1127E-02  0.3795E-06 -0.2043E-01  0.1930E-01   0.000       0.000       0.000       0.000        0.000       0.000       0.000       0.000       0.000       0.000                            0.3795E-06  0.3795E-06   0.000    
  23587200.0   10.62581182   10.7380   0.000       0.000      0.1122E-02  0.3680E-06 -0.2035E-01  0.1923E-01   0.000       0.000       0.000       0.000        0.000       0.000       0.000       0.000       0.000       0.000                            0.3680E-06  0.3680E-06   0.000    
  23673600.0   10.61956647   10.7312   0.000       0.000      0.1116E-02  0.3614E-06 -0.2027E-01  0.1916E-01   0.000       0.000       0.000       0.000        0.000       0.000       0.000       0.000       0.000       0.000                            0.3614E-06  0.3614E-06   0.000    
  23760000.0   10.61328215   10.7243   0.000       0.000      0.1110E-02  0.3637E-06 -0.2019E-01  0.1908E-01   0.000       0.000       0.000       0.000        0.000       0.000       0.000       0.000       0.000       0.000                            0.3637E-06  0.3637E-06   0.000    
  23846400.0   10.60713412   10.7176   0.000       0.000      0.1105E-02  0.3558E-06 -0.2011E-01  0.1900E-01   0.000       0.000       0.000       0.000        0.000       0.000       0.000       0.000       0.000       0.000                            0.3558E-06  0.3558E-06   0.000    
  23932800.0   10.60122510   10.7111   0.000       0.000      0.1099E-02  0.3420E-06 -0.2003E-01  0.1893E-01   0.000       0.000       0.000       0.000        0.000       0.000       0.000       0.000       0.000       0.000                            0.3420E-06  0.3420E-06   0.000    
  24019200.0   10.59551161   10.7049   0.000       0.000      0.1094E-02  0.3306E-06 -0.1995E-01  0.1886E-01   0.000       0.000       0.000       0.000        0.000       0.000       0.000       0.000       0.000       0.000                            0.3306E-06  0.3306E-06   0.000    
  24105600.0   10.58997451   10.6988   0.000       0.000      0.1088E-02  0.3204E-06 -0.1987E-01  0.1878E-01   0.000       0.000       0.000       0.000        0.000       0.000       0.000       0.000       0.000       0.000                            0.3204E-06  0.3204E-06   0.000    
  24192000.0   10.58454963   10.6929   0.000       0.000      0.1083E-02  0.3139E-06 -0.1979E-01  0.1871E-01   0.000       0.000       0.000       0.000        0.000       0.000       0.000       0.000       0.000       0.000                            0.3139E-06  0.3139E-06   0.000    
  24278400.0   10.57920399   10.6870   0.000       0.000      0.1078E-02  0.3094E-06 -0.1971E-01  0.1864E-01   0.000       0.000       0.000       0.000        0.000       0.000       0.000       0.000       0.000       0.000                            0.3094E-06  0.3094E-06   0.000    
  24364800.0   10.57398974   10.6813   0.000       0.000      0.1073E-02  0.3018E-06 -0.1964E-01  0.1856E-01   0.000       0.000       0.000       0.000        0.000       0.000       0.000       0.000       0.000       0.000                            0.3018E-06  0.3018E-06   0.000    
  24451200.0   10.56892199   10.6757   0.000       0.000      0.1068E-02  0.2933E-06 -0.1956E-01  0.1849E-01   0.000       0.000       0.000       0.000        0.000       0.000       0.000       0.000       0.000       0.000                            0.2933E-06  0.2933E-06   0.000    
  24537600.0   10.56399352   10.6703   0.000       0.000      0.1063E-02  0.2852E-06 -0.1949E-01  0.1842E-01   0.000       0.000       0.000       0.000        0.000       0.000       0.000       0.000       0.000       0.000                            0.2852E-06  0.2852E-06   0.000    
  24624000.0   10.55919759   10.6650   0.000       0.000      0.1058E-02  0.2775E-06 -0.1941E-01  0.1835E-01   0.000       0.000       0.000       0.000        0.000       0.000       0.000       0.000       0.000       0.000                            0.2775E-06  0.2775E-06   0.000    
  24710400.0   10.55453726   10.6599   0.000       0.000      0.1053E-02  0.2697E-06 -0.1934E-01  0.1828E-01   0.000       0.000       0.000       0.000        0.000       0.000       0.000       0.000       0.000       0.000                            0.2697E-06  0.2697E-06   0.000    
  24796800.0   10.54995279   10.6548   0.000       0.000      0.1049E-02  0.2653E-06 -0.1927E-01  0.1822E-01   0.000       0.000       0.000       0.000        0.000       0.000       0.000       0.000       0.000       0.000                            0.2653E-06  0.2653E-06   0.000    
  24883200.0   10.54569375   10.6501   0.000       0.000      0.1044E-02  0.2465E-06 -0.1920E-01  0.1815E-01   0.000       0.000       0.000       0.000        0.000       0.000       0.000       0.000       0.000       0.000                            0.2465E-06  0.2465E-06   0.000    
  24969600.0   10.54600645   10.6504   0.000       0.000      0.1044E-02 -0.1810E-07 -0.1917E-01  0.1813E-01   0.000       0.000       0.000       0.000        0.000       0.000       0.000       0.000       0.000       0.000                           -0.1810E-07 -0.1810E-07   0.000    
  25056000.0   10.54132180   10.6453   0.000       0.000      0.1040E-02  0.2711E-06 -0.1910E-01  0.1806E-01   0.000       0.000       0.000       0.000        0.000       0.000       0.000       0.000       0.000       0.000                            0.2711E-06  0.2711E-06   0.000    
  25142400.0   10.53677396   10.6403   0.000       0.000      0.1035E-02  0.2632E-06 -0.1903E-01  0.1800E-01   0.000       0.000       0.000       0.000        0.000       0.000       0.000       0.000       0.000       0.000                            0.2632E-06  0.2632E-06   0.000    
  25228800.0   10.54135372   10.6453   0.000       0.000      0.1039E-02 -0.2650E-06 -0.1906E-01  0.1802E-01   0.000       0.000       0.000       0.000        0.000       0.000       0.000       0.000       0.000       0.000                           -0.2650E-06 -0.2650E-06   0.000    
  25315200.0   10.53711622   10.6407   0.000       0.000      0.1035E-02  0.2452E-06 -0.1899E-01  0.1795E-01   0.000       0.000       0.000       0.000        0.000       0.000       0.000       0.000       0.000       0.000                            0.2452E-06  0.2452E-06   0.000    
  25401600.0   10.53768303   10.6413   0.000       0.000      0.1036E-02 -0.3280E-07 -0.1898E-01  0.1795E-01   0.000       0.000       0.000       0.000        0.000       0.000       0.000       0.000       0.000       0.000                           -0.3280E-07 -0.3280E-07   0.000    
  25488000.0   10.53781530   10.6414   0.000       0.000      0.1036E-02 -0.7654E-08 -0.1896E-01  0.1793E-01   0.000       0.000       0.000       0.000        0.000       0.000       0.000       0.000       0.000       0.000                           -0.7654E-08 -0.7654E-08   0.000    
  25574400.0   10.54087237   10.6448   0.000       0.000      0.1039E-02 -0.1769E-06 -0.1898E-01  0.1794E-01   0.000       0.000       0.000       0.000        0.000       0.000       0.000       0.000       0.000       0.000                           -0.1769E-06 -0.1769E-06   0.000    
  25660800.0   10.53716606   10.6408   0.000       0.000      0.1036E-02  0.2145E-06 -0.1893E-01  0.1789E-01   0.000       0.000       0.000       0.000        0.000       0.000       0.000       0.000       0.000       0.000                            0.2145E-06  0.2145E-06   0.000    
  25747200.0   10.54399605   10.6482   0.000       0.000      0.1042E-02 -0.3953E-06 -0.1899E-01  0.1794E-01   0.000       0.000       0.000       0.000        0.000       0.000       0.000       0.000       0.000       0.000                           -0.3953E-06 -0.3953E-06   0.000    
  25833600.0   10.58200469   10.6896   0.000       0.000      0.1076E-02 -0.2200E-05 -0.1935E-01  0.1828E-01   0.000       0.000       0.000       0.000        0.000       0.000       0.000       0.000       0.000       0.000                           -0.2200E-05 -0.2200E-05   0.000    
  25920000.0   10.63314380   10.7452   0.000       0.000      0.1120E-02 -0.2959E-05 -0.1983E-01  0.1872E-01   0.000       0.000       0.000       0.000        0.000       0.000       0.000       0.000       0.000       0.000                           -0.2959E-05 -0.2959E-05   0.000    
  26006400.0   10.68493181   10.8014   0.000       0.000      0.1165E-02 -0.2997E-05 -0.2033E-01  0.1917E-01   0.000       0.000       0.000       0.000        0.000       0.000       0.000       0.000       0.000       0.000                           -0.2997E-05 -0.2997E-05   0.000    
  26092800.0   10.69933278   10.8176   0.000       0.000      0.1183E-02 -0.8334E-06 -0.2052E-01  0.1934E-01   0.000       0.000       0.000       0.000        0.000       0.000       0.000       0.000       0.000       0.000                           -0.8334E-06 -0.8334E-06   0.000    
  26179200.0   10.69495043   10.8135   0.000       0.000      0.1185E-02  0.2536E-06 -0.2057E-01  0.1938E-01   0.000       0.000       0.000       0.000        0.000       0.000       0.000       0.000       0.000       0.000                            0.2536E-06  0.2536E-06   0.000    
  26265600.0   10.68663964   10.8049   0.000       0.000      0.1182E-02  0.4809E-06 -0.2056E-01  0.1938E-01   0.000       0.000       0.000       0.000        0.000       0.000       0.000       0.000       0.000       0.000                            0.4809E-06  0.4809E-06   0.000    
  26352000.0   10.67718831   10.7949   0.000       0.000      0.1177E-02  0.5470E-06 -0.2052E-01  0.1934E-01   0.000       0.000       0.000       0.000        0.000       0.000       0.000       0.000       0.000       0.000                            0.5470E-06  0.5470E-06   0.000    
  26438400.0   10.66754229   10.7846   0.000       0.000      0.1170E-02  0.5582E-06 -0.2046E-01  0.1929E-01   0.000       0.000       0.000       0.000        0.000       0.000       0.000       0.000       0.000       0.000                            0.5582E-06  0.5582E-06   0.000    
  26524800.0   10.65793945   10.7742   0.000       0.000      0.1163E-02  0.5557E-06 -0.2038E-01  0.1922E-01   0.000       0.000       0.000       0.000        0.000       0.000       0.000       0.000       0.000       0.000                            0.5557E-06  0.5557E-06   0.000    
  26611200.0   10.64814553   10.7637   0.000       0.000      0.1155E-02  0.5668E-06 -0.2030E-01  0.1914E-01   0.000       0.000       0.000       0.000        0.000       0.000       0.000       0.000       0.000       0.000                            0.5668E-06  0.5668E-06   0.000    
  26697600.0   10.63887463   10.7536   0.000       0.000      0.1147E-02  0.5365E-06 -0.2021E-01  0.1907E-01   0.000       0.000       0.000       0.000        0.000       0.000       0.000       0.000       0.000       0.000                            0.5365E-06  0.5365E-06   0.000    
  26784000.0   10.62995523   10.7439   0.000       0.000      0.1139E-02  0.5162E-06 -0.2013E-01  0.1899E-01   0.000       0.000       0.000       0.000        0.000       0.000       0.000       0.000       0.000       0.000                            0.5162E-06  0.5162E-06   0.000    
  26870400.0   10.65782917   10.7738   0.000       0.000      0.1160E-02 -0.1613E-05 -0.2037E-01  0.1921E-01   0.000       0.000       0.000       0.000        0.000       0.000       0.000       0.000       0.000       0.000                           -0.1613E-05 -0.1613E-05   0.000    
  26956800.0   10.67577811   10.7933   0.000       0.000      0.1175E-02 -0.1039E-05 -0.2052E-01  0.1935E-01   0.000       0.000       0.000       0.000        0.000       0.000       0.000       0.000       0.000       0.000                           -0.1039E-05 -0.1039E-05   0.000    
  27043200.0   10.69293047   10.8119   0.000       0.000      0.1190E-02 -0.9926E-06 -0.2069E-01  0.1950E-01   0.000       0.000       0.000       0.000        0.000       0.000       0.000       0.000       0.000       0.000                           -0.9926E-06 -0.9926E-06   0.000    
  27129600.0   10.69870080   10.8183   0.000       0.000      0.1196E-02 -0.3339E-06 -0.2077E-01  0.1957E-01   0.000       0.000       0.000       0.000        0.000       0.000       0.000       0.000       0.000       0.000                           -0.3339E-06 -0.3339E-06   0.000    
  27216000.0   10.70863247   10.8292   0.000       0.000      0.1205E-02 -0.5747E-06 -0.2089E-01  0.1968E-01   0.000       0.000       0.000       0.000        0.000       0.000       0.000       0.000       0.000       0.000                           -0.5747E-06 -0.5747E-06   0.000    
  27302400.0   10.73286999   10.8553   0.000       0.000      0.1224E-02 -0.1403E-05 -0.2112E-01  0.1990E-01   0.000       0.000       0.000       0.000        0.000       0.000       0.000       0.000       0.000       0.000                           -0.1403E-05 -0.1403E-05   0.000    
  27388800.0   10.78034733   10.9063   0.000       0.000      0.1260E-02 -0.2748E-05 -0.2154E-01  0.2028E-01   0.000       0.000       0.000       0.000        0.000       0.000       0.000       0.000       0.000       0.000                           -0.2748E-05 -0.2748E-05   0.000    
  27475200.0   10.82220738   10.9514   0.000       0.000      0.1292E-02 -0.2422E-05 -0.2191E-01  0.2062E-01   0.000       0.000       0.000       0.000        0.000       0.000       0.000       0.000       0.000       0.000                           -0.2422E-05 -0.2422E-05   0.000    
  27561600.0   10.82037387   10.9501   0.000       0.000      0.1297E-02  0.1061E-06 -0.2197E-01  0.2067E-01   0.000       0.000       0.000       0.000        0.000       0.000       0.000       0.000       0.000       0.000                            0.1061E-06  0.1061E-06   0.000    
  27648000.0   10.81158713   10.9411   0.000       0.000      0.1295E-02  0.5085E-06 -0.2199E-01  0.2069E-01   0.000       0.000       0.000       0.000        0.000       0.000       0.000       0.000       0.000       0.000                            0.5085E-06  0.5085E-06   0.000    
  27734400.0   10.79909543   10.9279   0.000       0.000      0.1288E-02  0.7229E-06 -0.2194E-01  0.2065E-01   0.000       0.000       0.000       0.000        0.000       0.000       0.000       0.000       0.000       0.000                            0.7229E-06  0.7229E-06   0.000    
  27820800.0   10.78799348   10.9161   0.000       0.000      0.1281E-02  0.6425E-06 -0.2189E-01  0.2060E-01   0.000       0.000       0.000       0.000        0.000       0.000       0.000       0.000       0.000       0.000                            0.6425E-06  0.6425E-06   0.000    
  27907200.0   10.77932168   10.9068   0.000       0.000      0.1275E-02  0.5018E-06 -0.2184E-01  0.2056E-01   0.000       0.000       0.000       0.000        0.000       0.000       0.000       0.000       0.000       0.000                            0.5018E-06  0.5018E-06   0.000    
  27993600.0   10.79977757   10.9285   0.000       0.000      0.1287E-02 -0.1184E-05 -0.2201E-01  0.2072E-01   0.000       0.000       0.000       0.000        0.000       0.000       0.000       0.000       0.000       0.000                           -0.1184E-05 -0.1184E-05   0.000    
  28080000.0   10.83095435   10.9618   0.000       0.000      0.1309E-02 -0.1804E-05 -0.2226E-01  0.2095E-01   0.000       0.000       0.000       0.000        0.000       0.000       0.000       0.000       0.000       0.000                           -0.1804E-05 -0.1804E-05   0.000    
  28166400.0   10.84775201   10.9799   0.000       0.000      0.1322E-02 -0.9721E-06 -0.2242E-01  0.2109E-01   0.000       0.000       0.000       0.000        0.000       0.000       0.000       0.000       0.000       0.000                           -0.9721E-06 -0.9721E-06   0.000    
  28252800.0   10.84115600   10.9732   0.000       0.000      0.1321E-02  0.3817E-06 -0.2242E-01  0.2109E-01   0.000       0.000       0.000       0.000        0.000       0.000       0.000       0.000       0.000       0.000                            0.3817E-06  0.3817E-06   0.000    
  28339200.0   10.82956185   10.9610   0.000       0.000      0.1314E-02  0.6710E-06 -0.2238E-01  0.2106E-01   0.000       0.000       0.000       0.000        0.000       0.000       0.000       0.000       0.000       0.000                            0.6710E-06  0.6710E-06   0.000    
  28425600.0   10.81641914   10.9470   0.000       0.000      0.1306E-02  0.7606E-06 -0.2230E-01  0.2099E-01   0.000       0.000       0.000       0.000        0.000       0.000       0.000       0.000       0.000       0.000                            0.7606E-06  0.7606E-06   0.000    
  28512000.0   10.80290876   10.9325   0.000       0.000      0.1295E-02  0.7819E-06 -0.2221E-01  0.2091E-01   0.000       0.000       0.000       0.000        0.000       0.000       0.000       0.000       0.000       0.000                            0.7819E-06  0.7819E-06   0.000    
  28598400.0   10.78944548   10.9179   0.000       0.000      0.1285E-02  0.7791E-06 -0.2210E-01  0.2082E-01   0.000       0.000       0.000       0.000        0.000       0.000       0.000       0.000       0.000       0.000                            0.7791E-06  0.7791E-06   0.000    
  28684800.0   10.77628121   10.9037   0.000       0.000      0.1274E-02  0.7618E-06 -0.2199E-01  0.2072E-01   0.000       0.000       0.000       0.000        0.000       0.000       0.000       0.000       0.000       0.000                            0.7618E-06  0.7618E-06   0.000    
  28771200.0   10.76349302   10.8898   0.000       0.000      0.1263E-02  0.7401E-06 -0.2188E-01  0.2061E-01   0.000       0.000       0.000       0.000        0.000       0.000       0.000       0.000       0.000       0.000                            0.7401E-06  0.7401E-06   0.000    
  28857600.0   10.75114628   10.8764   0.000       0.000      0.1253E-02  0.7145E-06 -0.2176E-01  0.2051E-01   0.000       0.000       0.000       0.000        0.000       0.000       0.000       0.000       0.000       0.000                            0.7145E-06  0.7145E-06   0.000    
  28944000.0   10.73912746   10.8633   0.000       0.000      0.1242E-02  0.6955E-06 -0.2164E-01  0.2040E-01   0.000       0.000       0.000       0.000        0.000       0.000       0.000       0.000       0.000       0.000                            0.6955E-06  0.6955E-06   0.000    
  29030400.0   10.72740491   10.8505   0.000       0.000      0.1231E-02  0.6784E-06 -0.2152E-01  0.2029E-01   0.000       0.000       0.000       0.000        0.000       0.000       0.000       0.000       0.000       0.000                            0.6784E-06  0.6784E-06   0.000    
  29116800.0   10.71612296   10.8382   0.000       0.000      0.1220E-02  0.6529E-06 -0.2140E-01  0.2018E-01   0.000       0.000       0.000       0.000        0.000       0.000       0.000       0.000       0.000       0.000                            0.6529E-06  0.6529E-06   0.000    
  29203200.0   10.70506239   10.8261   0.000       0.000      0.1210E-02  0.6401E-06 -0.2128E-01  0.2007E-01   0.000       0.000       0.000       0.000        0.000       0.000       0.000       0.000       0.000       0.000                            0.6401E-06  0.6401E-06   0.000    
  29289600.0   10.69443880   10.8144   0.000       0.000      0.1200E-02  0.6148E-06 -0.2116E-01  0.1996E-01   0.000       0.000       0.000       0.000        0.000       0.000       0.000       0.000       0.000       0.000                            0.6148E-06  0.6148E-06   0.000    
  29376000.0   10.68429828   10.8033   0.000       0.000      0.1190E-02  0.5868E-06 -0.2104E-01  0.1985E-01   0.000       0.000       0.000       0.000        0.000       0.000       0.000       0.000       0.000       0.000                            0.5868E-06  0.5868E-06   0.000    
  29462400.0   10.67463311   10.7927   0.000       0.000      0.1180E-02  0.5593E-06 -0.2093E-01  0.1975E-01   0.000       0.000       0.000       0.000        0.000       0.000       0.000       0.000       0.000       0.000                            0.5593E-06  0.5593E-06   0.000    
  29548800.0   10.66531025   10.7824   0.000       0.000      0.1171E-02  0.5395E-06 -0.2081E-01  0.1964E-01   0.000       0.000       0.000       0.000        0.000       0.000       0.000       0.000       0.000       0.000                            0.5395E-06  0.5395E-06   0.000    
  29635200.0   10.65630198   10.7725   0.000       0.000      0.1162E-02  0.5213E-06 -0.2070E-01  0.1954E-01   0.000       0.000       0.000       0.000        0.000       0.000       0.000       0.000       0.000       0.000                            0.5213E-06  0.5213E-06   0.000    
  29721600.0   10.64761521   10.7629   0.000       0.000      0.1153E-02  0.5027E-06 -0.2059E-01  0.1943E-01   0.000       0.000       0.000       0.000        0.000       0.000       0.000       0.000       0.000       0.000                            0.5027E-06  0.5027E-06   0.000    
  29808000.0   10.63914867   10.7536   0.000       0.000      0.1144E-02  0.4900E-06 -0.2048E-01  0.1933E-01   0.000       0.000       0.000       0.000        0.000       0.000       0.000       0.000       0.000       0.000                            0.4900E-06  0.4900E-06   0.000    
  29894400.0   10.63093764   10.7445   0.000       0.000      0.1136E-02  0.4752E-06 -0.2037E-01  0.1923E-01   0.000       0.000       0.000       0.000        0.000       0.000       0.000       0.000       0.000       0.000                            0.4752E-06  0.4752E-06   0.000    
  29980800.0   10.62297030   10.7357   0.000       0.000      0.1128E-02  0.4611E-06 -0.2026E-01  0.1913E-01   0.000       0.000       0.000       0.000        0.000       0.000       0.000       0.000       0.000       0.000                            0.4611E-06  0.4611E-06   0.000    
  30067200.0   10.61531182   10.7273   0.000       0.000      0.1120E-02  0.4432E-06 -0.2015E-01  0.1903E-01   0.000       0.000       0.000       0.000        0.000       0.000       0.000       0.000       0.000       0.000                            0.4432E-06  0.4432E-06   0.000    
  30153600.0   10.60792360   10.7191   0.000       0.000      0.1112E-02  0.4276E-06 -0.2005E-01  0.1894E-01   0.000       0.000       0.000       0.000        0.000       0.000       0.000       0.000       0.000       0.000                            0.4276E-06  0.4276E-06   0.000    
  30240000.0   10.60079543   10.7112   0.000       0.000      0.1104E-02  0.4125E-06 -0.1995E-01  0.1884E-01   0.000       0.000       0.000       0.000        0.000       0.000       0.000       0.000       0.000       0.000                            0.4125E-06  0.4125E-06   0.000    
  30326400.0   10.59387558   10.7036   0.000       0.000      0.1097E-02  0.4005E-06 -0.1985E-01  0.1875E-01   0.000       0.000       0.000       0.000        0.000       0.000       0.000       0.000       0.000       0.000                            0.4005E-06  0.4005E-06   0.000    
  30412800.0   10.58716732   10.6962   0.000       0.000      0.1090E-02  0.3882E-06 -0.1975E-01  0.1866E-01   0.000       0.000       0.000       0.000        0.000       0.000       0.000       0.000       0.000       0.000                            0.3882E-06  0.3882E-06   0.000    
  30499200.0   10.58067789   10.6890   0.000       0.000      0.1083E-02  0.3755E-06 -0.1965E-01  0.1857E-01   0.000       0.000       0.000       0.000        0.000       0.000       0.000       0.000       0.000       0.000                            0.3755E-06  0.3755E-06   0.000    
  30585600.0   10.57438315   10.6820   0.000       0.000      0.1076E-02  0.3643E-06 -0.1956E-01  0.1848E-01   0.000       0.000       0.000       0.000        0.000       0.000       0.000       0.000       0.000       0.000                            0.3643E-06  0.3643E-06   0.000    
  30672000.0   10.56828345   10.6753   0.000       0.000      0.1070E-02  0.3530E-06 -0.1946E-01  0.1839E-01   0.000       0.000       0.000       0.000        0.000       0.000       0.000       0.000       0.000       0.000                            0.3530E-06  0.3530E-06   0.000    
  30758400.0   10.56236756   10.6687   0.000       0.000      0.1064E-02  0.3424E-06 -0.1937E-01  0.1831E-01   0.000       0.000       0.000       0.000        0.000       0.000       0.000       0.000       0.000       0.000                            0.3424E-06  0.3424E-06   0.000    
  30844800.0   10.55662468   10.6624   0.000       0.000      0.1057E-02  0.3323E-06 -0.1928E-01  0.1822E-01   0.000       0.000       0.000       0.000        0.000       0.000       0.000       0.000       0.000       0.000                            0.3323E-06  0.3323E-06   0.000    
  30931200.0   10.55103484   10.6562   0.000       0.000      0.1051E-02  0.3235E-06 -0.1919E-01  0.1814E-01   0.000       0.000       0.000       0.000        0.000       0.000       0.000       0.000       0.000       0.000                            0.3235E-06  0.3235E-06   0.000    
  31017600.0   10.54559216   10.6501   0.000       0.000      0.1046E-02  0.3150E-06 -0.1910E-01  0.1806E-01   0.000       0.000       0.000       0.000        0.000       0.000       0.000       0.000       0.000       0.000                            0.3150E-06  0.3150E-06   0.000    
  31104000.0   10.54030077   10.6443   0.000       0.000      0.1040E-02  0.3062E-06 -0.1902E-01  0.1798E-01   0.000       0.000       0.000       0.000        0.000       0.000       0.000       0.000       0.000       0.000                            0.3062E-06  0.3062E-06   0.000    
  31190400.0   10.53515276   10.6386   0.000       0.000      0.1034E-02  0.2979E-06 -0.1893E-01  0.1790E-01   0.000       0.000       0.000       0.000        0.000       0.000       0.000       0.000       0.000       0.000                            0.2979E-06  0.2979E-06   0.000    
  31276800.0   10.53095255   10.6339   0.000       0.000      0.1030E-02  0.2431E-06 -0.1886E-01  0.1783E-01   0.000       0.000       0.000       0.000        0.000       0.000       0.000       0.000       0.000       0.000                            0.2431E-06  0.2431E-06   0.000    
  31363200.0   10.52597118   10.6284   0.000       0.000      0.1024E-02  0.2883E-06 -0.1878E-01  0.1775E-01   0.000       0.000       0.000       0.000        0.000       0.000       0.000       0.000       0.000       0.000                            0.2883E-06  0.2883E-06   0.000    
  31449600.0   10.52113273   10.6230   0.000       0.000      0.1019E-02  0.2800E-06 -0.1870E-01  0.1768E-01   0.000       0.000       0.000       0.000        0.000       0.000       0.000       0.000       0.000       0.000                            0.2800E-06  0.2800E-06   0.000    
  31536000.0   10.51642250   10.6178   0.000       0.000      0.1014E-02  0.2726E-06 -0.1862E-01  0.1760E-01   0.000       0.000       0.000       0.000        0.000       0.000       0.000       0.000       0.000       0.000                            0.2726E-06  0.2726E-06   0.000    
  31622400.0   10.51142043   10.6123   0.000       0.000      0.1009E-02  0.2895E-06 -0.1853E-01  0.1753E-01   0.000       0.000       0.000       0.000        0.000       0.000       0.000       0.000       0.000       0.000                            0.2895E-06  0.2895E-06   0.000    
