   TOTIM (T)          HCON      HMAT     QDIR      QWELL        QMAT QCADS<->CON       QTUB1       QTUB2       QTUB3       QTUB4       QTUB5       QTUB6       NSTOR        QFIX        QLH     FHLQ (LQ)      CAUCHY CAUCHY (LQ) BREAK-DOWN CADS FLOW  QCADS<->CON    Q_CDSSTO    Q_CDSRCH
     86400.0   10.32880520   10.3894   0.000       0.000      0.6059E-03   0.000     -0.1999      0.1993       0.000       0.000       0.000       0.000        0.000       0.000       0.000       0.000       0.000       0.000                             0.000       0.000       0.000    
    172800.0   10.32164589   10.3779   0.000       0.000      0.5622E-03  0.4143E-06 -0.1972      0.1967       0.000       0.000       0.000       0.000      -0.3147E-05   0.000       0.000       0.000       0.000       0.000                            0.4143E-06  0.4143E-06   0.000    
    259200.0   10.32240755   10.3800   0.000       0.000      0.5756E-03 -0.4408E-07 -0.1973      0.1968       0.000       0.000       0.000       0.000       0.3372E-06   0.000       0.000       0.000       0.000       0.000                           -0.4408E-07 -0.4408E-07   0.000    
    345600.0   10.32206067   10.3795   0.000       0.000      0.5748E-03  0.2007E-07 -0.1971      0.1965       0.000       0.000       0.000       0.000      -0.1535E-06   0.000       0.000       0.000       0.000       0.000                            0.2007E-07  0.2007E-07   0.000    
    432000.0   10.32706851   10.3877   0.000       0.000      0.6065E-03 -0.2898E-06 -0.1988      0.1982       0.000       0.000       0.000       0.000       0.2204E-05   0.000       0.000       0.000       0.000       0.000                           -0.2898E-06 -0.2898E-06   0.000    
    518400.0   10.32958982   10.3912   0.000       0.000      0.6166E-03 -0.1459E-06 -0.1998      0.1992       0.000       0.000       0.000       0.000       0.1100E-05   0.000       0.000       0.000       0.000       0.000                           -0.1459E-06 -0.1459E-06   0.000    
    604800.0   10.33001930   10.3915   0.000       0.000      0.6152E-03 -0.2485E-07 -0.2001      0.1995       0.000       0.000       0.000       0.000       0.1868E-06   0.000       0.000       0.000       0.000       0.000                           -0.2485E-07 -0.2485E-07   0.000    
    691200.0   10.33709499   10.4028   0.000       0.000      0.6566E-03 -0.4095E-06 -0.2028      0.2021       0.000       0.000       0.000       0.000       0.3050E-05   0.000       0.000       0.000       0.000       0.000                           -0.4095E-06 -0.4095E-06   0.000    
    777600.0   10.35598657   10.4324   0.000       0.000      0.7637E-03 -0.1093E-05 -0.2098      0.2090       0.000       0.000       0.000       0.000       0.7879E-05   0.000       0.000       0.000       0.000       0.000                           -0.1093E-05 -0.1093E-05   0.000    
    864000.0   10.38256756   10.4727   0.000       0.000      0.9016E-03 -0.1538E-05 -0.2196      0.2187       0.000       0.000       0.000       0.000       0.1036E-04   0.000       0.000       0.000       0.000       0.000                           -0.1538E-05 -0.1538E-05   0.000    
    950400.0   10.39157814   10.4833   0.000       0.000      0.9175E-03 -0.5214E-06 -0.2239      0.2230       0.000       0.000       0.000       0.000       0.3301E-05   0.000       0.000       0.000       0.000       0.000                           -0.5214E-06 -0.5214E-06   0.000    
   1036800.0   10.41928937   10.5257   0.000       0.000      0.1064E-02 -0.1604E-05 -0.2339      0.2328       0.000       0.000       0.000       0.000       0.9375E-05   0.000       0.000       0.000       0.000       0.000                           -0.1604E-05 -0.1604E-05   0.000    
   1123200.0   10.47145144   10.6038   0.000       0.000      0.1323E-02 -0.3019E-05 -0.2507      0.2494       0.000       0.000       0.000       0.000       0.1357E-04   0.000       0.000       0.000       0.000       0.000                           -0.3019E-05 -0.3019E-05   0.000    
   1209600.0   10.45529772   10.5712   0.000       0.000      0.1160E-02  0.9348E-06 -0.2489      0.2478       0.000       0.000       0.000       0.000      -0.3504E-05   0.000       0.000       0.000       0.000       0.000                            0.9348E-06  0.9348E-06   0.000    
   1296000.0   10.44302120   10.5509   0.000       0.000      0.1079E-02  0.7104E-06 -0.2467      0.2456       0.000       0.000       0.000       0.000      -0.3119E-05   0.000       0.000       0.000       0.000       0.000                            0.7104E-06  0.7104E-06   0.000    
   1382400.0   10.43313035   10.5355   0.000       0.000      0.1024E-02  0.5724E-06 -0.2443      0.2432       0.000       0.000       0.000       0.000      -0.2758E-05   0.000       0.000       0.000       0.000       0.000                            0.5724E-06  0.5724E-06   0.000    
   1468800.0   10.42470398   10.5224   0.000       0.000      0.9774E-03  0.4876E-06 -0.2419      0.2409       0.000       0.000       0.000       0.000      -0.2506E-05   0.000       0.000       0.000       0.000       0.000                            0.4876E-06  0.4876E-06   0.000    
   1555200.0   10.41627587   10.5095   0.000       0.000      0.9323E-03  0.4877E-06 -0.2392      0.2383       0.000       0.000       0.000       0.000      -0.2639E-05   0.000       0.000       0.000       0.000       0.000                            0.4877E-06  0.4877E-06   0.000    
   1641600.0   10.40818937   10.4972   0.000       0.000      0.8905E-03  0.4680E-06 -0.2365      0.2356       0.000       0.000       0.000       0.000      -0.2648E-05   0.000       0.000       0.000       0.000       0.000                            0.4680E-06  0.4680E-06   0.000    
   1728000.0   10.40172719   10.4876   0.000       0.000      0.8592E-03  0.3740E-06 -0.2341      0.2332       0.000       0.000       0.000       0.000      -0.2193E-05   0.000       0.000       0.000       0.000       0.000                            0.3740E-06  0.3740E-06   0.000    
   1814400.0   10.39628464   10.4795   0.000       0.000      0.8324E-03  0.3150E-06 -0.2320      0.2312       0.000       0.000       0.000       0.000      -0.1898E-05   0.000       0.000       0.000       0.000       0.000                            0.3150E-06  0.3150E-06   0.000    
   1900800.0   10.38991767   10.4699   0.000       0.000      0.8001E-03  0.3685E-06 -0.2295      0.2287       0.000       0.000       0.000       0.000      -0.2277E-05   0.000       0.000       0.000       0.000       0.000                            0.3685E-06  0.3685E-06   0.000    
   1987200.0   10.38442094   10.4617   0.000       0.000      0.7728E-03  0.3181E-06 -0.2273      0.2266       0.000       0.000       0.000       0.000      -0.2013E-05   0.000       0.000       0.000       0.000       0.000                            0.3181E-06  0.3181E-06   0.000    
   2073600.0   10.38003583   10.4553   0.000       0.000      0.7531E-03  0.2538E-06 -0.2255      0.2247       0.000       0.000       0.000       0.000      -0.1636E-05   0.000       0.000       0.000       0.000       0.000                            0.2538E-06  0.2538E-06   0.000    
   2160000.0   10.37467495   10.4473   0.000       0.000      0.7261E-03  0.3102E-06 -0.2233      0.2226       0.000       0.000       0.000       0.000      -0.2035E-05   0.000       0.000       0.000       0.000       0.000                            0.3102E-06  0.3102E-06   0.000    
   2246400.0   10.36950512   10.4396   0.000       0.000      0.7011E-03  0.2992E-06 -0.2211      0.2204       0.000       0.000       0.000       0.000      -0.1998E-05   0.000       0.000       0.000       0.000       0.000                            0.2992E-06  0.2992E-06   0.000    
   2332800.0   10.36442706   10.4322   0.000       0.000      0.6779E-03  0.2939E-06 -0.2189      0.2183       0.000       0.000       0.000       0.000      -0.1996E-05   0.000       0.000       0.000       0.000       0.000                            0.2939E-06  0.2939E-06   0.000    
   2419200.0   10.35960145   10.4252   0.000       0.000      0.6557E-03  0.2793E-06 -0.2169      0.2162       0.000       0.000       0.000       0.000      -0.1926E-05   0.000       0.000       0.000       0.000       0.000                            0.2793E-06  0.2793E-06   0.000    
   2505600.0   10.35801854   10.4235   0.000       0.000      0.6545E-03  0.9160E-07 -0.2159      0.2152       0.000       0.000       0.000       0.000      -0.6380E-06   0.000       0.000       0.000       0.000       0.000                            0.9160E-07  0.9160E-07   0.000    
   2592000.0   10.35499001   10.4189   0.000       0.000      0.6395E-03  0.1753E-06 -0.2145      0.2138       0.000       0.000       0.000       0.000      -0.1229E-05   0.000       0.000       0.000       0.000       0.000                            0.1753E-06  0.1753E-06   0.000    
   2678400.0   10.36336276   10.4331   0.000       0.000      0.6974E-03 -0.4845E-06 -0.2171      0.2164       0.000       0.000       0.000       0.000       0.3371E-05   0.000       0.000       0.000       0.000       0.000                           -0.4845E-06 -0.4845E-06   0.000    
   2764800.0   10.39273944   10.4800   0.000       0.000      0.8723E-03 -0.1700E-05 -0.2270      0.2261       0.000       0.000       0.000       0.000       0.1112E-04   0.000       0.000       0.000       0.000       0.000                           -0.1700E-05 -0.1700E-05   0.000    
   2851200.0   10.46381232   10.5896   0.000       0.000      0.1258E-02 -0.4113E-05 -0.2495      0.2483       0.000       0.000       0.000       0.000       0.2096E-04   0.000       0.000       0.000       0.000       0.000                           -0.4113E-05 -0.4113E-05   0.000    
   2937600.0   10.44080133   10.5439   0.000       0.000      0.1031E-02  0.1332E-05 -0.2458      0.2447       0.000       0.000       0.000       0.000      -0.5661E-05   0.000       0.000       0.000       0.000       0.000                            0.1332E-05  0.1332E-05   0.000    
   3024000.0   10.44039150   10.5430   0.000       0.000      0.1026E-02  0.2372E-07 -0.2467      0.2457       0.000       0.000       0.000       0.000      -0.1121E-06   0.000       0.000       0.000       0.000       0.000                            0.2372E-07  0.2372E-07   0.000    
   3110400.0   10.43902063   10.5401   0.000       0.000      0.1011E-02  0.7933E-07 -0.2470      0.2460       0.000       0.000       0.000       0.000      -0.3777E-06   0.000       0.000       0.000       0.000       0.000                            0.7933E-07  0.7933E-07   0.000    
   3196800.0   10.43284316   10.5298   0.000       0.000      0.9692E-03  0.3575E-06 -0.2456      0.2446       0.000       0.000       0.000       0.000      -0.1751E-05   0.000       0.000       0.000       0.000       0.000                            0.3575E-06  0.3575E-06   0.000    
   3283200.0   10.42537707   10.5178   0.000       0.000      0.9245E-03  0.4321E-06 -0.2435      0.2426       0.000       0.000       0.000       0.000      -0.2217E-05   0.000       0.000       0.000       0.000       0.000                            0.4321E-06  0.4321E-06   0.000    
   3369600.0   10.42670762   10.5206   0.000       0.000      0.9385E-03 -0.7700E-07 -0.2439      0.2430       0.000       0.000       0.000       0.000       0.4030E-06   0.000       0.000       0.000       0.000       0.000                           -0.7700E-07 -0.7700E-07   0.000    
   3456000.0   10.43213604   10.5291   0.000       0.000      0.9693E-03 -0.3141E-06 -0.2456      0.2446       0.000       0.000       0.000       0.000       0.1609E-05   0.000       0.000       0.000       0.000       0.000                           -0.3141E-06 -0.3141E-06   0.000    
   3542400.0   10.44043703   10.5412   0.000       0.000      0.1008E-02 -0.4804E-06 -0.2484      0.2474       0.000       0.000       0.000       0.000       0.2346E-05   0.000       0.000       0.000       0.000       0.000                           -0.4804E-06 -0.4804E-06   0.000    
   3628800.0   10.44225426   10.5426   0.000       0.000      0.1004E-02 -0.1052E-06 -0.2494      0.2484       0.000       0.000       0.000       0.000       0.4942E-06   0.000       0.000       0.000       0.000       0.000                           -0.1052E-06 -0.1052E-06   0.000    
   3715200.0   10.43635116   10.5323   0.000       0.000      0.9592E-03  0.3416E-06 -0.2480      0.2471       0.000       0.000       0.000       0.000      -0.1631E-05   0.000       0.000       0.000       0.000       0.000                            0.3416E-06  0.3416E-06   0.000    
   3801600.0   10.43754442   10.5343   0.000       0.000      0.9671E-03 -0.6905E-07 -0.2485      0.2475       0.000       0.000       0.000       0.000       0.3357E-06   0.000       0.000       0.000       0.000       0.000                           -0.6905E-07 -0.6905E-07   0.000    
   3888000.0   10.44214736   10.5412   0.000       0.000      0.9901E-03 -0.2664E-06 -0.2500      0.2490       0.000       0.000       0.000       0.000       0.1267E-05   0.000       0.000       0.000       0.000       0.000                           -0.2664E-06 -0.2664E-06   0.000    
   3974400.0   10.45276175   10.5570   0.000       0.000      0.1043E-02 -0.6143E-06 -0.2534      0.2523       0.000       0.000       0.000       0.000       0.2740E-05   0.000       0.000       0.000       0.000       0.000                           -0.6143E-06 -0.6143E-06   0.000    
   4060800.0   10.46018357   10.5671   0.000       0.000      0.1069E-02 -0.4295E-06 -0.2560      0.2549       0.000       0.000       0.000       0.000       0.1752E-05   0.000       0.000       0.000       0.000       0.000                           -0.4295E-06 -0.4295E-06   0.000    
   4147200.0   10.45347002   10.5547   0.000       0.000      0.1012E-02  0.3885E-06 -0.2548      0.2537       0.000       0.000       0.000       0.000      -0.1579E-05   0.000       0.000       0.000       0.000       0.000                            0.3885E-06  0.3885E-06   0.000    
   4233600.0   10.44534310   10.5418   0.000       0.000      0.9646E-03  0.4703E-06 -0.2526      0.2517       0.000       0.000       0.000       0.000      -0.2061E-05   0.000       0.000       0.000       0.000       0.000                            0.4703E-06  0.4703E-06   0.000    
   4320000.0   10.43963607   10.5331   0.000       0.000      0.9345E-03  0.3303E-06 -0.2509      0.2500       0.000       0.000       0.000       0.000      -0.1538E-05   0.000       0.000       0.000       0.000       0.000                            0.3303E-06  0.3303E-06   0.000    
   4406400.0   10.43366782   10.5241   0.000       0.000      0.9041E-03  0.3454E-06 -0.2489      0.2480       0.000       0.000       0.000       0.000      -0.1682E-05   0.000       0.000       0.000       0.000       0.000                            0.3454E-06  0.3454E-06   0.000    
   4492800.0   10.42932321   10.5177   0.000       0.000      0.8836E-03  0.2514E-06 -0.2474      0.2465       0.000       0.000       0.000       0.000      -0.1270E-05   0.000       0.000       0.000       0.000       0.000                            0.2514E-06  0.2514E-06   0.000    
   4579200.0   10.42351485   10.5088   0.000       0.000      0.8527E-03  0.3361E-06 -0.2453      0.2445       0.000       0.000       0.000       0.000      -0.1755E-05   0.000       0.000       0.000       0.000       0.000                            0.3361E-06  0.3361E-06   0.000    
   4665600.0   10.41747835   10.4998   0.000       0.000      0.8228E-03  0.3493E-06 -0.2431      0.2423       0.000       0.000       0.000       0.000      -0.1890E-05   0.000       0.000       0.000       0.000       0.000                            0.3493E-06  0.3493E-06   0.000    
   4752000.0   10.42871864   10.5187   0.000       0.000      0.8997E-03 -0.6505E-06 -0.2462      0.2453       0.000       0.000       0.000       0.000       0.3465E-05   0.000       0.000       0.000       0.000       0.000                           -0.6505E-06 -0.6505E-06   0.000    
   4838400.0   10.44280778   10.5401   0.000       0.000      0.9725E-03 -0.8153E-06 -0.2505      0.2495       0.000       0.000       0.000       0.000       0.3996E-05   0.000       0.000       0.000       0.000       0.000                           -0.8153E-06 -0.8153E-06   0.000    
   4924800.0   10.45752328   10.5614   0.000       0.000      0.1038E-02 -0.8516E-06 -0.2552      0.2542       0.000       0.000       0.000       0.000       0.3702E-05   0.000       0.000       0.000       0.000       0.000                           -0.8516E-06 -0.8516E-06   0.000    
   5011200.0   10.46550682   10.5713   0.000       0.000      0.1058E-02 -0.4620E-06 -0.2583      0.2572       0.000       0.000       0.000       0.000       0.1777E-05   0.000       0.000       0.000       0.000       0.000                           -0.4620E-06 -0.4620E-06   0.000    
   5097600.0   10.45763571   10.5573   0.000       0.000      0.9962E-03  0.4555E-06 -0.2568      0.2558       0.000       0.000       0.000       0.000      -0.1750E-05   0.000       0.000       0.000       0.000       0.000                            0.4555E-06  0.4555E-06   0.000    
   5184000.0   10.44950767   10.5442   0.000       0.000      0.9473E-03  0.4704E-06 -0.2548      0.2539       0.000       0.000       0.000       0.000      -0.1979E-05   0.000       0.000       0.000       0.000       0.000                            0.4704E-06  0.4704E-06   0.000    
   5270400.0   10.44309818   10.5347   0.000       0.000      0.9161E-03  0.3709E-06 -0.2529      0.2519       0.000       0.000       0.000       0.000      -0.1672E-05   0.000       0.000       0.000       0.000       0.000                            0.3709E-06  0.3709E-06   0.000    
   5356800.0   10.43647541   10.5246   0.000       0.000      0.8812E-03  0.3833E-06 -0.2508      0.2499       0.000       0.000       0.000       0.000      -0.1823E-05   0.000       0.000       0.000       0.000       0.000                            0.3833E-06  0.3833E-06   0.000    
   5443200.0   10.44119757   10.5330   0.000       0.000      0.9177E-03 -0.2733E-06 -0.2518      0.2509       0.000       0.000       0.000       0.000       0.1310E-05   0.000       0.000       0.000       0.000       0.000                           -0.2733E-06 -0.2733E-06   0.000    
   5529600.0   10.44600962   10.5402   0.000       0.000      0.9419E-03 -0.2785E-06 -0.2532      0.2523       0.000       0.000       0.000       0.000       0.1285E-05   0.000       0.000       0.000       0.000       0.000                           -0.2785E-06 -0.2785E-06   0.000    
   5616000.0   10.45083070   10.5470   0.000       0.000      0.9614E-03 -0.2790E-06 -0.2548      0.2538       0.000       0.000       0.000       0.000       0.1234E-05   0.000       0.000       0.000       0.000       0.000                           -0.2790E-06 -0.2790E-06   0.000    
   5702400.0   10.45337693   10.5501   0.000       0.000      0.9669E-03 -0.1474E-06 -0.2558      0.2548       0.000       0.000       0.000       0.000       0.6293E-06   0.000       0.000       0.000       0.000       0.000                           -0.1474E-06 -0.1474E-06   0.000    
   5788800.0   10.45072535   10.5451   0.000       0.000      0.9439E-03  0.1534E-06 -0.2553      0.2543       0.000       0.000       0.000       0.000      -0.6557E-06   0.000       0.000       0.000       0.000       0.000                            0.1534E-06  0.1534E-06   0.000    
   5875200.0   10.45075345   10.5450   0.000       0.000      0.9428E-03 -0.1626E-08 -0.2554      0.2544       0.000       0.000       0.000       0.000       0.7038E-08   0.000       0.000       0.000       0.000       0.000                           -0.1626E-08 -0.1626E-08   0.000    
   5961600.0   10.44875842   10.5416   0.000       0.000      0.9286E-03  0.1155E-06 -0.2549      0.2540       0.000       0.000       0.000       0.000      -0.5044E-06   0.000       0.000       0.000       0.000       0.000                            0.1155E-06  0.1155E-06   0.000    
   6048000.0   10.44356103   10.5334   0.000       0.000      0.8981E-03  0.3008E-06 -0.2534      0.2525       0.000       0.000       0.000       0.000      -0.1358E-05   0.000       0.000       0.000       0.000       0.000                            0.3008E-06  0.3008E-06   0.000    
   6134400.0   10.43760429   10.5241   0.000       0.000      0.8651E-03  0.3447E-06 -0.2515      0.2507       0.000       0.000       0.000       0.000      -0.1630E-05   0.000       0.000       0.000       0.000       0.000                            0.3447E-06  0.3447E-06   0.000    
   6220800.0   10.43123946   10.5147   0.000       0.000      0.8343E-03  0.3683E-06 -0.2493      0.2485       0.000       0.000       0.000       0.000      -0.1823E-05   0.000       0.000       0.000       0.000       0.000                            0.3683E-06  0.3683E-06   0.000    
   6307200.0   10.42513952   10.5056   0.000       0.000      0.8044E-03  0.3530E-06 -0.2471      0.2463       0.000       0.000       0.000       0.000      -0.1823E-05   0.000       0.000       0.000       0.000       0.000                            0.3530E-06  0.3530E-06   0.000    
   6393600.0   10.41907399   10.4968   0.000       0.000      0.7773E-03  0.3510E-06 -0.2448      0.2440       0.000       0.000       0.000       0.000      -0.1881E-05   0.000       0.000       0.000       0.000       0.000                            0.3510E-06  0.3510E-06   0.000    
   6480000.0   10.41338918   10.4885   0.000       0.000      0.7510E-03  0.3290E-06 -0.2426      0.2419       0.000       0.000       0.000       0.000      -0.1823E-05   0.000       0.000       0.000       0.000       0.000                            0.3290E-06  0.3290E-06   0.000    
   6566400.0   10.40771717   10.4804   0.000       0.000      0.7267E-03  0.3282E-06 -0.2403      0.2396       0.000       0.000       0.000       0.000      -0.1873E-05   0.000       0.000       0.000       0.000       0.000                            0.3282E-06  0.3282E-06   0.000    
   6652800.0   10.40236325   10.4726   0.000       0.000      0.7029E-03  0.3098E-06 -0.2381      0.2374       0.000       0.000       0.000       0.000      -0.1817E-05   0.000       0.000       0.000       0.000       0.000                            0.3098E-06  0.3098E-06   0.000    
   6739200.0   10.39708650   10.4652   0.000       0.000      0.6813E-03  0.3054E-06 -0.2359      0.2352       0.000       0.000       0.000       0.000      -0.1834E-05   0.000       0.000       0.000       0.000       0.000                            0.3054E-06  0.3054E-06   0.000    
   6825600.0   10.39201820   10.4580   0.000       0.000      0.6594E-03  0.2933E-06 -0.2337      0.2330       0.000       0.000       0.000       0.000      -0.1802E-05   0.000       0.000       0.000       0.000       0.000                            0.2933E-06  0.2933E-06   0.000    
   6912000.0   10.38685677   10.4507   0.000       0.000      0.6388E-03  0.2987E-06 -0.2314      0.2308       0.000       0.000       0.000       0.000      -0.1873E-05   0.000       0.000       0.000       0.000       0.000                            0.2987E-06  0.2987E-06   0.000    
   6998400.0   10.38201971   10.4439   0.000       0.000      0.6186E-03  0.2799E-06 -0.2293      0.2287       0.000       0.000       0.000       0.000      -0.1790E-05   0.000       0.000       0.000       0.000       0.000                            0.2799E-06  0.2799E-06   0.000    
   7084800.0   10.37732024   10.4374   0.000       0.000      0.6005E-03  0.2720E-06 -0.2272      0.2266       0.000       0.000       0.000       0.000      -0.1770E-05   0.000       0.000       0.000       0.000       0.000                            0.2720E-06  0.2720E-06   0.000    
   7171200.0   10.37281082   10.4311   0.000       0.000      0.5833E-03  0.2610E-06 -0.2252      0.2246       0.000       0.000       0.000       0.000      -0.1726E-05   0.000       0.000       0.000       0.000       0.000                            0.2610E-06  0.2610E-06   0.000    
   7257600.0   10.36844475   10.4251   0.000       0.000      0.5668E-03  0.2527E-06 -0.2232      0.2226       0.000       0.000       0.000       0.000      -0.1696E-05   0.000       0.000       0.000       0.000       0.000                            0.2527E-06  0.2527E-06   0.000    
   7344000.0   10.36421273   10.4194   0.000       0.000      0.5516E-03  0.2449E-06 -0.2212      0.2206       0.000       0.000       0.000       0.000      -0.1667E-05   0.000       0.000       0.000       0.000       0.000                            0.2449E-06  0.2449E-06   0.000    
   7430400.0   10.36057676   10.4145   0.000       0.000      0.5394E-03  0.2104E-06 -0.2194      0.2189       0.000       0.000       0.000       0.000      -0.1450E-05   0.000       0.000       0.000       0.000       0.000                            0.2104E-06  0.2104E-06   0.000    
   7516800.0   10.35688281   10.4096   0.000       0.000      0.5269E-03  0.2138E-06 -0.2177      0.2171       0.000       0.000       0.000       0.000      -0.1489E-05   0.000       0.000       0.000       0.000       0.000                            0.2138E-06  0.2138E-06   0.000    
   7603200.0   10.35307032   10.4044   0.000       0.000      0.5130E-03  0.2206E-06 -0.2159      0.2154       0.000       0.000       0.000       0.000      -0.1554E-05   0.000       0.000       0.000       0.000       0.000                            0.2206E-06  0.2206E-06   0.000    
   7689600.0   10.34933077   10.3994   0.000       0.000      0.5006E-03  0.2164E-06 -0.2141      0.2136       0.000       0.000       0.000       0.000      -0.1540E-05   0.000       0.000       0.000       0.000       0.000                            0.2164E-06  0.2164E-06   0.000    
   7776000.0   10.34600920   10.3950   0.000       0.000      0.4900E-03  0.1922E-06 -0.2125      0.2120       0.000       0.000       0.000       0.000      -0.1381E-05   0.000       0.000       0.000       0.000       0.000                            0.1922E-06  0.1922E-06   0.000    
   7862400.0   10.34249818   10.3904   0.000       0.000      0.4787E-03  0.2032E-06 -0.2107      0.2103       0.000       0.000       0.000       0.000      -0.1474E-05   0.000       0.000       0.000       0.000       0.000                            0.2032E-06  0.2032E-06   0.000    
   7948800.0   10.33919060   10.3860   0.000       0.000      0.4679E-03  0.1914E-06 -0.2091      0.2087       0.000       0.000       0.000       0.000      -0.1400E-05   0.000       0.000       0.000       0.000       0.000                            0.1914E-06  0.1914E-06   0.000    
   8035200.0   10.33589989   10.3817   0.000       0.000      0.4581E-03  0.1904E-06 -0.2075      0.2071       0.000       0.000       0.000       0.000      -0.1405E-05   0.000       0.000       0.000       0.000       0.000                            0.1904E-06  0.1904E-06   0.000    
   8121600.0   10.33279517   10.3776   0.000       0.000      0.4484E-03  0.1797E-06 -0.2060      0.2055       0.000       0.000       0.000       0.000      -0.1336E-05   0.000       0.000       0.000       0.000       0.000                            0.1797E-06  0.1797E-06   0.000    
   8208000.0   10.32968329   10.3736   0.000       0.000      0.4395E-03  0.1801E-06 -0.2044      0.2040       0.000       0.000       0.000       0.000      -0.1349E-05   0.000       0.000       0.000       0.000       0.000                            0.1801E-06  0.1801E-06   0.000    
   8294400.0   10.32674839   10.3698   0.000       0.000      0.4307E-03  0.1698E-06 -0.2030      0.2025       0.000       0.000       0.000       0.000      -0.1281E-05   0.000       0.000       0.000       0.000       0.000                            0.1698E-06  0.1698E-06   0.000    
   8380800.0   10.34612287   10.4021   0.000       0.000      0.5600E-03 -0.1121E-05 -0.2096      0.2090       0.000       0.000       0.000       0.000       0.8293E-05   0.000       0.000       0.000       0.000       0.000                           -0.1121E-05 -0.1121E-05   0.000    
   8467200.0   10.34697284   10.4016   0.000       0.000      0.5466E-03 -0.4919E-07 -0.2101      0.2096       0.000       0.000       0.000       0.000       0.3546E-06   0.000       0.000       0.000       0.000       0.000                           -0.4919E-07 -0.4919E-07   0.000    
   8553600.0   10.34679254   10.4011   0.000       0.000      0.5431E-03  0.1043E-07 -0.2102      0.2097       0.000       0.000       0.000       0.000      -0.7514E-07   0.000       0.000       0.000       0.000       0.000                            0.1043E-07  0.1043E-07   0.000    
   8640000.0   10.34499313   10.3983   0.000       0.000      0.5335E-03  0.1041E-06 -0.2096      0.2091       0.000       0.000       0.000       0.000      -0.7519E-06   0.000       0.000       0.000       0.000       0.000                            0.1041E-06  0.1041E-06   0.000    
   8726400.0   10.34260481   10.3949   0.000       0.000      0.5227E-03  0.1382E-06 -0.2087      0.2082       0.000       0.000       0.000       0.000      -0.1004E-05   0.000       0.000       0.000       0.000       0.000                            0.1382E-06  0.1382E-06   0.000    
   8812800.0   10.33989973   10.3911   0.000       0.000      0.5121E-03  0.1565E-06 -0.2076      0.2071       0.000       0.000       0.000       0.000      -0.1144E-05   0.000       0.000       0.000       0.000       0.000                            0.1565E-06  0.1565E-06   0.000    
   8899200.0   10.33651703   10.3863   0.000       0.000      0.4981E-03  0.1958E-06 -0.2062      0.2057       0.000       0.000       0.000       0.000      -0.1442E-05   0.000       0.000       0.000       0.000       0.000                            0.1958E-06  0.1958E-06   0.000    
   8985600.0   10.33592095   10.3862   0.000       0.000      0.5024E-03  0.3450E-07 -0.2058      0.2053       0.000       0.000       0.000       0.000      -0.2553E-06   0.000       0.000       0.000       0.000       0.000                            0.3450E-07  0.3450E-07   0.000    
   9072000.0   10.33952442   10.3925   0.000       0.000      0.5299E-03 -0.2085E-06 -0.2069      0.2064       0.000       0.000       0.000       0.000       0.1538E-05   0.000       0.000       0.000       0.000       0.000                           -0.2085E-06 -0.2085E-06   0.000    
   9158400.0   10.33799455   10.3900   0.000       0.000      0.5196E-03  0.8853E-07 -0.2063      0.2058       0.000       0.000       0.000       0.000      -0.6512E-06   0.000       0.000       0.000       0.000       0.000                            0.8853E-07  0.8853E-07   0.000    
   9244800.0   10.34942220   10.4088   0.000       0.000      0.5935E-03 -0.6613E-06 -0.2103      0.2097       0.000       0.000       0.000       0.000       0.4803E-05   0.000       0.000       0.000       0.000       0.000                           -0.6613E-06 -0.6613E-06   0.000    
   9331200.0   10.37641668   10.4514   0.000       0.000      0.7501E-03 -0.1562E-05 -0.2199      0.2192       0.000       0.000       0.000       0.000       0.1074E-04   0.000       0.000       0.000       0.000       0.000                           -0.1562E-05 -0.1562E-05   0.000    
   9417600.0   10.44132950   10.5523   0.000       0.000      0.1110E-02 -0.3757E-05 -0.2415      0.2404       0.000       0.000       0.000       0.000       0.2148E-04   0.000       0.000       0.000       0.000       0.000                           -0.3757E-05 -0.3757E-05   0.000    
   9504000.0   10.48478165   10.6113   0.000       0.000      0.1265E-02 -0.2515E-05 -0.2561      0.2549       0.000       0.000       0.000       0.000       0.9328E-05   0.000       0.000       0.000       0.000       0.000                           -0.2515E-05 -0.2515E-05   0.000    
   9590400.0   10.46482080   10.5736   0.000       0.000      0.1088E-02  0.1155E-05 -0.2539      0.2528       0.000       0.000       0.000       0.000      -0.3595E-05   0.000       0.000       0.000       0.000       0.000                            0.1155E-05  0.1155E-05   0.000    
   9676800.0   10.44930515   10.5486   0.000       0.000      0.9934E-03  0.8979E-06 -0.2509      0.2499       0.000       0.000       0.000       0.000      -0.3635E-05   0.000       0.000       0.000       0.000       0.000                            0.8979E-06  0.8979E-06   0.000    
   9763200.0   10.43616510   10.5285   0.000       0.000      0.9233E-03  0.7604E-06 -0.2475      0.2466       0.000       0.000       0.000       0.000      -0.3531E-05   0.000       0.000       0.000       0.000       0.000                            0.7604E-06  0.7604E-06   0.000    
   9849600.0   10.42511919   10.5120   0.000       0.000      0.8684E-03  0.6392E-06 -0.2441      0.2433       0.000       0.000       0.000       0.000      -0.3247E-05   0.000       0.000       0.000       0.000       0.000                            0.6392E-06  0.6392E-06   0.000    
   9936000.0   10.43321012   10.5263   0.000       0.000      0.9312E-03 -0.4682E-06 -0.2463      0.2454       0.000       0.000       0.000       0.000       0.2402E-05   0.000       0.000       0.000       0.000       0.000                           -0.4682E-06 -0.4682E-06   0.000    
  10022400.0   10.43872903   10.5342   0.000       0.000      0.9547E-03 -0.3194E-06 -0.2482      0.2472       0.000       0.000       0.000       0.000       0.1564E-05   0.000       0.000       0.000       0.000       0.000                           -0.3194E-06 -0.3194E-06   0.000    
  10108800.0   10.43940126   10.5342   0.000       0.000      0.9479E-03 -0.3890E-07 -0.2488      0.2478       0.000       0.000       0.000       0.000       0.1861E-06   0.000       0.000       0.000       0.000       0.000                           -0.3890E-07 -0.3890E-07   0.000    
  10195200.0   10.44331939   10.5399   0.000       0.000      0.9654E-03 -0.2267E-06 -0.2502      0.2492       0.000       0.000       0.000       0.000       0.1065E-05   0.000       0.000       0.000       0.000       0.000                           -0.2267E-06 -0.2267E-06   0.000    
  10281600.0   10.44475384   10.5412   0.000       0.000      0.9645E-03 -0.8301E-07 -0.2510      0.2500       0.000       0.000       0.000       0.000       0.3816E-06   0.000       0.000       0.000       0.000       0.000                           -0.8301E-07 -0.8301E-07   0.000    
  10368000.0   10.43896395   10.5311   0.000       0.000      0.9215E-03  0.3351E-06 -0.2497      0.2487       0.000       0.000       0.000       0.000      -0.1568E-05   0.000       0.000       0.000       0.000       0.000                            0.3351E-06  0.3351E-06   0.000    
  10454400.0   10.43118425   10.5189   0.000       0.000      0.8774E-03  0.4502E-06 -0.2474      0.2465       0.000       0.000       0.000       0.000      -0.2218E-05   0.000       0.000       0.000       0.000       0.000                            0.4502E-06  0.4502E-06   0.000    
  10540800.0   10.43132481   10.5198   0.000       0.000      0.8848E-03 -0.8134E-08 -0.2473      0.2464       0.000       0.000       0.000       0.000       0.4116E-07   0.000       0.000       0.000       0.000       0.000                           -0.8134E-08 -0.8134E-08   0.000    
  10627200.0   10.43479893   10.5252   0.000       0.000      0.9045E-03 -0.2010E-06 -0.2483      0.2474       0.000       0.000       0.000       0.000       0.1005E-05   0.000       0.000       0.000       0.000       0.000                           -0.2010E-06 -0.2010E-06   0.000    
  10713600.0   10.43462974   10.5244   0.000       0.000      0.8974E-03  0.9791E-08 -0.2483      0.2474       0.000       0.000       0.000       0.000      -0.4837E-07   0.000       0.000       0.000       0.000       0.000                            0.9791E-08  0.9791E-08   0.000    
  10800000.0   10.43058212   10.5176   0.000       0.000      0.8702E-03  0.2342E-06 -0.2472      0.2463       0.000       0.000       0.000       0.000      -0.1174E-05   0.000       0.000       0.000       0.000       0.000                            0.2342E-06  0.2342E-06   0.000    
  10886400.0   10.42480417   10.5084   0.000       0.000      0.8356E-03  0.3344E-06 -0.2454      0.2446       0.000       0.000       0.000       0.000      -0.1732E-05   0.000       0.000       0.000       0.000       0.000                            0.3344E-06  0.3344E-06   0.000    
  10972800.0   10.41804486   10.4981   0.000       0.000      0.8009E-03  0.3912E-06 -0.2431      0.2423       0.000       0.000       0.000       0.000      -0.2105E-05   0.000       0.000       0.000       0.000       0.000                            0.3912E-06  0.3912E-06   0.000    
  11059200.0   10.41069197   10.4870   0.000       0.000      0.7627E-03  0.4255E-06 -0.2405      0.2397       0.000       0.000       0.000       0.000      -0.2381E-05   0.000       0.000       0.000       0.000       0.000                            0.4255E-06  0.4255E-06   0.000    
  11145600.0   10.40357103   10.4764   0.000       0.000      0.7287E-03  0.4121E-06 -0.2378      0.2371       0.000       0.000       0.000       0.000      -0.2392E-05   0.000       0.000       0.000       0.000       0.000                            0.4121E-06  0.4121E-06   0.000    
  11232000.0   10.39684910   10.4668   0.000       0.000      0.6992E-03  0.3890E-06 -0.2351      0.2344       0.000       0.000       0.000       0.000      -0.2332E-05   0.000       0.000       0.000       0.000       0.000                            0.3890E-06  0.3890E-06   0.000    
  11318400.0   10.39072753   10.4579   0.000       0.000      0.6716E-03  0.3543E-06 -0.2326      0.2319       0.000       0.000       0.000       0.000      -0.2183E-05   0.000       0.000       0.000       0.000       0.000                            0.3543E-06  0.3543E-06   0.000    
  11404800.0   10.39395230   10.4643   0.000       0.000      0.7033E-03 -0.1866E-06 -0.2331      0.2324       0.000       0.000       0.000       0.000       0.1157E-05   0.000       0.000       0.000       0.000       0.000                           -0.1866E-06 -0.1866E-06   0.000    
  11491200.0   10.38764512   10.4541   0.000       0.000      0.6646E-03  0.3650E-06 -0.2308      0.2301       0.000       0.000       0.000       0.000      -0.2277E-05   0.000       0.000       0.000       0.000       0.000                            0.3650E-06  0.3650E-06   0.000    
  11577600.0   10.39880593   10.4731   0.000       0.000      0.7432E-03 -0.6459E-06 -0.2341      0.2333       0.000       0.000       0.000       0.000       0.3989E-05   0.000       0.000       0.000       0.000       0.000                           -0.6459E-06 -0.6459E-06   0.000    
  11664000.0   10.42669130   10.5170   0.000       0.000      0.9034E-03 -0.1614E-05 -0.2430      0.2421       0.000       0.000       0.000       0.000       0.9096E-05   0.000       0.000       0.000       0.000       0.000                           -0.1614E-05 -0.1614E-05   0.000    
  11750400.0   10.49466593   10.6195   0.000       0.000      0.1249E-02 -0.3934E-05 -0.2626      0.2614       0.000       0.000       0.000       0.000       0.1467E-04   0.000       0.000       0.000       0.000       0.000                           -0.3934E-05 -0.3934E-05   0.000    
  11836800.0   10.47085557   10.5750   0.000       0.000      0.1042E-02  0.1378E-05 -0.2593      0.2582       0.000       0.000       0.000       0.000      -0.3505E-05   0.000       0.000       0.000       0.000       0.000                            0.1378E-05  0.1378E-05   0.000    
  11923200.0   10.45560399   10.5508   0.000       0.000      0.9518E-03  0.8826E-06 -0.2561      0.2551       0.000       0.000       0.000       0.000      -0.3316E-05   0.000       0.000       0.000       0.000       0.000                            0.8826E-06  0.8826E-06   0.000    
  12009600.0   10.44405448   10.5334   0.000       0.000      0.8938E-03  0.6684E-06 -0.2529      0.2520       0.000       0.000       0.000       0.000      -0.2916E-05   0.000       0.000       0.000       0.000       0.000                            0.6684E-06  0.6684E-06   0.000    
  12096000.0   10.44203427   10.5313   0.000       0.000      0.8928E-03  0.1169E-06 -0.2522      0.2513       0.000       0.000       0.000       0.000      -0.5419E-06   0.000       0.000       0.000       0.000       0.000                            0.1169E-06  0.1169E-06   0.000    
  12182400.0   10.43882894   10.5265   0.000       0.000      0.8763E-03  0.1855E-06 -0.2511      0.2502       0.000       0.000       0.000       0.000      -0.8780E-06   0.000       0.000       0.000       0.000       0.000                            0.1855E-06  0.1855E-06   0.000    
  12268800.0   10.43317990   10.5178   0.000       0.000      0.8459E-03  0.3269E-06 -0.2493      0.2484       0.000       0.000       0.000       0.000      -0.1600E-05   0.000       0.000       0.000       0.000       0.000                            0.3269E-06  0.3269E-06   0.000    
  12355200.0   10.42656754   10.5077   0.000       0.000      0.8110E-03  0.3827E-06 -0.2471      0.2463       0.000       0.000       0.000       0.000      -0.1954E-05   0.000       0.000       0.000       0.000       0.000                            0.3827E-06  0.3827E-06   0.000    
  12441600.0   10.42229994   10.5017   0.000       0.000      0.7938E-03  0.2470E-06 -0.2454      0.2446       0.000       0.000       0.000       0.000      -0.1305E-05   0.000       0.000       0.000       0.000       0.000                            0.2470E-06  0.2470E-06   0.000    
  12528000.0   10.44108583   10.5325   0.000       0.000      0.9145E-03 -0.1087E-05 -0.2508      0.2498       0.000       0.000       0.000       0.000       0.5480E-05   0.000       0.000       0.000       0.000       0.000                           -0.1087E-05 -0.1087E-05   0.000    
  12614400.0   10.46040663   10.5611   0.000       0.000      0.1007E-02 -0.1118E-05 -0.2567      0.2557       0.000       0.000       0.000       0.000       0.4830E-05   0.000       0.000       0.000       0.000       0.000                           -0.1118E-05 -0.1118E-05   0.000    
  12700800.0   10.45411395   10.5482   0.000       0.000      0.9411E-03  0.3642E-06 -0.2558      0.2549       0.000       0.000       0.000       0.000      -0.1473E-05   0.000       0.000       0.000       0.000       0.000                            0.3642E-06  0.3642E-06   0.000    
  12787200.0   10.44668708   10.5362   0.000       0.000      0.8951E-03  0.4298E-06 -0.2540      0.2531       0.000       0.000       0.000       0.000      -0.1866E-05   0.000       0.000       0.000       0.000       0.000                            0.4298E-06  0.4298E-06   0.000    
  12873600.0   10.43853036   10.5236   0.000       0.000      0.8504E-03  0.4720E-06 -0.2517      0.2508       0.000       0.000       0.000       0.000      -0.2195E-05   0.000       0.000       0.000       0.000       0.000                            0.4720E-06  0.4720E-06   0.000    
  12960000.0   10.44109165   10.5286   0.000       0.000      0.8748E-03 -0.1482E-06 -0.2522      0.2513       0.000       0.000       0.000       0.000       0.7050E-06   0.000       0.000       0.000       0.000       0.000                           -0.1482E-06 -0.1482E-06   0.000    
  13046400.0   10.43749311   10.5226   0.000       0.000      0.8508E-03  0.2082E-06 -0.2511      0.2502       0.000       0.000       0.000       0.000      -0.9945E-06   0.000       0.000       0.000       0.000       0.000                            0.2082E-06  0.2082E-06   0.000    
  13132800.0   10.43233018   10.5146   0.000       0.000      0.8229E-03  0.2988E-06 -0.2494      0.2486       0.000       0.000       0.000       0.000      -0.1474E-05   0.000       0.000       0.000       0.000       0.000                            0.2988E-06  0.2988E-06   0.000    
  13219200.0   10.42918706   10.5101   0.000       0.000      0.8096E-03  0.1819E-06 -0.2482      0.2474       0.000       0.000       0.000       0.000      -0.9235E-06   0.000       0.000       0.000       0.000       0.000                            0.1819E-06  0.1819E-06   0.000    
  13305600.0   10.42442796   10.5029   0.000       0.000      0.7843E-03  0.2754E-06 -0.2466      0.2458       0.000       0.000       0.000       0.000      -0.1435E-05   0.000       0.000       0.000       0.000       0.000                            0.2754E-06  0.2754E-06   0.000    
  13392000.0   10.43357587   10.5183   0.000       0.000      0.8476E-03 -0.5294E-06 -0.2490      0.2482       0.000       0.000       0.000       0.000       0.2719E-05   0.000       0.000       0.000       0.000       0.000                           -0.5294E-06 -0.5294E-06   0.000    
  13478400.0   10.43945865   10.5267   0.000       0.000      0.8729E-03 -0.3404E-06 -0.2509      0.2500       0.000       0.000       0.000       0.000       0.1660E-05   0.000       0.000       0.000       0.000       0.000                           -0.3404E-06 -0.3404E-06   0.000    
  13564800.0   10.43679350   10.5215   0.000       0.000      0.8472E-03  0.1542E-06 -0.2504      0.2495       0.000       0.000       0.000       0.000      -0.7432E-06   0.000       0.000       0.000       0.000       0.000                            0.1542E-06  0.1542E-06   0.000    
  13651200.0   10.43275072   10.5150   0.000       0.000      0.8228E-03  0.2340E-06 -0.2492      0.2484       0.000       0.000       0.000       0.000      -0.1155E-05   0.000       0.000       0.000       0.000       0.000                            0.2340E-06  0.2340E-06   0.000    
  13737600.0   10.42774788   10.5073   0.000       0.000      0.7953E-03  0.2895E-06 -0.2477      0.2469       0.000       0.000       0.000       0.000      -0.1475E-05   0.000       0.000       0.000       0.000       0.000                            0.2895E-06  0.2895E-06   0.000    
  13824000.0   10.44577595   10.5369   0.000       0.000      0.9109E-03 -0.1043E-05 -0.2528      0.2519       0.000       0.000       0.000       0.000       0.5074E-05   0.000       0.000       0.000       0.000       0.000                           -0.1043E-05 -0.1043E-05   0.000    
  13910400.0   10.46999077   10.5729   0.000       0.000      0.1029E-02 -0.1401E-05 -0.2600      0.2590       0.000       0.000       0.000       0.000       0.5608E-05   0.000       0.000       0.000       0.000       0.000                           -0.1401E-05 -0.1401E-05   0.000    
  13996800.0   10.46568285   10.5629   0.000       0.000      0.9719E-03  0.2493E-06 -0.2599      0.2589       0.000       0.000       0.000       0.000      -0.8795E-06   0.000       0.000       0.000       0.000       0.000                            0.2493E-06  0.2493E-06   0.000    
  14083200.0   10.45787499   10.5500   0.000       0.000      0.9217E-03  0.4518E-06 -0.2583      0.2574       0.000       0.000       0.000       0.000      -0.1732E-05   0.000       0.000       0.000       0.000       0.000                            0.4518E-06  0.4518E-06   0.000    
  14169600.0   10.46358111   10.5592   0.000       0.000      0.9567E-03 -0.3302E-06 -0.2600      0.2591       0.000       0.000       0.000       0.000       0.1283E-05   0.000       0.000       0.000       0.000       0.000                           -0.3302E-06 -0.3302E-06   0.000    
  14256000.0   10.46760361   10.5647   0.000       0.000      0.9714E-03 -0.2328E-06 -0.2614      0.2604       0.000       0.000       0.000       0.000       0.8485E-06   0.000       0.000       0.000       0.000       0.000                           -0.2328E-06 -0.2328E-06   0.000    
  14342400.0   10.49209369   10.6016   0.000       0.000      0.1095E-02 -0.1417E-05 -0.2680      0.2669       0.000       0.000       0.000       0.000       0.3914E-05   0.000       0.000       0.000       0.000       0.000                           -0.1417E-05 -0.1417E-05   0.000    
  14428800.0   10.56498763   10.7014   0.000       0.000      0.1364E-02 -0.4218E-05 -0.2844      0.2830       0.000       0.000       0.000       0.000       0.5412E-06   0.000       0.000       0.000       0.000       0.000                           -0.4218E-05 -0.4218E-05   0.000    
  14515200.0   10.55136187   10.6768   0.000       0.000      0.1255E-02  0.7885E-06 -0.2844      0.2831       0.000       0.000       0.000       0.000        0.000       0.000       0.000       0.000       0.000       0.000                            0.7885E-06  0.7885E-06   0.000    
  14601600.0   10.55789620   10.6845   0.000       0.000      0.1266E-02 -0.3781E-06 -0.2870      0.2857       0.000       0.000       0.000       0.000        0.000       0.000       0.000       0.000       0.000       0.000                           -0.3781E-06 -0.3781E-06   0.000    
  14688000.0   10.57919785   10.7128   0.000       0.000      0.1336E-02 -0.1233E-05 -0.2923      0.2910       0.000       0.000       0.000       0.000        0.000       0.000       0.000       0.000       0.000       0.000                           -0.1233E-05 -0.1233E-05   0.000    
  14774400.0   10.58271079   10.7153   0.000       0.000      0.1325E-02 -0.2033E-06 -0.2944      0.2930       0.000       0.000       0.000       0.000        0.000       0.000       0.000       0.000       0.000       0.000                           -0.2033E-06 -0.2033E-06   0.000    
  14860800.0   10.57343320   10.7005   0.000       0.000      0.1271E-02  0.5369E-06 -0.2935      0.2922       0.000       0.000       0.000       0.000        0.000       0.000       0.000       0.000       0.000       0.000                            0.5369E-06  0.5369E-06   0.000    
  14947200.0   10.56486400   10.6876   0.000       0.000      0.1228E-02  0.4959E-06 -0.2922      0.2909       0.000       0.000       0.000       0.000        0.000       0.000       0.000       0.000       0.000       0.000                            0.4959E-06  0.4959E-06   0.000    
  15033600.0   10.55244808   10.6705   0.000       0.000      0.1181E-02  0.7185E-06 -0.2902      0.2890       0.000       0.000       0.000       0.000        0.000       0.000       0.000       0.000       0.000       0.000                            0.7185E-06  0.7185E-06   0.000    
  15120000.0   10.54060388   10.6535   0.000       0.000      0.1129E-02  0.6854E-06 -0.2875      0.2864       0.000       0.000       0.000       0.000        0.000       0.000       0.000       0.000       0.000       0.000                            0.6854E-06  0.6854E-06   0.000    
  15206400.0   10.52690252   10.6349   0.000       0.000      0.1080E-02  0.7929E-06 -0.2846      0.2835       0.000       0.000       0.000       0.000        0.000       0.000       0.000       0.000       0.000       0.000                            0.7929E-06  0.7929E-06   0.000    
  15292800.0   10.51411577   10.6169   0.000       0.000      0.1027E-02  0.7400E-06 -0.2813      0.2802       0.000       0.000       0.000       0.000        0.000       0.000       0.000       0.000       0.000       0.000                            0.7400E-06  0.7400E-06   0.000    
  15379200.0   10.53570314   10.6482   0.000       0.000      0.1125E-02 -0.1249E-05 -0.2853      0.2842       0.000       0.000       0.000       0.000        0.000       0.000       0.000       0.000       0.000       0.000                           -0.1249E-05 -0.1249E-05   0.000    
  15465600.0   10.54344024   10.6578   0.000       0.000      0.1144E-02 -0.4477E-06 -0.2872      0.2861       0.000       0.000       0.000       0.000        0.000       0.000       0.000       0.000       0.000       0.000                           -0.4477E-06 -0.4477E-06   0.000    
  15552000.0   10.53432099   10.6438   0.000       0.000      0.1095E-02  0.5277E-06 -0.2858      0.2847       0.000       0.000       0.000       0.000        0.000       0.000       0.000       0.000       0.000       0.000                            0.5277E-06  0.5277E-06   0.000    
  15638400.0   10.52099984   10.6249   0.000       0.000      0.1039E-02  0.7709E-06 -0.2830      0.2820       0.000       0.000       0.000       0.000        0.000       0.000       0.000       0.000       0.000       0.000                            0.7709E-06  0.7709E-06   0.000    
  15724800.0   10.50842653   10.6076   0.000       0.000      0.9918E-03  0.7276E-06 -0.2801      0.2791       0.000       0.000       0.000       0.000        0.000       0.000       0.000       0.000       0.000       0.000                            0.7276E-06  0.7276E-06   0.000    
  15811200.0   10.49692280   10.5919   0.000       0.000      0.9499E-03  0.6657E-06 -0.2770      0.2761       0.000       0.000       0.000       0.000      -0.1316E-06   0.000       0.000       0.000       0.000       0.000                            0.6657E-06  0.6657E-06   0.000    
  15897600.0   10.48723648   10.5782   0.000       0.000      0.9100E-03  0.5606E-06 -0.2741      0.2732       0.000       0.000       0.000       0.000      -0.9768E-06   0.000       0.000       0.000       0.000       0.000                            0.5606E-06  0.5606E-06   0.000    
  15984000.0   10.48134973   10.5702   0.000       0.000      0.8888E-03  0.3407E-06 -0.2720      0.2711       0.000       0.000       0.000       0.000      -0.8459E-06   0.000       0.000       0.000       0.000       0.000                            0.3407E-06  0.3407E-06   0.000    
  16070400.0   10.47292598   10.5581   0.000       0.000      0.8521E-03  0.4875E-06 -0.2691      0.2683       0.000       0.000       0.000       0.000      -0.1455E-05   0.000       0.000       0.000       0.000       0.000                            0.4875E-06  0.4875E-06   0.000    
  16156800.0   10.46540488   10.5473   0.000       0.000      0.8191E-03  0.4352E-06 -0.2665      0.2657       0.000       0.000       0.000       0.000      -0.1504E-05   0.000       0.000       0.000       0.000       0.000                            0.4352E-06  0.4352E-06   0.000    
  16243200.0   10.45796165   10.5369   0.000       0.000      0.7890E-03  0.4307E-06 -0.2638      0.2630       0.000       0.000       0.000       0.000      -0.1653E-05   0.000       0.000       0.000       0.000       0.000                            0.4307E-06  0.4307E-06   0.000    
  16329600.0   10.45115783   10.5272   0.000       0.000      0.7605E-03  0.3937E-06 -0.2612      0.2604       0.000       0.000       0.000       0.000      -0.1640E-05   0.000       0.000       0.000       0.000       0.000                            0.3937E-06  0.3937E-06   0.000    
  16416000.0   10.44453700   10.5180   0.000       0.000      0.7345E-03  0.3831E-06 -0.2586      0.2578       0.000       0.000       0.000       0.000      -0.1703E-05   0.000       0.000       0.000       0.000       0.000                            0.3831E-06  0.3831E-06   0.000    
  16502400.0   10.43836039   10.5093   0.000       0.000      0.7097E-03  0.3574E-06 -0.2561      0.2554       0.000       0.000       0.000       0.000      -0.1678E-05   0.000       0.000       0.000       0.000       0.000                            0.3574E-06  0.3574E-06   0.000    
  16588800.0   10.43241080   10.5011   0.000       0.000      0.6869E-03  0.3443E-06 -0.2536      0.2529       0.000       0.000       0.000       0.000      -0.1693E-05   0.000       0.000       0.000       0.000       0.000                            0.3443E-06  0.3443E-06   0.000    
  16675200.0   10.42675901   10.4933   0.000       0.000      0.6656E-03  0.3271E-06 -0.2512      0.2506       0.000       0.000       0.000       0.000      -0.1673E-05   0.000       0.000       0.000       0.000       0.000                            0.3271E-06  0.3271E-06   0.000    
  16761600.0   10.42283956   10.4883   0.000       0.000      0.6542E-03  0.2268E-06 -0.2494      0.2487       0.000       0.000       0.000       0.000      -0.1196E-05   0.000       0.000       0.000       0.000       0.000                            0.2268E-06  0.2268E-06   0.000    
  16848000.0   10.42003961   10.4849   0.000       0.000      0.6487E-03  0.1620E-06 -0.2479      0.2472       0.000       0.000       0.000       0.000      -0.8719E-06   0.000       0.000       0.000       0.000       0.000                            0.1620E-06  0.1620E-06   0.000    
  16934400.0   10.42224158   10.4894   0.000       0.000      0.6718E-03 -0.1274E-06 -0.2481      0.2474       0.000       0.000       0.000       0.000       0.6869E-06   0.000       0.000       0.000       0.000       0.000                           -0.1274E-06 -0.1274E-06   0.000    
  17020800.0   10.42107990   10.4878   0.000       0.000      0.6677E-03  0.6723E-07 -0.2474      0.2467       0.000       0.000       0.000       0.000      -0.3613E-06   0.000       0.000       0.000       0.000       0.000                            0.6723E-07  0.6723E-07   0.000    
  17107200.0   10.41533944   10.4791   0.000       0.000      0.6372E-03  0.3322E-06 -0.2453      0.2446       0.000       0.000       0.000       0.000      -0.1821E-05   0.000       0.000       0.000       0.000       0.000                            0.3322E-06  0.3322E-06   0.000    
  17193600.0   10.41034653   10.4721   0.000       0.000      0.6171E-03  0.2889E-06 -0.2433      0.2427       0.000       0.000       0.000       0.000      -0.1630E-05   0.000       0.000       0.000       0.000       0.000                            0.2889E-06  0.2889E-06   0.000    
  17280000.0   10.40530129   10.4651   0.000       0.000      0.5984E-03  0.2920E-06 -0.2412      0.2406       0.000       0.000       0.000       0.000      -0.1689E-05   0.000       0.000       0.000       0.000       0.000                            0.2920E-06  0.2920E-06   0.000    
  17366400.0   10.40058140   10.4586   0.000       0.000      0.5802E-03  0.2731E-06 -0.2392      0.2386       0.000       0.000       0.000       0.000      -0.1617E-05   0.000       0.000       0.000       0.000       0.000                            0.2731E-06  0.2731E-06   0.000    
  17452800.0   10.39589524   10.4523   0.000       0.000      0.5643E-03  0.2712E-06 -0.2371      0.2365       0.000       0.000       0.000       0.000      -0.1640E-05   0.000       0.000       0.000       0.000       0.000                            0.2712E-06  0.2712E-06   0.000    
  17539200.0   10.39155628   10.4465   0.000       0.000      0.5490E-03  0.2511E-06 -0.2351      0.2346       0.000       0.000       0.000       0.000      -0.1548E-05   0.000       0.000       0.000       0.000       0.000                            0.2511E-06  0.2511E-06   0.000    
  17625600.0   10.38726388   10.4408   0.000       0.000      0.5352E-03  0.2484E-06 -0.2332      0.2326       0.000       0.000       0.000       0.000      -0.1558E-05   0.000       0.000       0.000       0.000       0.000                            0.2484E-06  0.2484E-06   0.000    
  17712000.0   10.38531298   10.4388   0.000       0.000      0.5353E-03  0.1129E-06 -0.2320      0.2315       0.000       0.000       0.000       0.000      -0.7168E-06   0.000       0.000       0.000       0.000       0.000                            0.1129E-06  0.1129E-06   0.000    
  17798400.0   10.38136887   10.4333   0.000       0.000      0.5197E-03  0.2282E-06 -0.2302      0.2297       0.000       0.000       0.000       0.000      -0.1465E-05   0.000       0.000       0.000       0.000       0.000                            0.2282E-06  0.2282E-06   0.000    
  17884800.0   10.37726161   10.4279   0.000       0.000      0.5061E-03  0.2377E-06 -0.2284      0.2278       0.000       0.000       0.000       0.000      -0.1549E-05   0.000       0.000       0.000       0.000       0.000                            0.2377E-06  0.2377E-06   0.000    
  17971200.0   10.37352160   10.4229   0.000       0.000      0.4937E-03  0.2164E-06 -0.2266      0.2261       0.000       0.000       0.000       0.000      -0.1430E-05   0.000       0.000       0.000       0.000       0.000                            0.2164E-06  0.2164E-06   0.000    
  18057600.0   10.36980518   10.4181   0.000       0.000      0.4829E-03  0.2151E-06 -0.2249      0.2244       0.000       0.000       0.000       0.000      -0.1439E-05   0.000       0.000       0.000       0.000       0.000                            0.2151E-06  0.2151E-06   0.000    
  18144000.0   10.36632353   10.4135   0.000       0.000      0.4722E-03  0.2015E-06 -0.2232      0.2227       0.000       0.000       0.000       0.000      -0.1364E-05   0.000       0.000       0.000       0.000       0.000                            0.2015E-06  0.2015E-06   0.000    
  18230400.0   10.36285670   10.4091   0.000       0.000      0.4625E-03  0.2006E-06 -0.2215      0.2211       0.000       0.000       0.000       0.000      -0.1373E-05   0.000       0.000       0.000       0.000       0.000                            0.2006E-06  0.2006E-06   0.000    
  18316800.0   10.35956377   10.4049   0.000       0.000      0.4530E-03  0.1906E-06 -0.2199      0.2195       0.000       0.000       0.000       0.000      -0.1318E-05   0.000       0.000       0.000       0.000       0.000                            0.1906E-06  0.1906E-06   0.000    
  18403200.0   10.35630888   10.4007   0.000       0.000      0.4442E-03  0.1884E-06 -0.2183      0.2179       0.000       0.000       0.000       0.000      -0.1315E-05   0.000       0.000       0.000       0.000       0.000                            0.1884E-06  0.1884E-06   0.000    
  18489600.0   10.35316112   10.3967   0.000       0.000      0.4357E-03  0.1822E-06 -0.2168      0.2163       0.000       0.000       0.000       0.000      -0.1284E-05   0.000       0.000       0.000       0.000       0.000                            0.1822E-06  0.1822E-06   0.000    
  18576000.0   10.35010028   10.3929   0.000       0.000      0.4275E-03  0.1771E-06 -0.2153      0.2148       0.000       0.000       0.000       0.000      -0.1259E-05   0.000       0.000       0.000       0.000       0.000                            0.1771E-06  0.1771E-06   0.000    
  18662400.0   10.34705253   10.3890   0.000       0.000      0.4199E-03  0.1764E-06 -0.2137      0.2133       0.000       0.000       0.000       0.000      -0.1264E-05   0.000       0.000       0.000       0.000       0.000                            0.1764E-06  0.1764E-06   0.000    
  18748800.0   10.34419189   10.3854   0.000       0.000      0.4123E-03  0.1655E-06 -0.2123      0.2119       0.000       0.000       0.000       0.000      -0.1196E-05   0.000       0.000       0.000       0.000       0.000                            0.1655E-06  0.1655E-06   0.000    
  18835200.0   10.34566079   10.3889   0.000       0.000      0.4322E-03 -0.8501E-07 -0.2124      0.2120       0.000       0.000       0.000       0.000       0.6154E-06   0.000       0.000       0.000       0.000       0.000                           -0.8501E-07 -0.8501E-07   0.000    
  18921600.0   10.34307062   10.3852   0.000       0.000      0.4213E-03  0.1499E-06 -0.2112      0.2108       0.000       0.000       0.000       0.000      -0.1087E-05   0.000       0.000       0.000       0.000       0.000                            0.1499E-06  0.1499E-06   0.000    
  19008000.0   10.33971188   10.3806   0.000       0.000      0.4089E-03  0.1944E-06 -0.2097      0.2093       0.000       0.000       0.000       0.000      -0.1420E-05   0.000       0.000       0.000       0.000       0.000                            0.1944E-06  0.1944E-06   0.000    
  19094400.0   10.33661656   10.3766   0.000       0.000      0.4002E-03  0.1791E-06 -0.2083      0.2079       0.000       0.000       0.000       0.000      -0.1319E-05   0.000       0.000       0.000       0.000       0.000                            0.1791E-06  0.1791E-06   0.000    
  19180800.0   10.33372257   10.3730   0.000       0.000      0.3925E-03  0.1675E-06 -0.2069      0.2065       0.000       0.000       0.000       0.000      -0.1243E-05   0.000       0.000       0.000       0.000       0.000                            0.1675E-06  0.1675E-06   0.000    
  19267200.0   10.33102783   10.3696   0.000       0.000      0.3862E-03  0.1559E-06 -0.2055      0.2051       0.000       0.000       0.000       0.000      -0.1165E-05   0.000       0.000       0.000       0.000       0.000                            0.1559E-06  0.1559E-06   0.000    
  19353600.0   10.32830552   10.3662   0.000       0.000      0.3794E-03  0.1575E-06 -0.2042      0.2038       0.000       0.000       0.000       0.000      -0.1184E-05   0.000       0.000       0.000       0.000       0.000                            0.1575E-06  0.1575E-06   0.000    
  19440000.0   10.32568301   10.3630   0.000       0.000      0.3731E-03  0.1518E-06 -0.2029      0.2025       0.000       0.000       0.000       0.000      -0.1148E-05   0.000       0.000       0.000       0.000       0.000                            0.1518E-06  0.1518E-06   0.000    
  19526400.0   10.32307361   10.3598   0.000       0.000      0.3673E-03  0.1510E-06 -0.2015      0.2012       0.000       0.000       0.000       0.000      -0.1149E-05   0.000       0.000       0.000       0.000       0.000                            0.1510E-06  0.1510E-06   0.000    
  19612800.0   10.32062150   10.3568   0.000       0.000      0.3613E-03  0.1419E-06 -0.2003      0.2000       0.000       0.000       0.000       0.000      -0.1086E-05   0.000       0.000       0.000       0.000       0.000                            0.1419E-06  0.1419E-06   0.000    
  19699200.0   10.31813460   10.3537   0.000       0.000      0.3561E-03  0.1439E-06 -0.1990      0.1987       0.000       0.000       0.000       0.000      -0.1107E-05   0.000       0.000       0.000       0.000       0.000                            0.1439E-06  0.1439E-06   0.000    
  19785600.0   10.31577900   10.3508   0.000       0.000      0.3506E-03  0.1363E-06 -0.1979      0.1975       0.000       0.000       0.000       0.000      -0.1054E-05   0.000       0.000       0.000       0.000       0.000                            0.1363E-06  0.1363E-06   0.000    
  19872000.0   10.31339679   10.3480   0.000       0.000      0.3457E-03  0.1379E-06 -0.1966      0.1963       0.000       0.000       0.000       0.000      -0.1072E-05   0.000       0.000       0.000       0.000       0.000                            0.1379E-06  0.1379E-06   0.000    
  19958400.0   10.31530553   10.3519   0.000       0.000      0.3662E-03 -0.1105E-06 -0.1970      0.1967       0.000       0.000       0.000       0.000       0.8590E-06   0.000       0.000       0.000       0.000       0.000                           -0.1105E-06 -0.1105E-06   0.000    
  20044800.0   10.31852258   10.3575   0.000       0.000      0.3895E-03 -0.1862E-06 -0.1980      0.1976       0.000       0.000       0.000       0.000       0.1440E-05   0.000       0.000       0.000       0.000       0.000                           -0.1862E-06 -0.1862E-06   0.000    
  20131200.0   10.31471404   10.3515   0.000       0.000      0.3675E-03  0.2204E-06 -0.1965      0.1962       0.000       0.000       0.000       0.000      -0.1706E-05   0.000       0.000       0.000       0.000       0.000                            0.2204E-06  0.2204E-06   0.000    
  20217600.0   10.31293618   10.3494   0.000       0.000      0.3649E-03  0.1029E-06 -0.1957      0.1953       0.000       0.000       0.000       0.000      -0.8010E-06   0.000       0.000       0.000       0.000       0.000                            0.1029E-06  0.1029E-06   0.000    
  20304000.0   10.31084533   10.3468   0.000       0.000      0.3598E-03  0.1210E-06 -0.1947      0.1943       0.000       0.000       0.000       0.000      -0.9457E-06   0.000       0.000       0.000       0.000       0.000                            0.1210E-06  0.1210E-06   0.000    
  20390400.0   10.30799345   10.3430   0.000       0.000      0.3504E-03  0.1650E-06 -0.1934      0.1930       0.000       0.000       0.000       0.000      -0.1296E-05   0.000       0.000       0.000       0.000       0.000                            0.1650E-06  0.1650E-06   0.000    
  20476800.0   10.30534965   10.3397   0.000       0.000      0.3433E-03  0.1530E-06 -0.1921      0.1918       0.000       0.000       0.000       0.000      -0.1208E-05   0.000       0.000       0.000       0.000       0.000                            0.1530E-06  0.1530E-06   0.000    
  20563200.0   10.30286606   10.3366   0.000       0.000      0.3371E-03  0.1437E-06 -0.1909      0.1906       0.000       0.000       0.000       0.000      -0.1141E-05   0.000       0.000       0.000       0.000       0.000                            0.1437E-06  0.1437E-06   0.000    
  20649600.0   10.30045637   10.3336   0.000       0.000      0.3314E-03  0.1394E-06 -0.1897      0.1894       0.000       0.000       0.000       0.000      -0.1112E-05   0.000       0.000       0.000       0.000       0.000                            0.1394E-06  0.1394E-06   0.000    
  20736000.0   10.29816378   10.3308   0.000       0.000      0.3260E-03  0.1327E-06 -0.1886      0.1882       0.000       0.000       0.000       0.000      -0.1063E-05   0.000       0.000       0.000       0.000       0.000                            0.1327E-06  0.1327E-06   0.000    
  20822400.0   10.29590104   10.3280   0.000       0.000      0.3211E-03  0.1309E-06 -0.1874      0.1871       0.000       0.000       0.000       0.000      -0.1053E-05   0.000       0.000       0.000       0.000       0.000                            0.1309E-06  0.1309E-06   0.000    
  20908800.0   10.29374042   10.3254   0.000       0.000      0.3162E-03  0.1250E-06 -0.1863      0.1860       0.000       0.000       0.000       0.000      -0.1010E-05   0.000       0.000       0.000       0.000       0.000                            0.1250E-06  0.1250E-06   0.000    
  20995200.0   10.29158881   10.3228   0.000       0.000      0.3118E-03  0.1245E-06 -0.1852      0.1849       0.000       0.000       0.000       0.000      -0.1010E-05   0.000       0.000       0.000       0.000       0.000                            0.1245E-06  0.1245E-06   0.000    
  21081600.0   10.28953243   10.3203   0.000       0.000      0.3074E-03  0.1190E-06 -0.1842      0.1839       0.000       0.000       0.000       0.000      -0.9685E-06   0.000       0.000       0.000       0.000       0.000                            0.1190E-06  0.1190E-06   0.000    
  21168000.0   10.28747063   10.3178   0.000       0.000      0.3033E-03  0.1193E-06 -0.1831      0.1828       0.000       0.000       0.000       0.000      -0.9745E-06   0.000       0.000       0.000       0.000       0.000                            0.1193E-06  0.1193E-06   0.000    
  21254400.0   10.28549963   10.3154   0.000       0.000      0.2992E-03  0.1141E-06 -0.1821      0.1818       0.000       0.000       0.000       0.000      -0.9348E-06   0.000       0.000       0.000       0.000       0.000                            0.1141E-06  0.1141E-06   0.000    
  21340800.0   10.28353393   10.3131   0.000       0.000      0.2954E-03  0.1138E-06 -0.1811      0.1808       0.000       0.000       0.000       0.000      -0.9354E-06   0.000       0.000       0.000       0.000       0.000                            0.1138E-06  0.1138E-06   0.000    
  21427200.0   10.28159721   10.3108   0.000       0.000      0.2917E-03  0.1121E-06 -0.1801      0.1798       0.000       0.000       0.000       0.000      -0.9247E-06   0.000       0.000       0.000       0.000       0.000                            0.1121E-06  0.1121E-06   0.000    
  21513600.0   10.28035159   10.3095   0.000       0.000      0.2917E-03  0.7208E-07 -0.1794      0.1791       0.000       0.000       0.000       0.000      -0.5963E-06   0.000       0.000       0.000       0.000       0.000                            0.7208E-07  0.7208E-07   0.000    
  21600000.0   10.28529874   10.3180   0.000       0.000      0.3272E-03 -0.2863E-06 -0.1810      0.1807       0.000       0.000       0.000       0.000       0.2361E-05   0.000       0.000       0.000       0.000       0.000                           -0.2863E-06 -0.2863E-06   0.000    
  21686400.0   10.28212311   10.3129   0.000       0.000      0.3080E-03  0.1838E-06 -0.1798      0.1794       0.000       0.000       0.000       0.000      -0.1513E-05   0.000       0.000       0.000       0.000       0.000                            0.1838E-06  0.1838E-06   0.000    
  21772800.0   10.27951256   10.3095   0.000       0.000      0.2995E-03  0.1511E-06 -0.1786      0.1783       0.000       0.000       0.000       0.000      -0.1250E-05   0.000       0.000       0.000       0.000       0.000                            0.1511E-06  0.1511E-06   0.000    
  21859200.0   10.27720652   10.3066   0.000       0.000      0.2936E-03  0.1335E-06 -0.1775      0.1772       0.000       0.000       0.000       0.000      -0.1109E-05   0.000       0.000       0.000       0.000       0.000                            0.1335E-06  0.1335E-06   0.000    
  21945600.0   10.27504102   10.3039   0.000       0.000      0.2888E-03  0.1253E-06 -0.1764      0.1762       0.000       0.000       0.000       0.000      -0.1045E-05   0.000       0.000       0.000       0.000       0.000                            0.1253E-06  0.1253E-06   0.000    
  22032000.0   10.27302488   10.3015   0.000       0.000      0.2844E-03  0.1167E-06 -0.1754      0.1752       0.000       0.000       0.000       0.000      -0.9759E-06   0.000       0.000       0.000       0.000       0.000                            0.1167E-06  0.1167E-06   0.000    
  22118400.0   10.27107451   10.2991   0.000       0.000      0.2803E-03  0.1129E-06 -0.1745      0.1742       0.000       0.000       0.000       0.000      -0.9470E-06   0.000       0.000       0.000       0.000       0.000                            0.1129E-06  0.1129E-06   0.000    
  22204800.0   10.26916557   10.2968   0.000       0.000      0.2765E-03  0.1105E-06 -0.1735      0.1732       0.000       0.000       0.000       0.000      -0.9296E-06   0.000       0.000       0.000       0.000       0.000                            0.1105E-06  0.1105E-06   0.000    
  22291200.0   10.26733555   10.2946   0.000       0.000      0.2729E-03  0.1059E-06 -0.1726      0.1723       0.000       0.000       0.000       0.000      -0.8937E-06   0.000       0.000       0.000       0.000       0.000                            0.1059E-06  0.1059E-06   0.000    
  22377600.0   10.26553464   10.2925   0.000       0.000      0.2694E-03  0.1042E-06 -0.1716      0.1714       0.000       0.000       0.000       0.000      -0.8819E-06   0.000       0.000       0.000       0.000       0.000                            0.1042E-06  0.1042E-06   0.000    
  22464000.0   10.27154301   10.3026   0.000       0.000      0.3103E-03 -0.3477E-06 -0.1738      0.1735       0.000       0.000       0.000       0.000       0.2933E-05   0.000       0.000       0.000       0.000       0.000                           -0.3477E-06 -0.3477E-06   0.000    
  22550400.0   10.26938471   10.2990   0.000       0.000      0.2958E-03  0.1249E-06 -0.1729      0.1726       0.000       0.000       0.000       0.000      -0.1051E-05   0.000       0.000       0.000       0.000       0.000                            0.1249E-06  0.1249E-06   0.000    
  22636800.0   10.26871017   10.2984   0.000       0.000      0.2971E-03  0.3904E-07 -0.1725      0.1722       0.000       0.000       0.000       0.000      -0.3290E-06   0.000       0.000       0.000       0.000       0.000                            0.3904E-07  0.3904E-07   0.000    
  22723200.0   10.28864917   10.3303   0.000       0.000      0.4164E-03 -0.1154E-05 -0.1802      0.1798       0.000       0.000       0.000       0.000       0.9579E-05   0.000       0.000       0.000       0.000       0.000                           -0.1154E-05 -0.1154E-05   0.000    
  22809600.0   10.28694131   10.3257   0.000       0.000      0.3876E-03  0.9883E-07 -0.1799      0.1795       0.000       0.000       0.000       0.000      -0.8082E-06   0.000       0.000       0.000       0.000       0.000                            0.9883E-07  0.9883E-07   0.000    
  22896000.0   10.28500323   10.3227   0.000       0.000      0.3770E-03  0.1122E-06 -0.1794      0.1790       0.000       0.000       0.000       0.000      -0.9200E-06   0.000       0.000       0.000       0.000       0.000                            0.1122E-06  0.1122E-06   0.000    
  22982400.0   10.28312319   10.3201   0.000       0.000      0.3697E-03  0.1088E-06 -0.1787      0.1783       0.000       0.000       0.000       0.000      -0.8953E-06   0.000       0.000       0.000       0.000       0.000                            0.1088E-06  0.1088E-06   0.000    
  23068800.0   10.28117757   10.3175   0.000       0.000      0.3634E-03  0.1126E-06 -0.1779      0.1775       0.000       0.000       0.000       0.000      -0.9295E-06   0.000       0.000       0.000       0.000       0.000                            0.1126E-06  0.1126E-06   0.000    
  23155200.0   10.27889023   10.3144   0.000       0.000      0.3552E-03  0.1324E-06 -0.1769      0.1766       0.000       0.000       0.000       0.000      -0.1097E-05   0.000       0.000       0.000       0.000       0.000                            0.1324E-06  0.1324E-06   0.000    
  23241600.0   10.27649192   10.3112   0.000       0.000      0.3472E-03  0.1388E-06 -0.1759      0.1756       0.000       0.000       0.000       0.000      -0.1154E-05   0.000       0.000       0.000       0.000       0.000                            0.1388E-06  0.1388E-06   0.000    
  23328000.0   10.27395461   10.3078   0.000       0.000      0.3389E-03  0.1468E-06 -0.1748      0.1744       0.000       0.000       0.000       0.000      -0.1226E-05   0.000       0.000       0.000       0.000       0.000                            0.1468E-06  0.1468E-06   0.000    
  23414400.0   10.27148426   10.3046   0.000       0.000      0.3309E-03  0.1430E-06 -0.1736      0.1733       0.000       0.000       0.000       0.000      -0.1198E-05   0.000       0.000       0.000       0.000       0.000                            0.1430E-06  0.1430E-06   0.000    
  23500800.0   10.26916656   10.3016   0.000       0.000      0.3240E-03  0.1341E-06 -0.1726      0.1722       0.000       0.000       0.000       0.000      -0.1128E-05   0.000       0.000       0.000       0.000       0.000                            0.1341E-06  0.1341E-06   0.000    
  23587200.0   10.26692777   10.2987   0.000       0.000      0.3174E-03  0.1296E-06 -0.1715      0.1712       0.000       0.000       0.000       0.000      -0.1094E-05   0.000       0.000       0.000       0.000       0.000                            0.1296E-06  0.1296E-06   0.000    
  23673600.0   10.26470601   10.2958   0.000       0.000      0.3110E-03  0.1286E-06 -0.1704      0.1701       0.000       0.000       0.000       0.000      -0.1089E-05   0.000       0.000       0.000       0.000       0.000                            0.1286E-06  0.1286E-06   0.000    
  23760000.0   10.26247829   10.2929   0.000       0.000      0.3045E-03  0.1289E-06 -0.1693      0.1690       0.000       0.000       0.000       0.000      -0.1095E-05   0.000       0.000       0.000       0.000       0.000                            0.1289E-06  0.1289E-06   0.000    
  23846400.0   10.26032130   10.2902   0.000       0.000      0.2983E-03  0.1248E-06 -0.1683      0.1680       0.000       0.000       0.000       0.000      -0.1064E-05   0.000       0.000       0.000       0.000       0.000                            0.1248E-06  0.1248E-06   0.000    
  23932800.0   10.25825872   10.2875   0.000       0.000      0.2927E-03  0.1194E-06 -0.1673      0.1670       0.000       0.000       0.000       0.000      -0.1021E-05   0.000       0.000       0.000       0.000       0.000                            0.1194E-06  0.1194E-06   0.000    
  24019200.0   10.25626211   10.2850   0.000       0.000      0.2875E-03  0.1155E-06 -0.1663      0.1660       0.000       0.000       0.000       0.000      -0.9908E-06   0.000       0.000       0.000       0.000       0.000                            0.1155E-06  0.1155E-06   0.000    
  24105600.0   10.25431287   10.2826   0.000       0.000      0.2824E-03  0.1128E-06 -0.1653      0.1650       0.000       0.000       0.000       0.000      -0.9699E-06   0.000       0.000       0.000       0.000       0.000                            0.1128E-06  0.1128E-06   0.000    
  24192000.0   10.25239995   10.2802   0.000       0.000      0.2776E-03  0.1107E-06 -0.1644      0.1641       0.000       0.000       0.000       0.000      -0.9544E-06   0.000       0.000       0.000       0.000       0.000                            0.1107E-06  0.1107E-06   0.000    
  24278400.0   10.25052731   10.2778   0.000       0.000      0.2728E-03  0.1084E-06 -0.1634      0.1632       0.000       0.000       0.000       0.000      -0.9367E-06   0.000       0.000       0.000       0.000       0.000                            0.1084E-06  0.1084E-06   0.000    
  24364800.0   10.24869924   10.2755   0.000       0.000      0.2683E-03  0.1058E-06 -0.1625      0.1622       0.000       0.000       0.000       0.000      -0.9166E-06   0.000       0.000       0.000       0.000       0.000                            0.1058E-06  0.1058E-06   0.000    
  24451200.0   10.24692028   10.2733   0.000       0.000      0.2641E-03  0.1029E-06 -0.1616      0.1613       0.000       0.000       0.000       0.000      -0.8942E-06   0.000       0.000       0.000       0.000       0.000                            0.1029E-06  0.1029E-06   0.000    
  24537600.0   10.24518552   10.2712   0.000       0.000      0.2601E-03  0.1004E-06 -0.1607      0.1605       0.000       0.000       0.000       0.000      -0.8739E-06   0.000       0.000       0.000       0.000       0.000                            0.1004E-06  0.1004E-06   0.000    
  24624000.0   10.24349051   10.2691   0.000       0.000      0.2563E-03  0.9809E-07 -0.1599      0.1596       0.000       0.000       0.000       0.000      -0.8558E-06   0.000       0.000       0.000       0.000       0.000                            0.9809E-07  0.9809E-07   0.000    
  24710400.0   10.24182356   10.2671   0.000       0.000      0.2527E-03  0.9647E-07 -0.1590      0.1587       0.000       0.000       0.000       0.000      -0.8435E-06   0.000       0.000       0.000       0.000       0.000                            0.9647E-07  0.9647E-07   0.000    
  24796800.0   10.24020320   10.2651   0.000       0.000      0.2492E-03  0.9377E-07 -0.1582      0.1579       0.000       0.000       0.000       0.000      -0.8216E-06   0.000       0.000       0.000       0.000       0.000                            0.9377E-07  0.9377E-07   0.000    
  24883200.0   10.23872243   10.2634   0.000       0.000      0.2465E-03  0.8569E-07 -0.1574      0.1572       0.000       0.000       0.000       0.000      -0.7523E-06   0.000       0.000       0.000       0.000       0.000                            0.8569E-07  0.8569E-07   0.000    
  24969600.0   10.23934008   10.2648   0.000       0.000      0.2549E-03 -0.3574E-07 -0.1575      0.1572       0.000       0.000       0.000       0.000       0.3139E-06   0.000       0.000       0.000       0.000       0.000                           -0.3574E-07 -0.3574E-07   0.000    
  25056000.0   10.23749579   10.2623   0.000       0.000      0.2479E-03  0.1067E-06 -0.1566      0.1564       0.000       0.000       0.000       0.000      -0.9381E-06   0.000       0.000       0.000       0.000       0.000                            0.1067E-06  0.1067E-06   0.000    
  25142400.0   10.23577274   10.2601   0.000       0.000      0.2436E-03  0.9971E-07 -0.1558      0.1555       0.000       0.000       0.000       0.000      -0.8784E-06   0.000       0.000       0.000       0.000       0.000                            0.9971E-07  0.9971E-07   0.000    
  25228800.0   10.23833632   10.2646   0.000       0.000      0.2626E-03 -0.1484E-06 -0.1567      0.1564       0.000       0.000       0.000       0.000       0.1306E-05   0.000       0.000       0.000       0.000       0.000                           -0.1484E-06 -0.1484E-06   0.000    
  25315200.0   10.23654869   10.2619   0.000       0.000      0.2538E-03  0.1035E-06 -0.1559      0.1556       0.000       0.000       0.000       0.000      -0.9104E-06   0.000       0.000       0.000       0.000       0.000                            0.1035E-06  0.1035E-06   0.000    
  25401600.0   10.23711037   10.2632   0.000       0.000      0.2614E-03 -0.3250E-07 -0.1560      0.1557       0.000       0.000       0.000       0.000       0.2863E-06   0.000       0.000       0.000       0.000       0.000                           -0.3250E-07 -0.3250E-07   0.000    
  25488000.0   10.23740029   10.2640   0.000       0.000      0.2655E-03 -0.1678E-07 -0.1560      0.1558       0.000       0.000       0.000       0.000       0.1477E-06   0.000       0.000       0.000       0.000       0.000                           -0.1678E-07 -0.1678E-07   0.000    
  25574400.0   10.23900621   10.2667   0.000       0.000      0.2768E-03 -0.9294E-07 -0.1566      0.1563       0.000       0.000       0.000       0.000       0.8171E-06   0.000       0.000       0.000       0.000       0.000                           -0.9294E-07 -0.9294E-07   0.000    
  25660800.0   10.23737356   10.2643   0.000       0.000      0.2691E-03  0.9448E-07 -0.1559      0.1557       0.000       0.000       0.000       0.000      -0.8307E-06   0.000       0.000       0.000       0.000       0.000                            0.9448E-07  0.9448E-07   0.000    
  25747200.0   10.24075703   10.2699   0.000       0.000      0.2916E-03 -0.1958E-06 -0.1572      0.1569       0.000       0.000       0.000       0.000       0.1720E-05   0.000       0.000       0.000       0.000       0.000                           -0.1958E-06 -0.1958E-06   0.000    
  25833600.0   10.25815155   10.2968   0.000       0.000      0.3862E-03 -0.1007E-05 -0.1642      0.1638       0.000       0.000       0.000       0.000       0.8723E-05   0.000       0.000       0.000       0.000       0.000                           -0.1007E-05 -0.1007E-05   0.000    
  25920000.0   10.27985985   10.3291   0.000       0.000      0.4919E-03 -0.1256E-05 -0.1731      0.1726       0.000       0.000       0.000       0.000       0.1059E-04   0.000       0.000       0.000       0.000       0.000                           -0.1256E-05 -0.1256E-05   0.000    
  26006400.0   10.30013106   10.3586   0.000       0.000      0.5843E-03 -0.1173E-05 -0.1817      0.1811       0.000       0.000       0.000       0.000       0.9555E-05   0.000       0.000       0.000       0.000       0.000                           -0.1173E-05 -0.1173E-05   0.000    
  26092800.0   10.30349893   10.3612   0.000       0.000      0.5772E-03 -0.1949E-06 -0.1839      0.1833       0.000       0.000       0.000       0.000       0.1554E-05   0.000       0.000       0.000       0.000       0.000                           -0.1949E-06 -0.1949E-06   0.000    
  26179200.0   10.29973682   10.3543   0.000       0.000      0.5454E-03  0.2177E-06 -0.1832      0.1827       0.000       0.000       0.000       0.000      -0.1736E-05   0.000       0.000       0.000       0.000       0.000                            0.2177E-06  0.2177E-06   0.000    
  26265600.0   10.29530163   10.3474   0.000       0.000      0.5209E-03  0.2567E-06 -0.1819      0.1814       0.000       0.000       0.000       0.000      -0.2063E-05   0.000       0.000       0.000       0.000       0.000                            0.2567E-06  0.2567E-06   0.000    
  26352000.0   10.29102319   10.3411   0.000       0.000      0.5005E-03  0.2476E-06 -0.1804      0.1799       0.000       0.000       0.000       0.000      -0.2006E-05   0.000       0.000       0.000       0.000       0.000                            0.2476E-06  0.2476E-06   0.000    
  26438400.0   10.28697788   10.3353   0.000       0.000      0.4827E-03  0.2341E-06 -0.1789      0.1784       0.000       0.000       0.000       0.000      -0.1910E-05   0.000       0.000       0.000       0.000       0.000                            0.2341E-06  0.2341E-06   0.000    
  26524800.0   10.28311200   10.3297   0.000       0.000      0.4663E-03  0.2237E-06 -0.1773      0.1769       0.000       0.000       0.000       0.000      -0.1838E-05   0.000       0.000       0.000       0.000       0.000                            0.2237E-06  0.2237E-06   0.000    
  26611200.0   10.27925474   10.3243   0.000       0.000      0.4500E-03  0.2232E-06 -0.1757      0.1753       0.000       0.000       0.000       0.000      -0.1846E-05   0.000       0.000       0.000       0.000       0.000                            0.2232E-06  0.2232E-06   0.000    
  26697600.0   10.27568534   10.3192   0.000       0.000      0.4356E-03  0.2066E-06 -0.1742      0.1737       0.000       0.000       0.000       0.000      -0.1718E-05   0.000       0.000       0.000       0.000       0.000                            0.2066E-06  0.2066E-06   0.000    
  26784000.0   10.27229089   10.3145   0.000       0.000      0.4220E-03  0.1964E-06 -0.1727      0.1723       0.000       0.000       0.000       0.000      -0.1643E-05   0.000       0.000       0.000       0.000       0.000                            0.1964E-06  0.1964E-06   0.000    
  26870400.0   10.28496839   10.3350   0.000       0.000      0.5003E-03 -0.7337E-06 -0.1774      0.1770       0.000       0.000       0.000       0.000       0.6091E-05   0.000       0.000       0.000       0.000       0.000                           -0.7337E-06 -0.7337E-06   0.000    
  26956800.0   10.29207854   10.3450   0.000       0.000      0.5292E-03 -0.4115E-06 -0.1804      0.1799       0.000       0.000       0.000       0.000       0.3360E-05   0.000       0.000       0.000       0.000       0.000                           -0.4115E-06 -0.4115E-06   0.000    
  27043200.0   10.29849688   10.3542   0.000       0.000      0.5566E-03 -0.3714E-06 -0.1831      0.1826       0.000       0.000       0.000       0.000       0.2997E-05   0.000       0.000       0.000       0.000       0.000                           -0.3714E-06 -0.3714E-06   0.000    
  27129600.0   10.29987516   10.3554   0.000       0.000      0.5552E-03 -0.7976E-07 -0.1840      0.1835       0.000       0.000       0.000       0.000       0.6391E-06   0.000       0.000       0.000       0.000       0.000                           -0.7976E-07 -0.7976E-07   0.000    
  27216000.0   10.30336889   10.3605   0.000       0.000      0.5713E-03 -0.2022E-06 -0.1856      0.1851       0.000       0.000       0.000       0.000       0.1613E-05   0.000       0.000       0.000       0.000       0.000                           -0.2022E-06 -0.2022E-06   0.000    
  27302400.0   10.31280614   10.3750   0.000       0.000      0.6217E-03 -0.5461E-06 -0.1895      0.1888       0.000       0.000       0.000       0.000       0.4301E-05   0.000       0.000       0.000       0.000       0.000                           -0.5461E-06 -0.5461E-06   0.000    
  27388800.0   10.33120514   10.4031   0.000       0.000      0.7192E-03 -0.1065E-05 -0.1967      0.1960       0.000       0.000       0.000       0.000       0.8144E-05   0.000       0.000       0.000       0.000       0.000                           -0.1065E-05 -0.1065E-05   0.000    
  27475200.0   10.34590589   10.4242   0.000       0.000      0.7831E-03 -0.8507E-06 -0.2028      0.2020       0.000       0.000       0.000       0.000       0.6260E-05   0.000       0.000       0.000       0.000       0.000                           -0.8507E-06 -0.8507E-06   0.000    
  27561600.0   10.34243389   10.4161   0.000       0.000      0.7365E-03  0.2009E-06 -0.2025      0.2018       0.000       0.000       0.000       0.000      -0.1457E-05   0.000       0.000       0.000       0.000       0.000                            0.2009E-06  0.2009E-06   0.000    
  27648000.0   10.33742582   10.4076   0.000       0.000      0.7018E-03  0.2898E-06 -0.2013      0.2006       0.000       0.000       0.000       0.000      -0.2125E-05   0.000       0.000       0.000       0.000       0.000                            0.2898E-06  0.2898E-06   0.000    
  27734400.0   10.33177036   10.3987   0.000       0.000      0.6696E-03  0.3273E-06 -0.1995      0.1988       0.000       0.000       0.000       0.000      -0.2432E-05   0.000       0.000       0.000       0.000       0.000                            0.3273E-06  0.3273E-06   0.000    
  27820800.0   10.32728696   10.3920   0.000       0.000      0.6470E-03  0.2595E-06 -0.1979      0.1973       0.000       0.000       0.000       0.000      -0.1951E-05   0.000       0.000       0.000       0.000       0.000                            0.2595E-06  0.2595E-06   0.000    
  27907200.0   10.32400977   10.3872   0.000       0.000      0.6318E-03  0.1897E-06 -0.1967      0.1960       0.000       0.000       0.000       0.000      -0.1439E-05   0.000       0.000       0.000       0.000       0.000                            0.1897E-06  0.1897E-06   0.000    
  27993600.0   10.33262211   10.4014   0.000       0.000      0.6881E-03 -0.4984E-06 -0.1997      0.1990       0.000       0.000       0.000       0.000       0.3759E-05   0.000       0.000       0.000       0.000       0.000                           -0.4984E-06 -0.4984E-06   0.000    
  28080000.0   10.34457097   10.4196   0.000       0.000      0.7504E-03 -0.6915E-06 -0.2042      0.2035       0.000       0.000       0.000       0.000       0.5088E-05   0.000       0.000       0.000       0.000       0.000                           -0.6915E-06 -0.6915E-06   0.000    
  28166400.0   10.34980184   10.4262   0.000       0.000      0.7642E-03 -0.3027E-06 -0.2066      0.2059       0.000       0.000       0.000       0.000       0.2178E-05   0.000       0.000       0.000       0.000       0.000                           -0.3027E-06 -0.3027E-06   0.000    
  28252800.0   10.34573523   10.4184   0.000       0.000      0.7263E-03  0.2353E-06 -0.2057      0.2050       0.000       0.000       0.000       0.000      -0.1691E-05   0.000       0.000       0.000       0.000       0.000                            0.2353E-06  0.2353E-06   0.000    
  28339200.0   10.34050304   10.4099   0.000       0.000      0.6935E-03  0.3028E-06 -0.2041      0.2034       0.000       0.000       0.000       0.000      -0.2202E-05   0.000       0.000       0.000       0.000       0.000                            0.3028E-06  0.3028E-06   0.000    
  28425600.0   10.33519643   10.4017   0.000       0.000      0.6649E-03  0.3071E-06 -0.2022      0.2015       0.000       0.000       0.000       0.000      -0.2264E-05   0.000       0.000       0.000       0.000       0.000                            0.3071E-06  0.3071E-06   0.000    
  28512000.0   10.33003600   10.3939   0.000       0.000      0.6390E-03  0.2986E-06 -0.2002      0.1996       0.000       0.000       0.000       0.000      -0.2230E-05   0.000       0.000       0.000       0.000       0.000                            0.2986E-06  0.2986E-06   0.000    
  28598400.0   10.32513768   10.3866   0.000       0.000      0.6150E-03  0.2835E-06 -0.1982      0.1976       0.000       0.000       0.000       0.000      -0.2142E-05   0.000       0.000       0.000       0.000       0.000                            0.2835E-06  0.2835E-06   0.000    
  28684800.0   10.32045391   10.3797   0.000       0.000      0.5927E-03  0.2711E-06 -0.1963      0.1957       0.000       0.000       0.000       0.000      -0.2070E-05   0.000       0.000       0.000       0.000       0.000                            0.2711E-06  0.2711E-06   0.000    
  28771200.0   10.31596529   10.3732   0.000       0.000      0.5719E-03  0.2598E-06 -0.1944      0.1938       0.000       0.000       0.000       0.000      -0.2004E-05   0.000       0.000       0.000       0.000       0.000                            0.2598E-06  0.2598E-06   0.000    
  28857600.0   10.31166852   10.3669   0.000       0.000      0.5525E-03  0.2487E-06 -0.1925      0.1919       0.000       0.000       0.000       0.000      -0.1936E-05   0.000       0.000       0.000       0.000       0.000                            0.2487E-06  0.2487E-06   0.000    
  28944000.0   10.30749642   10.3609   0.000       0.000      0.5339E-03  0.2414E-06 -0.1906      0.1901       0.000       0.000       0.000       0.000      -0.1896E-05   0.000       0.000       0.000       0.000       0.000                            0.2414E-06  0.2414E-06   0.000    
  29030400.0   10.30342232   10.3550   0.000       0.000      0.5161E-03  0.2358E-06 -0.1888      0.1883       0.000       0.000       0.000       0.000      -0.1867E-05   0.000       0.000       0.000       0.000       0.000                            0.2358E-06  0.2358E-06   0.000    
  29116800.0   10.29950201   10.3494   0.000       0.000      0.4994E-03  0.2269E-06 -0.1870      0.1865       0.000       0.000       0.000       0.000      -0.1810E-05   0.000       0.000       0.000       0.000       0.000                            0.2269E-06  0.2269E-06   0.000    
  29203200.0   10.29569628   10.3440   0.000       0.000      0.4831E-03  0.2202E-06 -0.1853      0.1848       0.000       0.000       0.000       0.000      -0.1770E-05   0.000       0.000       0.000       0.000       0.000                            0.2202E-06  0.2202E-06   0.000    
  29289600.0   10.29205413   10.3389   0.000       0.000      0.4681E-03  0.2108E-06 -0.1836      0.1831       0.000       0.000       0.000       0.000      -0.1705E-05   0.000       0.000       0.000       0.000       0.000                            0.2108E-06  0.2108E-06   0.000    
  29376000.0   10.28858871   10.3340   0.000       0.000      0.4541E-03  0.2005E-06 -0.1819      0.1815       0.000       0.000       0.000       0.000      -0.1633E-05   0.000       0.000       0.000       0.000       0.000                            0.2005E-06  0.2005E-06   0.000    
  29462400.0   10.28525894   10.3294   0.000       0.000      0.4411E-03  0.1927E-06 -0.1803      0.1799       0.000       0.000       0.000       0.000      -0.1578E-05   0.000       0.000       0.000       0.000       0.000                            0.1927E-06  0.1927E-06   0.000    
  29548800.0   10.28206559   10.3249   0.000       0.000      0.4287E-03  0.1848E-06 -0.1788      0.1784       0.000       0.000       0.000       0.000      -0.1522E-05   0.000       0.000       0.000       0.000       0.000                            0.1848E-06  0.1848E-06   0.000    
  29635200.0   10.27897210   10.3207   0.000       0.000      0.4169E-03  0.1790E-06 -0.1773      0.1769       0.000       0.000       0.000       0.000      -0.1482E-05   0.000       0.000       0.000       0.000       0.000                            0.1790E-06  0.1790E-06   0.000    
  29721600.0   10.27598329   10.3166   0.000       0.000      0.4058E-03  0.1730E-06 -0.1759      0.1755       0.000       0.000       0.000       0.000      -0.1439E-05   0.000       0.000       0.000       0.000       0.000                            0.1730E-06  0.1730E-06   0.000    
  29808000.0   10.27305539   10.3126   0.000       0.000      0.3951E-03  0.1694E-06 -0.1745      0.1741       0.000       0.000       0.000       0.000      -0.1416E-05   0.000       0.000       0.000       0.000       0.000                            0.1694E-06  0.1694E-06   0.000    
  29894400.0   10.27020774   10.3087   0.000       0.000      0.3849E-03  0.1648E-06 -0.1731      0.1727       0.000       0.000       0.000       0.000      -0.1384E-05   0.000       0.000       0.000       0.000       0.000                            0.1648E-06  0.1648E-06   0.000    
  29980800.0   10.26743633   10.3050   0.000       0.000      0.3752E-03  0.1604E-06 -0.1717      0.1713       0.000       0.000       0.000       0.000      -0.1352E-05   0.000       0.000       0.000       0.000       0.000                            0.1604E-06  0.1604E-06   0.000    
  30067200.0   10.26477140   10.3014   0.000       0.000      0.3661E-03  0.1542E-06 -0.1704      0.1700       0.000       0.000       0.000       0.000      -0.1306E-05   0.000       0.000       0.000       0.000       0.000                            0.1542E-06  0.1542E-06   0.000    
  30153600.0   10.26219490   10.2979   0.000       0.000      0.3575E-03  0.1491E-06 -0.1691      0.1687       0.000       0.000       0.000       0.000      -0.1267E-05   0.000       0.000       0.000       0.000       0.000                            0.1491E-06  0.1491E-06   0.000    
  30240000.0   10.25970337   10.2946   0.000       0.000      0.3494E-03  0.1442E-06 -0.1679      0.1675       0.000       0.000       0.000       0.000      -0.1230E-05   0.000       0.000       0.000       0.000       0.000                            0.1442E-06  0.1442E-06   0.000    
  30326400.0   10.25727496   10.2914   0.000       0.000      0.3416E-03  0.1405E-06 -0.1666      0.1663       0.000       0.000       0.000       0.000      -0.1203E-05   0.000       0.000       0.000       0.000       0.000                            0.1405E-06  0.1405E-06   0.000    
  30412800.0   10.25491348   10.2883   0.000       0.000      0.3342E-03  0.1367E-06 -0.1655      0.1651       0.000       0.000       0.000       0.000      -0.1174E-05   0.000       0.000       0.000       0.000       0.000                            0.1367E-06  0.1367E-06   0.000    
  30499200.0   10.25262357   10.2853   0.000       0.000      0.3272E-03  0.1325E-06 -0.1643      0.1640       0.000       0.000       0.000       0.000      -0.1142E-05   0.000       0.000       0.000       0.000       0.000                            0.1325E-06  0.1325E-06   0.000    
  30585600.0   10.25039506   10.2824   0.000       0.000      0.3205E-03  0.1290E-06 -0.1632      0.1628       0.000       0.000       0.000       0.000      -0.1115E-05   0.000       0.000       0.000       0.000       0.000                            0.1290E-06  0.1290E-06   0.000    
  30672000.0   10.24822936   10.2796   0.000       0.000      0.3142E-03  0.1253E-06 -0.1621      0.1618       0.000       0.000       0.000       0.000      -0.1086E-05   0.000       0.000       0.000       0.000       0.000                            0.1253E-06  0.1253E-06   0.000    
  30758400.0   10.24612214   10.2769   0.000       0.000      0.3081E-03  0.1219E-06 -0.1610      0.1607       0.000       0.000       0.000       0.000      -0.1060E-05   0.000       0.000       0.000       0.000       0.000                            0.1219E-06  0.1219E-06   0.000    
  30844800.0   10.24406923   10.2743   0.000       0.000      0.3024E-03  0.1188E-06 -0.1599      0.1596       0.000       0.000       0.000       0.000      -0.1035E-05   0.000       0.000       0.000       0.000       0.000                            0.1188E-06  0.1188E-06   0.000    
  30931200.0   10.24206227   10.2718   0.000       0.000      0.2969E-03  0.1161E-06 -0.1589      0.1586       0.000       0.000       0.000       0.000      -0.1015E-05   0.000       0.000       0.000       0.000       0.000                            0.1161E-06  0.1161E-06   0.000    
  31017600.0   10.24009952   10.2693   0.000       0.000      0.2916E-03  0.1136E-06 -0.1579      0.1576       0.000       0.000       0.000       0.000      -0.9951E-06   0.000       0.000       0.000       0.000       0.000                            0.1136E-06  0.1136E-06   0.000    
  31104000.0   10.23818378   10.2668   0.000       0.000      0.2866E-03  0.1109E-06 -0.1569      0.1566       0.000       0.000       0.000       0.000      -0.9736E-06   0.000       0.000       0.000       0.000       0.000                            0.1109E-06  0.1109E-06   0.000    
  31190400.0   10.23631180   10.2645   0.000       0.000      0.2818E-03  0.1083E-06 -0.1560      0.1557       0.000       0.000       0.000       0.000      -0.9536E-06   0.000       0.000       0.000       0.000       0.000                            0.1083E-06  0.1083E-06   0.000    
  31276800.0   10.23487177   10.2628   0.000       0.000      0.2792E-03  0.8333E-07 -0.1552      0.1549       0.000       0.000       0.000       0.000      -0.7350E-06   0.000       0.000       0.000       0.000       0.000                            0.8333E-07  0.8333E-07   0.000    
  31363200.0   10.23303482   10.2604   0.000       0.000      0.2741E-03  0.1063E-06 -0.1543      0.1540       0.000       0.000       0.000       0.000      -0.9395E-06   0.000       0.000       0.000       0.000       0.000                            0.1063E-06  0.1063E-06   0.000    
  31449600.0   10.23125203   10.2582   0.000       0.000      0.2696E-03  0.1032E-06 -0.1533      0.1531       0.000       0.000       0.000       0.000      -0.9138E-06   0.000       0.000       0.000       0.000       0.000                            0.1032E-06  0.1032E-06   0.000    
  31536000.0   10.22951603   10.2561   0.000       0.000      0.2655E-03  0.1005E-06 -0.1524      0.1522       0.000       0.000       0.000       0.000      -0.8916E-06   0.000       0.000       0.000       0.000       0.000                            0.1005E-06  0.1005E-06   0.000    
  31622400.0   10.22762852   10.2537   0.000       0.000      0.2605E-03  0.1092E-06 -0.1515      0.1512       0.000       0.000       0.000       0.000      -0.9715E-06   0.000       0.000       0.000       0.000       0.000                            0.1092E-06  0.1092E-06   0.000    
