   TOTIM (T)          HCON      HMAT     QDIR      QWELL        QMAT QCADS<->CON       QTUB1       QTUB2       QTUB3       QTUB4       QTUB5       QTUB6       NSTOR        QFIX        QLH     FHLQ (LQ)      CAUCHY CAUCHY (LQ) BREAK-DOWN CADS FLOW  QCADS<->CON    Q_CDSSTO    Q_CDSRCH
     86400.0   10.79356287   10.9144   0.000       0.000      0.1208E-02   0.000     -0.2712E-01  0.2591E-01   0.000       0.000       0.000       0.000        0.000       0.000       0.000       0.000       0.000       0.000                             0.000       0.000       0.000    
    172800.0   10.77602636   10.8956   0.000       0.000      0.1196E-02  0.1015E-05 -0.2685E-01  0.2565E-01   0.000       0.000       0.000       0.000        0.000       0.000       0.000       0.000       0.000       0.000                            0.1015E-05  0.1015E-05   0.000    
    259200.0   10.77638125   10.8959   0.000       0.000      0.1195E-02 -0.2054E-07 -0.2683E-01  0.2564E-01   0.000       0.000       0.000       0.000        0.000       0.000       0.000       0.000       0.000       0.000                           -0.2054E-07 -0.2054E-07   0.000    
    345600.0   10.77479118   10.8941   0.000       0.000      0.1193E-02  0.9202E-07 -0.2678E-01  0.2559E-01   0.000       0.000       0.000       0.000        0.000       0.000       0.000       0.000       0.000       0.000                            0.9202E-07  0.9202E-07   0.000    
    432000.0   10.78650294   10.9065   0.000       0.000      0.1200E-02 -0.6778E-06 -0.2694E-01  0.2574E-01   0.000       0.000       0.000       0.000        0.000       0.000       0.000       0.000       0.000       0.000                           -0.6778E-06 -0.6778E-06   0.000    
    518400.0   10.79345829   10.9140   0.000       0.000      0.1206E-02 -0.4025E-06 -0.2705E-01  0.2584E-01   0.000       0.000       0.000       0.000        0.000       0.000       0.000       0.000       0.000       0.000                           -0.4025E-06 -0.4025E-06   0.000    
    604800.0   10.79549338   10.9163   0.000       0.000      0.1208E-02 -0.1178E-06 -0.2710E-01  0.2589E-01   0.000       0.000       0.000       0.000        0.000       0.000       0.000       0.000       0.000       0.000                           -0.1178E-06 -0.1178E-06   0.000    
    691200.0   10.81344298   10.9355   0.000       0.000      0.1221E-02 -0.1039E-05 -0.2738E-01  0.2616E-01   0.000       0.000       0.000       0.000        0.000       0.000       0.000       0.000       0.000       0.000                           -0.1039E-05 -0.1039E-05   0.000    
    777600.0   10.86226049   10.9878   0.000       0.000      0.1255E-02 -0.2825E-05 -0.2812E-01  0.2687E-01   0.000       0.000       0.000       0.000        0.000       0.000       0.000       0.000       0.000       0.000                           -0.2825E-05 -0.2825E-05   0.000    
    864000.0   10.93417916   11.0647   0.000       0.000      0.1305E-02 -0.4162E-05 -0.2922E-01  0.2792E-01   0.000       0.000       0.000       0.000        0.000       0.000       0.000       0.000       0.000       0.000                           -0.4162E-05 -0.4162E-05   0.000    
    950400.0   10.96657538   11.0999   0.000       0.000      0.1334E-02 -0.1875E-05 -0.2984E-01  0.2851E-01   0.000       0.000       0.000       0.000        0.000       0.000       0.000       0.000       0.000       0.000                           -0.1875E-05 -0.1875E-05   0.000    
   1036800.0   11.04475804   11.1834   0.000       0.000      0.1387E-02 -0.4524E-05 -0.3104E-01  0.2966E-01   0.000       0.000       0.000       0.000        0.000       0.000       0.000       0.000       0.000       0.000                           -0.4524E-05 -0.4524E-05   0.000    
   1123200.0   11.18556635   11.3327   0.000       0.000      0.1472E-02 -0.8149E-05 -0.3293E-01  0.3146E-01   0.000       0.000       0.000       0.000        0.000       0.000       0.000       0.000       0.000       0.000                           -0.8149E-05 -0.8149E-05   0.000    
   1209600.0   11.16824794   11.3162   0.000       0.000      0.1479E-02  0.1002E-05 -0.3313E-01  0.3165E-01   0.000       0.000       0.000       0.000        0.000       0.000       0.000       0.000       0.000       0.000                            0.1002E-05  0.1002E-05   0.000    
   1296000.0   11.14737263   11.2952   0.000       0.000      0.1478E-02  0.1208E-05 -0.3322E-01  0.3174E-01   0.000       0.000       0.000       0.000        0.000       0.000       0.000       0.000       0.000       0.000                            0.1208E-05  0.1208E-05   0.000    
   1382400.0   11.12635561   11.2734   0.000       0.000      0.1470E-02  0.1216E-05 -0.3313E-01  0.3166E-01   0.000       0.000       0.000       0.000        0.000       0.000       0.000       0.000       0.000       0.000                            0.1216E-05  0.1216E-05   0.000    
   1468800.0   11.10552871   11.2515   0.000       0.000      0.1460E-02  0.1205E-05 -0.3297E-01  0.3151E-01   0.000       0.000       0.000       0.000        0.000       0.000       0.000       0.000       0.000       0.000                            0.1205E-05  0.1205E-05   0.000    
   1555200.0   11.08322644   11.2278   0.000       0.000      0.1446E-02  0.1291E-05 -0.3273E-01  0.3129E-01   0.000       0.000       0.000       0.000        0.000       0.000       0.000       0.000       0.000       0.000                            0.1291E-05  0.1291E-05   0.000    
   1641600.0   11.06083599   11.2039   0.000       0.000      0.1431E-02  0.1296E-05 -0.3245E-01  0.3102E-01   0.000       0.000       0.000       0.000        0.000       0.000       0.000       0.000       0.000       0.000                            0.1296E-05  0.1296E-05   0.000    
   1728000.0   11.04186669   11.1835   0.000       0.000      0.1416E-02  0.1098E-05 -0.3218E-01  0.3076E-01   0.000       0.000       0.000       0.000        0.000       0.000       0.000       0.000       0.000       0.000                            0.1098E-05  0.1098E-05   0.000    
   1814400.0   11.02516561   11.1654   0.000       0.000      0.1403E-02  0.9665E-06 -0.3192E-01  0.3052E-01   0.000       0.000       0.000       0.000        0.000       0.000       0.000       0.000       0.000       0.000                            0.9665E-06  0.9665E-06   0.000    
   1900800.0   11.00654923   11.1454   0.000       0.000      0.1388E-02  0.1077E-05 -0.3162E-01  0.3023E-01   0.000       0.000       0.000       0.000        0.000       0.000       0.000       0.000       0.000       0.000                            0.1077E-05  0.1077E-05   0.000    
   1987200.0   10.98941612   11.1269   0.000       0.000      0.1374E-02  0.9915E-06 -0.3133E-01  0.2996E-01   0.000       0.000       0.000       0.000        0.000       0.000       0.000       0.000       0.000       0.000                            0.9915E-06  0.9915E-06   0.000    
   2073600.0   10.97530490   11.1115   0.000       0.000      0.1362E-02  0.8166E-06 -0.3107E-01  0.2971E-01   0.000       0.000       0.000       0.000        0.000       0.000       0.000       0.000       0.000       0.000                            0.8166E-06  0.8166E-06   0.000    
   2160000.0   10.95895330   11.0939   0.000       0.000      0.1349E-02  0.9463E-06 -0.3078E-01  0.2943E-01   0.000       0.000       0.000       0.000        0.000       0.000       0.000       0.000       0.000       0.000                            0.9463E-06  0.9463E-06   0.000    
   2246400.0   10.94278885   11.0764   0.000       0.000      0.1336E-02  0.9354E-06 -0.3049E-01  0.2915E-01   0.000       0.000       0.000       0.000        0.000       0.000       0.000       0.000       0.000       0.000                            0.9354E-06  0.9354E-06   0.000    
   2332800.0   10.92706363   11.0594   0.000       0.000      0.1323E-02  0.9100E-06 -0.3019E-01  0.2886E-01   0.000       0.000       0.000       0.000        0.000       0.000       0.000       0.000       0.000       0.000                            0.9100E-06  0.9100E-06   0.000    
   2419200.0   10.91172697   11.0428   0.000       0.000      0.1311E-02  0.8875E-06 -0.2989E-01  0.2858E-01   0.000       0.000       0.000       0.000        0.000       0.000       0.000       0.000       0.000       0.000                            0.8875E-06  0.8875E-06   0.000    
   2505600.0   10.90482297   11.0352   0.000       0.000      0.1303E-02  0.3995E-06 -0.2970E-01  0.2840E-01   0.000       0.000       0.000       0.000        0.000       0.000       0.000       0.000       0.000       0.000                            0.3995E-06  0.3995E-06   0.000    
   2592000.0   10.89471457   11.0242   0.000       0.000      0.1295E-02  0.5850E-06 -0.2949E-01  0.2819E-01   0.000       0.000       0.000       0.000        0.000       0.000       0.000       0.000       0.000       0.000                            0.5850E-06  0.5850E-06   0.000    
   2678400.0   10.91367194   11.0442   0.000       0.000      0.1305E-02 -0.1097E-05 -0.2967E-01  0.2837E-01   0.000       0.000       0.000       0.000        0.000       0.000       0.000       0.000       0.000       0.000                           -0.1097E-05 -0.1097E-05   0.000    
   2764800.0   10.98910057   11.1241   0.000       0.000      0.1350E-02 -0.4365E-05 -0.3063E-01  0.2928E-01   0.000       0.000       0.000       0.000        0.000       0.000       0.000       0.000       0.000       0.000                           -0.4365E-05 -0.4365E-05   0.000    
   2851200.0   11.17456204   11.3203   0.000       0.000      0.1457E-02 -0.1073E-04 -0.3293E-01  0.3148E-01   0.000       0.000       0.000       0.000        0.000       0.000       0.000       0.000       0.000       0.000                           -0.1073E-04 -0.1073E-04   0.000    
   2937600.0   11.14096496   11.2867   0.000       0.000      0.1457E-02  0.1944E-05 -0.3289E-01  0.3143E-01   0.000       0.000       0.000       0.000        0.000       0.000       0.000       0.000       0.000       0.000                            0.1944E-05  0.1944E-05   0.000    
   3024000.0   11.14779431   11.2949   0.000       0.000      0.1471E-02 -0.3952E-06 -0.3326E-01  0.3178E-01   0.000       0.000       0.000       0.000        0.000       0.000       0.000       0.000       0.000       0.000                           -0.3952E-06 -0.3952E-06   0.000    
   3110400.0   11.14948338   11.2972   0.000       0.000      0.1477E-02 -0.9775E-07 -0.3342E-01  0.3194E-01   0.000       0.000       0.000       0.000        0.000       0.000       0.000       0.000       0.000       0.000                           -0.9775E-07 -0.9775E-07   0.000    
   3196800.0   11.13764189   11.2851   0.000       0.000      0.1474E-02  0.6853E-06 -0.3338E-01  0.3191E-01   0.000       0.000       0.000       0.000        0.000       0.000       0.000       0.000       0.000       0.000                            0.6853E-06  0.6853E-06   0.000    
   3283200.0   11.11959052   11.2662   0.000       0.000      0.1466E-02  0.1045E-05 -0.3324E-01  0.3177E-01   0.000       0.000       0.000       0.000        0.000       0.000       0.000       0.000       0.000       0.000                            0.1045E-05  0.1045E-05   0.000    
   3369600.0   11.12230182   11.2690   0.000       0.000      0.1467E-02 -0.1569E-06 -0.3329E-01  0.3182E-01   0.000       0.000       0.000       0.000        0.000       0.000       0.000       0.000       0.000       0.000                           -0.1569E-06 -0.1569E-06   0.000    
   3456000.0   11.13699337   11.2844   0.000       0.000      0.1474E-02 -0.8502E-06 -0.3346E-01  0.3198E-01   0.000       0.000       0.000       0.000        0.000       0.000       0.000       0.000       0.000       0.000                           -0.8502E-06 -0.8502E-06   0.000    
   3542400.0   11.15993957   11.3086   0.000       0.000      0.1487E-02 -0.1328E-05 -0.3376E-01  0.3227E-01   0.000       0.000       0.000       0.000        0.000       0.000       0.000       0.000       0.000       0.000                           -0.1328E-05 -0.1328E-05   0.000    
   3628800.0   11.16853661   11.3179   0.000       0.000      0.1493E-02 -0.4975E-06 -0.3392E-01  0.3242E-01   0.000       0.000       0.000       0.000        0.000       0.000       0.000       0.000       0.000       0.000                           -0.4975E-06 -0.4975E-06   0.000    
   3715200.0   11.15688793   11.3058   0.000       0.000      0.1489E-02  0.6741E-06 -0.3385E-01  0.3236E-01   0.000       0.000       0.000       0.000        0.000       0.000       0.000       0.000       0.000       0.000                            0.6741E-06  0.6741E-06   0.000    
   3801600.0   11.16062476   11.3098   0.000       0.000      0.1491E-02 -0.2163E-06 -0.3392E-01  0.3243E-01   0.000       0.000       0.000       0.000        0.000       0.000       0.000       0.000       0.000       0.000                           -0.2163E-06 -0.2163E-06   0.000    
   3888000.0   11.17351265   11.3233   0.000       0.000      0.1498E-02 -0.7458E-06 -0.3409E-01  0.3259E-01   0.000       0.000       0.000       0.000        0.000       0.000       0.000       0.000       0.000       0.000                           -0.7458E-06 -0.7458E-06   0.000    
   3974400.0   11.20244930   11.3539   0.000       0.000      0.1514E-02 -0.1675E-05 -0.3444E-01  0.3293E-01   0.000       0.000       0.000       0.000        0.000       0.000       0.000       0.000       0.000       0.000                           -0.1675E-05 -0.1675E-05   0.000    
   4060800.0   11.22582364   11.3786   0.000       0.000      0.1528E-02 -0.1353E-05 -0.3476E-01  0.3323E-01   0.000       0.000       0.000       0.000        0.000       0.000       0.000       0.000       0.000       0.000                           -0.1353E-05 -0.1353E-05   0.000    
   4147200.0   11.21413705   11.3667   0.000       0.000      0.1526E-02  0.6763E-06 -0.3473E-01  0.3320E-01   0.000       0.000       0.000       0.000        0.000       0.000       0.000       0.000       0.000       0.000                            0.6763E-06  0.6763E-06   0.000    
   4233600.0   11.19576630   11.3475   0.000       0.000      0.1518E-02  0.1063E-05 -0.3457E-01  0.3306E-01   0.000       0.000       0.000       0.000        0.000       0.000       0.000       0.000       0.000       0.000                            0.1063E-05  0.1063E-05   0.000    
   4320000.0   11.18041247   11.3314   0.000       0.000      0.1510E-02  0.8885E-06 -0.3441E-01  0.3290E-01   0.000       0.000       0.000       0.000        0.000       0.000       0.000       0.000       0.000       0.000                            0.8885E-06  0.8885E-06   0.000    
   4406400.0   11.16393172   11.3139   0.000       0.000      0.1499E-02  0.9537E-06 -0.3420E-01  0.3270E-01   0.000       0.000       0.000       0.000        0.000       0.000       0.000       0.000       0.000       0.000                            0.9537E-06  0.9537E-06   0.000    
   4492800.0   11.15074443   11.2998   0.000       0.000      0.1491E-02  0.7632E-06 -0.3401E-01  0.3252E-01   0.000       0.000       0.000       0.000        0.000       0.000       0.000       0.000       0.000       0.000                            0.7632E-06  0.7632E-06   0.000    
   4579200.0   11.13365549   11.2816   0.000       0.000      0.1479E-02  0.9889E-06 -0.3376E-01  0.3228E-01   0.000       0.000       0.000       0.000        0.000       0.000       0.000       0.000       0.000       0.000                            0.9889E-06  0.9889E-06   0.000    
   4665600.0   11.11559881   11.2623   0.000       0.000      0.1467E-02  0.1045E-05 -0.3349E-01  0.3202E-01   0.000       0.000       0.000       0.000        0.000       0.000       0.000       0.000       0.000       0.000                            0.1045E-05  0.1045E-05   0.000    
   4752000.0   11.14127193   11.2891   0.000       0.000      0.1478E-02 -0.1486E-05 -0.3371E-01  0.3224E-01   0.000       0.000       0.000       0.000        0.000       0.000       0.000       0.000       0.000       0.000                           -0.1486E-05 -0.1486E-05   0.000    
   4838400.0   11.17847362   11.3282   0.000       0.000      0.1497E-02 -0.2153E-05 -0.3411E-01  0.3261E-01   0.000       0.000       0.000       0.000        0.000       0.000       0.000       0.000       0.000       0.000                           -0.2153E-05 -0.2153E-05   0.000    
   4924800.0   11.22024187   11.3723   0.000       0.000      0.1521E-02 -0.2417E-05 -0.3461E-01  0.3309E-01   0.000       0.000       0.000       0.000        0.000       0.000       0.000       0.000       0.000       0.000                           -0.2417E-05 -0.2417E-05   0.000    
   5011200.0   11.24634256   11.4002   0.000       0.000      0.1539E-02 -0.1510E-05 -0.3499E-01  0.3346E-01   0.000       0.000       0.000       0.000        0.000       0.000       0.000       0.000       0.000       0.000                           -0.1510E-05 -0.1510E-05   0.000    
   5097600.0   11.23375677   11.3875   0.000       0.000      0.1537E-02  0.7283E-06 -0.3497E-01  0.3343E-01   0.000       0.000       0.000       0.000        0.000       0.000       0.000       0.000       0.000       0.000                            0.7283E-06  0.7283E-06   0.000    
   5184000.0   11.21513755   11.3682   0.000       0.000      0.1531E-02  0.1078E-05 -0.3484E-01  0.3331E-01   0.000       0.000       0.000       0.000        0.000       0.000       0.000       0.000       0.000       0.000                            0.1078E-05  0.1078E-05   0.000    
   5270400.0   11.19873664   11.3510   0.000       0.000      0.1522E-02  0.9491E-06 -0.3466E-01  0.3314E-01   0.000       0.000       0.000       0.000        0.000       0.000       0.000       0.000       0.000       0.000                            0.9491E-06  0.9491E-06   0.000    
   5356800.0   11.17991646   11.3311   0.000       0.000      0.1512E-02  0.1089E-05 -0.3443E-01  0.3292E-01   0.000       0.000       0.000       0.000        0.000       0.000       0.000       0.000       0.000       0.000                            0.1089E-05  0.1089E-05   0.000    
   5443200.0   11.18949297   11.3410   0.000       0.000      0.1515E-02 -0.5542E-06 -0.3449E-01  0.3298E-01   0.000       0.000       0.000       0.000        0.000       0.000       0.000       0.000       0.000       0.000                           -0.5542E-06 -0.5542E-06   0.000    
   5529600.0   11.20192016   11.3539   0.000       0.000      0.1520E-02 -0.7192E-06 -0.3460E-01  0.3308E-01   0.000       0.000       0.000       0.000        0.000       0.000       0.000       0.000       0.000       0.000                           -0.7192E-06 -0.7192E-06   0.000    
   5616000.0   11.21539369   11.3682   0.000       0.000      0.1528E-02 -0.7797E-06 -0.3476E-01  0.3323E-01   0.000       0.000       0.000       0.000        0.000       0.000       0.000       0.000       0.000       0.000                           -0.7797E-06 -0.7797E-06   0.000    
   5702400.0   11.22410929   11.3775   0.000       0.000      0.1534E-02 -0.5044E-06 -0.3488E-01  0.3335E-01   0.000       0.000       0.000       0.000        0.000       0.000       0.000       0.000       0.000       0.000                           -0.5044E-06 -0.5044E-06   0.000    
   5788800.0   11.21975684   11.3730   0.000       0.000      0.1533E-02  0.2519E-06 -0.3487E-01  0.3333E-01   0.000       0.000       0.000       0.000        0.000       0.000       0.000       0.000       0.000       0.000                            0.2519E-06  0.2519E-06   0.000    
   5875200.0   11.22066534   11.3741   0.000       0.000      0.1534E-02 -0.5258E-07 -0.3490E-01  0.3336E-01   0.000       0.000       0.000       0.000        0.000       0.000       0.000       0.000       0.000       0.000                           -0.5258E-07 -0.5258E-07   0.000    
   5961600.0   11.21647065   11.3697   0.000       0.000      0.1532E-02  0.2427E-06 -0.3486E-01  0.3332E-01   0.000       0.000       0.000       0.000        0.000       0.000       0.000       0.000       0.000       0.000                            0.2427E-06  0.2427E-06   0.000    
   6048000.0   11.20379051   11.3564   0.000       0.000      0.1526E-02  0.7338E-06 -0.3471E-01  0.3318E-01   0.000       0.000       0.000       0.000        0.000       0.000       0.000       0.000       0.000       0.000                            0.7338E-06  0.7338E-06   0.000    
   6134400.0   11.18720924   11.3389   0.000       0.000      0.1517E-02  0.9596E-06 -0.3452E-01  0.3300E-01   0.000       0.000       0.000       0.000        0.000       0.000       0.000       0.000       0.000       0.000                            0.9596E-06  0.9596E-06   0.000    
   6220800.0   11.16909792   11.3197   0.000       0.000      0.1506E-02  0.1048E-05 -0.3427E-01  0.3276E-01   0.000       0.000       0.000       0.000        0.000       0.000       0.000       0.000       0.000       0.000                            0.1048E-05  0.1048E-05   0.000    
   6307200.0   11.15032774   11.2997   0.000       0.000      0.1494E-02  0.1086E-05 -0.3400E-01  0.3251E-01   0.000       0.000       0.000       0.000        0.000       0.000       0.000       0.000       0.000       0.000                            0.1086E-05  0.1086E-05   0.000    
   6393600.0   11.13166871   11.2798   0.000       0.000      0.1481E-02  0.1080E-05 -0.3371E-01  0.3223E-01   0.000       0.000       0.000       0.000        0.000       0.000       0.000       0.000       0.000       0.000                            0.1080E-05  0.1080E-05   0.000    
   6480000.0   11.11315790   11.2601   0.000       0.000      0.1469E-02  0.1071E-05 -0.3342E-01  0.3195E-01   0.000       0.000       0.000       0.000        0.000       0.000       0.000       0.000       0.000       0.000                            0.1071E-05  0.1071E-05   0.000    
   6566400.0   11.09500484   11.2406   0.000       0.000      0.1456E-02  0.1051E-05 -0.3311E-01  0.3165E-01   0.000       0.000       0.000       0.000        0.000       0.000       0.000       0.000       0.000       0.000                            0.1051E-05  0.1051E-05   0.000    
   6652800.0   11.07705697   11.2214   0.000       0.000      0.1443E-02  0.1039E-05 -0.3281E-01  0.3136E-01   0.000       0.000       0.000       0.000        0.000       0.000       0.000       0.000       0.000       0.000                            0.1039E-05  0.1039E-05   0.000    
   6739200.0   11.05975663   11.2028   0.000       0.000      0.1430E-02  0.1001E-05 -0.3250E-01  0.3107E-01   0.000       0.000       0.000       0.000        0.000       0.000       0.000       0.000       0.000       0.000                            0.1001E-05  0.1001E-05   0.000    
   6825600.0   11.04249014   11.1843   0.000       0.000      0.1418E-02  0.9992E-06 -0.3219E-01  0.3078E-01   0.000       0.000       0.000       0.000        0.000       0.000       0.000       0.000       0.000       0.000                            0.9992E-06  0.9992E-06   0.000    
   6912000.0   11.02551186   11.1660   0.000       0.000      0.1405E-02  0.9825E-06 -0.3188E-01  0.3047E-01   0.000       0.000       0.000       0.000        0.000       0.000       0.000       0.000       0.000       0.000                            0.9825E-06  0.9825E-06   0.000    
   6998400.0   11.00883370   11.1481   0.000       0.000      0.1392E-02  0.9652E-06 -0.3158E-01  0.3018E-01   0.000       0.000       0.000       0.000        0.000       0.000       0.000       0.000       0.000       0.000                            0.9652E-06  0.9652E-06   0.000    
   7084800.0   10.99281791   11.1308   0.000       0.000      0.1380E-02  0.9268E-06 -0.3127E-01  0.2989E-01   0.000       0.000       0.000       0.000        0.000       0.000       0.000       0.000       0.000       0.000                            0.9268E-06  0.9268E-06   0.000    
   7171200.0   10.97736821   11.1142   0.000       0.000      0.1368E-02  0.8941E-06 -0.3097E-01  0.2960E-01   0.000       0.000       0.000       0.000        0.000       0.000       0.000       0.000       0.000       0.000                            0.8941E-06  0.8941E-06   0.000    
   7257600.0   10.96231442   11.0980   0.000       0.000      0.1357E-02  0.8712E-06 -0.3068E-01  0.2932E-01   0.000       0.000       0.000       0.000        0.000       0.000       0.000       0.000       0.000       0.000                            0.8712E-06  0.8712E-06   0.000    
   7344000.0   10.94786390   11.0824   0.000       0.000      0.1345E-02  0.8363E-06 -0.3039E-01  0.2904E-01   0.000       0.000       0.000       0.000        0.000       0.000       0.000       0.000       0.000       0.000                            0.8363E-06  0.8363E-06   0.000    
   7430400.0   10.93484925   11.0683   0.000       0.000      0.1335E-02  0.7532E-06 -0.3012E-01  0.2879E-01   0.000       0.000       0.000       0.000        0.000       0.000       0.000       0.000       0.000       0.000                            0.7532E-06  0.7532E-06   0.000    
   7516800.0   10.92209871   11.0545   0.000       0.000      0.1324E-02  0.7379E-06 -0.2986E-01  0.2853E-01   0.000       0.000       0.000       0.000        0.000       0.000       0.000       0.000       0.000       0.000                            0.7379E-06  0.7379E-06   0.000    
   7603200.0   10.90897823   11.0404   0.000       0.000      0.1314E-02  0.7593E-06 -0.2959E-01  0.2828E-01   0.000       0.000       0.000       0.000        0.000       0.000       0.000       0.000       0.000       0.000                            0.7593E-06  0.7593E-06   0.000    
   7689600.0   10.89633796   11.0267   0.000       0.000      0.1304E-02  0.7315E-06 -0.2933E-01  0.2802E-01   0.000       0.000       0.000       0.000        0.000       0.000       0.000       0.000       0.000       0.000                            0.7315E-06  0.7315E-06   0.000    
   7776000.0   10.88457709   11.0140   0.000       0.000      0.1294E-02  0.6806E-06 -0.2908E-01  0.2779E-01   0.000       0.000       0.000       0.000        0.000       0.000       0.000       0.000       0.000       0.000                            0.6806E-06  0.6806E-06   0.000    
   7862400.0   10.87276583   11.0012   0.000       0.000      0.1285E-02  0.6835E-06 -0.2883E-01  0.2754E-01   0.000       0.000       0.000       0.000        0.000       0.000       0.000       0.000       0.000       0.000                            0.6835E-06  0.6835E-06   0.000    
   7948800.0   10.86126580   10.9888   0.000       0.000      0.1275E-02  0.6655E-06 -0.2859E-01  0.2731E-01   0.000       0.000       0.000       0.000        0.000       0.000       0.000       0.000       0.000       0.000                            0.6655E-06  0.6655E-06   0.000    
   8035200.0   10.85020573   10.9768   0.000       0.000      0.1266E-02  0.6401E-06 -0.2835E-01  0.2708E-01   0.000       0.000       0.000       0.000        0.000       0.000       0.000       0.000       0.000       0.000                            0.6401E-06  0.6401E-06   0.000    
   8121600.0   10.83940101   10.9651   0.000       0.000      0.1257E-02  0.6253E-06 -0.2812E-01  0.2686E-01   0.000       0.000       0.000       0.000        0.000       0.000       0.000       0.000       0.000       0.000                            0.6253E-06  0.6253E-06   0.000    
   8208000.0   10.82900250   10.9538   0.000       0.000      0.1248E-02  0.6018E-06 -0.2789E-01  0.2664E-01   0.000       0.000       0.000       0.000        0.000       0.000       0.000       0.000       0.000       0.000                            0.6018E-06  0.6018E-06   0.000    
   8294400.0   10.81881397   10.9428   0.000       0.000      0.1240E-02  0.5896E-06 -0.2767E-01  0.2643E-01   0.000       0.000       0.000       0.000        0.000       0.000       0.000       0.000       0.000       0.000                            0.5896E-06  0.5896E-06   0.000    
   8380800.0   10.86454012   10.9913   0.000       0.000      0.1268E-02 -0.2646E-05 -0.2826E-01  0.2699E-01   0.000       0.000       0.000       0.000        0.000       0.000       0.000       0.000       0.000       0.000                           -0.2646E-05 -0.2646E-05   0.000    
   8467200.0   10.86903869   10.9964   0.000       0.000      0.1274E-02 -0.2603E-06 -0.2833E-01  0.2706E-01   0.000       0.000       0.000       0.000        0.000       0.000       0.000       0.000       0.000       0.000                           -0.2603E-06 -0.2603E-06   0.000    
   8553600.0   10.86983013   10.9975   0.000       0.000      0.1277E-02 -0.4580E-07 -0.2838E-01  0.2711E-01   0.000       0.000       0.000       0.000        0.000       0.000       0.000       0.000       0.000       0.000                           -0.4580E-07 -0.4580E-07   0.000    
   8640000.0   10.86574119   10.9933   0.000       0.000      0.1275E-02  0.2366E-06 -0.2835E-01  0.2707E-01   0.000       0.000       0.000       0.000        0.000       0.000       0.000       0.000       0.000       0.000                            0.2366E-06  0.2366E-06   0.000    
   8726400.0   10.85918610   10.9864   0.000       0.000      0.1272E-02  0.3793E-06 -0.2826E-01  0.2699E-01   0.000       0.000       0.000       0.000        0.000       0.000       0.000       0.000       0.000       0.000                            0.3793E-06  0.3793E-06   0.000    
   8812800.0   10.85142556   10.9781   0.000       0.000      0.1267E-02  0.4491E-06 -0.2814E-01  0.2687E-01   0.000       0.000       0.000       0.000        0.000       0.000       0.000       0.000       0.000       0.000                            0.4491E-06  0.4491E-06   0.000    
   8899200.0   10.84159251   10.9676   0.000       0.000      0.1260E-02  0.5690E-06 -0.2798E-01  0.2672E-01   0.000       0.000       0.000       0.000        0.000       0.000       0.000       0.000       0.000       0.000                            0.5690E-06  0.5690E-06   0.000    
   8985600.0   10.83830878   10.9640   0.000       0.000      0.1257E-02  0.1900E-06 -0.2790E-01  0.2664E-01   0.000       0.000       0.000       0.000        0.000       0.000       0.000       0.000       0.000       0.000                            0.1900E-06  0.1900E-06   0.000    
   9072000.0   10.84602803   10.9721   0.000       0.000      0.1261E-02 -0.4467E-06 -0.2798E-01  0.2672E-01   0.000       0.000       0.000       0.000        0.000       0.000       0.000       0.000       0.000       0.000                           -0.4467E-06 -0.4467E-06   0.000    
   9158400.0   10.84213419   10.9679   0.000       0.000      0.1258E-02  0.2253E-06 -0.2791E-01  0.2665E-01   0.000       0.000       0.000       0.000        0.000       0.000       0.000       0.000       0.000       0.000                            0.2253E-06  0.2253E-06   0.000    
   9244800.0   10.86988191   10.9975   0.000       0.000      0.1276E-02 -0.1606E-05 -0.2831E-01  0.2703E-01   0.000       0.000       0.000       0.000        0.000       0.000       0.000       0.000       0.000       0.000                           -0.1606E-05 -0.1606E-05   0.000    
   9331200.0   10.94024511   11.0724   0.000       0.000      0.1322E-02 -0.4072E-05 -0.2929E-01  0.2797E-01   0.000       0.000       0.000       0.000        0.000       0.000       0.000       0.000       0.000       0.000                           -0.4072E-05 -0.4072E-05   0.000    
   9417600.0   11.11175813   11.2544   0.000       0.000      0.1426E-02 -0.9926E-05 -0.3155E-01  0.3014E-01   0.000       0.000       0.000       0.000        0.000       0.000       0.000       0.000       0.000       0.000                           -0.9926E-05 -0.9926E-05   0.000    
   9504000.0   11.23816135   11.3889   0.000       0.000      0.1508E-02 -0.7315E-05 -0.3332E-01  0.3182E-01   0.000       0.000       0.000       0.000        0.000       0.000       0.000       0.000       0.000       0.000                           -0.7315E-05 -0.7315E-05   0.000    
   9590400.0   11.21561340   11.3672   0.000       0.000      0.1516E-02  0.1305E-05 -0.3357E-01  0.3205E-01   0.000       0.000       0.000       0.000        0.000       0.000       0.000       0.000       0.000       0.000                            0.1305E-05  0.1305E-05   0.000    
   9676800.0   11.18746728   11.3388   0.000       0.000      0.1513E-02  0.1629E-05 -0.3361E-01  0.3210E-01   0.000       0.000       0.000       0.000        0.000       0.000       0.000       0.000       0.000       0.000                            0.1629E-05  0.1629E-05   0.000    
   9763200.0   11.15732149   11.3075   0.000       0.000      0.1502E-02  0.1745E-05 -0.3345E-01  0.3194E-01   0.000       0.000       0.000       0.000        0.000       0.000       0.000       0.000       0.000       0.000                            0.1745E-05  0.1745E-05   0.000    
   9849600.0   11.12853656   11.2772   0.000       0.000      0.1487E-02  0.1666E-05 -0.3319E-01  0.3170E-01   0.000       0.000       0.000       0.000        0.000       0.000       0.000       0.000       0.000       0.000                            0.1666E-05  0.1666E-05   0.000    
   9936000.0   11.14704107   11.2964   0.000       0.000      0.1494E-02 -0.1071E-05 -0.3340E-01  0.3191E-01   0.000       0.000       0.000       0.000        0.000       0.000       0.000       0.000       0.000       0.000                           -0.1071E-05 -0.1071E-05   0.000    
  10022400.0   11.16237675   11.3125   0.000       0.000      0.1501E-02 -0.8875E-06 -0.3361E-01  0.3211E-01   0.000       0.000       0.000       0.000        0.000       0.000       0.000       0.000       0.000       0.000                           -0.8875E-06 -0.8875E-06   0.000    
  10108800.0   11.16704377   11.3175   0.000       0.000      0.1504E-02 -0.2701E-06 -0.3373E-01  0.3222E-01   0.000       0.000       0.000       0.000        0.000       0.000       0.000       0.000       0.000       0.000                           -0.2701E-06 -0.2701E-06   0.000    
  10195200.0   11.17959791   11.3307   0.000       0.000      0.1511E-02 -0.7265E-06 -0.3392E-01  0.3241E-01   0.000       0.000       0.000       0.000        0.000       0.000       0.000       0.000       0.000       0.000                           -0.7265E-06 -0.7265E-06   0.000    
  10281600.0   11.18632373   11.3379   0.000       0.000      0.1515E-02 -0.3892E-06 -0.3406E-01  0.3254E-01   0.000       0.000       0.000       0.000        0.000       0.000       0.000       0.000       0.000       0.000                           -0.3892E-06 -0.3892E-06   0.000    
  10368000.0   11.17400716   11.3250   0.000       0.000      0.1510E-02  0.7128E-06 -0.3399E-01  0.3248E-01   0.000       0.000       0.000       0.000        0.000       0.000       0.000       0.000       0.000       0.000                            0.7128E-06  0.7128E-06   0.000    
  10454400.0   11.15499066   11.3050   0.000       0.000      0.1500E-02  0.1100E-05 -0.3380E-01  0.3230E-01   0.000       0.000       0.000       0.000        0.000       0.000       0.000       0.000       0.000       0.000                            0.1100E-05  0.1100E-05   0.000    
  10540800.0   11.15398926   11.3038   0.000       0.000      0.1498E-02  0.5795E-07 -0.3378E-01  0.3228E-01   0.000       0.000       0.000       0.000        0.000       0.000       0.000       0.000       0.000       0.000                            0.5795E-07  0.5795E-07   0.000    
  10627200.0   11.16228274   11.3124   0.000       0.000      0.1501E-02 -0.4799E-06 -0.3386E-01  0.3236E-01   0.000       0.000       0.000       0.000        0.000       0.000       0.000       0.000       0.000       0.000                           -0.4799E-06 -0.4799E-06   0.000    
  10713600.0   11.16289828   11.3130   0.000       0.000      0.1501E-02 -0.3562E-07 -0.3388E-01  0.3238E-01   0.000       0.000       0.000       0.000        0.000       0.000       0.000       0.000       0.000       0.000                           -0.3562E-07 -0.3562E-07   0.000    
  10800000.0   11.15365765   11.3032   0.000       0.000      0.1496E-02  0.5348E-06 -0.3378E-01  0.3228E-01   0.000       0.000       0.000       0.000        0.000       0.000       0.000       0.000       0.000       0.000                            0.5348E-06  0.5348E-06   0.000    
  10886400.0   11.13816550   11.2869   0.000       0.000      0.1487E-02  0.8965E-06 -0.3361E-01  0.3212E-01   0.000       0.000       0.000       0.000        0.000       0.000       0.000       0.000       0.000       0.000                            0.8965E-06  0.8965E-06   0.000    
  10972800.0   11.11958306   11.2671   0.000       0.000      0.1475E-02  0.1075E-05 -0.3336E-01  0.3188E-01   0.000       0.000       0.000       0.000        0.000       0.000       0.000       0.000       0.000       0.000                            0.1075E-05  0.1075E-05   0.000    
  11059200.0   11.09784007   11.2440   0.000       0.000      0.1461E-02  0.1258E-05 -0.3306E-01  0.3160E-01   0.000       0.000       0.000       0.000        0.000       0.000       0.000       0.000       0.000       0.000                            0.1258E-05  0.1258E-05   0.000    
  11145600.0   11.07596601   11.2206   0.000       0.000      0.1447E-02  0.1266E-05 -0.3273E-01  0.3128E-01   0.000       0.000       0.000       0.000        0.000       0.000       0.000       0.000       0.000       0.000                            0.1266E-05  0.1266E-05   0.000    
  11232000.0   11.05508205   11.1982   0.000       0.000      0.1431E-02  0.1209E-05 -0.3239E-01  0.3096E-01   0.000       0.000       0.000       0.000        0.000       0.000       0.000       0.000       0.000       0.000                            0.1209E-05  0.1209E-05   0.000    
  11318400.0   11.03501356   11.1767   0.000       0.000      0.1417E-02  0.1161E-05 -0.3205E-01  0.3063E-01   0.000       0.000       0.000       0.000        0.000       0.000       0.000       0.000       0.000       0.000                            0.1161E-05  0.1161E-05   0.000    
  11404800.0   11.03918202   11.1807   0.000       0.000      0.1415E-02 -0.2412E-06 -0.3201E-01  0.3059E-01   0.000       0.000       0.000       0.000        0.000       0.000       0.000       0.000       0.000       0.000                           -0.2412E-06 -0.2412E-06   0.000    
  11491200.0   11.02148996   11.1618   0.000       0.000      0.1403E-02  0.1024E-05 -0.3171E-01  0.3030E-01   0.000       0.000       0.000       0.000        0.000       0.000       0.000       0.000       0.000       0.000                            0.1024E-05  0.1024E-05   0.000    
  11577600.0   11.04742750   11.1890   0.000       0.000      0.1415E-02 -0.1501E-05 -0.3196E-01  0.3055E-01   0.000       0.000       0.000       0.000        0.000       0.000       0.000       0.000       0.000       0.000                           -0.1501E-05 -0.1501E-05   0.000    
  11664000.0   11.11975854   11.2653   0.000       0.000      0.1456E-02 -0.4186E-05 -0.3280E-01  0.3135E-01   0.000       0.000       0.000       0.000        0.000       0.000       0.000       0.000       0.000       0.000                           -0.4186E-05 -0.4186E-05   0.000    
  11750400.0   11.29313712   11.4480   0.000       0.000      0.1548E-02 -0.1003E-04 -0.3479E-01  0.3325E-01   0.000       0.000       0.000       0.000        0.000       0.000       0.000       0.000       0.000       0.000                           -0.1003E-04 -0.1003E-04   0.000    
  11836800.0   11.26050576   11.4153   0.000       0.000      0.1548E-02  0.1888E-05 -0.3476E-01  0.3321E-01   0.000       0.000       0.000       0.000        0.000       0.000       0.000       0.000       0.000       0.000                            0.1888E-05  0.1888E-05   0.000    
  11923200.0   11.23069483   11.3849   0.000       0.000      0.1542E-02  0.1725E-05 -0.3471E-01  0.3316E-01   0.000       0.000       0.000       0.000        0.000       0.000       0.000       0.000       0.000       0.000                            0.1725E-05  0.1725E-05   0.000    
  12009600.0   11.20294019   11.3560   0.000       0.000      0.1531E-02  0.1606E-05 -0.3449E-01  0.3295E-01   0.000       0.000       0.000       0.000        0.000       0.000       0.000       0.000       0.000       0.000                            0.1606E-05  0.1606E-05   0.000    
  12096000.0   11.19588809   11.3486   0.000       0.000      0.1527E-02  0.4081E-06 -0.3442E-01  0.3289E-01   0.000       0.000       0.000       0.000        0.000       0.000       0.000       0.000       0.000       0.000                            0.4081E-06  0.4081E-06   0.000    
  12182400.0   11.18659163   11.3388   0.000       0.000      0.1522E-02  0.5380E-06 -0.3431E-01  0.3279E-01   0.000       0.000       0.000       0.000        0.000       0.000       0.000       0.000       0.000       0.000                            0.5380E-06  0.5380E-06   0.000    
  12268800.0   11.17133803   11.3226   0.000       0.000      0.1512E-02  0.8827E-06 -0.3413E-01  0.3261E-01   0.000       0.000       0.000       0.000        0.000       0.000       0.000       0.000       0.000       0.000                            0.8827E-06  0.8827E-06   0.000    
  12355200.0   11.15238188   11.3025   0.000       0.000      0.1501E-02  0.1097E-05 -0.3389E-01  0.3239E-01   0.000       0.000       0.000       0.000        0.000       0.000       0.000       0.000       0.000       0.000                            0.1097E-05  0.1097E-05   0.000    
  12441600.0   11.13881668   11.2879   0.000       0.000      0.1491E-02  0.7850E-06 -0.3368E-01  0.3219E-01   0.000       0.000       0.000       0.000        0.000       0.000       0.000       0.000       0.000       0.000                            0.7850E-06  0.7850E-06   0.000    
  12528000.0   11.18416442   11.3354   0.000       0.000      0.1512E-02 -0.2624E-05 -0.3414E-01  0.3263E-01   0.000       0.000       0.000       0.000        0.000       0.000       0.000       0.000       0.000       0.000                           -0.2624E-05 -0.2624E-05   0.000    
  12614400.0   11.23647892   11.3904   0.000       0.000      0.1539E-02 -0.3027E-05 -0.3472E-01  0.3319E-01   0.000       0.000       0.000       0.000        0.000       0.000       0.000       0.000       0.000       0.000                           -0.3027E-05 -0.3027E-05   0.000    
  12700800.0   11.22819961   11.3822   0.000       0.000      0.1540E-02  0.4791E-06 -0.3474E-01  0.3320E-01   0.000       0.000       0.000       0.000        0.000       0.000       0.000       0.000       0.000       0.000                            0.4791E-06  0.4791E-06   0.000    
  12787200.0   11.21258244   11.3661   0.000       0.000      0.1535E-02  0.9038E-06 -0.3465E-01  0.3312E-01   0.000       0.000       0.000       0.000        0.000       0.000       0.000       0.000       0.000       0.000                            0.9038E-06  0.9038E-06   0.000    
  12873600.0   11.19165966   11.3442   0.000       0.000      0.1525E-02  0.1211E-05 -0.3445E-01  0.3292E-01   0.000       0.000       0.000       0.000        0.000       0.000       0.000       0.000       0.000       0.000                            0.1211E-05  0.1211E-05   0.000    
  12960000.0   11.19629981   11.3489   0.000       0.000      0.1526E-02 -0.2685E-06 -0.3448E-01  0.3295E-01   0.000       0.000       0.000       0.000        0.000       0.000       0.000       0.000       0.000       0.000                           -0.2685E-06 -0.2685E-06   0.000    
  13046400.0   11.18692112   11.3390   0.000       0.000      0.1521E-02  0.5427E-06 -0.3436E-01  0.3284E-01   0.000       0.000       0.000       0.000        0.000       0.000       0.000       0.000       0.000       0.000                            0.5427E-06  0.5427E-06   0.000    
  13132800.0   11.17304492   11.3243   0.000       0.000      0.1513E-02  0.8030E-06 -0.3418E-01  0.3267E-01   0.000       0.000       0.000       0.000        0.000       0.000       0.000       0.000       0.000       0.000                            0.8030E-06  0.8030E-06   0.000    
  13219200.0   11.16324314   11.3138   0.000       0.000      0.1506E-02  0.5672E-06 -0.3404E-01  0.3253E-01   0.000       0.000       0.000       0.000        0.000       0.000       0.000       0.000       0.000       0.000                            0.5672E-06  0.5672E-06   0.000    
  13305600.0   11.14894273   11.2987   0.000       0.000      0.1497E-02  0.8276E-06 -0.3384E-01  0.3234E-01   0.000       0.000       0.000       0.000        0.000       0.000       0.000       0.000       0.000       0.000                            0.8276E-06  0.8276E-06   0.000    
  13392000.0   11.17020698   11.3208   0.000       0.000      0.1506E-02 -0.1231E-05 -0.3403E-01  0.3252E-01   0.000       0.000       0.000       0.000        0.000       0.000       0.000       0.000       0.000       0.000                           -0.1231E-05 -0.1231E-05   0.000    
  13478400.0   11.18618999   11.3376   0.000       0.000      0.1515E-02 -0.9249E-06 -0.3419E-01  0.3268E-01   0.000       0.000       0.000       0.000        0.000       0.000       0.000       0.000       0.000       0.000                           -0.9249E-06 -0.9249E-06   0.000    
  13564800.0   11.18170643   11.3331   0.000       0.000      0.1514E-02  0.2595E-06 -0.3417E-01  0.3265E-01   0.000       0.000       0.000       0.000        0.000       0.000       0.000       0.000       0.000       0.000                            0.2595E-06  0.2595E-06   0.000    
  13651200.0   11.17216983   11.3231   0.000       0.000      0.1509E-02  0.5519E-06 -0.3407E-01  0.3256E-01   0.000       0.000       0.000       0.000        0.000       0.000       0.000       0.000       0.000       0.000                            0.5519E-06  0.5519E-06   0.000    
  13737600.0   11.15851479   11.3087   0.000       0.000      0.1502E-02  0.7902E-06 -0.3391E-01  0.3241E-01   0.000       0.000       0.000       0.000        0.000       0.000       0.000       0.000       0.000       0.000                            0.7902E-06  0.7902E-06   0.000    
  13824000.0   11.20295666   11.3553   0.000       0.000      0.1524E-02 -0.2572E-05 -0.3438E-01  0.3286E-01   0.000       0.000       0.000       0.000        0.000       0.000       0.000       0.000       0.000       0.000                           -0.2572E-05 -0.2572E-05   0.000    
  13910400.0   11.26686449   11.4226   0.000       0.000      0.1558E-02 -0.3698E-05 -0.3510E-01  0.3354E-01   0.000       0.000       0.000       0.000        0.000       0.000       0.000       0.000       0.000       0.000                           -0.3698E-05 -0.3698E-05   0.000    
  13996800.0   11.26547978   11.4218   0.000       0.000      0.1563E-02  0.8013E-07 -0.3521E-01  0.3364E-01   0.000       0.000       0.000       0.000        0.000       0.000       0.000       0.000       0.000       0.000                            0.8013E-07  0.8013E-07   0.000    
  14083200.0   11.25093764   11.4069   0.000       0.000      0.1560E-02  0.8416E-06 -0.3516E-01  0.3360E-01   0.000       0.000       0.000       0.000        0.000       0.000       0.000       0.000       0.000       0.000                            0.8416E-06  0.8416E-06   0.000    
  14169600.0   11.26559038   11.4224   0.000       0.000      0.1569E-02 -0.8480E-06 -0.3537E-01  0.3380E-01   0.000       0.000       0.000       0.000        0.000       0.000       0.000       0.000       0.000       0.000                           -0.8480E-06 -0.8480E-06   0.000    
  14256000.0   11.27782577   11.4354   0.000       0.000      0.1576E-02 -0.7081E-06 -0.3554E-01  0.3396E-01   0.000       0.000       0.000       0.000        0.000       0.000       0.000       0.000       0.000       0.000                           -0.7081E-06 -0.7081E-06   0.000    
  14342400.0   11.33915572   11.4998   0.000       0.000      0.1607E-02 -0.3549E-05 -0.3622E-01  0.3461E-01   0.000       0.000       0.000       0.000        0.000       0.000       0.000       0.000       0.000       0.000                           -0.3549E-05 -0.3549E-05   0.000    
  14428800.0   11.49700676   11.6653   0.000       0.000      0.1682E-02 -0.9135E-05 -0.3786E-01  0.3619E-01   0.000       0.000       0.000       0.000        0.000       0.000       0.000       0.000       0.000       0.000                           -0.9135E-05 -0.9135E-05   0.000    
  14515200.0   11.49324335   11.6627   0.000       0.000      0.1694E-02  0.2178E-06 -0.3812E-01  0.3643E-01   0.000       0.000       0.000       0.000        0.000       0.000       0.000       0.000       0.000       0.000                            0.2178E-06  0.2178E-06   0.000    
  14601600.0   11.51756423   11.6889   0.000       0.000      0.1714E-02 -0.1407E-05 -0.3863E-01  0.3692E-01   0.000       0.000       0.000       0.000        0.000       0.000       0.000       0.000       0.000       0.000                           -0.1407E-05 -0.1407E-05   0.000    
  14688000.0   11.57019510   11.7445   0.000       0.000      0.1743E-02 -0.3046E-05 -0.3930E-01  0.3756E-01   0.000       0.000       0.000       0.000        0.000       0.000       0.000       0.000       0.000       0.000                           -0.3046E-05 -0.3046E-05   0.000    
  14774400.0   11.58931681   11.7651   0.000       0.000      0.1758E-02 -0.1107E-05 -0.3967E-01  0.3792E-01   0.000       0.000       0.000       0.000        0.000       0.000       0.000       0.000       0.000       0.000                           -0.1107E-05 -0.1107E-05   0.000    
  14860800.0   11.57947765   11.7554   0.000       0.000      0.1759E-02  0.5694E-06 -0.3977E-01  0.3801E-01   0.000       0.000       0.000       0.000        0.000       0.000       0.000       0.000       0.000       0.000                            0.5694E-06  0.5694E-06   0.000    
  14947200.0   11.56585547   11.7415   0.000       0.000      0.1757E-02  0.7883E-06 -0.3977E-01  0.3802E-01   0.000       0.000       0.000       0.000        0.000       0.000       0.000       0.000       0.000       0.000                            0.7883E-06  0.7883E-06   0.000    
  15033600.0   11.54387624   11.7188   0.000       0.000      0.1749E-02  0.1272E-05 -0.3965E-01  0.3790E-01   0.000       0.000       0.000       0.000        0.000       0.000       0.000       0.000       0.000       0.000                            0.1272E-05  0.1272E-05   0.000    
  15120000.0   11.51827419   11.6920   0.000       0.000      0.1737E-02  0.1482E-05 -0.3943E-01  0.3770E-01   0.000       0.000       0.000       0.000        0.000       0.000       0.000       0.000       0.000       0.000                            0.1482E-05  0.1482E-05   0.000    
  15206400.0   11.48879044   11.6610   0.000       0.000      0.1723E-02  0.1706E-05 -0.3915E-01  0.3743E-01   0.000       0.000       0.000       0.000        0.000       0.000       0.000       0.000       0.000       0.000                            0.1706E-05  0.1706E-05   0.000    
  15292800.0   11.45750907   11.6280   0.000       0.000      0.1705E-02  0.1810E-05 -0.3880E-01  0.3709E-01   0.000       0.000       0.000       0.000        0.000       0.000       0.000       0.000       0.000       0.000                            0.1810E-05  0.1810E-05   0.000    
  15379200.0   11.49746971   11.6693   0.000       0.000      0.1719E-02 -0.2313E-05 -0.3910E-01  0.3738E-01   0.000       0.000       0.000       0.000        0.000       0.000       0.000       0.000       0.000       0.000                           -0.2313E-05 -0.2313E-05   0.000    
  15465600.0   11.51651509   11.6891   0.000       0.000      0.1726E-02 -0.1102E-05 -0.3926E-01  0.3753E-01   0.000       0.000       0.000       0.000        0.000       0.000       0.000       0.000       0.000       0.000                           -0.1102E-05 -0.1102E-05   0.000    
  15552000.0   11.50185634   11.6740   0.000       0.000      0.1721E-02  0.8483E-06 -0.3916E-01  0.3744E-01   0.000       0.000       0.000       0.000        0.000       0.000       0.000       0.000       0.000       0.000                            0.8483E-06  0.8483E-06   0.000    
  15638400.0   11.47487412   11.6459   0.000       0.000      0.1710E-02  0.1561E-05 -0.3893E-01  0.3721E-01   0.000       0.000       0.000       0.000        0.000       0.000       0.000       0.000       0.000       0.000                            0.1561E-05  0.1561E-05   0.000    
  15724800.0   11.44630002   11.6159   0.000       0.000      0.1696E-02  0.1654E-05 -0.3862E-01  0.3693E-01   0.000       0.000       0.000       0.000        0.000       0.000       0.000       0.000       0.000       0.000                            0.1654E-05  0.1654E-05   0.000    
  15811200.0   11.41786169   11.5859   0.000       0.000      0.1680E-02  0.1646E-05 -0.3828E-01  0.3660E-01   0.000       0.000       0.000       0.000        0.000       0.000       0.000       0.000       0.000       0.000                            0.1646E-05  0.1646E-05   0.000    
  15897600.0   11.39054856   11.5570   0.000       0.000      0.1665E-02  0.1581E-05 -0.3792E-01  0.3625E-01   0.000       0.000       0.000       0.000        0.000       0.000       0.000       0.000       0.000       0.000                            0.1581E-05  0.1581E-05   0.000    
  15984000.0   11.37108821   11.5363   0.000       0.000      0.1652E-02  0.1126E-05 -0.3762E-01  0.3597E-01   0.000       0.000       0.000       0.000        0.000       0.000       0.000       0.000       0.000       0.000                            0.1126E-05  0.1126E-05   0.000    
  16070400.0   11.34626168   11.5099   0.000       0.000      0.1636E-02  0.1437E-05 -0.3726E-01  0.3562E-01   0.000       0.000       0.000       0.000        0.000       0.000       0.000       0.000       0.000       0.000                            0.1437E-05  0.1437E-05   0.000    
  16156800.0   11.32201547   11.4841   0.000       0.000      0.1621E-02  0.1403E-05 -0.3691E-01  0.3528E-01   0.000       0.000       0.000       0.000        0.000       0.000       0.000       0.000       0.000       0.000                            0.1403E-05  0.1403E-05   0.000    
  16243200.0   11.29822335   11.4588   0.000       0.000      0.1606E-02  0.1377E-05 -0.3654E-01  0.3493E-01   0.000       0.000       0.000       0.000        0.000       0.000       0.000       0.000       0.000       0.000                            0.1377E-05  0.1377E-05   0.000    
  16329600.0   11.27514165   11.4342   0.000       0.000      0.1591E-02  0.1336E-05 -0.3618E-01  0.3459E-01   0.000       0.000       0.000       0.000        0.000       0.000       0.000       0.000       0.000       0.000                            0.1336E-05  0.1336E-05   0.000    
  16416000.0   11.25287052   11.4105   0.000       0.000      0.1576E-02  0.1289E-05 -0.3582E-01  0.3424E-01   0.000       0.000       0.000       0.000        0.000       0.000       0.000       0.000       0.000       0.000                            0.1289E-05  0.1289E-05   0.000    
  16502400.0   11.23130980   11.3875   0.000       0.000      0.1562E-02  0.1248E-05 -0.3546E-01  0.3390E-01   0.000       0.000       0.000       0.000        0.000       0.000       0.000       0.000       0.000       0.000                            0.1248E-05  0.1248E-05   0.000    
  16588800.0   11.21056734   11.3653   0.000       0.000      0.1547E-02  0.1200E-05 -0.3511E-01  0.3356E-01   0.000       0.000       0.000       0.000        0.000       0.000       0.000       0.000       0.000       0.000                            0.1200E-05  0.1200E-05   0.000    
  16675200.0   11.19059719   11.3440   0.000       0.000      0.1534E-02  0.1156E-05 -0.3476E-01  0.3323E-01   0.000       0.000       0.000       0.000        0.000       0.000       0.000       0.000       0.000       0.000                            0.1156E-05  0.1156E-05   0.000    
  16761600.0   11.17502323   11.3272   0.000       0.000      0.1522E-02  0.9013E-06 -0.3447E-01  0.3295E-01   0.000       0.000       0.000       0.000        0.000       0.000       0.000       0.000       0.000       0.000                            0.9013E-06  0.9013E-06   0.000    
  16848000.0   11.16311805   11.3144   0.000       0.000      0.1513E-02  0.6890E-06 -0.3422E-01  0.3270E-01   0.000       0.000       0.000       0.000        0.000       0.000       0.000       0.000       0.000       0.000                            0.6890E-06  0.6890E-06   0.000    
  16934400.0   11.16465761   11.3158   0.000       0.000      0.1511E-02 -0.8910E-07 -0.3413E-01  0.3262E-01   0.000       0.000       0.000       0.000        0.000       0.000       0.000       0.000       0.000       0.000                           -0.8910E-07 -0.8910E-07   0.000    
  17020800.0   11.15933763   11.3100   0.000       0.000      0.1507E-02  0.3079E-06 -0.3399E-01  0.3249E-01   0.000       0.000       0.000       0.000        0.000       0.000       0.000       0.000       0.000       0.000                            0.3079E-06  0.3079E-06   0.000    
  17107200.0   11.14220813   11.2919   0.000       0.000      0.1497E-02  0.9913E-06 -0.3374E-01  0.3224E-01   0.000       0.000       0.000       0.000        0.000       0.000       0.000       0.000       0.000       0.000                            0.9913E-06  0.9913E-06   0.000    
  17193600.0   11.12572373   11.2744   0.000       0.000      0.1486E-02  0.9540E-06 -0.3347E-01  0.3199E-01   0.000       0.000       0.000       0.000        0.000       0.000       0.000       0.000       0.000       0.000                            0.9540E-06  0.9540E-06   0.000    
  17280000.0   11.10901750   11.2565   0.000       0.000      0.1475E-02  0.9668E-06 -0.3319E-01  0.3171E-01   0.000       0.000       0.000       0.000        0.000       0.000       0.000       0.000       0.000       0.000                            0.9668E-06  0.9668E-06   0.000    
  17366400.0   11.09230821   11.2387   0.000       0.000      0.1464E-02  0.9670E-06 -0.3291E-01  0.3144E-01   0.000       0.000       0.000       0.000        0.000       0.000       0.000       0.000       0.000       0.000                            0.9670E-06  0.9670E-06   0.000    
  17452800.0   11.07614903   11.2214   0.000       0.000      0.1452E-02  0.9351E-06 -0.3262E-01  0.3116E-01   0.000       0.000       0.000       0.000        0.000       0.000       0.000       0.000       0.000       0.000                            0.9351E-06  0.9351E-06   0.000    
  17539200.0   11.06039559   11.2045   0.000       0.000      0.1441E-02  0.9117E-06 -0.3234E-01  0.3090E-01   0.000       0.000       0.000       0.000        0.000       0.000       0.000       0.000       0.000       0.000                            0.9117E-06  0.9117E-06   0.000    
  17625600.0   11.04525085   11.1882   0.000       0.000      0.1430E-02  0.8764E-06 -0.3205E-01  0.3062E-01   0.000       0.000       0.000       0.000        0.000       0.000       0.000       0.000       0.000       0.000                            0.8764E-06  0.8764E-06   0.000    
  17712000.0   11.03605987   11.1783   0.000       0.000      0.1422E-02  0.5319E-06 -0.3185E-01  0.3043E-01   0.000       0.000       0.000       0.000        0.000       0.000       0.000       0.000       0.000       0.000                            0.5319E-06  0.5319E-06   0.000    
  17798400.0   11.02226062   11.1635   0.000       0.000      0.1412E-02  0.7986E-06 -0.3159E-01  0.3018E-01   0.000       0.000       0.000       0.000        0.000       0.000       0.000       0.000       0.000       0.000                            0.7986E-06  0.7986E-06   0.000    
  17884800.0   11.00824957   11.1484   0.000       0.000      0.1401E-02  0.8108E-06 -0.3133E-01  0.2993E-01   0.000       0.000       0.000       0.000        0.000       0.000       0.000       0.000       0.000       0.000                            0.8108E-06  0.8108E-06   0.000    
  17971200.0   10.99462658   11.1338   0.000       0.000      0.1391E-02  0.7884E-06 -0.3108E-01  0.2969E-01   0.000       0.000       0.000       0.000        0.000       0.000       0.000       0.000       0.000       0.000                            0.7884E-06  0.7884E-06   0.000    
  18057600.0   10.98152949   11.1197   0.000       0.000      0.1381E-02  0.7579E-06 -0.3082E-01  0.2944E-01   0.000       0.000       0.000       0.000        0.000       0.000       0.000       0.000       0.000       0.000                            0.7579E-06  0.7579E-06   0.000    
  18144000.0   10.96875413   11.1059   0.000       0.000      0.1372E-02  0.7393E-06 -0.3058E-01  0.2921E-01   0.000       0.000       0.000       0.000        0.000       0.000       0.000       0.000       0.000       0.000                            0.7393E-06  0.7393E-06   0.000    
  18230400.0   10.95642208   11.0926   0.000       0.000      0.1362E-02  0.7137E-06 -0.3033E-01  0.2897E-01   0.000       0.000       0.000       0.000        0.000       0.000       0.000       0.000       0.000       0.000                            0.7137E-06  0.7137E-06   0.000    
  18316800.0   10.94440275   11.0797   0.000       0.000      0.1352E-02  0.6956E-06 -0.3010E-01  0.2874E-01   0.000       0.000       0.000       0.000        0.000       0.000       0.000       0.000       0.000       0.000                            0.6956E-06  0.6956E-06   0.000    
  18403200.0   10.93275521   11.0671   0.000       0.000      0.1343E-02  0.6740E-06 -0.2986E-01  0.2852E-01   0.000       0.000       0.000       0.000        0.000       0.000       0.000       0.000       0.000       0.000                            0.6740E-06  0.6740E-06   0.000    
  18489600.0   10.92141907   11.0548   0.000       0.000      0.1334E-02  0.6560E-06 -0.2963E-01  0.2830E-01   0.000       0.000       0.000       0.000        0.000       0.000       0.000       0.000       0.000       0.000                            0.6560E-06  0.6560E-06   0.000    
  18576000.0   10.91038197   11.0429   0.000       0.000      0.1325E-02  0.6387E-06 -0.2941E-01  0.2808E-01   0.000       0.000       0.000       0.000        0.000       0.000       0.000       0.000       0.000       0.000                            0.6387E-06  0.6387E-06   0.000    
  18662400.0   10.89970285   11.0313   0.000       0.000      0.1316E-02  0.6180E-06 -0.2918E-01  0.2787E-01   0.000       0.000       0.000       0.000        0.000       0.000       0.000       0.000       0.000       0.000                            0.6180E-06  0.6180E-06   0.000    
  18748800.0   10.88919732   11.0200   0.000       0.000      0.1308E-02  0.6080E-06 -0.2897E-01  0.2766E-01   0.000       0.000       0.000       0.000        0.000       0.000       0.000       0.000       0.000       0.000                            0.6080E-06  0.6080E-06   0.000    
  18835200.0   10.88993089   11.0206   0.000       0.000      0.1307E-02 -0.4245E-07 -0.2891E-01  0.2761E-01   0.000       0.000       0.000       0.000        0.000       0.000       0.000       0.000       0.000       0.000                           -0.4245E-07 -0.4245E-07   0.000    
  18921600.0   10.88157401   11.0116   0.000       0.000      0.1300E-02  0.4836E-06 -0.2874E-01  0.2744E-01   0.000       0.000       0.000       0.000        0.000       0.000       0.000       0.000       0.000       0.000                            0.4836E-06  0.4836E-06   0.000    
  19008000.0   10.87085458   11.0001   0.000       0.000      0.1292E-02  0.6203E-06 -0.2855E-01  0.2726E-01   0.000       0.000       0.000       0.000        0.000       0.000       0.000       0.000       0.000       0.000                            0.6203E-06  0.6203E-06   0.000    
  19094400.0   10.86058910   10.9890   0.000       0.000      0.1284E-02  0.5941E-06 -0.2835E-01  0.2706E-01   0.000       0.000       0.000       0.000        0.000       0.000       0.000       0.000       0.000       0.000                            0.5941E-06  0.5941E-06   0.000    
  19180800.0   10.85065374   10.9783   0.000       0.000      0.1276E-02  0.5750E-06 -0.2815E-01  0.2687E-01   0.000       0.000       0.000       0.000        0.000       0.000       0.000       0.000       0.000       0.000                            0.5750E-06  0.5750E-06   0.000    
  19267200.0   10.84129893   10.9681   0.000       0.000      0.1268E-02  0.5414E-06 -0.2796E-01  0.2669E-01   0.000       0.000       0.000       0.000        0.000       0.000       0.000       0.000       0.000       0.000                            0.5414E-06  0.5414E-06   0.000    
  19353600.0   10.83195637   10.9580   0.000       0.000      0.1260E-02  0.5407E-06 -0.2776E-01  0.2650E-01   0.000       0.000       0.000       0.000        0.000       0.000       0.000       0.000       0.000       0.000                            0.5407E-06  0.5407E-06   0.000    
  19440000.0   10.82285613   10.9481   0.000       0.000      0.1252E-02  0.5266E-06 -0.2757E-01  0.2632E-01   0.000       0.000       0.000       0.000        0.000       0.000       0.000       0.000       0.000       0.000                            0.5266E-06  0.5266E-06   0.000    
  19526400.0   10.81406149   10.9385   0.000       0.000      0.1245E-02  0.5089E-06 -0.2738E-01  0.2614E-01   0.000       0.000       0.000       0.000        0.000       0.000       0.000       0.000       0.000       0.000                            0.5089E-06  0.5089E-06   0.000    
  19612800.0   10.80538975   10.9291   0.000       0.000      0.1237E-02  0.5018E-06 -0.2720E-01  0.2597E-01   0.000       0.000       0.000       0.000        0.000       0.000       0.000       0.000       0.000       0.000                            0.5018E-06  0.5018E-06   0.000    
  19699200.0   10.79700778   10.9200   0.000       0.000      0.1230E-02  0.4851E-06 -0.2702E-01  0.2579E-01   0.000       0.000       0.000       0.000        0.000       0.000       0.000       0.000       0.000       0.000                            0.4851E-06  0.4851E-06   0.000    
  19785600.0   10.78874120   10.9110   0.000       0.000      0.1223E-02  0.4784E-06 -0.2685E-01  0.2562E-01   0.000       0.000       0.000       0.000        0.000       0.000       0.000       0.000       0.000       0.000                            0.4784E-06  0.4784E-06   0.000    
  19872000.0   10.78073340   10.9023   0.000       0.000      0.1215E-02  0.4634E-06 -0.2667E-01  0.2545E-01   0.000       0.000       0.000       0.000        0.000       0.000       0.000       0.000       0.000       0.000                            0.4634E-06  0.4634E-06   0.000    
  19958400.0   10.78310687   10.9047   0.000       0.000      0.1216E-02 -0.1374E-06 -0.2666E-01  0.2544E-01   0.000       0.000       0.000       0.000        0.000       0.000       0.000       0.000       0.000       0.000                           -0.1374E-06 -0.1374E-06   0.000    
  20044800.0   10.78965254   10.9116   0.000       0.000      0.1219E-02 -0.3788E-06 -0.2672E-01  0.2550E-01   0.000       0.000       0.000       0.000        0.000       0.000       0.000       0.000       0.000       0.000                           -0.3788E-06 -0.3788E-06   0.000    
  20131200.0   10.77993037   10.9012   0.000       0.000      0.1213E-02  0.5626E-06 -0.2656E-01  0.2535E-01   0.000       0.000       0.000       0.000        0.000       0.000       0.000       0.000       0.000       0.000                            0.5626E-06  0.5626E-06   0.000    
  20217600.0   10.77406806   10.8949   0.000       0.000      0.1208E-02  0.3393E-06 -0.2646E-01  0.2525E-01   0.000       0.000       0.000       0.000        0.000       0.000       0.000       0.000       0.000       0.000                            0.3393E-06  0.3393E-06   0.000    
  20304000.0   10.76740399   10.8877   0.000       0.000      0.1203E-02  0.3857E-06 -0.2632E-01  0.2512E-01   0.000       0.000       0.000       0.000        0.000       0.000       0.000       0.000       0.000       0.000                            0.3857E-06  0.3857E-06   0.000    
  20390400.0   10.75880094   10.8784   0.000       0.000      0.1196E-02  0.4979E-06 -0.2616E-01  0.2496E-01   0.000       0.000       0.000       0.000        0.000       0.000       0.000       0.000       0.000       0.000                            0.4979E-06  0.4979E-06   0.000    
  20476800.0   10.75055236   10.8694   0.000       0.000      0.1188E-02  0.4773E-06 -0.2599E-01  0.2481E-01   0.000       0.000       0.000       0.000        0.000       0.000       0.000       0.000       0.000       0.000                            0.4773E-06  0.4773E-06   0.000    
  20563200.0   10.74256961   10.8607   0.000       0.000      0.1181E-02  0.4620E-06 -0.2583E-01  0.2465E-01   0.000       0.000       0.000       0.000        0.000       0.000       0.000       0.000       0.000       0.000                            0.4620E-06  0.4620E-06   0.000    
  20649600.0   10.73488563   10.8523   0.000       0.000      0.1174E-02  0.4447E-06 -0.2566E-01  0.2449E-01   0.000       0.000       0.000       0.000        0.000       0.000       0.000       0.000       0.000       0.000                            0.4447E-06  0.4447E-06   0.000    
  20736000.0   10.72739676   10.8441   0.000       0.000      0.1167E-02  0.4334E-06 -0.2550E-01  0.2434E-01   0.000       0.000       0.000       0.000        0.000       0.000       0.000       0.000       0.000       0.000                            0.4334E-06  0.4334E-06   0.000    
  20822400.0   10.72016680   10.8362   0.000       0.000      0.1160E-02  0.4184E-06 -0.2534E-01  0.2418E-01   0.000       0.000       0.000       0.000        0.000       0.000       0.000       0.000       0.000       0.000                            0.4184E-06  0.4184E-06   0.000    
  20908800.0   10.71308392   10.8284   0.000       0.000      0.1154E-02  0.4099E-06 -0.2519E-01  0.2403E-01   0.000       0.000       0.000       0.000        0.000       0.000       0.000       0.000       0.000       0.000                            0.4099E-06  0.4099E-06   0.000    
  20995200.0   10.70623554   10.8209   0.000       0.000      0.1147E-02  0.3963E-06 -0.2503E-01  0.2388E-01   0.000       0.000       0.000       0.000        0.000       0.000       0.000       0.000       0.000       0.000                            0.3963E-06  0.3963E-06   0.000    
  21081600.0   10.69949855   10.8135   0.000       0.000      0.1140E-02  0.3899E-06 -0.2488E-01  0.2374E-01   0.000       0.000       0.000       0.000        0.000       0.000       0.000       0.000       0.000       0.000                            0.3899E-06  0.3899E-06   0.000    
  21168000.0   10.69297824   10.8064   0.000       0.000      0.1134E-02  0.3773E-06 -0.2473E-01  0.2360E-01   0.000       0.000       0.000       0.000        0.000       0.000       0.000       0.000       0.000       0.000                            0.3773E-06  0.3773E-06   0.000    
  21254400.0   10.68653948   10.7993   0.000       0.000      0.1128E-02  0.3726E-06 -0.2459E-01  0.2346E-01   0.000       0.000       0.000       0.000        0.000       0.000       0.000       0.000       0.000       0.000                            0.3726E-06  0.3726E-06   0.000    
  21340800.0   10.68026912   10.7924   0.000       0.000      0.1122E-02  0.3629E-06 -0.2444E-01  0.2332E-01   0.000       0.000       0.000       0.000        0.000       0.000       0.000       0.000       0.000       0.000                            0.3629E-06  0.3629E-06   0.000    
  21427200.0   10.67414577   10.7857   0.000       0.000      0.1116E-02  0.3544E-06 -0.2430E-01  0.2318E-01   0.000       0.000       0.000       0.000        0.000       0.000       0.000       0.000       0.000       0.000                            0.3544E-06  0.3544E-06   0.000    
  21513600.0   10.66956542   10.7806   0.000       0.000      0.1111E-02  0.2651E-06 -0.2419E-01  0.2308E-01   0.000       0.000       0.000       0.000        0.000       0.000       0.000       0.000       0.000       0.000                            0.2651E-06  0.2651E-06   0.000    
  21600000.0   10.67963822   10.7914   0.000       0.000      0.1118E-02 -0.5829E-06 -0.2433E-01  0.2321E-01   0.000       0.000       0.000       0.000        0.000       0.000       0.000       0.000       0.000       0.000                           -0.5829E-06 -0.5829E-06   0.000    
  21686400.0   10.67203174   10.7832   0.000       0.000      0.1112E-02  0.4402E-06 -0.2418E-01  0.2307E-01   0.000       0.000       0.000       0.000        0.000       0.000       0.000       0.000       0.000       0.000                            0.4402E-06  0.4402E-06   0.000    
  21772800.0   10.66489908   10.7755   0.000       0.000      0.1106E-02  0.4128E-06 -0.2406E-01  0.2295E-01   0.000       0.000       0.000       0.000        0.000       0.000       0.000       0.000       0.000       0.000                            0.4128E-06  0.4128E-06   0.000    
  21859200.0   10.65817836   10.7682   0.000       0.000      0.1100E-02  0.3889E-06 -0.2392E-01  0.2282E-01   0.000       0.000       0.000       0.000        0.000       0.000       0.000       0.000       0.000       0.000                            0.3889E-06  0.3889E-06   0.000    
  21945600.0   10.65182395   10.7612   0.000       0.000      0.1093E-02  0.3677E-06 -0.2378E-01  0.2268E-01   0.000       0.000       0.000       0.000        0.000       0.000       0.000       0.000       0.000       0.000                            0.3677E-06  0.3677E-06   0.000    
  22032000.0   10.64565897   10.7544   0.000       0.000      0.1088E-02  0.3568E-06 -0.2364E-01  0.2255E-01   0.000       0.000       0.000       0.000        0.000       0.000       0.000       0.000       0.000       0.000                            0.3568E-06  0.3568E-06   0.000    
  22118400.0   10.63970716   10.7479   0.000       0.000      0.1082E-02  0.3444E-06 -0.2350E-01  0.2242E-01   0.000       0.000       0.000       0.000        0.000       0.000       0.000       0.000       0.000       0.000                            0.3444E-06  0.3444E-06   0.000    
  22204800.0   10.63396965   10.7415   0.000       0.000      0.1075E-02  0.3320E-06 -0.2337E-01  0.2229E-01   0.000       0.000       0.000       0.000        0.000       0.000       0.000       0.000       0.000       0.000                            0.3320E-06  0.3320E-06   0.000    
  22291200.0   10.62833943   10.7353   0.000       0.000      0.1070E-02  0.3258E-06 -0.2324E-01  0.2217E-01   0.000       0.000       0.000       0.000        0.000       0.000       0.000       0.000       0.000       0.000                            0.3258E-06  0.3258E-06   0.000    
  22377600.0   10.62286301   10.7293   0.000       0.000      0.1064E-02  0.3169E-06 -0.2311E-01  0.2204E-01   0.000       0.000       0.000       0.000        0.000       0.000       0.000       0.000       0.000       0.000                            0.3169E-06  0.3169E-06   0.000    
  22464000.0   10.63516463   10.7425   0.000       0.000      0.1073E-02 -0.7119E-06 -0.2330E-01  0.2223E-01   0.000       0.000       0.000       0.000        0.000       0.000       0.000       0.000       0.000       0.000                           -0.7119E-06 -0.7119E-06   0.000    
  22550400.0   10.63016082   10.7371   0.000       0.000      0.1069E-02  0.2896E-06 -0.2321E-01  0.2214E-01   0.000       0.000       0.000       0.000        0.000       0.000       0.000       0.000       0.000       0.000                            0.2896E-06  0.2896E-06   0.000    
  22636800.0   10.62799640   10.7347   0.000       0.000      0.1067E-02  0.1253E-06 -0.2317E-01  0.2210E-01   0.000       0.000       0.000       0.000        0.000       0.000       0.000       0.000       0.000       0.000                            0.1253E-06  0.1253E-06   0.000    
  22723200.0   10.67314551   10.7835   0.000       0.000      0.1103E-02 -0.2613E-05 -0.2395E-01  0.2285E-01   0.000       0.000       0.000       0.000        0.000       0.000       0.000       0.000       0.000       0.000                           -0.2613E-05 -0.2613E-05   0.000    
  22809600.0   10.67197819   10.7826   0.000       0.000      0.1106E-02  0.6755E-07 -0.2399E-01  0.2289E-01   0.000       0.000       0.000       0.000        0.000       0.000       0.000       0.000       0.000       0.000                            0.6755E-07  0.6755E-07   0.000    
  22896000.0   10.66874898   10.7793   0.000       0.000      0.1106E-02  0.1869E-06 -0.2401E-01  0.2290E-01   0.000       0.000       0.000       0.000        0.000       0.000       0.000       0.000       0.000       0.000                            0.1869E-06  0.1869E-06   0.000    
  22982400.0   10.66445309   10.7748   0.000       0.000      0.1104E-02  0.2486E-06 -0.2398E-01  0.2287E-01   0.000       0.000       0.000       0.000        0.000       0.000       0.000       0.000       0.000       0.000                            0.2486E-06  0.2486E-06   0.000    
  23068800.0   10.65967499   10.7697   0.000       0.000      0.1100E-02  0.2765E-06 -0.2391E-01  0.2281E-01   0.000       0.000       0.000       0.000        0.000       0.000       0.000       0.000       0.000       0.000                            0.2765E-06  0.2765E-06   0.000    
  23155200.0   10.65370090   10.7632   0.000       0.000      0.1095E-02  0.3457E-06 -0.2381E-01  0.2272E-01   0.000       0.000       0.000       0.000        0.000       0.000       0.000       0.000       0.000       0.000                            0.3457E-06  0.3457E-06   0.000    
  23241600.0   10.64730357   10.7562   0.000       0.000      0.1089E-02  0.3702E-06 -0.2370E-01  0.2261E-01   0.000       0.000       0.000       0.000        0.000       0.000       0.000       0.000       0.000       0.000                            0.3702E-06  0.3702E-06   0.000    
  23328000.0   10.64055648   10.7487   0.000       0.000      0.1082E-02  0.3905E-06 -0.2356E-01  0.2248E-01   0.000       0.000       0.000       0.000        0.000       0.000       0.000       0.000       0.000       0.000                            0.3905E-06  0.3905E-06   0.000    
  23414400.0   10.63373809   10.7412   0.000       0.000      0.1075E-02  0.3946E-06 -0.2343E-01  0.2235E-01   0.000       0.000       0.000       0.000        0.000       0.000       0.000       0.000       0.000       0.000                            0.3946E-06  0.3946E-06   0.000    
  23500800.0   10.62721966   10.7340   0.000       0.000      0.1068E-02  0.3772E-06 -0.2329E-01  0.2222E-01   0.000       0.000       0.000       0.000        0.000       0.000       0.000       0.000       0.000       0.000                            0.3772E-06  0.3772E-06   0.000    
  23587200.0   10.62089937   10.7270   0.000       0.000      0.1061E-02  0.3658E-06 -0.2315E-01  0.2209E-01   0.000       0.000       0.000       0.000        0.000       0.000       0.000       0.000       0.000       0.000                            0.3658E-06  0.3658E-06   0.000    
  23673600.0   10.61469346   10.7202   0.000       0.000      0.1055E-02  0.3591E-06 -0.2300E-01  0.2195E-01   0.000       0.000       0.000       0.000        0.000       0.000       0.000       0.000       0.000       0.000                            0.3591E-06  0.3591E-06   0.000    
  23760000.0   10.60844855   10.7132   0.000       0.000      0.1048E-02  0.3614E-06 -0.2286E-01  0.2181E-01   0.000       0.000       0.000       0.000        0.000       0.000       0.000       0.000       0.000       0.000                            0.3614E-06  0.3614E-06   0.000    
  23846400.0   10.60233933   10.7065   0.000       0.000      0.1041E-02  0.3535E-06 -0.2272E-01  0.2168E-01   0.000       0.000       0.000       0.000        0.000       0.000       0.000       0.000       0.000       0.000                            0.3535E-06  0.3535E-06   0.000    
  23932800.0   10.59646843   10.7000   0.000       0.000      0.1035E-02  0.3398E-06 -0.2258E-01  0.2154E-01   0.000       0.000       0.000       0.000        0.000       0.000       0.000       0.000       0.000       0.000                            0.3398E-06  0.3398E-06   0.000    
  24019200.0   10.59079248   10.6936   0.000       0.000      0.1029E-02  0.3285E-06 -0.2244E-01  0.2141E-01   0.000       0.000       0.000       0.000        0.000       0.000       0.000       0.000       0.000       0.000                            0.3285E-06  0.3285E-06   0.000    
  24105600.0   10.58529251   10.6875   0.000       0.000      0.1022E-02  0.3183E-06 -0.2230E-01  0.2128E-01   0.000       0.000       0.000       0.000        0.000       0.000       0.000       0.000       0.000       0.000                            0.3183E-06  0.3183E-06   0.000    
  24192000.0   10.57990413   10.6815   0.000       0.000      0.1016E-02  0.3118E-06 -0.2216E-01  0.2115E-01   0.000       0.000       0.000       0.000        0.000       0.000       0.000       0.000       0.000       0.000                            0.3118E-06  0.3118E-06   0.000    
  24278400.0   10.57459416   10.6756   0.000       0.000      0.1011E-02  0.3073E-06 -0.2203E-01  0.2102E-01   0.000       0.000       0.000       0.000        0.000       0.000       0.000       0.000       0.000       0.000                            0.3073E-06  0.3073E-06   0.000    
  24364800.0   10.56941508   10.6699   0.000       0.000      0.1005E-02  0.2997E-06 -0.2190E-01  0.2090E-01   0.000       0.000       0.000       0.000        0.000       0.000       0.000       0.000       0.000       0.000                            0.2997E-06  0.2997E-06   0.000    
  24451200.0   10.56438191   10.6643   0.000       0.000      0.9992E-03  0.2913E-06 -0.2177E-01  0.2077E-01   0.000       0.000       0.000       0.000        0.000       0.000       0.000       0.000       0.000       0.000                            0.2913E-06  0.2913E-06   0.000    
  24537600.0   10.55948741   10.6589   0.000       0.000      0.9937E-03  0.2832E-06 -0.2165E-01  0.2065E-01   0.000       0.000       0.000       0.000        0.000       0.000       0.000       0.000       0.000       0.000                            0.2832E-06  0.2832E-06   0.000    
  24624000.0   10.55472487   10.6536   0.000       0.000      0.9884E-03  0.2756E-06 -0.2152E-01  0.2053E-01   0.000       0.000       0.000       0.000        0.000       0.000       0.000       0.000       0.000       0.000                            0.2756E-06  0.2756E-06   0.000    
  24710400.0   10.55009766   10.6484   0.000       0.000      0.9830E-03  0.2678E-06 -0.2140E-01  0.2042E-01   0.000       0.000       0.000       0.000        0.000       0.000       0.000       0.000       0.000       0.000                            0.2678E-06  0.2678E-06   0.000    
  24796800.0   10.54554507   10.6433   0.000       0.000      0.9779E-03  0.2635E-06 -0.2128E-01  0.2030E-01   0.000       0.000       0.000       0.000        0.000       0.000       0.000       0.000       0.000       0.000                            0.2635E-06  0.2635E-06   0.000    
  24883200.0   10.54131632   10.6386   0.000       0.000      0.9731E-03  0.2447E-06 -0.2117E-01  0.2020E-01   0.000       0.000       0.000       0.000        0.000       0.000       0.000       0.000       0.000       0.000                            0.2447E-06  0.2447E-06   0.000    
  24969600.0   10.54163708   10.6389   0.000       0.000      0.9725E-03 -0.1856E-07 -0.2115E-01  0.2018E-01   0.000       0.000       0.000       0.000        0.000       0.000       0.000       0.000       0.000       0.000                           -0.1856E-07 -0.1856E-07   0.000    
  25056000.0   10.53698324   10.6338   0.000       0.000      0.9677E-03  0.2693E-06 -0.2104E-01  0.2007E-01   0.000       0.000       0.000       0.000        0.000       0.000       0.000       0.000       0.000       0.000                            0.2693E-06  0.2693E-06   0.000    
  25142400.0   10.53246520   10.6288   0.000       0.000      0.9629E-03  0.2615E-06 -0.2093E-01  0.1997E-01   0.000       0.000       0.000       0.000        0.000       0.000       0.000       0.000       0.000       0.000                            0.2615E-06  0.2615E-06   0.000    
  25228800.0   10.53703131   10.6337   0.000       0.000      0.9663E-03 -0.2642E-06 -0.2100E-01  0.2003E-01   0.000       0.000       0.000       0.000        0.000       0.000       0.000       0.000       0.000       0.000                           -0.2642E-06 -0.2642E-06   0.000    
  25315200.0   10.53282053   10.6291   0.000       0.000      0.9624E-03  0.2437E-06 -0.2090E-01  0.1994E-01   0.000       0.000       0.000       0.000        0.000       0.000       0.000       0.000       0.000       0.000                            0.2437E-06  0.2437E-06   0.000    
  25401600.0   10.53338989   10.6297   0.000       0.000      0.9626E-03 -0.3295E-07 -0.2091E-01  0.1995E-01   0.000       0.000       0.000       0.000        0.000       0.000       0.000       0.000       0.000       0.000                           -0.3295E-07 -0.3295E-07   0.000    
  25488000.0   10.53352716   10.6298   0.000       0.000      0.9626E-03 -0.7944E-08 -0.2091E-01  0.1994E-01   0.000       0.000       0.000       0.000        0.000       0.000       0.000       0.000       0.000       0.000                           -0.7944E-08 -0.7944E-08   0.000    
  25574400.0   10.53657417   10.6331   0.000       0.000      0.9653E-03 -0.1763E-06 -0.2096E-01  0.2000E-01   0.000       0.000       0.000       0.000        0.000       0.000       0.000       0.000       0.000       0.000                           -0.1763E-06 -0.1763E-06   0.000    
  25660800.0   10.53288878   10.6291   0.000       0.000      0.9621E-03  0.2133E-06 -0.2089E-01  0.1993E-01   0.000       0.000       0.000       0.000        0.000       0.000       0.000       0.000       0.000       0.000                            0.2133E-06  0.2133E-06   0.000    
  25747200.0   10.53968981   10.6365   0.000       0.000      0.9682E-03 -0.3936E-06 -0.2103E-01  0.2006E-01   0.000       0.000       0.000       0.000        0.000       0.000       0.000       0.000       0.000       0.000                           -0.3936E-06 -0.3936E-06   0.000    
  25833600.0   10.57752075   10.6778   0.000       0.000      0.1002E-02 -0.2189E-05 -0.2178E-01  0.2078E-01   0.000       0.000       0.000       0.000        0.000       0.000       0.000       0.000       0.000       0.000                           -0.2189E-05 -0.2189E-05   0.000    
  25920000.0   10.62841428   10.7333   0.000       0.000      0.1049E-02 -0.2945E-05 -0.2279E-01  0.2175E-01   0.000       0.000       0.000       0.000        0.000       0.000       0.000       0.000       0.000       0.000                           -0.2945E-05 -0.2945E-05   0.000    
  26006400.0   10.67994230   10.7896   0.000       0.000      0.1096E-02 -0.2982E-05 -0.2384E-01  0.2275E-01   0.000       0.000       0.000       0.000        0.000       0.000       0.000       0.000       0.000       0.000                           -0.2982E-05 -0.2982E-05   0.000    
  26092800.0   10.69423490   10.8059   0.000       0.000      0.1116E-02 -0.8271E-06 -0.2430E-01  0.2318E-01   0.000       0.000       0.000       0.000        0.000       0.000       0.000       0.000       0.000       0.000                           -0.8271E-06 -0.8271E-06   0.000    
  26179200.0   10.68983057   10.8018   0.000       0.000      0.1119E-02  0.2549E-06 -0.2442E-01  0.2330E-01   0.000       0.000       0.000       0.000        0.000       0.000       0.000       0.000       0.000       0.000                            0.2549E-06  0.2549E-06   0.000    
  26265600.0   10.68153203   10.7931   0.000       0.000      0.1116E-02  0.4802E-06 -0.2441E-01  0.2329E-01   0.000       0.000       0.000       0.000        0.000       0.000       0.000       0.000       0.000       0.000                            0.4802E-06  0.4802E-06   0.000    
  26352000.0   10.67210983   10.7831   0.000       0.000      0.1110E-02  0.5453E-06 -0.2432E-01  0.2321E-01   0.000       0.000       0.000       0.000        0.000       0.000       0.000       0.000       0.000       0.000                            0.5453E-06  0.5453E-06   0.000    
  26438400.0   10.66250173   10.7726   0.000       0.000      0.1101E-02  0.5560E-06 -0.2419E-01  0.2309E-01   0.000       0.000       0.000       0.000        0.000       0.000       0.000       0.000       0.000       0.000                            0.5560E-06  0.5560E-06   0.000    
  26524800.0   10.65294183   10.7622   0.000       0.000      0.1092E-02  0.5532E-06 -0.2403E-01  0.2294E-01   0.000       0.000       0.000       0.000        0.000       0.000       0.000       0.000       0.000       0.000                            0.5532E-06  0.5532E-06   0.000    
  26611200.0   10.64319521   10.7514   0.000       0.000      0.1082E-02  0.5640E-06 -0.2386E-01  0.2277E-01   0.000       0.000       0.000       0.000        0.000       0.000       0.000       0.000       0.000       0.000                            0.5640E-06  0.5640E-06   0.000    
  26697600.0   10.63397192   10.7412   0.000       0.000      0.1072E-02  0.5338E-06 -0.2367E-01  0.2260E-01   0.000       0.000       0.000       0.000        0.000       0.000       0.000       0.000       0.000       0.000                            0.5338E-06  0.5338E-06   0.000    
  26784000.0   10.62510050   10.7313   0.000       0.000      0.1062E-02  0.5134E-06 -0.2349E-01  0.2243E-01   0.000       0.000       0.000       0.000        0.000       0.000       0.000       0.000       0.000       0.000                            0.5134E-06  0.5134E-06   0.000    
  26870400.0   10.65285684   10.7611   0.000       0.000      0.1082E-02 -0.1606E-05 -0.2395E-01  0.2287E-01   0.000       0.000       0.000       0.000        0.000       0.000       0.000       0.000       0.000       0.000                           -0.1606E-05 -0.1606E-05   0.000    
  26956800.0   10.67072293   10.7804   0.000       0.000      0.1097E-02 -0.1034E-05 -0.2427E-01  0.2318E-01   0.000       0.000       0.000       0.000        0.000       0.000       0.000       0.000       0.000       0.000                           -0.1034E-05 -0.1034E-05   0.000    
  27043200.0   10.68778559   10.7990   0.000       0.000      0.1112E-02 -0.9874E-06 -0.2462E-01  0.2351E-01   0.000       0.000       0.000       0.000        0.000       0.000       0.000       0.000       0.000       0.000                           -0.9874E-06 -0.9874E-06   0.000    
  27129600.0   10.69351498   10.8054   0.000       0.000      0.1119E-02 -0.3316E-06 -0.2479E-01  0.2367E-01   0.000       0.000       0.000       0.000        0.000       0.000       0.000       0.000       0.000       0.000                           -0.3316E-06 -0.3316E-06   0.000    
  27216000.0   10.70338805   10.8162   0.000       0.000      0.1128E-02 -0.5714E-06 -0.2502E-01  0.2390E-01   0.000       0.000       0.000       0.000        0.000       0.000       0.000       0.000       0.000       0.000                           -0.5714E-06 -0.5714E-06   0.000    
  27302400.0   10.72750758   10.8423   0.000       0.000      0.1148E-02 -0.1396E-05 -0.2548E-01  0.2433E-01   0.000       0.000       0.000       0.000        0.000       0.000       0.000       0.000       0.000       0.000                           -0.1396E-05 -0.1396E-05   0.000    
  27388800.0   10.77476488   10.8932   0.000       0.000      0.1185E-02 -0.2735E-05 -0.2630E-01  0.2512E-01   0.000       0.000       0.000       0.000        0.000       0.000       0.000       0.000       0.000       0.000                           -0.2735E-05 -0.2735E-05   0.000    
  27475200.0   10.81641814   10.9383   0.000       0.000      0.1219E-02 -0.2410E-05 -0.2707E-01  0.2585E-01   0.000       0.000       0.000       0.000        0.000       0.000       0.000       0.000       0.000       0.000                           -0.2410E-05 -0.2410E-05   0.000    
  27561600.0   10.81454611   10.9370   0.000       0.000      0.1224E-02  0.1083E-06 -0.2723E-01  0.2600E-01   0.000       0.000       0.000       0.000        0.000       0.000       0.000       0.000       0.000       0.000                            0.1083E-06  0.1083E-06   0.000    
  27648000.0   10.80576134   10.9280   0.000       0.000      0.1222E-02  0.5084E-06 -0.2724E-01  0.2602E-01   0.000       0.000       0.000       0.000        0.000       0.000       0.000       0.000       0.000       0.000                            0.5084E-06  0.5084E-06   0.000    
  27734400.0   10.79330462   10.9148   0.000       0.000      0.1215E-02  0.7209E-06 -0.2713E-01  0.2591E-01   0.000       0.000       0.000       0.000        0.000       0.000       0.000       0.000       0.000       0.000                            0.7209E-06  0.7209E-06   0.000    
  27820800.0   10.78224144   10.9029   0.000       0.000      0.1206E-02  0.6402E-06 -0.2699E-01  0.2578E-01   0.000       0.000       0.000       0.000        0.000       0.000       0.000       0.000       0.000       0.000                            0.6402E-06  0.6402E-06   0.000    
  27907200.0   10.77360488   10.8935   0.000       0.000      0.1199E-02  0.4998E-06 -0.2686E-01  0.2566E-01   0.000       0.000       0.000       0.000        0.000       0.000       0.000       0.000       0.000       0.000                            0.4998E-06  0.4998E-06   0.000    
  27993600.0   10.79397725   10.9150   0.000       0.000      0.1211E-02 -0.1179E-05 -0.2716E-01  0.2595E-01   0.000       0.000       0.000       0.000        0.000       0.000       0.000       0.000       0.000       0.000                           -0.1179E-05 -0.1179E-05   0.000    
  28080000.0   10.82501799   10.9482   0.000       0.000      0.1232E-02 -0.1796E-05 -0.2764E-01  0.2641E-01   0.000       0.000       0.000       0.000        0.000       0.000       0.000       0.000       0.000       0.000                           -0.1796E-05 -0.1796E-05   0.000    
  28166400.0   10.84172525   10.9663   0.000       0.000      0.1245E-02 -0.9669E-06 -0.2796E-01  0.2672E-01   0.000       0.000       0.000       0.000        0.000       0.000       0.000       0.000       0.000       0.000                           -0.9669E-06 -0.9669E-06   0.000    
  28252800.0   10.83512988   10.9595   0.000       0.000      0.1244E-02  0.3817E-06 -0.2796E-01  0.2672E-01   0.000       0.000       0.000       0.000        0.000       0.000       0.000       0.000       0.000       0.000                            0.3817E-06  0.3817E-06   0.000    
  28339200.0   10.82356687   10.9473   0.000       0.000      0.1237E-02  0.6692E-06 -0.2785E-01  0.2662E-01   0.000       0.000       0.000       0.000        0.000       0.000       0.000       0.000       0.000       0.000                            0.6692E-06  0.6692E-06   0.000    
  28425600.0   10.81047392   10.9332   0.000       0.000      0.1228E-02  0.7577E-06 -0.2768E-01  0.2645E-01   0.000       0.000       0.000       0.000        0.000       0.000       0.000       0.000       0.000       0.000                            0.7577E-06  0.7577E-06   0.000    
  28512000.0   10.79702299   10.9187   0.000       0.000      0.1217E-02  0.7784E-06 -0.2746E-01  0.2624E-01   0.000       0.000       0.000       0.000        0.000       0.000       0.000       0.000       0.000       0.000                            0.7784E-06  0.7784E-06   0.000    
  28598400.0   10.78362261   10.9041   0.000       0.000      0.1205E-02  0.7755E-06 -0.2722E-01  0.2602E-01   0.000       0.000       0.000       0.000        0.000       0.000       0.000       0.000       0.000       0.000                            0.7755E-06  0.7755E-06   0.000    
  28684800.0   10.77052349   10.8899   0.000       0.000      0.1193E-02  0.7581E-06 -0.2698E-01  0.2578E-01   0.000       0.000       0.000       0.000        0.000       0.000       0.000       0.000       0.000       0.000                            0.7581E-06  0.7581E-06   0.000    
  28771200.0   10.75780141   10.8760   0.000       0.000      0.1182E-02  0.7362E-06 -0.2673E-01  0.2555E-01   0.000       0.000       0.000       0.000        0.000       0.000       0.000       0.000       0.000       0.000                            0.7362E-06  0.7362E-06   0.000    
  28857600.0   10.74552086   10.8625   0.000       0.000      0.1170E-02  0.7107E-06 -0.2647E-01  0.2530E-01   0.000       0.000       0.000       0.000        0.000       0.000       0.000       0.000       0.000       0.000                            0.7107E-06  0.7107E-06   0.000    
  28944000.0   10.73356836   10.8494   0.000       0.000      0.1159E-02  0.6917E-06 -0.2622E-01  0.2506E-01   0.000       0.000       0.000       0.000        0.000       0.000       0.000       0.000       0.000       0.000                            0.6917E-06  0.6917E-06   0.000    
  29030400.0   10.72191223   10.8366   0.000       0.000      0.1147E-02  0.6745E-06 -0.2596E-01  0.2481E-01   0.000       0.000       0.000       0.000        0.000       0.000       0.000       0.000       0.000       0.000                            0.6745E-06  0.6745E-06   0.000    
  29116800.0   10.71069595   10.8243   0.000       0.000      0.1136E-02  0.6491E-06 -0.2570E-01  0.2457E-01   0.000       0.000       0.000       0.000        0.000       0.000       0.000       0.000       0.000       0.000                            0.6491E-06  0.6491E-06   0.000    
  29203200.0   10.69969976   10.8122   0.000       0.000      0.1125E-02  0.6364E-06 -0.2545E-01  0.2433E-01   0.000       0.000       0.000       0.000        0.000       0.000       0.000       0.000       0.000       0.000                            0.6364E-06  0.6364E-06   0.000    
  29289600.0   10.68913917   10.8006   0.000       0.000      0.1115E-02  0.6111E-06 -0.2521E-01  0.2409E-01   0.000       0.000       0.000       0.000        0.000       0.000       0.000       0.000       0.000       0.000                            0.6111E-06  0.6111E-06   0.000    
  29376000.0   10.67905991   10.7896   0.000       0.000      0.1105E-02  0.5833E-06 -0.2497E-01  0.2386E-01   0.000       0.000       0.000       0.000        0.000       0.000       0.000       0.000       0.000       0.000                            0.5833E-06  0.5833E-06   0.000    
  29462400.0   10.66945478   10.7790   0.000       0.000      0.1095E-02  0.5559E-06 -0.2473E-01  0.2363E-01   0.000       0.000       0.000       0.000        0.000       0.000       0.000       0.000       0.000       0.000                            0.5559E-06  0.5559E-06   0.000    
  29548800.0   10.66018978   10.7688   0.000       0.000      0.1086E-02  0.5362E-06 -0.2450E-01  0.2341E-01   0.000       0.000       0.000       0.000        0.000       0.000       0.000       0.000       0.000       0.000                            0.5362E-06  0.5362E-06   0.000    
  29635200.0   10.65123804   10.7590   0.000       0.000      0.1077E-02  0.5180E-06 -0.2428E-01  0.2320E-01   0.000       0.000       0.000       0.000        0.000       0.000       0.000       0.000       0.000       0.000                            0.5180E-06  0.5180E-06   0.000    
  29721600.0   10.64260638   10.7495   0.000       0.000      0.1069E-02  0.4995E-06 -0.2406E-01  0.2299E-01   0.000       0.000       0.000       0.000        0.000       0.000       0.000       0.000       0.000       0.000                            0.4995E-06  0.4995E-06   0.000    
  29808000.0   10.63419396   10.7402   0.000       0.000      0.1060E-02  0.4868E-06 -0.2384E-01  0.2278E-01   0.000       0.000       0.000       0.000        0.000       0.000       0.000       0.000       0.000       0.000                            0.4868E-06  0.4868E-06   0.000    
  29894400.0   10.62603588   10.7312   0.000       0.000      0.1052E-02  0.4721E-06 -0.2364E-01  0.2258E-01   0.000       0.000       0.000       0.000        0.000       0.000       0.000       0.000       0.000       0.000                            0.4721E-06  0.4721E-06   0.000    
  29980800.0   10.61812033   10.7225   0.000       0.000      0.1044E-02  0.4581E-06 -0.2343E-01  0.2239E-01   0.000       0.000       0.000       0.000        0.000       0.000       0.000       0.000       0.000       0.000                            0.4581E-06  0.4581E-06   0.000    
  30067200.0   10.61051216   10.7141   0.000       0.000      0.1036E-02  0.4403E-06 -0.2323E-01  0.2219E-01   0.000       0.000       0.000       0.000        0.000       0.000       0.000       0.000       0.000       0.000                            0.4403E-06  0.4403E-06   0.000    
  30153600.0   10.60317289   10.7060   0.000       0.000      0.1028E-02  0.4247E-06 -0.2304E-01  0.2201E-01   0.000       0.000       0.000       0.000        0.000       0.000       0.000       0.000       0.000       0.000                            0.4247E-06  0.4247E-06   0.000    
  30240000.0   10.59609232   10.6982   0.000       0.000      0.1021E-02  0.4098E-06 -0.2285E-01  0.2183E-01   0.000       0.000       0.000       0.000        0.000       0.000       0.000       0.000       0.000       0.000                            0.4098E-06  0.4098E-06   0.000    
  30326400.0   10.58921893   10.6906   0.000       0.000      0.1014E-02  0.3978E-06 -0.2266E-01  0.2165E-01   0.000       0.000       0.000       0.000        0.000       0.000       0.000       0.000       0.000       0.000                            0.3978E-06  0.3978E-06   0.000    
  30412800.0   10.58255598   10.6832   0.000       0.000      0.1007E-02  0.3856E-06 -0.2248E-01  0.2148E-01   0.000       0.000       0.000       0.000        0.000       0.000       0.000       0.000       0.000       0.000                            0.3856E-06  0.3856E-06   0.000    
  30499200.0   10.57611067   10.6761   0.000       0.000      0.9999E-03  0.3730E-06 -0.2231E-01  0.2131E-01   0.000       0.000       0.000       0.000        0.000       0.000       0.000       0.000       0.000       0.000                            0.3730E-06  0.3730E-06   0.000    
  30585600.0   10.56985897   10.6692   0.000       0.000      0.9933E-03  0.3618E-06 -0.2214E-01  0.2114E-01   0.000       0.000       0.000       0.000        0.000       0.000       0.000       0.000       0.000       0.000                            0.3618E-06  0.3618E-06   0.000    
  30672000.0   10.56380123   10.6625   0.000       0.000      0.9868E-03  0.3506E-06 -0.2197E-01  0.2098E-01   0.000       0.000       0.000       0.000        0.000       0.000       0.000       0.000       0.000       0.000                            0.3506E-06  0.3506E-06   0.000    
  30758400.0   10.55792625   10.6560   0.000       0.000      0.9805E-03  0.3400E-06 -0.2181E-01  0.2083E-01   0.000       0.000       0.000       0.000        0.000       0.000       0.000       0.000       0.000       0.000                            0.3400E-06  0.3400E-06   0.000    
  30844800.0   10.55222329   10.6497   0.000       0.000      0.9743E-03  0.3300E-06 -0.2165E-01  0.2068E-01   0.000       0.000       0.000       0.000        0.000       0.000       0.000       0.000       0.000       0.000                            0.3300E-06  0.3300E-06   0.000    
  30931200.0   10.54667249   10.6435   0.000       0.000      0.9683E-03  0.3212E-06 -0.2150E-01  0.2053E-01   0.000       0.000       0.000       0.000        0.000       0.000       0.000       0.000       0.000       0.000                            0.3212E-06  0.3212E-06   0.000    
  31017600.0   10.54126801   10.6375   0.000       0.000      0.9623E-03  0.3128E-06 -0.2135E-01  0.2038E-01   0.000       0.000       0.000       0.000        0.000       0.000       0.000       0.000       0.000       0.000                            0.3128E-06  0.3128E-06   0.000    
  31104000.0   10.53601396   10.6317   0.000       0.000      0.9565E-03  0.3041E-06 -0.2120E-01  0.2024E-01   0.000       0.000       0.000       0.000        0.000       0.000       0.000       0.000       0.000       0.000                            0.3041E-06  0.3041E-06   0.000    
  31190400.0   10.53090249   10.6260   0.000       0.000      0.9509E-03  0.2958E-06 -0.2105E-01  0.2010E-01   0.000       0.000       0.000       0.000        0.000       0.000       0.000       0.000       0.000       0.000                            0.2958E-06  0.2958E-06   0.000    
  31276800.0   10.52673382   10.6213   0.000       0.000      0.9461E-03  0.2412E-06 -0.2093E-01  0.1998E-01   0.000       0.000       0.000       0.000        0.000       0.000       0.000       0.000       0.000       0.000                            0.2412E-06  0.2412E-06   0.000    
  31363200.0   10.52178716   10.6159   0.000       0.000      0.9407E-03  0.2863E-06 -0.2079E-01  0.1985E-01   0.000       0.000       0.000       0.000        0.000       0.000       0.000       0.000       0.000       0.000                            0.2863E-06  0.2863E-06   0.000    
  31449600.0   10.51698273   10.6105   0.000       0.000      0.9354E-03  0.2780E-06 -0.2066E-01  0.1973E-01   0.000       0.000       0.000       0.000        0.000       0.000       0.000       0.000       0.000       0.000                            0.2780E-06  0.2780E-06   0.000    
  31536000.0   10.51230594   10.6053   0.000       0.000      0.9301E-03  0.2706E-06 -0.2053E-01  0.1960E-01   0.000       0.000       0.000       0.000        0.000       0.000       0.000       0.000       0.000       0.000                            0.2706E-06  0.2706E-06   0.000    
  31622400.0   10.50733849   10.5998   0.000       0.000      0.9246E-03  0.2875E-06 -0.2039E-01  0.1947E-01   0.000       0.000       0.000       0.000        0.000       0.000       0.000       0.000       0.000       0.000                            0.2875E-06  0.2875E-06   0.000    
