   TOTIM (T)          HCON      HMAT     QDIR      QWELL        QMAT QCADS<->CON       QTUB1       QTUB2       QTUB3       QTUB4       QTUB5       QTUB6       NSTOR        QFIX        QLH     FHLQ (LQ)      CAUCHY CAUCHY (LQ) BREAK-DOWN CADS FLOW  QCADS<->CON    Q_CDSSTO    Q_CDSRCH
     86400.0   10.26302064   10.2960   0.000       0.000      0.3294E-03   0.000     -0.3427E-01  0.3394E-01   0.000       0.000       0.000       0.000        0.000       0.000       0.000       0.000       0.000       0.000                             0.000       0.000       0.000    
    172800.0   10.25495695   10.2839   0.000       0.000      0.2893E-03  0.4666E-06 -0.3324E-01  0.3294E-01   0.000       0.000       0.000       0.000      -0.3992E-05   0.000       0.000       0.000       0.000       0.000                            0.4666E-06  0.4666E-06   0.000    
    259200.0   10.25624143   10.2863   0.000       0.000      0.3004E-03 -0.7433E-07 -0.3343E-01  0.3313E-01   0.000       0.000       0.000       0.000       0.6389E-06   0.000       0.000       0.000       0.000       0.000                           -0.7433E-07 -0.7433E-07   0.000    
    345600.0   10.25611762   10.2861   0.000       0.000      0.3000E-03  0.7165E-08 -0.3342E-01  0.3312E-01   0.000       0.000       0.000       0.000      -0.6153E-07   0.000       0.000       0.000       0.000       0.000                            0.7165E-08  0.7165E-08   0.000    
    432000.0   10.26194486   10.2949   0.000       0.000      0.3298E-03 -0.3372E-06 -0.3418E-01  0.3385E-01   0.000       0.000       0.000       0.000       0.2884E-05   0.000       0.000       0.000       0.000       0.000                           -0.3372E-06 -0.3372E-06   0.000    
    518400.0   10.26463973   10.2987   0.000       0.000      0.3407E-03 -0.1560E-06 -0.3451E-01  0.3417E-01   0.000       0.000       0.000       0.000       0.1326E-05   0.000       0.000       0.000       0.000       0.000                           -0.1560E-06 -0.1560E-06   0.000    
    604800.0   10.26486332   10.2989   0.000       0.000      0.3404E-03 -0.1294E-07 -0.3453E-01  0.3419E-01   0.000       0.000       0.000       0.000       0.1098E-06   0.000       0.000       0.000       0.000       0.000                           -0.1294E-07 -0.1294E-07   0.000    
    691200.0   10.27263054   10.3105   0.000       0.000      0.3786E-03 -0.4495E-06 -0.3551E-01  0.3513E-01   0.000       0.000       0.000       0.000       0.3790E-05   0.000       0.000       0.000       0.000       0.000                           -0.4495E-06 -0.4495E-06   0.000    
    777600.0   10.29349291   10.3413   0.000       0.000      0.4776E-03 -0.1207E-05 -0.3815E-01  0.3768E-01   0.000       0.000       0.000       0.000       0.9951E-05   0.000       0.000       0.000       0.000       0.000                           -0.1207E-05 -0.1207E-05   0.000    
    864000.0   10.32213072   10.3828   0.000       0.000      0.6066E-03 -0.1657E-05 -0.4174E-01  0.4115E-01   0.000       0.000       0.000       0.000       0.1306E-04   0.000       0.000       0.000       0.000       0.000                           -0.1657E-05 -0.1657E-05   0.000    
    950400.0   10.32956946   10.3920   0.000       0.000      0.6246E-03 -0.4305E-06 -0.4256E-01  0.4194E-01   0.000       0.000       0.000       0.000       0.3265E-05   0.000       0.000       0.000       0.000       0.000                           -0.4305E-06 -0.4305E-06   0.000    
   1036800.0   10.35851991   10.4341   0.000       0.000      0.7560E-03 -0.1675E-05 -0.4615E-01  0.4541E-01   0.000       0.000       0.000       0.000       0.1215E-04   0.000       0.000       0.000       0.000       0.000                           -0.1675E-05 -0.1675E-05   0.000    
   1123200.0   10.41323551   10.5126   0.000       0.000      0.9936E-03 -0.3166E-05 -0.5279E-01  0.5182E-01   0.000       0.000       0.000       0.000       0.2007E-04   0.000       0.000       0.000       0.000       0.000                           -0.3166E-05 -0.3166E-05   0.000    
   1209600.0   10.38902154   10.4736   0.000       0.000      0.8458E-03  0.1401E-05 -0.4959E-01  0.4874E-01   0.000       0.000       0.000       0.000      -0.8359E-05   0.000       0.000       0.000       0.000       0.000                            0.1401E-05  0.1401E-05   0.000    
   1296000.0   10.37200994   10.4477   0.000       0.000      0.7573E-03  0.9845E-06 -0.4733E-01  0.4657E-01   0.000       0.000       0.000       0.000      -0.6385E-05   0.000       0.000       0.000       0.000       0.000                            0.9845E-06  0.9845E-06   0.000    
   1382400.0   10.35953502   10.4285   0.000       0.000      0.6900E-03  0.7219E-06 -0.4568E-01  0.4498E-01   0.000       0.000       0.000       0.000      -0.4921E-05   0.000       0.000       0.000       0.000       0.000                            0.7219E-06  0.7219E-06   0.000    
   1468800.0   10.34950902   10.4129   0.000       0.000      0.6341E-03  0.5802E-06 -0.4435E-01  0.4371E-01   0.000       0.000       0.000       0.000      -0.4091E-05   0.000       0.000       0.000       0.000       0.000                            0.5802E-06  0.5802E-06   0.000    
   1555200.0   10.34004274   10.3982   0.000       0.000      0.5818E-03  0.5478E-06 -0.4311E-01  0.4253E-01   0.000       0.000       0.000       0.000      -0.3967E-05   0.000       0.000       0.000       0.000       0.000                            0.5478E-06  0.5478E-06   0.000    
   1641600.0   10.33135645   10.3849   0.000       0.000      0.5351E-03  0.5027E-06 -0.4200E-01  0.4146E-01   0.000       0.000       0.000       0.000      -0.3725E-05   0.000       0.000       0.000       0.000       0.000                            0.5027E-06  0.5027E-06   0.000    
   1728000.0   10.32474017   10.3748   0.000       0.000      0.5002E-03  0.3829E-06 -0.4116E-01  0.4066E-01   0.000       0.000       0.000       0.000      -0.2889E-05   0.000       0.000       0.000       0.000       0.000                            0.3829E-06  0.3829E-06   0.000    
   1814400.0   10.31931430   10.3665   0.000       0.000      0.4719E-03  0.3140E-06 -0.4048E-01  0.4000E-01   0.000       0.000       0.000       0.000      -0.2402E-05   0.000       0.000       0.000       0.000       0.000                            0.3140E-06  0.3140E-06   0.000    
   1900800.0   10.31294916   10.3569   0.000       0.000      0.4399E-03  0.3684E-06 -0.3968E-01  0.3924E-01   0.000       0.000       0.000       0.000      -0.2854E-05   0.000       0.000       0.000       0.000       0.000                            0.3684E-06  0.3684E-06   0.000    
   1987200.0   10.30753579   10.3489   0.000       0.000      0.4140E-03  0.3133E-06 -0.3901E-01  0.3859E-01   0.000       0.000       0.000       0.000      -0.2457E-05   0.000       0.000       0.000       0.000       0.000                            0.3133E-06  0.3133E-06   0.000    
   2073600.0   10.30348460   10.3431   0.000       0.000      0.3958E-03  0.2344E-06 -0.3852E-01  0.3812E-01   0.000       0.000       0.000       0.000      -0.1856E-05   0.000       0.000       0.000       0.000       0.000                            0.2344E-06  0.2344E-06   0.000    
   2160000.0   10.29828385   10.3355   0.000       0.000      0.3721E-03  0.3010E-06 -0.3788E-01  0.3751E-01   0.000       0.000       0.000       0.000      -0.2404E-05   0.000       0.000       0.000       0.000       0.000                            0.3010E-06  0.3010E-06   0.000    
   2246400.0   10.29331215   10.3284   0.000       0.000      0.3507E-03  0.2877E-06 -0.3727E-01  0.3692E-01   0.000       0.000       0.000       0.000      -0.2320E-05   0.000       0.000       0.000       0.000       0.000                            0.2877E-06  0.2877E-06   0.000    
   2332800.0   10.28854974   10.3217   0.000       0.000      0.3312E-03  0.2756E-06 -0.3670E-01  0.3637E-01   0.000       0.000       0.000       0.000      -0.2241E-05   0.000       0.000       0.000       0.000       0.000                            0.2756E-06  0.2756E-06   0.000    
   2419200.0   10.28403545   10.3154   0.000       0.000      0.3132E-03  0.2612E-06 -0.3616E-01  0.3585E-01   0.000       0.000       0.000       0.000      -0.2142E-05   0.000       0.000       0.000       0.000       0.000                            0.2612E-06  0.2612E-06   0.000    
   2505600.0   10.28326486   10.3147   0.000       0.000      0.3147E-03  0.4459E-07 -0.3612E-01  0.3580E-01   0.000       0.000       0.000       0.000      -0.3672E-06   0.000       0.000       0.000       0.000       0.000                            0.4459E-07  0.4459E-07   0.000    
   2592000.0   10.28058375   10.3111   0.000       0.000      0.3047E-03  0.1552E-06 -0.3581E-01  0.3550E-01   0.000       0.000       0.000       0.000      -0.1281E-05   0.000       0.000       0.000       0.000       0.000                            0.1552E-06  0.1552E-06   0.000    
   2678400.0   10.29086050   10.3269   0.000       0.000      0.3609E-03 -0.5947E-06 -0.3718E-01  0.3682E-01   0.000       0.000       0.000       0.000       0.4880E-05   0.000       0.000       0.000       0.000       0.000                           -0.5947E-06 -0.5947E-06   0.000    
   2764800.0   10.32436357   10.3769   0.000       0.000      0.5258E-03 -0.1939E-05 -0.4152E-01  0.4101E-01   0.000       0.000       0.000       0.000       0.1528E-04   0.000       0.000       0.000       0.000       0.000                           -0.1939E-05 -0.1939E-05   0.000    
   2851200.0   10.40250072   10.4913   0.000       0.000      0.8877E-03 -0.4522E-05 -0.5132E-01  0.5046E-01   0.000       0.000       0.000       0.000       0.3091E-04   0.000       0.000       0.000       0.000       0.000                           -0.4522E-05 -0.4522E-05   0.000    
   2937600.0   10.37049103   10.4401   0.000       0.000      0.6962E-03  0.1852E-05 -0.4708E-01  0.4637E-01   0.000       0.000       0.000       0.000      -0.1174E-04   0.000       0.000       0.000       0.000       0.000                            0.1852E-05  0.1852E-05   0.000    
   3024000.0   10.36725140   10.4356   0.000       0.000      0.6833E-03  0.1875E-06 -0.4657E-01  0.4589E-01   0.000       0.000       0.000       0.000      -0.1266E-05   0.000       0.000       0.000       0.000       0.000                            0.1875E-06  0.1875E-06   0.000    
   3110400.0   10.36396644   10.4300   0.000       0.000      0.6608E-03  0.1901E-06 -0.4607E-01  0.4541E-01   0.000       0.000       0.000       0.000      -0.1297E-05   0.000       0.000       0.000       0.000       0.000                            0.1901E-06  0.1901E-06   0.000    
   3196800.0   10.35592083   10.4174   0.000       0.000      0.6149E-03  0.4656E-06 -0.4499E-01  0.4437E-01   0.000       0.000       0.000       0.000      -0.3232E-05   0.000       0.000       0.000       0.000       0.000                            0.4656E-06  0.4656E-06   0.000    
   3283200.0   10.34695758   10.4036   0.000       0.000      0.5665E-03  0.5187E-06 -0.4380E-01  0.4323E-01   0.000       0.000       0.000       0.000      -0.3689E-05   0.000       0.000       0.000       0.000       0.000                            0.5187E-06  0.5187E-06   0.000    
   3369600.0   10.34853303   10.4058   0.000       0.000      0.5723E-03 -0.9117E-07 -0.4400E-01  0.4343E-01   0.000       0.000       0.000       0.000       0.6551E-06   0.000       0.000       0.000       0.000       0.000                           -0.9117E-07 -0.9117E-07   0.000    
   3456000.0   10.35456750   10.4142   0.000       0.000      0.5966E-03 -0.3492E-06 -0.4477E-01  0.4418E-01   0.000       0.000       0.000       0.000       0.2483E-05   0.000       0.000       0.000       0.000       0.000                           -0.3492E-06 -0.3492E-06   0.000    
   3542400.0   10.36315569   10.4262   0.000       0.000      0.6308E-03 -0.4970E-06 -0.4584E-01  0.4521E-01   0.000       0.000       0.000       0.000       0.3461E-05   0.000       0.000       0.000       0.000       0.000                           -0.4970E-06 -0.4970E-06   0.000    
   3628800.0   10.36411085   10.4267   0.000       0.000      0.6262E-03 -0.5528E-07 -0.4591E-01  0.4529E-01   0.000       0.000       0.000       0.000       0.3794E-06   0.000       0.000       0.000       0.000       0.000                           -0.5528E-07 -0.5528E-07   0.000    
   3715200.0   10.35656716   10.4148   0.000       0.000      0.5828E-03  0.4366E-06 -0.4489E-01  0.4431E-01   0.000       0.000       0.000       0.000      -0.3026E-05   0.000       0.000       0.000       0.000       0.000                            0.4366E-06  0.4366E-06   0.000    
   3801600.0   10.35758696   10.4162   0.000       0.000      0.5859E-03 -0.5902E-07 -0.4501E-01  0.4442E-01   0.000       0.000       0.000       0.000       0.4131E-06   0.000       0.000       0.000       0.000       0.000                           -0.5902E-07 -0.5902E-07   0.000    
   3888000.0   10.36238014   10.4228   0.000       0.000      0.6046E-03 -0.2774E-06 -0.4560E-01  0.4500E-01   0.000       0.000       0.000       0.000       0.1925E-05   0.000       0.000       0.000       0.000       0.000                           -0.2774E-06 -0.2774E-06   0.000    
   3974400.0   10.37347358   10.4387   0.000       0.000      0.6522E-03 -0.6420E-06 -0.4699E-01  0.4634E-01   0.000       0.000       0.000       0.000       0.4347E-05   0.000       0.000       0.000       0.000       0.000                           -0.6420E-06 -0.6420E-06   0.000    
   4060800.0   10.38041266   10.4480   0.000       0.000      0.6762E-03 -0.4016E-06 -0.4782E-01  0.4715E-01   0.000       0.000       0.000       0.000       0.2638E-05   0.000       0.000       0.000       0.000       0.000                           -0.4016E-06 -0.4016E-06   0.000    
   4147200.0   10.37147247   10.4338   0.000       0.000      0.6234E-03  0.5174E-06 -0.4661E-01  0.4598E-01   0.000       0.000       0.000       0.000      -0.3411E-05   0.000       0.000       0.000       0.000       0.000                            0.5174E-06  0.5174E-06   0.000    
   4233600.0   10.36196717   10.4194   0.000       0.000      0.5748E-03  0.5501E-06 -0.4536E-01  0.4478E-01   0.000       0.000       0.000       0.000      -0.3739E-05   0.000       0.000       0.000       0.000       0.000                            0.5501E-06  0.5501E-06   0.000    
   4320000.0   10.35565609   10.4099   0.000       0.000      0.5429E-03  0.3652E-06 -0.4453E-01  0.4398E-01   0.000       0.000       0.000       0.000      -0.2543E-05   0.000       0.000       0.000       0.000       0.000                            0.3652E-06  0.3652E-06   0.000    
   4406400.0   10.34945081   10.4006   0.000       0.000      0.5116E-03  0.3591E-06 -0.4373E-01  0.4322E-01   0.000       0.000       0.000       0.000      -0.2546E-05   0.000       0.000       0.000       0.000       0.000                            0.3591E-06  0.3591E-06   0.000    
   4492800.0   10.34519153   10.3943   0.000       0.000      0.4908E-03  0.2465E-06 -0.4320E-01  0.4270E-01   0.000       0.000       0.000       0.000      -0.1773E-05   0.000       0.000       0.000       0.000       0.000                            0.2465E-06  0.2465E-06   0.000    
   4579200.0   10.33930599   10.3855   0.000       0.000      0.4619E-03  0.3406E-06 -0.4245E-01  0.4198E-01   0.000       0.000       0.000       0.000      -0.2483E-05   0.000       0.000       0.000       0.000       0.000                            0.3406E-06  0.3406E-06   0.000    
   4665600.0   10.33333701   10.3768   0.000       0.000      0.4342E-03  0.3454E-06 -0.4170E-01  0.4126E-01   0.000       0.000       0.000       0.000      -0.2556E-05   0.000       0.000       0.000       0.000       0.000                            0.3454E-06  0.3454E-06   0.000    
   4752000.0   10.34689224   10.3974   0.000       0.000      0.5052E-03 -0.7844E-06 -0.4351E-01  0.4301E-01   0.000       0.000       0.000       0.000       0.5749E-05   0.000       0.000       0.000       0.000       0.000                           -0.7844E-06 -0.7844E-06   0.000    
   4838400.0   10.36250335   10.4201   0.000       0.000      0.5764E-03 -0.9034E-06 -0.4552E-01  0.4495E-01   0.000       0.000       0.000       0.000       0.6366E-05   0.000       0.000       0.000       0.000       0.000                           -0.9034E-06 -0.9034E-06   0.000    
   4924800.0   10.37766787   10.4419   0.000       0.000      0.6423E-03 -0.8776E-06 -0.4743E-01  0.4679E-01   0.000       0.000       0.000       0.000       0.5900E-05   0.000       0.000       0.000       0.000       0.000                           -0.8776E-06 -0.8776E-06   0.000    
   5011200.0   10.38438049   10.4508   0.000       0.000      0.6645E-03 -0.3885E-06 -0.4819E-01  0.4753E-01   0.000       0.000       0.000       0.000       0.2515E-05   0.000       0.000       0.000       0.000       0.000                           -0.3885E-06 -0.3885E-06   0.000    
   5097600.0   10.37406053   10.4348   0.000       0.000      0.6071E-03  0.5972E-06 -0.4681E-01  0.4620E-01   0.000       0.000       0.000       0.000      -0.3892E-05   0.000       0.000       0.000       0.000       0.000                            0.5972E-06  0.5972E-06   0.000    
   5184000.0   10.36429731   10.4201   0.000       0.000      0.5582E-03  0.5650E-06 -0.4551E-01  0.4495E-01   0.000       0.000       0.000       0.000      -0.3810E-05   0.000       0.000       0.000       0.000       0.000                            0.5650E-06  0.5650E-06   0.000    
   5270400.0   10.35736617   10.4098   0.000       0.000      0.5248E-03  0.4011E-06 -0.4461E-01  0.4409E-01   0.000       0.000       0.000       0.000      -0.2777E-05   0.000       0.000       0.000       0.000       0.000                            0.4011E-06  0.4011E-06   0.000    
   5356800.0   10.35033424   10.3993   0.000       0.000      0.4900E-03  0.4069E-06 -0.4370E-01  0.4321E-01   0.000       0.000       0.000       0.000      -0.2875E-05   0.000       0.000       0.000       0.000       0.000                            0.4069E-06  0.4069E-06   0.000    
   5443200.0   10.35631843   10.4085   0.000       0.000      0.5214E-03 -0.3463E-06 -0.4451E-01  0.4399E-01   0.000       0.000       0.000       0.000       0.2450E-05   0.000       0.000       0.000       0.000       0.000                           -0.3463E-06 -0.3463E-06   0.000    
   5529600.0   10.36179417   10.4163   0.000       0.000      0.5448E-03 -0.3169E-06 -0.4522E-01  0.4468E-01   0.000       0.000       0.000       0.000       0.2205E-05   0.000       0.000       0.000       0.000       0.000                           -0.3169E-06 -0.3169E-06   0.000    
   5616000.0   10.36672215   10.4232   0.000       0.000      0.5647E-03 -0.2852E-06 -0.4584E-01  0.4527E-01   0.000       0.000       0.000       0.000       0.1954E-05   0.000       0.000       0.000       0.000       0.000                           -0.2852E-06 -0.2852E-06   0.000    
   5702400.0   10.36892067   10.4260   0.000       0.000      0.5711E-03 -0.1272E-06 -0.4609E-01  0.4552E-01   0.000       0.000       0.000       0.000       0.8618E-06   0.000       0.000       0.000       0.000       0.000                           -0.1272E-06 -0.1272E-06   0.000    
   5788800.0   10.36539158   10.4204   0.000       0.000      0.5501E-03  0.2042E-06 -0.4561E-01  0.4506E-01   0.000       0.000       0.000       0.000      -0.1386E-05   0.000       0.000       0.000       0.000       0.000                            0.2042E-06  0.2042E-06   0.000    
   5875200.0   10.36516498   10.4200   0.000       0.000      0.5480E-03  0.1311E-07 -0.4556E-01  0.4502E-01   0.000       0.000       0.000       0.000      -0.8954E-07   0.000       0.000       0.000       0.000       0.000                            0.1311E-07  0.1311E-07   0.000    
   5961600.0   10.36278043   10.4162   0.000       0.000      0.5341E-03  0.1380E-06 -0.4524E-01  0.4471E-01   0.000       0.000       0.000       0.000      -0.9461E-06   0.000       0.000       0.000       0.000       0.000                            0.1380E-06  0.1380E-06   0.000    
   6048000.0   10.35706036   10.4076   0.000       0.000      0.5050E-03  0.3310E-06 -0.4450E-01  0.4399E-01   0.000       0.000       0.000       0.000      -0.2298E-05   0.000       0.000       0.000       0.000       0.000                            0.3310E-06  0.3310E-06   0.000    
   6134400.0   10.35064658   10.3980   0.000       0.000      0.4738E-03  0.3712E-06 -0.4366E-01  0.4319E-01   0.000       0.000       0.000       0.000      -0.2622E-05   0.000       0.000       0.000       0.000       0.000                            0.3712E-06  0.3712E-06   0.000    
   6220800.0   10.34422645   10.3886   0.000       0.000      0.4442E-03  0.3715E-06 -0.4285E-01  0.4241E-01   0.000       0.000       0.000       0.000      -0.2672E-05   0.000       0.000       0.000       0.000       0.000                            0.3715E-06  0.3715E-06   0.000    
   6307200.0   10.33815235   10.3798   0.000       0.000      0.4167E-03  0.3515E-06 -0.4208E-01  0.4167E-01   0.000       0.000       0.000       0.000      -0.2569E-05   0.000       0.000       0.000       0.000       0.000                            0.3515E-06  0.3515E-06   0.000    
   6393600.0   10.33238741   10.3716   0.000       0.000      0.3920E-03  0.3336E-06 -0.4138E-01  0.4098E-01   0.000       0.000       0.000       0.000      -0.2475E-05   0.000       0.000       0.000       0.000       0.000                            0.3336E-06  0.3336E-06   0.000    
   6480000.0   10.32699493   10.3639   0.000       0.000      0.3693E-03  0.3121E-06 -0.4071E-01  0.4034E-01   0.000       0.000       0.000       0.000      -0.2346E-05   0.000       0.000       0.000       0.000       0.000                            0.3121E-06  0.3121E-06   0.000    
   6566400.0   10.32179711   10.3567   0.000       0.000      0.3486E-03  0.3008E-06 -0.4009E-01  0.3974E-01   0.000       0.000       0.000       0.000      -0.2289E-05   0.000       0.000       0.000       0.000       0.000                            0.3008E-06  0.3008E-06   0.000    
   6652800.0   10.31685674   10.3498   0.000       0.000      0.3293E-03  0.2859E-06 -0.3949E-01  0.3915E-01   0.000       0.000       0.000       0.000      -0.2200E-05   0.000       0.000       0.000       0.000       0.000                            0.2859E-06  0.2859E-06   0.000    
   6739200.0   10.31215077   10.3434   0.000       0.000      0.3122E-03  0.2723E-06 -0.3893E-01  0.3862E-01   0.000       0.000       0.000       0.000      -0.2117E-05   0.000       0.000       0.000       0.000       0.000                            0.2723E-06  0.2723E-06   0.000    
   6825600.0   10.30755448   10.3371   0.000       0.000      0.2955E-03  0.2660E-06 -0.3838E-01  0.3809E-01   0.000       0.000       0.000       0.000      -0.2088E-05   0.000       0.000       0.000       0.000       0.000                            0.2660E-06  0.2660E-06   0.000    
   6912000.0   10.30299141   10.3310   0.000       0.000      0.2798E-03  0.2641E-06 -0.3785E-01  0.3757E-01   0.000       0.000       0.000       0.000      -0.2091E-05   0.000       0.000       0.000       0.000       0.000                            0.2641E-06  0.2641E-06   0.000    
   6998400.0   10.29866326   10.3252   0.000       0.000      0.2652E-03  0.2505E-06 -0.3734E-01  0.3708E-01   0.000       0.000       0.000       0.000      -0.2001E-05   0.000       0.000       0.000       0.000       0.000                            0.2505E-06  0.2505E-06   0.000    
   7084800.0   10.29456695   10.3198   0.000       0.000      0.2523E-03  0.2371E-06 -0.3687E-01  0.3662E-01   0.000       0.000       0.000       0.000      -0.1908E-05   0.000       0.000       0.000       0.000       0.000                            0.2371E-06  0.2371E-06   0.000    
   7171200.0   10.29066675   10.3147   0.000       0.000      0.2406E-03  0.2257E-06 -0.3643E-01  0.3619E-01   0.000       0.000       0.000       0.000      -0.1830E-05   0.000       0.000       0.000       0.000       0.000                            0.2257E-06  0.2257E-06   0.000    
   7257600.0   10.28689509   10.3099   0.000       0.000      0.2296E-03  0.2183E-06 -0.3600E-01  0.3577E-01   0.000       0.000       0.000       0.000      -0.1782E-05   0.000       0.000       0.000       0.000       0.000                            0.2183E-06  0.2183E-06   0.000    
   7344000.0   10.28329593   10.3053   0.000       0.000      0.2197E-03  0.2083E-06 -0.3560E-01  0.3537E-01   0.000       0.000       0.000       0.000      -0.1711E-05   0.000       0.000       0.000       0.000       0.000                            0.2083E-06  0.2083E-06   0.000    
   7430400.0   10.28030389   10.3016   0.000       0.000      0.2127E-03  0.1732E-06 -0.3527E-01  0.3505E-01   0.000       0.000       0.000       0.000      -0.1430E-05   0.000       0.000       0.000       0.000       0.000                            0.1732E-06  0.1732E-06   0.000    
   7516800.0   10.27724910   10.2978   0.000       0.000      0.2054E-03  0.1768E-06 -0.3494E-01  0.3473E-01   0.000       0.000       0.000       0.000      -0.1468E-05   0.000       0.000       0.000       0.000       0.000                            0.1768E-06  0.1768E-06   0.000    
   7603200.0   10.27397818   10.2937   0.000       0.000      0.1969E-03  0.1893E-06 -0.3457E-01  0.3437E-01   0.000       0.000       0.000       0.000      -0.1579E-05   0.000       0.000       0.000       0.000       0.000                            0.1893E-06  0.1893E-06   0.000    
   7689600.0   10.27083936   10.2898   0.000       0.000      0.1895E-03  0.1816E-06 -0.3423E-01  0.3404E-01   0.000       0.000       0.000       0.000      -0.1523E-05   0.000       0.000       0.000       0.000       0.000                            0.1816E-06  0.1816E-06   0.000    
   7776000.0   10.26809760   10.2865   0.000       0.000      0.1838E-03  0.1587E-06 -0.3393E-01  0.3374E-01   0.000       0.000       0.000       0.000      -0.1337E-05   0.000       0.000       0.000       0.000       0.000                            0.1587E-06  0.1587E-06   0.000    
   7862400.0   10.26517729   10.2829   0.000       0.000      0.1773E-03  0.1690E-06 -0.3361E-01  0.3343E-01   0.000       0.000       0.000       0.000      -0.1430E-05   0.000       0.000       0.000       0.000       0.000                            0.1690E-06  0.1690E-06   0.000    
   7948800.0   10.26240456   10.2795   0.000       0.000      0.1713E-03  0.1605E-06 -0.3331E-01  0.3314E-01   0.000       0.000       0.000       0.000      -0.1363E-05   0.000       0.000       0.000       0.000       0.000                            0.1605E-06  0.1605E-06   0.000    
   8035200.0   10.25970589   10.2763   0.000       0.000      0.1660E-03  0.1562E-06 -0.3302E-01  0.3286E-01   0.000       0.000       0.000       0.000      -0.1332E-05   0.000       0.000       0.000       0.000       0.000                            0.1562E-06  0.1562E-06   0.000    
   8121600.0   10.25712516   10.2732   0.000       0.000      0.1609E-03  0.1493E-06 -0.3274E-01  0.3258E-01   0.000       0.000       0.000       0.000      -0.1279E-05   0.000       0.000       0.000       0.000       0.000                            0.1493E-06  0.1493E-06   0.000    
   8208000.0   10.25459390   10.2702   0.000       0.000      0.1563E-03  0.1465E-06 -0.3248E-01  0.3232E-01   0.000       0.000       0.000       0.000      -0.1259E-05   0.000       0.000       0.000       0.000       0.000                            0.1465E-06  0.1465E-06   0.000    
   8294400.0   10.25216619   10.2673   0.000       0.000      0.1518E-03  0.1405E-06 -0.3222E-01  0.3206E-01   0.000       0.000       0.000       0.000      -0.1211E-05   0.000       0.000       0.000       0.000       0.000                            0.1405E-06  0.1405E-06   0.000    
   8380800.0   10.27498824   10.3024   0.000       0.000      0.2739E-03 -0.1321E-05 -0.3522E-01  0.3496E-01   0.000       0.000       0.000       0.000       0.1122E-04   0.000       0.000       0.000       0.000       0.000                           -0.1321E-05 -0.1321E-05   0.000    
   8467200.0   10.27545465   10.3024   0.000       0.000      0.2691E-03 -0.2699E-07 -0.3525E-01  0.3498E-01   0.000       0.000       0.000       0.000       0.2253E-06   0.000       0.000       0.000       0.000       0.000                           -0.2699E-07 -0.2699E-07   0.000    
   8553600.0   10.27488803   10.3018   0.000       0.000      0.2691E-03  0.3279E-07 -0.3517E-01  0.3490E-01   0.000       0.000       0.000       0.000      -0.2738E-06   0.000       0.000       0.000       0.000       0.000                            0.3279E-07  0.3279E-07   0.000    
   8640000.0   10.27273461   10.2989   0.000       0.000      0.2616E-03  0.1246E-06 -0.3489E-01  0.3463E-01   0.000       0.000       0.000       0.000      -0.1043E-05   0.000       0.000       0.000       0.000       0.000                            0.1246E-06  0.1246E-06   0.000    
   8726400.0   10.27009778   10.2953   0.000       0.000      0.2521E-03  0.1526E-06 -0.3456E-01  0.3431E-01   0.000       0.000       0.000       0.000      -0.1282E-05   0.000       0.000       0.000       0.000       0.000                            0.1526E-06  0.1526E-06   0.000    
   8812800.0   10.26732308   10.2915   0.000       0.000      0.2423E-03  0.1606E-06 -0.3422E-01  0.3398E-01   0.000       0.000       0.000       0.000      -0.1354E-05   0.000       0.000       0.000       0.000       0.000                            0.1606E-06  0.1606E-06   0.000    
   8899200.0   10.26390540   10.2868   0.000       0.000      0.2294E-03  0.1978E-06 -0.3381E-01  0.3358E-01   0.000       0.000       0.000       0.000      -0.1676E-05   0.000       0.000       0.000       0.000       0.000                            0.1978E-06  0.1978E-06   0.000    
   8985600.0   10.26375622   10.2871   0.000       0.000      0.2334E-03  0.8633E-08 -0.3382E-01  0.3359E-01   0.000       0.000       0.000       0.000      -0.7333E-07   0.000       0.000       0.000       0.000       0.000                            0.8633E-08  0.8633E-08   0.000    
   9072000.0   10.26829987   10.2942   0.000       0.000      0.2595E-03 -0.2629E-06 -0.3443E-01  0.3418E-01   0.000       0.000       0.000       0.000       0.2226E-05   0.000       0.000       0.000       0.000       0.000                           -0.2629E-06 -0.2629E-06   0.000    
   9158400.0   10.26670505   10.2919   0.000       0.000      0.2519E-03  0.9229E-07 -0.3424E-01  0.3398E-01   0.000       0.000       0.000       0.000      -0.7797E-06   0.000       0.000       0.000       0.000       0.000                            0.9229E-07  0.9229E-07   0.000    
   9244800.0   10.27981039   10.3119   0.000       0.000      0.3205E-03 -0.7584E-06 -0.3594E-01  0.3562E-01   0.000       0.000       0.000       0.000       0.6351E-05   0.000       0.000       0.000       0.000       0.000                           -0.7584E-06 -0.7584E-06   0.000    
   9331200.0   10.31004383   10.3567   0.000       0.000      0.4664E-03 -0.1750E-05 -0.3982E-01  0.3937E-01   0.000       0.000       0.000       0.000       0.1412E-04   0.000       0.000       0.000       0.000       0.000                           -0.1750E-05 -0.1750E-05   0.000    
   9417600.0   10.38167289   10.4617   0.000       0.000      0.8007E-03 -0.4145E-05 -0.4884E-01  0.4807E-01   0.000       0.000       0.000       0.000       0.2984E-04   0.000       0.000       0.000       0.000       0.000                           -0.4145E-05 -0.4145E-05   0.000    
   9504000.0   10.42353086   10.5193   0.000       0.000      0.9578E-03 -0.2422E-05 -0.5374E-01  0.5279E-01   0.000       0.000       0.000       0.000       0.1433E-04   0.000       0.000       0.000       0.000       0.000                           -0.2422E-05 -0.2422E-05   0.000    
   9590400.0   10.39461590   10.4742   0.000       0.000      0.7962E-03  0.1673E-05 -0.4998E-01  0.4917E-01   0.000       0.000       0.000       0.000      -0.9609E-05   0.000       0.000       0.000       0.000       0.000                            0.1673E-05  0.1673E-05   0.000    
   9676800.0   10.37392912   10.4432   0.000       0.000      0.6929E-03  0.1197E-05 -0.4724E-01  0.4654E-01   0.000       0.000       0.000       0.000      -0.7656E-05   0.000       0.000       0.000       0.000       0.000                            0.1197E-05  0.1197E-05   0.000    
   9763200.0   10.35792889   10.4190   0.000       0.000      0.6109E-03  0.9259E-06 -0.4512E-01  0.4450E-01   0.000       0.000       0.000       0.000      -0.6309E-05   0.000       0.000       0.000       0.000       0.000                            0.9259E-06  0.9259E-06   0.000    
   9849600.0   10.34537871   10.3999   0.000       0.000      0.5456E-03  0.7263E-06 -0.4348E-01  0.4292E-01   0.000       0.000       0.000       0.000      -0.5163E-05   0.000       0.000       0.000       0.000       0.000                            0.7263E-06  0.7263E-06   0.000    
   9936000.0   10.35503307   10.4142   0.000       0.000      0.5916E-03 -0.5587E-06 -0.4474E-01  0.4416E-01   0.000       0.000       0.000       0.000       0.3987E-05   0.000       0.000       0.000       0.000       0.000                           -0.5587E-06 -0.5587E-06   0.000    
  10022400.0   10.36074686   10.4216   0.000       0.000      0.6085E-03 -0.3307E-06 -0.4545E-01  0.4484E-01   0.000       0.000       0.000       0.000       0.2309E-05   0.000       0.000       0.000       0.000       0.000                           -0.3307E-06 -0.3307E-06   0.000    
  10108800.0   10.36066284   10.4205   0.000       0.000      0.5986E-03  0.4862E-08 -0.4539E-01  0.4479E-01   0.000       0.000       0.000       0.000      -0.3367E-07   0.000       0.000       0.000       0.000       0.000                            0.4862E-08  0.4862E-08   0.000    
  10195200.0   10.36435264   10.4254   0.000       0.000      0.6103E-03 -0.2135E-06 -0.4583E-01  0.4523E-01   0.000       0.000       0.000       0.000       0.1471E-05   0.000       0.000       0.000       0.000       0.000                           -0.2135E-06 -0.2135E-06   0.000    
  10281600.0   10.36508424   10.4257   0.000       0.000      0.6060E-03 -0.4234E-07 -0.4588E-01  0.4528E-01   0.000       0.000       0.000       0.000       0.2896E-06   0.000       0.000       0.000       0.000       0.000                           -0.4234E-07 -0.4234E-07   0.000    
  10368000.0   10.35774208   10.4140   0.000       0.000      0.5631E-03  0.4249E-06 -0.4488E-01  0.4432E-01   0.000       0.000       0.000       0.000      -0.2936E-05   0.000       0.000       0.000       0.000       0.000                            0.4249E-06  0.4249E-06   0.000    
  10454400.0   10.34891459   10.4007   0.000       0.000      0.5174E-03  0.5109E-06 -0.4373E-01  0.4321E-01   0.000       0.000       0.000       0.000      -0.3614E-05   0.000       0.000       0.000       0.000       0.000                            0.5109E-06  0.5109E-06   0.000    
  10540800.0   10.34938095   10.4013   0.000       0.000      0.5196E-03 -0.2699E-07 -0.4379E-01  0.4327E-01   0.000       0.000       0.000       0.000       0.1932E-06   0.000       0.000       0.000       0.000       0.000                           -0.2699E-07 -0.2699E-07   0.000    
  10627200.0   10.35335357   10.4069   0.000       0.000      0.5359E-03 -0.2299E-06 -0.4430E-01  0.4377E-01   0.000       0.000       0.000       0.000       0.1636E-05   0.000       0.000       0.000       0.000       0.000                           -0.2299E-06 -0.2299E-06   0.000    
  10713600.0   10.35293475   10.4058   0.000       0.000      0.5289E-03  0.2424E-07 -0.4423E-01  0.4370E-01   0.000       0.000       0.000       0.000      -0.1716E-06   0.000       0.000       0.000       0.000       0.000                            0.2424E-07  0.2424E-07   0.000    
  10800000.0   10.34823707   10.3985   0.000       0.000      0.5029E-03  0.2719E-06 -0.4361E-01  0.4310E-01   0.000       0.000       0.000       0.000      -0.1938E-05   0.000       0.000       0.000       0.000       0.000                            0.2719E-06  0.2719E-06   0.000    
  10886400.0   10.34173494   10.3887   0.000       0.000      0.4698E-03  0.3763E-06 -0.4275E-01  0.4228E-01   0.000       0.000       0.000       0.000      -0.2724E-05   0.000       0.000       0.000       0.000       0.000                            0.3763E-06  0.3763E-06   0.000    
  10972800.0   10.33464615   10.3782   0.000       0.000      0.4360E-03  0.4102E-06 -0.4185E-01  0.4141E-01   0.000       0.000       0.000       0.000      -0.3021E-05   0.000       0.000       0.000       0.000       0.000                            0.4102E-06  0.4102E-06   0.000    
  11059200.0   10.32699074   10.3670   0.000       0.000      0.4000E-03  0.4430E-06 -0.4086E-01  0.4046E-01   0.000       0.000       0.000       0.000      -0.3322E-05   0.000       0.000       0.000       0.000       0.000                            0.4430E-06  0.4430E-06   0.000    
  11145600.0   10.31988794   10.3567   0.000       0.000      0.3683E-03  0.4110E-06 -0.3997E-01  0.3960E-01   0.000       0.000       0.000       0.000      -0.3134E-05   0.000       0.000       0.000       0.000       0.000                            0.4110E-06  0.4110E-06   0.000    
  11232000.0   10.31348531   10.3476   0.000       0.000      0.3412E-03  0.3705E-06 -0.3919E-01  0.3885E-01   0.000       0.000       0.000       0.000      -0.2867E-05   0.000       0.000       0.000       0.000       0.000                            0.3705E-06  0.3705E-06   0.000    
  11318400.0   10.30769590   10.3394   0.000       0.000      0.3174E-03  0.3350E-06 -0.3848E-01  0.3816E-01   0.000       0.000       0.000       0.000      -0.2626E-05   0.000       0.000       0.000       0.000       0.000                            0.3350E-06  0.3350E-06   0.000    
  11404800.0   10.31260740   10.3474   0.000       0.000      0.3483E-03 -0.2842E-06 -0.3919E-01  0.3884E-01   0.000       0.000       0.000       0.000       0.2229E-05   0.000       0.000       0.000       0.000       0.000                           -0.2842E-06 -0.2842E-06   0.000    
  11491200.0   10.30617274   10.3379   0.000       0.000      0.3170E-03  0.3724E-06 -0.3838E-01  0.3806E-01   0.000       0.000       0.000       0.000      -0.2925E-05   0.000       0.000       0.000       0.000       0.000                            0.3724E-06  0.3724E-06   0.000    
  11577600.0   10.31971376   10.3589   0.000       0.000      0.3916E-03 -0.7836E-06 -0.4020E-01  0.3982E-01   0.000       0.000       0.000       0.000       0.6111E-05   0.000       0.000       0.000       0.000       0.000                           -0.7836E-06 -0.7836E-06   0.000    
  11664000.0   10.35111097   10.4055   0.000       0.000      0.5440E-03 -0.1817E-05 -0.4427E-01  0.4374E-01   0.000       0.000       0.000       0.000       0.1347E-04   0.000       0.000       0.000       0.000       0.000                           -0.1817E-05 -0.1817E-05   0.000    
  11750400.0   10.42326236   10.5106   0.000       0.000      0.8735E-03 -0.4175E-05 -0.5324E-01  0.5239E-01   0.000       0.000       0.000       0.000       0.2627E-04   0.000       0.000       0.000       0.000       0.000                           -0.4175E-05 -0.4175E-05   0.000    
  11836800.0   10.39187944   10.4612   0.000       0.000      0.6928E-03  0.1816E-05 -0.4916E-01  0.4845E-01   0.000       0.000       0.000       0.000      -0.1050E-04   0.000       0.000       0.000       0.000       0.000                            0.1816E-05  0.1816E-05   0.000    
  11923200.0   10.37264989   10.4329   0.000       0.000      0.6021E-03  0.1113E-05 -0.4662E-01  0.4601E-01   0.000       0.000       0.000       0.000      -0.7171E-05   0.000       0.000       0.000       0.000       0.000                            0.1113E-05  0.1113E-05   0.000    
  12009600.0   10.35933339   10.4131   0.000       0.000      0.5381E-03  0.7706E-06 -0.4487E-01  0.4432E-01   0.000       0.000       0.000       0.000      -0.5250E-05   0.000       0.000       0.000       0.000       0.000                            0.7706E-06  0.7706E-06   0.000    
  12096000.0   10.35735885   10.4103   0.000       0.000      0.5291E-03  0.1143E-06 -0.4461E-01  0.4408E-01   0.000       0.000       0.000       0.000      -0.7969E-06   0.000       0.000       0.000       0.000       0.000                            0.1143E-06  0.1143E-06   0.000    
  12182400.0   10.35401301   10.4050   0.000       0.000      0.5094E-03  0.1936E-06 -0.4418E-01  0.4366E-01   0.000       0.000       0.000       0.000      -0.1361E-05   0.000       0.000       0.000       0.000       0.000                            0.1936E-06  0.1936E-06   0.000    
  12268800.0   10.34805040   10.3959   0.000       0.000      0.4783E-03  0.3451E-06 -0.4341E-01  0.4293E-01   0.000       0.000       0.000       0.000      -0.2457E-05   0.000       0.000       0.000       0.000       0.000                            0.3451E-06  0.3451E-06   0.000    
  12355200.0   10.34111002   10.3855   0.000       0.000      0.4439E-03  0.4016E-06 -0.4252E-01  0.4207E-01   0.000       0.000       0.000       0.000      -0.2910E-05   0.000       0.000       0.000       0.000       0.000                            0.4016E-06  0.4016E-06   0.000    
  12441600.0   10.33710954   10.3797   0.000       0.000      0.4261E-03  0.2315E-06 -0.4203E-01  0.4160E-01   0.000       0.000       0.000       0.000      -0.1701E-05   0.000       0.000       0.000       0.000       0.000                            0.2315E-06  0.2315E-06   0.000    
  12528000.0   10.35891672   10.4126   0.000       0.000      0.5365E-03 -0.1262E-05 -0.4490E-01  0.4437E-01   0.000       0.000       0.000       0.000       0.9059E-05   0.000       0.000       0.000       0.000       0.000                           -0.1262E-05 -0.1262E-05   0.000    
  12614400.0   10.37947979   10.4421   0.000       0.000      0.6266E-03 -0.1190E-05 -0.4751E-01  0.4689E-01   0.000       0.000       0.000       0.000       0.8022E-05   0.000       0.000       0.000       0.000       0.000                           -0.1190E-05 -0.1190E-05   0.000    
  12700800.0   10.37050119   10.4276   0.000       0.000      0.5705E-03  0.5196E-06 -0.4627E-01  0.4570E-01   0.000       0.000       0.000       0.000      -0.3437E-05   0.000       0.000       0.000       0.000       0.000                            0.5196E-06  0.5196E-06   0.000    
  12787200.0   10.36141229   10.4140   0.000       0.000      0.5255E-03  0.5260E-06 -0.4506E-01  0.4453E-01   0.000       0.000       0.000       0.000      -0.3584E-05   0.000       0.000       0.000       0.000       0.000                            0.5260E-06  0.5260E-06   0.000    
  12873600.0   10.35220838   10.4003   0.000       0.000      0.4806E-03  0.5326E-06 -0.4385E-01  0.4336E-01   0.000       0.000       0.000       0.000      -0.3731E-05   0.000       0.000       0.000       0.000       0.000                            0.5326E-06  0.5326E-06   0.000    
  12960000.0   10.35556775   10.4055   0.000       0.000      0.4997E-03 -0.1944E-06 -0.4430E-01  0.4381E-01   0.000       0.000       0.000       0.000       0.1373E-05   0.000       0.000       0.000       0.000       0.000                           -0.1944E-06 -0.1944E-06   0.000    
  13046400.0   10.35164994   10.3994   0.000       0.000      0.4773E-03  0.2267E-06 -0.4379E-01  0.4331E-01   0.000       0.000       0.000       0.000      -0.1603E-05   0.000       0.000       0.000       0.000       0.000                            0.2267E-06  0.2267E-06   0.000    
  13132800.0   10.34620028   10.3913   0.000       0.000      0.4508E-03  0.3154E-06 -0.4309E-01  0.4264E-01   0.000       0.000       0.000       0.000      -0.2259E-05   0.000       0.000       0.000       0.000       0.000                            0.3154E-06  0.3154E-06   0.000    
  13219200.0   10.34319825   10.3870   0.000       0.000      0.4378E-03  0.1737E-06 -0.4272E-01  0.4228E-01   0.000       0.000       0.000       0.000      -0.1258E-05   0.000       0.000       0.000       0.000       0.000                            0.1737E-06  0.1737E-06   0.000    
  13305600.0   10.33834764   10.3798   0.000       0.000      0.4148E-03  0.2807E-06 -0.4210E-01  0.4169E-01   0.000       0.000       0.000       0.000      -0.2054E-05   0.000       0.000       0.000       0.000       0.000                            0.2807E-06  0.2807E-06   0.000    
  13392000.0   10.34934868   10.3966   0.000       0.000      0.4730E-03 -0.6366E-06 -0.4358E-01  0.4311E-01   0.000       0.000       0.000       0.000       0.4622E-05   0.000       0.000       0.000       0.000       0.000                           -0.6366E-06 -0.6366E-06   0.000    
  13478400.0   10.35569899   10.4057   0.000       0.000      0.4998E-03 -0.3675E-06 -0.4439E-01  0.4389E-01   0.000       0.000       0.000       0.000       0.2606E-05   0.000       0.000       0.000       0.000       0.000                           -0.3675E-06 -0.3675E-06   0.000    
  13564800.0   10.35217653   10.4001   0.000       0.000      0.4788E-03  0.2038E-06 -0.4391E-01  0.4343E-01   0.000       0.000       0.000       0.000      -0.1440E-05   0.000       0.000       0.000       0.000       0.000                            0.2038E-06  0.2038E-06   0.000    
  13651200.0   10.34750642   10.3931   0.000       0.000      0.4564E-03  0.2703E-06 -0.4329E-01  0.4284E-01   0.000       0.000       0.000       0.000      -0.1931E-05   0.000       0.000       0.000       0.000       0.000                            0.2703E-06  0.2703E-06   0.000    
  13737600.0   10.34202336   10.3851   0.000       0.000      0.4306E-03  0.3173E-06 -0.4258E-01  0.4215E-01   0.000       0.000       0.000       0.000      -0.2298E-05   0.000       0.000       0.000       0.000       0.000                            0.3173E-06  0.3173E-06   0.000    
  13824000.0   10.36266404   10.4163   0.000       0.000      0.5361E-03 -0.1194E-05 -0.4529E-01  0.4477E-01   0.000       0.000       0.000       0.000       0.8473E-05   0.000       0.000       0.000       0.000       0.000                           -0.1194E-05 -0.1194E-05   0.000    
  13910400.0   10.38813747   10.4531   0.000       0.000      0.6501E-03 -0.1474E-05 -0.4850E-01  0.4787E-01   0.000       0.000       0.000       0.000       0.9732E-05   0.000       0.000       0.000       0.000       0.000                           -0.1474E-05 -0.1474E-05   0.000    
  13996800.0   10.38105224   10.4412   0.000       0.000      0.6017E-03  0.4100E-06 -0.4751E-01  0.4690E-01   0.000       0.000       0.000       0.000      -0.2620E-05   0.000       0.000       0.000       0.000       0.000                            0.4100E-06  0.4100E-06   0.000    
  14083200.0   10.37126619   10.4265   0.000       0.000      0.5523E-03  0.5663E-06 -0.4621E-01  0.4565E-01   0.000       0.000       0.000       0.000      -0.3731E-05   0.000       0.000       0.000       0.000       0.000                            0.5663E-06  0.5663E-06   0.000    
  14169600.0   10.37700941   10.4351   0.000       0.000      0.5805E-03 -0.3324E-06 -0.4692E-01  0.4634E-01   0.000       0.000       0.000       0.000       0.2205E-05   0.000       0.000       0.000       0.000       0.000                           -0.3324E-06 -0.3324E-06   0.000    
  14256000.0   10.38065824   10.4399   0.000       0.000      0.5923E-03 -0.2112E-06 -0.4735E-01  0.4676E-01   0.000       0.000       0.000       0.000       0.1378E-05   0.000       0.000       0.000       0.000       0.000                           -0.2112E-06 -0.2112E-06   0.000    
  14342400.0   10.40564962   10.4763   0.000       0.000      0.7069E-03 -0.1446E-05 -0.5048E-01  0.4978E-01   0.000       0.000       0.000       0.000       0.8929E-05   0.000       0.000       0.000       0.000       0.000                           -0.1446E-05 -0.1446E-05   0.000    
  14428800.0   10.47231622   10.5708   0.000       0.000      0.9852E-03 -0.3858E-05 -0.5819E-01  0.5723E-01   0.000       0.000       0.000       0.000       0.1819E-04   0.000       0.000       0.000       0.000       0.000                           -0.3858E-05 -0.3858E-05   0.000    
  14515200.0   10.45296682   10.5404   0.000       0.000      0.8748E-03  0.1120E-05 -0.5586E-01  0.5498E-01   0.000       0.000       0.000       0.000      -0.4234E-05   0.000       0.000       0.000       0.000       0.000                            0.1120E-05  0.1120E-05   0.000    
  14601600.0   10.45538401   10.5431   0.000       0.000      0.8772E-03 -0.1399E-06 -0.5603E-01  0.5515E-01   0.000       0.000       0.000       0.000       0.5850E-06   0.000       0.000       0.000       0.000       0.000                           -0.1399E-06 -0.1399E-06   0.000    
  14688000.0   10.47297250   10.5667   0.000       0.000      0.9375E-03 -0.1018E-05 -0.5786E-01  0.5693E-01   0.000       0.000       0.000       0.000       0.3773E-05   0.000       0.000       0.000       0.000       0.000                           -0.1018E-05 -0.1018E-05   0.000    
  14774400.0   10.47268507   10.5646   0.000       0.000      0.9193E-03  0.1663E-07 -0.5771E-01  0.5679E-01   0.000       0.000       0.000       0.000      -0.5409E-07   0.000       0.000       0.000       0.000       0.000                            0.1663E-07  0.1663E-07   0.000    
  14860800.0   10.46053399   10.5461   0.000       0.000      0.8559E-03  0.7032E-06 -0.5628E-01  0.5542E-01   0.000       0.000       0.000       0.000      -0.2523E-05   0.000       0.000       0.000       0.000       0.000                            0.7032E-06  0.7032E-06   0.000    
  14947200.0   10.45031319   10.5306   0.000       0.000      0.8028E-03  0.5915E-06 -0.5504E-01  0.5423E-01   0.000       0.000       0.000       0.000      -0.2440E-05   0.000       0.000       0.000       0.000       0.000                            0.5915E-06  0.5915E-06   0.000    
  15033600.0   10.43871623   10.5130   0.000       0.000      0.7428E-03  0.6711E-06 -0.5360E-01  0.5285E-01   0.000       0.000       0.000       0.000      -0.3071E-05   0.000       0.000       0.000       0.000       0.000                            0.6711E-06  0.6711E-06   0.000    
  15120000.0   10.42730760   10.4959   0.000       0.000      0.6858E-03  0.6602E-06 -0.5220E-01  0.5151E-01   0.000       0.000       0.000       0.000      -0.3300E-05   0.000       0.000       0.000       0.000       0.000                            0.6602E-06  0.6602E-06   0.000    
  15206400.0   10.41580179   10.4787   0.000       0.000      0.6287E-03  0.6658E-06 -0.5075E-01  0.5012E-01   0.000       0.000       0.000       0.000      -0.3580E-05   0.000       0.000       0.000       0.000       0.000                            0.6658E-06  0.6658E-06   0.000    
  15292800.0   10.40457683   10.4621   0.000       0.000      0.5752E-03  0.6496E-06 -0.4937E-01  0.4879E-01   0.000       0.000       0.000       0.000      -0.3714E-05   0.000       0.000       0.000       0.000       0.000                            0.6496E-06  0.6496E-06   0.000    
  15379200.0   10.42583914   10.4935   0.000       0.000      0.6764E-03 -0.1230E-05 -0.5205E-01  0.5138E-01   0.000       0.000       0.000       0.000       0.6850E-05   0.000       0.000       0.000       0.000       0.000                           -0.1230E-05 -0.1230E-05   0.000    
  15465600.0   10.43264852   10.5024   0.000       0.000      0.6971E-03 -0.3941E-06 -0.5284E-01  0.5215E-01   0.000       0.000       0.000       0.000       0.2021E-05   0.000       0.000       0.000       0.000       0.000                           -0.3941E-06 -0.3941E-06   0.000    
  15552000.0   10.42336293   10.4882   0.000       0.000      0.6482E-03  0.5374E-06 -0.5167E-01  0.5102E-01   0.000       0.000       0.000       0.000      -0.2777E-05   0.000       0.000       0.000       0.000       0.000                            0.5374E-06  0.5374E-06   0.000    
  15638400.0   10.41105061   10.4701   0.000       0.000      0.5901E-03  0.7125E-06 -0.5012E-01  0.4953E-01   0.000       0.000       0.000       0.000      -0.3926E-05   0.000       0.000       0.000       0.000       0.000                            0.7125E-06  0.7125E-06   0.000    
  15724800.0   10.40030397   10.4544   0.000       0.000      0.5410E-03  0.6219E-06 -0.4877E-01  0.4823E-01   0.000       0.000       0.000       0.000      -0.3635E-05   0.000       0.000       0.000       0.000       0.000                            0.6219E-06  0.6219E-06   0.000    
  15811200.0   10.39087106   10.4408   0.000       0.000      0.4989E-03  0.5459E-06 -0.4760E-01  0.4710E-01   0.000       0.000       0.000       0.000      -0.3338E-05   0.000       0.000       0.000       0.000       0.000                            0.5459E-06  0.5459E-06   0.000    
  15897600.0   10.38264775   10.4290   0.000       0.000      0.4632E-03  0.4759E-06 -0.4659E-01  0.4612E-01   0.000       0.000       0.000       0.000      -0.3016E-05   0.000       0.000       0.000       0.000       0.000                            0.4759E-06  0.4759E-06   0.000    
  15984000.0   10.37817543   10.4228   0.000       0.000      0.4466E-03  0.2588E-06 -0.4606E-01  0.4562E-01   0.000       0.000       0.000       0.000      -0.1680E-05   0.000       0.000       0.000       0.000       0.000                            0.2588E-06  0.2588E-06   0.000    
  16070400.0   10.37091966   10.4125   0.000       0.000      0.4159E-03  0.4199E-06 -0.4519E-01  0.4477E-01   0.000       0.000       0.000       0.000      -0.2782E-05   0.000       0.000       0.000       0.000       0.000                            0.4199E-06  0.4199E-06   0.000    
  16156800.0   10.36435822   10.4033   0.000       0.000      0.3897E-03  0.3797E-06 -0.4438E-01  0.4399E-01   0.000       0.000       0.000       0.000      -0.2573E-05   0.000       0.000       0.000       0.000       0.000                            0.3797E-06  0.3797E-06   0.000    
  16243200.0   10.35803515   10.3946   0.000       0.000      0.3658E-03  0.3659E-06 -0.4363E-01  0.4326E-01   0.000       0.000       0.000       0.000      -0.2530E-05   0.000       0.000       0.000       0.000       0.000                            0.3659E-06  0.3659E-06   0.000    
  16329600.0   10.35219725   10.3866   0.000       0.000      0.3444E-03  0.3378E-06 -0.4293E-01  0.4258E-01   0.000       0.000       0.000       0.000      -0.2378E-05   0.000       0.000       0.000       0.000       0.000                            0.3378E-06  0.3378E-06   0.000    
  16416000.0   10.34664166   10.3792   0.000       0.000      0.3252E-03  0.3215E-06 -0.4228E-01  0.4195E-01   0.000       0.000       0.000       0.000      -0.2300E-05   0.000       0.000       0.000       0.000       0.000                            0.3215E-06  0.3215E-06   0.000    
  16502400.0   10.34142285   10.3722   0.000       0.000      0.3077E-03  0.3020E-06 -0.4167E-01  0.4136E-01   0.000       0.000       0.000       0.000      -0.2192E-05   0.000       0.000       0.000       0.000       0.000                            0.3020E-06  0.3020E-06   0.000    
  16588800.0   10.33646814   10.3657   0.000       0.000      0.2919E-03  0.2867E-06 -0.4110E-01  0.4081E-01   0.000       0.000       0.000       0.000      -0.2108E-05   0.000       0.000       0.000       0.000       0.000                            0.2867E-06  0.2867E-06   0.000    
  16675200.0   10.33177565   10.3595   0.000       0.000      0.2777E-03  0.2716E-06 -0.4056E-01  0.4028E-01   0.000       0.000       0.000       0.000      -0.2020E-05   0.000       0.000       0.000       0.000       0.000                            0.2716E-06  0.2716E-06   0.000    
  16761600.0   10.32893182   10.3562   0.000       0.000      0.2728E-03  0.1646E-06 -0.4027E-01  0.3999E-01   0.000       0.000       0.000       0.000      -0.1235E-05   0.000       0.000       0.000       0.000       0.000                            0.1646E-06  0.1646E-06   0.000    
  16848000.0   10.32726762   10.3546   0.000       0.000      0.2734E-03  0.9631E-07 -0.4013E-01  0.3986E-01   0.000       0.000       0.000       0.000      -0.7267E-06   0.000       0.000       0.000       0.000       0.000                            0.9631E-07  0.9631E-07   0.000    
  16934400.0   10.33099990   10.3610   0.000       0.000      0.3004E-03 -0.2160E-06 -0.4070E-01  0.4040E-01   0.000       0.000       0.000       0.000       0.1626E-05   0.000       0.000       0.000       0.000       0.000                           -0.2160E-06 -0.2160E-06   0.000    
  17020800.0   10.33052488   10.3608   0.000       0.000      0.3030E-03  0.2749E-07 -0.4068E-01  0.4038E-01   0.000       0.000       0.000       0.000      -0.2062E-06   0.000       0.000       0.000       0.000       0.000                            0.2749E-07  0.2749E-07   0.000    
  17107200.0   10.32479346   10.3528   0.000       0.000      0.2804E-03  0.3317E-06 -0.3997E-01  0.3969E-01   0.000       0.000       0.000       0.000      -0.2505E-05   0.000       0.000       0.000       0.000       0.000                            0.3317E-06  0.3317E-06   0.000    
  17193600.0   10.32014263   10.3467   0.000       0.000      0.2656E-03  0.2691E-06 -0.3941E-01  0.3915E-01   0.000       0.000       0.000       0.000      -0.2057E-05   0.000       0.000       0.000       0.000       0.000                            0.2691E-06  0.2691E-06   0.000    
  17280000.0   10.31564729   10.3408   0.000       0.000      0.2516E-03  0.2601E-06 -0.3889E-01  0.3864E-01   0.000       0.000       0.000       0.000      -0.2008E-05   0.000       0.000       0.000       0.000       0.000                            0.2601E-06  0.2601E-06   0.000    
  17366400.0   10.31143301   10.3353   0.000       0.000      0.2386E-03  0.2439E-06 -0.3839E-01  0.3815E-01   0.000       0.000       0.000       0.000      -0.1900E-05   0.000       0.000       0.000       0.000       0.000                            0.2439E-06  0.2439E-06   0.000    
  17452800.0   10.30743593   10.3302   0.000       0.000      0.2273E-03  0.2313E-06 -0.3794E-01  0.3771E-01   0.000       0.000       0.000       0.000      -0.1817E-05   0.000       0.000       0.000       0.000       0.000                            0.2313E-06  0.2313E-06   0.000    
  17539200.0   10.30371201   10.3254   0.000       0.000      0.2170E-03  0.2155E-06 -0.3752E-01  0.3730E-01   0.000       0.000       0.000       0.000      -0.1706E-05   0.000       0.000       0.000       0.000       0.000                            0.2155E-06  0.2155E-06   0.000    
  17625600.0   10.30014462   10.3209   0.000       0.000      0.2080E-03  0.2064E-06 -0.3713E-01  0.3692E-01   0.000       0.000       0.000       0.000      -0.1646E-05   0.000       0.000       0.000       0.000       0.000                            0.2064E-06  0.2064E-06   0.000    
  17712000.0   10.29915890   10.3203   0.000       0.000      0.2119E-03  0.5704E-07 -0.3707E-01  0.3686E-01   0.000       0.000       0.000       0.000      -0.4566E-06   0.000       0.000       0.000       0.000       0.000                            0.5704E-07  0.5704E-07   0.000    
  17798400.0   10.29573207   10.3159   0.000       0.000      0.2019E-03  0.1983E-06 -0.3668E-01  0.3647E-01   0.000       0.000       0.000       0.000      -0.1594E-05   0.000       0.000       0.000       0.000       0.000                            0.1983E-06  0.1983E-06   0.000    
  17884800.0   10.29221896   10.3115   0.000       0.000      0.1930E-03  0.2033E-06 -0.3629E-01  0.3609E-01   0.000       0.000       0.000       0.000      -0.1645E-05   0.000       0.000       0.000       0.000       0.000                            0.2033E-06  0.2033E-06   0.000    
  17971200.0   10.28903032   10.3076   0.000       0.000      0.1854E-03  0.1845E-06 -0.3593E-01  0.3574E-01   0.000       0.000       0.000       0.000      -0.1502E-05   0.000       0.000       0.000       0.000       0.000                            0.1845E-06  0.1845E-06   0.000    
  18057600.0   10.28597772   10.3039   0.000       0.000      0.1789E-03  0.1767E-06 -0.3560E-01  0.3542E-01   0.000       0.000       0.000       0.000      -0.1445E-05   0.000       0.000       0.000       0.000       0.000                            0.1767E-06  0.1767E-06   0.000    
  18144000.0   10.28308772   10.3004   0.000       0.000      0.1728E-03  0.1672E-06 -0.3528E-01  0.3511E-01   0.000       0.000       0.000       0.000      -0.1375E-05   0.000       0.000       0.000       0.000       0.000                            0.1672E-06  0.1672E-06   0.000    
  18230400.0   10.28027477   10.2970   0.000       0.000      0.1673E-03  0.1628E-06 -0.3498E-01  0.3481E-01   0.000       0.000       0.000       0.000      -0.1345E-05   0.000       0.000       0.000       0.000       0.000                            0.1628E-06  0.1628E-06   0.000    
  18316800.0   10.27757965   10.2938   0.000       0.000      0.1621E-03  0.1560E-06 -0.3469E-01  0.3453E-01   0.000       0.000       0.000       0.000      -0.1294E-05   0.000       0.000       0.000       0.000       0.000                            0.1560E-06  0.1560E-06   0.000    
  18403200.0   10.27495048   10.2907   0.000       0.000      0.1574E-03  0.1522E-06 -0.3441E-01  0.3426E-01   0.000       0.000       0.000       0.000      -0.1268E-05   0.000       0.000       0.000       0.000       0.000                            0.1522E-06  0.1522E-06   0.000    
  18489600.0   10.27240310   10.2877   0.000       0.000      0.1530E-03  0.1474E-06 -0.3414E-01  0.3399E-01   0.000       0.000       0.000       0.000      -0.1234E-05   0.000       0.000       0.000       0.000       0.000                            0.1474E-06  0.1474E-06   0.000    
  18576000.0   10.26993017   10.2848   0.000       0.000      0.1489E-03  0.1431E-06 -0.3388E-01  0.3373E-01   0.000       0.000       0.000       0.000      -0.1202E-05   0.000       0.000       0.000       0.000       0.000                            0.1431E-06  0.1431E-06   0.000    
  18662400.0   10.26749960   10.2820   0.000       0.000      0.1451E-03  0.1407E-06 -0.3363E-01  0.3348E-01   0.000       0.000       0.000       0.000      -0.1186E-05   0.000       0.000       0.000       0.000       0.000                            0.1407E-06  0.1407E-06   0.000    
  18748800.0   10.26516919   10.2793   0.000       0.000      0.1414E-03  0.1349E-06 -0.3338E-01  0.3324E-01   0.000       0.000       0.000       0.000      -0.1141E-05   0.000       0.000       0.000       0.000       0.000                            0.1349E-06  0.1349E-06   0.000    
  18835200.0   10.26778251   10.2841   0.000       0.000      0.1627E-03 -0.1512E-06 -0.3378E-01  0.3362E-01   0.000       0.000       0.000       0.000       0.1280E-05   0.000       0.000       0.000       0.000       0.000                           -0.1512E-06 -0.1512E-06   0.000    
  18921600.0   10.26551751   10.2812   0.000       0.000      0.1565E-03  0.1311E-06 -0.3353E-01  0.3337E-01   0.000       0.000       0.000       0.000      -0.1109E-05   0.000       0.000       0.000       0.000       0.000                            0.1311E-06  0.1311E-06   0.000    
  19008000.0   10.26238981   10.2772   0.000       0.000      0.1481E-03  0.1810E-06 -0.3317E-01  0.3302E-01   0.000       0.000       0.000       0.000      -0.1537E-05   0.000       0.000       0.000       0.000       0.000                            0.1810E-06  0.1810E-06   0.000    
  19094400.0   10.25968573   10.2739   0.000       0.000      0.1424E-03  0.1565E-06 -0.3287E-01  0.3273E-01   0.000       0.000       0.000       0.000      -0.1335E-05   0.000       0.000       0.000       0.000       0.000                            0.1565E-06  0.1565E-06   0.000    
  19180800.0   10.25722832   10.2710   0.000       0.000      0.1376E-03  0.1422E-06 -0.3260E-01  0.3246E-01   0.000       0.000       0.000       0.000      -0.1217E-05   0.000       0.000       0.000       0.000       0.000                            0.1422E-06  0.1422E-06   0.000    
  19267200.0   10.25502341   10.2684   0.000       0.000      0.1341E-03  0.1276E-06 -0.3237E-01  0.3223E-01   0.000       0.000       0.000       0.000      -0.1096E-05   0.000       0.000       0.000       0.000       0.000                            0.1276E-06  0.1276E-06   0.000    
  19353600.0   10.25277797   10.2658   0.000       0.000      0.1302E-03  0.1299E-06 -0.3213E-01  0.3200E-01   0.000       0.000       0.000       0.000      -0.1119E-05   0.000       0.000       0.000       0.000       0.000                            0.1299E-06  0.1299E-06   0.000    
  19440000.0   10.25062687   10.2633   0.000       0.000      0.1268E-03  0.1245E-06 -0.3190E-01  0.3178E-01   0.000       0.000       0.000       0.000      -0.1076E-05   0.000       0.000       0.000       0.000       0.000                            0.1245E-06  0.1245E-06   0.000    
  19526400.0   10.24852526   10.2609   0.000       0.000      0.1238E-03  0.1216E-06 -0.3169E-01  0.3156E-01   0.000       0.000       0.000       0.000      -0.1054E-05   0.000       0.000       0.000       0.000       0.000                            0.1216E-06  0.1216E-06   0.000    
  19612800.0   10.24651395   10.2586   0.000       0.000      0.1208E-03  0.1164E-06 -0.3147E-01  0.3135E-01   0.000       0.000       0.000       0.000      -0.1011E-05   0.000       0.000       0.000       0.000       0.000                            0.1164E-06  0.1164E-06   0.000    
  19699200.0   10.24452504   10.2563   0.000       0.000      0.1182E-03  0.1151E-06 -0.3127E-01  0.3115E-01   0.000       0.000       0.000       0.000      -0.1003E-05   0.000       0.000       0.000       0.000       0.000                            0.1151E-06  0.1151E-06   0.000    
  19785600.0   10.24260733   10.2542   0.000       0.000      0.1157E-03  0.1110E-06 -0.3107E-01  0.3095E-01   0.000       0.000       0.000       0.000      -0.9692E-06   0.000       0.000       0.000       0.000       0.000                            0.1110E-06  0.1110E-06   0.000    
  19872000.0   10.24070778   10.2520   0.000       0.000      0.1134E-03  0.1099E-06 -0.3087E-01  0.3076E-01   0.000       0.000       0.000       0.000      -0.9624E-06   0.000       0.000       0.000       0.000       0.000                            0.1099E-06  0.1099E-06   0.000    
  19958400.0   10.24356777   10.2570   0.000       0.000      0.1346E-03 -0.1655E-06 -0.3128E-01  0.3115E-01   0.000       0.000       0.000       0.000       0.1448E-05   0.000       0.000       0.000       0.000       0.000                           -0.1655E-06 -0.1655E-06   0.000    
  20044800.0   10.24765339   10.2636   0.000       0.000      0.1591E-03 -0.2364E-06 -0.3184E-01  0.3168E-01   0.000       0.000       0.000       0.000       0.2059E-05   0.000       0.000       0.000       0.000       0.000                           -0.2364E-06 -0.2364E-06   0.000    
  20131200.0   10.24359812   10.2578   0.000       0.000      0.1418E-03  0.2347E-06 -0.3134E-01  0.3119E-01   0.000       0.000       0.000       0.000      -0.2044E-05   0.000       0.000       0.000       0.000       0.000                            0.2347E-06  0.2347E-06   0.000    
  20217600.0   10.24202006   10.2561   0.000       0.000      0.1408E-03  0.9132E-07 -0.3116E-01  0.3102E-01   0.000       0.000       0.000       0.000      -0.7983E-06   0.000       0.000       0.000       0.000       0.000                            0.9132E-07  0.9132E-07   0.000    
  20304000.0   10.24017320   10.2539   0.000       0.000      0.1373E-03  0.1069E-06 -0.3096E-01  0.3082E-01   0.000       0.000       0.000       0.000      -0.9363E-06   0.000       0.000       0.000       0.000       0.000                            0.1069E-06  0.1069E-06   0.000    
  20390400.0   10.23750953   10.2505   0.000       0.000      0.1298E-03  0.1541E-06 -0.3066E-01  0.3052E-01   0.000       0.000       0.000       0.000      -0.1354E-05   0.000       0.000       0.000       0.000       0.000                            0.1541E-06  0.1541E-06   0.000    
  20476800.0   10.23515440   10.2476   0.000       0.000      0.1244E-03  0.1363E-06 -0.3039E-01  0.3027E-01   0.000       0.000       0.000       0.000      -0.1201E-05   0.000       0.000       0.000       0.000       0.000                            0.1363E-06  0.1363E-06   0.000    
  20563200.0   10.23299804   10.2450   0.000       0.000      0.1199E-03  0.1248E-06 -0.3016E-01  0.3004E-01   0.000       0.000       0.000       0.000      -0.1103E-05   0.000       0.000       0.000       0.000       0.000                            0.1248E-06  0.1248E-06   0.000    
  20649600.0   10.23096075   10.2426   0.000       0.000      0.1160E-03  0.1179E-06 -0.2994E-01  0.2982E-01   0.000       0.000       0.000       0.000      -0.1044E-05   0.000       0.000       0.000       0.000       0.000                            0.1179E-06  0.1179E-06   0.000    
  20736000.0   10.22902937   10.2403   0.000       0.000      0.1125E-03  0.1118E-06 -0.2973E-01  0.2962E-01   0.000       0.000       0.000       0.000      -0.9924E-06   0.000       0.000       0.000       0.000       0.000                            0.1118E-06  0.1118E-06   0.000    
  20822400.0   10.22715951   10.2381   0.000       0.000      0.1094E-03  0.1082E-06 -0.2954E-01  0.2943E-01   0.000       0.000       0.000       0.000      -0.9629E-06   0.000       0.000       0.000       0.000       0.000                            0.1082E-06  0.1082E-06   0.000    
  20908800.0   10.22536557   10.2360   0.000       0.000      0.1066E-03  0.1038E-06 -0.2935E-01  0.2924E-01   0.000       0.000       0.000       0.000      -0.9258E-06   0.000       0.000       0.000       0.000       0.000                            0.1038E-06  0.1038E-06   0.000    
  20995200.0   10.22361024   10.2340   0.000       0.000      0.1042E-03  0.1016E-06 -0.2917E-01  0.2906E-01   0.000       0.000       0.000       0.000      -0.9077E-06   0.000       0.000       0.000       0.000       0.000                            0.1016E-06  0.1016E-06   0.000    
  21081600.0   10.22191693   10.2321   0.000       0.000      0.1018E-03  0.9799E-07 -0.2899E-01  0.2889E-01   0.000       0.000       0.000       0.000      -0.8773E-06   0.000       0.000       0.000       0.000       0.000                            0.9799E-07  0.9799E-07   0.000    
  21168000.0   10.22024866   10.2302   0.000       0.000      0.9978E-04  0.9654E-07 -0.2882E-01  0.2872E-01   0.000       0.000       0.000       0.000      -0.8659E-06   0.000       0.000       0.000       0.000       0.000                            0.9654E-07  0.9654E-07   0.000    
  21254400.0   10.21863368   10.2284   0.000       0.000      0.9780E-04  0.9346E-07 -0.2865E-01  0.2855E-01   0.000       0.000       0.000       0.000      -0.8398E-06   0.000       0.000       0.000       0.000       0.000                            0.9346E-07  0.9346E-07   0.000    
  21340800.0   10.21704315   10.2266   0.000       0.000      0.9601E-04  0.9204E-07 -0.2849E-01  0.2839E-01   0.000       0.000       0.000       0.000      -0.8285E-06   0.000       0.000       0.000       0.000       0.000                            0.9204E-07  0.9204E-07   0.000    
  21427200.0   10.21548017   10.2249   0.000       0.000      0.9435E-04  0.9045E-07 -0.2833E-01  0.2823E-01   0.000       0.000       0.000       0.000      -0.8155E-06   0.000       0.000       0.000       0.000       0.000                            0.9045E-07  0.9045E-07   0.000    
  21513600.0   10.21465043   10.2243   0.000       0.000      0.9616E-04  0.4802E-07 -0.2826E-01  0.2816E-01   0.000       0.000       0.000       0.000      -0.4335E-06   0.000       0.000       0.000       0.000       0.000                            0.4802E-07  0.4802E-07   0.000    
  21600000.0   10.22062778   10.2337   0.000       0.000      0.1310E-03 -0.3459E-06 -0.2904E-01  0.2891E-01   0.000       0.000       0.000       0.000       0.3114E-05   0.000       0.000       0.000       0.000       0.000                           -0.3459E-06 -0.3459E-06   0.000    
  21686400.0   10.21728450   10.2289   0.000       0.000      0.1159E-03  0.1935E-06 -0.2863E-01  0.2851E-01   0.000       0.000       0.000       0.000      -0.1739E-05   0.000       0.000       0.000       0.000       0.000                            0.1935E-06  0.1935E-06   0.000    
  21772800.0   10.21471248   10.2256   0.000       0.000      0.1092E-03  0.1488E-06 -0.2833E-01  0.2822E-01   0.000       0.000       0.000       0.000      -0.1342E-05   0.000       0.000       0.000       0.000       0.000                            0.1488E-06  0.1488E-06   0.000    
  21859200.0   10.21260386   10.2231   0.000       0.000      0.1046E-03  0.1220E-06 -0.2810E-01  0.2799E-01   0.000       0.000       0.000       0.000      -0.1103E-05   0.000       0.000       0.000       0.000       0.000                            0.1220E-06  0.1220E-06   0.000    
  21945600.0   10.21072254   10.2208   0.000       0.000      0.1010E-03  0.1089E-06 -0.2790E-01  0.2779E-01   0.000       0.000       0.000       0.000      -0.9864E-06   0.000       0.000       0.000       0.000       0.000                            0.1089E-06  0.1089E-06   0.000    
  22032000.0   10.20899436   10.2188   0.000       0.000      0.9791E-04  0.1000E-06 -0.2771E-01  0.2761E-01   0.000       0.000       0.000       0.000      -0.9077E-06   0.000       0.000       0.000       0.000       0.000                            0.1000E-06  0.1000E-06   0.000    
  22118400.0   10.20735578   10.2169   0.000       0.000      0.9528E-04  0.9483E-07 -0.2754E-01  0.2744E-01   0.000       0.000       0.000       0.000      -0.8622E-06   0.000       0.000       0.000       0.000       0.000                            0.9483E-07  0.9483E-07   0.000    
  22204800.0   10.20577698   10.2151   0.000       0.000      0.9298E-04  0.9137E-07 -0.2737E-01  0.2728E-01   0.000       0.000       0.000       0.000      -0.8320E-06   0.000       0.000       0.000       0.000       0.000                            0.9137E-07  0.9137E-07   0.000    
  22291200.0   10.20426009   10.2133   0.000       0.000      0.9088E-04  0.8778E-07 -0.2722E-01  0.2712E-01   0.000       0.000       0.000       0.000      -0.8006E-06   0.000       0.000       0.000       0.000       0.000                            0.8778E-07  0.8778E-07   0.000    
  22377600.0   10.20278258   10.2117   0.000       0.000      0.8901E-04  0.8550E-07 -0.2706E-01  0.2697E-01   0.000       0.000       0.000       0.000      -0.7810E-06   0.000       0.000       0.000       0.000       0.000                            0.8550E-07  0.8550E-07   0.000    
  22464000.0   10.20983177   10.2227   0.000       0.000      0.1287E-03 -0.4079E-06 -0.2797E-01  0.2784E-01   0.000       0.000       0.000       0.000       0.3716E-05   0.000       0.000       0.000       0.000       0.000                           -0.4079E-06 -0.4079E-06   0.000    
  22550400.0   10.20754159   10.2193   0.000       0.000      0.1176E-03  0.1325E-06 -0.2769E-01  0.2757E-01   0.000       0.000       0.000       0.000      -0.1204E-05   0.000       0.000       0.000       0.000       0.000                            0.1325E-06  0.1325E-06   0.000    
  22636800.0   10.20700560   10.2190   0.000       0.000      0.1199E-03  0.3102E-07 -0.2764E-01  0.2752E-01   0.000       0.000       0.000       0.000      -0.2823E-06   0.000       0.000       0.000       0.000       0.000                            0.3102E-07  0.3102E-07   0.000    
  22723200.0   10.22917006   10.2524   0.000       0.000      0.2320E-03 -0.1283E-05 -0.3041E-01  0.3019E-01   0.000       0.000       0.000       0.000       0.1154E-04   0.000       0.000       0.000       0.000       0.000                           -0.1283E-05 -0.1283E-05   0.000    
  22809600.0   10.22645001   10.2473   0.000       0.000      0.2089E-03  0.1574E-06 -0.3003E-01  0.2982E-01   0.000       0.000       0.000       0.000      -0.1401E-05   0.000       0.000       0.000       0.000       0.000                            0.1574E-06  0.1574E-06   0.000    
  22896000.0   10.22384194   10.2437   0.000       0.000      0.1987E-03  0.1509E-06 -0.2969E-01  0.2949E-01   0.000       0.000       0.000       0.000      -0.1348E-05   0.000       0.000       0.000       0.000       0.000                            0.1509E-06  0.1509E-06   0.000    
  22982400.0   10.22159203   10.2406   0.000       0.000      0.1903E-03  0.1302E-06 -0.2940E-01  0.2921E-01   0.000       0.000       0.000       0.000      -0.1166E-05   0.000       0.000       0.000       0.000       0.000                            0.1302E-06  0.1302E-06   0.000    
  23068800.0   10.21949930   10.2378   0.000       0.000      0.1827E-03  0.1211E-06 -0.2915E-01  0.2897E-01   0.000       0.000       0.000       0.000      -0.1087E-05   0.000       0.000       0.000       0.000       0.000                            0.1211E-06  0.1211E-06   0.000    
  23155200.0   10.21711924   10.2345   0.000       0.000      0.1735E-03  0.1377E-06 -0.2887E-01  0.2869E-01   0.000       0.000       0.000       0.000      -0.1239E-05   0.000       0.000       0.000       0.000       0.000                            0.1377E-06  0.1377E-06   0.000    
  23241600.0   10.21472565   10.2312   0.000       0.000      0.1647E-03  0.1385E-06 -0.2859E-01  0.2842E-01   0.000       0.000       0.000       0.000      -0.1249E-05   0.000       0.000       0.000       0.000       0.000                            0.1385E-06  0.1385E-06   0.000    
  23328000.0   10.21226890   10.2279   0.000       0.000      0.1559E-03  0.1422E-06 -0.2831E-01  0.2815E-01   0.000       0.000       0.000       0.000      -0.1286E-05   0.000       0.000       0.000       0.000       0.000                            0.1422E-06  0.1422E-06   0.000    
  23414400.0   10.20991601   10.2247   0.000       0.000      0.1478E-03  0.1362E-06 -0.2804E-01  0.2789E-01   0.000       0.000       0.000       0.000      -0.1234E-05   0.000       0.000       0.000       0.000       0.000                            0.1362E-06  0.1362E-06   0.000    
  23500800.0   10.20777401   10.2219   0.000       0.000      0.1410E-03  0.1240E-06 -0.2779E-01  0.2765E-01   0.000       0.000       0.000       0.000      -0.1126E-05   0.000       0.000       0.000       0.000       0.000                            0.1240E-06  0.1240E-06   0.000    
  23587200.0   10.20574474   10.2192   0.000       0.000      0.1349E-03  0.1174E-06 -0.2757E-01  0.2743E-01   0.000       0.000       0.000       0.000      -0.1069E-05   0.000       0.000       0.000       0.000       0.000                            0.1174E-06  0.1174E-06   0.000    
  23673600.0   10.20375656   10.2167   0.000       0.000      0.1291E-03  0.1151E-06 -0.2735E-01  0.2722E-01   0.000       0.000       0.000       0.000      -0.1050E-05   0.000       0.000       0.000       0.000       0.000                            0.1151E-06  0.1151E-06   0.000    
  23760000.0   10.20176253   10.2141   0.000       0.000      0.1235E-03  0.1154E-06 -0.2713E-01  0.2700E-01   0.000       0.000       0.000       0.000      -0.1055E-05   0.000       0.000       0.000       0.000       0.000                            0.1154E-06  0.1154E-06   0.000    
  23846400.0   10.19985159   10.2117   0.000       0.000      0.1184E-03  0.1106E-06 -0.2692E-01  0.2680E-01   0.000       0.000       0.000       0.000      -0.1013E-05   0.000       0.000       0.000       0.000       0.000                            0.1106E-06  0.1106E-06   0.000    
  23932800.0   10.19805263   10.2095   0.000       0.000      0.1140E-03  0.1041E-06 -0.2672E-01  0.2661E-01   0.000       0.000       0.000       0.000      -0.9551E-06   0.000       0.000       0.000       0.000       0.000                            0.1041E-06  0.1041E-06   0.000    
  24019200.0   10.19632967   10.2073   0.000       0.000      0.1101E-03  0.9971E-07 -0.2654E-01  0.2643E-01   0.000       0.000       0.000       0.000      -0.9163E-06   0.000       0.000       0.000       0.000       0.000                            0.9971E-07  0.9971E-07   0.000    
  24105600.0   10.19466227   10.2053   0.000       0.000      0.1065E-03  0.9649E-07 -0.2636E-01  0.2625E-01   0.000       0.000       0.000       0.000      -0.8881E-06   0.000       0.000       0.000       0.000       0.000                            0.9649E-07  0.9649E-07   0.000    
  24192000.0   10.19303018   10.2033   0.000       0.000      0.1031E-03  0.9445E-07 -0.2619E-01  0.2608E-01   0.000       0.000       0.000       0.000      -0.8706E-06   0.000       0.000       0.000       0.000       0.000                            0.9445E-07  0.9445E-07   0.000    
  24278400.0   10.19143330   10.2014   0.000       0.000      0.9993E-04  0.9241E-07 -0.2602E-01  0.2592E-01   0.000       0.000       0.000       0.000      -0.8531E-06   0.000       0.000       0.000       0.000       0.000                            0.9241E-07  0.9241E-07   0.000    
  24364800.0   10.18988534   10.1996   0.000       0.000      0.9705E-04  0.8958E-07 -0.2585E-01  0.2576E-01   0.000       0.000       0.000       0.000      -0.8281E-06   0.000       0.000       0.000       0.000       0.000                            0.8958E-07  0.8958E-07   0.000    
  24451200.0   10.18838986   10.1978   0.000       0.000      0.9445E-04  0.8654E-07 -0.2570E-01  0.2560E-01   0.000       0.000       0.000       0.000      -0.8011E-06   0.000       0.000       0.000       0.000       0.000                            0.8654E-07  0.8654E-07   0.000    
  24537600.0   10.18694023   10.1961   0.000       0.000      0.9209E-04  0.8389E-07 -0.2555E-01  0.2545E-01   0.000       0.000       0.000       0.000      -0.7776E-06   0.000       0.000       0.000       0.000       0.000                            0.8389E-07  0.8389E-07   0.000    
  24624000.0   10.18553107   10.1945   0.000       0.000      0.8994E-04  0.8155E-07 -0.2540E-01  0.2531E-01   0.000       0.000       0.000       0.000      -0.7568E-06   0.000       0.000       0.000       0.000       0.000                            0.8155E-07  0.8155E-07   0.000    
  24710400.0   10.18415335   10.1929   0.000       0.000      0.8796E-04  0.7973E-07 -0.2526E-01  0.2517E-01   0.000       0.000       0.000       0.000      -0.7408E-06   0.000       0.000       0.000       0.000       0.000                            0.7973E-07  0.7973E-07   0.000    
  24796800.0   10.18281149   10.1914   0.000       0.000      0.8610E-04  0.7765E-07 -0.2512E-01  0.2503E-01   0.000       0.000       0.000       0.000      -0.7224E-06   0.000       0.000       0.000       0.000       0.000                            0.7765E-07  0.7765E-07   0.000    
  24883200.0   10.18161552   10.1901   0.000       0.000      0.8493E-04  0.6921E-07 -0.2500E-01  0.2491E-01   0.000       0.000       0.000       0.000      -0.6445E-06   0.000       0.000       0.000       0.000       0.000                            0.6921E-07  0.6921E-07   0.000    
  24969600.0   10.18265370   10.1921   0.000       0.000      0.9441E-04 -0.6008E-07 -0.2515E-01  0.2505E-01   0.000       0.000       0.000       0.000       0.5595E-06   0.000       0.000       0.000       0.000       0.000                           -0.6008E-07 -0.6008E-07   0.000    
  25056000.0   10.18095524   10.1899   0.000       0.000      0.8937E-04  0.9829E-07 -0.2496E-01  0.2487E-01   0.000       0.000       0.000       0.000      -0.9156E-06   0.000       0.000       0.000       0.000       0.000                            0.9829E-07  0.9829E-07   0.000    
  25142400.0   10.17943052   10.1881   0.000       0.000      0.8661E-04  0.8824E-07 -0.2480E-01  0.2471E-01   0.000       0.000       0.000       0.000      -0.8231E-06   0.000       0.000       0.000       0.000       0.000                            0.8824E-07  0.8824E-07   0.000    
  25228800.0   10.18250531   10.1931   0.000       0.000      0.1058E-03 -0.1779E-06 -0.2519E-01  0.2509E-01   0.000       0.000       0.000       0.000       0.1659E-05   0.000       0.000       0.000       0.000       0.000                           -0.1779E-06 -0.1779E-06   0.000    
  25315200.0   10.18074939   10.1907   0.000       0.000      0.9907E-04  0.1016E-06 -0.2499E-01  0.2489E-01   0.000       0.000       0.000       0.000      -0.9467E-06   0.000       0.000       0.000       0.000       0.000                            0.1016E-06  0.1016E-06   0.000    
  25401600.0   10.18157259   10.1923   0.000       0.000      0.1072E-03 -0.4764E-07 -0.2510E-01  0.2500E-01   0.000       0.000       0.000       0.000       0.4440E-06   0.000       0.000       0.000       0.000       0.000                           -0.4764E-07 -0.4764E-07   0.000    
  25488000.0   10.18205352   10.1933   0.000       0.000      0.1122E-03 -0.2783E-07 -0.2517E-01  0.2506E-01   0.000       0.000       0.000       0.000       0.2593E-06   0.000       0.000       0.000       0.000       0.000                           -0.2783E-07 -0.2783E-07   0.000    
  25574400.0   10.18391115   10.1963   0.000       0.000      0.1237E-03 -0.1075E-06 -0.2541E-01  0.2529E-01   0.000       0.000       0.000       0.000       0.1000E-05   0.000       0.000       0.000       0.000       0.000                           -0.1075E-06 -0.1075E-06   0.000    
  25660800.0   10.18222310   10.1940   0.000       0.000      0.1173E-03  0.9769E-07 -0.2521E-01  0.2509E-01   0.000       0.000       0.000       0.000      -0.9090E-06   0.000       0.000       0.000       0.000       0.000                            0.9769E-07  0.9769E-07   0.000    
  25747200.0   10.18599263   10.1999   0.000       0.000      0.1389E-03 -0.2181E-06 -0.2568E-01  0.2555E-01   0.000       0.000       0.000       0.000       0.2028E-05   0.000       0.000       0.000       0.000       0.000                           -0.2181E-06 -0.2181E-06   0.000    
  25833600.0   10.20469394   10.2276   0.000       0.000      0.2289E-03 -0.1082E-05 -0.2796E-01  0.2774E-01   0.000       0.000       0.000       0.000       0.9962E-05   0.000       0.000       0.000       0.000       0.000                           -0.1082E-05 -0.1082E-05   0.000    
  25920000.0   10.22753269   10.2605   0.000       0.000      0.3301E-03 -0.1322E-05 -0.3071E-01  0.3039E-01   0.000       0.000       0.000       0.000       0.1192E-04   0.000       0.000       0.000       0.000       0.000                           -0.1322E-05 -0.1322E-05   0.000    
  26006400.0   10.24828122   10.2901   0.000       0.000      0.4179E-03 -0.1201E-05 -0.3320E-01  0.3280E-01   0.000       0.000       0.000       0.000       0.1056E-04   0.000       0.000       0.000       0.000       0.000                           -0.1201E-05 -0.1201E-05   0.000    
  26092800.0   10.24983493   10.2910   0.000       0.000      0.4116E-03 -0.8991E-07 -0.3330E-01  0.3289E-01   0.000       0.000       0.000       0.000       0.7796E-06   0.000       0.000       0.000       0.000       0.000                           -0.8991E-07 -0.8991E-07   0.000    
  26179200.0   10.24395943   10.2817   0.000       0.000      0.3776E-03  0.3400E-06 -0.3250E-01  0.3212E-01   0.000       0.000       0.000       0.000      -0.2957E-05   0.000       0.000       0.000       0.000       0.000                            0.3400E-06  0.3400E-06   0.000    
  26265600.0   10.23811456   10.2729   0.000       0.000      0.3476E-03  0.3382E-06 -0.3174E-01  0.3139E-01   0.000       0.000       0.000       0.000      -0.2963E-05   0.000       0.000       0.000       0.000       0.000                            0.3382E-06  0.3382E-06   0.000    
  26352000.0   10.23295926   10.2651   0.000       0.000      0.3214E-03  0.2983E-06 -0.3109E-01  0.3076E-01   0.000       0.000       0.000       0.000      -0.2632E-05   0.000       0.000       0.000       0.000       0.000                            0.2983E-06  0.2983E-06   0.000    
  26438400.0   10.22839933   10.2582   0.000       0.000      0.2983E-03  0.2639E-06 -0.3052E-01  0.3022E-01   0.000       0.000       0.000       0.000      -0.2341E-05   0.000       0.000       0.000       0.000       0.000                            0.2639E-06  0.2639E-06   0.000    
  26524800.0   10.22424675   10.2520   0.000       0.000      0.2776E-03  0.2403E-06 -0.3002E-01  0.2974E-01   0.000       0.000       0.000       0.000      -0.2143E-05   0.000       0.000       0.000       0.000       0.000                            0.2403E-06  0.2403E-06   0.000    
  26611200.0   10.22023620   10.2460   0.000       0.000      0.2581E-03  0.2321E-06 -0.2954E-01  0.2928E-01   0.000       0.000       0.000       0.000      -0.2079E-05   0.000       0.000       0.000       0.000       0.000                            0.2321E-06  0.2321E-06   0.000    
  26697600.0   10.21663974   10.2408   0.000       0.000      0.2413E-03  0.2081E-06 -0.2911E-01  0.2887E-01   0.000       0.000       0.000       0.000      -0.1872E-05   0.000       0.000       0.000       0.000       0.000                            0.2081E-06  0.2081E-06   0.000    
  26784000.0   10.21329597   10.2359   0.000       0.000      0.2261E-03  0.1935E-06 -0.2872E-01  0.2849E-01   0.000       0.000       0.000       0.000      -0.1747E-05   0.000       0.000       0.000       0.000       0.000                            0.1935E-06  0.1935E-06   0.000    
  26870400.0   10.22762100   10.2574   0.000       0.000      0.2975E-03 -0.8290E-06 -0.3052E-01  0.3023E-01   0.000       0.000       0.000       0.000       0.7440E-05   0.000       0.000       0.000       0.000       0.000                           -0.8290E-06 -0.8290E-06   0.000    
  26956800.0   10.23507389   10.2676   0.000       0.000      0.3256E-03 -0.4313E-06 -0.3142E-01  0.3110E-01   0.000       0.000       0.000       0.000       0.3824E-05   0.000       0.000       0.000       0.000       0.000                           -0.4313E-06 -0.4313E-06   0.000    
  27043200.0   10.24148911   10.2766   0.000       0.000      0.3515E-03 -0.3713E-06 -0.3219E-01  0.3184E-01   0.000       0.000       0.000       0.000       0.3264E-05   0.000       0.000       0.000       0.000       0.000                           -0.3713E-06 -0.3713E-06   0.000    
  27129600.0   10.24221065   10.2772   0.000       0.000      0.3496E-03 -0.4176E-07 -0.3224E-01  0.3189E-01   0.000       0.000       0.000       0.000       0.3655E-06   0.000       0.000       0.000       0.000       0.000                           -0.4176E-07 -0.4176E-07   0.000    
  27216000.0   10.24542587   10.2817   0.000       0.000      0.3625E-03 -0.1861E-06 -0.3261E-01  0.3225E-01   0.000       0.000       0.000       0.000       0.1624E-05   0.000       0.000       0.000       0.000       0.000                           -0.1861E-06 -0.1861E-06   0.000    
  27302400.0   10.25531055   10.2960   0.000       0.000      0.4067E-03 -0.5720E-06 -0.3382E-01  0.3342E-01   0.000       0.000       0.000       0.000       0.4951E-05   0.000       0.000       0.000       0.000       0.000                           -0.5720E-06 -0.5720E-06   0.000    
  27388800.0   10.27496945   10.3245   0.000       0.000      0.4951E-03 -0.1138E-05 -0.3626E-01  0.3577E-01   0.000       0.000       0.000       0.000       0.9644E-05   0.000       0.000       0.000       0.000       0.000                           -0.1138E-05 -0.1138E-05   0.000    
  27475200.0   10.28979058   10.3451   0.000       0.000      0.5535E-03 -0.8577E-06 -0.3805E-01  0.3751E-01   0.000       0.000       0.000       0.000       0.7078E-05   0.000       0.000       0.000       0.000       0.000                           -0.8577E-06 -0.8577E-06   0.000    
  27561600.0   10.28365337   10.3346   0.000       0.000      0.5091E-03  0.3552E-06 -0.3717E-01  0.3666E-01   0.000       0.000       0.000       0.000      -0.2910E-05   0.000       0.000       0.000       0.000       0.000                            0.3552E-06  0.3552E-06   0.000    
  27648000.0   10.27666283   10.3237   0.000       0.000      0.4705E-03  0.4045E-06 -0.3623E-01  0.3576E-01   0.000       0.000       0.000       0.000      -0.3351E-05   0.000       0.000       0.000       0.000       0.000                            0.4045E-06  0.4045E-06   0.000    
  27734400.0   10.26966070   10.3130   0.000       0.000      0.4330E-03  0.4052E-06 -0.3532E-01  0.3488E-01   0.000       0.000       0.000       0.000      -0.3394E-05   0.000       0.000       0.000       0.000       0.000                            0.4052E-06  0.4052E-06   0.000    
  27820800.0   10.26442975   10.3049   0.000       0.000      0.4051E-03  0.3027E-06 -0.3465E-01  0.3424E-01   0.000       0.000       0.000       0.000      -0.2559E-05   0.000       0.000       0.000       0.000       0.000                            0.3027E-06  0.3027E-06   0.000    
  27907200.0   10.26081957   10.2994   0.000       0.000      0.3854E-03  0.2089E-06 -0.3419E-01  0.3381E-01   0.000       0.000       0.000       0.000      -0.1778E-05   0.000       0.000       0.000       0.000       0.000                            0.2089E-06  0.2089E-06   0.000    
  27993600.0   10.27071928   10.3140   0.000       0.000      0.4327E-03 -0.5729E-06 -0.3546E-01  0.3504E-01   0.000       0.000       0.000       0.000       0.4853E-05   0.000       0.000       0.000       0.000       0.000                           -0.5729E-06 -0.5729E-06   0.000    
  28080000.0   10.28376553   10.3326   0.000       0.000      0.4887E-03 -0.7550E-06 -0.3710E-01  0.3662E-01   0.000       0.000       0.000       0.000       0.6283E-05   0.000       0.000       0.000       0.000       0.000                           -0.7550E-06 -0.7550E-06   0.000    
  28166400.0   10.28855518   10.3387   0.000       0.000      0.5012E-03 -0.2772E-06 -0.3766E-01  0.3716E-01   0.000       0.000       0.000       0.000       0.2273E-05   0.000       0.000       0.000       0.000       0.000                           -0.2772E-06 -0.2772E-06   0.000    
  28252800.0   10.28275540   10.3292   0.000       0.000      0.4646E-03  0.3356E-06 -0.3686E-01  0.3639E-01   0.000       0.000       0.000       0.000      -0.2755E-05   0.000       0.000       0.000       0.000       0.000                            0.3356E-06  0.3356E-06   0.000    
  28339200.0   10.27624118   10.3192   0.000       0.000      0.4300E-03  0.3770E-06 -0.3600E-01  0.3557E-01   0.000       0.000       0.000       0.000      -0.3126E-05   0.000       0.000       0.000       0.000       0.000                            0.3770E-06  0.3770E-06   0.000    
  28425600.0   10.27014531   10.3100   0.000       0.000      0.3988E-03  0.3528E-06 -0.3522E-01  0.3481E-01   0.000       0.000       0.000       0.000      -0.2955E-05   0.000       0.000       0.000       0.000       0.000                            0.3528E-06  0.3528E-06   0.000    
  28512000.0   10.26454302   10.3016   0.000       0.000      0.3708E-03  0.3242E-06 -0.3451E-01  0.3414E-01   0.000       0.000       0.000       0.000      -0.2740E-05   0.000       0.000       0.000       0.000       0.000                            0.3242E-06  0.3242E-06   0.000    
  28598400.0   10.25939991   10.2940   0.000       0.000      0.3457E-03  0.2976E-06 -0.3388E-01  0.3353E-01   0.000       0.000       0.000       0.000      -0.2535E-05   0.000       0.000       0.000       0.000       0.000                            0.2976E-06  0.2976E-06   0.000    
  28684800.0   10.25463495   10.2869   0.000       0.000      0.3231E-03  0.2757E-06 -0.3329E-01  0.3297E-01   0.000       0.000       0.000       0.000      -0.2365E-05   0.000       0.000       0.000       0.000       0.000                            0.2757E-06  0.2757E-06   0.000    
  28771200.0   10.25017851   10.2805   0.000       0.000      0.3028E-03  0.2579E-06 -0.3276E-01  0.3245E-01   0.000       0.000       0.000       0.000      -0.2226E-05   0.000       0.000       0.000       0.000       0.000                            0.2579E-06  0.2579E-06   0.000    
  28857600.0   10.24599789   10.2744   0.000       0.000      0.2844E-03  0.2419E-06 -0.3226E-01  0.3197E-01   0.000       0.000       0.000       0.000      -0.2101E-05   0.000       0.000       0.000       0.000       0.000                            0.2419E-06  0.2419E-06   0.000    
  28944000.0   10.24199867   10.2687   0.000       0.000      0.2675E-03  0.2314E-06 -0.3179E-01  0.3152E-01   0.000       0.000       0.000       0.000      -0.2020E-05   0.000       0.000       0.000       0.000       0.000                            0.2314E-06  0.2314E-06   0.000    
  29030400.0   10.23814313   10.2633   0.000       0.000      0.2518E-03  0.2231E-06 -0.3134E-01  0.3108E-01   0.000       0.000       0.000       0.000      -0.1957E-05   0.000       0.000       0.000       0.000       0.000                            0.2231E-06  0.2231E-06   0.000    
  29116800.0   10.23448604   10.2583   0.000       0.000      0.2377E-03  0.2116E-06 -0.3091E-01  0.3067E-01   0.000       0.000       0.000       0.000      -0.1865E-05   0.000       0.000       0.000       0.000       0.000                            0.2116E-06  0.2116E-06   0.000    
  29203200.0   10.23094784   10.2534   0.000       0.000      0.2244E-03  0.2048E-06 -0.3051E-01  0.3028E-01   0.000       0.000       0.000       0.000      -0.1812E-05   0.000       0.000       0.000       0.000       0.000                            0.2048E-06  0.2048E-06   0.000    
  29289600.0   10.22760675   10.2488   0.000       0.000      0.2124E-03  0.1934E-06 -0.3012E-01  0.2991E-01   0.000       0.000       0.000       0.000      -0.1718E-05   0.000       0.000       0.000       0.000       0.000                            0.1934E-06  0.1934E-06   0.000    
  29376000.0   10.22446824   10.2446   0.000       0.000      0.2017E-03  0.1816E-06 -0.2977E-01  0.2957E-01   0.000       0.000       0.000       0.000      -0.1620E-05   0.000       0.000       0.000       0.000       0.000                            0.1816E-06  0.1816E-06   0.000    
  29462400.0   10.22149352   10.2407   0.000       0.000      0.1921E-03  0.1721E-06 -0.2944E-01  0.2924E-01   0.000       0.000       0.000       0.000      -0.1541E-05   0.000       0.000       0.000       0.000       0.000                            0.1721E-06  0.1721E-06   0.000    
  29548800.0   10.21865161   10.2370   0.000       0.000      0.1832E-03  0.1645E-06 -0.2912E-01  0.2893E-01   0.000       0.000       0.000       0.000      -0.1477E-05   0.000       0.000       0.000       0.000       0.000                            0.1645E-06  0.1645E-06   0.000    
  29635200.0   10.21591651   10.2334   0.000       0.000      0.1750E-03  0.1583E-06 -0.2882E-01  0.2864E-01   0.000       0.000       0.000       0.000      -0.1426E-05   0.000       0.000       0.000       0.000       0.000                            0.1583E-06  0.1583E-06   0.000    
  29721600.0   10.21329220   10.2300   0.000       0.000      0.1675E-03  0.1519E-06 -0.2853E-01  0.2836E-01   0.000       0.000       0.000       0.000      -0.1372E-05   0.000       0.000       0.000       0.000       0.000                            0.1519E-06  0.1519E-06   0.000    
  29808000.0   10.21072957   10.2268   0.000       0.000      0.1604E-03  0.1483E-06 -0.2825E-01  0.2809E-01   0.000       0.000       0.000       0.000      -0.1343E-05   0.000       0.000       0.000       0.000       0.000                            0.1483E-06  0.1483E-06   0.000    
  29894400.0   10.20825063   10.2236   0.000       0.000      0.1538E-03  0.1435E-06 -0.2798E-01  0.2782E-01   0.000       0.000       0.000       0.000      -0.1303E-05   0.000       0.000       0.000       0.000       0.000                            0.1435E-06  0.1435E-06   0.000    
  29980800.0   10.20585032   10.2206   0.000       0.000      0.1476E-03  0.1389E-06 -0.2772E-01  0.2757E-01   0.000       0.000       0.000       0.000      -0.1264E-05   0.000       0.000       0.000       0.000       0.000                            0.1389E-06  0.1389E-06   0.000    
  30067200.0   10.20356081   10.2178   0.000       0.000      0.1420E-03  0.1325E-06 -0.2747E-01  0.2733E-01   0.000       0.000       0.000       0.000      -0.1209E-05   0.000       0.000       0.000       0.000       0.000                            0.1325E-06  0.1325E-06   0.000    
  30153600.0   10.20136015   10.2150   0.000       0.000      0.1369E-03  0.1274E-06 -0.2723E-01  0.2710E-01   0.000       0.000       0.000       0.000      -0.1164E-05   0.000       0.000       0.000       0.000       0.000                            0.1274E-06  0.1274E-06   0.000    
  30240000.0   10.19924360   10.2125   0.000       0.000      0.1322E-03  0.1225E-06 -0.2701E-01  0.2688E-01   0.000       0.000       0.000       0.000      -0.1122E-05   0.000       0.000       0.000       0.000       0.000                            0.1225E-06  0.1225E-06   0.000    
  30326400.0   10.19718687   10.2100   0.000       0.000      0.1277E-03  0.1190E-06 -0.2679E-01  0.2666E-01   0.000       0.000       0.000       0.000      -0.1093E-05   0.000       0.000       0.000       0.000       0.000                            0.1190E-06  0.1190E-06   0.000    
  30412800.0   10.19519462   10.2076   0.000       0.000      0.1236E-03  0.1153E-06 -0.2658E-01  0.2646E-01   0.000       0.000       0.000       0.000      -0.1060E-05   0.000       0.000       0.000       0.000       0.000                            0.1153E-06  0.1153E-06   0.000    
  30499200.0   10.19327188   10.2053   0.000       0.000      0.1198E-03  0.1113E-06 -0.2638E-01  0.2626E-01   0.000       0.000       0.000       0.000      -0.1025E-05   0.000       0.000       0.000       0.000       0.000                            0.1113E-06  0.1113E-06   0.000    
  30585600.0   10.19140722   10.2030   0.000       0.000      0.1163E-03  0.1079E-06 -0.2618E-01  0.2607E-01   0.000       0.000       0.000       0.000      -0.9961E-06   0.000       0.000       0.000       0.000       0.000                            0.1079E-06  0.1079E-06   0.000    
  30672000.0   10.18960223   10.2009   0.000       0.000      0.1130E-03  0.1045E-06 -0.2599E-01  0.2588E-01   0.000       0.000       0.000       0.000      -0.9658E-06   0.000       0.000       0.000       0.000       0.000                            0.1045E-06  0.1045E-06   0.000    
  30758400.0   10.18785216   10.1988   0.000       0.000      0.1099E-03  0.1013E-06 -0.2581E-01  0.2570E-01   0.000       0.000       0.000       0.000      -0.9379E-06   0.000       0.000       0.000       0.000       0.000                            0.1013E-06  0.1013E-06   0.000    
  30844800.0   10.18615259   10.1969   0.000       0.000      0.1071E-03  0.9835E-07 -0.2563E-01  0.2553E-01   0.000       0.000       0.000       0.000      -0.9122E-06   0.000       0.000       0.000       0.000       0.000                            0.9835E-07  0.9835E-07   0.000    
  30931200.0   10.18449470   10.1949   0.000       0.000      0.1044E-03  0.9594E-07 -0.2546E-01  0.2536E-01   0.000       0.000       0.000       0.000      -0.8911E-06   0.000       0.000       0.000       0.000       0.000                            0.9594E-07  0.9594E-07   0.000    
  31017600.0   10.18287710   10.1931   0.000       0.000      0.1019E-03  0.9361E-07 -0.2530E-01  0.2519E-01   0.000       0.000       0.000       0.000      -0.8707E-06   0.000       0.000       0.000       0.000       0.000                            0.9361E-07  0.9361E-07   0.000    
  31104000.0   10.18130304   10.1913   0.000       0.000      0.9950E-04  0.9109E-07 -0.2513E-01  0.2503E-01   0.000       0.000       0.000       0.000      -0.8484E-06   0.000       0.000       0.000       0.000       0.000                            0.9109E-07  0.9109E-07   0.000    
  31190400.0   10.17976904   10.1895   0.000       0.000      0.9729E-04  0.8877E-07 -0.2498E-01  0.2488E-01   0.000       0.000       0.000       0.000      -0.8278E-06   0.000       0.000       0.000       0.000       0.000                            0.8877E-07  0.8877E-07   0.000    
  31276800.0   10.17868514   10.1884   0.000       0.000      0.9717E-04  0.6273E-07 -0.2487E-01  0.2477E-01   0.000       0.000       0.000       0.000      -0.5856E-06   0.000       0.000       0.000       0.000       0.000                            0.6273E-07  0.6273E-07   0.000    
  31363200.0   10.17715116   10.1866   0.000       0.000      0.9459E-04  0.8877E-07 -0.2471E-01  0.2462E-01   0.000       0.000       0.000       0.000      -0.8296E-06   0.000       0.000       0.000       0.000       0.000                            0.8877E-07  0.8877E-07   0.000    
  31449600.0   10.17567971   10.1849   0.000       0.000      0.9253E-04  0.8515E-07 -0.2456E-01  0.2447E-01   0.000       0.000       0.000       0.000      -0.7968E-06   0.000       0.000       0.000       0.000       0.000                            0.8515E-07  0.8515E-07   0.000    
  31536000.0   10.17425841   10.1833   0.000       0.000      0.9066E-04  0.8225E-07 -0.2441E-01  0.2432E-01   0.000       0.000       0.000       0.000      -0.7705E-06   0.000       0.000       0.000       0.000       0.000                            0.8225E-07  0.8225E-07   0.000    
  31622400.0   10.17267411   10.1815   0.000       0.000      0.8796E-04  0.9168E-07 -0.2425E-01  0.2416E-01   0.000       0.000       0.000       0.000      -0.8599E-06   0.000       0.000       0.000       0.000       0.000                            0.9168E-07  0.9168E-07   0.000    
