   TOTIM (T)          HCON      HMAT     QDIR      QWELL        QMAT QCADS<->CON       QTUB1       QTUB2       QTUB3       QTUB4       QTUB5       QTUB6       NSTOR        QFIX        QLH     FHLQ (LQ)      CAUCHY CAUCHY (LQ) BREAK-DOWN CADS FLOW  QCADS<->CON    Q_CDSSTO    Q_CDSRCH
     86400.0   10.79514467   11.0093  0.6220E-04   0.000      0.2142E-02   0.000     -0.2204E-02   0.000       0.000       0.000       0.000       0.000        0.000       0.000       0.000       0.000       0.000       0.000                             0.000       0.000       0.000    
    172800.0   10.77757684   10.9940  0.1457E-05   0.000      0.2164E-02  0.5083E-06 -0.2166E-02   0.000       0.000       0.000       0.000       0.000        0.000       0.000       0.000       0.000       0.000       0.000                            0.5083E-06  0.5083E-06   0.000    
    259200.0   10.77793113   10.9914  0.5751E-04   0.000      0.2135E-02 -0.1025E-07 -0.2192E-02   0.000       0.000       0.000       0.000       0.000        0.000       0.000       0.000       0.000       0.000       0.000                           -0.1025E-07 -0.1025E-07   0.000    
    345600.0   10.77633471   10.9893  0.5159E-04   0.000      0.2130E-02  0.4619E-07 -0.2181E-02   0.000       0.000       0.000       0.000       0.000        0.000       0.000       0.000       0.000       0.000       0.000                            0.4619E-07  0.4619E-07   0.000    
    432000.0   10.78806546   10.9990  0.9778E-04   0.000      0.2109E-02 -0.3394E-06 -0.2207E-02   0.000       0.000       0.000       0.000       0.000        0.000       0.000       0.000       0.000       0.000       0.000                           -0.3394E-06 -0.3394E-06   0.000    
    518400.0   10.79503218   11.0068  0.8563E-04   0.000      0.2117E-02 -0.2016E-06 -0.2203E-02   0.000       0.000       0.000       0.000       0.000        0.000       0.000       0.000       0.000       0.000       0.000                           -0.2016E-06 -0.2016E-06   0.000    
    604800.0   10.79707244   11.0100  0.7081E-04   0.000      0.2129E-02 -0.5904E-07 -0.2200E-02   0.000       0.000       0.000       0.000       0.000        0.000       0.000       0.000       0.000       0.000       0.000                           -0.5904E-07 -0.5904E-07   0.000    
    691200.0   10.81505615   11.0264  0.1262E-03   0.000      0.2114E-02 -0.5204E-06 -0.2239E-02   0.000       0.000       0.000       0.000       0.000        0.000       0.000       0.000       0.000       0.000       0.000                           -0.5204E-06 -0.5204E-06   0.000    
    777600.0   10.86396182   11.0723  0.2373E-03   0.000      0.2083E-02 -0.1415E-05 -0.2319E-02   0.000       0.000       0.000       0.000       0.000        0.000       0.000       0.000       0.000       0.000       0.000                           -0.1415E-05 -0.1415E-05   0.000    
    864000.0   10.93601327   11.1439  0.3292E-03   0.000      0.2079E-02 -0.2085E-05 -0.2406E-02   0.000       0.000       0.000       0.000       0.000        0.000       0.000       0.000       0.000       0.000       0.000                           -0.2085E-05 -0.2085E-05   0.000    
    950400.0   10.96848329   11.1862  0.2131E-03   0.000      0.2177E-02 -0.9395E-06 -0.2390E-02   0.000       0.000       0.000       0.000       0.000        0.000       0.000       0.000       0.000       0.000       0.000                           -0.9395E-06 -0.9395E-06   0.000    
   1036800.0   11.04682371   11.2635  0.3705E-03   0.000      0.2167E-02 -0.2267E-05 -0.2535E-02   0.000       0.000       0.000       0.000       0.000        0.000       0.000       0.000       0.000       0.000       0.000                           -0.2267E-05 -0.2267E-05   0.000    
   1123200.0   11.18789061   11.4015  0.5912E-03   0.000      0.2137E-02 -0.4082E-05 -0.2724E-02   0.000       0.000       0.000       0.000       0.000        0.000       0.000       0.000       0.000       0.000       0.000                           -0.4082E-05 -0.4082E-05   0.000    
   1209600.0   11.17058635   11.4138  0.9735E-04   0.000      0.2432E-02  0.5007E-06 -0.2530E-02   0.000       0.000       0.000       0.000       0.000        0.000       0.000       0.000       0.000       0.000       0.000                            0.5007E-06  0.5007E-06   0.000    
   1296000.0   11.14972924   11.4010  0.7292E-04   0.000      0.2512E-02  0.6035E-06 -0.2586E-02   0.000       0.000       0.000       0.000       0.000        0.000       0.000       0.000       0.000       0.000       0.000                            0.6035E-06  0.6035E-06   0.000    
   1382400.0   11.12870386   11.3827  0.6002E-04   0.000      0.2540E-02  0.6084E-06 -0.2601E-02   0.000       0.000       0.000       0.000       0.000        0.000       0.000       0.000       0.000       0.000       0.000                            0.6084E-06  0.6084E-06   0.000    
   1468800.0   11.10785744   11.3630  0.5073E-04   0.000      0.2552E-02  0.6032E-06 -0.2603E-02   0.000       0.000       0.000       0.000       0.000        0.000       0.000       0.000       0.000       0.000       0.000                            0.6032E-06  0.6032E-06   0.000    
   1555200.0   11.08552508   11.3413  0.3724E-04   0.000      0.2557E-02  0.6462E-06 -0.2595E-02   0.000       0.000       0.000       0.000       0.000        0.000       0.000       0.000       0.000       0.000       0.000                            0.6462E-06  0.6462E-06   0.000    
   1641600.0   11.06309835   11.3186  0.2890E-04   0.000      0.2555E-02  0.6489E-06 -0.2585E-02   0.000       0.000       0.000       0.000       0.000        0.000       0.000       0.000       0.000       0.000       0.000                            0.6489E-06  0.6489E-06   0.000    
   1728000.0   11.04409435   11.2985  0.3314E-04   0.000      0.2544E-02  0.5499E-06 -0.2577E-02   0.000       0.000       0.000       0.000       0.000        0.000       0.000       0.000       0.000       0.000       0.000                            0.5499E-06  0.5499E-06   0.000    
   1814400.0   11.02736010   11.2805  0.3535E-04   0.000      0.2531E-02  0.4842E-06 -0.2567E-02   0.000       0.000       0.000       0.000       0.000        0.000       0.000       0.000       0.000       0.000       0.000                            0.4842E-06  0.4842E-06   0.000    
   1900800.0   11.00870427   11.2610  0.2415E-04   0.000      0.2523E-02  0.5398E-06 -0.2548E-02   0.000       0.000       0.000       0.000       0.000        0.000       0.000       0.000       0.000       0.000       0.000                            0.5398E-06  0.5398E-06   0.000    
   1987200.0   10.99153452   11.2424  0.2469E-04   0.000      0.2509E-02  0.4968E-06 -0.2534E-02   0.000       0.000       0.000       0.000       0.000        0.000       0.000       0.000       0.000       0.000       0.000                            0.4968E-06  0.4968E-06   0.000    
   2073600.0   10.97738992   11.2265  0.3071E-04   0.000      0.2491E-02  0.4093E-06 -0.2522E-02   0.000       0.000       0.000       0.000       0.000        0.000       0.000       0.000       0.000       0.000       0.000                            0.4093E-06  0.4093E-06   0.000    
   2160000.0   10.96100018   11.2089  0.2012E-04   0.000      0.2479E-02  0.4742E-06 -0.2500E-02   0.000       0.000       0.000       0.000       0.000        0.000       0.000       0.000       0.000       0.000       0.000                            0.4742E-06  0.4742E-06   0.000    
   2246400.0   10.94479811   11.1912  0.1729E-04   0.000      0.2464E-02  0.4688E-06 -0.2482E-02   0.000       0.000       0.000       0.000       0.000        0.000       0.000       0.000       0.000       0.000       0.000                            0.4688E-06  0.4688E-06   0.000    
   2332800.0   10.92903433   11.1738  0.1513E-04   0.000      0.2447E-02  0.4561E-06 -0.2463E-02   0.000       0.000       0.000       0.000       0.000        0.000       0.000       0.000       0.000       0.000       0.000                            0.4561E-06  0.4561E-06   0.000    
   2419200.0   10.91366006   11.1566  0.1342E-04   0.000      0.2430E-02  0.4449E-06 -0.2444E-02   0.000       0.000       0.000       0.000       0.000        0.000       0.000       0.000       0.000       0.000       0.000                            0.4449E-06  0.4449E-06   0.000    
   2505600.0   10.90673260   11.1468  0.3895E-04   0.000      0.2401E-02  0.2004E-06 -0.2440E-02   0.000       0.000       0.000       0.000       0.000        0.000       0.000       0.000       0.000       0.000       0.000                            0.2004E-06  0.2004E-06   0.000    
   2592000.0   10.89659638   11.1356  0.2802E-04   0.000      0.2390E-02  0.2933E-06 -0.2418E-02   0.000       0.000       0.000       0.000       0.000        0.000       0.000       0.000       0.000       0.000       0.000                            0.2933E-06  0.2933E-06   0.000    
   2678400.0   10.91557864   11.1494  0.1253E-03   0.000      0.2339E-02 -0.5493E-06 -0.2463E-02   0.000       0.000       0.000       0.000       0.000        0.000       0.000       0.000       0.000       0.000       0.000                           -0.5493E-06 -0.5493E-06   0.000    
   2764800.0   10.99113146   11.2172  0.3225E-03   0.000      0.2260E-02 -0.2186E-05 -0.2581E-02   0.000       0.000       0.000       0.000       0.000        0.000       0.000       0.000       0.000       0.000       0.000                           -0.2186E-05 -0.2186E-05   0.000    
   2851200.0   11.17690769   11.3907  0.7065E-03   0.000      0.2137E-02 -0.5375E-05 -0.2839E-02   0.000       0.000       0.000       0.000       0.000        0.000       0.000       0.000       0.000       0.000       0.000                           -0.5375E-05 -0.5375E-05   0.000    
   2937600.0   11.14328268   11.3939  0.2558E-04   0.000      0.2506E-02  0.9729E-06 -0.2532E-02   0.000       0.000       0.000       0.000       0.000        0.000       0.000       0.000       0.000       0.000       0.000                            0.9729E-06  0.9729E-06   0.000    
   3024000.0   11.15017171   11.4026  0.1441E-03   0.000      0.2524E-02 -0.1993E-06 -0.2668E-02   0.000       0.000       0.000       0.000       0.000        0.000       0.000       0.000       0.000       0.000       0.000                           -0.1993E-06 -0.1993E-06   0.000    
   3110400.0   11.15188381   11.4073  0.1235E-03   0.000      0.2554E-02 -0.4954E-07 -0.2677E-02   0.000       0.000       0.000       0.000       0.000        0.000       0.000       0.000       0.000       0.000       0.000                           -0.4954E-07 -0.4954E-07   0.000    
   3196800.0   11.14003720   11.3991  0.7501E-04   0.000      0.2591E-02  0.3428E-06 -0.2666E-02   0.000       0.000       0.000       0.000       0.000        0.000       0.000       0.000       0.000       0.000       0.000                            0.3428E-06  0.3428E-06   0.000    
   3283200.0   11.12196674   11.3830  0.4871E-04   0.000      0.2610E-02  0.5229E-06 -0.2660E-02   0.000       0.000       0.000       0.000       0.000        0.000       0.000       0.000       0.000       0.000       0.000                            0.5229E-06  0.5229E-06   0.000    
   3369600.0   11.12468784   11.3832  0.1106E-03   0.000      0.2585E-02 -0.7874E-07 -0.2695E-02   0.000       0.000       0.000       0.000       0.000        0.000       0.000       0.000       0.000       0.000       0.000                           -0.7874E-07 -0.7874E-07   0.000    
   3456000.0   11.13940494   11.3964  0.1492E-03   0.000      0.2570E-02 -0.4258E-06 -0.2718E-02   0.000       0.000       0.000       0.000       0.000        0.000       0.000       0.000       0.000       0.000       0.000                           -0.4258E-06 -0.4258E-06   0.000    
   3542400.0   11.16239484   11.4191  0.1792E-03   0.000      0.2567E-02 -0.6652E-06 -0.2746E-02   0.000       0.000       0.000       0.000       0.000        0.000       0.000       0.000       0.000       0.000       0.000                           -0.6652E-06 -0.6652E-06   0.000    
   3628800.0   11.17101369   11.4312  0.1359E-03   0.000      0.2602E-02 -0.2494E-06 -0.2738E-02   0.000       0.000       0.000       0.000       0.000        0.000       0.000       0.000       0.000       0.000       0.000                           -0.2494E-06 -0.2494E-06   0.000    
   3715200.0   11.15935497   11.4239  0.6955E-04   0.000      0.2646E-02  0.3373E-06 -0.2716E-02   0.000       0.000       0.000       0.000       0.000        0.000       0.000       0.000       0.000       0.000       0.000                            0.3373E-06  0.3373E-06   0.000    
   3801600.0   11.16310538   11.4265  0.1156E-03   0.000      0.2634E-02 -0.1085E-06 -0.2749E-02   0.000       0.000       0.000       0.000       0.000        0.000       0.000       0.000       0.000       0.000       0.000                           -0.1085E-06 -0.1085E-06   0.000    
   3888000.0   11.17601781   11.4385  0.1453E-03   0.000      0.2625E-02 -0.3736E-06 -0.2770E-02   0.000       0.000       0.000       0.000       0.000        0.000       0.000       0.000       0.000       0.000       0.000                           -0.3736E-06 -0.3736E-06   0.000    
   3974400.0   11.20500761   11.4662  0.1999E-03   0.000      0.2612E-02 -0.8388E-06 -0.2811E-02   0.000       0.000       0.000       0.000       0.000        0.000       0.000       0.000       0.000       0.000       0.000                           -0.8388E-06 -0.8388E-06   0.000    
   4060800.0   11.22842763   11.4920  0.1867E-03   0.000      0.2635E-02 -0.6777E-06 -0.2822E-02   0.000       0.000       0.000       0.000       0.000        0.000       0.000       0.000       0.000       0.000       0.000                           -0.6777E-06 -0.6777E-06   0.000    
   4147200.0   11.21673378   11.4872  0.7577E-04   0.000      0.2704E-02  0.3384E-06 -0.2780E-02   0.000       0.000       0.000       0.000       0.000        0.000       0.000       0.000       0.000       0.000       0.000                            0.3384E-06  0.3384E-06   0.000    
   4233600.0   11.19834214   11.4711  0.4868E-04   0.000      0.2728E-02  0.5322E-06 -0.2777E-02   0.000       0.000       0.000       0.000       0.000        0.000       0.000       0.000       0.000       0.000       0.000                            0.5322E-06  0.5322E-06   0.000    
   4320000.0   11.18296621   11.4554  0.5285E-04   0.000      0.2724E-02  0.4449E-06 -0.2778E-02   0.000       0.000       0.000       0.000       0.000        0.000       0.000       0.000       0.000       0.000       0.000                            0.4449E-06  0.4449E-06   0.000    
   4406400.0   11.16645509   11.4385  0.4427E-04   0.000      0.2720E-02  0.4778E-06 -0.2765E-02   0.000       0.000       0.000       0.000       0.000        0.000       0.000       0.000       0.000       0.000       0.000                            0.4778E-06  0.4778E-06   0.000    
   4492800.0   11.15324098   11.4240  0.5075E-04   0.000      0.2708E-02  0.3824E-06 -0.2759E-02   0.000       0.000       0.000       0.000       0.000        0.000       0.000       0.000       0.000       0.000       0.000                            0.3824E-06  0.3824E-06   0.000    
   4579200.0   11.13611678   11.4065  0.3472E-04   0.000      0.2704E-02  0.4955E-06 -0.2739E-02   0.000       0.000       0.000       0.000       0.000        0.000       0.000       0.000       0.000       0.000       0.000                            0.4955E-06  0.4955E-06   0.000    
   4665600.0   11.11802157   11.3874  0.2742E-04   0.000      0.2694E-02  0.5236E-06 -0.2722E-02   0.000       0.000       0.000       0.000       0.000        0.000       0.000       0.000       0.000       0.000       0.000                            0.5236E-06  0.5236E-06   0.000    
   4752000.0   11.14373066   11.4060  0.1682E-03   0.000      0.2622E-02 -0.7439E-06 -0.2790E-02   0.000       0.000       0.000       0.000       0.000        0.000       0.000       0.000       0.000       0.000       0.000                           -0.7439E-06 -0.7439E-06   0.000    
   4838400.0   11.18098802   11.4413  0.2129E-03   0.000      0.2603E-02 -0.1078E-05 -0.2815E-02   0.000       0.000       0.000       0.000       0.000        0.000       0.000       0.000       0.000       0.000       0.000                           -0.1078E-05 -0.1078E-05   0.000    
   4924800.0   11.22282821   11.4838  0.2362E-03   0.000      0.2610E-02 -0.1211E-05 -0.2845E-02   0.000       0.000       0.000       0.000       0.000        0.000       0.000       0.000       0.000       0.000       0.000                           -0.1211E-05 -0.1211E-05   0.000    
   5011200.0   11.24898375   11.5145  0.1937E-03   0.000      0.2655E-02 -0.7568E-06 -0.2848E-02   0.000       0.000       0.000       0.000       0.000        0.000       0.000       0.000       0.000       0.000       0.000                           -0.7568E-06 -0.7568E-06   0.000    
   5097600.0   11.23639054   11.5098  0.7085E-04   0.000      0.2734E-02  0.3644E-06 -0.2805E-02   0.000       0.000       0.000       0.000       0.000        0.000       0.000       0.000       0.000       0.000       0.000                            0.3644E-06  0.3644E-06   0.000    
   5184000.0   11.21775334   11.4935  0.4632E-04   0.000      0.2758E-02  0.5393E-06 -0.2805E-02   0.000       0.000       0.000       0.000       0.000        0.000       0.000       0.000       0.000       0.000       0.000                            0.5393E-06  0.5393E-06   0.000    
   5270400.0   11.20132729   11.4768  0.4712E-04   0.000      0.2755E-02  0.4753E-06 -0.2803E-02   0.000       0.000       0.000       0.000       0.000        0.000       0.000       0.000       0.000       0.000       0.000                            0.4753E-06  0.4753E-06   0.000    
   5356800.0   11.18247420   11.4577  0.3471E-04   0.000      0.2752E-02  0.5455E-06 -0.2788E-02   0.000       0.000       0.000       0.000       0.000        0.000       0.000       0.000       0.000       0.000       0.000                            0.5455E-06  0.5455E-06   0.000    
   5443200.0   11.19206244   11.4626  0.1231E-03   0.000      0.2705E-02 -0.2774E-06 -0.2828E-02   0.000       0.000       0.000       0.000       0.000        0.000       0.000       0.000       0.000       0.000       0.000                           -0.2774E-06 -0.2774E-06   0.000    
   5529600.0   11.20450475   11.4741  0.1346E-03   0.000      0.2696E-02 -0.3600E-06 -0.2830E-02   0.000       0.000       0.000       0.000       0.000        0.000       0.000       0.000       0.000       0.000       0.000                           -0.3600E-06 -0.3600E-06   0.000    
   5616000.0   11.21800117   11.4878  0.1410E-03   0.000      0.2698E-02 -0.3905E-06 -0.2839E-02   0.000       0.000       0.000       0.000       0.000        0.000       0.000       0.000       0.000       0.000       0.000                           -0.3905E-06 -0.3905E-06   0.000    
   5702400.0   11.22673406   11.4980  0.1280E-03   0.000      0.2713E-02 -0.2527E-06 -0.2840E-02   0.000       0.000       0.000       0.000       0.000        0.000       0.000       0.000       0.000       0.000       0.000                           -0.2527E-06 -0.2527E-06   0.000    
   5788800.0   11.22237831   11.4963  0.8639E-04   0.000      0.2739E-02  0.1260E-06 -0.2825E-02   0.000       0.000       0.000       0.000       0.000        0.000       0.000       0.000       0.000       0.000       0.000                            0.1260E-06  0.1260E-06   0.000    
   5875200.0   11.22329182   11.4970  0.1017E-03   0.000      0.2737E-02 -0.2643E-07 -0.2839E-02   0.000       0.000       0.000       0.000       0.000        0.000       0.000       0.000       0.000       0.000       0.000                           -0.2643E-07 -0.2643E-07   0.000    
   5961600.0   11.21909079   11.4936  0.8436E-04   0.000      0.2746E-02  0.1216E-06 -0.2830E-02   0.000       0.000       0.000       0.000       0.000        0.000       0.000       0.000       0.000       0.000       0.000                            0.1216E-06  0.1216E-06   0.000    
   6048000.0   11.20638878   11.4821  0.5471E-04   0.000      0.2758E-02  0.3675E-06 -0.2813E-02   0.000       0.000       0.000       0.000       0.000        0.000       0.000       0.000       0.000       0.000       0.000                            0.3675E-06  0.3675E-06   0.000    
   6134400.0   11.18977884   11.4657  0.3883E-04   0.000      0.2760E-02  0.4806E-06 -0.2799E-02   0.000       0.000       0.000       0.000       0.000        0.000       0.000       0.000       0.000       0.000       0.000                            0.4806E-06  0.4806E-06   0.000    
   6220800.0   11.17163139   11.4470  0.2936E-04   0.000      0.2753E-02  0.5251E-06 -0.2783E-02   0.000       0.000       0.000       0.000       0.000        0.000       0.000       0.000       0.000       0.000       0.000                            0.5251E-06  0.5251E-06   0.000    
   6307200.0   11.15282274   11.4270  0.2334E-04   0.000      0.2742E-02  0.5442E-06 -0.2766E-02   0.000       0.000       0.000       0.000       0.000        0.000       0.000       0.000       0.000       0.000       0.000                            0.5442E-06  0.5442E-06   0.000    
   6393600.0   11.13412186   11.4069  0.1938E-04   0.000      0.2727E-02  0.5411E-06 -0.2747E-02   0.000       0.000       0.000       0.000       0.000        0.000       0.000       0.000       0.000       0.000       0.000                            0.5411E-06  0.5411E-06   0.000    
   6480000.0   11.11556937   11.3866  0.1643E-04   0.000      0.2711E-02  0.5368E-06 -0.2728E-02   0.000       0.000       0.000       0.000       0.000        0.000       0.000       0.000       0.000       0.000       0.000                            0.5368E-06  0.5368E-06   0.000    
   6566400.0   11.09737268   11.3666  0.1380E-04   0.000      0.2692E-02  0.5265E-06 -0.2707E-02   0.000       0.000       0.000       0.000       0.000        0.000       0.000       0.000       0.000       0.000       0.000                            0.5265E-06  0.5265E-06   0.000    
   6652800.0   11.07938222   11.3467  0.1152E-04   0.000      0.2673E-02  0.5206E-06 -0.2685E-02   0.000       0.000       0.000       0.000       0.000        0.000       0.000       0.000       0.000       0.000       0.000                            0.5206E-06  0.5206E-06   0.000    
   6739200.0   11.06203836   11.3273  0.1025E-04   0.000      0.2653E-02  0.5018E-06 -0.2664E-02   0.000       0.000       0.000       0.000       0.000        0.000       0.000       0.000       0.000       0.000       0.000                            0.5018E-06  0.5018E-06   0.000    
   6825600.0   11.04472953   11.3080  0.7843E-05   0.000      0.2633E-02  0.5008E-06 -0.2641E-02   0.000       0.000       0.000       0.000       0.000        0.000       0.000       0.000       0.000       0.000       0.000                            0.5008E-06  0.5008E-06   0.000    
   6912000.0   11.02770757   11.2889  0.5665E-05   0.000      0.2612E-02  0.4925E-06 -0.2618E-02   0.000       0.000       0.000       0.000       0.000        0.000       0.000       0.000       0.000       0.000       0.000                            0.4925E-06  0.4925E-06   0.000    
   6998400.0   11.01098774   11.2700  0.4369E-05   0.000      0.2590E-02  0.4838E-06 -0.2595E-02   0.000       0.000       0.000       0.000       0.000        0.000       0.000       0.000       0.000       0.000       0.000                            0.4838E-06  0.4838E-06   0.000    
   7084800.0   10.99493055   11.2517  0.3946E-05   0.000      0.2568E-02  0.4646E-06 -0.2572E-02   0.000       0.000       0.000       0.000       0.000        0.000       0.000       0.000       0.000       0.000       0.000                            0.4646E-06  0.4646E-06   0.000    
   7171200.0   10.97944045   11.2340  0.3497E-05   0.000      0.2546E-02  0.4482E-06 -0.2550E-02   0.000       0.000       0.000       0.000       0.000        0.000       0.000       0.000       0.000       0.000       0.000                            0.4482E-06  0.4482E-06   0.000    
   7257600.0   10.96434733   11.2167  0.2727E-05   0.000      0.2524E-02  0.4367E-06 -0.2527E-02   0.000       0.000       0.000       0.000       0.000        0.000       0.000       0.000       0.000       0.000       0.000                            0.4367E-06  0.4367E-06   0.000    
   7344000.0   10.94985821   11.2000  0.2561E-05   0.000      0.2501E-02  0.4192E-06 -0.2504E-02   0.000       0.000       0.000       0.000       0.000        0.000       0.000       0.000       0.000       0.000       0.000                            0.4192E-06  0.4192E-06   0.000    
   7430400.0   10.93680838   11.1846  0.5668E-05   0.000      0.2478E-02  0.3776E-06 -0.2484E-02   0.000       0.000       0.000       0.000       0.000        0.000       0.000       0.000       0.000       0.000       0.000                            0.3776E-06  0.3776E-06   0.000    
   7516800.0   10.92402279   11.1697  0.4910E-05   0.000      0.2457E-02  0.3700E-06 -0.2462E-02   0.000       0.000       0.000       0.000       0.000        0.000       0.000       0.000       0.000       0.000       0.000                            0.3700E-06  0.3700E-06   0.000    
   7603200.0   10.91086779   11.1546  0.2338E-05   0.000      0.2437E-02  0.3806E-06 -0.2440E-02   0.000       0.000       0.000       0.000       0.000        0.000       0.000       0.000       0.000       0.000       0.000                            0.3806E-06  0.3806E-06   0.000    
   7689600.0   10.89819336   11.1398  0.2125E-05   0.000      0.2416E-02  0.3667E-06 -0.2419E-02   0.000       0.000       0.000       0.000       0.000        0.000       0.000       0.000       0.000       0.000       0.000                            0.3667E-06  0.3667E-06   0.000    
   7776000.0   10.88640100   11.1259  0.3809E-05   0.000      0.2395E-02  0.3412E-06 -0.2399E-02   0.000       0.000       0.000       0.000       0.000        0.000       0.000       0.000       0.000       0.000       0.000                            0.3412E-06  0.3412E-06   0.000    
   7862400.0   10.87455753   11.1121  0.2122E-05   0.000      0.2375E-02  0.3427E-06 -0.2378E-02   0.000       0.000       0.000       0.000       0.000        0.000       0.000       0.000       0.000       0.000       0.000                            0.3427E-06  0.3427E-06   0.000    
   7948800.0   10.86302720   11.0986  0.2070E-05   0.000      0.2355E-02  0.3336E-06 -0.2358E-02   0.000       0.000       0.000       0.000       0.000        0.000       0.000       0.000       0.000       0.000       0.000                            0.3336E-06  0.3336E-06   0.000    
   8035200.0   10.85193684   11.0855  0.2020E-05   0.000      0.2335E-02  0.3209E-06 -0.2338E-02   0.000       0.000       0.000       0.000       0.000        0.000       0.000       0.000       0.000       0.000       0.000                            0.3209E-06  0.3209E-06   0.000    
   8121600.0   10.84110367   11.0727  0.1973E-05   0.000      0.2316E-02  0.3135E-06 -0.2318E-02   0.000       0.000       0.000       0.000       0.000        0.000       0.000       0.000       0.000       0.000       0.000                            0.3135E-06  0.3135E-06   0.000    
   8208000.0   10.83067662   11.0603  0.1928E-05   0.000      0.2297E-02  0.3017E-06 -0.2299E-02   0.000       0.000       0.000       0.000       0.000        0.000       0.000       0.000       0.000       0.000       0.000                            0.3017E-06  0.3017E-06   0.000    
   8294400.0   10.82046140   11.0483  0.1880E-05   0.000      0.2278E-02  0.2956E-06 -0.2280E-02   0.000       0.000       0.000       0.000       0.000        0.000       0.000       0.000       0.000       0.000       0.000                            0.2956E-06  0.2956E-06   0.000    
   8380800.0   10.86625948   11.0851  0.1927E-03   0.000      0.2189E-02 -0.1325E-05 -0.2380E-02   0.000       0.000       0.000       0.000       0.000        0.000       0.000       0.000       0.000       0.000       0.000                           -0.1325E-05 -0.1325E-05   0.000    
   8467200.0   10.87076121   11.0951  0.6816E-04   0.000      0.2244E-02 -0.1303E-06 -0.2312E-02   0.000       0.000       0.000       0.000       0.000        0.000       0.000       0.000       0.000       0.000       0.000                           -0.1303E-06 -0.1303E-06   0.000    
   8553600.0   10.87155822   11.0975  0.5709E-04   0.000      0.2259E-02 -0.2306E-07 -0.2316E-02   0.000       0.000       0.000       0.000       0.000        0.000       0.000       0.000       0.000       0.000       0.000                           -0.2306E-07 -0.2306E-07   0.000    
   8640000.0   10.86746357   11.0942  0.4047E-04   0.000      0.2267E-02  0.1185E-06 -0.2308E-02   0.000       0.000       0.000       0.000       0.000        0.000       0.000       0.000       0.000       0.000       0.000                            0.1185E-06  0.1185E-06   0.000    
   8726400.0   10.86089769   11.0877  0.3097E-04   0.000      0.2268E-02  0.1900E-06 -0.2299E-02   0.000       0.000       0.000       0.000       0.000        0.000       0.000       0.000       0.000       0.000       0.000                            0.1900E-06  0.1900E-06   0.000    
   8812800.0   10.85312224   11.0796  0.2499E-04   0.000      0.2264E-02  0.2250E-06 -0.2289E-02   0.000       0.000       0.000       0.000       0.000        0.000       0.000       0.000       0.000       0.000       0.000                            0.2250E-06  0.2250E-06   0.000    
   8899200.0   10.84326948   11.0692  0.1600E-04   0.000      0.2259E-02  0.2851E-06 -0.2275E-02   0.000       0.000       0.000       0.000       0.000        0.000       0.000       0.000       0.000       0.000       0.000                            0.2851E-06  0.2851E-06   0.000    
   8985600.0   10.83997673   11.0640  0.3624E-04   0.000      0.2241E-02  0.9528E-07 -0.2277E-02   0.000       0.000       0.000       0.000       0.000        0.000       0.000       0.000       0.000       0.000       0.000                            0.9528E-07  0.9528E-07   0.000    
   9072000.0   10.84770542   11.0694  0.7395E-04   0.000      0.2217E-02 -0.2236E-06 -0.2291E-02   0.000       0.000       0.000       0.000       0.000        0.000       0.000       0.000       0.000       0.000       0.000                           -0.2236E-06 -0.2236E-06   0.000    
   9158400.0   10.84380200   11.0667  0.3758E-04   0.000      0.2229E-02  0.1129E-06 -0.2266E-02   0.000       0.000       0.000       0.000       0.000        0.000       0.000       0.000       0.000       0.000       0.000                            0.1129E-06  0.1129E-06   0.000    
   9244800.0   10.87159838   11.0902  0.1456E-03   0.000      0.2186E-02 -0.8043E-06 -0.2330E-02   0.000       0.000       0.000       0.000       0.000        0.000       0.000       0.000       0.000       0.000       0.000                           -0.8043E-06 -0.8043E-06   0.000    
   9331200.0   10.94208260   11.1557  0.2988E-03   0.000      0.2136E-02 -0.2039E-05 -0.2433E-02   0.000       0.000       0.000       0.000       0.000        0.000       0.000       0.000       0.000       0.000       0.000                           -0.2039E-05 -0.2039E-05   0.000    
   9417600.0   11.11389046   11.3172  0.6541E-03   0.000      0.2033E-02 -0.4971E-05 -0.2682E-02   0.000       0.000       0.000       0.000       0.000        0.000       0.000       0.000       0.000       0.000       0.000                           -0.4971E-05 -0.4971E-05   0.000    
   9504000.0   11.24052634   11.4574  0.5400E-03   0.000      0.2168E-02 -0.3664E-05 -0.2705E-02   0.000       0.000       0.000       0.000       0.000        0.000       0.000       0.000       0.000       0.000       0.000                           -0.3664E-05 -0.3664E-05   0.000    
   9590400.0   11.21800148   11.4658  0.7330E-04   0.000      0.2478E-02  0.6518E-06 -0.2552E-02   0.000       0.000       0.000       0.000       0.000        0.000       0.000       0.000       0.000       0.000       0.000                            0.6518E-06  0.6518E-06   0.000    
   9676800.0   11.18986743   11.4461  0.4062E-04   0.000      0.2562E-02  0.8141E-06 -0.2604E-02   0.000       0.000       0.000       0.000       0.000        0.000       0.000       0.000       0.000       0.000       0.000                            0.8141E-06  0.8141E-06   0.000    
   9763200.0   11.15970149   11.4188  0.2013E-04   0.000      0.2591E-02  0.8729E-06 -0.2612E-02   0.000       0.000       0.000       0.000       0.000        0.000       0.000       0.000       0.000       0.000       0.000                            0.8729E-06  0.8729E-06   0.000    
   9849600.0   11.13088340   11.3904  0.1245E-04   0.000      0.2596E-02  0.8339E-06 -0.2609E-02   0.000       0.000       0.000       0.000       0.000        0.000       0.000       0.000       0.000       0.000       0.000                            0.8339E-06  0.8339E-06   0.000    
   9936000.0   11.14942443   11.4024  0.1584E-03   0.000      0.2530E-02 -0.5365E-06 -0.2688E-02   0.000       0.000       0.000       0.000       0.000        0.000       0.000       0.000       0.000       0.000       0.000                           -0.5365E-06 -0.5365E-06   0.000    
  10022400.0   11.16478946   11.4185  0.1512E-03   0.000      0.2537E-02 -0.4446E-06 -0.2688E-02   0.000       0.000       0.000       0.000       0.000        0.000       0.000       0.000       0.000       0.000       0.000                           -0.4446E-06 -0.4446E-06   0.000    
  10108800.0   11.16947373   11.4262  0.1182E-03   0.000      0.2567E-02 -0.1355E-06 -0.2685E-02   0.000       0.000       0.000       0.000       0.000        0.000       0.000       0.000       0.000       0.000       0.000                           -0.1355E-06 -0.1355E-06   0.000    
  10195200.0   11.18205871   11.4392  0.1433E-03   0.000      0.2572E-02 -0.3641E-06 -0.2715E-02   0.000       0.000       0.000       0.000       0.000        0.000       0.000       0.000       0.000       0.000       0.000                           -0.3641E-06 -0.3641E-06   0.000    
  10281600.0   11.18880468   11.4482  0.1254E-03   0.000      0.2593E-02 -0.1952E-06 -0.2719E-02   0.000       0.000       0.000       0.000       0.000        0.000       0.000       0.000       0.000       0.000       0.000                           -0.1952E-06 -0.1952E-06   0.000    
  10368000.0   11.17647816   11.4398  0.6297E-04   0.000      0.2634E-02  0.3567E-06 -0.2697E-02   0.000       0.000       0.000       0.000       0.000        0.000       0.000       0.000       0.000       0.000       0.000                            0.3567E-06  0.3567E-06   0.000    
  10454400.0   11.15743619   11.4225  0.3589E-04   0.000      0.2651E-02  0.5510E-06 -0.2687E-02   0.000       0.000       0.000       0.000       0.000        0.000       0.000       0.000       0.000       0.000       0.000                            0.5510E-06  0.5510E-06   0.000    
  10540800.0   11.15643521   11.4190  0.8954E-04   0.000      0.2625E-02  0.2896E-07 -0.2715E-02   0.000       0.000       0.000       0.000       0.000        0.000       0.000       0.000       0.000       0.000       0.000                            0.2896E-07  0.2896E-07   0.000    
  10627200.0   11.16474218   11.4258  0.1196E-03   0.000      0.2610E-02 -0.2404E-06 -0.2730E-02   0.000       0.000       0.000       0.000       0.000        0.000       0.000       0.000       0.000       0.000       0.000                           -0.2404E-06 -0.2404E-06   0.000    
  10713600.0   11.16535960   11.4278  0.9581E-04   0.000      0.2624E-02 -0.1787E-07 -0.2720E-02   0.000       0.000       0.000       0.000       0.000        0.000       0.000       0.000       0.000       0.000       0.000                           -0.1787E-07 -0.1787E-07   0.000    
  10800000.0   11.15610533   11.4204  0.6269E-04   0.000      0.2643E-02  0.2678E-06 -0.2706E-02   0.000       0.000       0.000       0.000       0.000        0.000       0.000       0.000       0.000       0.000       0.000                            0.2678E-06  0.2678E-06   0.000    
  10886400.0   11.14058921   11.4059  0.3958E-04   0.000      0.2653E-02  0.4490E-06 -0.2693E-02   0.000       0.000       0.000       0.000       0.000        0.000       0.000       0.000       0.000       0.000       0.000                            0.4490E-06  0.4490E-06   0.000    
  10972800.0   11.12197236   11.3872  0.2474E-04   0.000      0.2653E-02  0.5387E-06 -0.2678E-02   0.000       0.000       0.000       0.000       0.000        0.000       0.000       0.000       0.000       0.000       0.000                            0.5387E-06  0.5387E-06   0.000    
  11059200.0   11.10018799   11.3649  0.9938E-05   0.000      0.2647E-02  0.6303E-06 -0.2658E-02   0.000       0.000       0.000       0.000       0.000        0.000       0.000       0.000       0.000       0.000       0.000                            0.6303E-06  0.6303E-06   0.000    
  11145600.0   11.07826919   11.3417  0.4401E-05   0.000      0.2634E-02  0.6342E-06 -0.2639E-02   0.000       0.000       0.000       0.000       0.000        0.000       0.000       0.000       0.000       0.000       0.000                            0.6342E-06  0.6342E-06   0.000    
  11232000.0   11.05733834   11.3189  0.2504E-05   0.000      0.2616E-02  0.6056E-06 -0.2619E-02   0.000       0.000       0.000       0.000       0.000        0.000       0.000       0.000       0.000       0.000       0.000                            0.6056E-06  0.6056E-06   0.000    
  11318400.0   11.03722436   11.2968  0.1270E-05   0.000      0.2596E-02  0.5820E-06 -0.2598E-02   0.000       0.000       0.000       0.000       0.000        0.000       0.000       0.000       0.000       0.000       0.000                            0.5820E-06  0.5820E-06   0.000    
  11404800.0   11.04138844   11.2958  0.7843E-04   0.000      0.2545E-02 -0.1205E-06 -0.2623E-02   0.000       0.000       0.000       0.000       0.000        0.000       0.000       0.000       0.000       0.000       0.000                           -0.1205E-06 -0.1205E-06   0.000    
  11491200.0   11.02365346   11.2796  0.8010E-05   0.000      0.2559E-02  0.5132E-06 -0.2568E-02   0.000       0.000       0.000       0.000       0.000        0.000       0.000       0.000       0.000       0.000       0.000                            0.5132E-06  0.5132E-06   0.000    
  11577600.0   11.04962856   11.2987  0.1505E-03   0.000      0.2491E-02 -0.7516E-06 -0.2640E-02   0.000       0.000       0.000       0.000       0.000        0.000       0.000       0.000       0.000       0.000       0.000                           -0.7516E-06 -0.7516E-06   0.000    
  11664000.0   11.12207641   11.3645  0.3127E-03   0.000      0.2425E-02 -0.2096E-05 -0.2735E-02   0.000       0.000       0.000       0.000       0.000        0.000       0.000       0.000       0.000       0.000       0.000                           -0.2096E-05 -0.2096E-05   0.000    
  11750400.0   11.29574417   11.5268  0.6597E-03   0.000      0.2311E-02 -0.5025E-05 -0.2965E-02   0.000       0.000       0.000       0.000       0.000        0.000       0.000       0.000       0.000       0.000       0.000                           -0.5025E-05 -0.5025E-05   0.000    
  11836800.0   11.26308593   11.5285  0.2374E-04   0.000      0.2655E-02  0.9450E-06 -0.2679E-02   0.000       0.000       0.000       0.000       0.000        0.000       0.000       0.000       0.000       0.000       0.000                            0.9450E-06  0.9450E-06   0.000    
  11923200.0   11.23327277   11.5050  0.2036E-04   0.000      0.2717E-02  0.8626E-06 -0.2739E-02   0.000       0.000       0.000       0.000       0.000        0.000       0.000       0.000       0.000       0.000       0.000                            0.8626E-06  0.8626E-06   0.000    
  12009600.0   11.20548828   11.4781  0.1553E-04   0.000      0.2726E-02  0.8039E-06 -0.2742E-02   0.000       0.000       0.000       0.000       0.000        0.000       0.000       0.000       0.000       0.000       0.000                            0.8039E-06  0.8039E-06   0.000    
  12096000.0   11.19842970   11.4679  0.7450E-04   0.000      0.2695E-02  0.2042E-06 -0.2770E-02   0.000       0.000       0.000       0.000       0.000        0.000       0.000       0.000       0.000       0.000       0.000                            0.2042E-06  0.2042E-06   0.000    
  12182400.0   11.18911756   11.4584  0.6429E-04   0.000      0.2693E-02  0.2694E-06 -0.2758E-02   0.000       0.000       0.000       0.000       0.000        0.000       0.000       0.000       0.000       0.000       0.000                            0.2694E-06  0.2694E-06   0.000    
  12268800.0   11.17383735   11.4437  0.4157E-04   0.000      0.2699E-02  0.4421E-06 -0.2741E-02   0.000       0.000       0.000       0.000       0.000        0.000       0.000       0.000       0.000       0.000       0.000                            0.4421E-06  0.4421E-06   0.000    
  12355200.0   11.15484758   11.4247  0.2549E-04   0.000      0.2698E-02  0.5495E-06 -0.2725E-02   0.000       0.000       0.000       0.000       0.000        0.000       0.000       0.000       0.000       0.000       0.000                            0.5495E-06  0.5495E-06   0.000    
  12441600.0   11.14125444   11.4094  0.3847E-04   0.000      0.2682E-02  0.3933E-06 -0.2721E-02   0.000       0.000       0.000       0.000       0.000        0.000       0.000       0.000       0.000       0.000       0.000                            0.3933E-06  0.3933E-06   0.000    
  12528000.0   11.18667286   11.4459  0.2297E-03   0.000      0.2592E-02 -0.1314E-05 -0.2820E-02   0.000       0.000       0.000       0.000       0.000        0.000       0.000       0.000       0.000       0.000       0.000                           -0.1314E-05 -0.1314E-05   0.000    
  12614400.0   11.23907060   11.4976  0.2631E-03   0.000      0.2586E-02 -0.1516E-05 -0.2847E-02   0.000       0.000       0.000       0.000       0.000        0.000       0.000       0.000       0.000       0.000       0.000                           -0.1516E-05 -0.1516E-05   0.000    
  12700800.0   11.23078797   11.5001  0.7647E-04   0.000      0.2693E-02  0.2397E-06 -0.2770E-02   0.000       0.000       0.000       0.000       0.000        0.000       0.000       0.000       0.000       0.000       0.000                            0.2397E-06  0.2397E-06   0.000    
  12787200.0   11.21515911   11.4876  0.4861E-04   0.000      0.2725E-02  0.4522E-06 -0.2774E-02   0.000       0.000       0.000       0.000       0.000        0.000       0.000       0.000       0.000       0.000       0.000                            0.4522E-06  0.4522E-06   0.000    
  12873600.0   11.19420694   11.4677  0.2617E-04   0.000      0.2735E-02  0.6063E-06 -0.2762E-02   0.000       0.000       0.000       0.000       0.000        0.000       0.000       0.000       0.000       0.000       0.000                            0.6063E-06  0.6063E-06   0.000    
  12960000.0   11.19885435   11.4684  0.1041E-03   0.000      0.2696E-02 -0.1345E-06 -0.2800E-02   0.000       0.000       0.000       0.000       0.000        0.000       0.000       0.000       0.000       0.000       0.000                           -0.1345E-06 -0.1345E-06   0.000    
  13046400.0   11.18945655   11.4604  0.5906E-04   0.000      0.2710E-02  0.2719E-06 -0.2769E-02   0.000       0.000       0.000       0.000       0.000        0.000       0.000       0.000       0.000       0.000       0.000                            0.2719E-06  0.2719E-06   0.000    
  13132800.0   11.17555522   11.4470  0.4167E-04   0.000      0.2714E-02  0.4022E-06 -0.2756E-02   0.000       0.000       0.000       0.000       0.000        0.000       0.000       0.000       0.000       0.000       0.000                            0.4022E-06  0.4022E-06   0.000    
  13219200.0   11.16573331   11.4360  0.5174E-04   0.000      0.2702E-02  0.2842E-06 -0.2754E-02   0.000       0.000       0.000       0.000       0.000        0.000       0.000       0.000       0.000       0.000       0.000                            0.2842E-06  0.2842E-06   0.000    
  13305600.0   11.15140399   11.4214  0.3505E-04   0.000      0.2700E-02  0.4146E-06 -0.2735E-02   0.000       0.000       0.000       0.000       0.000        0.000       0.000       0.000       0.000       0.000       0.000                            0.4146E-06  0.4146E-06   0.000    
  13392000.0   11.17269836   11.4370  0.1490E-03   0.000      0.2643E-02 -0.6162E-06 -0.2791E-02   0.000       0.000       0.000       0.000       0.000        0.000       0.000       0.000       0.000       0.000       0.000                           -0.6162E-06 -0.6162E-06   0.000    
  13478400.0   11.18870367   11.4534  0.1374E-03   0.000      0.2647E-02 -0.4631E-06 -0.2784E-02   0.000       0.000       0.000       0.000       0.000        0.000       0.000       0.000       0.000       0.000       0.000                           -0.4631E-06 -0.4631E-06   0.000    
  13564800.0   11.18421427   11.4525  0.7398E-04   0.000      0.2683E-02  0.1299E-06 -0.2757E-02   0.000       0.000       0.000       0.000       0.000        0.000       0.000       0.000       0.000       0.000       0.000                            0.1299E-06  0.1299E-06   0.000    
  13651200.0   11.17466408   11.4441  0.5572E-04   0.000      0.2695E-02  0.2763E-06 -0.2751E-02   0.000       0.000       0.000       0.000       0.000        0.000       0.000       0.000       0.000       0.000       0.000                            0.2763E-06  0.2763E-06   0.000    
  13737600.0   11.16098595   11.4308  0.3969E-04   0.000      0.2699E-02  0.3958E-06 -0.2739E-02   0.000       0.000       0.000       0.000       0.000        0.000       0.000       0.000       0.000       0.000       0.000                            0.3958E-06  0.3958E-06   0.000    
  13824000.0   11.20549954   11.4669  0.2271E-03   0.000      0.2614E-02 -0.1288E-05 -0.2840E-02   0.000       0.000       0.000       0.000       0.000        0.000       0.000       0.000       0.000       0.000       0.000                           -0.1288E-05 -0.1288E-05   0.000    
  13910400.0   11.26951243   11.5288  0.3010E-03   0.000      0.2593E-02 -0.1852E-05 -0.2892E-02   0.000       0.000       0.000       0.000       0.000        0.000       0.000       0.000       0.000       0.000       0.000                           -0.1852E-05 -0.1852E-05   0.000    
  13996800.0   11.26813690   11.5391  0.1012E-03   0.000      0.2709E-02  0.3980E-07 -0.2810E-02   0.000       0.000       0.000       0.000       0.000        0.000       0.000       0.000       0.000       0.000       0.000                            0.3980E-07  0.3980E-07   0.000    
  14083200.0   11.25358843   11.5291  0.5567E-04   0.000      0.2755E-02  0.4210E-06 -0.2811E-02   0.000       0.000       0.000       0.000       0.000        0.000       0.000       0.000       0.000       0.000       0.000                            0.4210E-06  0.4210E-06   0.000    
  14169600.0   11.26827563   11.5406  0.1460E-03   0.000      0.2724E-02 -0.4250E-06 -0.2869E-02   0.000       0.000       0.000       0.000       0.000        0.000       0.000       0.000       0.000       0.000       0.000                           -0.4250E-06 -0.4250E-06   0.000    
  14256000.0   11.28053570   11.5538  0.1400E-03   0.000      0.2732E-02 -0.3547E-06 -0.2872E-02   0.000       0.000       0.000       0.000       0.000        0.000       0.000       0.000       0.000       0.000       0.000                           -0.3547E-06 -0.3547E-06   0.000    
  14342400.0   11.34197300   11.6097  0.3005E-03   0.000      0.2677E-02 -0.1778E-05 -0.2976E-02   0.000       0.000       0.000       0.000       0.000        0.000       0.000       0.000       0.000       0.000       0.000                           -0.1778E-05 -0.1778E-05   0.000    
  14428800.0   11.50008887   11.7569  0.6219E-03   0.000      0.2568E-02 -0.4575E-05 -0.3185E-02   0.000       0.000       0.000       0.000       0.000        0.000       0.000       0.000       0.000       0.000       0.000                           -0.4575E-05 -0.4575E-05   0.000    
  14515200.0   11.49634787   11.7809  0.1304E-03   0.000      0.2845E-02  0.1082E-06 -0.2976E-02   0.000       0.000       0.000       0.000       0.000        0.000       0.000       0.000       0.000       0.000       0.000                            0.1082E-06  0.1082E-06   0.000    
  14601600.0   11.52075911   11.8083  0.2152E-03   0.000      0.2875E-02 -0.7063E-06 -0.3090E-02   0.000       0.000       0.000       0.000       0.000        0.000       0.000       0.000       0.000       0.000       0.000                           -0.7063E-06 -0.7063E-06   0.000    
  14688000.0   11.57350446   11.8604  0.3055E-03   0.000      0.2869E-02 -0.1526E-05 -0.3173E-02   0.000       0.000       0.000       0.000       0.000        0.000       0.000       0.000       0.000       0.000       0.000                           -0.1526E-05 -0.1526E-05   0.000    
  14774400.0   11.59268526   11.8878  0.2039E-03   0.000      0.2951E-02 -0.5550E-06 -0.3155E-02   0.000       0.000       0.000       0.000       0.000        0.000       0.000       0.000       0.000       0.000       0.000                           -0.5550E-06 -0.5550E-06   0.000    
  14860800.0   11.58286268   11.8859  0.1109E-03   0.000      0.3030E-02  0.2842E-06 -0.3142E-02   0.000       0.000       0.000       0.000       0.000        0.000       0.000       0.000       0.000       0.000       0.000                            0.2842E-06  0.2842E-06   0.000    
  14947200.0   11.56924337   11.8754  0.9312E-04   0.000      0.3061E-02  0.3941E-06 -0.3155E-02   0.000       0.000       0.000       0.000       0.000        0.000       0.000       0.000       0.000       0.000       0.000                            0.3941E-06  0.3941E-06   0.000    
  15033600.0   11.54724582   11.8557  0.6140E-04   0.000      0.3085E-02  0.6365E-06 -0.3147E-02   0.000       0.000       0.000       0.000       0.000        0.000       0.000       0.000       0.000       0.000       0.000                            0.6365E-06  0.6365E-06   0.000    
  15120000.0   11.52160971   11.8310  0.4298E-04   0.000      0.3094E-02  0.7418E-06 -0.3138E-02   0.000       0.000       0.000       0.000       0.000        0.000       0.000       0.000       0.000       0.000       0.000                            0.7418E-06  0.7418E-06   0.000    
  15206400.0   11.49208076   11.8017  0.2443E-04   0.000      0.3097E-02  0.8544E-06 -0.3122E-02   0.000       0.000       0.000       0.000       0.000        0.000       0.000       0.000       0.000       0.000       0.000                            0.8544E-06  0.8544E-06   0.000    
  15292800.0   11.46074309   11.7698  0.1152E-04   0.000      0.3090E-02  0.9068E-06 -0.3103E-02   0.000       0.000       0.000       0.000       0.000        0.000       0.000       0.000       0.000       0.000       0.000                            0.9068E-06  0.9068E-06   0.000    
  15379200.0   11.50076165   11.7987  0.2338E-03   0.000      0.2979E-02 -0.1158E-05 -0.3212E-02   0.000       0.000       0.000       0.000       0.000        0.000       0.000       0.000       0.000       0.000       0.000                           -0.1158E-05 -0.1158E-05   0.000    
  15465600.0   11.51982952   11.8202  0.1744E-03   0.000      0.3003E-02 -0.5517E-06 -0.3177E-02   0.000       0.000       0.000       0.000       0.000        0.000       0.000       0.000       0.000       0.000       0.000                           -0.5517E-06 -0.5517E-06   0.000    
  15552000.0   11.50515226   11.8115  0.6972E-04   0.000      0.3064E-02  0.4247E-06 -0.3134E-02   0.000       0.000       0.000       0.000       0.000        0.000       0.000       0.000       0.000       0.000       0.000                            0.4247E-06  0.4247E-06   0.000    
  15638400.0   11.47813175   11.7870  0.2661E-04   0.000      0.3089E-02  0.7818E-06 -0.3116E-02   0.000       0.000       0.000       0.000       0.000        0.000       0.000       0.000       0.000       0.000       0.000                            0.7818E-06  0.7818E-06   0.000    
  15724800.0   11.44950916   11.7581  0.1552E-04   0.000      0.3086E-02  0.8282E-06 -0.3102E-02   0.000       0.000       0.000       0.000       0.000        0.000       0.000       0.000       0.000       0.000       0.000                            0.8282E-06  0.8282E-06   0.000    
  15811200.0   11.42101548   11.7283  0.9920E-05   0.000      0.3073E-02  0.8245E-06 -0.3083E-02   0.000       0.000       0.000       0.000       0.000        0.000       0.000       0.000       0.000       0.000       0.000                            0.8245E-06  0.8245E-06   0.000    
  15897600.0   11.39364497   11.6990  0.8084E-05   0.000      0.3054E-02  0.7920E-06 -0.3063E-02   0.000       0.000       0.000       0.000       0.000        0.000       0.000       0.000       0.000       0.000       0.000                            0.7920E-06  0.7920E-06   0.000    
  15984000.0   11.37413781   11.6765  0.2857E-04   0.000      0.3024E-02  0.5644E-06 -0.3053E-02   0.000       0.000       0.000       0.000       0.000        0.000       0.000       0.000       0.000       0.000       0.000                            0.5644E-06  0.5644E-06   0.000    
  16070400.0   11.34925268   11.6504  0.7870E-05   0.000      0.3011E-02  0.7201E-06 -0.3020E-02   0.000       0.000       0.000       0.000       0.000        0.000       0.000       0.000       0.000       0.000       0.000                            0.7201E-06  0.7201E-06   0.000    
  16156800.0   11.32495120   11.6240  0.6107E-05   0.000      0.2991E-02  0.7032E-06 -0.2997E-02   0.000       0.000       0.000       0.000       0.000        0.000       0.000       0.000       0.000       0.000       0.000                            0.7032E-06  0.7032E-06   0.000    
  16243200.0   11.30110129   11.5979  0.3436E-05   0.000      0.2968E-02  0.6901E-06 -0.2972E-02   0.000       0.000       0.000       0.000       0.000        0.000       0.000       0.000       0.000       0.000       0.000                            0.6901E-06  0.6901E-06   0.000    
  16329600.0   11.27796376   11.5724  0.2418E-05   0.000      0.2944E-02  0.6695E-06 -0.2948E-02   0.000       0.000       0.000       0.000       0.000        0.000       0.000       0.000       0.000       0.000       0.000                            0.6695E-06  0.6695E-06   0.000    
  16416000.0   11.25563634   11.5476  0.1448E-05   0.000      0.2920E-02  0.6460E-06 -0.2922E-02   0.000       0.000       0.000       0.000       0.000        0.000       0.000       0.000       0.000       0.000       0.000                            0.6460E-06  0.6460E-06   0.000    
  16502400.0   11.23402123   11.5235  0.7995E-06   0.000      0.2895E-02  0.6254E-06 -0.2896E-02   0.000       0.000       0.000       0.000       0.000        0.000       0.000       0.000       0.000       0.000       0.000                            0.6254E-06  0.6254E-06   0.000    
  16588800.0   11.21322507   11.5002  0.4276E-06   0.000      0.2870E-02  0.6017E-06 -0.2871E-02   0.000       0.000       0.000       0.000       0.000        0.000       0.000       0.000       0.000       0.000       0.000                            0.6017E-06  0.6017E-06   0.000    
  16675200.0   11.19320266   11.4776  0.2105E-06   0.000      0.2844E-02  0.5794E-06 -0.2845E-02   0.000       0.000       0.000       0.000       0.000        0.000       0.000       0.000       0.000       0.000       0.000                            0.5794E-06  0.5794E-06   0.000    
  16761600.0   11.17758475   11.4590  0.1225E-04   0.000      0.2814E-02  0.4519E-06 -0.2827E-02   0.000       0.000       0.000       0.000       0.000        0.000       0.000       0.000       0.000       0.000       0.000                            0.4519E-06  0.4519E-06   0.000    
  16848000.0   11.16564176   11.4442  0.2272E-04   0.000      0.2786E-02  0.3456E-06 -0.2809E-02   0.000       0.000       0.000       0.000       0.000        0.000       0.000       0.000       0.000       0.000       0.000                            0.3456E-06  0.3456E-06   0.000    
  16934400.0   11.16716852   11.4419  0.6645E-04   0.000      0.2747E-02 -0.4418E-07 -0.2814E-02   0.000       0.000       0.000       0.000       0.000        0.000       0.000       0.000       0.000       0.000       0.000                           -0.4418E-07 -0.4418E-07   0.000    
  17020800.0   11.16182581   11.4359  0.4628E-04   0.000      0.2741E-02  0.1546E-06 -0.2787E-02   0.000       0.000       0.000       0.000       0.000        0.000       0.000       0.000       0.000       0.000       0.000                            0.1546E-06  0.1546E-06   0.000    
  17107200.0   11.14465694   11.4191  0.7779E-05   0.000      0.2745E-02  0.4968E-06 -0.2753E-02   0.000       0.000       0.000       0.000       0.000        0.000       0.000       0.000       0.000       0.000       0.000                            0.4968E-06  0.4968E-06   0.000    
  17193600.0   11.12813451   11.4010  0.7252E-05   0.000      0.2729E-02  0.4781E-06 -0.2737E-02   0.000       0.000       0.000       0.000       0.000        0.000       0.000       0.000       0.000       0.000       0.000                            0.4781E-06  0.4781E-06   0.000    
  17280000.0   11.11138675   11.3824  0.3738E-05   0.000      0.2710E-02  0.4846E-06 -0.2714E-02   0.000       0.000       0.000       0.000       0.000        0.000       0.000       0.000       0.000       0.000       0.000                            0.4846E-06  0.4846E-06   0.000    
  17366400.0   11.09463703   11.3637  0.1698E-05   0.000      0.2690E-02  0.4847E-06 -0.2692E-02   0.000       0.000       0.000       0.000       0.000        0.000       0.000       0.000       0.000       0.000       0.000                            0.4847E-06  0.4847E-06   0.000    
  17452800.0   11.07843633   11.3453  0.8685E-06   0.000      0.2669E-02  0.4688E-06 -0.2670E-02   0.000       0.000       0.000       0.000       0.000        0.000       0.000       0.000       0.000       0.000       0.000                            0.4688E-06  0.4688E-06   0.000    
  17539200.0   11.06264335   11.3273  0.4086E-06   0.000      0.2647E-02  0.4570E-06 -0.2648E-02   0.000       0.000       0.000       0.000       0.000        0.000       0.000       0.000       0.000       0.000       0.000                            0.4570E-06  0.4570E-06   0.000    
  17625600.0   11.04745882   11.3099  0.1923E-06   0.000      0.2625E-02  0.4394E-06 -0.2625E-02   0.000       0.000       0.000       0.000       0.000        0.000       0.000       0.000       0.000       0.000       0.000                            0.4394E-06  0.4394E-06   0.000    
  17712000.0   11.03823919   11.2978  0.1837E-04   0.000      0.2596E-02  0.2668E-06 -0.2614E-02   0.000       0.000       0.000       0.000       0.000        0.000       0.000       0.000       0.000       0.000       0.000                            0.2668E-06  0.2668E-06   0.000    
  17798400.0   11.02440407   11.2827  0.2893E-05   0.000      0.2582E-02  0.4003E-06 -0.2586E-02   0.000       0.000       0.000       0.000       0.000        0.000       0.000       0.000       0.000       0.000       0.000                            0.4003E-06  0.4003E-06   0.000    
  17884800.0   11.01035683   11.2668  0.3194E-06   0.000      0.2564E-02  0.4065E-06 -0.2565E-02   0.000       0.000       0.000       0.000       0.000        0.000       0.000       0.000       0.000       0.000       0.000                            0.4065E-06  0.4065E-06   0.000    
  17971200.0   10.99669959   11.2511  0.2886E-06   0.000      0.2544E-02  0.3952E-06 -0.2545E-02   0.000       0.000       0.000       0.000       0.000        0.000       0.000       0.000       0.000       0.000       0.000                            0.3952E-06  0.3952E-06   0.000    
  18057600.0   10.98356783   11.2359  0.2184E-06   0.000      0.2523E-02  0.3800E-06 -0.2524E-02   0.000       0.000       0.000       0.000       0.000        0.000       0.000       0.000       0.000       0.000       0.000                            0.3800E-06  0.3800E-06   0.000    
  18144000.0   10.97075964   11.2211  0.1487E-06   0.000      0.2503E-02  0.3706E-06 -0.2504E-02   0.000       0.000       0.000       0.000       0.000        0.000       0.000       0.000       0.000       0.000       0.000                            0.3706E-06  0.3706E-06   0.000    
  18230400.0   10.95839480   11.2067  0.9644E-07   0.000      0.2483E-02  0.3578E-06 -0.2483E-02   0.000       0.000       0.000       0.000       0.000        0.000       0.000       0.000       0.000       0.000       0.000                            0.3578E-06  0.3578E-06   0.000    
  18316800.0   10.94634425   11.1926  0.8410E-07   0.000      0.2463E-02  0.3487E-06 -0.2463E-02   0.000       0.000       0.000       0.000       0.000        0.000       0.000       0.000       0.000       0.000       0.000                            0.3487E-06  0.3487E-06   0.000    
  18403200.0   10.93466585   11.1790  0.5106E-07   0.000      0.2443E-02  0.3379E-06 -0.2444E-02   0.000       0.000       0.000       0.000       0.000        0.000       0.000       0.000       0.000       0.000       0.000                            0.3379E-06  0.3379E-06   0.000    
  18489600.0   10.92329991   11.1657  0.3453E-07   0.000      0.2424E-02  0.3289E-06 -0.2424E-02   0.000       0.000       0.000       0.000       0.000        0.000       0.000       0.000       0.000       0.000       0.000                            0.3289E-06  0.3289E-06   0.000    
  18576000.0   10.91223388   11.1528  0.3324E-07   0.000      0.2405E-02  0.3202E-06 -0.2406E-02   0.000       0.000       0.000       0.000       0.000        0.000       0.000       0.000       0.000       0.000       0.000                            0.3202E-06  0.3202E-06   0.000    
  18662400.0   10.90152602   11.1402  0.2175E-07   0.000      0.2386E-02  0.3098E-06 -0.2387E-02   0.000       0.000       0.000       0.000       0.000        0.000       0.000       0.000       0.000       0.000       0.000                            0.3098E-06  0.3098E-06   0.000    
  18748800.0   10.89099367   11.1278  0.2005E-07   0.000      0.2368E-02  0.3048E-06 -0.2368E-02   0.000       0.000       0.000       0.000       0.000        0.000       0.000       0.000       0.000       0.000       0.000                            0.3048E-06  0.3048E-06   0.000    
  18835200.0   10.89171985   11.1253  0.3734E-04   0.000      0.2336E-02 -0.2101E-07 -0.2373E-02   0.000       0.000       0.000       0.000       0.000        0.000       0.000       0.000       0.000       0.000       0.000                           -0.2101E-07 -0.2101E-07   0.000    
  18921600.0   10.88334027   11.1168  0.8774E-05   0.000      0.2334E-02  0.2425E-06 -0.2343E-02   0.000       0.000       0.000       0.000       0.000        0.000       0.000       0.000       0.000       0.000       0.000                            0.2425E-06  0.2425E-06   0.000    
  19008000.0   10.87259637   11.1051  0.1421E-06   0.000      0.2325E-02  0.3109E-06 -0.2326E-02   0.000       0.000       0.000       0.000       0.000        0.000       0.000       0.000       0.000       0.000       0.000                            0.3109E-06  0.3109E-06   0.000    
  19094400.0   10.86230615   11.0933  0.1166E-06   0.000      0.2310E-02  0.2977E-06 -0.2310E-02   0.000       0.000       0.000       0.000       0.000        0.000       0.000       0.000       0.000       0.000       0.000                            0.2977E-06  0.2977E-06   0.000    
  19180800.0   10.85234647   11.0817  0.6620E-07   0.000      0.2294E-02  0.2882E-06 -0.2294E-02   0.000       0.000       0.000       0.000       0.000        0.000       0.000       0.000       0.000       0.000       0.000                            0.2882E-06  0.2882E-06   0.000    
  19267200.0   10.84296803   11.0707  0.9087E-06   0.000      0.2277E-02  0.2714E-06 -0.2278E-02   0.000       0.000       0.000       0.000       0.000        0.000       0.000       0.000       0.000       0.000       0.000                            0.2714E-06  0.2714E-06   0.000    
  19353600.0   10.83360193   11.0597  0.3795E-07   0.000      0.2261E-02  0.2710E-06 -0.2261E-02   0.000       0.000       0.000       0.000       0.000        0.000       0.000       0.000       0.000       0.000       0.000                            0.2710E-06  0.2710E-06   0.000    
  19440000.0   10.82447893   11.0490  0.3146E-07   0.000      0.2245E-02  0.2640E-06 -0.2245E-02   0.000       0.000       0.000       0.000       0.000        0.000       0.000       0.000       0.000       0.000       0.000                            0.2640E-06  0.2640E-06   0.000    
  19526400.0   10.81566147   11.0386  0.1983E-07   0.000      0.2229E-02  0.2551E-06 -0.2229E-02   0.000       0.000       0.000       0.000       0.000        0.000       0.000       0.000       0.000       0.000       0.000                            0.2551E-06  0.2551E-06   0.000    
  19612800.0   10.80696848   11.0283  0.1227E-07   0.000      0.2214E-02  0.2515E-06 -0.2214E-02   0.000       0.000       0.000       0.000       0.000        0.000       0.000       0.000       0.000       0.000       0.000                            0.2515E-06  0.2515E-06   0.000    
  19699200.0   10.79856482   11.0184  0.6645E-08   0.000      0.2198E-02  0.2432E-06 -0.2198E-02   0.000       0.000       0.000       0.000       0.000        0.000       0.000       0.000       0.000       0.000       0.000                            0.2432E-06  0.2432E-06   0.000    
  19785600.0   10.79027794   11.0086  0.3538E-08   0.000      0.2183E-02  0.2398E-06 -0.2183E-02   0.000       0.000       0.000       0.000       0.000        0.000       0.000       0.000       0.000       0.000       0.000                            0.2398E-06  0.2398E-06   0.000    
  19872000.0   10.78224952   10.9991  0.2138E-08   0.000      0.2168E-02  0.2323E-06 -0.2168E-02   0.000       0.000       0.000       0.000       0.000        0.000       0.000       0.000       0.000       0.000       0.000                            0.2323E-06  0.2323E-06   0.000    
  19958400.0   10.78462164   10.9987  0.3559E-04   0.000      0.2141E-02 -0.6864E-07 -0.2176E-02   0.000       0.000       0.000       0.000       0.000        0.000       0.000       0.000       0.000       0.000       0.000                           -0.6864E-07 -0.6864E-07   0.000    
  20044800.0   10.79117398   11.0037  0.5298E-04   0.000      0.2125E-02 -0.1896E-06 -0.2178E-02   0.000       0.000       0.000       0.000       0.000        0.000       0.000       0.000       0.000       0.000       0.000                           -0.1896E-06 -0.1896E-06   0.000    
  20131200.0   10.78143182   10.9956  0.3571E-06   0.000      0.2142E-02  0.2819E-06 -0.2142E-02   0.000       0.000       0.000       0.000       0.000        0.000       0.000       0.000       0.000       0.000       0.000                            0.2819E-06  0.2819E-06   0.000    
  20217600.0   10.77555783   10.9886  0.1173E-04   0.000      0.2130E-02  0.1700E-06 -0.2142E-02   0.000       0.000       0.000       0.000       0.000        0.000       0.000       0.000       0.000       0.000       0.000                            0.1700E-06  0.1700E-06   0.000    
  20304000.0   10.76887863   10.9810  0.8254E-05   0.000      0.2121E-02  0.1933E-06 -0.2130E-02   0.000       0.000       0.000       0.000       0.000        0.000       0.000       0.000       0.000       0.000       0.000                            0.1933E-06  0.1933E-06   0.000    
  20390400.0   10.76025693   10.9716  0.6857E-06   0.000      0.2113E-02  0.2495E-06 -0.2114E-02   0.000       0.000       0.000       0.000       0.000        0.000       0.000       0.000       0.000       0.000       0.000                            0.2495E-06  0.2495E-06   0.000    
  20476800.0   10.75198987   10.9621  0.4331E-06   0.000      0.2101E-02  0.2392E-06 -0.2102E-02   0.000       0.000       0.000       0.000       0.000        0.000       0.000       0.000       0.000       0.000       0.000                            0.2392E-06  0.2392E-06   0.000    
  20563200.0   10.74398891   10.9528  0.2432E-06   0.000      0.2089E-02  0.2315E-06 -0.2089E-02   0.000       0.000       0.000       0.000       0.000        0.000       0.000       0.000       0.000       0.000       0.000                            0.2315E-06  0.2315E-06   0.000    
  20649600.0   10.73628667   10.9438  0.1414E-06   0.000      0.2076E-02  0.2229E-06 -0.2076E-02   0.000       0.000       0.000       0.000       0.000        0.000       0.000       0.000       0.000       0.000       0.000                            0.2229E-06  0.2229E-06   0.000    
  20736000.0   10.72878030   10.9351  0.7975E-07   0.000      0.2063E-02  0.2172E-06 -0.2063E-02   0.000       0.000       0.000       0.000       0.000        0.000       0.000       0.000       0.000       0.000       0.000                            0.2172E-06  0.2172E-06   0.000    
  20822400.0   10.72153275   10.9265  0.4054E-07   0.000      0.2050E-02  0.2097E-06 -0.2050E-02   0.000       0.000       0.000       0.000       0.000        0.000       0.000       0.000       0.000       0.000       0.000                            0.2097E-06  0.2097E-06   0.000    
  20908800.0   10.71443317   10.9181  0.2325E-07   0.000      0.2037E-02  0.2054E-06 -0.2037E-02   0.000       0.000       0.000       0.000       0.000        0.000       0.000       0.000       0.000       0.000       0.000                            0.2054E-06  0.2054E-06   0.000    
  20995200.0   10.70756793   10.9100  0.1372E-07   0.000      0.2024E-02  0.1986E-06 -0.2025E-02   0.000       0.000       0.000       0.000       0.000        0.000       0.000       0.000       0.000       0.000       0.000                            0.1986E-06  0.1986E-06   0.000    
  21081600.0   10.70081502   10.9020  0.1269E-07   0.000      0.2012E-02  0.1954E-06 -0.2012E-02   0.000       0.000       0.000       0.000       0.000        0.000       0.000       0.000       0.000       0.000       0.000                            0.1954E-06  0.1954E-06   0.000    
  21168000.0   10.69427854   10.8942  0.9806E-08   0.000      0.2000E-02  0.1891E-06 -0.2000E-02   0.000       0.000       0.000       0.000       0.000        0.000       0.000       0.000       0.000       0.000       0.000                            0.1891E-06  0.1891E-06   0.000    
  21254400.0   10.68782458   10.8866  0.6363E-08   0.000      0.1988E-02  0.1867E-06 -0.1988E-02   0.000       0.000       0.000       0.000       0.000        0.000       0.000       0.000       0.000       0.000       0.000                            0.1867E-06  0.1867E-06   0.000    
  21340800.0   10.68153896   10.8791  0.4507E-08   0.000      0.1976E-02  0.1819E-06 -0.1976E-02   0.000       0.000       0.000       0.000       0.000        0.000       0.000       0.000       0.000       0.000       0.000                            0.1819E-06  0.1819E-06   0.000    
  21427200.0   10.67540063   10.8718  0.2735E-08   0.000      0.1964E-02  0.1776E-06 -0.1964E-02   0.000       0.000       0.000       0.000       0.000        0.000       0.000       0.000       0.000       0.000       0.000                            0.1776E-06  0.1776E-06   0.000    
  21513600.0   10.67080863   10.8658  0.5210E-05   0.000      0.1950E-02  0.1329E-06 -0.1956E-02   0.000       0.000       0.000       0.000       0.000        0.000       0.000       0.000       0.000       0.000       0.000                            0.1329E-06  0.1329E-06   0.000    
  21600000.0   10.68089584   10.8731  0.5729E-04   0.000      0.1922E-02 -0.2919E-06 -0.1979E-02   0.000       0.000       0.000       0.000       0.000        0.000       0.000       0.000       0.000       0.000       0.000                           -0.2919E-06 -0.2919E-06   0.000    
  21686400.0   10.67327321   10.8673  0.1413E-06   0.000      0.1940E-02  0.2206E-06 -0.1940E-02   0.000       0.000       0.000       0.000       0.000        0.000       0.000       0.000       0.000       0.000       0.000                            0.2206E-06  0.2206E-06   0.000    
  21772800.0   10.66612764   10.8596  0.1261E-06   0.000      0.1935E-02  0.2068E-06 -0.1935E-02   0.000       0.000       0.000       0.000       0.000        0.000       0.000       0.000       0.000       0.000       0.000                            0.2068E-06  0.2068E-06   0.000    
  21859200.0   10.65939292   10.8519  0.8081E-07   0.000      0.1926E-02  0.1949E-06 -0.1926E-02   0.000       0.000       0.000       0.000       0.000        0.000       0.000       0.000       0.000       0.000       0.000                            0.1949E-06  0.1949E-06   0.000    
  21945600.0   10.65302408   10.8445  0.4885E-07   0.000      0.1915E-02  0.1843E-06 -0.1915E-02   0.000       0.000       0.000       0.000       0.000        0.000       0.000       0.000       0.000       0.000       0.000                            0.1843E-06  0.1843E-06   0.000    
  22032000.0   10.64684547   10.8373  0.3669E-07   0.000      0.1904E-02  0.1788E-06 -0.1905E-02   0.000       0.000       0.000       0.000       0.000        0.000       0.000       0.000       0.000       0.000       0.000                            0.1788E-06  0.1788E-06   0.000    
  22118400.0   10.64088008   10.8303  0.2600E-07   0.000      0.1894E-02  0.1726E-06 -0.1894E-02   0.000       0.000       0.000       0.000       0.000        0.000       0.000       0.000       0.000       0.000       0.000                            0.1726E-06  0.1726E-06   0.000    
  22204800.0   10.63512899   10.8234  0.2008E-07   0.000      0.1883E-02  0.1664E-06 -0.1883E-02   0.000       0.000       0.000       0.000       0.000        0.000       0.000       0.000       0.000       0.000       0.000                            0.1664E-06  0.1664E-06   0.000    
  22291200.0   10.62948592   10.8167  0.1512E-07   0.000      0.1873E-02  0.1633E-06 -0.1873E-02   0.000       0.000       0.000       0.000       0.000        0.000       0.000       0.000       0.000       0.000       0.000                            0.1633E-06  0.1633E-06   0.000    
  22377600.0   10.62399669   10.8102  0.1015E-07   0.000      0.1862E-02  0.1588E-06 -0.1862E-02   0.000       0.000       0.000       0.000       0.000        0.000       0.000       0.000       0.000       0.000       0.000                            0.1588E-06  0.1588E-06   0.000    
  22464000.0   10.63631750   10.8194  0.6338E-04   0.000      0.1831E-02 -0.3565E-06 -0.1894E-02   0.000       0.000       0.000       0.000       0.000        0.000       0.000       0.000       0.000       0.000       0.000                           -0.3565E-06 -0.3565E-06   0.000    
  22550400.0   10.63130301   10.8163  0.8079E-05   0.000      0.1850E-02  0.1451E-06 -0.1858E-02   0.000       0.000       0.000       0.000       0.000        0.000       0.000       0.000       0.000       0.000       0.000                            0.1451E-06  0.1451E-06   0.000    
  22636800.0   10.62913519   10.8136  0.1712E-04   0.000      0.1845E-02  0.6273E-07 -0.1862E-02   0.000       0.000       0.000       0.000       0.000        0.000       0.000       0.000       0.000       0.000       0.000                            0.6273E-07  0.6273E-07   0.000    
  22723200.0   10.67436382   10.8526  0.1861E-03   0.000      0.1782E-02 -0.1309E-05 -0.1967E-02   0.000       0.000       0.000       0.000       0.000        0.000       0.000       0.000       0.000       0.000       0.000                           -0.1309E-05 -0.1309E-05   0.000    
  22809600.0   10.67319674   10.8588  0.3963E-04   0.000      0.1856E-02  0.3377E-07 -0.1896E-02   0.000       0.000       0.000       0.000       0.000        0.000       0.000       0.000       0.000       0.000       0.000                            0.3377E-07  0.3377E-07   0.000    
  22896000.0   10.66996982   10.8575  0.3045E-04   0.000      0.1876E-02  0.9337E-07 -0.1906E-02   0.000       0.000       0.000       0.000       0.000        0.000       0.000       0.000       0.000       0.000       0.000                            0.9337E-07  0.9337E-07   0.000    
  22982400.0   10.66567101   10.8539  0.2464E-04   0.000      0.1882E-02  0.1244E-06 -0.1907E-02   0.000       0.000       0.000       0.000       0.000        0.000       0.000       0.000       0.000       0.000       0.000                            0.1244E-06  0.1244E-06   0.000    
  23068800.0   10.66088640   10.8492  0.2062E-04   0.000      0.1883E-02  0.1384E-06 -0.1903E-02   0.000       0.000       0.000       0.000       0.000        0.000       0.000       0.000       0.000       0.000       0.000                            0.1384E-06  0.1384E-06   0.000    
  23155200.0   10.65490310   10.8431  0.1471E-04   0.000      0.1882E-02  0.1731E-06 -0.1897E-02   0.000       0.000       0.000       0.000       0.000        0.000       0.000       0.000       0.000       0.000       0.000                            0.1731E-06  0.1731E-06   0.000    
  23241600.0   10.64849461   10.8364  0.1118E-04   0.000      0.1879E-02  0.1854E-06 -0.1890E-02   0.000       0.000       0.000       0.000       0.000        0.000       0.000       0.000       0.000       0.000       0.000                            0.1854E-06  0.1854E-06   0.000    
  23328000.0   10.64173448   10.8291  0.7878E-05   0.000      0.1873E-02  0.1956E-06 -0.1882E-02   0.000       0.000       0.000       0.000       0.000        0.000       0.000       0.000       0.000       0.000       0.000                            0.1956E-06  0.1956E-06   0.000    
  23414400.0   10.63490286   10.8216  0.5992E-05   0.000      0.1867E-02  0.1977E-06 -0.1873E-02   0.000       0.000       0.000       0.000       0.000        0.000       0.000       0.000       0.000       0.000       0.000                            0.1977E-06  0.1977E-06   0.000    
  23500800.0   10.62837113   10.8142  0.5452E-05   0.000      0.1858E-02  0.1890E-06 -0.1864E-02   0.000       0.000       0.000       0.000       0.000        0.000       0.000       0.000       0.000       0.000       0.000                            0.1890E-06  0.1890E-06   0.000    
  23587200.0   10.62203741   10.8070  0.4768E-05   0.000      0.1850E-02  0.1833E-06 -0.1855E-02   0.000       0.000       0.000       0.000       0.000        0.000       0.000       0.000       0.000       0.000       0.000                            0.1833E-06  0.1833E-06   0.000    
  23673600.0   10.61581777   10.7999  0.3867E-05   0.000      0.1841E-02  0.1800E-06 -0.1845E-02   0.000       0.000       0.000       0.000       0.000        0.000       0.000       0.000       0.000       0.000       0.000                            0.1800E-06  0.1800E-06   0.000    
  23760000.0   10.60955910   10.7928  0.2671E-05   0.000      0.1832E-02  0.1811E-06 -0.1835E-02   0.000       0.000       0.000       0.000       0.000        0.000       0.000       0.000       0.000       0.000       0.000                            0.1811E-06  0.1811E-06   0.000    
  23846400.0   10.60343636   10.7857  0.2149E-05   0.000      0.1823E-02  0.1772E-06 -0.1825E-02   0.000       0.000       0.000       0.000       0.000        0.000       0.000       0.000       0.000       0.000       0.000                            0.1772E-06  0.1772E-06   0.000    
  23932800.0   10.59755217   10.7788  0.2040E-05   0.000      0.1813E-02  0.1703E-06 -0.1815E-02   0.000       0.000       0.000       0.000       0.000        0.000       0.000       0.000       0.000       0.000       0.000                            0.1703E-06  0.1703E-06   0.000    
  24019200.0   10.59186314   10.7722  0.1876E-05   0.000      0.1803E-02  0.1646E-06 -0.1805E-02   0.000       0.000       0.000       0.000       0.000        0.000       0.000       0.000       0.000       0.000       0.000                            0.1646E-06  0.1646E-06   0.000    
  24105600.0   10.58635026   10.7657  0.1689E-05   0.000      0.1793E-02  0.1595E-06 -0.1795E-02   0.000       0.000       0.000       0.000       0.000        0.000       0.000       0.000       0.000       0.000       0.000                            0.1595E-06  0.1595E-06   0.000    
  24192000.0   10.58094921   10.7593  0.1396E-05   0.000      0.1783E-02  0.1563E-06 -0.1785E-02   0.000       0.000       0.000       0.000       0.000        0.000       0.000       0.000       0.000       0.000       0.000                            0.1563E-06  0.1563E-06   0.000    
  24278400.0   10.57562692   10.7530  0.1106E-05   0.000      0.1774E-02  0.1540E-06 -0.1775E-02   0.000       0.000       0.000       0.000       0.000        0.000       0.000       0.000       0.000       0.000       0.000                            0.1540E-06  0.1540E-06   0.000    
  24364800.0   10.57043573   10.7468  0.9711E-06   0.000      0.1764E-02  0.1502E-06 -0.1765E-02   0.000       0.000       0.000       0.000       0.000        0.000       0.000       0.000       0.000       0.000       0.000                            0.1502E-06  0.1502E-06   0.000    
  24451200.0   10.56539071   10.7408  0.9261E-06   0.000      0.1754E-02  0.1460E-06 -0.1755E-02   0.000       0.000       0.000       0.000       0.000        0.000       0.000       0.000       0.000       0.000       0.000                            0.1460E-06  0.1460E-06   0.000    
  24537600.0   10.56048461   10.7350  0.8963E-06   0.000      0.1745E-02  0.1420E-06 -0.1746E-02   0.000       0.000       0.000       0.000       0.000        0.000       0.000       0.000       0.000       0.000       0.000                            0.1420E-06  0.1420E-06   0.000    
  24624000.0   10.55571071   10.7292  0.8746E-06   0.000      0.1735E-02  0.1381E-06 -0.1736E-02   0.000       0.000       0.000       0.000       0.000        0.000       0.000       0.000       0.000       0.000       0.000                            0.1381E-06  0.1381E-06   0.000    
  24710400.0   10.55107228   10.7236  0.8376E-06   0.000      0.1726E-02  0.1342E-06 -0.1727E-02   0.000       0.000       0.000       0.000       0.000        0.000       0.000       0.000       0.000       0.000       0.000                            0.1342E-06  0.1342E-06   0.000    
  24796800.0   10.54650896   10.7182  0.8000E-06   0.000      0.1716E-02  0.1320E-06 -0.1717E-02   0.000       0.000       0.000       0.000       0.000        0.000       0.000       0.000       0.000       0.000       0.000                            0.1320E-06  0.1320E-06   0.000    
  24883200.0   10.54227012   10.7130  0.1623E-05   0.000      0.1707E-02  0.1227E-06 -0.1709E-02   0.000       0.000       0.000       0.000       0.000        0.000       0.000       0.000       0.000       0.000       0.000                            0.1227E-06  0.1227E-06   0.000    
  24969600.0   10.54258916   10.7119  0.1812E-04   0.000      0.1693E-02 -0.9231E-08 -0.1711E-02   0.000       0.000       0.000       0.000       0.000        0.000       0.000       0.000       0.000       0.000       0.000                           -0.9231E-08 -0.9231E-08   0.000    
  25056000.0   10.53792478   10.7072  0.1557E-05   0.000      0.1693E-02  0.1350E-06 -0.1694E-02   0.000       0.000       0.000       0.000       0.000        0.000       0.000       0.000       0.000       0.000       0.000                            0.1350E-06  0.1350E-06   0.000    
  25142400.0   10.53339706   10.7020  0.1286E-05   0.000      0.1686E-02  0.1310E-06 -0.1687E-02   0.000       0.000       0.000       0.000       0.000        0.000       0.000       0.000       0.000       0.000       0.000                            0.1310E-06  0.1310E-06   0.000    
  25228800.0   10.53796974   10.7047  0.3416E-04   0.000      0.1667E-02 -0.1323E-06 -0.1701E-02   0.000       0.000       0.000       0.000       0.000        0.000       0.000       0.000       0.000       0.000       0.000                           -0.1323E-06 -0.1323E-06   0.000    
  25315200.0   10.53374981   10.7012  0.5329E-05   0.000      0.1674E-02  0.1221E-06 -0.1680E-02   0.000       0.000       0.000       0.000       0.000        0.000       0.000       0.000       0.000       0.000       0.000                            0.1221E-06  0.1221E-06   0.000    
  25401600.0   10.53431988   10.7008  0.2207E-04   0.000      0.1665E-02 -0.1649E-07 -0.1687E-02   0.000       0.000       0.000       0.000       0.000        0.000       0.000       0.000       0.000       0.000       0.000                           -0.1649E-07 -0.1649E-07   0.000    
  25488000.0   10.53445657   10.7006  0.2181E-04   0.000      0.1662E-02 -0.3955E-08 -0.1684E-02   0.000       0.000       0.000       0.000       0.000        0.000       0.000       0.000       0.000       0.000       0.000                           -0.3955E-08 -0.3955E-08   0.000    
  25574400.0   10.53750877   10.7031  0.3351E-04   0.000      0.1656E-02 -0.8832E-07 -0.1690E-02   0.000       0.000       0.000       0.000       0.000        0.000       0.000       0.000       0.000       0.000       0.000                           -0.8832E-07 -0.8832E-07   0.000    
  25660800.0   10.53381681   10.7002  0.1092E-04   0.000      0.1664E-02  0.1068E-06 -0.1675E-02   0.000       0.000       0.000       0.000       0.000        0.000       0.000       0.000       0.000       0.000       0.000                            0.1068E-06  0.1068E-06   0.000    
  25747200.0   10.54063054   10.7056  0.4841E-04   0.000      0.1649E-02 -0.1972E-06 -0.1698E-02   0.000       0.000       0.000       0.000       0.000        0.000       0.000       0.000       0.000       0.000       0.000                           -0.1972E-06 -0.1972E-06   0.000    
  25833600.0   10.57853004   10.7400  0.1657E-03   0.000      0.1614E-02 -0.1097E-05 -0.1779E-02   0.000       0.000       0.000       0.000       0.000        0.000       0.000       0.000       0.000       0.000       0.000                           -0.1097E-05 -0.1097E-05   0.000    
  25920000.0   10.62951774   10.7915  0.2282E-03   0.000      0.1620E-02 -0.1475E-05 -0.1847E-02   0.000       0.000       0.000       0.000       0.000        0.000       0.000       0.000       0.000       0.000       0.000                           -0.1475E-05 -0.1475E-05   0.000    
  26006400.0   10.68114753   10.8473  0.2474E-03   0.000      0.1661E-02 -0.1494E-05 -0.1907E-02   0.000       0.000       0.000       0.000       0.000        0.000       0.000       0.000       0.000       0.000       0.000                           -0.1494E-05 -0.1494E-05   0.000    
  26092800.0   10.69548383   10.8716  0.1305E-03   0.000      0.1761E-02 -0.4148E-06 -0.1891E-02   0.000       0.000       0.000       0.000       0.000        0.000       0.000       0.000       0.000       0.000       0.000                           -0.4148E-06 -0.4148E-06   0.000    
  26179200.0   10.69109224   10.8740  0.6398E-04   0.000      0.1829E-02  0.1271E-06 -0.1893E-02   0.000       0.000       0.000       0.000       0.000        0.000       0.000       0.000       0.000       0.000       0.000                            0.1271E-06  0.1271E-06   0.000    
  26265600.0   10.68279356   10.8687  0.4330E-04   0.000      0.1859E-02  0.2401E-06 -0.1902E-02   0.000       0.000       0.000       0.000       0.000        0.000       0.000       0.000       0.000       0.000       0.000                            0.2401E-06  0.2401E-06   0.000    
  26352000.0   10.67336388   10.8605  0.3264E-04   0.000      0.1872E-02  0.2728E-06 -0.1905E-02   0.000       0.000       0.000       0.000       0.000        0.000       0.000       0.000       0.000       0.000       0.000                            0.2728E-06  0.2728E-06   0.000    
  26438400.0   10.66374408   10.8514  0.2609E-04   0.000      0.1877E-02  0.2784E-06 -0.1903E-02   0.000       0.000       0.000       0.000       0.000        0.000       0.000       0.000       0.000       0.000       0.000                            0.2784E-06  0.2784E-06   0.000    
  26524800.0   10.65416988   10.8418  0.2122E-04   0.000      0.1877E-02  0.2770E-06 -0.1898E-02   0.000       0.000       0.000       0.000       0.000        0.000       0.000       0.000       0.000       0.000       0.000                            0.2770E-06  0.2770E-06   0.000    
  26611200.0   10.64440672   10.8318  0.1624E-04   0.000      0.1874E-02  0.2825E-06 -0.1891E-02   0.000       0.000       0.000       0.000       0.000        0.000       0.000       0.000       0.000       0.000       0.000                            0.2825E-06  0.2825E-06   0.000    
  26697600.0   10.63516641   10.8220  0.1423E-04   0.000      0.1868E-02  0.2674E-06 -0.1883E-02   0.000       0.000       0.000       0.000       0.000        0.000       0.000       0.000       0.000       0.000       0.000                            0.2674E-06  0.2674E-06   0.000    
  26784000.0   10.62627750   10.8124  0.1221E-04   0.000      0.1861E-02  0.2572E-06 -0.1874E-02   0.000       0.000       0.000       0.000       0.000        0.000       0.000       0.000       0.000       0.000       0.000                            0.2572E-06  0.2572E-06   0.000    
  26870400.0   10.65408231   10.8350  0.1406E-03   0.000      0.1809E-02 -0.8045E-06 -0.1949E-02   0.000       0.000       0.000       0.000       0.000        0.000       0.000       0.000       0.000       0.000       0.000                           -0.8045E-06 -0.8045E-06   0.000    
  26956800.0   10.67198038   10.8549  0.1169E-03   0.000      0.1830E-02 -0.5179E-06 -0.1946E-02   0.000       0.000       0.000       0.000       0.000        0.000       0.000       0.000       0.000       0.000       0.000                           -0.5179E-06 -0.5179E-06   0.000    
  27043200.0   10.68907957   10.8740  0.1202E-03   0.000      0.1850E-02 -0.4948E-06 -0.1969E-02   0.000       0.000       0.000       0.000       0.000        0.000       0.000       0.000       0.000       0.000       0.000                           -0.4948E-06 -0.4948E-06   0.000    
  27129600.0   10.69482616   10.8832  0.8488E-04   0.000      0.1884E-02 -0.1663E-06 -0.1969E-02   0.000       0.000       0.000       0.000       0.000        0.000       0.000       0.000       0.000       0.000       0.000                           -0.1663E-06 -0.1663E-06   0.000    
  27216000.0   10.70472477   10.8943  0.9981E-04   0.000      0.1896E-02 -0.2864E-06 -0.1995E-02   0.000       0.000       0.000       0.000       0.000        0.000       0.000       0.000       0.000       0.000       0.000                           -0.2864E-06 -0.2864E-06   0.000    
  27302400.0   10.72889393   10.9182  0.1516E-03   0.000      0.1893E-02 -0.6993E-06 -0.2044E-02   0.000       0.000       0.000       0.000       0.000        0.000       0.000       0.000       0.000       0.000       0.000                           -0.6993E-06 -0.6993E-06   0.000    
  27388800.0   10.77624262   10.9648  0.2387E-03   0.000      0.1886E-02 -0.1370E-05 -0.2123E-02   0.000       0.000       0.000       0.000       0.000        0.000       0.000       0.000       0.000       0.000       0.000                           -0.1370E-05 -0.1370E-05   0.000    
  27475200.0   10.81798131   11.0109  0.2320E-03   0.000      0.1929E-02 -0.1208E-05 -0.2160E-02   0.000       0.000       0.000       0.000       0.000        0.000       0.000       0.000       0.000       0.000       0.000                           -0.1208E-05 -0.1208E-05   0.000    
  27561600.0   10.81612554   11.0192  0.9156E-04   0.000      0.2031E-02  0.5370E-07 -0.2122E-02   0.000       0.000       0.000       0.000       0.000        0.000       0.000       0.000       0.000       0.000       0.000                            0.5370E-07  0.5370E-07   0.000    
  27648000.0   10.80734384   11.0146  0.6203E-04   0.000      0.2073E-02  0.2541E-06 -0.2135E-02   0.000       0.000       0.000       0.000       0.000        0.000       0.000       0.000       0.000       0.000       0.000                            0.2541E-06  0.2541E-06   0.000    
  27734400.0   10.79487582   11.0041  0.4240E-04   0.000      0.2093E-02  0.3608E-06 -0.2135E-02   0.000       0.000       0.000       0.000       0.000        0.000       0.000       0.000       0.000       0.000       0.000                            0.3608E-06  0.3608E-06   0.000    
  27820800.0   10.78379924   10.9934  0.4054E-04   0.000      0.2096E-02  0.3205E-06 -0.2137E-02   0.000       0.000       0.000       0.000       0.000        0.000       0.000       0.000       0.000       0.000       0.000                            0.3205E-06  0.3205E-06   0.000    
  27907200.0   10.77514992   10.9845  0.4366E-04   0.000      0.2094E-02  0.2503E-06 -0.2138E-02   0.000       0.000       0.000       0.000       0.000        0.000       0.000       0.000       0.000       0.000       0.000                            0.2503E-06  0.2503E-06   0.000    
  27993600.0   10.79555903   11.0011  0.1404E-03   0.000      0.2056E-02 -0.5905E-06 -0.2195E-02   0.000       0.000       0.000       0.000       0.000        0.000       0.000       0.000       0.000       0.000       0.000                           -0.5905E-06 -0.5905E-06   0.000    
  28080000.0   10.82665634   11.0317  0.1835E-03   0.000      0.2050E-02 -0.8998E-06 -0.2233E-02   0.000       0.000       0.000       0.000       0.000        0.000       0.000       0.000       0.000       0.000       0.000                           -0.8998E-06 -0.8998E-06   0.000    
  28166400.0   10.84340054   11.0525  0.1430E-03   0.000      0.2091E-02 -0.4845E-06 -0.2234E-02   0.000       0.000       0.000       0.000       0.000        0.000       0.000       0.000       0.000       0.000       0.000                           -0.4845E-06 -0.4845E-06   0.000    
  28252800.0   10.83680499   11.0515  0.6613E-04   0.000      0.2147E-02  0.1908E-06 -0.2213E-02   0.000       0.000       0.000       0.000       0.000        0.000       0.000       0.000       0.000       0.000       0.000                            0.1908E-06  0.1908E-06   0.000    
  28339200.0   10.82523065   11.0421  0.4427E-04   0.000      0.2168E-02  0.3349E-06 -0.2213E-02   0.000       0.000       0.000       0.000       0.000        0.000       0.000       0.000       0.000       0.000       0.000                            0.3349E-06  0.3349E-06   0.000    
  28425600.0   10.81211819   11.0295  0.3320E-04   0.000      0.2174E-02  0.3794E-06 -0.2208E-02   0.000       0.000       0.000       0.000       0.000        0.000       0.000       0.000       0.000       0.000       0.000                            0.3794E-06  0.3794E-06   0.000    
  28512000.0   10.79864321   11.0159  0.2639E-04   0.000      0.2172E-02  0.3899E-06 -0.2199E-02   0.000       0.000       0.000       0.000       0.000        0.000       0.000       0.000       0.000       0.000       0.000                            0.3899E-06  0.3899E-06   0.000    
  28598400.0   10.78521693   11.0018  0.2179E-04   0.000      0.2166E-02  0.3885E-06 -0.2188E-02   0.000       0.000       0.000       0.000       0.000        0.000       0.000       0.000       0.000       0.000       0.000                            0.3885E-06  0.3885E-06   0.000    
  28684800.0   10.77209064   10.9877  0.1847E-04   0.000      0.2156E-02  0.3798E-06 -0.2175E-02   0.000       0.000       0.000       0.000       0.000        0.000       0.000       0.000       0.000       0.000       0.000                            0.3798E-06  0.3798E-06   0.000    
  28771200.0   10.75934076   10.9739  0.1586E-04   0.000      0.2145E-02  0.3689E-06 -0.2161E-02   0.000       0.000       0.000       0.000       0.000        0.000       0.000       0.000       0.000       0.000       0.000                            0.3689E-06  0.3689E-06   0.000    
  28857600.0   10.74703222   10.9603  0.1386E-04   0.000      0.2133E-02  0.3561E-06 -0.2147E-02   0.000       0.000       0.000       0.000       0.000        0.000       0.000       0.000       0.000       0.000       0.000                            0.3561E-06  0.3561E-06   0.000    
  28944000.0   10.73505159   10.9470  0.1180E-04   0.000      0.2119E-02  0.3467E-06 -0.2131E-02   0.000       0.000       0.000       0.000       0.000        0.000       0.000       0.000       0.000       0.000       0.000                            0.3467E-06  0.3467E-06   0.000    
  29030400.0   10.72336727   10.9339  0.9852E-05   0.000      0.2105E-02  0.3381E-06 -0.2115E-02   0.000       0.000       0.000       0.000       0.000        0.000       0.000       0.000       0.000       0.000       0.000                            0.3381E-06  0.3381E-06   0.000    
  29116800.0   10.71212312   10.9211  0.8600E-05   0.000      0.2090E-02  0.3254E-06 -0.2099E-02   0.000       0.000       0.000       0.000       0.000        0.000       0.000       0.000       0.000       0.000       0.000                            0.3254E-06  0.3254E-06   0.000    
  29203200.0   10.70109966   10.9086  0.7009E-05   0.000      0.2075E-02  0.3190E-06 -0.2082E-02   0.000       0.000       0.000       0.000       0.000        0.000       0.000       0.000       0.000       0.000       0.000                            0.3190E-06  0.3190E-06   0.000    
  29289600.0   10.69051245   10.8964  0.6239E-05   0.000      0.2059E-02  0.3063E-06 -0.2065E-02   0.000       0.000       0.000       0.000       0.000        0.000       0.000       0.000       0.000       0.000       0.000                            0.3063E-06  0.3063E-06   0.000    
  29376000.0   10.68040739   10.8847  0.5830E-05   0.000      0.2043E-02  0.2924E-06 -0.2049E-02   0.000       0.000       0.000       0.000       0.000        0.000       0.000       0.000       0.000       0.000       0.000                            0.2924E-06  0.2924E-06   0.000    
  29462400.0   10.67077706   10.8734  0.5482E-05   0.000      0.2026E-02  0.2787E-06 -0.2032E-02   0.000       0.000       0.000       0.000       0.000        0.000       0.000       0.000       0.000       0.000       0.000                            0.2787E-06  0.2787E-06   0.000    
  29548800.0   10.66148787   10.8625  0.5023E-05   0.000      0.2010E-02  0.2688E-06 -0.2016E-02   0.000       0.000       0.000       0.000       0.000        0.000       0.000       0.000       0.000       0.000       0.000                            0.2688E-06  0.2688E-06   0.000    
  29635200.0   10.65251260   10.8520  0.4531E-05   0.000      0.1995E-02  0.2597E-06 -0.1999E-02   0.000       0.000       0.000       0.000       0.000        0.000       0.000       0.000       0.000       0.000       0.000                            0.2597E-06  0.2597E-06   0.000    
  29721600.0   10.64385815   10.8417  0.4162E-05   0.000      0.1979E-02  0.2504E-06 -0.1983E-02   0.000       0.000       0.000       0.000       0.000        0.000       0.000       0.000       0.000       0.000       0.000                            0.2504E-06  0.2504E-06   0.000    
  29808000.0   10.63542347   10.8317  0.3533E-05   0.000      0.1963E-02  0.2441E-06 -0.1967E-02   0.000       0.000       0.000       0.000       0.000        0.000       0.000       0.000       0.000       0.000       0.000                            0.2441E-06  0.2441E-06   0.000    
  29894400.0   10.62724375   10.8220  0.3091E-05   0.000      0.1947E-02  0.2367E-06 -0.1951E-02   0.000       0.000       0.000       0.000       0.000        0.000       0.000       0.000       0.000       0.000       0.000                            0.2367E-06  0.2367E-06   0.000    
  29980800.0   10.61930718   10.8125  0.2684E-05   0.000      0.1932E-02  0.2296E-06 -0.1935E-02   0.000       0.000       0.000       0.000       0.000        0.000       0.000       0.000       0.000       0.000       0.000                            0.2296E-06  0.2296E-06   0.000    
  30067200.0   10.61167872   10.8033  0.2584E-05   0.000      0.1917E-02  0.2207E-06 -0.1919E-02   0.000       0.000       0.000       0.000       0.000        0.000       0.000       0.000       0.000       0.000       0.000                            0.2207E-06  0.2207E-06   0.000    
  30153600.0   10.60431983   10.7945  0.2445E-05   0.000      0.1901E-02  0.2129E-06 -0.1904E-02   0.000       0.000       0.000       0.000       0.000        0.000       0.000       0.000       0.000       0.000       0.000                            0.2129E-06  0.2129E-06   0.000    
  30240000.0   10.59722031   10.7859  0.2350E-05   0.000      0.1886E-02  0.2054E-06 -0.1889E-02   0.000       0.000       0.000       0.000       0.000        0.000       0.000       0.000       0.000       0.000       0.000                            0.2054E-06  0.2054E-06   0.000    
  30326400.0   10.59032856   10.7775  0.2142E-05   0.000      0.1872E-02  0.1994E-06 -0.1874E-02   0.000       0.000       0.000       0.000       0.000        0.000       0.000       0.000       0.000       0.000       0.000                            0.1994E-06  0.1994E-06   0.000    
  30412800.0   10.58364783   10.7694  0.1997E-05   0.000      0.1857E-02  0.1933E-06 -0.1860E-02   0.000       0.000       0.000       0.000       0.000        0.000       0.000       0.000       0.000       0.000       0.000                            0.1933E-06  0.1933E-06   0.000    
  30499200.0   10.57718533   10.7615  0.1931E-05   0.000      0.1843E-02  0.1870E-06 -0.1845E-02   0.000       0.000       0.000       0.000       0.000        0.000       0.000       0.000       0.000       0.000       0.000                            0.1870E-06  0.1870E-06   0.000    
  30585600.0   10.57091699   10.7538  0.1835E-05   0.000      0.1829E-02  0.1814E-06 -0.1831E-02   0.000       0.000       0.000       0.000       0.000        0.000       0.000       0.000       0.000       0.000       0.000                            0.1814E-06  0.1814E-06   0.000    
  30672000.0   10.56484314   10.7464  0.1786E-05   0.000      0.1815E-02  0.1757E-06 -0.1817E-02   0.000       0.000       0.000       0.000       0.000        0.000       0.000       0.000       0.000       0.000       0.000                            0.1757E-06  0.1757E-06   0.000    
  30758400.0   10.55895258   10.7391  0.1743E-05   0.000      0.1802E-02  0.1704E-06 -0.1804E-02   0.000       0.000       0.000       0.000       0.000        0.000       0.000       0.000       0.000       0.000       0.000                            0.1704E-06  0.1704E-06   0.000    
  30844800.0   10.55323452   10.7321  0.1701E-05   0.000      0.1789E-02  0.1655E-06 -0.1790E-02   0.000       0.000       0.000       0.000       0.000        0.000       0.000       0.000       0.000       0.000       0.000                            0.1655E-06  0.1655E-06   0.000    
  30931200.0   10.54766907   10.7252  0.1623E-05   0.000      0.1776E-02  0.1610E-06 -0.1777E-02   0.000       0.000       0.000       0.000       0.000        0.000       0.000       0.000       0.000       0.000       0.000                            0.1610E-06  0.1610E-06   0.000    
  31017600.0   10.54225036   10.7185  0.1552E-05   0.000      0.1763E-02  0.1568E-06 -0.1765E-02   0.000       0.000       0.000       0.000       0.000        0.000       0.000       0.000       0.000       0.000       0.000                            0.1568E-06  0.1568E-06   0.000    
  31104000.0   10.53698251   10.7120  0.1522E-05   0.000      0.1750E-02  0.1524E-06 -0.1752E-02   0.000       0.000       0.000       0.000       0.000        0.000       0.000       0.000       0.000       0.000       0.000                            0.1524E-06  0.1524E-06   0.000    
  31190400.0   10.53185764   10.7056  0.1494E-05   0.000      0.1738E-02  0.1483E-06 -0.1740E-02   0.000       0.000       0.000       0.000       0.000        0.000       0.000       0.000       0.000       0.000       0.000                            0.1483E-06  0.1483E-06   0.000    
  31276800.0   10.52767756   10.7002  0.4505E-05   0.000      0.1725E-02  0.1210E-06 -0.1730E-02   0.000       0.000       0.000       0.000       0.000        0.000       0.000       0.000       0.000       0.000       0.000                            0.1210E-06  0.1210E-06   0.000    
  31363200.0   10.52271830   10.6942  0.1572E-05   0.000      0.1715E-02  0.1435E-06 -0.1716E-02   0.000       0.000       0.000       0.000       0.000        0.000       0.000       0.000       0.000       0.000       0.000                            0.1435E-06  0.1435E-06   0.000    
  31449600.0   10.51790170   10.6882  0.1542E-05   0.000      0.1703E-02  0.1394E-06 -0.1705E-02   0.000       0.000       0.000       0.000       0.000        0.000       0.000       0.000       0.000       0.000       0.000                            0.1394E-06  0.1394E-06   0.000    
  31536000.0   10.51321301   10.6824  0.1513E-05   0.000      0.1692E-02  0.1357E-06 -0.1694E-02   0.000       0.000       0.000       0.000       0.000        0.000       0.000       0.000       0.000       0.000       0.000                            0.1357E-06  0.1357E-06   0.000    
  31622400.0   10.50823330   10.6764   0.000       0.000      0.1681E-02  0.1441E-06 -0.1682E-02   0.000       0.000       0.000       0.000       0.000        0.000       0.000       0.000       0.000       0.000       0.000                            0.1441E-06  0.1441E-06   0.000    
