   TOTIM (T)          HCON      HMAT     QDIR      QWELL        QMAT QCADS<->CON       QTUB1       QTUB2       QTUB3       QTUB4       QTUB5       QTUB6       NSTOR        QFIX        QLH     FHLQ (LQ)      CAUCHY CAUCHY (LQ) BREAK-DOWN CADS FLOW  QCADS<->CON    Q_CDSSTO    Q_CDSRCH
     86400.0   10.79950595   11.0294   0.000       0.000      0.2299E-02   0.000     -0.2000E-01  0.1770E-01   0.000       0.000       0.000       0.000        0.000       0.000       0.000       0.000       0.000       0.000                             0.000       0.000       0.000    
    172800.0   10.78189332   11.0105   0.000       0.000      0.2286E-02  0.1019E-05 -0.1988E-01  0.1759E-01   0.000       0.000       0.000       0.000        0.000       0.000       0.000       0.000       0.000       0.000                            0.1019E-05  0.1019E-05   0.000    
    259200.0   10.78224370   11.0107   0.000       0.000      0.2285E-02 -0.2028E-07 -0.1988E-01  0.1760E-01   0.000       0.000       0.000       0.000        0.000       0.000       0.000       0.000       0.000       0.000                           -0.2028E-07 -0.2028E-07   0.000    
    345600.0   10.78063933   11.0089   0.000       0.000      0.2282E-02  0.9285E-07 -0.1986E-01  0.1758E-01   0.000       0.000       0.000       0.000        0.000       0.000       0.000       0.000       0.000       0.000                            0.9285E-07  0.9285E-07   0.000    
    432000.0   10.79239774   11.0214   0.000       0.000      0.2290E-02 -0.6805E-06 -0.1993E-01  0.1764E-01   0.000       0.000       0.000       0.000        0.000       0.000       0.000       0.000       0.000       0.000                           -0.6805E-06 -0.6805E-06   0.000    
    518400.0   10.79938343   11.0289   0.000       0.000      0.2296E-02 -0.4043E-06 -0.1997E-01  0.1767E-01   0.000       0.000       0.000       0.000        0.000       0.000       0.000       0.000       0.000       0.000                           -0.4043E-06 -0.4043E-06   0.000    
    604800.0   10.80143203   11.0312   0.000       0.000      0.2298E-02 -0.1186E-06 -0.1999E-01  0.1769E-01   0.000       0.000       0.000       0.000        0.000       0.000       0.000       0.000       0.000       0.000                           -0.1186E-06 -0.1186E-06   0.000    
    691200.0   10.81946396   11.0506   0.000       0.000      0.2312E-02 -0.1044E-05 -0.2011E-01  0.1780E-01   0.000       0.000       0.000       0.000        0.000       0.000       0.000       0.000       0.000       0.000                           -0.1044E-05 -0.1044E-05   0.000    
    777600.0   10.86849624   11.1033   0.000       0.000      0.2348E-02 -0.2838E-05 -0.2043E-01  0.1809E-01   0.000       0.000       0.000       0.000        0.000       0.000       0.000       0.000       0.000       0.000                           -0.2838E-05 -0.2838E-05   0.000    
    864000.0   10.94073813   11.1809   0.000       0.000      0.2402E-02 -0.4181E-05 -0.2089E-01  0.1849E-01   0.000       0.000       0.000       0.000        0.000       0.000       0.000       0.000       0.000       0.000                           -0.4181E-05 -0.4181E-05   0.000    
    950400.0   10.97331724   11.2166   0.000       0.000      0.2433E-02 -0.1885E-05 -0.2111E-01  0.1868E-01   0.000       0.000       0.000       0.000        0.000       0.000       0.000       0.000       0.000       0.000                           -0.1885E-05 -0.1885E-05   0.000    
   1036800.0   11.05186645   11.3009   0.000       0.000      0.2490E-02 -0.4546E-05 -0.2165E-01  0.1916E-01   0.000       0.000       0.000       0.000        0.000       0.000       0.000       0.000       0.000       0.000                           -0.4546E-05 -0.4546E-05   0.000    
   1123200.0   11.19327653   11.4516   0.000       0.000      0.2583E-02 -0.8183E-05 -0.2247E-01  0.1990E-01   0.000       0.000       0.000       0.000        0.000       0.000       0.000       0.000       0.000       0.000                           -0.8183E-05 -0.8183E-05   0.000    
   1209600.0   11.17600736   11.4354   0.000       0.000      0.2594E-02  0.9994E-06 -0.2245E-01  0.1985E-01   0.000       0.000       0.000       0.000        0.000       0.000       0.000       0.000       0.000       0.000                            0.9994E-06  0.9994E-06   0.000    
   1296000.0   11.15515319   11.4146   0.000       0.000      0.2595E-02  0.1207E-05 -0.2252E-01  0.1993E-01   0.000       0.000       0.000       0.000        0.000       0.000       0.000       0.000       0.000       0.000                            0.1207E-05  0.1207E-05   0.000    
   1382400.0   11.13410299   11.3931   0.000       0.000      0.2590E-02  0.1218E-05 -0.2251E-01  0.1992E-01   0.000       0.000       0.000       0.000        0.000       0.000       0.000       0.000       0.000       0.000                            0.1218E-05  0.1218E-05   0.000    
   1468800.0   11.11322164   11.3714   0.000       0.000      0.2582E-02  0.1208E-05 -0.2247E-01  0.1989E-01   0.000       0.000       0.000       0.000        0.000       0.000       0.000       0.000       0.000       0.000                            0.1208E-05  0.1208E-05   0.000    
   1555200.0   11.09084422   11.3479   0.000       0.000      0.2571E-02  0.1295E-05 -0.2240E-01  0.1982E-01   0.000       0.000       0.000       0.000        0.000       0.000       0.000       0.000       0.000       0.000                            0.1295E-05  0.1295E-05   0.000    
   1641600.0   11.06836685   11.3241   0.000       0.000      0.2558E-02  0.1301E-05 -0.2230E-01  0.1975E-01   0.000       0.000       0.000       0.000        0.000       0.000       0.000       0.000       0.000       0.000                            0.1301E-05  0.1301E-05   0.000    
   1728000.0   11.04931625   11.3039   0.000       0.000      0.2545E-02  0.1102E-05 -0.2222E-01  0.1967E-01   0.000       0.000       0.000       0.000        0.000       0.000       0.000       0.000       0.000       0.000                            0.1102E-05  0.1102E-05   0.000    
   1814400.0   11.03253956   11.2860   0.000       0.000      0.2534E-02  0.9709E-06 -0.2214E-01  0.1960E-01   0.000       0.000       0.000       0.000        0.000       0.000       0.000       0.000       0.000       0.000                            0.9709E-06  0.9709E-06   0.000    
   1900800.0   11.01383466   11.2659   0.000       0.000      0.2521E-02  0.1082E-05 -0.2203E-01  0.1951E-01   0.000       0.000       0.000       0.000        0.000       0.000       0.000       0.000       0.000       0.000                            0.1082E-05  0.1082E-05   0.000    
   1987200.0   10.99661948   11.2475   0.000       0.000      0.2509E-02  0.9962E-06 -0.2193E-01  0.1942E-01   0.000       0.000       0.000       0.000        0.000       0.000       0.000       0.000       0.000       0.000                            0.9962E-06  0.9962E-06   0.000    
   2073600.0   10.98243452   11.2322   0.000       0.000      0.2497E-02  0.8209E-06 -0.2185E-01  0.1935E-01   0.000       0.000       0.000       0.000        0.000       0.000       0.000       0.000       0.000       0.000                            0.8209E-06  0.8209E-06   0.000    
   2160000.0   10.96599891   11.2145   0.000       0.000      0.2485E-02  0.9511E-06 -0.2174E-01  0.1925E-01   0.000       0.000       0.000       0.000        0.000       0.000       0.000       0.000       0.000       0.000                            0.9511E-06  0.9511E-06   0.000    
   2246400.0   10.94975103   11.1969   0.000       0.000      0.2472E-02  0.9403E-06 -0.2163E-01  0.1916E-01   0.000       0.000       0.000       0.000        0.000       0.000       0.000       0.000       0.000       0.000                            0.9403E-06  0.9403E-06   0.000    
   2332800.0   10.93394017   11.1798   0.000       0.000      0.2459E-02  0.9150E-06 -0.2152E-01  0.1906E-01   0.000       0.000       0.000       0.000        0.000       0.000       0.000       0.000       0.000       0.000                            0.9150E-06  0.9150E-06   0.000    
   2419200.0   10.91851988   11.1631   0.000       0.000      0.2446E-02  0.8924E-06 -0.2141E-01  0.1897E-01   0.000       0.000       0.000       0.000        0.000       0.000       0.000       0.000       0.000       0.000                            0.8924E-06  0.8924E-06   0.000    
   2505600.0   10.91156529   11.1553   0.000       0.000      0.2438E-02  0.4025E-06 -0.2135E-01  0.1891E-01   0.000       0.000       0.000       0.000        0.000       0.000       0.000       0.000       0.000       0.000                            0.4025E-06  0.4025E-06   0.000    
   2592000.0   10.90139735   11.1443   0.000       0.000      0.2429E-02  0.5884E-06 -0.2126E-01  0.1883E-01   0.000       0.000       0.000       0.000        0.000       0.000       0.000       0.000       0.000       0.000                            0.5884E-06  0.5884E-06   0.000    
   2678400.0   10.92041801   11.1643   0.000       0.000      0.2439E-02 -0.1101E-05 -0.2137E-01  0.1893E-01   0.000       0.000       0.000       0.000        0.000       0.000       0.000       0.000       0.000       0.000                           -0.1101E-05 -0.1101E-05   0.000    
   2764800.0   10.99614741   11.2448   0.000       0.000      0.2487E-02 -0.4382E-05 -0.2179E-01  0.1931E-01   0.000       0.000       0.000       0.000        0.000       0.000       0.000       0.000       0.000       0.000                           -0.4382E-05 -0.4382E-05   0.000    
   2851200.0   11.18235350   11.4426   0.000       0.000      0.2602E-02 -0.1078E-04 -0.2281E-01  0.2022E-01   0.000       0.000       0.000       0.000        0.000       0.000       0.000       0.000       0.000       0.000                           -0.1078E-04 -0.1078E-04   0.000    
   2937600.0   11.14872917   11.4090   0.000       0.000      0.2603E-02  0.1946E-05 -0.2263E-01  0.2002E-01   0.000       0.000       0.000       0.000        0.000       0.000       0.000       0.000       0.000       0.000                            0.1946E-05  0.1946E-05   0.000    
   3024000.0   11.15567643   11.4174   0.000       0.000      0.2617E-02 -0.4020E-06 -0.2285E-01  0.2024E-01   0.000       0.000       0.000       0.000        0.000       0.000       0.000       0.000       0.000       0.000                           -0.4020E-06 -0.4020E-06   0.000    
   3110400.0   11.15741478   11.4199   0.000       0.000      0.2625E-02 -0.1006E-06 -0.2293E-01  0.2030E-01   0.000       0.000       0.000       0.000        0.000       0.000       0.000       0.000       0.000       0.000                           -0.1006E-06 -0.1006E-06   0.000    
   3196800.0   11.14555864   11.4079   0.000       0.000      0.2623E-02  0.6861E-06 -0.2292E-01  0.2029E-01   0.000       0.000       0.000       0.000        0.000       0.000       0.000       0.000       0.000       0.000                            0.6861E-06  0.6861E-06   0.000    
   3283200.0   11.12745960   11.3891   0.000       0.000      0.2616E-02  0.1047E-05 -0.2287E-01  0.2025E-01   0.000       0.000       0.000       0.000        0.000       0.000       0.000       0.000       0.000       0.000                            0.1047E-05  0.1047E-05   0.000    
   3369600.0   11.13018983   11.3921   0.000       0.000      0.2619E-02 -0.1580E-06 -0.2292E-01  0.2030E-01   0.000       0.000       0.000       0.000        0.000       0.000       0.000       0.000       0.000       0.000                           -0.1580E-06 -0.1580E-06   0.000    
   3456000.0   11.14494234   11.4078   0.000       0.000      0.2629E-02 -0.8537E-06 -0.2301E-01  0.2039E-01   0.000       0.000       0.000       0.000        0.000       0.000       0.000       0.000       0.000       0.000                           -0.8537E-06 -0.8537E-06   0.000    
   3542400.0   11.16799310   11.4325   0.000       0.000      0.2645E-02 -0.1334E-05 -0.2316E-01  0.2051E-01   0.000       0.000       0.000       0.000        0.000       0.000       0.000       0.000       0.000       0.000                           -0.1334E-05 -0.1334E-05   0.000    
   3628800.0   11.17664642   11.4421   0.000       0.000      0.2654E-02 -0.5008E-06 -0.2323E-01  0.2058E-01   0.000       0.000       0.000       0.000        0.000       0.000       0.000       0.000       0.000       0.000                           -0.5008E-06 -0.5008E-06   0.000    
   3715200.0   11.16497829   11.4302   0.000       0.000      0.2652E-02  0.6752E-06 -0.2321E-01  0.2056E-01   0.000       0.000       0.000       0.000        0.000       0.000       0.000       0.000       0.000       0.000                            0.6752E-06  0.6752E-06   0.000    
   3801600.0   11.16874538   11.4344   0.000       0.000      0.2656E-02 -0.2180E-06 -0.2327E-01  0.2062E-01   0.000       0.000       0.000       0.000        0.000       0.000       0.000       0.000       0.000       0.000                           -0.2180E-06 -0.2180E-06   0.000    
   3888000.0   11.18169299   11.4483   0.000       0.000      0.2666E-02 -0.7493E-06 -0.2336E-01  0.2070E-01   0.000       0.000       0.000       0.000        0.000       0.000       0.000       0.000       0.000       0.000                           -0.7493E-06 -0.7493E-06   0.000    
   3974400.0   11.21075578   11.4792   0.000       0.000      0.2685E-02 -0.1682E-05 -0.2353E-01  0.2085E-01   0.000       0.000       0.000       0.000        0.000       0.000       0.000       0.000       0.000       0.000                           -0.1682E-05 -0.1682E-05   0.000    
   4060800.0   11.23424228   11.5045   0.000       0.000      0.2702E-02 -0.1359E-05 -0.2368E-01  0.2098E-01   0.000       0.000       0.000       0.000        0.000       0.000       0.000       0.000       0.000       0.000                           -0.1359E-05 -0.1359E-05   0.000    
   4147200.0   11.22254630   11.4927   0.000       0.000      0.2702E-02  0.6769E-06 -0.2366E-01  0.2096E-01   0.000       0.000       0.000       0.000        0.000       0.000       0.000       0.000       0.000       0.000                            0.6769E-06  0.6769E-06   0.000    
   4233600.0   11.20412777   11.4736   0.000       0.000      0.2695E-02  0.1066E-05 -0.2361E-01  0.2092E-01   0.000       0.000       0.000       0.000        0.000       0.000       0.000       0.000       0.000       0.000                            0.1066E-05  0.1066E-05   0.000    
   4320000.0   11.18872376   11.4575   0.000       0.000      0.2687E-02  0.8914E-06 -0.2357E-01  0.2088E-01   0.000       0.000       0.000       0.000        0.000       0.000       0.000       0.000       0.000       0.000                            0.8914E-06  0.8914E-06   0.000    
   4406400.0   11.17217636   11.4400   0.000       0.000      0.2678E-02  0.9576E-06 -0.2350E-01  0.2082E-01   0.000       0.000       0.000       0.000        0.000       0.000       0.000       0.000       0.000       0.000                            0.9576E-06  0.9576E-06   0.000    
   4492800.0   11.15893100   11.4260   0.000       0.000      0.2670E-02  0.7665E-06 -0.2344E-01  0.2077E-01   0.000       0.000       0.000       0.000        0.000       0.000       0.000       0.000       0.000       0.000                            0.7665E-06  0.7665E-06   0.000    
   4579200.0   11.14176627   11.4077   0.000       0.000      0.2660E-02  0.9933E-06 -0.2335E-01  0.2069E-01   0.000       0.000       0.000       0.000        0.000       0.000       0.000       0.000       0.000       0.000                            0.9933E-06  0.9933E-06   0.000    
   4665600.0   11.12362583   11.3884   0.000       0.000      0.2648E-02  0.1050E-05 -0.2325E-01  0.2060E-01   0.000       0.000       0.000       0.000        0.000       0.000       0.000       0.000       0.000       0.000                            0.1050E-05  0.1050E-05   0.000    
   4752000.0   11.14938483   11.4154   0.000       0.000      0.2661E-02 -0.1491E-05 -0.2339E-01  0.2073E-01   0.000       0.000       0.000       0.000        0.000       0.000       0.000       0.000       0.000       0.000                           -0.1491E-05 -0.1491E-05   0.000    
   4838400.0   11.18672667   11.4550   0.000       0.000      0.2683E-02 -0.2161E-05 -0.2356E-01  0.2088E-01   0.000       0.000       0.000       0.000        0.000       0.000       0.000       0.000       0.000       0.000                           -0.2161E-05 -0.2161E-05   0.000    
   4924800.0   11.22867162   11.4996   0.000       0.000      0.2709E-02 -0.2427E-05 -0.2378E-01  0.2108E-01   0.000       0.000       0.000       0.000        0.000       0.000       0.000       0.000       0.000       0.000                           -0.2427E-05 -0.2427E-05   0.000    
   5011200.0   11.25490866   11.5279   0.000       0.000      0.2730E-02 -0.1518E-05 -0.2395E-01  0.2122E-01   0.000       0.000       0.000       0.000        0.000       0.000       0.000       0.000       0.000       0.000                           -0.1518E-05 -0.1518E-05   0.000    
   5097600.0   11.24231366   11.5152   0.000       0.000      0.2729E-02  0.7289E-06 -0.2392E-01  0.2119E-01   0.000       0.000       0.000       0.000        0.000       0.000       0.000       0.000       0.000       0.000                            0.7289E-06  0.7289E-06   0.000    
   5184000.0   11.22365250   11.4959   0.000       0.000      0.2723E-02  0.1080E-05 -0.2389E-01  0.2116E-01   0.000       0.000       0.000       0.000        0.000       0.000       0.000       0.000       0.000       0.000                            0.1080E-05  0.1080E-05   0.000    
   5270400.0   11.20719426   11.4787   0.000       0.000      0.2715E-02  0.9524E-06 -0.2383E-01  0.2111E-01   0.000       0.000       0.000       0.000        0.000       0.000       0.000       0.000       0.000       0.000                            0.9524E-06  0.9524E-06   0.000    
   5356800.0   11.18830096   11.4588   0.000       0.000      0.2705E-02  0.1093E-05 -0.2375E-01  0.2104E-01   0.000       0.000       0.000       0.000        0.000       0.000       0.000       0.000       0.000       0.000                            0.1093E-05  0.1093E-05   0.000    
   5443200.0   11.19790595   11.4688   0.000       0.000      0.2709E-02 -0.5558E-06 -0.2381E-01  0.2110E-01   0.000       0.000       0.000       0.000        0.000       0.000       0.000       0.000       0.000       0.000                           -0.5558E-06 -0.5558E-06   0.000    
   5529600.0   11.21037636   11.4820   0.000       0.000      0.2716E-02 -0.7217E-06 -0.2386E-01  0.2115E-01   0.000       0.000       0.000       0.000        0.000       0.000       0.000       0.000       0.000       0.000                           -0.7217E-06 -0.7217E-06   0.000    
   5616000.0   11.22391016   11.4965   0.000       0.000      0.2726E-02 -0.7832E-06 -0.2394E-01  0.2121E-01   0.000       0.000       0.000       0.000        0.000       0.000       0.000       0.000       0.000       0.000                           -0.7832E-06 -0.7832E-06   0.000    
   5702400.0   11.23267287   11.5060   0.000       0.000      0.2733E-02 -0.5071E-06 -0.2400E-01  0.2127E-01   0.000       0.000       0.000       0.000        0.000       0.000       0.000       0.000       0.000       0.000                           -0.5071E-06 -0.5071E-06   0.000    
   5788800.0   11.22831930   11.5017   0.000       0.000      0.2733E-02  0.2519E-06 -0.2400E-01  0.2126E-01   0.000       0.000       0.000       0.000        0.000       0.000       0.000       0.000       0.000       0.000                            0.2519E-06  0.2519E-06   0.000    
   5875200.0   11.22924249   11.5028   0.000       0.000      0.2736E-02 -0.5343E-07 -0.2403E-01  0.2129E-01   0.000       0.000       0.000       0.000        0.000       0.000       0.000       0.000       0.000       0.000                           -0.5343E-07 -0.5343E-07   0.000    
   5961600.0   11.22503858   11.4985   0.000       0.000      0.2735E-02  0.2433E-06 -0.2402E-01  0.2128E-01   0.000       0.000       0.000       0.000        0.000       0.000       0.000       0.000       0.000       0.000                            0.2433E-06  0.2433E-06   0.000    
   6048000.0   11.21231300   11.4852   0.000       0.000      0.2729E-02  0.7364E-06 -0.2396E-01  0.2124E-01   0.000       0.000       0.000       0.000        0.000       0.000       0.000       0.000       0.000       0.000                            0.7364E-06  0.7364E-06   0.000    
   6134400.0   11.19566920   11.4677   0.000       0.000      0.2720E-02  0.9632E-06 -0.2389E-01  0.2117E-01   0.000       0.000       0.000       0.000        0.000       0.000       0.000       0.000       0.000       0.000                            0.9632E-06  0.9632E-06   0.000    
   6220800.0   11.17747834   11.4484   0.000       0.000      0.2709E-02  0.1053E-05 -0.2380E-01  0.2109E-01   0.000       0.000       0.000       0.000        0.000       0.000       0.000       0.000       0.000       0.000                            0.1053E-05  0.1053E-05   0.000    
   6307200.0   11.15862337   11.4283   0.000       0.000      0.2697E-02  0.1091E-05 -0.2370E-01  0.2100E-01   0.000       0.000       0.000       0.000        0.000       0.000       0.000       0.000       0.000       0.000                            0.1091E-05  0.1091E-05   0.000    
   6393600.0   11.13987216   11.4083   0.000       0.000      0.2684E-02  0.1085E-05 -0.2359E-01  0.2090E-01   0.000       0.000       0.000       0.000        0.000       0.000       0.000       0.000       0.000       0.000                            0.1085E-05  0.1085E-05   0.000    
   6480000.0   11.12126967   11.3884   0.000       0.000      0.2671E-02  0.1077E-05 -0.2347E-01  0.2080E-01   0.000       0.000       0.000       0.000        0.000       0.000       0.000       0.000       0.000       0.000                            0.1077E-05  0.1077E-05   0.000    
   6566400.0   11.10302059   11.3688   0.000       0.000      0.2657E-02  0.1056E-05 -0.2335E-01  0.2070E-01   0.000       0.000       0.000       0.000        0.000       0.000       0.000       0.000       0.000       0.000                            0.1056E-05  0.1056E-05   0.000    
   6652800.0   11.08497890   11.3494   0.000       0.000      0.2644E-02  0.1044E-05 -0.2323E-01  0.2059E-01   0.000       0.000       0.000       0.000        0.000       0.000       0.000       0.000       0.000       0.000                            0.1044E-05  0.1044E-05   0.000    
   6739200.0   11.06758249   11.3306   0.000       0.000      0.2630E-02  0.1007E-05 -0.2311E-01  0.2048E-01   0.000       0.000       0.000       0.000        0.000       0.000       0.000       0.000       0.000       0.000                            0.1007E-05  0.1007E-05   0.000    
   6825600.0   11.05022231   11.3118   0.000       0.000      0.2616E-02  0.1005E-05 -0.2299E-01  0.2037E-01   0.000       0.000       0.000       0.000        0.000       0.000       0.000       0.000       0.000       0.000                            0.1005E-05  0.1005E-05   0.000    
   6912000.0   11.03314690   11.2933   0.000       0.000      0.2602E-02  0.9882E-06 -0.2286E-01  0.2025E-01   0.000       0.000       0.000       0.000        0.000       0.000       0.000       0.000       0.000       0.000                            0.9882E-06  0.9882E-06   0.000    
   6998400.0   11.01637572   11.2752   0.000       0.000      0.2588E-02  0.9706E-06 -0.2273E-01  0.2014E-01   0.000       0.000       0.000       0.000        0.000       0.000       0.000       0.000       0.000       0.000                            0.9706E-06  0.9706E-06   0.000    
   7084800.0   11.00026714   11.2577   0.000       0.000      0.2574E-02  0.9322E-06 -0.2261E-01  0.2003E-01   0.000       0.000       0.000       0.000        0.000       0.000       0.000       0.000       0.000       0.000                            0.9322E-06  0.9322E-06   0.000    
   7171200.0   10.98472653   11.2407   0.000       0.000      0.2560E-02  0.8993E-06 -0.2248E-01  0.1992E-01   0.000       0.000       0.000       0.000        0.000       0.000       0.000       0.000       0.000       0.000                            0.8993E-06  0.8993E-06   0.000    
   7257600.0   10.96958383   11.2242   0.000       0.000      0.2547E-02  0.8763E-06 -0.2235E-01  0.1981E-01   0.000       0.000       0.000       0.000        0.000       0.000       0.000       0.000       0.000       0.000                            0.8763E-06  0.8763E-06   0.000    
   7344000.0   10.95504560   11.2083   0.000       0.000      0.2533E-02  0.8413E-06 -0.2223E-01  0.1970E-01   0.000       0.000       0.000       0.000        0.000       0.000       0.000       0.000       0.000       0.000                            0.8413E-06  0.8413E-06   0.000    
   7430400.0   10.94195082   11.1940   0.000       0.000      0.2521E-02  0.7578E-06 -0.2211E-01  0.1959E-01   0.000       0.000       0.000       0.000        0.000       0.000       0.000       0.000       0.000       0.000                            0.7578E-06  0.7578E-06   0.000    
   7516800.0   10.92912018   11.1799   0.000       0.000      0.2508E-02  0.7425E-06 -0.2200E-01  0.1949E-01   0.000       0.000       0.000       0.000        0.000       0.000       0.000       0.000       0.000       0.000                            0.7425E-06  0.7425E-06   0.000    
   7603200.0   10.91592011   11.1655   0.000       0.000      0.2496E-02  0.7639E-06 -0.2188E-01  0.1938E-01   0.000       0.000       0.000       0.000        0.000       0.000       0.000       0.000       0.000       0.000                            0.7639E-06  0.7639E-06   0.000    
   7689600.0   10.90320045   11.1515   0.000       0.000      0.2483E-02  0.7361E-06 -0.2176E-01  0.1928E-01   0.000       0.000       0.000       0.000        0.000       0.000       0.000       0.000       0.000       0.000                            0.7361E-06  0.7361E-06   0.000    
   7776000.0   10.89136606   11.1385   0.000       0.000      0.2471E-02  0.6849E-06 -0.2165E-01  0.1918E-01   0.000       0.000       0.000       0.000        0.000       0.000       0.000       0.000       0.000       0.000                            0.6849E-06  0.6849E-06   0.000    
   7862400.0   10.87947916   11.1254   0.000       0.000      0.2459E-02  0.6879E-06 -0.2153E-01  0.1907E-01   0.000       0.000       0.000       0.000        0.000       0.000       0.000       0.000       0.000       0.000                            0.6879E-06  0.6879E-06   0.000    
   7948800.0   10.86790741   11.1126   0.000       0.000      0.2447E-02  0.6697E-06 -0.2142E-01  0.1898E-01   0.000       0.000       0.000       0.000        0.000       0.000       0.000       0.000       0.000       0.000                            0.6697E-06  0.6697E-06   0.000    
   8035200.0   10.85677521   11.1003   0.000       0.000      0.2436E-02  0.6442E-06 -0.2131E-01  0.1888E-01   0.000       0.000       0.000       0.000        0.000       0.000       0.000       0.000       0.000       0.000                            0.6442E-06  0.6442E-06   0.000    
   8121600.0   10.84590231   11.0883   0.000       0.000      0.2424E-02  0.6292E-06 -0.2120E-01  0.1878E-01   0.000       0.000       0.000       0.000        0.000       0.000       0.000       0.000       0.000       0.000                            0.6292E-06  0.6292E-06   0.000    
   8208000.0   10.83543496   11.0767   0.000       0.000      0.2413E-02  0.6057E-06 -0.2110E-01  0.1868E-01   0.000       0.000       0.000       0.000        0.000       0.000       0.000       0.000       0.000       0.000                            0.6057E-06  0.6057E-06   0.000    
   8294400.0   10.82518160   11.0654   0.000       0.000      0.2402E-02  0.5934E-06 -0.2099E-01  0.1859E-01   0.000       0.000       0.000       0.000        0.000       0.000       0.000       0.000       0.000       0.000                            0.5934E-06  0.5934E-06   0.000    
   8380800.0   10.87108544   11.1141   0.000       0.000      0.2430E-02 -0.2656E-05 -0.2125E-01  0.1883E-01   0.000       0.000       0.000       0.000        0.000       0.000       0.000       0.000       0.000       0.000                           -0.2656E-05 -0.2656E-05   0.000    
   8467200.0   10.87560276   11.1191   0.000       0.000      0.2435E-02 -0.2614E-06 -0.2123E-01  0.1880E-01   0.000       0.000       0.000       0.000        0.000       0.000       0.000       0.000       0.000       0.000                           -0.2614E-06 -0.2614E-06   0.000    
   8553600.0   10.87640711   11.1200   0.000       0.000      0.2436E-02 -0.4655E-07 -0.2124E-01  0.1880E-01   0.000       0.000       0.000       0.000        0.000       0.000       0.000       0.000       0.000       0.000                           -0.4655E-07 -0.4655E-07   0.000    
   8640000.0   10.87230277   11.1156   0.000       0.000      0.2433E-02  0.2375E-06 -0.2121E-01  0.1878E-01   0.000       0.000       0.000       0.000        0.000       0.000       0.000       0.000       0.000       0.000                            0.2375E-06  0.2375E-06   0.000    
   8726400.0   10.86571881   11.1086   0.000       0.000      0.2428E-02  0.3810E-06 -0.2116E-01  0.1873E-01   0.000       0.000       0.000       0.000        0.000       0.000       0.000       0.000       0.000       0.000                            0.3810E-06  0.3810E-06   0.000    
   8812800.0   10.85791909   11.1001   0.000       0.000      0.2422E-02  0.4514E-06 -0.2110E-01  0.1868E-01   0.000       0.000       0.000       0.000        0.000       0.000       0.000       0.000       0.000       0.000                            0.4514E-06  0.4514E-06   0.000    
   8899200.0   10.84803509   11.0893   0.000       0.000      0.2413E-02  0.5720E-06 -0.2102E-01  0.1861E-01   0.000       0.000       0.000       0.000        0.000       0.000       0.000       0.000       0.000       0.000                            0.5720E-06  0.5720E-06   0.000    
   8985600.0   10.84472662   11.0856   0.000       0.000      0.2409E-02  0.1915E-06 -0.2098E-01  0.1857E-01   0.000       0.000       0.000       0.000        0.000       0.000       0.000       0.000       0.000       0.000                            0.1915E-06  0.1915E-06   0.000    
   9072000.0   10.85246816   11.0937   0.000       0.000      0.2412E-02 -0.4480E-06 -0.2101E-01  0.1860E-01   0.000       0.000       0.000       0.000        0.000       0.000       0.000       0.000       0.000       0.000                           -0.4480E-06 -0.4480E-06   0.000    
   9158400.0   10.84855168   11.0894   0.000       0.000      0.2408E-02  0.2266E-06 -0.2096E-01  0.1855E-01   0.000       0.000       0.000       0.000        0.000       0.000       0.000       0.000       0.000       0.000                            0.2266E-06  0.2266E-06   0.000    
   9244800.0   10.87641685   11.1191   0.000       0.000      0.2427E-02 -0.1613E-05 -0.2113E-01  0.1871E-01   0.000       0.000       0.000       0.000        0.000       0.000       0.000       0.000       0.000       0.000                           -0.1613E-05 -0.1613E-05   0.000    
   9331200.0   10.94707912   11.1946   0.000       0.000      0.2475E-02 -0.4089E-05 -0.2155E-01  0.1908E-01   0.000       0.000       0.000       0.000        0.000       0.000       0.000       0.000       0.000       0.000                           -0.4089E-05 -0.4089E-05   0.000    
   9417600.0   11.11930818   11.3780   0.000       0.000      0.2587E-02 -0.9967E-05 -0.2254E-01  0.1996E-01   0.000       0.000       0.000       0.000        0.000       0.000       0.000       0.000       0.000       0.000                           -0.9967E-05 -0.9967E-05   0.000    
   9504000.0   11.24628465   11.5138   0.000       0.000      0.2675E-02 -0.7348E-05 -0.2321E-01  0.2055E-01   0.000       0.000       0.000       0.000        0.000       0.000       0.000       0.000       0.000       0.000                           -0.7348E-05 -0.7348E-05   0.000    
   9590400.0   11.22379848   11.4923   0.000       0.000      0.2686E-02  0.1301E-05 -0.2322E-01  0.2053E-01   0.000       0.000       0.000       0.000        0.000       0.000       0.000       0.000       0.000       0.000                            0.1301E-05  0.1301E-05   0.000    
   9676800.0   11.19565442   11.4639   0.000       0.000      0.2683E-02  0.1629E-05 -0.2327E-01  0.2058E-01   0.000       0.000       0.000       0.000        0.000       0.000       0.000       0.000       0.000       0.000                            0.1629E-05  0.1629E-05   0.000    
   9763200.0   11.16544214   11.4327   0.000       0.000      0.2672E-02  0.1748E-05 -0.2321E-01  0.2053E-01   0.000       0.000       0.000       0.000        0.000       0.000       0.000       0.000       0.000       0.000                            0.1748E-05  0.1748E-05   0.000    
   9849600.0   11.13656499   11.4024   0.000       0.000      0.2659E-02  0.1671E-05 -0.2311E-01  0.2045E-01   0.000       0.000       0.000       0.000        0.000       0.000       0.000       0.000       0.000       0.000                            0.1671E-05  0.1671E-05   0.000    
   9936000.0   11.15514302   11.4221   0.000       0.000      0.2669E-02 -0.1075E-05 -0.2325E-01  0.2058E-01   0.000       0.000       0.000       0.000        0.000       0.000       0.000       0.000       0.000       0.000                           -0.1075E-05 -0.1075E-05   0.000    
  10022400.0   11.17054829   11.4386   0.000       0.000      0.2680E-02 -0.8915E-06 -0.2334E-01  0.2066E-01   0.000       0.000       0.000       0.000        0.000       0.000       0.000       0.000       0.000       0.000                           -0.8915E-06 -0.8915E-06   0.000    
  10108800.0   11.17525573   11.4439   0.000       0.000      0.2687E-02 -0.2724E-06 -0.2339E-01  0.2071E-01   0.000       0.000       0.000       0.000        0.000       0.000       0.000       0.000       0.000       0.000                           -0.2724E-06 -0.2724E-06   0.000    
  10195200.0   11.18787963   11.4576   0.000       0.000      0.2697E-02 -0.7305E-06 -0.2350E-01  0.2080E-01   0.000       0.000       0.000       0.000        0.000       0.000       0.000       0.000       0.000       0.000                           -0.7305E-06 -0.7305E-06   0.000    
  10281600.0   11.19465307   11.4651   0.000       0.000      0.2704E-02 -0.3920E-06 -0.2356E-01  0.2086E-01   0.000       0.000       0.000       0.000        0.000       0.000       0.000       0.000       0.000       0.000                           -0.3920E-06 -0.3920E-06   0.000    
  10368000.0   11.18231375   11.4524   0.000       0.000      0.2701E-02  0.7141E-06 -0.2354E-01  0.2084E-01   0.000       0.000       0.000       0.000        0.000       0.000       0.000       0.000       0.000       0.000                            0.7141E-06  0.7141E-06   0.000    
  10454400.0   11.16323555   11.4324   0.000       0.000      0.2692E-02  0.1104E-05 -0.2348E-01  0.2078E-01   0.000       0.000       0.000       0.000        0.000       0.000       0.000       0.000       0.000       0.000                            0.1104E-05  0.1104E-05   0.000    
  10540800.0   11.16223218   11.4314   0.000       0.000      0.2691E-02  0.5807E-07 -0.2350E-01  0.2081E-01   0.000       0.000       0.000       0.000        0.000       0.000       0.000       0.000       0.000       0.000                            0.5807E-07  0.5807E-07   0.000    
  10627200.0   11.17055916   11.4402   0.000       0.000      0.2697E-02 -0.4819E-06 -0.2355E-01  0.2085E-01   0.000       0.000       0.000       0.000        0.000       0.000       0.000       0.000       0.000       0.000                           -0.4819E-06 -0.4819E-06   0.000    
  10713600.0   11.17118357   11.4411   0.000       0.000      0.2699E-02 -0.3613E-07 -0.2356E-01  0.2087E-01   0.000       0.000       0.000       0.000        0.000       0.000       0.000       0.000       0.000       0.000                           -0.3613E-07 -0.3613E-07   0.000    
  10800000.0   11.16191412   11.4314   0.000       0.000      0.2695E-02  0.5364E-06 -0.2353E-01  0.2084E-01   0.000       0.000       0.000       0.000        0.000       0.000       0.000       0.000       0.000       0.000                            0.5364E-06  0.5364E-06   0.000    
  10886400.0   11.14636745   11.4151   0.000       0.000      0.2687E-02  0.8997E-06 -0.2347E-01  0.2078E-01   0.000       0.000       0.000       0.000        0.000       0.000       0.000       0.000       0.000       0.000                            0.8997E-06  0.8997E-06   0.000    
  10972800.0   11.12770593   11.3952   0.000       0.000      0.2675E-02  0.1080E-05 -0.2338E-01  0.2071E-01   0.000       0.000       0.000       0.000        0.000       0.000       0.000       0.000       0.000       0.000                            0.1080E-05  0.1080E-05   0.000    
  11059200.0   11.10586766   11.3720   0.000       0.000      0.2662E-02  0.1264E-05 -0.2327E-01  0.2061E-01   0.000       0.000       0.000       0.000        0.000       0.000       0.000       0.000       0.000       0.000                            0.1264E-05  0.1264E-05   0.000    
  11145600.0   11.08389046   11.3485   0.000       0.000      0.2646E-02  0.1272E-05 -0.2314E-01  0.2050E-01   0.000       0.000       0.000       0.000        0.000       0.000       0.000       0.000       0.000       0.000                            0.1272E-05  0.1272E-05   0.000    
  11232000.0   11.06289891   11.3260   0.000       0.000      0.2631E-02  0.1215E-05 -0.2301E-01  0.2038E-01   0.000       0.000       0.000       0.000        0.000       0.000       0.000       0.000       0.000       0.000                            0.1215E-05  0.1215E-05   0.000    
  11318400.0   11.04272638   11.3042   0.000       0.000      0.2615E-02  0.1167E-05 -0.2288E-01  0.2027E-01   0.000       0.000       0.000       0.000        0.000       0.000       0.000       0.000       0.000       0.000                            0.1167E-05  0.1167E-05   0.000    
  11404800.0   11.04688748   11.3083   0.000       0.000      0.2614E-02 -0.2408E-06 -0.2289E-01  0.2027E-01   0.000       0.000       0.000       0.000        0.000       0.000       0.000       0.000       0.000       0.000                           -0.2408E-06 -0.2408E-06   0.000    
  11491200.0   11.02910277   11.2892   0.000       0.000      0.2601E-02  0.1029E-05 -0.2275E-01  0.2015E-01   0.000       0.000       0.000       0.000        0.000       0.000       0.000       0.000       0.000       0.000                            0.1029E-05  0.1029E-05   0.000    
  11577600.0   11.05513075   11.3165   0.000       0.000      0.2614E-02 -0.1506E-05 -0.2289E-01  0.2028E-01   0.000       0.000       0.000       0.000        0.000       0.000       0.000       0.000       0.000       0.000                           -0.1506E-05 -0.1506E-05   0.000    
  11664000.0   11.12774663   11.3935   0.000       0.000      0.2657E-02 -0.4202E-05 -0.2327E-01  0.2062E-01   0.000       0.000       0.000       0.000        0.000       0.000       0.000       0.000       0.000       0.000                           -0.4202E-05 -0.4202E-05   0.000    
  11750400.0   11.30181260   11.5776   0.000       0.000      0.2758E-02 -0.1007E-04 -0.2416E-01  0.2142E-01   0.000       0.000       0.000       0.000        0.000       0.000       0.000       0.000       0.000       0.000                           -0.1007E-04 -0.1007E-04   0.000    
  11836800.0   11.26915587   11.5450   0.000       0.000      0.2759E-02  0.1890E-05 -0.2399E-01  0.2123E-01   0.000       0.000       0.000       0.000        0.000       0.000       0.000       0.000       0.000       0.000                            0.1890E-05  0.1890E-05   0.000    
  11923200.0   11.23932166   11.5145   0.000       0.000      0.2752E-02  0.1727E-05 -0.2401E-01  0.2126E-01   0.000       0.000       0.000       0.000        0.000       0.000       0.000       0.000       0.000       0.000                            0.1727E-05  0.1727E-05   0.000    
  12009600.0   11.21148791   11.4855   0.000       0.000      0.2740E-02  0.1611E-05 -0.2394E-01  0.2119E-01   0.000       0.000       0.000       0.000        0.000       0.000       0.000       0.000       0.000       0.000                            0.1611E-05  0.1611E-05   0.000    
  12096000.0   11.20441399   11.4781   0.000       0.000      0.2737E-02  0.4094E-06 -0.2393E-01  0.2120E-01   0.000       0.000       0.000       0.000        0.000       0.000       0.000       0.000       0.000       0.000                            0.4094E-06  0.4094E-06   0.000    
  12182400.0   11.19508145   11.4683   0.000       0.000      0.2732E-02  0.5401E-06 -0.2389E-01  0.2116E-01   0.000       0.000       0.000       0.000        0.000       0.000       0.000       0.000       0.000       0.000                            0.5401E-06  0.5401E-06   0.000    
  12268800.0   11.17976683   11.4522   0.000       0.000      0.2724E-02  0.8863E-06 -0.2382E-01  0.2110E-01   0.000       0.000       0.000       0.000        0.000       0.000       0.000       0.000       0.000       0.000                            0.8863E-06  0.8863E-06   0.000    
  12355200.0   11.16073293   11.4320   0.000       0.000      0.2713E-02  0.1101E-05 -0.2373E-01  0.2102E-01   0.000       0.000       0.000       0.000        0.000       0.000       0.000       0.000       0.000       0.000                            0.1101E-05  0.1101E-05   0.000    
  12441600.0   11.14710331   11.4175   0.000       0.000      0.2704E-02  0.7888E-06 -0.2366E-01  0.2096E-01   0.000       0.000       0.000       0.000        0.000       0.000       0.000       0.000       0.000       0.000                            0.7888E-06  0.7888E-06   0.000    
  12528000.0   11.19261644   11.4654   0.000       0.000      0.2727E-02 -0.2634E-05 -0.2390E-01  0.2118E-01   0.000       0.000       0.000       0.000        0.000       0.000       0.000       0.000       0.000       0.000                           -0.2634E-05 -0.2634E-05   0.000    
  12614400.0   11.24513786   11.5210   0.000       0.000      0.2759E-02 -0.3039E-05 -0.2415E-01  0.2140E-01   0.000       0.000       0.000       0.000        0.000       0.000       0.000       0.000       0.000       0.000                           -0.3039E-05 -0.3039E-05   0.000    
  12700800.0   11.23686437   11.5129   0.000       0.000      0.2761E-02  0.4788E-06 -0.2412E-01  0.2136E-01   0.000       0.000       0.000       0.000        0.000       0.000       0.000       0.000       0.000       0.000                            0.4788E-06  0.4788E-06   0.000    
  12787200.0   11.22121812   11.4968   0.000       0.000      0.2756E-02  0.9055E-06 -0.2410E-01  0.2134E-01   0.000       0.000       0.000       0.000        0.000       0.000       0.000       0.000       0.000       0.000                            0.9055E-06  0.9055E-06   0.000    
  12873600.0   11.20022588   11.4748   0.000       0.000      0.2746E-02  0.1215E-05 -0.2402E-01  0.2128E-01   0.000       0.000       0.000       0.000        0.000       0.000       0.000       0.000       0.000       0.000                            0.1215E-05  0.1215E-05   0.000    
  12960000.0   11.20488117   11.4797   0.000       0.000      0.2748E-02 -0.2694E-06 -0.2407E-01  0.2132E-01   0.000       0.000       0.000       0.000        0.000       0.000       0.000       0.000       0.000       0.000                           -0.2694E-06 -0.2694E-06   0.000    
  13046400.0   11.19546386   11.4698   0.000       0.000      0.2743E-02  0.5450E-06 -0.2401E-01  0.2127E-01   0.000       0.000       0.000       0.000        0.000       0.000       0.000       0.000       0.000       0.000                            0.5450E-06  0.5450E-06   0.000    
  13132800.0   11.18153153   11.4551   0.000       0.000      0.2735E-02  0.8063E-06 -0.2395E-01  0.2121E-01   0.000       0.000       0.000       0.000        0.000       0.000       0.000       0.000       0.000       0.000                            0.8063E-06  0.8063E-06   0.000    
  13219200.0   11.17168476   11.4446   0.000       0.000      0.2729E-02  0.5698E-06 -0.2390E-01  0.2117E-01   0.000       0.000       0.000       0.000        0.000       0.000       0.000       0.000       0.000       0.000                            0.5698E-06  0.5698E-06   0.000    
  13305600.0   11.15732049   11.4293   0.000       0.000      0.2720E-02  0.8313E-06 -0.2382E-01  0.2110E-01   0.000       0.000       0.000       0.000        0.000       0.000       0.000       0.000       0.000       0.000                            0.8313E-06  0.8313E-06   0.000    
  13392000.0   11.17865674   11.4517   0.000       0.000      0.2730E-02 -0.1235E-05 -0.2393E-01  0.2120E-01   0.000       0.000       0.000       0.000        0.000       0.000       0.000       0.000       0.000       0.000                           -0.1235E-05 -0.1235E-05   0.000    
  13478400.0   11.19470171   11.4687   0.000       0.000      0.2740E-02 -0.9285E-06 -0.2400E-01  0.2126E-01   0.000       0.000       0.000       0.000        0.000       0.000       0.000       0.000       0.000       0.000                           -0.9285E-06 -0.9285E-06   0.000    
  13564800.0   11.19021198   11.4642   0.000       0.000      0.2740E-02  0.2598E-06 -0.2398E-01  0.2124E-01   0.000       0.000       0.000       0.000        0.000       0.000       0.000       0.000       0.000       0.000                            0.2598E-06  0.2598E-06   0.000    
  13651200.0   11.18064600   11.4542   0.000       0.000      0.2736E-02  0.5536E-06 -0.2395E-01  0.2121E-01   0.000       0.000       0.000       0.000        0.000       0.000       0.000       0.000       0.000       0.000                            0.5536E-06  0.5536E-06   0.000    
  13737600.0   11.16693892   11.4398   0.000       0.000      0.2728E-02  0.7932E-06 -0.2389E-01  0.2116E-01   0.000       0.000       0.000       0.000        0.000       0.000       0.000       0.000       0.000       0.000                            0.7932E-06  0.7932E-06   0.000    
  13824000.0   11.21154794   11.4867   0.000       0.000      0.2752E-02 -0.2582E-05 -0.2413E-01  0.2138E-01   0.000       0.000       0.000       0.000        0.000       0.000       0.000       0.000       0.000       0.000                           -0.2582E-05 -0.2582E-05   0.000    
  13910400.0   11.27571225   11.5547   0.000       0.000      0.2790E-02 -0.3713E-05 -0.2444E-01  0.2166E-01   0.000       0.000       0.000       0.000        0.000       0.000       0.000       0.000       0.000       0.000                           -0.3713E-05 -0.3713E-05   0.000    
  13996800.0   11.27436425   11.5540   0.000       0.000      0.2796E-02  0.7801E-07 -0.2444E-01  0.2165E-01   0.000       0.000       0.000       0.000        0.000       0.000       0.000       0.000       0.000       0.000                            0.7801E-07  0.7801E-07   0.000    
  14083200.0   11.25980554   11.5391   0.000       0.000      0.2793E-02  0.8425E-06 -0.2443E-01  0.2164E-01   0.000       0.000       0.000       0.000        0.000       0.000       0.000       0.000       0.000       0.000                            0.8425E-06  0.8425E-06   0.000    
  14169600.0   11.27453428   11.5549   0.000       0.000      0.2804E-02 -0.8524E-06 -0.2455E-01  0.2175E-01   0.000       0.000       0.000       0.000        0.000       0.000       0.000       0.000       0.000       0.000                           -0.8524E-06 -0.8524E-06   0.000    
  14256000.0   11.28683140   11.5681   0.000       0.000      0.2813E-02 -0.7116E-06 -0.2463E-01  0.2182E-01   0.000       0.000       0.000       0.000        0.000       0.000       0.000       0.000       0.000       0.000                           -0.7116E-06 -0.7116E-06   0.000    
  14342400.0   11.34841067   11.6332   0.000       0.000      0.2848E-02 -0.3564E-05 -0.2496E-01  0.2211E-01   0.000       0.000       0.000       0.000        0.000       0.000       0.000       0.000       0.000       0.000                           -0.3564E-05 -0.3564E-05   0.000    
  14428800.0   11.50687680   11.8001   0.000       0.000      0.2932E-02 -0.9170E-05 -0.2573E-01  0.2280E-01   0.000       0.000       0.000       0.000        0.000       0.000       0.000       0.000       0.000       0.000                           -0.9170E-05 -0.9170E-05   0.000    
  14515200.0   11.50319874   11.7979   0.000       0.000      0.2947E-02  0.2129E-06 -0.2572E-01  0.2277E-01   0.000       0.000       0.000       0.000        0.000       0.000       0.000       0.000       0.000       0.000                            0.2129E-06  0.2129E-06   0.000    
  14601600.0   11.52771131   11.8247   0.000       0.000      0.2970E-02 -0.1419E-05 -0.2599E-01  0.2303E-01   0.000       0.000       0.000       0.000        0.000       0.000       0.000       0.000       0.000       0.000                           -0.1419E-05 -0.1419E-05   0.000    
  14688000.0   11.58059890   11.8810   0.000       0.000      0.3004E-02 -0.3061E-05 -0.2632E-01  0.2332E-01   0.000       0.000       0.000       0.000        0.000       0.000       0.000       0.000       0.000       0.000                           -0.3061E-05 -0.3061E-05   0.000    
  14774400.0   11.59986068   11.9022   0.000       0.000      0.3024E-02 -0.1115E-05 -0.2647E-01  0.2344E-01   0.000       0.000       0.000       0.000        0.000       0.000       0.000       0.000       0.000       0.000                           -0.1115E-05 -0.1115E-05   0.000    
  14860800.0   11.59005788   11.8929   0.000       0.000      0.3029E-02  0.5673E-06 -0.2651E-01  0.2349E-01   0.000       0.000       0.000       0.000        0.000       0.000       0.000       0.000       0.000       0.000                            0.5673E-06  0.5673E-06   0.000    
  14947200.0   11.57643669   11.8793   0.000       0.000      0.3028E-02  0.7883E-06 -0.2654E-01  0.2351E-01   0.000       0.000       0.000       0.000        0.000       0.000       0.000       0.000       0.000       0.000                            0.7883E-06  0.7883E-06   0.000    
  15033600.0   11.55441342   11.8567   0.000       0.000      0.3023E-02  0.1274E-05 -0.2651E-01  0.2348E-01   0.000       0.000       0.000       0.000        0.000       0.000       0.000       0.000       0.000       0.000                            0.1274E-05  0.1274E-05   0.000    
  15120000.0   11.52873299   11.8301   0.000       0.000      0.3013E-02  0.1486E-05 -0.2644E-01  0.2343E-01   0.000       0.000       0.000       0.000        0.000       0.000       0.000       0.000       0.000       0.000                            0.1486E-05  0.1486E-05   0.000    
  15206400.0   11.49914734   11.7992   0.000       0.000      0.3000E-02  0.1712E-05 -0.2634E-01  0.2334E-01   0.000       0.000       0.000       0.000        0.000       0.000       0.000       0.000       0.000       0.000                            0.1712E-05  0.1712E-05   0.000    
  15292800.0   11.46774050   11.7662   0.000       0.000      0.2984E-02  0.1818E-05 -0.2622E-01  0.2323E-01   0.000       0.000       0.000       0.000        0.000       0.000       0.000       0.000       0.000       0.000                            0.1818E-05  0.1818E-05   0.000    
  15379200.0   11.50783194   11.8080   0.000       0.000      0.3002E-02 -0.2320E-05 -0.2642E-01  0.2342E-01   0.000       0.000       0.000       0.000        0.000       0.000       0.000       0.000       0.000       0.000                           -0.2320E-05 -0.2320E-05   0.000    
  15465600.0   11.52694782   11.8283   0.000       0.000      0.3013E-02 -0.1106E-05 -0.2648E-01  0.2347E-01   0.000       0.000       0.000       0.000        0.000       0.000       0.000       0.000       0.000       0.000                           -0.1106E-05 -0.1106E-05   0.000    
  15552000.0   11.51225963   11.8133   0.000       0.000      0.3010E-02  0.8500E-06 -0.2644E-01  0.2343E-01   0.000       0.000       0.000       0.000        0.000       0.000       0.000       0.000       0.000       0.000                            0.8500E-06  0.8500E-06   0.000    
  15638400.0   11.48519504   11.7851   0.000       0.000      0.2999E-02  0.1566E-05 -0.2636E-01  0.2336E-01   0.000       0.000       0.000       0.000        0.000       0.000       0.000       0.000       0.000       0.000                            0.1566E-05  0.1566E-05   0.000    
  15724800.0   11.45651411   11.7550   0.000       0.000      0.2985E-02  0.1660E-05 -0.2625E-01  0.2326E-01   0.000       0.000       0.000       0.000        0.000       0.000       0.000       0.000       0.000       0.000                            0.1660E-05  0.1660E-05   0.000    
  15811200.0   11.42795450   11.7249   0.000       0.000      0.2970E-02  0.1653E-05 -0.2612E-01  0.2315E-01   0.000       0.000       0.000       0.000        0.000       0.000       0.000       0.000       0.000       0.000                            0.1653E-05  0.1653E-05   0.000    
  15897600.0   11.40051628   11.6959   0.000       0.000      0.2954E-02  0.1588E-05 -0.2599E-01  0.2304E-01   0.000       0.000       0.000       0.000        0.000       0.000       0.000       0.000       0.000       0.000                            0.1588E-05  0.1588E-05   0.000    
  15984000.0   11.38095548   11.6750   0.000       0.000      0.2941E-02  0.1132E-05 -0.2589E-01  0.2294E-01   0.000       0.000       0.000       0.000        0.000       0.000       0.000       0.000       0.000       0.000                            0.1132E-05  0.1132E-05   0.000    
  16070400.0   11.35600400   11.6485   0.000       0.000      0.2925E-02  0.1444E-05 -0.2574E-01  0.2281E-01   0.000       0.000       0.000       0.000        0.000       0.000       0.000       0.000       0.000       0.000                            0.1444E-05  0.1444E-05   0.000    
  16156800.0   11.33163839   11.6225   0.000       0.000      0.2909E-02  0.1410E-05 -0.2561E-01  0.2270E-01   0.000       0.000       0.000       0.000        0.000       0.000       0.000       0.000       0.000       0.000                            0.1410E-05  0.1410E-05   0.000    
  16243200.0   11.30772131   11.5970   0.000       0.000      0.2893E-02  0.1384E-05 -0.2546E-01  0.2257E-01   0.000       0.000       0.000       0.000        0.000       0.000       0.000       0.000       0.000       0.000                            0.1384E-05  0.1384E-05   0.000    
  16329600.0   11.28451864   11.5722   0.000       0.000      0.2876E-02  0.1343E-05 -0.2532E-01  0.2244E-01   0.000       0.000       0.000       0.000        0.000       0.000       0.000       0.000       0.000       0.000                            0.1343E-05  0.1343E-05   0.000    
  16416000.0   11.26212527   11.5481   0.000       0.000      0.2860E-02  0.1296E-05 -0.2517E-01  0.2231E-01   0.000       0.000       0.000       0.000        0.000       0.000       0.000       0.000       0.000       0.000                            0.1296E-05  0.1296E-05   0.000    
  16502400.0   11.24044614   11.5249   0.000       0.000      0.2844E-02  0.1255E-05 -0.2503E-01  0.2218E-01   0.000       0.000       0.000       0.000        0.000       0.000       0.000       0.000       0.000       0.000                            0.1255E-05  0.1255E-05   0.000    
  16588800.0   11.21958636   11.5024   0.000       0.000      0.2828E-02  0.1207E-05 -0.2489E-01  0.2206E-01   0.000       0.000       0.000       0.000        0.000       0.000       0.000       0.000       0.000       0.000                            0.1207E-05  0.1207E-05   0.000    
  16675200.0   11.19950165   11.4807   0.000       0.000      0.2812E-02  0.1162E-05 -0.2474E-01  0.2193E-01   0.000       0.000       0.000       0.000        0.000       0.000       0.000       0.000       0.000       0.000                            0.1162E-05  0.1162E-05   0.000    
  16761600.0   11.18383182   11.4638   0.000       0.000      0.2799E-02  0.9068E-06 -0.2462E-01  0.2182E-01   0.000       0.000       0.000       0.000        0.000       0.000       0.000       0.000       0.000       0.000                            0.9068E-06  0.9068E-06   0.000    
  16848000.0   11.17184540   11.4507   0.000       0.000      0.2788E-02  0.6937E-06 -0.2452E-01  0.2173E-01   0.000       0.000       0.000       0.000        0.000       0.000       0.000       0.000       0.000       0.000                            0.6937E-06  0.6937E-06   0.000    
  16934400.0   11.17336222   11.4519   0.000       0.000      0.2785E-02 -0.8778E-07 -0.2449E-01  0.2170E-01   0.000       0.000       0.000       0.000        0.000       0.000       0.000       0.000       0.000       0.000                           -0.8778E-07 -0.8778E-07   0.000    
  17020800.0   11.16799837   11.4459   0.000       0.000      0.2779E-02  0.3104E-06 -0.2442E-01  0.2164E-01   0.000       0.000       0.000       0.000        0.000       0.000       0.000       0.000       0.000       0.000                            0.3104E-06  0.3104E-06   0.000    
  17107200.0   11.15078264   11.4275   0.000       0.000      0.2767E-02  0.9963E-06 -0.2430E-01  0.2153E-01   0.000       0.000       0.000       0.000        0.000       0.000       0.000       0.000       0.000       0.000                            0.9963E-06  0.9963E-06   0.000    
  17193600.0   11.13421159   11.4097   0.000       0.000      0.2755E-02  0.9590E-06 -0.2419E-01  0.2143E-01   0.000       0.000       0.000       0.000        0.000       0.000       0.000       0.000       0.000       0.000                            0.9590E-06  0.9590E-06   0.000    
  17280000.0   11.11741049   11.3915   0.000       0.000      0.2741E-02  0.9723E-06 -0.2406E-01  0.2132E-01   0.000       0.000       0.000       0.000        0.000       0.000       0.000       0.000       0.000       0.000                            0.9723E-06  0.9723E-06   0.000    
  17366400.0   11.10060829   11.3734   0.000       0.000      0.2728E-02  0.9723E-06 -0.2394E-01  0.2121E-01   0.000       0.000       0.000       0.000        0.000       0.000       0.000       0.000       0.000       0.000                            0.9723E-06  0.9723E-06   0.000    
  17452800.0   11.08435329   11.3557   0.000       0.000      0.2714E-02  0.9407E-06 -0.2381E-01  0.2109E-01   0.000       0.000       0.000       0.000        0.000       0.000       0.000       0.000       0.000       0.000                            0.9407E-06  0.9407E-06   0.000    
  17539200.0   11.06850822   11.3385   0.000       0.000      0.2700E-02  0.9170E-06 -0.2368E-01  0.2098E-01   0.000       0.000       0.000       0.000        0.000       0.000       0.000       0.000       0.000       0.000                            0.9170E-06  0.9170E-06   0.000    
  17625600.0   11.05327096   11.3219   0.000       0.000      0.2687E-02  0.8818E-06 -0.2355E-01  0.2087E-01   0.000       0.000       0.000       0.000        0.000       0.000       0.000       0.000       0.000       0.000                            0.8818E-06  0.8818E-06   0.000    
  17712000.0   11.04401374   11.3117   0.000       0.000      0.2677E-02  0.5357E-06 -0.2346E-01  0.2078E-01   0.000       0.000       0.000       0.000        0.000       0.000       0.000       0.000       0.000       0.000                            0.5357E-06  0.5357E-06   0.000    
  17798400.0   11.03013160   11.2966   0.000       0.000      0.2665E-02  0.8034E-06 -0.2334E-01  0.2067E-01   0.000       0.000       0.000       0.000        0.000       0.000       0.000       0.000       0.000       0.000                            0.8034E-06  0.8034E-06   0.000    
  17884800.0   11.01603506   11.2812   0.000       0.000      0.2652E-02  0.8158E-06 -0.2322E-01  0.2057E-01   0.000       0.000       0.000       0.000        0.000       0.000       0.000       0.000       0.000       0.000                            0.8158E-06  0.8158E-06   0.000    
  17971200.0   11.00233061   11.2663   0.000       0.000      0.2639E-02  0.7931E-06 -0.2310E-01  0.2046E-01   0.000       0.000       0.000       0.000        0.000       0.000       0.000       0.000       0.000       0.000                            0.7931E-06  0.7931E-06   0.000    
  18057600.0   10.98915071   11.2518   0.000       0.000      0.2627E-02  0.7627E-06 -0.2298E-01  0.2035E-01   0.000       0.000       0.000       0.000        0.000       0.000       0.000       0.000       0.000       0.000                            0.7627E-06  0.7627E-06   0.000    
  18144000.0   10.97629654   11.2377   0.000       0.000      0.2614E-02  0.7439E-06 -0.2287E-01  0.2025E-01   0.000       0.000       0.000       0.000        0.000       0.000       0.000       0.000       0.000       0.000                            0.7439E-06  0.7439E-06   0.000    
  18230400.0   10.96388536   11.2241   0.000       0.000      0.2602E-02  0.7182E-06 -0.2275E-01  0.2015E-01   0.000       0.000       0.000       0.000        0.000       0.000       0.000       0.000       0.000       0.000                            0.7182E-06  0.7182E-06   0.000    
  18316800.0   10.95179022   11.2108   0.000       0.000      0.2590E-02  0.7000E-06 -0.2264E-01  0.2005E-01   0.000       0.000       0.000       0.000        0.000       0.000       0.000       0.000       0.000       0.000                            0.7000E-06  0.7000E-06   0.000    
  18403200.0   10.94006738   11.1979   0.000       0.000      0.2578E-02  0.6784E-06 -0.2252E-01  0.1995E-01   0.000       0.000       0.000       0.000        0.000       0.000       0.000       0.000       0.000       0.000                            0.6784E-06  0.6784E-06   0.000    
  18489600.0   10.92865805   11.1853   0.000       0.000      0.2567E-02  0.6603E-06 -0.2241E-01  0.1985E-01   0.000       0.000       0.000       0.000        0.000       0.000       0.000       0.000       0.000       0.000                            0.6603E-06  0.6603E-06   0.000    
  18576000.0   10.91754951   11.1731   0.000       0.000      0.2555E-02  0.6429E-06 -0.2230E-01  0.1975E-01   0.000       0.000       0.000       0.000        0.000       0.000       0.000       0.000       0.000       0.000                            0.6429E-06  0.6429E-06   0.000    
  18662400.0   10.90679900   11.1612   0.000       0.000      0.2544E-02  0.6221E-06 -0.2220E-01  0.1965E-01   0.000       0.000       0.000       0.000        0.000       0.000       0.000       0.000       0.000       0.000                            0.6221E-06  0.6221E-06   0.000    
  18748800.0   10.89622635   11.1495   0.000       0.000      0.2533E-02  0.6118E-06 -0.2209E-01  0.1956E-01   0.000       0.000       0.000       0.000        0.000       0.000       0.000       0.000       0.000       0.000                            0.6118E-06  0.6118E-06   0.000    
  18835200.0   10.89694102   11.1499   0.000       0.000      0.2530E-02 -0.4136E-07 -0.2206E-01  0.1953E-01   0.000       0.000       0.000       0.000        0.000       0.000       0.000       0.000       0.000       0.000                           -0.4136E-07 -0.4136E-07   0.000    
  18921600.0   10.88852888   11.1406   0.000       0.000      0.2521E-02  0.4868E-06 -0.2196E-01  0.1944E-01   0.000       0.000       0.000       0.000        0.000       0.000       0.000       0.000       0.000       0.000                            0.4868E-06  0.4868E-06   0.000    
  19008000.0   10.87774679   11.1288   0.000       0.000      0.2510E-02  0.6240E-06 -0.2186E-01  0.1935E-01   0.000       0.000       0.000       0.000        0.000       0.000       0.000       0.000       0.000       0.000                            0.6240E-06  0.6240E-06   0.000    
  19094400.0   10.86741730   11.1174   0.000       0.000      0.2500E-02  0.5978E-06 -0.2176E-01  0.1926E-01   0.000       0.000       0.000       0.000        0.000       0.000       0.000       0.000       0.000       0.000                            0.5978E-06  0.5978E-06   0.000    
  19180800.0   10.85741883   11.1063   0.000       0.000      0.2489E-02  0.5786E-06 -0.2166E-01  0.1917E-01   0.000       0.000       0.000       0.000        0.000       0.000       0.000       0.000       0.000       0.000                            0.5786E-06  0.5786E-06   0.000    
  19267200.0   10.84800253   11.0959   0.000       0.000      0.2479E-02  0.5449E-06 -0.2156E-01  0.1908E-01   0.000       0.000       0.000       0.000        0.000       0.000       0.000       0.000       0.000       0.000                            0.5449E-06  0.5449E-06   0.000    
  19353600.0   10.83859853   11.0854   0.000       0.000      0.2468E-02  0.5442E-06 -0.2146E-01  0.1900E-01   0.000       0.000       0.000       0.000        0.000       0.000       0.000       0.000       0.000       0.000                            0.5442E-06  0.5442E-06   0.000    
  19440000.0   10.82943851   11.0752   0.000       0.000      0.2458E-02  0.5301E-06 -0.2137E-01  0.1891E-01   0.000       0.000       0.000       0.000        0.000       0.000       0.000       0.000       0.000       0.000                            0.5301E-06  0.5301E-06   0.000    
  19526400.0   10.82058376   11.0654   0.000       0.000      0.2448E-02  0.5124E-06 -0.2127E-01  0.1882E-01   0.000       0.000       0.000       0.000        0.000       0.000       0.000       0.000       0.000       0.000                            0.5124E-06  0.5124E-06   0.000    
  19612800.0   10.81185558   11.0557   0.000       0.000      0.2438E-02  0.5051E-06 -0.2118E-01  0.1874E-01   0.000       0.000       0.000       0.000        0.000       0.000       0.000       0.000       0.000       0.000                            0.5051E-06  0.5051E-06   0.000    
  19699200.0   10.80341589   11.0462   0.000       0.000      0.2428E-02  0.4884E-06 -0.2108E-01  0.1865E-01   0.000       0.000       0.000       0.000        0.000       0.000       0.000       0.000       0.000       0.000                            0.4884E-06  0.4884E-06   0.000    
  19785600.0   10.79509482   11.0369   0.000       0.000      0.2418E-02  0.4815E-06 -0.2099E-01  0.1857E-01   0.000       0.000       0.000       0.000        0.000       0.000       0.000       0.000       0.000       0.000                            0.4815E-06  0.4815E-06   0.000    
  19872000.0   10.78703154   11.0279   0.000       0.000      0.2409E-02  0.4666E-06 -0.2090E-01  0.1849E-01   0.000       0.000       0.000       0.000        0.000       0.000       0.000       0.000       0.000       0.000                            0.4666E-06  0.4666E-06   0.000    
  19958400.0   10.78939887   11.0301   0.000       0.000      0.2407E-02 -0.1370E-06 -0.2088E-01  0.1847E-01   0.000       0.000       0.000       0.000        0.000       0.000       0.000       0.000       0.000       0.000                           -0.1370E-06 -0.1370E-06   0.000    
  20044800.0   10.79596085   11.0369   0.000       0.000      0.2409E-02 -0.3797E-06 -0.2089E-01  0.1848E-01   0.000       0.000       0.000       0.000        0.000       0.000       0.000       0.000       0.000       0.000                           -0.3797E-06 -0.3797E-06   0.000    
  20131200.0   10.78618635   11.0262   0.000       0.000      0.2400E-02  0.5657E-06 -0.2079E-01  0.1839E-01   0.000       0.000       0.000       0.000        0.000       0.000       0.000       0.000       0.000       0.000                            0.5657E-06  0.5657E-06   0.000    
  20217600.0   10.78028907   11.0196   0.000       0.000      0.2393E-02  0.3413E-06 -0.2073E-01  0.1834E-01   0.000       0.000       0.000       0.000        0.000       0.000       0.000       0.000       0.000       0.000                            0.3413E-06  0.3413E-06   0.000    
  20304000.0   10.77358229   11.0121   0.000       0.000      0.2386E-02  0.3881E-06 -0.2066E-01  0.1827E-01   0.000       0.000       0.000       0.000        0.000       0.000       0.000       0.000       0.000       0.000                            0.3881E-06  0.3881E-06   0.000    
  20390400.0   10.76492715   11.0026   0.000       0.000      0.2376E-02  0.5009E-06 -0.2057E-01  0.1820E-01   0.000       0.000       0.000       0.000        0.000       0.000       0.000       0.000       0.000       0.000                            0.5009E-06  0.5009E-06   0.000    
  20476800.0   10.75662651   10.9933   0.000       0.000      0.2367E-02  0.4804E-06 -0.2049E-01  0.1812E-01   0.000       0.000       0.000       0.000        0.000       0.000       0.000       0.000       0.000       0.000                            0.4804E-06  0.4804E-06   0.000    
  20563200.0   10.74859252   10.9843   0.000       0.000      0.2357E-02  0.4649E-06 -0.2040E-01  0.1804E-01   0.000       0.000       0.000       0.000        0.000       0.000       0.000       0.000       0.000       0.000                            0.4649E-06  0.4649E-06   0.000    
  20649600.0   10.74085720   10.9757   0.000       0.000      0.2348E-02  0.4476E-06 -0.2031E-01  0.1797E-01   0.000       0.000       0.000       0.000        0.000       0.000       0.000       0.000       0.000       0.000                            0.4476E-06  0.4476E-06   0.000    
  20736000.0   10.73331894   10.9672   0.000       0.000      0.2339E-02  0.4362E-06 -0.2023E-01  0.1789E-01   0.000       0.000       0.000       0.000        0.000       0.000       0.000       0.000       0.000       0.000                            0.4362E-06  0.4362E-06   0.000    
  20822400.0   10.72603933   10.9590   0.000       0.000      0.2330E-02  0.4213E-06 -0.2015E-01  0.1782E-01   0.000       0.000       0.000       0.000        0.000       0.000       0.000       0.000       0.000       0.000                            0.4213E-06  0.4213E-06   0.000    
  20908800.0   10.71890900   10.9510   0.000       0.000      0.2321E-02  0.4126E-06 -0.2006E-01  0.1774E-01   0.000       0.000       0.000       0.000        0.000       0.000       0.000       0.000       0.000       0.000                            0.4126E-06  0.4126E-06   0.000    
  20995200.0   10.71201270   10.9432   0.000       0.000      0.2312E-02  0.3991E-06 -0.1998E-01  0.1767E-01   0.000       0.000       0.000       0.000        0.000       0.000       0.000       0.000       0.000       0.000                            0.3991E-06  0.3991E-06   0.000    
  21081600.0   10.70523010   10.9356   0.000       0.000      0.2303E-02  0.3925E-06 -0.1990E-01  0.1760E-01   0.000       0.000       0.000       0.000        0.000       0.000       0.000       0.000       0.000       0.000                            0.3925E-06  0.3925E-06   0.000    
  21168000.0   10.69866347   10.9281   0.000       0.000      0.2295E-02  0.3800E-06 -0.1982E-01  0.1752E-01   0.000       0.000       0.000       0.000        0.000       0.000       0.000       0.000       0.000       0.000                            0.3800E-06  0.3800E-06   0.000    
  21254400.0   10.69218079   10.9208   0.000       0.000      0.2286E-02  0.3752E-06 -0.1974E-01  0.1745E-01   0.000       0.000       0.000       0.000        0.000       0.000       0.000       0.000       0.000       0.000                            0.3752E-06  0.3752E-06   0.000    
  21340800.0   10.68586623   10.9136   0.000       0.000      0.2278E-02  0.3654E-06 -0.1966E-01  0.1738E-01   0.000       0.000       0.000       0.000        0.000       0.000       0.000       0.000       0.000       0.000                            0.3654E-06  0.3654E-06   0.000    
  21427200.0   10.67969928   10.9066   0.000       0.000      0.2269E-02  0.3569E-06 -0.1959E-01  0.1732E-01   0.000       0.000       0.000       0.000        0.000       0.000       0.000       0.000       0.000       0.000                            0.3569E-06  0.3569E-06   0.000    
  21513600.0   10.67508405   10.9013   0.000       0.000      0.2262E-02  0.2671E-06 -0.1952E-01  0.1726E-01   0.000       0.000       0.000       0.000        0.000       0.000       0.000       0.000       0.000       0.000                            0.2671E-06  0.2671E-06   0.000    
  21600000.0   10.68519149   10.9119   0.000       0.000      0.2267E-02 -0.5849E-06 -0.1957E-01  0.1730E-01   0.000       0.000       0.000       0.000        0.000       0.000       0.000       0.000       0.000       0.000                           -0.5849E-06 -0.5849E-06   0.000    
  21686400.0   10.67754081   10.9035   0.000       0.000      0.2259E-02  0.4427E-06 -0.1947E-01  0.1721E-01   0.000       0.000       0.000       0.000        0.000       0.000       0.000       0.000       0.000       0.000                            0.4427E-06  0.4427E-06   0.000    
  21772800.0   10.67036826   10.8955   0.000       0.000      0.2251E-02  0.4151E-06 -0.1941E-01  0.1715E-01   0.000       0.000       0.000       0.000        0.000       0.000       0.000       0.000       0.000       0.000                            0.4151E-06  0.4151E-06   0.000    
  21859200.0   10.66360518   10.8879   0.000       0.000      0.2243E-02  0.3914E-06 -0.1933E-01  0.1709E-01   0.000       0.000       0.000       0.000        0.000       0.000       0.000       0.000       0.000       0.000                            0.3914E-06  0.3914E-06   0.000    
  21945600.0   10.65720747   10.8807   0.000       0.000      0.2235E-02  0.3702E-06 -0.1926E-01  0.1702E-01   0.000       0.000       0.000       0.000        0.000       0.000       0.000       0.000       0.000       0.000                            0.3702E-06  0.3702E-06   0.000    
  22032000.0   10.65100140   10.8736   0.000       0.000      0.2226E-02  0.3591E-06 -0.1918E-01  0.1695E-01   0.000       0.000       0.000       0.000        0.000       0.000       0.000       0.000       0.000       0.000                            0.3591E-06  0.3591E-06   0.000    
  22118400.0   10.64500869   10.8668   0.000       0.000      0.2218E-02  0.3468E-06 -0.1911E-01  0.1689E-01   0.000       0.000       0.000       0.000        0.000       0.000       0.000       0.000       0.000       0.000                            0.3468E-06  0.3468E-06   0.000    
  22204800.0   10.63923033   10.8602   0.000       0.000      0.2210E-02  0.3344E-06 -0.1903E-01  0.1682E-01   0.000       0.000       0.000       0.000        0.000       0.000       0.000       0.000       0.000       0.000                            0.3344E-06  0.3344E-06   0.000    
  22291200.0   10.63356115   10.8538   0.000       0.000      0.2202E-02  0.3281E-06 -0.1896E-01  0.1676E-01   0.000       0.000       0.000       0.000        0.000       0.000       0.000       0.000       0.000       0.000                            0.3281E-06  0.3281E-06   0.000    
  22377600.0   10.62804583   10.8475   0.000       0.000      0.2194E-02  0.3192E-06 -0.1889E-01  0.1670E-01   0.000       0.000       0.000       0.000        0.000       0.000       0.000       0.000       0.000       0.000                            0.3192E-06  0.3192E-06   0.000    
  22464000.0   10.64039492   10.8606   0.000       0.000      0.2202E-02 -0.7146E-06 -0.1896E-01  0.1676E-01   0.000       0.000       0.000       0.000        0.000       0.000       0.000       0.000       0.000       0.000                           -0.7146E-06 -0.7146E-06   0.000    
  22550400.0   10.63536103   10.8550   0.000       0.000      0.2196E-02  0.2913E-06 -0.1889E-01  0.1669E-01   0.000       0.000       0.000       0.000        0.000       0.000       0.000       0.000       0.000       0.000                            0.2913E-06  0.2913E-06   0.000    
  22636800.0   10.63318193   10.8524   0.000       0.000      0.2193E-02  0.1261E-06 -0.1886E-01  0.1667E-01   0.000       0.000       0.000       0.000        0.000       0.000       0.000       0.000       0.000       0.000                            0.1261E-06  0.1261E-06   0.000    
  22723200.0   10.67853916   10.9014   0.000       0.000      0.2229E-02 -0.2625E-05 -0.1919E-01  0.1696E-01   0.000       0.000       0.000       0.000        0.000       0.000       0.000       0.000       0.000       0.000                           -0.2625E-05 -0.2625E-05   0.000    
  22809600.0   10.67737581   10.9004   0.000       0.000      0.2230E-02  0.6732E-07 -0.1915E-01  0.1692E-01   0.000       0.000       0.000       0.000        0.000       0.000       0.000       0.000       0.000       0.000                            0.6732E-07  0.6732E-07   0.000    
  22896000.0   10.67414481   10.8970   0.000       0.000      0.2228E-02  0.1870E-06 -0.1914E-01  0.1692E-01   0.000       0.000       0.000       0.000        0.000       0.000       0.000       0.000       0.000       0.000                            0.1870E-06  0.1870E-06   0.000    
  22982400.0   10.66983385   10.8923   0.000       0.000      0.2225E-02  0.2495E-06 -0.1912E-01  0.1689E-01   0.000       0.000       0.000       0.000        0.000       0.000       0.000       0.000       0.000       0.000                            0.2495E-06  0.2495E-06   0.000    
  23068800.0   10.66503167   10.8870   0.000       0.000      0.2220E-02  0.2779E-06 -0.1908E-01  0.1686E-01   0.000       0.000       0.000       0.000        0.000       0.000       0.000       0.000       0.000       0.000                            0.2779E-06  0.2779E-06   0.000    
  23155200.0   10.65902674   10.8804   0.000       0.000      0.2214E-02  0.3475E-06 -0.1902E-01  0.1681E-01   0.000       0.000       0.000       0.000        0.000       0.000       0.000       0.000       0.000       0.000                            0.3475E-06  0.3475E-06   0.000    
  23241600.0   10.65259375   10.8732   0.000       0.000      0.2207E-02  0.3723E-06 -0.1896E-01  0.1676E-01   0.000       0.000       0.000       0.000        0.000       0.000       0.000       0.000       0.000       0.000                            0.3723E-06  0.3723E-06   0.000    
  23328000.0   10.64580640   10.8657   0.000       0.000      0.2199E-02  0.3928E-06 -0.1890E-01  0.1670E-01   0.000       0.000       0.000       0.000        0.000       0.000       0.000       0.000       0.000       0.000                            0.3928E-06  0.3928E-06   0.000    
  23414400.0   10.63894750   10.8580   0.000       0.000      0.2191E-02  0.3969E-06 -0.1883E-01  0.1664E-01   0.000       0.000       0.000       0.000        0.000       0.000       0.000       0.000       0.000       0.000                            0.3969E-06  0.3969E-06   0.000    
  23500800.0   10.63238867   10.8506   0.000       0.000      0.2182E-02  0.3796E-06 -0.1876E-01  0.1658E-01   0.000       0.000       0.000       0.000        0.000       0.000       0.000       0.000       0.000       0.000                            0.3796E-06  0.3796E-06   0.000    
  23587200.0   10.62602790   10.8435   0.000       0.000      0.2174E-02  0.3681E-06 -0.1869E-01  0.1652E-01   0.000       0.000       0.000       0.000        0.000       0.000       0.000       0.000       0.000       0.000                            0.3681E-06  0.3681E-06   0.000    
  23673600.0   10.61978092   10.8364   0.000       0.000      0.2166E-02  0.3615E-06 -0.1862E-01  0.1646E-01   0.000       0.000       0.000       0.000        0.000       0.000       0.000       0.000       0.000       0.000                            0.3615E-06  0.3615E-06   0.000    
  23760000.0   10.61349494   10.8293   0.000       0.000      0.2158E-02  0.3638E-06 -0.1855E-01  0.1639E-01   0.000       0.000       0.000       0.000        0.000       0.000       0.000       0.000       0.000       0.000                            0.3638E-06  0.3638E-06   0.000    
  23846400.0   10.60734529   10.8223   0.000       0.000      0.2150E-02  0.3559E-06 -0.1848E-01  0.1633E-01   0.000       0.000       0.000       0.000        0.000       0.000       0.000       0.000       0.000       0.000                            0.3559E-06  0.3559E-06   0.000    
  23932800.0   10.60143465   10.8156   0.000       0.000      0.2142E-02  0.3421E-06 -0.1841E-01  0.1627E-01   0.000       0.000       0.000       0.000        0.000       0.000       0.000       0.000       0.000       0.000                            0.3421E-06  0.3421E-06   0.000    
  24019200.0   10.59571957   10.8091   0.000       0.000      0.2134E-02  0.3307E-06 -0.1834E-01  0.1621E-01   0.000       0.000       0.000       0.000        0.000       0.000       0.000       0.000       0.000       0.000                            0.3307E-06  0.3307E-06   0.000    
  24105600.0   10.59018088   10.8028   0.000       0.000      0.2126E-02  0.3205E-06 -0.1827E-01  0.1615E-01   0.000       0.000       0.000       0.000        0.000       0.000       0.000       0.000       0.000       0.000                            0.3205E-06  0.3205E-06   0.000    
  24192000.0   10.58475443   10.7965   0.000       0.000      0.2118E-02  0.3140E-06 -0.1820E-01  0.1609E-01   0.000       0.000       0.000       0.000        0.000       0.000       0.000       0.000       0.000       0.000                            0.3140E-06  0.3140E-06   0.000    
  24278400.0   10.57940725   10.7904   0.000       0.000      0.2110E-02  0.3094E-06 -0.1814E-01  0.1603E-01   0.000       0.000       0.000       0.000        0.000       0.000       0.000       0.000       0.000       0.000                            0.3094E-06  0.3094E-06   0.000    
  24364800.0   10.57419147   10.7844   0.000       0.000      0.2103E-02  0.3018E-06 -0.1807E-01  0.1597E-01   0.000       0.000       0.000       0.000        0.000       0.000       0.000       0.000       0.000       0.000                            0.3018E-06  0.3018E-06   0.000    
  24451200.0   10.56912222   10.7786   0.000       0.000      0.2095E-02  0.2934E-06 -0.1800E-01  0.1591E-01   0.000       0.000       0.000       0.000        0.000       0.000       0.000       0.000       0.000       0.000                            0.2934E-06  0.2934E-06   0.000    
  24537600.0   10.56419227   10.7729   0.000       0.000      0.2087E-02  0.2853E-06 -0.1793E-01  0.1585E-01   0.000       0.000       0.000       0.000        0.000       0.000       0.000       0.000       0.000       0.000                            0.2853E-06  0.2853E-06   0.000    
  24624000.0   10.55939487   10.7674   0.000       0.000      0.2080E-02  0.2776E-06 -0.1787E-01  0.1579E-01   0.000       0.000       0.000       0.000        0.000       0.000       0.000       0.000       0.000       0.000                            0.2776E-06  0.2776E-06   0.000    
  24710400.0   10.55473309   10.7620   0.000       0.000      0.2073E-02  0.2698E-06 -0.1780E-01  0.1573E-01   0.000       0.000       0.000       0.000        0.000       0.000       0.000       0.000       0.000       0.000                            0.2698E-06  0.2698E-06   0.000    
  24796800.0   10.55014721   10.7567   0.000       0.000      0.2066E-02  0.2654E-06 -0.1774E-01  0.1567E-01   0.000       0.000       0.000       0.000        0.000       0.000       0.000       0.000       0.000       0.000                            0.2654E-06  0.2654E-06   0.000    
  24883200.0   10.54588682   10.7518   0.000       0.000      0.2059E-02  0.2466E-06 -0.1768E-01  0.1562E-01   0.000       0.000       0.000       0.000        0.000       0.000       0.000       0.000       0.000       0.000                            0.2466E-06  0.2466E-06   0.000    
  24969600.0   10.54619905   10.7518   0.000       0.000      0.2056E-02 -0.1807E-07 -0.1766E-01  0.1560E-01   0.000       0.000       0.000       0.000        0.000       0.000       0.000       0.000       0.000       0.000                           -0.1807E-07 -0.1807E-07   0.000    
  25056000.0   10.54151295   10.7465   0.000       0.000      0.2049E-02  0.2712E-06 -0.1759E-01  0.1554E-01   0.000       0.000       0.000       0.000        0.000       0.000       0.000       0.000       0.000       0.000                            0.2712E-06  0.2712E-06   0.000    
  25142400.0   10.53696380   10.7412   0.000       0.000      0.2043E-02  0.2633E-06 -0.1753E-01  0.1549E-01   0.000       0.000       0.000       0.000        0.000       0.000       0.000       0.000       0.000       0.000                            0.2633E-06  0.2633E-06   0.000    
  25228800.0   10.54154399   10.7460   0.000       0.000      0.2044E-02 -0.2651E-06 -0.1755E-01  0.1550E-01   0.000       0.000       0.000       0.000        0.000       0.000       0.000       0.000       0.000       0.000                           -0.2651E-06 -0.2651E-06   0.000    
  25315200.0   10.53730513   10.7412   0.000       0.000      0.2038E-02  0.2453E-06 -0.1748E-01  0.1545E-01   0.000       0.000       0.000       0.000        0.000       0.000       0.000       0.000       0.000       0.000                            0.2453E-06  0.2453E-06   0.000    
  25401600.0   10.53787175   10.7416   0.000       0.000      0.2037E-02 -0.3279E-07 -0.1747E-01  0.1544E-01   0.000       0.000       0.000       0.000        0.000       0.000       0.000       0.000       0.000       0.000                           -0.3279E-07 -0.3279E-07   0.000    
  25488000.0   10.53800362   10.7415   0.000       0.000      0.2035E-02 -0.7632E-08 -0.1745E-01  0.1542E-01   0.000       0.000       0.000       0.000        0.000       0.000       0.000       0.000       0.000       0.000                           -0.7632E-08 -0.7632E-08   0.000    
  25574400.0   10.54106091   10.7447   0.000       0.000      0.2036E-02 -0.1769E-06 -0.1746E-01  0.1543E-01   0.000       0.000       0.000       0.000        0.000       0.000       0.000       0.000       0.000       0.000                           -0.1769E-06 -0.1769E-06   0.000    
  25660800.0   10.53735357   10.7405   0.000       0.000      0.2032E-02  0.2145E-06 -0.1741E-01  0.1538E-01   0.000       0.000       0.000       0.000        0.000       0.000       0.000       0.000       0.000       0.000                            0.2145E-06  0.2145E-06   0.000    
  25747200.0   10.54418462   10.7478   0.000       0.000      0.2036E-02 -0.3953E-06 -0.1746E-01  0.1543E-01   0.000       0.000       0.000       0.000        0.000       0.000       0.000       0.000       0.000       0.000                           -0.3953E-06 -0.3953E-06   0.000    
  25833600.0   10.58220007   10.7893   0.000       0.000      0.2071E-02 -0.2200E-05 -0.1777E-01  0.1570E-01   0.000       0.000       0.000       0.000        0.000       0.000       0.000       0.000       0.000       0.000                           -0.2200E-05 -0.2200E-05   0.000    
  25920000.0   10.63334820   10.8452   0.000       0.000      0.2119E-02 -0.2960E-05 -0.1816E-01  0.1604E-01   0.000       0.000       0.000       0.000        0.000       0.000       0.000       0.000       0.000       0.000                           -0.2960E-05 -0.2960E-05   0.000    
  26006400.0   10.68514575   10.9019   0.000       0.000      0.2168E-02 -0.2998E-05 -0.1856E-01  0.1640E-01   0.000       0.000       0.000       0.000        0.000       0.000       0.000       0.000       0.000       0.000                           -0.2998E-05 -0.2998E-05   0.000    
  26092800.0   10.69955032   10.9184   0.000       0.000      0.2188E-02 -0.8336E-06 -0.1871E-01  0.1652E-01   0.000       0.000       0.000       0.000        0.000       0.000       0.000       0.000       0.000       0.000                           -0.8336E-06 -0.8336E-06   0.000    
  26179200.0   10.69516892   10.9144   0.000       0.000      0.2192E-02  0.2536E-06 -0.1875E-01  0.1656E-01   0.000       0.000       0.000       0.000        0.000       0.000       0.000       0.000       0.000       0.000                            0.2536E-06  0.2536E-06   0.000    
  26265600.0   10.68685800   10.9057   0.000       0.000      0.2189E-02  0.4810E-06 -0.1874E-01  0.1656E-01   0.000       0.000       0.000       0.000        0.000       0.000       0.000       0.000       0.000       0.000                            0.4810E-06  0.4810E-06   0.000    
  26352000.0   10.67740585   10.8957   0.000       0.000      0.2183E-02  0.5470E-06 -0.1871E-01  0.1653E-01   0.000       0.000       0.000       0.000        0.000       0.000       0.000       0.000       0.000       0.000                            0.5470E-06  0.5470E-06   0.000    
  26438400.0   10.66775864   10.8853   0.000       0.000      0.2175E-02  0.5583E-06 -0.1866E-01  0.1648E-01   0.000       0.000       0.000       0.000        0.000       0.000       0.000       0.000       0.000       0.000                            0.5583E-06  0.5583E-06   0.000    
  26524800.0   10.65815437   10.8748   0.000       0.000      0.2167E-02  0.5558E-06 -0.1860E-01  0.1643E-01   0.000       0.000       0.000       0.000        0.000       0.000       0.000       0.000       0.000       0.000                            0.5558E-06  0.5558E-06   0.000    
  26611200.0   10.64835882   10.8641   0.000       0.000      0.2158E-02  0.5669E-06 -0.1853E-01  0.1637E-01   0.000       0.000       0.000       0.000        0.000       0.000       0.000       0.000       0.000       0.000                            0.5669E-06  0.5669E-06   0.000    
  26697600.0   10.63908626   10.8539   0.000       0.000      0.2148E-02  0.5366E-06 -0.1846E-01  0.1631E-01   0.000       0.000       0.000       0.000        0.000       0.000       0.000       0.000       0.000       0.000                            0.5366E-06  0.5366E-06   0.000    
  26784000.0   10.63016515   10.8440   0.000       0.000      0.2139E-02  0.5163E-06 -0.1839E-01  0.1625E-01   0.000       0.000       0.000       0.000        0.000       0.000       0.000       0.000       0.000       0.000                            0.5163E-06  0.5163E-06   0.000    
  26870400.0   10.65804398   10.8740   0.000       0.000      0.2160E-02 -0.1613E-05 -0.1860E-01  0.1644E-01   0.000       0.000       0.000       0.000        0.000       0.000       0.000       0.000       0.000       0.000                           -0.1613E-05 -0.1613E-05   0.000    
  26956800.0   10.67599573   10.8936   0.000       0.000      0.2176E-02 -0.1039E-05 -0.1871E-01  0.1654E-01   0.000       0.000       0.000       0.000        0.000       0.000       0.000       0.000       0.000       0.000                           -0.1039E-05 -0.1039E-05   0.000    
  27043200.0   10.69315151   10.9124   0.000       0.000      0.2192E-02 -0.9928E-06 -0.1886E-01  0.1666E-01   0.000       0.000       0.000       0.000        0.000       0.000       0.000       0.000       0.000       0.000                           -0.9928E-06 -0.9928E-06   0.000    
  27129600.0   10.69892333   10.9189   0.000       0.000      0.2200E-02 -0.3340E-06 -0.1892E-01  0.1672E-01   0.000       0.000       0.000       0.000        0.000       0.000       0.000       0.000       0.000       0.000                           -0.3340E-06 -0.3340E-06   0.000    
  27216000.0   10.70885744   10.9299   0.000       0.000      0.2210E-02 -0.5749E-06 -0.1902E-01  0.1681E-01   0.000       0.000       0.000       0.000        0.000       0.000       0.000       0.000       0.000       0.000                           -0.5749E-06 -0.5749E-06   0.000    
  27302400.0   10.73309971   10.9562   0.000       0.000      0.2231E-02 -0.1403E-05 -0.1921E-01  0.1698E-01   0.000       0.000       0.000       0.000        0.000       0.000       0.000       0.000       0.000       0.000                           -0.1403E-05 -0.1403E-05   0.000    
  27388800.0   10.78058568   11.0077   0.000       0.000      0.2271E-02 -0.2748E-05 -0.1956E-01  0.1729E-01   0.000       0.000       0.000       0.000        0.000       0.000       0.000       0.000       0.000       0.000                           -0.2748E-05 -0.2748E-05   0.000    
  27475200.0   10.82245347   11.0533   0.000       0.000      0.2308E-02 -0.2423E-05 -0.1987E-01  0.1756E-01   0.000       0.000       0.000       0.000        0.000       0.000       0.000       0.000       0.000       0.000                           -0.2423E-05 -0.2423E-05   0.000    
  27561600.0   10.82062110   11.0522   0.000       0.000      0.2315E-02  0.1060E-06 -0.1991E-01  0.1760E-01   0.000       0.000       0.000       0.000        0.000       0.000       0.000       0.000       0.000       0.000                            0.1060E-06  0.1060E-06   0.000    
  27648000.0   10.81183479   11.0433   0.000       0.000      0.2314E-02  0.5085E-06 -0.1993E-01  0.1762E-01   0.000       0.000       0.000       0.000        0.000       0.000       0.000       0.000       0.000       0.000                            0.5085E-06  0.5085E-06   0.000    
  27734400.0   10.79934221   11.0302   0.000       0.000      0.2308E-02  0.7230E-06 -0.1990E-01  0.1759E-01   0.000       0.000       0.000       0.000        0.000       0.000       0.000       0.000       0.000       0.000                            0.7230E-06  0.7230E-06   0.000    
  27820800.0   10.78823921   11.0184   0.000       0.000      0.2301E-02  0.6425E-06 -0.1986E-01  0.1755E-01   0.000       0.000       0.000       0.000        0.000       0.000       0.000       0.000       0.000       0.000                            0.6425E-06  0.6425E-06   0.000    
  27907200.0   10.77956643   11.0091   0.000       0.000      0.2295E-02  0.5019E-06 -0.1982E-01  0.1752E-01   0.000       0.000       0.000       0.000        0.000       0.000       0.000       0.000       0.000       0.000                            0.5019E-06  0.5019E-06   0.000    
  27993600.0   10.80002610   11.0310   0.000       0.000      0.2309E-02 -0.1184E-05 -0.1997E-01  0.1766E-01   0.000       0.000       0.000       0.000        0.000       0.000       0.000       0.000       0.000       0.000                           -0.1184E-05 -0.1184E-05   0.000    
  28080000.0   10.83120822   11.0646   0.000       0.000      0.2334E-02 -0.1805E-05 -0.2018E-01  0.1785E-01   0.000       0.000       0.000       0.000        0.000       0.000       0.000       0.000       0.000       0.000                           -0.1805E-05 -0.1805E-05   0.000    
  28166400.0   10.84800923   11.0830   0.000       0.000      0.2350E-02 -0.9723E-06 -0.2031E-01  0.1796E-01   0.000       0.000       0.000       0.000        0.000       0.000       0.000       0.000       0.000       0.000                           -0.9723E-06 -0.9723E-06   0.000    
  28252800.0   10.84141322   11.0764   0.000       0.000      0.2350E-02  0.3817E-06 -0.2031E-01  0.1796E-01   0.000       0.000       0.000       0.000        0.000       0.000       0.000       0.000       0.000       0.000                            0.3817E-06  0.3817E-06   0.000    
  28339200.0   10.82981828   11.0642   0.000       0.000      0.2344E-02  0.6710E-06 -0.2028E-01  0.1793E-01   0.000       0.000       0.000       0.000        0.000       0.000       0.000       0.000       0.000       0.000                            0.6710E-06  0.6710E-06   0.000    
  28425600.0   10.81667404   11.0502   0.000       0.000      0.2336E-02  0.7607E-06 -0.2022E-01  0.1788E-01   0.000       0.000       0.000       0.000        0.000       0.000       0.000       0.000       0.000       0.000                            0.7607E-06  0.7607E-06   0.000    
  28512000.0   10.80316170   11.0357   0.000       0.000      0.2325E-02  0.7820E-06 -0.2015E-01  0.1782E-01   0.000       0.000       0.000       0.000        0.000       0.000       0.000       0.000       0.000       0.000                            0.7820E-06  0.7820E-06   0.000    
  28598400.0   10.78969628   11.0211   0.000       0.000      0.2314E-02  0.7792E-06 -0.2006E-01  0.1775E-01   0.000       0.000       0.000       0.000        0.000       0.000       0.000       0.000       0.000       0.000                            0.7792E-06  0.7792E-06   0.000    
  28684800.0   10.77652974   11.0068   0.000       0.000      0.2303E-02  0.7620E-06 -0.1997E-01  0.1767E-01   0.000       0.000       0.000       0.000        0.000       0.000       0.000       0.000       0.000       0.000                            0.7620E-06  0.7620E-06   0.000    
  28771200.0   10.76373919   10.9929   0.000       0.000      0.2291E-02  0.7402E-06 -0.1988E-01  0.1759E-01   0.000       0.000       0.000       0.000        0.000       0.000       0.000       0.000       0.000       0.000                            0.7402E-06  0.7402E-06   0.000    
  28857600.0   10.75139006   10.9794   0.000       0.000      0.2280E-02  0.7146E-06 -0.1979E-01  0.1751E-01   0.000       0.000       0.000       0.000        0.000       0.000       0.000       0.000       0.000       0.000                            0.7146E-06  0.7146E-06   0.000    
  28944000.0   10.73936879   10.9662   0.000       0.000      0.2268E-02  0.6957E-06 -0.1969E-01  0.1742E-01   0.000       0.000       0.000       0.000        0.000       0.000       0.000       0.000       0.000       0.000                            0.6957E-06  0.6957E-06   0.000    
  29030400.0   10.72764377   10.9533   0.000       0.000      0.2256E-02  0.6785E-06 -0.1959E-01  0.1734E-01   0.000       0.000       0.000       0.000        0.000       0.000       0.000       0.000       0.000       0.000                            0.6785E-06  0.6785E-06   0.000    
  29116800.0   10.71635933   10.9408   0.000       0.000      0.2244E-02  0.6530E-06 -0.1950E-01  0.1725E-01   0.000       0.000       0.000       0.000        0.000       0.000       0.000       0.000       0.000       0.000                            0.6530E-06  0.6530E-06   0.000    
  29203200.0   10.70529630   10.9285   0.000       0.000      0.2233E-02  0.6402E-06 -0.1940E-01  0.1716E-01   0.000       0.000       0.000       0.000        0.000       0.000       0.000       0.000       0.000       0.000                            0.6402E-06  0.6402E-06   0.000    
  29289600.0   10.69467026   10.9168   0.000       0.000      0.2221E-02  0.6149E-06 -0.1930E-01  0.1708E-01   0.000       0.000       0.000       0.000        0.000       0.000       0.000       0.000       0.000       0.000                            0.6149E-06  0.6149E-06   0.000    
  29376000.0   10.68452735   10.9055   0.000       0.000      0.2210E-02  0.5870E-06 -0.1920E-01  0.1699E-01   0.000       0.000       0.000       0.000        0.000       0.000       0.000       0.000       0.000       0.000                            0.5870E-06  0.5870E-06   0.000    
  29462400.0   10.67485981   10.8947   0.000       0.000      0.2199E-02  0.5595E-06 -0.1910E-01  0.1690E-01   0.000       0.000       0.000       0.000        0.000       0.000       0.000       0.000       0.000       0.000                            0.5595E-06  0.5595E-06   0.000    
  29548800.0   10.66553464   10.8843   0.000       0.000      0.2188E-02  0.5397E-06 -0.1901E-01  0.1682E-01   0.000       0.000       0.000       0.000        0.000       0.000       0.000       0.000       0.000       0.000                            0.5397E-06  0.5397E-06   0.000    
  29635200.0   10.65652408   10.8742   0.000       0.000      0.2177E-02  0.5214E-06 -0.1891E-01  0.1674E-01   0.000       0.000       0.000       0.000        0.000       0.000       0.000       0.000       0.000       0.000                            0.5214E-06  0.5214E-06   0.000    
  29721600.0   10.64783508   10.8645   0.000       0.000      0.2167E-02  0.5028E-06 -0.1882E-01  0.1665E-01   0.000       0.000       0.000       0.000        0.000       0.000       0.000       0.000       0.000       0.000                            0.5028E-06  0.5028E-06   0.000    
  29808000.0   10.63936632   10.8550   0.000       0.000      0.2156E-02  0.4901E-06 -0.1873E-01  0.1657E-01   0.000       0.000       0.000       0.000        0.000       0.000       0.000       0.000       0.000       0.000                            0.4901E-06  0.4901E-06   0.000    
  29894400.0   10.63115311   10.8457   0.000       0.000      0.2146E-02  0.4753E-06 -0.1864E-01  0.1649E-01   0.000       0.000       0.000       0.000        0.000       0.000       0.000       0.000       0.000       0.000                            0.4753E-06  0.4753E-06   0.000    
  29980800.0   10.62318362   10.8368   0.000       0.000      0.2136E-02  0.4612E-06 -0.1855E-01  0.1641E-01   0.000       0.000       0.000       0.000        0.000       0.000       0.000       0.000       0.000       0.000                            0.4612E-06  0.4612E-06   0.000    
  30067200.0   10.61552304   10.8281   0.000       0.000      0.2126E-02  0.4433E-06 -0.1846E-01  0.1633E-01   0.000       0.000       0.000       0.000        0.000       0.000       0.000       0.000       0.000       0.000                            0.4433E-06  0.4433E-06   0.000    
  30153600.0   10.60813277   10.8198   0.000       0.000      0.2116E-02  0.4277E-06 -0.1837E-01  0.1625E-01   0.000       0.000       0.000       0.000        0.000       0.000       0.000       0.000       0.000       0.000                            0.4277E-06  0.4277E-06   0.000    
  30240000.0   10.60100258   10.8117   0.000       0.000      0.2107E-02  0.4126E-06 -0.1828E-01  0.1617E-01   0.000       0.000       0.000       0.000        0.000       0.000       0.000       0.000       0.000       0.000                            0.4126E-06  0.4126E-06   0.000    
  30326400.0   10.59408075   10.8038   0.000       0.000      0.2097E-02  0.4006E-06 -0.1819E-01  0.1610E-01   0.000       0.000       0.000       0.000        0.000       0.000       0.000       0.000       0.000       0.000                            0.4006E-06  0.4006E-06   0.000    
  30412800.0   10.58737055   10.7962   0.000       0.000      0.2088E-02  0.3883E-06 -0.1811E-01  0.1602E-01   0.000       0.000       0.000       0.000        0.000       0.000       0.000       0.000       0.000       0.000                            0.3883E-06  0.3883E-06   0.000    
  30499200.0   10.58087923   10.7888   0.000       0.000      0.2079E-02  0.3757E-06 -0.1803E-01  0.1595E-01   0.000       0.000       0.000       0.000        0.000       0.000       0.000       0.000       0.000       0.000                            0.3757E-06  0.3757E-06   0.000    
  30585600.0   10.57458263   10.7816   0.000       0.000      0.2070E-02  0.3644E-06 -0.1795E-01  0.1587E-01   0.000       0.000       0.000       0.000        0.000       0.000       0.000       0.000       0.000       0.000                            0.3644E-06  0.3644E-06   0.000    
  30672000.0   10.56848112   10.7747   0.000       0.000      0.2062E-02  0.3531E-06 -0.1786E-01  0.1580E-01   0.000       0.000       0.000       0.000        0.000       0.000       0.000       0.000       0.000       0.000                            0.3531E-06  0.3531E-06   0.000    
  30758400.0   10.56256345   10.7679   0.000       0.000      0.2053E-02  0.3425E-06 -0.1778E-01  0.1573E-01   0.000       0.000       0.000       0.000        0.000       0.000       0.000       0.000       0.000       0.000                            0.3425E-06  0.3425E-06   0.000    
  30844800.0   10.55681882   10.7613   0.000       0.000      0.2045E-02  0.3324E-06 -0.1771E-01  0.1566E-01   0.000       0.000       0.000       0.000        0.000       0.000       0.000       0.000       0.000       0.000                            0.3324E-06  0.3324E-06   0.000    
  30931200.0   10.55122726   10.7549   0.000       0.000      0.2036E-02  0.3236E-06 -0.1763E-01  0.1559E-01   0.000       0.000       0.000       0.000        0.000       0.000       0.000       0.000       0.000       0.000                            0.3236E-06  0.3236E-06   0.000    
  31017600.0   10.54578290   10.7486   0.000       0.000      0.2028E-02  0.3151E-06 -0.1755E-01  0.1552E-01   0.000       0.000       0.000       0.000        0.000       0.000       0.000       0.000       0.000       0.000                            0.3151E-06  0.3151E-06   0.000    
  31104000.0   10.54048986   10.7425   0.000       0.000      0.2020E-02  0.3063E-06 -0.1748E-01  0.1546E-01   0.000       0.000       0.000       0.000        0.000       0.000       0.000       0.000       0.000       0.000                            0.3063E-06  0.3063E-06   0.000    
  31190400.0   10.53534024   10.7366   0.000       0.000      0.2012E-02  0.2980E-06 -0.1740E-01  0.1539E-01   0.000       0.000       0.000       0.000        0.000       0.000       0.000       0.000       0.000       0.000                            0.2980E-06  0.2980E-06   0.000    
  31276800.0   10.53113860   10.7317   0.000       0.000      0.2005E-02  0.2432E-06 -0.1734E-01  0.1533E-01   0.000       0.000       0.000       0.000        0.000       0.000       0.000       0.000       0.000       0.000                            0.2432E-06  0.2432E-06   0.000    
  31363200.0   10.52615567   10.7259   0.000       0.000      0.1998E-02  0.2884E-06 -0.1727E-01  0.1527E-01   0.000       0.000       0.000       0.000        0.000       0.000       0.000       0.000       0.000       0.000                            0.2884E-06  0.2884E-06   0.000    
  31449600.0   10.52131571   10.7203   0.000       0.000      0.1990E-02  0.2801E-06 -0.1720E-01  0.1521E-01   0.000       0.000       0.000       0.000        0.000       0.000       0.000       0.000       0.000       0.000                            0.2801E-06  0.2801E-06   0.000    
  31536000.0   10.51660398   10.7149   0.000       0.000      0.1983E-02  0.2727E-06 -0.1713E-01  0.1514E-01   0.000       0.000       0.000       0.000        0.000       0.000       0.000       0.000       0.000       0.000                            0.2727E-06  0.2727E-06   0.000    
  31622400.0   10.51160037   10.7091   0.000       0.000      0.1975E-02  0.2896E-06 -0.1705E-01  0.1508E-01   0.000       0.000       0.000       0.000        0.000       0.000       0.000       0.000       0.000       0.000                            0.2896E-06  0.2896E-06   0.000    
