   TOTIM (T)          HCON      HMAT     QDIR      QWELL        QMAT QCADS<->CON       QTUB1       QTUB2       QTUB3       QTUB4       QTUB5       QTUB6       NSTOR        QFIX        QLH     FHLQ (LQ)      CAUCHY CAUCHY (LQ) BREAK-DOWN CADS FLOW  QCADS<->CON    Q_CDSSTO    Q_CDSRCH
     86400.0   10.25038122   10.2958   0.000       0.000      0.4540E-03   0.000     -0.7758E-01  0.7712E-01   0.000       0.000       0.000       0.000        0.000       0.000       0.000       0.000       0.000       0.000                             0.000       0.000       0.000    
    172800.0   10.24288294   10.2841   0.000       0.000      0.4123E-03  0.4339E-06 -0.7483E-01  0.7442E-01   0.000       0.000       0.000       0.000      -0.3775E-05   0.000       0.000       0.000       0.000       0.000                            0.4339E-06  0.4339E-06   0.000    
    259200.0   10.24404634   10.2865   0.000       0.000      0.4246E-03 -0.6733E-07 -0.7538E-01  0.7495E-01   0.000       0.000       0.000       0.000       0.5881E-06   0.000       0.000       0.000       0.000       0.000                           -0.6733E-07 -0.6733E-07   0.000    
    345600.0   10.24390943   10.2863   0.000       0.000      0.4241E-03  0.7923E-08 -0.7541E-01  0.7498E-01   0.000       0.000       0.000       0.000      -0.6916E-07   0.000       0.000       0.000       0.000       0.000                            0.7923E-08  0.7923E-08   0.000    
    432000.0   10.24931220   10.2948   0.000       0.000      0.4547E-03 -0.3127E-06 -0.7744E-01  0.7699E-01   0.000       0.000       0.000       0.000       0.2720E-05   0.000       0.000       0.000       0.000       0.000                           -0.3127E-06 -0.3127E-06   0.000    
    518400.0   10.25182578   10.2983   0.000       0.000      0.4650E-03 -0.1455E-06 -0.7833E-01  0.7787E-01   0.000       0.000       0.000       0.000       0.1259E-05   0.000       0.000       0.000       0.000       0.000                           -0.1455E-06 -0.1455E-06   0.000    
    604800.0   10.25205269   10.2985   0.000       0.000      0.4640E-03 -0.1313E-07 -0.7834E-01  0.7788E-01   0.000       0.000       0.000       0.000       0.1134E-06   0.000       0.000       0.000       0.000       0.000                           -0.1313E-07 -0.1313E-07   0.000    
    691200.0   10.25928526   10.3096   0.000       0.000      0.5035E-03 -0.4186E-06 -0.8093E-01  0.8043E-01   0.000       0.000       0.000       0.000       0.3597E-05   0.000       0.000       0.000       0.000       0.000                           -0.4186E-06 -0.4186E-06   0.000    
    777600.0   10.27866748   10.3393   0.000       0.000      0.6060E-03 -0.1122E-05 -0.8791E-01  0.8731E-01   0.000       0.000       0.000       0.000       0.9454E-05   0.000       0.000       0.000       0.000       0.000                           -0.1122E-05 -0.1122E-05   0.000    
    864000.0   10.30523746   10.3791   0.000       0.000      0.7388E-03 -0.1538E-05 -0.9731E-01  0.9658E-01   0.000       0.000       0.000       0.000       0.1248E-04   0.000       0.000       0.000       0.000       0.000                           -0.1538E-05 -0.1538E-05   0.000    
    950400.0   10.31229682   10.3878   0.000       0.000      0.7552E-03 -0.4085E-06 -0.9919E-01  0.9843E-01   0.000       0.000       0.000       0.000       0.3213E-05   0.000       0.000       0.000       0.000       0.000                           -0.4085E-06 -0.4085E-06   0.000    
   1036800.0   10.33904508   10.4284   0.000       0.000      0.8940E-03 -0.1548E-05 -0.1084      0.1075       0.000       0.000       0.000       0.000       0.1174E-04   0.000       0.000       0.000       0.000       0.000                           -0.1548E-05 -0.1548E-05   0.000    
   1123200.0   10.38889626   10.5035   0.000       0.000      0.1146E-02 -0.2885E-05 -0.1258      0.1246       0.000       0.000       0.000       0.000       0.1974E-04   0.000       0.000       0.000       0.000       0.000                           -0.2885E-05 -0.2885E-05   0.000    
   1209600.0   10.36753087   10.4661   0.000       0.000      0.9859E-03  0.1236E-05 -0.1165      0.1155       0.000       0.000       0.000       0.000      -0.8084E-05   0.000       0.000       0.000       0.000       0.000                            0.1236E-05  0.1236E-05   0.000    
   1296000.0   10.35235395   10.4425   0.000       0.000      0.9011E-03  0.8783E-06 -0.1099      0.1090       0.000       0.000       0.000       0.000      -0.6095E-05   0.000       0.000       0.000       0.000       0.000                            0.8783E-06  0.8783E-06   0.000    
   1382400.0   10.34110533   10.4252   0.000       0.000      0.8407E-03  0.6510E-06 -0.1053      0.1044       0.000       0.000       0.000       0.000      -0.4690E-05   0.000       0.000       0.000       0.000       0.000                            0.6510E-06  0.6510E-06   0.000    
   1468800.0   10.33199423   10.4111   0.000       0.000      0.7912E-03  0.5273E-06 -0.1017      0.1009       0.000       0.000       0.000       0.000      -0.3899E-05   0.000       0.000       0.000       0.000       0.000                            0.5273E-06  0.5273E-06   0.000    
   1555200.0   10.32332396   10.3977   0.000       0.000      0.7436E-03  0.5018E-06 -0.9838E-01  0.9763E-01   0.000       0.000       0.000       0.000      -0.3790E-05   0.000       0.000       0.000       0.000       0.000                            0.5018E-06  0.5018E-06   0.000    
   1641600.0   10.31531726   10.3853   0.000       0.000      0.7000E-03  0.4634E-06 -0.9546E-01  0.9476E-01   0.000       0.000       0.000       0.000      -0.3565E-05   0.000       0.000       0.000       0.000       0.000                            0.4634E-06  0.4634E-06   0.000    
   1728000.0   10.30918161   10.3759   0.000       0.000      0.6671E-03  0.3551E-06 -0.9333E-01  0.9266E-01   0.000       0.000       0.000       0.000      -0.2773E-05   0.000       0.000       0.000       0.000       0.000                            0.3551E-06  0.3551E-06   0.000    
   1814400.0   10.30413038   10.3681   0.000       0.000      0.6394E-03  0.2923E-06 -0.9162E-01  0.9098E-01   0.000       0.000       0.000       0.000      -0.2309E-05   0.000       0.000       0.000       0.000       0.000                            0.2923E-06  0.2923E-06   0.000    
   1900800.0   10.29819568   10.3589   0.000       0.000      0.6066E-03  0.3434E-06 -0.8963E-01  0.8902E-01   0.000       0.000       0.000       0.000      -0.2741E-05   0.000       0.000       0.000       0.000       0.000                            0.3434E-06  0.3434E-06   0.000    
   1987200.0   10.29313713   10.3511   0.000       0.000      0.5793E-03  0.2927E-06 -0.8795E-01  0.8737E-01   0.000       0.000       0.000       0.000      -0.2361E-05   0.000       0.000       0.000       0.000       0.000                            0.2927E-06  0.2927E-06   0.000    
   2073600.0   10.28932352   10.3453   0.000       0.000      0.5594E-03  0.2207E-06 -0.8678E-01  0.8622E-01   0.000       0.000       0.000       0.000      -0.1794E-05   0.000       0.000       0.000       0.000       0.000                            0.2207E-06  0.2207E-06   0.000    
   2160000.0   10.28444618   10.3377   0.000       0.000      0.5330E-03  0.2823E-06 -0.8521E-01  0.8467E-01   0.000       0.000       0.000       0.000      -0.2312E-05   0.000       0.000       0.000       0.000       0.000                            0.2823E-06  0.2823E-06   0.000    
   2246400.0   10.27977650   10.3307   0.000       0.000      0.5088E-03  0.2702E-06 -0.8371E-01  0.8320E-01   0.000       0.000       0.000       0.000      -0.2231E-05   0.000       0.000       0.000       0.000       0.000                            0.2702E-06  0.2702E-06   0.000    
   2332800.0   10.27528794   10.3239   0.000       0.000      0.4865E-03  0.2598E-06 -0.8232E-01  0.8183E-01   0.000       0.000       0.000       0.000      -0.2161E-05   0.000       0.000       0.000       0.000       0.000                            0.2598E-06  0.2598E-06   0.000    
   2419200.0   10.27102973   10.3176   0.000       0.000      0.4655E-03  0.2464E-06 -0.8101E-01  0.8054E-01   0.000       0.000       0.000       0.000      -0.2064E-05   0.000       0.000       0.000       0.000       0.000                            0.2464E-06  0.2464E-06   0.000    
   2505600.0   10.27023385   10.3167   0.000       0.000      0.4647E-03  0.4606E-07 -0.8102E-01  0.8055E-01   0.000       0.000       0.000       0.000      -0.3873E-06   0.000       0.000       0.000       0.000       0.000                            0.4606E-07  0.4606E-07   0.000    
   2592000.0   10.26768695   10.3128   0.000       0.000      0.4514E-03  0.1474E-06 -0.8030E-01  0.7984E-01   0.000       0.000       0.000       0.000      -0.1242E-05   0.000       0.000       0.000       0.000       0.000                            0.1474E-06  0.1474E-06   0.000    
   2678400.0   10.27714654   10.3279   0.000       0.000      0.5074E-03 -0.5474E-06 -0.8406E-01  0.8355E-01   0.000       0.000       0.000       0.000       0.4590E-05   0.000       0.000       0.000       0.000       0.000                           -0.5474E-06 -0.5474E-06   0.000    
   2764800.0   10.30807027   10.3756   0.000       0.000      0.6757E-03 -0.1790E-05 -0.9566E-01  0.9500E-01   0.000       0.000       0.000       0.000       0.1451E-04   0.000       0.000       0.000       0.000       0.000                           -0.1790E-05 -0.1790E-05   0.000    
   2851200.0   10.37947119   10.4845   0.000       0.000      0.1051E-02 -0.4132E-05 -0.1217      0.1206       0.000       0.000       0.000       0.000       0.2991E-04   0.000       0.000       0.000       0.000       0.000                           -0.4132E-05 -0.4132E-05   0.000    
   2937600.0   10.35090690   10.4346   0.000       0.000      0.8369E-03  0.1653E-05 -0.1097      0.1088       0.000       0.000       0.000       0.000      -0.1128E-04   0.000       0.000       0.000       0.000       0.000                            0.1653E-05  0.1653E-05   0.000    
   3024000.0   10.34818032   10.4309   0.000       0.000      0.8274E-03  0.1578E-06 -0.1078      0.1070       0.000       0.000       0.000       0.000      -0.1128E-05   0.000       0.000       0.000       0.000       0.000                            0.1578E-06  0.1578E-06   0.000    
   3110400.0   10.34533167   10.4262   0.000       0.000      0.8086E-03  0.1649E-06 -0.1063      0.1055       0.000       0.000       0.000       0.000      -0.1188E-05   0.000       0.000       0.000       0.000       0.000                            0.1649E-06  0.1649E-06   0.000    
   3196800.0   10.33807577   10.4146   0.000       0.000      0.7655E-03  0.4199E-06 -0.1032      0.1024       0.000       0.000       0.000       0.000      -0.3065E-05   0.000       0.000       0.000       0.000       0.000                            0.4199E-06  0.4199E-06   0.000    
   3283200.0   10.32992435   10.4019   0.000       0.000      0.7199E-03  0.4717E-06 -0.9995E-01  0.9922E-01   0.000       0.000       0.000       0.000      -0.3510E-05   0.000       0.000       0.000       0.000       0.000                            0.4717E-06  0.4717E-06   0.000    
   3369600.0   10.33137079   10.4044   0.000       0.000      0.7308E-03 -0.8371E-07 -0.1005      0.9976E-01   0.000       0.000       0.000       0.000       0.6279E-06   0.000       0.000       0.000       0.000       0.000                           -0.8371E-07 -0.8371E-07   0.000    
   3456000.0   10.33690085   10.4128   0.000       0.000      0.7589E-03 -0.3200E-06 -0.1026      0.1018       0.000       0.000       0.000       0.000       0.2381E-05   0.000       0.000       0.000       0.000       0.000                           -0.3200E-06 -0.3200E-06   0.000    
   3542400.0   10.34480096   10.4244   0.000       0.000      0.7958E-03 -0.4572E-06 -0.1054      0.1046       0.000       0.000       0.000       0.000       0.3345E-05   0.000       0.000       0.000       0.000       0.000                           -0.4572E-06 -0.4572E-06   0.000    
   3628800.0   10.34574956   10.4248   0.000       0.000      0.7910E-03 -0.5490E-07 -0.1054      0.1047       0.000       0.000       0.000       0.000       0.3971E-06   0.000       0.000       0.000       0.000       0.000                           -0.5490E-07 -0.5490E-07   0.000    
   3715200.0   10.33893102   10.4135   0.000       0.000      0.7461E-03  0.3946E-06 -0.1026      0.1019       0.000       0.000       0.000       0.000      -0.2876E-05   0.000       0.000       0.000       0.000       0.000                            0.3946E-06  0.3946E-06   0.000    
   3801600.0   10.33989350   10.4150   0.000       0.000      0.7514E-03 -0.5570E-07 -0.1029      0.1021       0.000       0.000       0.000       0.000       0.4090E-06   0.000       0.000       0.000       0.000       0.000                           -0.5570E-07 -0.5570E-07   0.000    
   3888000.0   10.34430051   10.4215   0.000       0.000      0.7722E-03 -0.2550E-06 -0.1044      0.1037       0.000       0.000       0.000       0.000       0.1860E-05   0.000       0.000       0.000       0.000       0.000                           -0.2550E-06 -0.2550E-06   0.000    
   3974400.0   10.35446386   10.4367   0.000       0.000      0.8224E-03 -0.5882E-06 -0.1081      0.1073       0.000       0.000       0.000       0.000       0.4207E-05   0.000       0.000       0.000       0.000       0.000                           -0.5882E-06 -0.5882E-06   0.000    
   4060800.0   10.36085888   10.4455   0.000       0.000      0.8469E-03 -0.3701E-06 -0.1102      0.1094       0.000       0.000       0.000       0.000       0.2586E-05   0.000       0.000       0.000       0.000       0.000                           -0.3701E-06 -0.3701E-06   0.000    
   4147200.0   10.35284233   10.4319   0.000       0.000      0.7907E-03  0.4639E-06 -0.1068      0.1060       0.000       0.000       0.000       0.000      -0.3249E-05   0.000       0.000       0.000       0.000       0.000                            0.4639E-06  0.4639E-06   0.000    
   4233600.0   10.34421903   10.4184   0.000       0.000      0.7415E-03  0.4990E-06 -0.1034      0.1026       0.000       0.000       0.000       0.000      -0.3578E-05   0.000       0.000       0.000       0.000       0.000                            0.4990E-06  0.4990E-06   0.000    
   4320000.0   10.33845904   10.4095   0.000       0.000      0.7104E-03  0.3333E-06 -0.1012      0.1005       0.000       0.000       0.000       0.000      -0.2436E-05   0.000       0.000       0.000       0.000       0.000                            0.3333E-06  0.3333E-06   0.000    
   4406400.0   10.33275080   10.4007   0.000       0.000      0.6793E-03  0.3303E-06 -0.9911E-01  0.9842E-01   0.000       0.000       0.000       0.000      -0.2449E-05   0.000       0.000       0.000       0.000       0.000                            0.3303E-06  0.3303E-06   0.000    
   4492800.0   10.32880626   10.3947   0.000       0.000      0.6586E-03  0.2283E-06 -0.9776E-01  0.9710E-01   0.000       0.000       0.000       0.000      -0.1712E-05   0.000       0.000       0.000       0.000       0.000                            0.2283E-06  0.2283E-06   0.000    
   4579200.0   10.32336119   10.3862   0.000       0.000      0.6284E-03  0.3151E-06 -0.9586E-01  0.9523E-01   0.000       0.000       0.000       0.000      -0.2389E-05   0.000       0.000       0.000       0.000       0.000                            0.3151E-06  0.3151E-06   0.000    
   4665600.0   10.31781741   10.3777   0.000       0.000      0.5992E-03  0.3208E-06 -0.9397E-01  0.9337E-01   0.000       0.000       0.000       0.000      -0.2462E-05   0.000       0.000       0.000       0.000       0.000                            0.3208E-06  0.3208E-06   0.000    
   4752000.0   10.33019148   10.3975   0.000       0.000      0.6728E-03 -0.7161E-06 -0.9892E-01  0.9825E-01   0.000       0.000       0.000       0.000       0.5454E-05   0.000       0.000       0.000       0.000       0.000                           -0.7161E-06 -0.7161E-06   0.000    
   4838400.0   10.34447368   10.4189   0.000       0.000      0.7445E-03 -0.8265E-06 -0.1043      0.1036       0.000       0.000       0.000       0.000       0.6100E-05   0.000       0.000       0.000       0.000       0.000                           -0.8265E-06 -0.8265E-06   0.000    
   4924800.0   10.35836090   10.4394   0.000       0.000      0.8099E-03 -0.8037E-06 -0.1093      0.1085       0.000       0.000       0.000       0.000       0.5716E-05   0.000       0.000       0.000       0.000       0.000                           -0.8037E-06 -0.8037E-06   0.000    
   5011200.0   10.36459820   10.4476   0.000       0.000      0.8300E-03 -0.3610E-06 -0.1111      0.1103       0.000       0.000       0.000       0.000       0.2494E-05   0.000       0.000       0.000       0.000       0.000                           -0.3610E-06 -0.3610E-06   0.000    
   5097600.0   10.35534480   10.4322   0.000       0.000      0.7681E-03  0.5355E-06 -0.1072      0.1065       0.000       0.000       0.000       0.000      -0.3716E-05   0.000       0.000       0.000       0.000       0.000                            0.5355E-06  0.5355E-06   0.000    
   5184000.0   10.34651769   10.4184   0.000       0.000      0.7186E-03  0.5108E-06 -0.1036      0.1029       0.000       0.000       0.000       0.000      -0.3639E-05   0.000       0.000       0.000       0.000       0.000                            0.5108E-06  0.5108E-06   0.000    
   5270400.0   10.34018287   10.4088   0.000       0.000      0.6862E-03  0.3666E-06 -0.1012      0.1006       0.000       0.000       0.000       0.000      -0.2665E-05   0.000       0.000       0.000       0.000       0.000                            0.3666E-06  0.3666E-06   0.000    
   5356800.0   10.33373098   10.3989   0.000       0.000      0.6518E-03  0.3734E-06 -0.9886E-01  0.9821E-01   0.000       0.000       0.000       0.000      -0.2758E-05   0.000       0.000       0.000       0.000       0.000                            0.3734E-06  0.3734E-06   0.000    
   5443200.0   10.33915714   10.4078   0.000       0.000      0.6863E-03 -0.3140E-06 -0.1011      0.1004       0.000       0.000       0.000       0.000       0.2323E-05   0.000       0.000       0.000       0.000       0.000                           -0.3140E-06 -0.3140E-06   0.000    
   5529600.0   10.34414710   10.4152   0.000       0.000      0.7101E-03 -0.2888E-06 -0.1031      0.1023       0.000       0.000       0.000       0.000       0.2108E-05   0.000       0.000       0.000       0.000       0.000                           -0.2888E-06 -0.2888E-06   0.000    
   5616000.0   10.34867040   10.4216   0.000       0.000      0.7297E-03 -0.2618E-06 -0.1047      0.1039       0.000       0.000       0.000       0.000       0.1888E-05   0.000       0.000       0.000       0.000       0.000                           -0.2618E-06 -0.2618E-06   0.000    
   5702400.0   10.35071640   10.4242   0.000       0.000      0.7352E-03 -0.1184E-06 -0.1053      0.1046       0.000       0.000       0.000       0.000       0.8463E-06   0.000       0.000       0.000       0.000       0.000                           -0.1184E-06 -0.1184E-06   0.000    
   5788800.0   10.34754202   10.4188   0.000       0.000      0.7125E-03  0.1837E-06 -0.1039      0.1032       0.000       0.000       0.000       0.000      -0.1315E-05   0.000       0.000       0.000       0.000       0.000                            0.1837E-06  0.1837E-06   0.000    
   5875200.0   10.34735690   10.4184   0.000       0.000      0.7106E-03  0.1071E-07 -0.1038      0.1031       0.000       0.000       0.000       0.000      -0.7704E-07   0.000       0.000       0.000       0.000       0.000                            0.1071E-07  0.1071E-07   0.000    
   5961600.0   10.34519528   10.4148   0.000       0.000      0.6962E-03  0.1251E-06 -0.1029      0.1022       0.000       0.000       0.000       0.000      -0.9024E-06   0.000       0.000       0.000       0.000       0.000                            0.1251E-06  0.1251E-06   0.000    
   6048000.0   10.33996758   10.4066   0.000       0.000      0.6660E-03  0.3025E-06 -0.1009      0.1003       0.000       0.000       0.000       0.000      -0.2204E-05   0.000       0.000       0.000       0.000       0.000                            0.3025E-06  0.3025E-06   0.000    
   6134400.0   10.33408787   10.3975   0.000       0.000      0.6339E-03  0.3403E-06 -0.9874E-01  0.9811E-01   0.000       0.000       0.000       0.000      -0.2513E-05   0.000       0.000       0.000       0.000       0.000                            0.3403E-06  0.3403E-06   0.000    
   6220800.0   10.32815587   10.3885   0.000       0.000      0.6036E-03  0.3433E-06 -0.9666E-01  0.9605E-01   0.000       0.000       0.000       0.000      -0.2572E-05   0.000       0.000       0.000       0.000       0.000                            0.3433E-06  0.3433E-06   0.000    
   6307200.0   10.32252846   10.3800   0.000       0.000      0.5751E-03  0.3257E-06 -0.9471E-01  0.9413E-01   0.000       0.000       0.000       0.000      -0.2473E-05   0.000       0.000       0.000       0.000       0.000                            0.3257E-06  0.3257E-06   0.000    
   6393600.0   10.31715336   10.3721   0.000       0.000      0.5491E-03  0.3111E-06 -0.9294E-01  0.9239E-01   0.000       0.000       0.000       0.000      -0.2391E-05   0.000       0.000       0.000       0.000       0.000                            0.3111E-06  0.3111E-06   0.000    
   6480000.0   10.31211840   10.3646   0.000       0.000      0.5248E-03  0.2914E-06 -0.9130E-01  0.9077E-01   0.000       0.000       0.000       0.000      -0.2265E-05   0.000       0.000       0.000       0.000       0.000                            0.2914E-06  0.2914E-06   0.000    
   6566400.0   10.30724041   10.3575   0.000       0.000      0.5021E-03  0.2823E-06 -0.8978E-01  0.8928E-01   0.000       0.000       0.000       0.000      -0.2216E-05   0.000       0.000       0.000       0.000       0.000                            0.2823E-06  0.2823E-06   0.000    
   6652800.0   10.30260292   10.3507   0.000       0.000      0.4806E-03  0.2684E-06 -0.8833E-01  0.8785E-01   0.000       0.000       0.000       0.000      -0.2127E-05   0.000       0.000       0.000       0.000       0.000                            0.2684E-06  0.2684E-06   0.000    
   6739200.0   10.29816371   10.3443   0.000       0.000      0.4611E-03  0.2569E-06 -0.8701E-01  0.8654E-01   0.000       0.000       0.000       0.000      -0.2054E-05   0.000       0.000       0.000       0.000       0.000                            0.2569E-06  0.2569E-06   0.000    
   6825600.0   10.29383239   10.3380   0.000       0.000      0.4418E-03  0.2507E-06 -0.8569E-01  0.8525E-01   0.000       0.000       0.000       0.000      -0.2020E-05   0.000       0.000       0.000       0.000       0.000                            0.2507E-06  0.2507E-06   0.000    
   6912000.0   10.28951548   10.3319   0.000       0.000      0.4235E-03  0.2498E-06 -0.8443E-01  0.8400E-01   0.000       0.000       0.000       0.000      -0.2029E-05   0.000       0.000       0.000       0.000       0.000                            0.2498E-06  0.2498E-06   0.000    
   6998400.0   10.28542395   10.3260   0.000       0.000      0.4063E-03  0.2368E-06 -0.8322E-01  0.8281E-01   0.000       0.000       0.000       0.000      -0.1937E-05   0.000       0.000       0.000       0.000       0.000                            0.2368E-06  0.2368E-06   0.000    
   7084800.0   10.28153703   10.3206   0.000       0.000      0.3907E-03  0.2249E-06 -0.8211E-01  0.8172E-01   0.000       0.000       0.000       0.000      -0.1853E-05   0.000       0.000       0.000       0.000       0.000                            0.2249E-06  0.2249E-06   0.000    
   7171200.0   10.27783036   10.3155   0.000       0.000      0.3763E-03  0.2145E-06 -0.8107E-01  0.8070E-01   0.000       0.000       0.000       0.000      -0.1778E-05   0.000       0.000       0.000       0.000       0.000                            0.2145E-06  0.2145E-06   0.000    
   7257600.0   10.27424318   10.3105   0.000       0.000      0.3627E-03  0.2076E-06 -0.8008E-01  0.7971E-01   0.000       0.000       0.000       0.000      -0.1731E-05   0.000       0.000       0.000       0.000       0.000                            0.2076E-06  0.2076E-06   0.000    
   7344000.0   10.27081171   10.3058   0.000       0.000      0.3503E-03  0.1986E-06 -0.7915E-01  0.7879E-01   0.000       0.000       0.000       0.000      -0.1665E-05   0.000       0.000       0.000       0.000       0.000                            0.1986E-06  0.1986E-06   0.000    
   7430400.0   10.26794732   10.3020   0.000       0.000      0.3410E-03  0.1658E-06 -0.7841E-01  0.7807E-01   0.000       0.000       0.000       0.000      -0.1396E-05   0.000       0.000       0.000       0.000       0.000                            0.1658E-06  0.1658E-06   0.000    
   7516800.0   10.26502242   10.2982   0.000       0.000      0.3314E-03  0.1693E-06 -0.7766E-01  0.7733E-01   0.000       0.000       0.000       0.000      -0.1432E-05   0.000       0.000       0.000       0.000       0.000                            0.1693E-06  0.1693E-06   0.000    
   7603200.0   10.26190278   10.2940   0.000       0.000      0.3206E-03  0.1805E-06 -0.7681E-01  0.7649E-01   0.000       0.000       0.000       0.000      -0.1534E-05   0.000       0.000       0.000       0.000       0.000                            0.1805E-06  0.1805E-06   0.000    
   7689600.0   10.25890011   10.2900   0.000       0.000      0.3110E-03  0.1738E-06 -0.7603E-01  0.7571E-01   0.000       0.000       0.000       0.000      -0.1483E-05   0.000       0.000       0.000       0.000       0.000                            0.1738E-06  0.1738E-06   0.000    
   7776000.0   10.25627186   10.2866   0.000       0.000      0.3033E-03  0.1521E-06 -0.7536E-01  0.7505E-01   0.000       0.000       0.000       0.000      -0.1304E-05   0.000       0.000       0.000       0.000       0.000                            0.1521E-06  0.1521E-06   0.000    
   7862400.0   10.25347313   10.2830   0.000       0.000      0.2949E-03  0.1620E-06 -0.7464E-01  0.7434E-01   0.000       0.000       0.000       0.000      -0.1393E-05   0.000       0.000       0.000       0.000       0.000                            0.1620E-06  0.1620E-06   0.000    
   7948800.0   10.25081809   10.2795   0.000       0.000      0.2871E-03  0.1536E-06 -0.7395E-01  0.7366E-01   0.000       0.000       0.000       0.000      -0.1327E-05   0.000       0.000       0.000       0.000       0.000                            0.1536E-06  0.1536E-06   0.000    
   8035200.0   10.24822594   10.2762   0.000       0.000      0.2801E-03  0.1500E-06 -0.7331E-01  0.7302E-01   0.000       0.000       0.000       0.000      -0.1300E-05   0.000       0.000       0.000       0.000       0.000                            0.1500E-06  0.1500E-06   0.000    
   8121600.0   10.24575099   10.2731   0.000       0.000      0.2733E-03  0.1432E-06 -0.7268E-01  0.7240E-01   0.000       0.000       0.000       0.000      -0.1245E-05   0.000       0.000       0.000       0.000       0.000                            0.1432E-06  0.1432E-06   0.000    
   8208000.0   10.24331595   10.2700   0.000       0.000      0.2672E-03  0.1409E-06 -0.7208E-01  0.7181E-01   0.000       0.000       0.000       0.000      -0.1229E-05   0.000       0.000       0.000       0.000       0.000                            0.1409E-06  0.1409E-06   0.000    
   8294400.0   10.24098533   10.2671   0.000       0.000      0.2613E-03  0.1349E-06 -0.7149E-01  0.7123E-01   0.000       0.000       0.000       0.000      -0.1180E-05   0.000       0.000       0.000       0.000       0.000                            0.1349E-06  0.1349E-06   0.000    
   8380800.0   10.26211564   10.3008   0.000       0.000      0.3869E-03 -0.1223E-05 -0.7960E-01  0.7923E-01   0.000       0.000       0.000       0.000       0.1057E-04   0.000       0.000       0.000       0.000       0.000                           -0.1223E-05 -0.1223E-05   0.000    
   8467200.0   10.26257556   10.3004   0.000       0.000      0.3783E-03 -0.2662E-07 -0.7967E-01  0.7929E-01   0.000       0.000       0.000       0.000       0.2266E-06   0.000       0.000       0.000       0.000       0.000                           -0.2662E-07 -0.2662E-07   0.000    
   8553600.0   10.26207421   10.2998   0.000       0.000      0.3769E-03  0.2901E-07 -0.7939E-01  0.7901E-01   0.000       0.000       0.000       0.000      -0.2470E-06   0.000       0.000       0.000       0.000       0.000                            0.2901E-07  0.2901E-07   0.000    
   8640000.0   10.26008415   10.2970   0.000       0.000      0.3690E-03  0.1152E-06 -0.7861E-01  0.7824E-01   0.000       0.000       0.000       0.000      -0.9822E-06   0.000       0.000       0.000       0.000       0.000                            0.1152E-06  0.1152E-06   0.000    
   8726400.0   10.25763190   10.2936   0.000       0.000      0.3598E-03  0.1419E-06 -0.7772E-01  0.7736E-01   0.000       0.000       0.000       0.000      -0.1214E-05   0.000       0.000       0.000       0.000       0.000                            0.1419E-06  0.1419E-06   0.000    
   8812800.0   10.25503301   10.2901   0.000       0.000      0.3506E-03  0.1504E-06 -0.7684E-01  0.7649E-01   0.000       0.000       0.000       0.000      -0.1291E-05   0.000       0.000       0.000       0.000       0.000                            0.1504E-06  0.1504E-06   0.000    
   8899200.0   10.25182596   10.2857   0.000       0.000      0.3383E-03  0.1856E-06 -0.7577E-01  0.7543E-01   0.000       0.000       0.000       0.000      -0.1600E-05   0.000       0.000       0.000       0.000       0.000                            0.1856E-06  0.1856E-06   0.000    
   8985600.0   10.25164601   10.2860   0.000       0.000      0.3435E-03  0.1041E-07 -0.7586E-01  0.7552E-01   0.000       0.000       0.000       0.000      -0.8998E-07   0.000       0.000       0.000       0.000       0.000                            0.1041E-07  0.1041E-07   0.000    
   9072000.0   10.25582801   10.2929   0.000       0.000      0.3710E-03 -0.2420E-06 -0.7756E-01  0.7719E-01   0.000       0.000       0.000       0.000       0.2085E-05   0.000       0.000       0.000       0.000       0.000                           -0.2420E-06 -0.2420E-06   0.000    
   9158400.0   10.25433226   10.2906   0.000       0.000      0.3629E-03  0.8656E-07 -0.7706E-01  0.7669E-01   0.000       0.000       0.000       0.000      -0.7445E-06   0.000       0.000       0.000       0.000       0.000                            0.8656E-07  0.8656E-07   0.000    
   9244800.0   10.26648211   10.3099   0.000       0.000      0.4345E-03 -0.7031E-06 -0.8160E-01  0.8118E-01   0.000       0.000       0.000       0.000       0.6002E-05   0.000       0.000       0.000       0.000       0.000                           -0.7031E-06 -0.7031E-06   0.000    
   9331200.0   10.29448611   10.3530   0.000       0.000      0.5855E-03 -0.1621E-05 -0.9191E-01  0.9134E-01   0.000       0.000       0.000       0.000       0.1341E-04   0.000       0.000       0.000       0.000       0.000                           -0.1621E-05 -0.1621E-05   0.000    
   9417600.0   10.36026371   10.4536   0.000       0.000      0.9334E-03 -0.3807E-05 -0.1158      0.1149       0.000       0.000       0.000       0.000       0.2871E-04   0.000       0.000       0.000       0.000       0.000                           -0.3807E-05 -0.3807E-05   0.000    
   9504000.0   10.39837079   10.5077   0.000       0.000      0.1093E-02 -0.2205E-05 -0.1283      0.1272       0.000       0.000       0.000       0.000       0.1435E-04   0.000       0.000       0.000       0.000       0.000                           -0.2205E-05 -0.2205E-05   0.000    
   9590400.0   10.37292296   10.4647   0.000       0.000      0.9179E-03  0.1473E-05 -0.1173      0.1164       0.000       0.000       0.000       0.000      -0.9367E-05   0.000       0.000       0.000       0.000       0.000                            0.1473E-05  0.1473E-05   0.000    
   9676800.0   10.35445485   10.4364   0.000       0.000      0.8190E-03  0.1069E-05 -0.1095      0.1086       0.000       0.000       0.000       0.000      -0.7332E-05   0.000       0.000       0.000       0.000       0.000                            0.1069E-05  0.1069E-05   0.000    
   9763200.0   10.33999434   10.4145   0.000       0.000      0.7448E-03  0.8368E-06 -0.1036      0.1028       0.000       0.000       0.000       0.000      -0.6021E-05   0.000       0.000       0.000       0.000       0.000                            0.8368E-06  0.8368E-06   0.000    
   9849600.0   10.32853961   10.3973   0.000       0.000      0.6872E-03  0.6629E-06 -0.9917E-01  0.9848E-01   0.000       0.000       0.000       0.000      -0.4929E-05   0.000       0.000       0.000       0.000       0.000                            0.6629E-06  0.6629E-06   0.000    
   9936000.0   10.33735037   10.4118   0.000       0.000      0.7440E-03 -0.5099E-06 -0.1026      0.1019       0.000       0.000       0.000       0.000       0.3804E-05   0.000       0.000       0.000       0.000       0.000                           -0.5099E-06 -0.5099E-06   0.000    
  10022400.0   10.34260809   10.4192   0.000       0.000      0.7657E-03 -0.3043E-06 -0.1045      0.1037       0.000       0.000       0.000       0.000       0.2231E-05   0.000       0.000       0.000       0.000       0.000                           -0.3043E-06 -0.3043E-06   0.000    
  10108800.0   10.34259251   10.4184   0.000       0.000      0.7576E-03  0.9017E-09 -0.1043      0.1035       0.000       0.000       0.000       0.000      -0.6567E-08   0.000       0.000       0.000       0.000       0.000                            0.9017E-09  0.9017E-09   0.000    
  10195200.0   10.34601345   10.4232   0.000       0.000      0.7722E-03 -0.1980E-06 -0.1054      0.1046       0.000       0.000       0.000       0.000       0.1436E-05   0.000       0.000       0.000       0.000       0.000                           -0.1980E-06 -0.1980E-06   0.000    
  10281600.0   10.34674699   10.4237   0.000       0.000      0.7693E-03 -0.4245E-07 -0.1054      0.1047       0.000       0.000       0.000       0.000       0.3061E-06   0.000       0.000       0.000       0.000       0.000                           -0.4245E-07 -0.4245E-07   0.000    
  10368000.0   10.34011324   10.4127   0.000       0.000      0.7256E-03  0.3839E-06 -0.1027      0.1020       0.000       0.000       0.000       0.000      -0.2790E-05   0.000       0.000       0.000       0.000       0.000                            0.3839E-06  0.3839E-06   0.000    
  10454400.0   10.33205141   10.4001   0.000       0.000      0.6800E-03  0.4665E-06 -0.9958E-01  0.9889E-01   0.000       0.000       0.000       0.000      -0.3454E-05   0.000       0.000       0.000       0.000       0.000                            0.4665E-06  0.4665E-06   0.000    
  10540800.0   10.33246332   10.4009   0.000       0.000      0.6847E-03 -0.2384E-07 -0.9979E-01  0.9911E-01   0.000       0.000       0.000       0.000       0.1781E-06   0.000       0.000       0.000       0.000       0.000                           -0.2384E-07 -0.2384E-07   0.000    
  10627200.0   10.33609693   10.4063   0.000       0.000      0.7024E-03 -0.2103E-06 -0.1012      0.1005       0.000       0.000       0.000       0.000       0.1564E-05   0.000       0.000       0.000       0.000       0.000                           -0.2103E-06 -0.2103E-06   0.000    
  10713600.0   10.33572971   10.4052   0.000       0.000      0.6947E-03  0.2125E-07 -0.1010      0.1003       0.000       0.000       0.000       0.000      -0.1574E-06   0.000       0.000       0.000       0.000       0.000                            0.2125E-07  0.2125E-07   0.000    
  10800000.0   10.33144061   10.3982   0.000       0.000      0.6671E-03  0.2482E-06 -0.9933E-01  0.9866E-01   0.000       0.000       0.000       0.000      -0.1849E-05   0.000       0.000       0.000       0.000       0.000                            0.2482E-06  0.2482E-06   0.000    
  10886400.0   10.32548521   10.3887   0.000       0.000      0.6326E-03  0.3446E-06 -0.9705E-01  0.9641E-01   0.000       0.000       0.000       0.000      -0.2598E-05   0.000       0.000       0.000       0.000       0.000                            0.3446E-06  0.3446E-06   0.000    
  10972800.0   10.31894059   10.3787   0.000       0.000      0.5976E-03  0.3787E-06 -0.9469E-01  0.9409E-01   0.000       0.000       0.000       0.000      -0.2896E-05   0.000       0.000       0.000       0.000       0.000                            0.3787E-06  0.3787E-06   0.000    
  11059200.0   10.31185733   10.3679   0.000       0.000      0.5601E-03  0.4099E-06 -0.9216E-01  0.9159E-01   0.000       0.000       0.000       0.000      -0.3181E-05   0.000       0.000       0.000       0.000       0.000                            0.4099E-06  0.4099E-06   0.000    
  11145600.0   10.30524822   10.3579   0.000       0.000      0.5269E-03  0.3825E-06 -0.8990E-01  0.8937E-01   0.000       0.000       0.000       0.000      -0.3010E-05   0.000       0.000       0.000       0.000       0.000                            0.3825E-06  0.3825E-06   0.000    
  11232000.0   10.29925391   10.3491   0.000       0.000      0.4980E-03  0.3469E-06 -0.8796E-01  0.8746E-01   0.000       0.000       0.000       0.000      -0.2763E-05   0.000       0.000       0.000       0.000       0.000                            0.3469E-06  0.3469E-06   0.000    
  11318400.0   10.29382408   10.3410   0.000       0.000      0.4720E-03  0.3142E-06 -0.8622E-01  0.8574E-01   0.000       0.000       0.000       0.000      -0.2530E-05   0.000       0.000       0.000       0.000       0.000                            0.3142E-06  0.3142E-06   0.000    
  11404800.0   10.29826170   10.3485   0.000       0.000      0.5027E-03 -0.2568E-06 -0.8826E-01  0.8776E-01   0.000       0.000       0.000       0.000       0.2070E-05   0.000       0.000       0.000       0.000       0.000                           -0.2568E-06 -0.2568E-06   0.000    
  11491200.0   10.29225997   10.3390   0.000       0.000      0.4670E-03  0.3473E-06 -0.8621E-01  0.8574E-01   0.000       0.000       0.000       0.000      -0.2803E-05   0.000       0.000       0.000       0.000       0.000                            0.3473E-06  0.3473E-06   0.000    
  11577600.0   10.30468452   10.3590   0.000       0.000      0.5428E-03 -0.7190E-06 -0.9117E-01  0.9063E-01   0.000       0.000       0.000       0.000       0.5768E-05   0.000       0.000       0.000       0.000       0.000                           -0.7190E-06 -0.7190E-06   0.000    
  11664000.0   10.33352974   10.4034   0.000       0.000      0.6985E-03 -0.1669E-05 -0.1021      0.1014       0.000       0.000       0.000       0.000       0.1285E-04   0.000       0.000       0.000       0.000       0.000                           -0.1669E-05 -0.1669E-05   0.000    
  11750400.0   10.39899022   10.5031   0.000       0.000      0.1041E-02 -0.3788E-05 -0.1259      0.1248       0.000       0.000       0.000       0.000       0.2570E-04   0.000       0.000       0.000       0.000       0.000                           -0.3788E-05 -0.3788E-05   0.000    
  11836800.0   10.37119822   10.4550   0.000       0.000      0.8381E-03  0.1608E-05 -0.1143      0.1134       0.000       0.000       0.000       0.000      -0.1025E-04   0.000       0.000       0.000       0.000       0.000                            0.1608E-05  0.1608E-05   0.000    
  11923200.0   10.35395371   10.4286   0.000       0.000      0.7466E-03  0.9979E-06 -0.1071      0.1063       0.000       0.000       0.000       0.000      -0.6870E-05   0.000       0.000       0.000       0.000       0.000                            0.9979E-06  0.9979E-06   0.000    
  12009600.0   10.34187292   10.4105   0.000       0.000      0.6861E-03  0.6991E-06 -0.1023      0.1016       0.000       0.000       0.000       0.000      -0.5021E-05   0.000       0.000       0.000       0.000       0.000                            0.6991E-06  0.6991E-06   0.000    
  12096000.0   10.34006490   10.4083   0.000       0.000      0.6828E-03  0.1046E-06 -0.1016      0.1009       0.000       0.000       0.000       0.000      -0.7653E-06   0.000       0.000       0.000       0.000       0.000                            0.1046E-06  0.1046E-06   0.000    
  12182400.0   10.33699455   10.4036   0.000       0.000      0.6659E-03  0.1777E-06 -0.1005      0.9980E-01   0.000       0.000       0.000       0.000      -0.1308E-05   0.000       0.000       0.000       0.000       0.000                            0.1777E-06  0.1777E-06   0.000    
  12268800.0   10.33151194   10.3951   0.000       0.000      0.6356E-03  0.3173E-06 -0.9847E-01  0.9783E-01   0.000       0.000       0.000       0.000      -0.2360E-05   0.000       0.000       0.000       0.000       0.000                            0.3173E-06  0.3173E-06   0.000    
  12355200.0   10.32511713   10.3853   0.000       0.000      0.6014E-03  0.3701E-06 -0.9615E-01  0.9555E-01   0.000       0.000       0.000       0.000      -0.2791E-05   0.000       0.000       0.000       0.000       0.000                            0.3701E-06  0.3701E-06   0.000    
  12441600.0   10.32138815   10.3798   0.000       0.000      0.5840E-03  0.2158E-06 -0.9494E-01  0.9436E-01   0.000       0.000       0.000       0.000      -0.1646E-05   0.000       0.000       0.000       0.000       0.000                            0.2158E-06  0.2158E-06   0.000    
  12528000.0   10.34131049   10.4113   0.000       0.000      0.7001E-03 -0.1153E-05 -0.1027      0.1020       0.000       0.000       0.000       0.000       0.8632E-05   0.000       0.000       0.000       0.000       0.000                           -0.1153E-05 -0.1153E-05   0.000    
  12614400.0   10.36009429   10.4393   0.000       0.000      0.7918E-03 -0.1087E-05 -0.1096      0.1089       0.000       0.000       0.000       0.000       0.7746E-05   0.000       0.000       0.000       0.000       0.000                           -0.1087E-05 -0.1087E-05   0.000    
  12700800.0   10.35206697   10.4249   0.000       0.000      0.7288E-03  0.4645E-06 -0.1061      0.1054       0.000       0.000       0.000       0.000      -0.3261E-05   0.000       0.000       0.000       0.000       0.000                            0.4645E-06  0.4645E-06   0.000    
  12787200.0   10.34384714   10.4121   0.000       0.000      0.6821E-03  0.4757E-06 -0.1028      0.1021       0.000       0.000       0.000       0.000      -0.3416E-05   0.000       0.000       0.000       0.000       0.000                            0.4757E-06  0.4757E-06   0.000    
  12873600.0   10.33545247   10.3992   0.000       0.000      0.6370E-03  0.4858E-06 -0.9950E-01  0.9885E-01   0.000       0.000       0.000       0.000      -0.3565E-05   0.000       0.000       0.000       0.000       0.000                            0.4858E-06  0.4858E-06   0.000    
  12960000.0   10.33849567   10.4044   0.000       0.000      0.6592E-03 -0.1761E-06 -0.1008      0.1001       0.000       0.000       0.000       0.000       0.1301E-05   0.000       0.000       0.000       0.000       0.000                           -0.1761E-06 -0.1761E-06   0.000    
  13046400.0   10.33490419   10.3985   0.000       0.000      0.6359E-03  0.2078E-06 -0.9943E-01  0.9879E-01   0.000       0.000       0.000       0.000      -0.1537E-05   0.000       0.000       0.000       0.000       0.000                            0.2078E-06  0.2078E-06   0.000    
  13132800.0   10.32988925   10.3907   0.000       0.000      0.6085E-03  0.2902E-06 -0.9760E-01  0.9699E-01   0.000       0.000       0.000       0.000      -0.2168E-05   0.000       0.000       0.000       0.000       0.000                            0.2902E-06  0.2902E-06   0.000    
  13219200.0   10.32710049   10.3866   0.000       0.000      0.5953E-03  0.1614E-06 -0.9667E-01  0.9607E-01   0.000       0.000       0.000       0.000      -0.1217E-05   0.000       0.000       0.000       0.000       0.000                            0.1614E-06  0.1614E-06   0.000    
  13305600.0   10.32261448   10.3797   0.000       0.000      0.5711E-03  0.2596E-06 -0.9509E-01  0.9451E-01   0.000       0.000       0.000       0.000      -0.1973E-05   0.000       0.000       0.000       0.000       0.000                            0.2596E-06  0.2596E-06   0.000    
  13392000.0   10.33264760   10.3958   0.000       0.000      0.6318E-03 -0.5806E-06 -0.9911E-01  0.9848E-01   0.000       0.000       0.000       0.000       0.4386E-05   0.000       0.000       0.000       0.000       0.000                           -0.5806E-06 -0.5806E-06   0.000    
  13478400.0   10.33846976   10.4042   0.000       0.000      0.6576E-03 -0.3369E-06 -0.1013      0.1006       0.000       0.000       0.000       0.000       0.2498E-05   0.000       0.000       0.000       0.000       0.000                           -0.3369E-06 -0.3369E-06   0.000    
  13564800.0   10.33528255   10.3986   0.000       0.000      0.6335E-03  0.1844E-06 -0.9995E-01  0.9931E-01   0.000       0.000       0.000       0.000      -0.1363E-05   0.000       0.000       0.000       0.000       0.000                            0.1844E-06  0.1844E-06   0.000    
  13651200.0   10.33101756   10.3920   0.000       0.000      0.6096E-03  0.2468E-06 -0.9828E-01  0.9766E-01   0.000       0.000       0.000       0.000      -0.1840E-05   0.000       0.000       0.000       0.000       0.000                            0.2468E-06  0.2468E-06   0.000    
  13737600.0   10.32598488   10.3843   0.000       0.000      0.5827E-03  0.2912E-06 -0.9638E-01  0.9579E-01   0.000       0.000       0.000       0.000      -0.2196E-05   0.000       0.000       0.000       0.000       0.000                            0.2912E-06  0.2912E-06   0.000    
  13824000.0   10.34483916   10.4142   0.000       0.000      0.6939E-03 -0.1091E-05 -0.1037      0.1030       0.000       0.000       0.000       0.000       0.8090E-05   0.000       0.000       0.000       0.000       0.000                           -0.1091E-05 -0.1091E-05   0.000    
  13910400.0   10.36807900   10.4492   0.000       0.000      0.8114E-03 -0.1345E-05 -0.1122      0.1114       0.000       0.000       0.000       0.000       0.9428E-05   0.000       0.000       0.000       0.000       0.000                           -0.1345E-05 -0.1345E-05   0.000    
  13996800.0   10.36181518   10.4375   0.000       0.000      0.7565E-03  0.3625E-06 -0.1093      0.1085       0.000       0.000       0.000       0.000      -0.2478E-05   0.000       0.000       0.000       0.000       0.000                            0.3625E-06  0.3625E-06   0.000    
  14083200.0   10.35301183   10.4235   0.000       0.000      0.7054E-03  0.5095E-06 -0.1056      0.1049       0.000       0.000       0.000       0.000      -0.3562E-05   0.000       0.000       0.000       0.000       0.000                            0.5095E-06  0.5095E-06   0.000    
  14169600.0   10.35828512   10.4321   0.000       0.000      0.7379E-03 -0.3052E-06 -0.1074      0.1067       0.000       0.000       0.000       0.000       0.2145E-05   0.000       0.000       0.000       0.000       0.000                           -0.3052E-06 -0.3052E-06   0.000    
  14256000.0   10.36165490   10.4368   0.000       0.000      0.7517E-03 -0.1950E-06 -0.1085      0.1078       0.000       0.000       0.000       0.000       0.1353E-05   0.000       0.000       0.000       0.000       0.000                           -0.1950E-06 -0.1950E-06   0.000    
  14342400.0   10.38431434   10.4717   0.000       0.000      0.8740E-03 -0.1311E-05 -0.1168      0.1160       0.000       0.000       0.000       0.000       0.8729E-05   0.000       0.000       0.000       0.000       0.000                           -0.1311E-05 -0.1311E-05   0.000    
  14428800.0   10.44332879   10.5606   0.000       0.000      0.1173E-02 -0.3415E-05 -0.1374      0.1362       0.000       0.000       0.000       0.000       0.1905E-04   0.000       0.000       0.000       0.000       0.000                           -0.3415E-05 -0.3415E-05   0.000    
  14515200.0   10.42698184   10.5313   0.000       0.000      0.1043E-02  0.9460E-06 -0.1304      0.1293       0.000       0.000       0.000       0.000      -0.4656E-05   0.000       0.000       0.000       0.000       0.000                            0.9460E-06  0.9460E-06   0.000    
  14601600.0   10.42936390   10.5344   0.000       0.000      0.1051E-02 -0.1379E-06 -0.1304      0.1293       0.000       0.000       0.000       0.000       0.7119E-06   0.000       0.000       0.000       0.000       0.000                           -0.1379E-06 -0.1379E-06   0.000    
  14688000.0   10.44482493   10.5571   0.000       0.000      0.1122E-02 -0.8947E-06 -0.1350      0.1339       0.000       0.000       0.000       0.000       0.4342E-05   0.000       0.000       0.000       0.000       0.000                           -0.8947E-06 -0.8947E-06   0.000    
  14774400.0   10.44483172   10.5553   0.000       0.000      0.1105E-02 -0.3930E-09 -0.1343      0.1332       0.000       0.000       0.000       0.000       0.1795E-08   0.000       0.000       0.000       0.000       0.000                           -0.3930E-09 -0.3930E-09   0.000    
  14860800.0   10.43453486   10.5386   0.000       0.000      0.1041E-02  0.5959E-06 -0.1301      0.1290       0.000       0.000       0.000       0.000      -0.2836E-05   0.000       0.000       0.000       0.000       0.000                            0.5959E-06  0.5959E-06   0.000    
  14947200.0   10.42571367   10.5248   0.000       0.000      0.9907E-03  0.5105E-06 -0.1266      0.1256       0.000       0.000       0.000       0.000      -0.2602E-05   0.000       0.000       0.000       0.000       0.000                            0.5105E-06  0.5105E-06   0.000    
  15033600.0   10.41556399   10.5089   0.000       0.000      0.9330E-03  0.5874E-06 -0.1227      0.1217       0.000       0.000       0.000       0.000      -0.3175E-05   0.000       0.000       0.000       0.000       0.000                            0.5874E-06  0.5874E-06   0.000    
  15120000.0   10.40541987   10.4932   0.000       0.000      0.8780E-03  0.5870E-06 -0.1190      0.1181       0.000       0.000       0.000       0.000      -0.3351E-05   0.000       0.000       0.000       0.000       0.000                            0.5870E-06  0.5870E-06   0.000    
  15206400.0   10.39510694   10.4773   0.000       0.000      0.8217E-03  0.5968E-06 -0.1152      0.1144       0.000       0.000       0.000       0.000      -0.3576E-05   0.000       0.000       0.000       0.000       0.000                            0.5968E-06  0.5968E-06   0.000    
  15292800.0   10.38493450   10.4617   0.000       0.000      0.7680E-03  0.5887E-06 -0.1117      0.1109       0.000       0.000       0.000       0.000      -0.3683E-05   0.000       0.000       0.000       0.000       0.000                            0.5887E-06  0.5887E-06   0.000    
  15379200.0   10.40393319   10.4917   0.000       0.000      0.8777E-03 -0.1099E-05 -0.1191      0.1182       0.000       0.000       0.000       0.000       0.6754E-05   0.000       0.000       0.000       0.000       0.000                           -0.1099E-05 -0.1099E-05   0.000    
  15465600.0   10.41003148   10.4996   0.000       0.000      0.8960E-03 -0.3529E-06 -0.1212      0.1203       0.000       0.000       0.000       0.000       0.2050E-05   0.000       0.000       0.000       0.000       0.000                           -0.3529E-06 -0.3529E-06   0.000    
  15552000.0   10.40181053   10.4859   0.000       0.000      0.8405E-03  0.4757E-06 -0.1180      0.1171       0.000       0.000       0.000       0.000      -0.2778E-05   0.000       0.000       0.000       0.000       0.000                            0.4757E-06  0.4757E-06   0.000    
  15638400.0   10.39078431   10.4686   0.000       0.000      0.7783E-03  0.6381E-06 -0.1138      0.1130       0.000       0.000       0.000       0.000      -0.3890E-05   0.000       0.000       0.000       0.000       0.000                            0.6381E-06  0.6381E-06   0.000    
  15724800.0   10.38106076   10.4538   0.000       0.000      0.7271E-03  0.5627E-06 -0.1103      0.1096       0.000       0.000       0.000       0.000      -0.3577E-05   0.000       0.000       0.000       0.000       0.000                            0.5627E-06  0.5627E-06   0.000    
  15811200.0   10.37244921   10.4408   0.000       0.000      0.6832E-03  0.4984E-06 -0.1073      0.1066       0.000       0.000       0.000       0.000      -0.3276E-05   0.000       0.000       0.000       0.000       0.000                            0.4984E-06  0.4984E-06   0.000    
  15897600.0   10.36489065   10.4294   0.000       0.000      0.6453E-03  0.4374E-06 -0.1048      0.1041       0.000       0.000       0.000       0.000      -0.2955E-05   0.000       0.000       0.000       0.000       0.000                            0.4374E-06  0.4374E-06   0.000    
  15984000.0   10.36071513   10.4234   0.000       0.000      0.6268E-03  0.2416E-06 -0.1036      0.1029       0.000       0.000       0.000       0.000      -0.1663E-05   0.000       0.000       0.000       0.000       0.000                            0.2416E-06  0.2416E-06   0.000    
  16070400.0   10.35399359   10.4132   0.000       0.000      0.5925E-03  0.3890E-06 -0.1014      0.1008       0.000       0.000       0.000       0.000      -0.2721E-05   0.000       0.000       0.000       0.000       0.000                            0.3890E-06  0.3890E-06   0.000    
  16156800.0   10.34790427   10.4042   0.000       0.000      0.5627E-03  0.3524E-06 -0.9944E-01  0.9888E-01   0.000       0.000       0.000       0.000      -0.2510E-05   0.000       0.000       0.000       0.000       0.000                            0.3524E-06  0.3524E-06   0.000    
  16243200.0   10.34200115   10.3955   0.000       0.000      0.5353E-03  0.3416E-06 -0.9763E-01  0.9709E-01   0.000       0.000       0.000       0.000      -0.2473E-05   0.000       0.000       0.000       0.000       0.000                            0.3416E-06  0.3416E-06   0.000    
  16329600.0   10.33654388   10.3876   0.000       0.000      0.5101E-03  0.3158E-06 -0.9595E-01  0.9544E-01   0.000       0.000       0.000       0.000      -0.2320E-05   0.000       0.000       0.000       0.000       0.000                            0.3158E-06  0.3158E-06   0.000    
  16416000.0   10.33132543   10.3800   0.000       0.000      0.4872E-03  0.3020E-06 -0.9441E-01  0.9392E-01   0.000       0.000       0.000       0.000      -0.2248E-05   0.000       0.000       0.000       0.000       0.000                            0.3020E-06  0.3020E-06   0.000    
  16502400.0   10.32641801   10.3730   0.000       0.000      0.4659E-03  0.2840E-06 -0.9297E-01  0.9250E-01   0.000       0.000       0.000       0.000      -0.2139E-05   0.000       0.000       0.000       0.000       0.000                            0.2840E-06  0.2840E-06   0.000    
  16588800.0   10.32174295   10.3664   0.000       0.000      0.4464E-03  0.2705E-06 -0.9163E-01  0.9118E-01   0.000       0.000       0.000       0.000      -0.2060E-05   0.000       0.000       0.000       0.000       0.000                            0.2705E-06  0.2705E-06   0.000    
  16675200.0   10.31730699   10.3602   0.000       0.000      0.4286E-03  0.2567E-06 -0.9038E-01  0.8995E-01   0.000       0.000       0.000       0.000      -0.1975E-05   0.000       0.000       0.000       0.000       0.000                            0.2567E-06  0.2567E-06   0.000    
  16761600.0   10.31457339   10.3566   0.000       0.000      0.4205E-03  0.1582E-06 -0.8976E-01  0.8934E-01   0.000       0.000       0.000       0.000      -0.1226E-05   0.000       0.000       0.000       0.000       0.000                            0.1582E-06  0.1582E-06   0.000    
  16848000.0   10.31292705   10.3547   0.000       0.000      0.4181E-03  0.9527E-07 -0.8956E-01  0.8914E-01   0.000       0.000       0.000       0.000      -0.7418E-06   0.000       0.000       0.000       0.000       0.000                            0.9527E-07  0.9527E-07   0.000    
  16934400.0   10.31626120   10.3606   0.000       0.000      0.4432E-03 -0.1929E-06 -0.9121E-01  0.9077E-01   0.000       0.000       0.000       0.000       0.1500E-05   0.000       0.000       0.000       0.000       0.000                           -0.1929E-06 -0.1929E-06   0.000    
  17020800.0   10.31575452   10.3600   0.000       0.000      0.4425E-03  0.2932E-07 -0.9127E-01  0.9083E-01   0.000       0.000       0.000       0.000      -0.2272E-06   0.000       0.000       0.000       0.000       0.000                            0.2932E-07  0.2932E-07   0.000    
  17107200.0   10.31042094   10.3520   0.000       0.000      0.4161E-03  0.3087E-06 -0.8944E-01  0.8902E-01   0.000       0.000       0.000       0.000      -0.2407E-05   0.000       0.000       0.000       0.000       0.000                            0.3087E-06  0.3087E-06   0.000    
  17193600.0   10.30606233   10.3460   0.000       0.000      0.3990E-03  0.2522E-06 -0.8805E-01  0.8764E-01   0.000       0.000       0.000       0.000      -0.1986E-05   0.000       0.000       0.000       0.000       0.000                            0.2522E-06  0.2522E-06   0.000    
  17280000.0   10.30182545   10.3401   0.000       0.000      0.3831E-03  0.2452E-06 -0.8677E-01  0.8638E-01   0.000       0.000       0.000       0.000      -0.1947E-05   0.000       0.000       0.000       0.000       0.000                            0.2452E-06  0.2452E-06   0.000    
  17366400.0   10.29785184   10.3347   0.000       0.000      0.3684E-03  0.2300E-06 -0.8557E-01  0.8520E-01   0.000       0.000       0.000       0.000      -0.1840E-05   0.000       0.000       0.000       0.000       0.000                            0.2300E-06  0.2300E-06   0.000    
  17452800.0   10.29405967   10.3296   0.000       0.000      0.3555E-03  0.2195E-06 -0.8450E-01  0.8415E-01   0.000       0.000       0.000       0.000      -0.1769E-05   0.000       0.000       0.000       0.000       0.000                            0.2195E-06  0.2195E-06   0.000    
  17539200.0   10.29052717   10.3249   0.000       0.000      0.3435E-03  0.2044E-06 -0.8351E-01  0.8316E-01   0.000       0.000       0.000       0.000      -0.1659E-05   0.000       0.000       0.000       0.000       0.000                            0.2044E-06  0.2044E-06   0.000    
  17625600.0   10.28712740   10.3204   0.000       0.000      0.3327E-03  0.1967E-06 -0.8260E-01  0.8226E-01   0.000       0.000       0.000       0.000      -0.1606E-05   0.000       0.000       0.000       0.000       0.000                            0.1967E-06  0.1967E-06   0.000    
  17712000.0   10.28611921   10.3197   0.000       0.000      0.3354E-03  0.5834E-07 -0.8258E-01  0.8224E-01   0.000       0.000       0.000       0.000      -0.4781E-06   0.000       0.000       0.000       0.000       0.000                            0.5834E-07  0.5834E-07   0.000    
  17798400.0   10.28286556   10.3152   0.000       0.000      0.3235E-03  0.1883E-06 -0.8166E-01  0.8134E-01   0.000       0.000       0.000       0.000      -0.1548E-05   0.000       0.000       0.000       0.000       0.000                            0.1883E-06  0.1883E-06   0.000    
  17884800.0   10.27952255   10.3108   0.000       0.000      0.3128E-03  0.1935E-06 -0.8074E-01  0.8042E-01   0.000       0.000       0.000       0.000      -0.1600E-05   0.000       0.000       0.000       0.000       0.000                            0.1935E-06  0.1935E-06   0.000    
  17971200.0   10.27648708   10.3069   0.000       0.000      0.3037E-03  0.1757E-06 -0.7990E-01  0.7960E-01   0.000       0.000       0.000       0.000      -0.1460E-05   0.000       0.000       0.000       0.000       0.000                            0.1757E-06  0.1757E-06   0.000    
  18057600.0   10.27356635   10.3031   0.000       0.000      0.2958E-03  0.1690E-06 -0.7915E-01  0.7885E-01   0.000       0.000       0.000       0.000      -0.1412E-05   0.000       0.000       0.000       0.000       0.000                            0.1690E-06  0.1690E-06   0.000    
  18144000.0   10.27080394   10.2996   0.000       0.000      0.2882E-03  0.1599E-06 -0.7843E-01  0.7814E-01   0.000       0.000       0.000       0.000      -0.1341E-05   0.000       0.000       0.000       0.000       0.000                            0.1599E-06  0.1599E-06   0.000    
  18230400.0   10.26810615   10.2962   0.000       0.000      0.2814E-03  0.1561E-06 -0.7775E-01  0.7747E-01   0.000       0.000       0.000       0.000      -0.1315E-05   0.000       0.000       0.000       0.000       0.000                            0.1561E-06  0.1561E-06   0.000    
  18316800.0   10.26552344   10.2930   0.000       0.000      0.2750E-03  0.1495E-06 -0.7710E-01  0.7682E-01   0.000       0.000       0.000       0.000      -0.1264E-05   0.000       0.000       0.000       0.000       0.000                            0.1495E-06  0.1495E-06   0.000    
  18403200.0   10.26299870   10.2899   0.000       0.000      0.2690E-03  0.1461E-06 -0.7648E-01  0.7621E-01   0.000       0.000       0.000       0.000      -0.1240E-05   0.000       0.000       0.000       0.000       0.000                            0.1461E-06  0.1461E-06   0.000    
  18489600.0   10.26055232   10.2869   0.000       0.000      0.2634E-03  0.1416E-06 -0.7587E-01  0.7561E-01   0.000       0.000       0.000       0.000      -0.1206E-05   0.000       0.000       0.000       0.000       0.000                            0.1416E-06  0.1416E-06   0.000    
  18576000.0   10.25817626   10.2840   0.000       0.000      0.2581E-03  0.1375E-06 -0.7529E-01  0.7503E-01   0.000       0.000       0.000       0.000      -0.1176E-05   0.000       0.000       0.000       0.000       0.000                            0.1375E-06  0.1375E-06   0.000    
  18662400.0   10.25583608   10.2812   0.000       0.000      0.2532E-03  0.1354E-06 -0.7473E-01  0.7448E-01   0.000       0.000       0.000       0.000      -0.1162E-05   0.000       0.000       0.000       0.000       0.000                            0.1354E-06  0.1354E-06   0.000    
  18748800.0   10.25359827   10.2784   0.000       0.000      0.2484E-03  0.1295E-06 -0.7417E-01  0.7392E-01   0.000       0.000       0.000       0.000      -0.1114E-05   0.000       0.000       0.000       0.000       0.000                            0.1295E-06  0.1295E-06   0.000    
  18835200.0   10.25594842   10.2829   0.000       0.000      0.2697E-03 -0.1360E-06 -0.7535E-01  0.7508E-01   0.000       0.000       0.000       0.000       0.1170E-05   0.000       0.000       0.000       0.000       0.000                           -0.1360E-06 -0.1360E-06   0.000    
  18921600.0   10.25378749   10.2800   0.000       0.000      0.2620E-03  0.1251E-06 -0.7476E-01  0.7449E-01   0.000       0.000       0.000       0.000      -0.1076E-05   0.000       0.000       0.000       0.000       0.000                            0.1251E-06  0.1251E-06   0.000    
  19008000.0   10.25082618   10.2761   0.000       0.000      0.2524E-03  0.1714E-06 -0.7386E-01  0.7361E-01   0.000       0.000       0.000       0.000      -0.1480E-05   0.000       0.000       0.000       0.000       0.000                            0.1714E-06  0.1714E-06   0.000    
  19094400.0   10.24824859   10.2729   0.000       0.000      0.2461E-03  0.1492E-06 -0.7315E-01  0.7290E-01   0.000       0.000       0.000       0.000      -0.1293E-05   0.000       0.000       0.000       0.000       0.000                            0.1492E-06  0.1492E-06   0.000    
  19180800.0   10.24589836   10.2700   0.000       0.000      0.2408E-03  0.1360E-06 -0.7253E-01  0.7229E-01   0.000       0.000       0.000       0.000      -0.1182E-05   0.000       0.000       0.000       0.000       0.000                            0.1360E-06  0.1360E-06   0.000    
  19267200.0   10.24377985   10.2675   0.000       0.000      0.2368E-03  0.1226E-06 -0.7200E-01  0.7176E-01   0.000       0.000       0.000       0.000      -0.1069E-05   0.000       0.000       0.000       0.000       0.000                            0.1226E-06  0.1226E-06   0.000    
  19353600.0   10.24162379   10.2649   0.000       0.000      0.2324E-03  0.1248E-06 -0.7146E-01  0.7123E-01   0.000       0.000       0.000       0.000      -0.1091E-05   0.000       0.000       0.000       0.000       0.000                            0.1248E-06  0.1248E-06   0.000    
  19440000.0   10.23955671   10.2624   0.000       0.000      0.2284E-03  0.1196E-06 -0.7095E-01  0.7072E-01   0.000       0.000       0.000       0.000      -0.1049E-05   0.000       0.000       0.000       0.000       0.000                            0.1196E-06  0.1196E-06   0.000    
  19526400.0   10.23753199   10.2600   0.000       0.000      0.2247E-03  0.1172E-06 -0.7047E-01  0.7024E-01   0.000       0.000       0.000       0.000      -0.1030E-05   0.000       0.000       0.000       0.000       0.000                            0.1172E-06  0.1172E-06   0.000    
  19612800.0   10.23559890   10.2577   0.000       0.000      0.2212E-03  0.1119E-06 -0.6999E-01  0.6976E-01   0.000       0.000       0.000       0.000      -0.9856E-06   0.000       0.000       0.000       0.000       0.000                            0.1119E-06  0.1119E-06   0.000    
  19699200.0   10.23368057   10.2555   0.000       0.000      0.2180E-03  0.1110E-06 -0.6954E-01  0.6932E-01   0.000       0.000       0.000       0.000      -0.9803E-06   0.000       0.000       0.000       0.000       0.000                            0.1110E-06  0.1110E-06   0.000    
  19785600.0   10.23183521   10.2533   0.000       0.000      0.2149E-03  0.1068E-06 -0.6909E-01  0.6887E-01   0.000       0.000       0.000       0.000      -0.9451E-06   0.000       0.000       0.000       0.000       0.000                            0.1068E-06  0.1068E-06   0.000    
  19872000.0   10.23000196   10.2512   0.000       0.000      0.2120E-03  0.1061E-06 -0.6866E-01  0.6845E-01   0.000       0.000       0.000       0.000      -0.9410E-06   0.000       0.000       0.000       0.000       0.000                            0.1061E-06  0.1061E-06   0.000    
  19958400.0   10.23260702   10.2560   0.000       0.000      0.2335E-03 -0.1508E-06 -0.6984E-01  0.6961E-01   0.000       0.000       0.000       0.000       0.1337E-05   0.000       0.000       0.000       0.000       0.000                           -0.1508E-06 -0.1508E-06   0.000    
  20044800.0   10.23637019   10.2622   0.000       0.000      0.2580E-03 -0.2178E-06 -0.7138E-01  0.7112E-01   0.000       0.000       0.000       0.000       0.1923E-05   0.000       0.000       0.000       0.000       0.000                           -0.2178E-06 -0.2178E-06   0.000    
  20131200.0   10.23257240   10.2565   0.000       0.000      0.2389E-03  0.2198E-06 -0.7007E-01  0.6983E-01   0.000       0.000       0.000       0.000      -0.1941E-05   0.000       0.000       0.000       0.000       0.000                            0.2198E-06  0.2198E-06   0.000    
  20217600.0   10.23106913   10.2548   0.000       0.000      0.2378E-03  0.8699E-07 -0.6964E-01  0.6940E-01   0.000       0.000       0.000       0.000      -0.7708E-06   0.000       0.000       0.000       0.000       0.000                            0.8699E-07  0.8699E-07   0.000    
  20304000.0   10.22930840   10.2527   0.000       0.000      0.2342E-03  0.1019E-06 -0.6915E-01  0.6892E-01   0.000       0.000       0.000       0.000      -0.9045E-06   0.000       0.000       0.000       0.000       0.000                            0.1019E-06  0.1019E-06   0.000    
  20390400.0   10.22678324   10.2494   0.000       0.000      0.2266E-03  0.1461E-06 -0.6840E-01  0.6817E-01   0.000       0.000       0.000       0.000      -0.1300E-05   0.000       0.000       0.000       0.000       0.000                            0.1461E-06  0.1461E-06   0.000    
  20476800.0   10.22453929   10.2467   0.000       0.000      0.2212E-03  0.1299E-06 -0.6776E-01  0.6754E-01   0.000       0.000       0.000       0.000      -0.1159E-05   0.000       0.000       0.000       0.000       0.000                            0.1299E-06  0.1299E-06   0.000    
  20563200.0   10.22247882   10.2441   0.000       0.000      0.2166E-03  0.1192E-06 -0.6721E-01  0.6699E-01   0.000       0.000       0.000       0.000      -0.1067E-05   0.000       0.000       0.000       0.000       0.000                            0.1192E-06  0.1192E-06   0.000    
  20649600.0   10.22052569   10.2418   0.000       0.000      0.2125E-03  0.1130E-06 -0.6670E-01  0.6649E-01   0.000       0.000       0.000       0.000      -0.1013E-05   0.000       0.000       0.000       0.000       0.000                            0.1130E-06  0.1130E-06   0.000    
  20736000.0   10.21867338   10.2396   0.000       0.000      0.2088E-03  0.1072E-06 -0.6623E-01  0.6602E-01   0.000       0.000       0.000       0.000      -0.9630E-06   0.000       0.000       0.000       0.000       0.000                            0.1072E-06  0.1072E-06   0.000    
  20822400.0   10.21687554   10.2374   0.000       0.000      0.2054E-03  0.1040E-06 -0.6578E-01  0.6558E-01   0.000       0.000       0.000       0.000      -0.9365E-06   0.000       0.000       0.000       0.000       0.000                            0.1040E-06  0.1040E-06   0.000    
  20908800.0   10.21515183   10.2354   0.000       0.000      0.2022E-03  0.9975E-07 -0.6535E-01  0.6515E-01   0.000       0.000       0.000       0.000      -0.8996E-06   0.000       0.000       0.000       0.000       0.000                            0.9975E-07  0.9975E-07   0.000    
  20995200.0   10.21346124   10.2334   0.000       0.000      0.1993E-03  0.9783E-07 -0.6494E-01  0.6474E-01   0.000       0.000       0.000       0.000      -0.8839E-06   0.000       0.000       0.000       0.000       0.000                            0.9783E-07  0.9783E-07   0.000    
  21081600.0   10.21183246   10.2315   0.000       0.000      0.1965E-03  0.9426E-07 -0.6454E-01  0.6435E-01   0.000       0.000       0.000       0.000      -0.8531E-06   0.000       0.000       0.000       0.000       0.000                            0.9426E-07  0.9426E-07   0.000    
  21168000.0   10.21022394   10.2296   0.000       0.000      0.1939E-03  0.9309E-07 -0.6416E-01  0.6397E-01   0.000       0.000       0.000       0.000      -0.8439E-06   0.000       0.000       0.000       0.000       0.000                            0.9309E-07  0.9309E-07   0.000    
  21254400.0   10.20866946   10.2278   0.000       0.000      0.1914E-03  0.8996E-07 -0.6378E-01  0.6359E-01   0.000       0.000       0.000       0.000      -0.8169E-06   0.000       0.000       0.000       0.000       0.000                            0.8996E-07  0.8996E-07   0.000    
  21340800.0   10.20713591   10.2260   0.000       0.000      0.1890E-03  0.8875E-07 -0.6342E-01  0.6323E-01   0.000       0.000       0.000       0.000      -0.8071E-06   0.000       0.000       0.000       0.000       0.000                            0.8875E-07  0.8875E-07   0.000    
  21427200.0   10.20562834   10.2243   0.000       0.000      0.1868E-03  0.8724E-07 -0.6306E-01  0.6288E-01   0.000       0.000       0.000       0.000      -0.7946E-06   0.000       0.000       0.000       0.000       0.000                            0.8724E-07  0.8724E-07   0.000    
  21513600.0   10.20480830   10.2236   0.000       0.000      0.1882E-03  0.4746E-07 -0.6294E-01  0.6275E-01   0.000       0.000       0.000       0.000      -0.4327E-06   0.000       0.000       0.000       0.000       0.000                            0.4746E-07  0.4746E-07   0.000    
  21600000.0   10.21034718   10.2327   0.000       0.000      0.2238E-03 -0.3205E-06 -0.6509E-01  0.6487E-01   0.000       0.000       0.000       0.000       0.2916E-05   0.000       0.000       0.000       0.000       0.000                           -0.3205E-06 -0.3205E-06   0.000    
  21686400.0   10.20720846   10.2279   0.000       0.000      0.2069E-03  0.1816E-06 -0.6403E-01  0.6382E-01   0.000       0.000       0.000       0.000      -0.1650E-05   0.000       0.000       0.000       0.000       0.000                            0.1816E-06  0.1816E-06   0.000    
  21772800.0   10.20478109   10.2248   0.000       0.000      0.1997E-03  0.1405E-06 -0.6326E-01  0.6306E-01   0.000       0.000       0.000       0.000      -0.1280E-05   0.000       0.000       0.000       0.000       0.000                            0.1405E-06  0.1405E-06   0.000    
  21859200.0   10.20277658   10.2223   0.000       0.000      0.1950E-03  0.1160E-06 -0.6268E-01  0.6248E-01   0.000       0.000       0.000       0.000      -0.1059E-05   0.000       0.000       0.000       0.000       0.000                            0.1160E-06  0.1160E-06   0.000    
  21945600.0   10.20097766   10.2201   0.000       0.000      0.1913E-03  0.1041E-06 -0.6219E-01  0.6200E-01   0.000       0.000       0.000       0.000      -0.9524E-06   0.000       0.000       0.000       0.000       0.000                            0.1041E-06  0.1041E-06   0.000    
  22032000.0   10.19932282   10.2181   0.000       0.000      0.1880E-03  0.9577E-07 -0.6176E-01  0.6157E-01   0.000       0.000       0.000       0.000      -0.8776E-06   0.000       0.000       0.000       0.000       0.000                            0.9577E-07  0.9577E-07   0.000    
  22118400.0   10.19774995   10.2163   0.000       0.000      0.1852E-03  0.9102E-07 -0.6136E-01  0.6117E-01   0.000       0.000       0.000       0.000      -0.8354E-06   0.000       0.000       0.000       0.000       0.000                            0.9102E-07  0.9102E-07   0.000    
  22204800.0   10.19623144   10.2145   0.000       0.000      0.1826E-03  0.8788E-07 -0.6098E-01  0.6080E-01   0.000       0.000       0.000       0.000      -0.8077E-06   0.000       0.000       0.000       0.000       0.000                            0.8788E-07  0.8788E-07   0.000    
  22291200.0   10.19477308   10.2128   0.000       0.000      0.1802E-03  0.8440E-07 -0.6062E-01  0.6044E-01   0.000       0.000       0.000       0.000      -0.7768E-06   0.000       0.000       0.000       0.000       0.000                            0.8440E-07  0.8440E-07   0.000    
  22377600.0   10.19335075   10.2111   0.000       0.000      0.1779E-03  0.8231E-07 -0.6028E-01  0.6010E-01   0.000       0.000       0.000       0.000      -0.7586E-06   0.000       0.000       0.000       0.000       0.000                            0.8231E-07  0.8231E-07   0.000    
  22464000.0   10.19990105   10.2218   0.000       0.000      0.2186E-03 -0.3791E-06 -0.6274E-01  0.6253E-01   0.000       0.000       0.000       0.000       0.3485E-05   0.000       0.000       0.000       0.000       0.000                           -0.3791E-06 -0.3791E-06   0.000    
  22550400.0   10.19775131   10.2184   0.000       0.000      0.2060E-03  0.1244E-06 -0.6202E-01  0.6181E-01   0.000       0.000       0.000       0.000      -0.1141E-05   0.000       0.000       0.000       0.000       0.000                            0.1244E-06  0.1244E-06   0.000    
  22636800.0   10.19723327   10.2180   0.000       0.000      0.2080E-03  0.2998E-07 -0.6190E-01  0.6169E-01   0.000       0.000       0.000       0.000      -0.2754E-06   0.000       0.000       0.000       0.000       0.000                            0.2998E-07  0.2998E-07   0.000    
  22723200.0   10.21791634   10.2503   0.000       0.000      0.3241E-03 -0.1197E-05 -0.6930E-01  0.6899E-01   0.000       0.000       0.000       0.000       0.1089E-04   0.000       0.000       0.000       0.000       0.000                           -0.1197E-05 -0.1197E-05   0.000    
  22809600.0   10.21543890   10.2452   0.000       0.000      0.2981E-03  0.1434E-06 -0.6820E-01  0.6790E-01   0.000       0.000       0.000       0.000      -0.1292E-05   0.000       0.000       0.000       0.000       0.000                            0.1434E-06  0.1434E-06   0.000    
  22896000.0   10.21304271   10.2418   0.000       0.000      0.2878E-03  0.1387E-06 -0.6720E-01  0.6691E-01   0.000       0.000       0.000       0.000      -0.1253E-05   0.000       0.000       0.000       0.000       0.000                            0.1387E-06  0.1387E-06   0.000    
  22982400.0   10.21095962   10.2390   0.000       0.000      0.2804E-03  0.1205E-06 -0.6639E-01  0.6611E-01   0.000       0.000       0.000       0.000      -0.1092E-05   0.000       0.000       0.000       0.000       0.000                            0.1205E-06  0.1205E-06   0.000    
  23068800.0   10.20900324   10.2364   0.000       0.000      0.2740E-03  0.1132E-06 -0.6570E-01  0.6543E-01   0.000       0.000       0.000       0.000      -0.1027E-05   0.000       0.000       0.000       0.000       0.000                            0.1132E-06  0.1132E-06   0.000    
  23155200.0   10.20677076   10.2334   0.000       0.000      0.2660E-03  0.1292E-06 -0.6495E-01  0.6468E-01   0.000       0.000       0.000       0.000      -0.1175E-05   0.000       0.000       0.000       0.000       0.000                            0.1292E-06  0.1292E-06   0.000    
  23241600.0   10.20451604   10.2303   0.000       0.000      0.2582E-03  0.1305E-06 -0.6422E-01  0.6396E-01   0.000       0.000       0.000       0.000      -0.1189E-05   0.000       0.000       0.000       0.000       0.000                            0.1305E-06  0.1305E-06   0.000    
  23328000.0   10.20219423   10.2272   0.000       0.000      0.2502E-03  0.1344E-06 -0.6350E-01  0.6324E-01   0.000       0.000       0.000       0.000      -0.1227E-05   0.000       0.000       0.000       0.000       0.000                            0.1344E-06  0.1344E-06   0.000    
  23414400.0   10.19996701   10.2242   0.000       0.000      0.2427E-03  0.1289E-06 -0.6282E-01  0.6257E-01   0.000       0.000       0.000       0.000      -0.1180E-05   0.000       0.000       0.000       0.000       0.000                            0.1289E-06  0.1289E-06   0.000    
  23500800.0   10.19793297   10.2216   0.000       0.000      0.2362E-03  0.1177E-06 -0.6222E-01  0.6198E-01   0.000       0.000       0.000       0.000      -0.1080E-05   0.000       0.000       0.000       0.000       0.000                            0.1177E-06  0.1177E-06   0.000    
  23587200.0   10.19600178   10.2190   0.000       0.000      0.2301E-03  0.1118E-06 -0.6167E-01  0.6144E-01   0.000       0.000       0.000       0.000      -0.1027E-05   0.000       0.000       0.000       0.000       0.000                            0.1118E-06  0.1118E-06   0.000    
  23673600.0   10.19410680   10.2165   0.000       0.000      0.2243E-03  0.1097E-06 -0.6114E-01  0.6091E-01   0.000       0.000       0.000       0.000      -0.1010E-05   0.000       0.000       0.000       0.000       0.000                            0.1097E-06  0.1097E-06   0.000    
  23760000.0   10.19220633   10.2140   0.000       0.000      0.2183E-03  0.1100E-06 -0.6061E-01  0.6039E-01   0.000       0.000       0.000       0.000      -0.1014E-05   0.000       0.000       0.000       0.000       0.000                            0.1100E-06  0.1100E-06   0.000    
  23846400.0   10.19038308   10.2117   0.000       0.000      0.2128E-03  0.1055E-06 -0.6010E-01  0.5989E-01   0.000       0.000       0.000       0.000      -0.9748E-06   0.000       0.000       0.000       0.000       0.000                            0.1055E-06  0.1055E-06   0.000    
  23932800.0   10.18866370   10.2095   0.000       0.000      0.2079E-03  0.9950E-07 -0.5964E-01  0.5943E-01   0.000       0.000       0.000       0.000      -0.9208E-06   0.000       0.000       0.000       0.000       0.000                            0.9950E-07  0.9950E-07   0.000    
  24019200.0   10.18701495   10.2073   0.000       0.000      0.2034E-03  0.9541E-07 -0.5920E-01  0.5900E-01   0.000       0.000       0.000       0.000      -0.8842E-06   0.000       0.000       0.000       0.000       0.000                            0.9541E-07  0.9541E-07   0.000    
  24105600.0   10.18541770   10.2053   0.000       0.000      0.1991E-03  0.9243E-07 -0.5879E-01  0.5859E-01   0.000       0.000       0.000       0.000      -0.8578E-06   0.000       0.000       0.000       0.000       0.000                            0.9243E-07  0.9243E-07   0.000    
  24192000.0   10.18385384   10.2034   0.000       0.000      0.1950E-03  0.9050E-07 -0.5838E-01  0.5818E-01   0.000       0.000       0.000       0.000      -0.8410E-06   0.000       0.000       0.000       0.000       0.000                            0.9050E-07  0.9050E-07   0.000    
  24278400.0   10.18232375   10.2014   0.000       0.000      0.1910E-03  0.8855E-07 -0.5798E-01  0.5779E-01   0.000       0.000       0.000       0.000      -0.8240E-06   0.000       0.000       0.000       0.000       0.000                            0.8855E-07  0.8855E-07   0.000    
  24364800.0   10.18083937   10.1996   0.000       0.000      0.1874E-03  0.8590E-07 -0.5760E-01  0.5741E-01   0.000       0.000       0.000       0.000      -0.8004E-06   0.000       0.000       0.000       0.000       0.000                            0.8590E-07  0.8590E-07   0.000    
  24451200.0   10.17940414   10.1978   0.000       0.000      0.1840E-03  0.8306E-07 -0.5723E-01  0.5705E-01   0.000       0.000       0.000       0.000      -0.7748E-06   0.000       0.000       0.000       0.000       0.000                            0.8306E-07  0.8306E-07   0.000    
  24537600.0   10.17801197   10.1961   0.000       0.000      0.1809E-03  0.8057E-07 -0.5688E-01  0.5670E-01   0.000       0.000       0.000       0.000      -0.7524E-06   0.000       0.000       0.000       0.000       0.000                            0.8057E-07  0.8057E-07   0.000    
  24624000.0   10.17665789   10.1945   0.000       0.000      0.1779E-03  0.7836E-07 -0.5655E-01  0.5637E-01   0.000       0.000       0.000       0.000      -0.7327E-06   0.000       0.000       0.000       0.000       0.000                            0.7836E-07  0.7836E-07   0.000    
  24710400.0   10.17533307   10.1929   0.000       0.000      0.1752E-03  0.7667E-07 -0.5622E-01  0.5604E-01   0.000       0.000       0.000       0.000      -0.7176E-06   0.000       0.000       0.000       0.000       0.000                            0.7667E-07  0.7667E-07   0.000    
  24796800.0   10.17404322   10.1913   0.000       0.000      0.1726E-03  0.7464E-07 -0.5590E-01  0.5573E-01   0.000       0.000       0.000       0.000      -0.6994E-06   0.000       0.000       0.000       0.000       0.000                            0.7464E-07  0.7464E-07   0.000    
  24883200.0   10.17289036   10.1900   0.000       0.000      0.1707E-03  0.6672E-07 -0.5563E-01  0.5546E-01   0.000       0.000       0.000       0.000      -0.6257E-06   0.000       0.000       0.000       0.000       0.000                            0.6672E-07  0.6672E-07   0.000    
  24969600.0   10.17383104   10.1918   0.000       0.000      0.1798E-03 -0.5444E-07 -0.5607E-01  0.5589E-01   0.000       0.000       0.000       0.000       0.5106E-06   0.000       0.000       0.000       0.000       0.000                           -0.5444E-07 -0.5444E-07   0.000    
  25056000.0   10.17221637   10.1896   0.000       0.000      0.1737E-03  0.9344E-07 -0.5561E-01  0.5543E-01   0.000       0.000       0.000       0.000      -0.8767E-06   0.000       0.000       0.000       0.000       0.000                            0.9344E-07  0.9344E-07   0.000    
  25142400.0   10.17076151   10.1878   0.000       0.000      0.1703E-03  0.8419E-07 -0.5521E-01  0.5503E-01   0.000       0.000       0.000       0.000      -0.7909E-06   0.000       0.000       0.000       0.000       0.000                            0.8419E-07  0.8419E-07   0.000    
  25228800.0   10.17361379   10.1926   0.000       0.000      0.1897E-03 -0.1651E-06 -0.5629E-01  0.5611E-01   0.000       0.000       0.000       0.000       0.1550E-05   0.000       0.000       0.000       0.000       0.000                           -0.1651E-06 -0.1651E-06   0.000    
  25315200.0   10.17195489   10.1901   0.000       0.000      0.1819E-03  0.9600E-07 -0.5578E-01  0.5559E-01   0.000       0.000       0.000       0.000      -0.9009E-06   0.000       0.000       0.000       0.000       0.000                            0.9600E-07  0.9600E-07   0.000    
  25401600.0   10.17270729   10.1917   0.000       0.000      0.1899E-03 -0.4354E-07 -0.5611E-01  0.5592E-01   0.000       0.000       0.000       0.000       0.4087E-06   0.000       0.000       0.000       0.000       0.000                           -0.4354E-07 -0.4354E-07   0.000    
  25488000.0   10.17314317   10.1926   0.000       0.000      0.1946E-03 -0.2522E-07 -0.5631E-01  0.5612E-01   0.000       0.000       0.000       0.000       0.2367E-06   0.000       0.000       0.000       0.000       0.000                           -0.2522E-07 -0.2522E-07   0.000    
  25574400.0   10.17487099   10.1955   0.000       0.000      0.2062E-03 -0.9999E-07 -0.5695E-01  0.5675E-01   0.000       0.000       0.000       0.000       0.9374E-06   0.000       0.000       0.000       0.000       0.000                           -0.9999E-07 -0.9999E-07   0.000    
  25660800.0   10.17328448   10.1932   0.000       0.000      0.1991E-03  0.9181E-07 -0.5643E-01  0.5623E-01   0.000       0.000       0.000       0.000      -0.8607E-06   0.000       0.000       0.000       0.000       0.000                            0.9181E-07  0.9181E-07   0.000    
  25747200.0   10.17680286   10.1990   0.000       0.000      0.2215E-03 -0.2036E-06 -0.5768E-01  0.5746E-01   0.000       0.000       0.000       0.000       0.1907E-05   0.000       0.000       0.000       0.000       0.000                           -0.2036E-06 -0.2036E-06   0.000    
  25833600.0   10.19431013   10.2258   0.000       0.000      0.3145E-03 -0.1013E-05 -0.6373E-01  0.6343E-01   0.000       0.000       0.000       0.000       0.9407E-05   0.000       0.000       0.000       0.000       0.000                           -0.1013E-05 -0.1013E-05   0.000    
  25920000.0   10.21572121   10.2575   0.000       0.000      0.4177E-03 -0.1239E-05 -0.7098E-01  0.7057E-01   0.000       0.000       0.000       0.000       0.1130E-04   0.000       0.000       0.000       0.000       0.000                           -0.1239E-05 -0.1239E-05   0.000    
  26006400.0   10.23520367   10.2859   0.000       0.000      0.5071E-03 -0.1127E-05 -0.7740E-01  0.7691E-01   0.000       0.000       0.000       0.000       0.1006E-04   0.000       0.000       0.000       0.000       0.000                           -0.1127E-05 -0.1127E-05   0.000    
  26092800.0   10.23682627   10.2868   0.000       0.000      0.4997E-03 -0.9390E-07 -0.7735E-01  0.7685E-01   0.000       0.000       0.000       0.000       0.8278E-06   0.000       0.000       0.000       0.000       0.000                           -0.9390E-07 -0.9390E-07   0.000    
  26179200.0   10.23149379   10.2782   0.000       0.000      0.4669E-03  0.3086E-06 -0.7493E-01  0.7446E-01   0.000       0.000       0.000       0.000      -0.2727E-05   0.000       0.000       0.000       0.000       0.000                            0.3086E-06  0.3086E-06   0.000    
  26265600.0   10.22612767   10.2702   0.000       0.000      0.4403E-03  0.3105E-06 -0.7271E-01  0.7227E-01   0.000       0.000       0.000       0.000      -0.2761E-05   0.000       0.000       0.000       0.000       0.000                            0.3105E-06  0.3105E-06   0.000    
  26352000.0   10.22136008   10.2632   0.000       0.000      0.4180E-03  0.2759E-06 -0.7087E-01  0.7045E-01   0.000       0.000       0.000       0.000      -0.2467E-05   0.000       0.000       0.000       0.000       0.000                            0.2759E-06  0.2759E-06   0.000    
  26438400.0   10.21711714   10.2570   0.000       0.000      0.3986E-03  0.2455E-06 -0.6932E-01  0.6892E-01   0.000       0.000       0.000       0.000      -0.2207E-05   0.000       0.000       0.000       0.000       0.000                            0.2455E-06  0.2455E-06   0.000    
  26524800.0   10.21323479   10.2513   0.000       0.000      0.3809E-03  0.2247E-06 -0.6796E-01  0.6758E-01   0.000       0.000       0.000       0.000      -0.2028E-05   0.000       0.000       0.000       0.000       0.000                            0.2247E-06  0.2247E-06   0.000    
  26611200.0   10.20947253   10.2458   0.000       0.000      0.3637E-03  0.2177E-06 -0.6670E-01  0.6633E-01   0.000       0.000       0.000       0.000      -0.1973E-05   0.000       0.000       0.000       0.000       0.000                            0.2177E-06  0.2177E-06   0.000    
  26697600.0   10.20608792   10.2409   0.000       0.000      0.3484E-03  0.1959E-06 -0.6559E-01  0.6524E-01   0.000       0.000       0.000       0.000      -0.1782E-05   0.000       0.000       0.000       0.000       0.000                            0.1959E-06  0.1959E-06   0.000    
  26784000.0   10.20293358   10.2364   0.000       0.000      0.3342E-03  0.1825E-06 -0.6460E-01  0.6426E-01   0.000       0.000       0.000       0.000      -0.1666E-05   0.000       0.000       0.000       0.000       0.000                            0.1825E-06  0.1825E-06   0.000    
  26870400.0   10.21628205   10.2572   0.000       0.000      0.4092E-03 -0.7725E-06 -0.6943E-01  0.6903E-01   0.000       0.000       0.000       0.000       0.7013E-05   0.000       0.000       0.000       0.000       0.000                           -0.7725E-06 -0.7725E-06   0.000    
  26956800.0   10.22326526   10.2670   0.000       0.000      0.4371E-03 -0.4041E-06 -0.7181E-01  0.7138E-01   0.000       0.000       0.000       0.000       0.3630E-05   0.000       0.000       0.000       0.000       0.000                           -0.4041E-06 -0.4041E-06   0.000    
  27043200.0   10.22930226   10.2756   0.000       0.000      0.4630E-03 -0.3494E-06 -0.7376E-01  0.7330E-01   0.000       0.000       0.000       0.000       0.3115E-05   0.000       0.000       0.000       0.000       0.000                           -0.3494E-06 -0.3494E-06   0.000    
  27129600.0   10.23004011   10.2761   0.000       0.000      0.4606E-03 -0.4270E-07 -0.7379E-01  0.7333E-01   0.000       0.000       0.000       0.000       0.3793E-06   0.000       0.000       0.000       0.000       0.000                           -0.4270E-07 -0.4270E-07   0.000    
  27216000.0   10.23309347   10.2806   0.000       0.000      0.4746E-03 -0.1767E-06 -0.7467E-01  0.7420E-01   0.000       0.000       0.000       0.000       0.1566E-05   0.000       0.000       0.000       0.000       0.000                           -0.1767E-06 -0.1767E-06   0.000    
  27302400.0   10.24235292   10.2945   0.000       0.000      0.5215E-03 -0.5358E-06 -0.7780E-01  0.7728E-01   0.000       0.000       0.000       0.000       0.4714E-05   0.000       0.000       0.000       0.000       0.000                           -0.5358E-06 -0.5358E-06   0.000    
  27388800.0   10.26070831   10.3221   0.000       0.000      0.6138E-03 -0.1062E-05 -0.8415E-01  0.8355E-01   0.000       0.000       0.000       0.000       0.9179E-05   0.000       0.000       0.000       0.000       0.000                           -0.1062E-05 -0.1062E-05   0.000    
  27475200.0   10.27459406   10.3420   0.000       0.000      0.6742E-03 -0.8036E-06 -0.8871E-01  0.8805E-01   0.000       0.000       0.000       0.000       0.6787E-05   0.000       0.000       0.000       0.000       0.000                           -0.8036E-06 -0.8036E-06   0.000    
  27561600.0   10.26908085   10.3319   0.000       0.000      0.6284E-03  0.3191E-06 -0.8608E-01  0.8545E-01   0.000       0.000       0.000       0.000      -0.2678E-05   0.000       0.000       0.000       0.000       0.000                            0.3191E-06  0.3191E-06   0.000    
  27648000.0   10.26270960   10.3219   0.000       0.000      0.5917E-03  0.3687E-06 -0.8334E-01  0.8274E-01   0.000       0.000       0.000       0.000      -0.3122E-05   0.000       0.000       0.000       0.000       0.000                            0.3687E-06  0.3687E-06   0.000    
  27734400.0   10.25626640   10.3120   0.000       0.000      0.5571E-03  0.3729E-06 -0.8077E-01  0.8021E-01   0.000       0.000       0.000       0.000      -0.3187E-05   0.000       0.000       0.000       0.000       0.000                            0.3729E-06  0.3729E-06   0.000    
  27820800.0   10.25142766   10.3047   0.000       0.000      0.5323E-03  0.2800E-06 -0.7893E-01  0.7840E-01   0.000       0.000       0.000       0.000      -0.2412E-05   0.000       0.000       0.000       0.000       0.000                            0.2800E-06  0.2800E-06   0.000    
  27907200.0   10.24807002   10.2996   0.000       0.000      0.5152E-03  0.1943E-06 -0.7772E-01  0.7720E-01   0.000       0.000       0.000       0.000      -0.1683E-05   0.000       0.000       0.000       0.000       0.000                            0.1943E-06  0.1943E-06   0.000    
  27993600.0   10.25725645   10.3139   0.000       0.000      0.5669E-03 -0.5316E-06 -0.8112E-01  0.8056E-01   0.000       0.000       0.000       0.000       0.4587E-05   0.000       0.000       0.000       0.000       0.000                           -0.5316E-06 -0.5316E-06   0.000    
  28080000.0   10.26939677   10.3319   0.000       0.000      0.6254E-03 -0.7026E-06 -0.8544E-01  0.8483E-01   0.000       0.000       0.000       0.000       0.5972E-05   0.000       0.000       0.000       0.000       0.000                           -0.7026E-06 -0.7026E-06   0.000    
  28166400.0   10.27392237   10.3377   0.000       0.000      0.6378E-03 -0.2619E-06 -0.8680E-01  0.8616E-01   0.000       0.000       0.000       0.000       0.2199E-05   0.000       0.000       0.000       0.000       0.000                           -0.2619E-06 -0.2619E-06   0.000    
  28252800.0   10.26864210   10.3286   0.000       0.000      0.5999E-03  0.3056E-06 -0.8451E-01  0.8391E-01   0.000       0.000       0.000       0.000      -0.2567E-05   0.000       0.000       0.000       0.000       0.000                            0.3056E-06  0.3056E-06   0.000    
  28339200.0   10.26265219   10.3192   0.000       0.000      0.5657E-03  0.3466E-06 -0.8212E-01  0.8155E-01   0.000       0.000       0.000       0.000      -0.2937E-05   0.000       0.000       0.000       0.000       0.000                            0.3466E-06  0.3466E-06   0.000    
  28425600.0   10.25700671   10.3106   0.000       0.000      0.5354E-03  0.3267E-06 -0.8000E-01  0.7946E-01   0.000       0.000       0.000       0.000      -0.2791E-05   0.000       0.000       0.000       0.000       0.000                            0.3267E-06  0.3267E-06   0.000    
  28512000.0   10.25178855   10.3026   0.000       0.000      0.5083E-03  0.3020E-06 -0.7814E-01  0.7763E-01   0.000       0.000       0.000       0.000      -0.2600E-05   0.000       0.000       0.000       0.000       0.000                            0.3020E-06  0.3020E-06   0.000    
  28598400.0   10.24698058   10.2953   0.000       0.000      0.4835E-03  0.2782E-06 -0.7648E-01  0.7599E-01   0.000       0.000       0.000       0.000      -0.2412E-05   0.000       0.000       0.000       0.000       0.000                            0.2782E-06  0.2782E-06   0.000    
  28684800.0   10.24251013   10.2886   0.000       0.000      0.4607E-03  0.2587E-06 -0.7499E-01  0.7453E-01   0.000       0.000       0.000       0.000      -0.2256E-05   0.000       0.000       0.000       0.000       0.000                            0.2587E-06  0.2587E-06   0.000    
  28771200.0   10.23831704   10.2823   0.000       0.000      0.4396E-03  0.2427E-06 -0.7363E-01  0.7319E-01   0.000       0.000       0.000       0.000      -0.2128E-05   0.000       0.000       0.000       0.000       0.000                            0.2427E-06  0.2427E-06   0.000    
  28857600.0   10.23437386   10.2764   0.000       0.000      0.4201E-03  0.2282E-06 -0.7239E-01  0.7197E-01   0.000       0.000       0.000       0.000      -0.2011E-05   0.000       0.000       0.000       0.000       0.000                            0.2282E-06  0.2282E-06   0.000    
  28944000.0   10.23059463   10.2708   0.000       0.000      0.4016E-03  0.2187E-06 -0.7122E-01  0.7081E-01   0.000       0.000       0.000       0.000      -0.1936E-05   0.000       0.000       0.000       0.000       0.000                            0.2187E-06  0.2187E-06   0.000    
  29030400.0   10.22694514   10.2654   0.000       0.000      0.3842E-03  0.2112E-06 -0.7011E-01  0.6972E-01   0.000       0.000       0.000       0.000      -0.1878E-05   0.000       0.000       0.000       0.000       0.000                            0.2112E-06  0.2112E-06   0.000    
  29116800.0   10.22347735   10.2603   0.000       0.000      0.3680E-03  0.2007E-06 -0.6907E-01  0.6870E-01   0.000       0.000       0.000       0.000      -0.1792E-05   0.000       0.000       0.000       0.000       0.000                            0.2007E-06  0.2007E-06   0.000    
  29203200.0   10.22012056   10.2554   0.000       0.000      0.3525E-03  0.1943E-06 -0.6808E-01  0.6772E-01   0.000       0.000       0.000       0.000      -0.1741E-05   0.000       0.000       0.000       0.000       0.000                            0.1943E-06  0.1943E-06   0.000    
  29289600.0   10.21694565   10.2508   0.000       0.000      0.3382E-03  0.1837E-06 -0.6715E-01  0.6681E-01   0.000       0.000       0.000       0.000      -0.1653E-05   0.000       0.000       0.000       0.000       0.000                            0.1837E-06  0.1837E-06   0.000    
  29376000.0   10.21395862   10.2465   0.000       0.000      0.3252E-03  0.1729E-06 -0.6630E-01  0.6597E-01   0.000       0.000       0.000       0.000      -0.1560E-05   0.000       0.000       0.000       0.000       0.000                            0.1729E-06  0.1729E-06   0.000    
  29462400.0   10.21112261   10.2424   0.000       0.000      0.3132E-03  0.1641E-06 -0.6551E-01  0.6519E-01   0.000       0.000       0.000       0.000      -0.1486E-05   0.000       0.000       0.000       0.000       0.000                            0.1641E-06  0.1641E-06   0.000    
  29548800.0   10.20841185   10.2386   0.000       0.000      0.3020E-03  0.1569E-06 -0.6475E-01  0.6445E-01   0.000       0.000       0.000       0.000      -0.1424E-05   0.000       0.000       0.000       0.000       0.000                            0.1569E-06  0.1569E-06   0.000    
  29635200.0   10.20580079   10.2349   0.000       0.000      0.2915E-03  0.1511E-06 -0.6403E-01  0.6374E-01   0.000       0.000       0.000       0.000      -0.1375E-05   0.000       0.000       0.000       0.000       0.000                            0.1511E-06  0.1511E-06   0.000    
  29721600.0   10.20329332   10.2315   0.000       0.000      0.2817E-03  0.1451E-06 -0.6335E-01  0.6307E-01   0.000       0.000       0.000       0.000      -0.1324E-05   0.000       0.000       0.000       0.000       0.000                            0.1451E-06  0.1451E-06   0.000    
  29808000.0   10.20084371   10.2281   0.000       0.000      0.2723E-03  0.1418E-06 -0.6269E-01  0.6242E-01   0.000       0.000       0.000       0.000      -0.1297E-05   0.000       0.000       0.000       0.000       0.000                            0.1418E-06  0.1418E-06   0.000    
  29894400.0   10.19847253   10.2248   0.000       0.000      0.2636E-03  0.1372E-06 -0.6205E-01  0.6179E-01   0.000       0.000       0.000       0.000      -0.1258E-05   0.000       0.000       0.000       0.000       0.000                            0.1372E-06  0.1372E-06   0.000    
  29980800.0   10.19617514   10.2217   0.000       0.000      0.2553E-03  0.1330E-06 -0.6144E-01  0.6119E-01   0.000       0.000       0.000       0.000      -0.1222E-05   0.000       0.000       0.000       0.000       0.000                            0.1330E-06  0.1330E-06   0.000    
  30067200.0   10.19398173   10.2188   0.000       0.000      0.2478E-03  0.1269E-06 -0.6087E-01  0.6062E-01   0.000       0.000       0.000       0.000      -0.1169E-05   0.000       0.000       0.000       0.000       0.000                            0.1269E-06  0.1269E-06   0.000    
  30153600.0   10.19187197   10.2159   0.000       0.000      0.2407E-03  0.1221E-06 -0.6032E-01  0.6008E-01   0.000       0.000       0.000       0.000      -0.1126E-05   0.000       0.000       0.000       0.000       0.000                            0.1221E-06  0.1221E-06   0.000    
  30240000.0   10.18984157   10.2133   0.000       0.000      0.2342E-03  0.1175E-06 -0.5980E-01  0.5956E-01   0.000       0.000       0.000       0.000      -0.1086E-05   0.000       0.000       0.000       0.000       0.000                            0.1175E-06  0.1175E-06   0.000    
  30326400.0   10.18786785   10.2107   0.000       0.000      0.2280E-03  0.1142E-06 -0.5929E-01  0.5906E-01   0.000       0.000       0.000       0.000      -0.1058E-05   0.000       0.000       0.000       0.000       0.000                            0.1142E-06  0.1142E-06   0.000    
  30412800.0   10.18595517   10.2082   0.000       0.000      0.2222E-03  0.1107E-06 -0.5881E-01  0.5858E-01   0.000       0.000       0.000       0.000      -0.1027E-05   0.000       0.000       0.000       0.000       0.000                            0.1107E-06  0.1107E-06   0.000    
  30499200.0   10.18410824   10.2058   0.000       0.000      0.2167E-03  0.1069E-06 -0.5834E-01  0.5812E-01   0.000       0.000       0.000       0.000      -0.9929E-06   0.000       0.000       0.000       0.000       0.000                            0.1069E-06  0.1069E-06   0.000    
  30585600.0   10.18231642   10.2035   0.000       0.000      0.2117E-03  0.1037E-06 -0.5789E-01  0.5768E-01   0.000       0.000       0.000       0.000      -0.9648E-06   0.000       0.000       0.000       0.000       0.000                            0.1037E-06  0.1037E-06   0.000    
  30672000.0   10.18058120   10.2013   0.000       0.000      0.2069E-03  0.1004E-06 -0.5746E-01  0.5725E-01   0.000       0.000       0.000       0.000      -0.9357E-06   0.000       0.000       0.000       0.000       0.000                            0.1004E-06  0.1004E-06   0.000    
  30758400.0   10.17889815   10.1991   0.000       0.000      0.2025E-03  0.9740E-07 -0.5705E-01  0.5684E-01   0.000       0.000       0.000       0.000      -0.9089E-06   0.000       0.000       0.000       0.000       0.000                            0.9740E-07  0.9740E-07   0.000    
  30844800.0   10.17726313   10.1971   0.000       0.000      0.1983E-03  0.9462E-07 -0.5664E-01  0.5644E-01   0.000       0.000       0.000       0.000      -0.8841E-06   0.000       0.000       0.000       0.000       0.000                            0.9462E-07  0.9462E-07   0.000    
  30931200.0   10.17566787   10.1951   0.000       0.000      0.1944E-03  0.9232E-07 -0.5625E-01  0.5606E-01   0.000       0.000       0.000       0.000      -0.8638E-06   0.000       0.000       0.000       0.000       0.000                            0.9232E-07  0.9232E-07   0.000    
  31017600.0   10.17411104   10.1932   0.000       0.000      0.1907E-03  0.9009E-07 -0.5587E-01  0.5568E-01   0.000       0.000       0.000       0.000      -0.8440E-06   0.000       0.000       0.000       0.000       0.000                            0.9009E-07  0.9009E-07   0.000    
  31104000.0   10.17259565   10.1913   0.000       0.000      0.1872E-03  0.8770E-07 -0.5551E-01  0.5532E-01   0.000       0.000       0.000       0.000      -0.8226E-06   0.000       0.000       0.000       0.000       0.000                            0.8770E-07  0.8770E-07   0.000    
  31190400.0   10.17111847   10.1895   0.000       0.000      0.1839E-03  0.8549E-07 -0.5515E-01  0.5496E-01   0.000       0.000       0.000       0.000      -0.8028E-06   0.000       0.000       0.000       0.000       0.000                            0.8549E-07  0.8549E-07   0.000    
  31276800.0   10.17006403   10.1883   0.000       0.000      0.1828E-03  0.6102E-07 -0.5493E-01  0.5475E-01   0.000       0.000       0.000       0.000      -0.5736E-06   0.000       0.000       0.000       0.000       0.000                            0.6102E-07  0.6102E-07   0.000    
  31363200.0   10.16859019   10.1865   0.000       0.000      0.1792E-03  0.8529E-07 -0.5457E-01  0.5439E-01   0.000       0.000       0.000       0.000      -0.8025E-06   0.000       0.000       0.000       0.000       0.000                            0.8529E-07  0.8529E-07   0.000    
  31449600.0   10.16717472   10.1848   0.000       0.000      0.1762E-03  0.8191E-07 -0.5422E-01  0.5404E-01   0.000       0.000       0.000       0.000      -0.7716E-06   0.000       0.000       0.000       0.000       0.000                            0.8191E-07  0.8191E-07   0.000    
  31536000.0   10.16580635   10.1832   0.000       0.000      0.1735E-03  0.7919E-07 -0.5389E-01  0.5371E-01   0.000       0.000       0.000       0.000      -0.7467E-06   0.000       0.000       0.000       0.000       0.000                            0.7919E-07  0.7919E-07   0.000    
  31622400.0   10.16428549   10.1813   0.000       0.000      0.1699E-03  0.8801E-07 -0.5351E-01  0.5333E-01   0.000       0.000       0.000       0.000      -0.8308E-06   0.000       0.000       0.000       0.000       0.000                            0.8801E-07  0.8801E-07   0.000    
