   TOTIM (T)          HCON      HMAT     QDIR      QWELL        QMAT QCADS<->CON       QTUB1       QTUB2       QTUB3       QTUB4       QTUB5       QTUB6       NSTOR        QFIX        QLH     FHLQ (LQ)      CAUCHY CAUCHY (LQ) BREAK-DOWN CADS FLOW  QCADS<->CON    Q_CDSSTO    Q_CDSRCH
     86400.0   10.00548946   10.1130   0.000       0.000      0.1075E-02   0.000      0.9578E-02 -0.1065E-01   0.000       0.000       0.000       0.000        0.000       0.000       0.000       0.000       0.000       0.000                             0.000       0.000       0.000    
    172800.0   10.00493005   10.1062   0.000       0.000      0.1013E-02  0.3237E-07  0.9232E-02 -0.1025E-01   0.000       0.000       0.000       0.000      -0.3237E-06   0.000       0.000       0.000       0.000       0.000                            0.3237E-07  0.3237E-07   0.000    
    259200.0   10.00516484   10.1092   0.000       0.000      0.1040E-02 -0.1359E-07  0.9383E-02 -0.1042E-01   0.000       0.000       0.000       0.000       0.1359E-06   0.000       0.000       0.000       0.000       0.000                           -0.1359E-07 -0.1359E-07   0.000    
    345600.0   10.00516629   10.1093   0.000       0.000      0.1041E-02 -0.8380E-10  0.9376E-02 -0.1042E-01   0.000       0.000       0.000       0.000       0.8380E-09   0.000       0.000       0.000       0.000       0.000                           -0.8380E-10 -0.8380E-10   0.000    
    432000.0   10.00558832   10.1144   0.000       0.000      0.1088E-02 -0.2442E-07  0.9630E-02 -0.1072E-01   0.000       0.000       0.000       0.000       0.2442E-06   0.000       0.000       0.000       0.000       0.000                           -0.2442E-07 -0.2442E-07   0.000    
    518400.0   10.00567766   10.1154   0.000       0.000      0.1098E-02 -0.5170E-08  0.9677E-02 -0.1077E-01   0.000       0.000       0.000       0.000       0.5169E-07   0.000       0.000       0.000       0.000       0.000                           -0.5170E-08 -0.5170E-08   0.000    
    604800.0   10.00562125   10.1147   0.000       0.000      0.1091E-02  0.3264E-08  0.9646E-02 -0.1074E-01   0.000       0.000       0.000       0.000      -0.3264E-07   0.000       0.000       0.000       0.000       0.000                            0.3264E-08  0.3264E-08   0.000    
    691200.0   10.00616621   10.1209   0.000       0.000      0.1147E-02 -0.3154E-07  0.9966E-02 -0.1111E-01   0.000       0.000       0.000       0.000       0.3153E-06   0.000       0.000       0.000       0.000       0.000                           -0.3154E-07 -0.3154E-07   0.000    
    777600.0   10.00763926   10.1366   0.000       0.000      0.1290E-02 -0.8525E-07  0.1076E-01 -0.1205E-01   0.000       0.000       0.000       0.000       0.8524E-06   0.000       0.000       0.000       0.000       0.000                           -0.8525E-07 -0.8525E-07   0.000    
    864000.0   10.00960734   10.1556   0.000       0.000      0.1460E-02 -0.1139E-06  0.1172E-01 -0.1318E-01   0.000       0.000       0.000       0.000       0.1139E-05   0.000       0.000       0.000       0.000       0.000                           -0.1139E-06 -0.1139E-06   0.000    
    950400.0   10.00947464   10.1539   0.000       0.000      0.1445E-02  0.7679E-08  0.1167E-01 -0.1312E-01   0.000       0.000       0.000       0.000      -0.7678E-07   0.000       0.000       0.000       0.000       0.000                            0.7679E-08  0.7679E-08   0.000    
   1036800.0   10.01181041   10.1742   0.000       0.000      0.1624E-02 -0.1352E-06  0.1275E-01 -0.1437E-01   0.000       0.000       0.000       0.000       0.1351E-05   0.000       0.000       0.000       0.000       0.000                           -0.1352E-06 -0.1352E-06   0.000    
   1123200.0   10.01660119   10.2121   0.000       0.000      0.1955E-02 -0.2772E-06  0.1464E-01 -0.1659E-01   0.000       0.000       0.000       0.000       0.2771E-05   0.000       0.000       0.000       0.000       0.000                           -0.2772E-06 -0.2772E-06   0.000    
   1209600.0   10.01234925   10.1772   0.000       0.000      0.1649E-02  0.2461E-06  0.1303E-01 -0.1468E-01   0.000       0.000       0.000       0.000      -0.2460E-05   0.000       0.000       0.000       0.000       0.000                            0.2461E-06  0.2461E-06   0.000    
   1296000.0   10.01080979   10.1628   0.000       0.000      0.1520E-02  0.8909E-07  0.1247E-01 -0.1400E-01   0.000       0.000       0.000       0.000      -0.8907E-06   0.000       0.000       0.000       0.000       0.000                            0.8909E-07  0.8909E-07   0.000    
   1382400.0   10.00996188   10.1547   0.000       0.000      0.1448E-02  0.4907E-07  0.1214E-01 -0.1359E-01   0.000       0.000       0.000       0.000      -0.4906E-06   0.000       0.000       0.000       0.000       0.000                            0.4907E-07  0.4907E-07   0.000    
   1468800.0   10.00936082   10.1490   0.000       0.000      0.1396E-02  0.3478E-07  0.1190E-01 -0.1329E-01   0.000       0.000       0.000       0.000      -0.3478E-06   0.000       0.000       0.000       0.000       0.000                            0.3478E-07  0.3478E-07   0.000    
   1555200.0   10.00880585   10.1437   0.000       0.000      0.1349E-02  0.3212E-07  0.1166E-01 -0.1300E-01   0.000       0.000       0.000       0.000      -0.3211E-06   0.000       0.000       0.000       0.000       0.000                            0.3212E-07  0.3212E-07   0.000    
   1641600.0   10.00833428   10.1391   0.000       0.000      0.1308E-02  0.2729E-07  0.1144E-01 -0.1275E-01   0.000       0.000       0.000       0.000      -0.2729E-06   0.000       0.000       0.000       0.000       0.000                            0.2729E-07  0.2729E-07   0.000    
   1728000.0   10.00804191   10.1364   0.000       0.000      0.1283E-02  0.1692E-07  0.1131E-01 -0.1259E-01   0.000       0.000       0.000       0.000      -0.1692E-06   0.000       0.000       0.000       0.000       0.000                            0.1692E-07  0.1692E-07   0.000    
   1814400.0   10.00781289   10.1342   0.000       0.000      0.1264E-02  0.1325E-07  0.1120E-01 -0.1246E-01   0.000       0.000       0.000       0.000      -0.1325E-06   0.000       0.000       0.000       0.000       0.000                            0.1325E-07  0.1325E-07   0.000    
   1900800.0   10.00748193   10.1310   0.000       0.000      0.1235E-02  0.1915E-07  0.1103E-01 -0.1226E-01   0.000       0.000       0.000       0.000      -0.1915E-06   0.000       0.000       0.000       0.000       0.000                            0.1915E-07  0.1915E-07   0.000    
   1987200.0   10.00724295   10.1287   0.000       0.000      0.1215E-02  0.1383E-07  0.1091E-01 -0.1212E-01   0.000       0.000       0.000       0.000      -0.1383E-06   0.000       0.000       0.000       0.000       0.000                            0.1383E-07  0.1383E-07   0.000    
   2073600.0   10.00710203   10.1275   0.000       0.000      0.1204E-02  0.8155E-08  0.1083E-01 -0.1203E-01   0.000       0.000       0.000       0.000      -0.8155E-07   0.000       0.000       0.000       0.000       0.000                            0.8155E-08  0.8155E-08   0.000    
   2160000.0   10.00683939   10.1249   0.000       0.000      0.1180E-02  0.1520E-07  0.1069E-01 -0.1187E-01   0.000       0.000       0.000       0.000      -0.1520E-06   0.000       0.000       0.000       0.000       0.000                            0.1520E-07  0.1520E-07   0.000    
   2246400.0   10.00661298   10.1226   0.000       0.000      0.1160E-02  0.1310E-07  0.1056E-01 -0.1172E-01   0.000       0.000       0.000       0.000      -0.1310E-06   0.000       0.000       0.000       0.000       0.000                            0.1310E-07  0.1310E-07   0.000    
   2332800.0   10.00640564   10.1206   0.000       0.000      0.1142E-02  0.1200E-07  0.1044E-01 -0.1158E-01   0.000       0.000       0.000       0.000      -0.1200E-06   0.000       0.000       0.000       0.000       0.000                            0.1200E-07  0.1200E-07   0.000    
   2419200.0   10.00621300   10.1187   0.000       0.000      0.1125E-02  0.1115E-07  0.1033E-01 -0.1145E-01   0.000       0.000       0.000       0.000      -0.1115E-06   0.000       0.000       0.000       0.000       0.000                            0.1115E-07  0.1115E-07   0.000    
   2505600.0   10.00630121   10.1199   0.000       0.000      0.1136E-02 -0.5105E-08  0.1037E-01 -0.1150E-01   0.000       0.000       0.000       0.000       0.5104E-07   0.000       0.000       0.000       0.000       0.000                           -0.5105E-08 -0.5105E-08   0.000    
   2592000.0   10.00616496   10.1186   0.000       0.000      0.1124E-02  0.7884E-08  0.1028E-01 -0.1141E-01   0.000       0.000       0.000       0.000      -0.7884E-07   0.000       0.000       0.000       0.000       0.000                            0.7884E-08  0.7884E-08   0.000    
   2678400.0   10.00705617   10.1285   0.000       0.000      0.1215E-02 -0.5157E-07  0.1077E-01 -0.1198E-01   0.000       0.000       0.000       0.000       0.5157E-06   0.000       0.000       0.000       0.000       0.000                           -0.5157E-07 -0.5157E-07   0.000    
   2764800.0   10.00976142   10.1554   0.000       0.000      0.1456E-02 -0.1566E-06  0.1210E-01 -0.1355E-01   0.000       0.000       0.000       0.000       0.1565E-05   0.000       0.000       0.000       0.000       0.000                           -0.1566E-06 -0.1566E-06   0.000    
   2851200.0   10.01687593   10.2141   0.000       0.000      0.1972E-02 -0.4117E-06  0.1496E-01 -0.1693E-01   0.000       0.000       0.000       0.000       0.4116E-05   0.000       0.000       0.000       0.000       0.000                           -0.4117E-06 -0.4117E-06   0.000    
   2937600.0   10.01124308   10.1678   0.000       0.000      0.1566E-02  0.3260E-06  0.1275E-01 -0.1432E-01   0.000       0.000       0.000       0.000      -0.3258E-05   0.000       0.000       0.000       0.000       0.000                            0.3260E-06  0.3260E-06   0.000    
   3024000.0   10.01113047   10.1658   0.000       0.000      0.1546E-02  0.6517E-08  0.1280E-01 -0.1435E-01   0.000       0.000       0.000       0.000      -0.6515E-07   0.000       0.000       0.000       0.000       0.000                            0.6517E-08  0.6517E-08   0.000    
   3110400.0   10.01082507   10.1627   0.000       0.000      0.1519E-02  0.1767E-07  0.1270E-01 -0.1422E-01   0.000       0.000       0.000       0.000      -0.1767E-06   0.000       0.000       0.000       0.000       0.000                            0.1767E-07  0.1767E-07   0.000    
   3196800.0   10.01010310   10.1559   0.000       0.000      0.1458E-02  0.4178E-07  0.1241E-01 -0.1386E-01   0.000       0.000       0.000       0.000      -0.4177E-06   0.000       0.000       0.000       0.000       0.000                            0.4178E-07  0.4178E-07   0.000    
   3283200.0   10.00944213   10.1497   0.000       0.000      0.1402E-02  0.3825E-07  0.1213E-01 -0.1353E-01   0.000       0.000       0.000       0.000      -0.3824E-06   0.000       0.000       0.000       0.000       0.000                            0.3825E-07  0.3825E-07   0.000    
   3369600.0   10.00981976   10.1532   0.000       0.000      0.1434E-02 -0.2185E-07  0.1232E-01 -0.1375E-01   0.000       0.000       0.000       0.000       0.2185E-06   0.000       0.000       0.000       0.000       0.000                           -0.2185E-07 -0.2185E-07   0.000    
   3456000.0   10.01040860   10.1586   0.000       0.000      0.1482E-02 -0.3408E-07  0.1260E-01 -0.1408E-01   0.000       0.000       0.000       0.000       0.3407E-06   0.000       0.000       0.000       0.000       0.000                           -0.3408E-07 -0.3408E-07   0.000    
   3542400.0   10.01109892   10.1647   0.000       0.000      0.1536E-02 -0.3995E-07  0.1291E-01 -0.1445E-01   0.000       0.000       0.000       0.000       0.3994E-06   0.000       0.000       0.000       0.000       0.000                           -0.3995E-07 -0.3995E-07   0.000    
   3628800.0   10.01095960   10.1634   0.000       0.000      0.1524E-02  0.8063E-08  0.1286E-01 -0.1439E-01   0.000       0.000       0.000       0.000      -0.8061E-07   0.000       0.000       0.000       0.000       0.000                            0.8063E-08  0.8063E-08   0.000    
   3715200.0   10.01016218   10.1560   0.000       0.000      0.1458E-02  0.4615E-07  0.1253E-01 -0.1399E-01   0.000       0.000       0.000       0.000      -0.4614E-06   0.000       0.000       0.000       0.000       0.000                            0.4615E-07  0.4615E-07   0.000    
   3801600.0   10.01040440   10.1581   0.000       0.000      0.1477E-02 -0.1402E-07  0.1267E-01 -0.1414E-01   0.000       0.000       0.000       0.000       0.1401E-06   0.000       0.000       0.000       0.000       0.000                           -0.1402E-07 -0.1402E-07   0.000    
   3888000.0   10.01086656   10.1622   0.000       0.000      0.1514E-02 -0.2675E-07  0.1288E-01 -0.1440E-01   0.000       0.000       0.000       0.000       0.2674E-06   0.000       0.000       0.000       0.000       0.000                           -0.2675E-07 -0.2675E-07   0.000    
   3974400.0   10.01183901   10.1707   0.000       0.000      0.1588E-02 -0.5628E-07  0.1331E-01 -0.1490E-01   0.000       0.000       0.000       0.000       0.5626E-06   0.000       0.000       0.000       0.000       0.000                           -0.5628E-07 -0.5628E-07   0.000    
   4060800.0   10.01223376   10.1739   0.000       0.000      0.1617E-02 -0.2284E-07  0.1349E-01 -0.1511E-01   0.000       0.000       0.000       0.000       0.2284E-06   0.000       0.000       0.000       0.000       0.000                           -0.2284E-07 -0.2284E-07   0.000    
   4147200.0   10.01110433   10.1639   0.000       0.000      0.1528E-02  0.6536E-07  0.1304E-01 -0.1456E-01   0.000       0.000       0.000       0.000      -0.6534E-06   0.000       0.000       0.000       0.000       0.000                            0.6536E-07  0.6536E-07   0.000    
   4233600.0   10.01033598   10.1569   0.000       0.000      0.1465E-02  0.4446E-07  0.1273E-01 -0.1419E-01   0.000       0.000       0.000       0.000      -0.4445E-06   0.000       0.000       0.000       0.000       0.000                            0.4446E-07  0.4446E-07   0.000    
   4320000.0   10.00997799   10.1536   0.000       0.000      0.1436E-02  0.2072E-07  0.1258E-01 -0.1402E-01   0.000       0.000       0.000       0.000      -0.2071E-06   0.000       0.000       0.000       0.000       0.000                            0.2072E-07  0.2072E-07   0.000    
   4406400.0   10.00960726   10.1503   0.000       0.000      0.1407E-02  0.2145E-07  0.1242E-01 -0.1383E-01   0.000       0.000       0.000       0.000      -0.2145E-06   0.000       0.000       0.000       0.000       0.000                            0.2145E-07  0.2145E-07   0.000    
   4492800.0   10.00941834   10.1486   0.000       0.000      0.1392E-02  0.1093E-07  0.1234E-01 -0.1373E-01   0.000       0.000       0.000       0.000      -0.1093E-06   0.000       0.000       0.000       0.000       0.000                            0.1093E-07  0.1093E-07   0.000    
   4579200.0   10.00904482   10.1453   0.000       0.000      0.1362E-02  0.2162E-07  0.1216E-01 -0.1353E-01   0.000       0.000       0.000       0.000      -0.2161E-06   0.000       0.000       0.000       0.000       0.000                            0.2162E-07  0.2162E-07   0.000    
   4665600.0   10.00870145   10.1421   0.000       0.000      0.1334E-02  0.1987E-07  0.1200E-01 -0.1333E-01   0.000       0.000       0.000       0.000      -0.1987E-06   0.000       0.000       0.000       0.000       0.000                            0.1987E-07  0.1987E-07   0.000    
   4752000.0   10.01013886   10.1559   0.000       0.000      0.1457E-02 -0.8318E-07  0.1268E-01 -0.1413E-01   0.000       0.000       0.000       0.000       0.8317E-06   0.000       0.000       0.000       0.000       0.000                           -0.8318E-07 -0.8318E-07   0.000    
   4838400.0   10.01138426   10.1671   0.000       0.000      0.1558E-02 -0.7207E-07  0.1322E-01 -0.1477E-01   0.000       0.000       0.000       0.000       0.7206E-06   0.000       0.000       0.000       0.000       0.000                           -0.7207E-07 -0.7207E-07   0.000    
   4924800.0   10.01246741   10.1763   0.000       0.000      0.1639E-02 -0.6268E-07  0.1368E-01 -0.1532E-01   0.000       0.000       0.000       0.000       0.6266E-06   0.000       0.000       0.000       0.000       0.000                           -0.6268E-07 -0.6268E-07   0.000    
   5011200.0   10.01265177   10.1776   0.000       0.000      0.1649E-02 -0.1067E-07  0.1377E-01 -0.1542E-01   0.000       0.000       0.000       0.000       0.1067E-06   0.000       0.000       0.000       0.000       0.000                           -0.1067E-07 -0.1067E-07   0.000    
   5097600.0   10.01132523   10.1659   0.000       0.000      0.1546E-02  0.7677E-07  0.1324E-01 -0.1479E-01   0.000       0.000       0.000       0.000      -0.7675E-06   0.000       0.000       0.000       0.000       0.000                            0.7677E-07  0.7677E-07   0.000    
   5184000.0   10.01052080   10.1585   0.000       0.000      0.1480E-02  0.4655E-07  0.1292E-01 -0.1440E-01   0.000       0.000       0.000       0.000      -0.4654E-06   0.000       0.000       0.000       0.000       0.000                            0.4655E-07  0.4655E-07   0.000    
   5270400.0   10.01010282   10.1547   0.000       0.000      0.1446E-02  0.2419E-07  0.1275E-01 -0.1419E-01   0.000       0.000       0.000       0.000      -0.2418E-06   0.000       0.000       0.000       0.000       0.000                            0.2419E-07  0.2419E-07   0.000    
   5356800.0   10.00965332   10.1507   0.000       0.000      0.1410E-02  0.2601E-07  0.1255E-01 -0.1396E-01   0.000       0.000       0.000       0.000      -0.2601E-06   0.000       0.000       0.000       0.000       0.000                            0.2601E-07  0.2601E-07   0.000    
   5443200.0   10.01043502   10.1580   0.000       0.000      0.1476E-02 -0.4524E-07  0.1291E-01 -0.1438E-01   0.000       0.000       0.000       0.000       0.4523E-06   0.000       0.000       0.000       0.000       0.000                           -0.4524E-07 -0.4524E-07   0.000    
   5529600.0   10.01088512   10.1622   0.000       0.000      0.1513E-02 -0.2605E-07  0.1311E-01 -0.1462E-01   0.000       0.000       0.000       0.000       0.2604E-06   0.000       0.000       0.000       0.000       0.000                           -0.2605E-07 -0.2605E-07   0.000    
   5616000.0   10.01122643   10.1652   0.000       0.000      0.1540E-02 -0.1975E-07  0.1326E-01 -0.1480E-01   0.000       0.000       0.000       0.000       0.1975E-06   0.000       0.000       0.000       0.000       0.000                           -0.1975E-07 -0.1975E-07   0.000    
   5702400.0   10.01129225   10.1657   0.000       0.000      0.1544E-02 -0.3809E-08  0.1330E-01 -0.1484E-01   0.000       0.000       0.000       0.000       0.3808E-07   0.000       0.000       0.000       0.000       0.000                           -0.3809E-08 -0.3809E-08   0.000    
   5788800.0   10.01085667   10.1618   0.000       0.000      0.1509E-02  0.2521E-07  0.1312E-01 -0.1463E-01   0.000       0.000       0.000       0.000      -0.2520E-06   0.000       0.000       0.000       0.000       0.000                            0.2521E-07  0.2521E-07   0.000    
   5875200.0   10.01088700   10.1620   0.000       0.000      0.1511E-02 -0.1755E-08  0.1315E-01 -0.1466E-01   0.000       0.000       0.000       0.000       0.1755E-07   0.000       0.000       0.000       0.000       0.000                           -0.1755E-08 -0.1755E-08   0.000    
   5961600.0   10.01066740   10.1601   0.000       0.000      0.1494E-02  0.1271E-07  0.1306E-01 -0.1455E-01   0.000       0.000       0.000       0.000      -0.1271E-06   0.000       0.000       0.000       0.000       0.000                            0.1271E-07  0.1271E-07   0.000    
   6048000.0   10.01018269   10.1557   0.000       0.000      0.1455E-02  0.2805E-07  0.1285E-01 -0.1431E-01   0.000       0.000       0.000       0.000      -0.2804E-06   0.000       0.000       0.000       0.000       0.000                            0.2805E-07  0.2805E-07   0.000    
   6134400.0   10.00972420   10.1515   0.000       0.000      0.1418E-02  0.2653E-07  0.1265E-01 -0.1407E-01   0.000       0.000       0.000       0.000      -0.2653E-06   0.000       0.000       0.000       0.000       0.000                            0.2653E-07  0.2653E-07   0.000    
   6220800.0   10.00932000   10.1479   0.000       0.000      0.1385E-02  0.2339E-07  0.1247E-01 -0.1385E-01   0.000       0.000       0.000       0.000      -0.2339E-06   0.000       0.000       0.000       0.000       0.000                            0.2339E-07  0.2339E-07   0.000    
   6307200.0   10.00896369   10.1446   0.000       0.000      0.1357E-02  0.2062E-07  0.1230E-01 -0.1365E-01   0.000       0.000       0.000       0.000      -0.2062E-06   0.000       0.000       0.000       0.000       0.000                            0.2062E-07  0.2062E-07   0.000    
   6393600.0   10.00864675   10.1418   0.000       0.000      0.1331E-02  0.1834E-07  0.1214E-01 -0.1347E-01   0.000       0.000       0.000       0.000      -0.1834E-06   0.000       0.000       0.000       0.000       0.000                            0.1834E-07  0.1834E-07   0.000    
   6480000.0   10.00835876   10.1392   0.000       0.000      0.1308E-02  0.1667E-07  0.1199E-01 -0.1330E-01   0.000       0.000       0.000       0.000      -0.1666E-06   0.000       0.000       0.000       0.000       0.000                            0.1667E-07  0.1667E-07   0.000    
   6566400.0   10.00808988   10.1368   0.000       0.000      0.1287E-02  0.1556E-07  0.1185E-01 -0.1313E-01   0.000       0.000       0.000       0.000      -0.1556E-06   0.000       0.000       0.000       0.000       0.000                            0.1556E-07  0.1556E-07   0.000    
   6652800.0   10.00783702   10.1345   0.000       0.000      0.1266E-02  0.1463E-07  0.1171E-01 -0.1298E-01   0.000       0.000       0.000       0.000      -0.1463E-06   0.000       0.000       0.000       0.000       0.000                            0.1463E-07  0.1463E-07   0.000    
   6739200.0   10.00760591   10.1324   0.000       0.000      0.1247E-02  0.1337E-07  0.1158E-01 -0.1283E-01   0.000       0.000       0.000       0.000      -0.1337E-06   0.000       0.000       0.000       0.000       0.000                            0.1337E-07  0.1337E-07   0.000    
   6825600.0   10.00737582   10.1302   0.000       0.000      0.1229E-02  0.1332E-07  0.1145E-01 -0.1267E-01   0.000       0.000       0.000       0.000      -0.1331E-06   0.000       0.000       0.000       0.000       0.000                            0.1332E-07  0.1332E-07   0.000    
   6912000.0   10.00715254   10.1281   0.000       0.000      0.1210E-02  0.1292E-07  0.1131E-01 -0.1252E-01   0.000       0.000       0.000       0.000      -0.1292E-06   0.000       0.000       0.000       0.000       0.000                            0.1292E-07  0.1292E-07   0.000    
   6998400.0   10.00694414   10.1262   0.000       0.000      0.1193E-02  0.1206E-07  0.1119E-01 -0.1238E-01   0.000       0.000       0.000       0.000      -0.1206E-06   0.000       0.000       0.000       0.000       0.000                            0.1206E-07  0.1206E-07   0.000    
   7084800.0   10.00675399   10.1244   0.000       0.000      0.1177E-02  0.1100E-07  0.1107E-01 -0.1225E-01   0.000       0.000       0.000       0.000      -0.1100E-06   0.000       0.000       0.000       0.000       0.000                            0.1100E-07  0.1100E-07   0.000    
   7171200.0   10.00657504   10.1227   0.000       0.000      0.1162E-02  0.1036E-07  0.1095E-01 -0.1212E-01   0.000       0.000       0.000       0.000      -0.1036E-06   0.000       0.000       0.000       0.000       0.000                            0.1036E-07  0.1036E-07   0.000    
   7257600.0   10.00640169   10.1211   0.000       0.000      0.1147E-02  0.1003E-07  0.1084E-01 -0.1199E-01   0.000       0.000       0.000       0.000      -0.1003E-06   0.000       0.000       0.000       0.000       0.000                            0.1003E-07  0.1003E-07   0.000    
   7344000.0   10.00624041   10.1195   0.000       0.000      0.1133E-02  0.9333E-08  0.1073E-01 -0.1186E-01   0.000       0.000       0.000       0.000      -0.9333E-07   0.000       0.000       0.000       0.000       0.000                            0.9333E-08  0.9333E-08   0.000    
   7430400.0   10.00611998   10.1184   0.000       0.000      0.1123E-02  0.6969E-08  0.1065E-01 -0.1177E-01   0.000       0.000       0.000       0.000      -0.6969E-07   0.000       0.000       0.000       0.000       0.000                            0.6969E-08  0.6969E-08   0.000    
   7516800.0   10.00598404   10.1171   0.000       0.000      0.1111E-02  0.7867E-08  0.1055E-01 -0.1166E-01   0.000       0.000       0.000       0.000      -0.7867E-07   0.000       0.000       0.000       0.000       0.000                            0.7867E-08  0.7867E-08   0.000    
   7603200.0   10.00582920   10.1156   0.000       0.000      0.1097E-02  0.8960E-08  0.1044E-01 -0.1154E-01   0.000       0.000       0.000       0.000      -0.8960E-07   0.000       0.000       0.000       0.000       0.000                            0.8960E-08  0.8960E-08   0.000    
   7689600.0   10.00569032   10.1142   0.000       0.000      0.1085E-02  0.8037E-08  0.1034E-01 -0.1142E-01   0.000       0.000       0.000       0.000      -0.8037E-07   0.000       0.000       0.000       0.000       0.000                            0.8037E-08  0.8037E-08   0.000    
   7776000.0   10.00557684   10.1131   0.000       0.000      0.1075E-02  0.6567E-08  0.1025E-01 -0.1133E-01   0.000       0.000       0.000       0.000      -0.6567E-07   0.000       0.000       0.000       0.000       0.000                            0.6567E-08  0.6567E-08   0.000    
   7862400.0   10.00544558   10.1117   0.000       0.000      0.1063E-02  0.7596E-08  0.1015E-01 -0.1122E-01   0.000       0.000       0.000       0.000      -0.7596E-07   0.000       0.000       0.000       0.000       0.000                            0.7596E-08  0.7596E-08   0.000    
   7948800.0   10.00532494   10.1105   0.000       0.000      0.1052E-02  0.6981E-08  0.1006E-01 -0.1111E-01   0.000       0.000       0.000       0.000      -0.6981E-07   0.000       0.000       0.000       0.000       0.000                            0.6981E-08  0.6981E-08   0.000    
   8035200.0   10.00521003   10.1093   0.000       0.000      0.1041E-02  0.6650E-08  0.9972E-02 -0.1101E-01   0.000       0.000       0.000       0.000      -0.6650E-07   0.000       0.000       0.000       0.000       0.000                            0.6650E-08  0.6650E-08   0.000    
   8121600.0   10.00509964   10.1082   0.000       0.000      0.1031E-02  0.6389E-08  0.9883E-02 -0.1091E-01   0.000       0.000       0.000       0.000      -0.6388E-07   0.000       0.000       0.000       0.000       0.000                            0.6389E-08  0.6389E-08   0.000    
   8208000.0   10.00499324   10.1070   0.000       0.000      0.1021E-02  0.6157E-08  0.9797E-02 -0.1082E-01   0.000       0.000       0.000       0.000      -0.6157E-07   0.000       0.000       0.000       0.000       0.000                            0.6157E-08  0.6157E-08   0.000    
   8294400.0   10.00489048   10.1060   0.000       0.000      0.1011E-02  0.5947E-08  0.9712E-02 -0.1072E-01   0.000       0.000       0.000       0.000      -0.5946E-07   0.000       0.000       0.000       0.000       0.000                            0.5947E-08  0.5947E-08   0.000    
   8380800.0   10.00661625   10.1262   0.000       0.000      0.1196E-02 -0.9987E-07  0.1072E-01 -0.1191E-01   0.000       0.000       0.000       0.000       0.9986E-06   0.000       0.000       0.000       0.000       0.000                           -0.9987E-07 -0.9987E-07   0.000    
   8467200.0   10.00620714   10.1218   0.000       0.000      0.1156E-02  0.2368E-07  0.1046E-01 -0.1161E-01   0.000       0.000       0.000       0.000      -0.2367E-06   0.000       0.000       0.000       0.000       0.000                            0.2368E-07  0.2368E-07   0.000    
   8553600.0   10.00605670   10.1199   0.000       0.000      0.1139E-02  0.8706E-08  0.1037E-01 -0.1151E-01   0.000       0.000       0.000       0.000      -0.8705E-07   0.000       0.000       0.000       0.000       0.000                            0.8706E-08  0.8706E-08   0.000    
   8640000.0   10.00586091   10.1176   0.000       0.000      0.1117E-02  0.1133E-07  0.1026E-01 -0.1137E-01   0.000       0.000       0.000       0.000      -0.1133E-06   0.000       0.000       0.000       0.000       0.000                            0.1133E-07  0.1133E-07   0.000    
   8726400.0   10.00568230   10.1155   0.000       0.000      0.1098E-02  0.1034E-07  0.1014E-01 -0.1124E-01   0.000       0.000       0.000       0.000      -0.1034E-06   0.000       0.000       0.000       0.000       0.000                            0.1034E-07  0.1034E-07   0.000    
   8812800.0   10.00552264   10.1137   0.000       0.000      0.1081E-02  0.9240E-08  0.1004E-01 -0.1112E-01   0.000       0.000       0.000       0.000      -0.9239E-07   0.000       0.000       0.000       0.000       0.000                            0.9240E-08  0.9240E-08   0.000    
   8899200.0   10.00533211   10.1114   0.000       0.000      0.1061E-02  0.1103E-07  0.9915E-02 -0.1098E-01   0.000       0.000       0.000       0.000      -0.1103E-06   0.000       0.000       0.000       0.000       0.000                            0.1103E-07  0.1103E-07   0.000    
   8985600.0   10.00539139   10.1122   0.000       0.000      0.1068E-02 -0.3431E-08  0.9941E-02 -0.1101E-01   0.000       0.000       0.000       0.000       0.3430E-07   0.000       0.000       0.000       0.000       0.000                           -0.3431E-08 -0.3431E-08   0.000    
   9072000.0   10.00573410   10.1164   0.000       0.000      0.1106E-02 -0.1983E-07  0.1013E-01 -0.1124E-01   0.000       0.000       0.000       0.000       0.1983E-06   0.000       0.000       0.000       0.000       0.000                           -0.1983E-07 -0.1983E-07   0.000    
   9158400.0   10.00553561   10.1141   0.000       0.000      0.1086E-02  0.1149E-07  0.1000E-01 -0.1109E-01   0.000       0.000       0.000       0.000      -0.1149E-06   0.000       0.000       0.000       0.000       0.000                            0.1149E-07  0.1149E-07   0.000    
   9244800.0   10.00651840   10.1253   0.000       0.000      0.1188E-02 -0.5687E-07  0.1056E-01 -0.1175E-01   0.000       0.000       0.000       0.000       0.5687E-06   0.000       0.000       0.000       0.000       0.000                           -0.5687E-07 -0.5687E-07   0.000    
   9331200.0   10.00872702   10.1480   0.000       0.000      0.1393E-02 -0.1278E-06  0.1169E-01 -0.1308E-01   0.000       0.000       0.000       0.000       0.1278E-05   0.000       0.000       0.000       0.000       0.000                           -0.1278E-06 -0.1278E-06   0.000    
   9417600.0   10.01491712   10.2014   0.000       0.000      0.1864E-02 -0.3582E-06  0.1432E-01 -0.1618E-01   0.000       0.000       0.000       0.000       0.3581E-05   0.000       0.000       0.000       0.000       0.000                           -0.3582E-06 -0.3582E-06   0.000    
   9504000.0   10.01722006   10.2182   0.000       0.000      0.2009E-02 -0.1333E-06  0.1518E-01 -0.1718E-01   0.000       0.000       0.000       0.000       0.1332E-05   0.000       0.000       0.000       0.000       0.000                           -0.1333E-06 -0.1333E-06   0.000    
   9590400.0   10.01249276   10.1794   0.000       0.000      0.1669E-02  0.2736E-06  0.1343E-01 -0.1510E-01   0.000       0.000       0.000       0.000      -0.2734E-05   0.000       0.000       0.000       0.000       0.000                            0.2736E-06  0.2736E-06   0.000    
   9676800.0   10.01065260   10.1623   0.000       0.000      0.1517E-02  0.1065E-06  0.1274E-01 -0.1426E-01   0.000       0.000       0.000       0.000      -0.1065E-05   0.000       0.000       0.000       0.000       0.000                            0.1065E-06  0.1065E-06   0.000    
   9763200.0   10.00955309   10.1518   0.000       0.000      0.1422E-02  0.6363E-07  0.1228E-01 -0.1371E-01   0.000       0.000       0.000       0.000      -0.6362E-06   0.000       0.000       0.000       0.000       0.000                            0.6363E-07  0.6363E-07   0.000    
   9849600.0   10.00881953   10.1447   0.000       0.000      0.1359E-02  0.4245E-07  0.1196E-01 -0.1332E-01   0.000       0.000       0.000       0.000      -0.4244E-06   0.000       0.000       0.000       0.000       0.000                            0.4245E-07  0.4245E-07   0.000    
   9936000.0   10.01006499   10.1565   0.000       0.000      0.1464E-02 -0.7208E-07  0.1256E-01 -0.1402E-01   0.000       0.000       0.000       0.000       0.7206E-06   0.000       0.000       0.000       0.000       0.000                           -0.7208E-07 -0.7208E-07   0.000    
  10022400.0   10.01046909   10.1602   0.000       0.000      0.1497E-02 -0.2339E-07  0.1274E-01 -0.1423E-01   0.000       0.000       0.000       0.000       0.2338E-06   0.000       0.000       0.000       0.000       0.000                           -0.2339E-07 -0.2339E-07   0.000    
  10108800.0   10.01031344   10.1587   0.000       0.000      0.1484E-02  0.9008E-08  0.1268E-01 -0.1416E-01   0.000       0.000       0.000       0.000      -0.9006E-07   0.000       0.000       0.000       0.000       0.000                            0.9008E-08  0.9008E-08   0.000    
  10195200.0   10.01063220   10.1614   0.000       0.000      0.1508E-02 -0.1845E-07  0.1284E-01 -0.1435E-01   0.000       0.000       0.000       0.000       0.1844E-06   0.000       0.000       0.000       0.000       0.000                           -0.1845E-07 -0.1845E-07   0.000    
  10281600.0   10.01060152   10.1610   0.000       0.000      0.1504E-02  0.1776E-08  0.1284E-01 -0.1434E-01   0.000       0.000       0.000       0.000      -0.1775E-07   0.000       0.000       0.000       0.000       0.000                            0.1776E-08  0.1776E-08   0.000    
  10368000.0   10.00986518   10.1541   0.000       0.000      0.1442E-02  0.4261E-07  0.1252E-01 -0.1397E-01   0.000       0.000       0.000       0.000      -0.4260E-06   0.000       0.000       0.000       0.000       0.000                            0.4261E-07  0.4261E-07   0.000    
  10454400.0   10.00921359   10.1479   0.000       0.000      0.1387E-02  0.3771E-07  0.1224E-01 -0.1363E-01   0.000       0.000       0.000       0.000      -0.3770E-06   0.000       0.000       0.000       0.000       0.000                            0.3771E-07  0.3771E-07   0.000    
  10540800.0   10.00948838   10.1506   0.000       0.000      0.1411E-02 -0.1590E-07  0.1238E-01 -0.1379E-01   0.000       0.000       0.000       0.000       0.1590E-06   0.000       0.000       0.000       0.000       0.000                           -0.1590E-07 -0.1590E-07   0.000    
  10627200.0   10.00990509   10.1545   0.000       0.000      0.1446E-02 -0.2412E-07  0.1257E-01 -0.1402E-01   0.000       0.000       0.000       0.000       0.2411E-06   0.000       0.000       0.000       0.000       0.000                           -0.2412E-07 -0.2412E-07   0.000    
  10713600.0   10.00980294   10.1536   0.000       0.000      0.1438E-02  0.5911E-08  0.1253E-01 -0.1397E-01   0.000       0.000       0.000       0.000      -0.5910E-07   0.000       0.000       0.000       0.000       0.000                            0.5911E-08  0.5911E-08   0.000    
  10800000.0   10.00937999   10.1496   0.000       0.000      0.1402E-02  0.2448E-07  0.1234E-01 -0.1374E-01   0.000       0.000       0.000       0.000      -0.2447E-06   0.000       0.000       0.000       0.000       0.000                            0.2448E-07  0.2448E-07   0.000    
  10886400.0   10.00890225   10.1451   0.000       0.000      0.1362E-02  0.2765E-07  0.1212E-01 -0.1349E-01   0.000       0.000       0.000       0.000      -0.2764E-06   0.000       0.000       0.000       0.000       0.000                            0.2765E-07  0.2765E-07   0.000    
  10972800.0   10.00845503   10.1408   0.000       0.000      0.1323E-02  0.2588E-07  0.1191E-01 -0.1324E-01   0.000       0.000       0.000       0.000      -0.2588E-06   0.000       0.000       0.000       0.000       0.000                            0.2588E-07  0.2588E-07   0.000    
  11059200.0   10.00799581   10.1364   0.000       0.000      0.1284E-02  0.2658E-07  0.1168E-01 -0.1297E-01   0.000       0.000       0.000       0.000      -0.2657E-06   0.000       0.000       0.000       0.000       0.000                            0.2658E-07  0.2658E-07   0.000    
  11145600.0   10.00762040   10.1327   0.000       0.000      0.1251E-02  0.2173E-07  0.1149E-01 -0.1274E-01   0.000       0.000       0.000       0.000      -0.2172E-06   0.000       0.000       0.000       0.000       0.000                            0.2173E-07  0.2173E-07   0.000    
  11232000.0   10.00731270   10.1298   0.000       0.000      0.1225E-02  0.1781E-07  0.1132E-01 -0.1255E-01   0.000       0.000       0.000       0.000      -0.1780E-06   0.000       0.000       0.000       0.000       0.000                            0.1781E-07  0.1781E-07   0.000    
  11318400.0   10.00704390   10.1272   0.000       0.000      0.1202E-02  0.1556E-07  0.1117E-01 -0.1237E-01   0.000       0.000       0.000       0.000      -0.1555E-06   0.000       0.000       0.000       0.000       0.000                            0.1556E-07  0.1556E-07   0.000    
  11404800.0   10.00763881   10.1337   0.000       0.000      0.1261E-02 -0.3443E-07  0.1147E-01 -0.1273E-01   0.000       0.000       0.000       0.000       0.3442E-06   0.000       0.000       0.000       0.000       0.000                           -0.3443E-07 -0.3443E-07   0.000    
  11491200.0   10.00707730   10.1281   0.000       0.000      0.1210E-02  0.3250E-07  0.1116E-01 -0.1237E-01   0.000       0.000       0.000       0.000      -0.3249E-06   0.000       0.000       0.000       0.000       0.000                            0.3250E-07  0.3250E-07   0.000    
  11577600.0   10.00836232   10.1414   0.000       0.000      0.1330E-02 -0.7436E-07  0.1182E-01 -0.1315E-01   0.000       0.000       0.000       0.000       0.7436E-06   0.000       0.000       0.000       0.000       0.000                           -0.7436E-07 -0.7436E-07   0.000    
  11664000.0   10.01097623   10.1659   0.000       0.000      0.1550E-02 -0.1513E-06  0.1302E-01 -0.1456E-01   0.000       0.000       0.000       0.000       0.1512E-05   0.000       0.000       0.000       0.000       0.000                           -0.1513E-06 -0.1513E-06   0.000    
  11750400.0   10.01767523   10.2195   0.000       0.000      0.2019E-02 -0.3877E-06  0.1563E-01 -0.1765E-01   0.000       0.000       0.000       0.000       0.3875E-05   0.000       0.000       0.000       0.000       0.000                           -0.3877E-06 -0.3877E-06   0.000    
  11836800.0   10.01220472   10.1756   0.000       0.000      0.1634E-02  0.3166E-06  0.1354E-01 -0.1517E-01   0.000       0.000       0.000       0.000      -0.3164E-05   0.000       0.000       0.000       0.000       0.000                            0.3166E-06  0.3166E-06   0.000    
  11923200.0   10.01054511   10.1602   0.000       0.000      0.1496E-02  0.9604E-07  0.1292E-01 -0.1441E-01   0.000       0.000       0.000       0.000      -0.9602E-06   0.000       0.000       0.000       0.000       0.000                            0.9604E-07  0.9604E-07   0.000    
  12009600.0   10.00968745   10.1521   0.000       0.000      0.1424E-02  0.4963E-07  0.1256E-01 -0.1398E-01   0.000       0.000       0.000       0.000      -0.4962E-06   0.000       0.000       0.000       0.000       0.000                            0.4963E-07  0.4963E-07   0.000    
  12096000.0   10.00985978   10.1537   0.000       0.000      0.1438E-02 -0.9973E-08  0.1265E-01 -0.1409E-01   0.000       0.000       0.000       0.000       0.9971E-07   0.000       0.000       0.000       0.000       0.000                           -0.9973E-08 -0.9973E-08   0.000    
  12182400.0   10.00967512   10.1521   0.000       0.000      0.1424E-02  0.1069E-07  0.1257E-01 -0.1399E-01   0.000       0.000       0.000       0.000      -0.1068E-06   0.000       0.000       0.000       0.000       0.000                            0.1069E-07  0.1069E-07   0.000    
  12268800.0   10.00924941   10.1482   0.000       0.000      0.1389E-02  0.2464E-07  0.1237E-01 -0.1376E-01   0.000       0.000       0.000       0.000      -0.2463E-06   0.000       0.000       0.000       0.000       0.000                            0.2464E-07  0.2464E-07   0.000    
  12355200.0   10.00879576   10.1439   0.000       0.000      0.1351E-02  0.2625E-07  0.1216E-01 -0.1351E-01   0.000       0.000       0.000       0.000      -0.2625E-06   0.000       0.000       0.000       0.000       0.000                            0.2625E-07  0.2625E-07   0.000    
  12441600.0   10.00864681   10.1426   0.000       0.000      0.1340E-02  0.8620E-08  0.1209E-01 -0.1343E-01   0.000       0.000       0.000       0.000      -0.8618E-07   0.000       0.000       0.000       0.000       0.000                            0.8620E-08  0.8620E-08   0.000    
  12528000.0   10.01081523   10.1630   0.000       0.000      0.1522E-02 -0.1255E-06  0.1309E-01 -0.1461E-01   0.000       0.000       0.000       0.000       0.1255E-05   0.000       0.000       0.000       0.000       0.000                           -0.1255E-06 -0.1255E-06   0.000    
  12614400.0   10.01236103   10.1765   0.000       0.000      0.1641E-02 -0.8946E-07  0.1374E-01 -0.1538E-01   0.000       0.000       0.000       0.000       0.8943E-06   0.000       0.000       0.000       0.000       0.000                           -0.8946E-07 -0.8946E-07   0.000    
  12700800.0   10.01087146   10.1633   0.000       0.000      0.1524E-02  0.8620E-07  0.1311E-01 -0.1464E-01   0.000       0.000       0.000       0.000      -0.8618E-06   0.000       0.000       0.000       0.000       0.000                            0.8620E-07  0.8620E-07   0.000    
  12787200.0   10.01006499   10.1557   0.000       0.000      0.1456E-02  0.4667E-07  0.1278E-01 -0.1424E-01   0.000       0.000       0.000       0.000      -0.4666E-06   0.000       0.000       0.000       0.000       0.000                            0.4667E-07  0.4667E-07   0.000    
  12873600.0   10.00940178   10.1495   0.000       0.000      0.1401E-02  0.3838E-07  0.1249E-01 -0.1389E-01   0.000       0.000       0.000       0.000      -0.3837E-06   0.000       0.000       0.000       0.000       0.000                            0.3838E-07  0.3838E-07   0.000    
  12960000.0   10.00995597   10.1547   0.000       0.000      0.1448E-02 -0.3207E-07  0.1275E-01 -0.1420E-01   0.000       0.000       0.000       0.000       0.3207E-06   0.000       0.000       0.000       0.000       0.000                           -0.3207E-07 -0.3207E-07   0.000    
  13046400.0   10.00957685   10.1513   0.000       0.000      0.1417E-02  0.2194E-07  0.1257E-01 -0.1399E-01   0.000       0.000       0.000       0.000      -0.2194E-06   0.000       0.000       0.000       0.000       0.000                            0.2194E-07  0.2194E-07   0.000    
  13132800.0   10.00917924   10.1476   0.000       0.000      0.1384E-02  0.2301E-07  0.1239E-01 -0.1378E-01   0.000       0.000       0.000       0.000      -0.2301E-06   0.000       0.000       0.000       0.000       0.000                            0.2301E-07  0.2301E-07   0.000    
  13219200.0   10.00905855   10.1465   0.000       0.000      0.1375E-02  0.6984E-08  0.1234E-01 -0.1371E-01   0.000       0.000       0.000       0.000      -0.6983E-07   0.000       0.000       0.000       0.000       0.000                            0.6984E-08  0.6984E-08   0.000    
  13305600.0   10.00873334   10.1435   0.000       0.000      0.1348E-02  0.1882E-07  0.1218E-01 -0.1353E-01   0.000       0.000       0.000       0.000      -0.1882E-06   0.000       0.000       0.000       0.000       0.000                            0.1882E-07  0.1882E-07   0.000    
  13392000.0   10.00988145   10.1546   0.000       0.000      0.1447E-02 -0.6644E-07  0.1272E-01 -0.1417E-01   0.000       0.000       0.000       0.000       0.6643E-06   0.000       0.000       0.000       0.000       0.000                           -0.6644E-07 -0.6644E-07   0.000    
  13478400.0   10.01026290   10.1582   0.000       0.000      0.1479E-02 -0.2207E-07  0.1288E-01 -0.1436E-01   0.000       0.000       0.000       0.000       0.2207E-06   0.000       0.000       0.000       0.000       0.000                           -0.2207E-07 -0.2207E-07   0.000    
  13564800.0   10.00974809   10.1534   0.000       0.000      0.1436E-02  0.2979E-07  0.1265E-01 -0.1409E-01   0.000       0.000       0.000       0.000      -0.2979E-06   0.000       0.000       0.000       0.000       0.000                            0.2979E-07  0.2979E-07   0.000    
  13651200.0   10.00935324   10.1496   0.000       0.000      0.1402E-02  0.2285E-07  0.1248E-01 -0.1388E-01   0.000       0.000       0.000       0.000      -0.2285E-06   0.000       0.000       0.000       0.000       0.000                            0.2285E-07  0.2285E-07   0.000    
  13737600.0   10.00895950   10.1459   0.000       0.000      0.1369E-02  0.2279E-07  0.1230E-01 -0.1367E-01   0.000       0.000       0.000       0.000      -0.2278E-06   0.000       0.000       0.000       0.000       0.000                            0.2279E-07  0.2279E-07   0.000    
  13824000.0   10.01103616   10.1651   0.000       0.000      0.1540E-02 -0.1202E-06  0.1325E-01 -0.1479E-01   0.000       0.000       0.000       0.000       0.1202E-05   0.000       0.000       0.000       0.000       0.000                           -0.1202E-06 -0.1202E-06   0.000    
  13910400.0   10.01310126   10.1827   0.000       0.000      0.1696E-02 -0.1195E-06  0.1411E-01 -0.1580E-01   0.000       0.000       0.000       0.000       0.1195E-05   0.000       0.000       0.000       0.000       0.000                           -0.1195E-06 -0.1195E-06   0.000    
  13996800.0   10.01164293   10.1701   0.000       0.000      0.1584E-02  0.8439E-07  0.1351E-01 -0.1509E-01   0.000       0.000       0.000       0.000      -0.8437E-06   0.000       0.000       0.000       0.000       0.000                            0.8439E-07  0.8439E-07   0.000    
  14083200.0   10.01066902   10.1611   0.000       0.000      0.1504E-02  0.5636E-07  0.1312E-01 -0.1463E-01   0.000       0.000       0.000       0.000      -0.5635E-06   0.000       0.000       0.000       0.000       0.000                            0.5636E-07  0.5636E-07   0.000    
  14169600.0   10.01140090   10.1674   0.000       0.000      0.1560E-02 -0.4235E-07  0.1346E-01 -0.1502E-01   0.000       0.000       0.000       0.000       0.4234E-06   0.000       0.000       0.000       0.000       0.000                           -0.4235E-07 -0.4235E-07   0.000    
  14256000.0   10.01163988   10.1695   0.000       0.000      0.1578E-02 -0.1383E-07  0.1357E-01 -0.1515E-01   0.000       0.000       0.000       0.000       0.1383E-06   0.000       0.000       0.000       0.000       0.000                           -0.1383E-07 -0.1383E-07   0.000    
  14342400.0   10.01405571   10.1895   0.000       0.000      0.1754E-02 -0.1398E-06  0.1457E-01 -0.1632E-01   0.000       0.000       0.000       0.000       0.1398E-05   0.000       0.000       0.000       0.000       0.000                           -0.1398E-06 -0.1398E-06   0.000    
  14428800.0   10.02056964   10.2379   0.000       0.000      0.2174E-02 -0.3770E-06  0.1693E-01 -0.1910E-01   0.000       0.000       0.000       0.000       0.3767E-05   0.000       0.000       0.000       0.000       0.000                           -0.3770E-06 -0.3770E-06   0.000    
  14515200.0   10.01645062   10.2072   0.000       0.000      0.1907E-02  0.2384E-06  0.1550E-01 -0.1741E-01   0.000       0.000       0.000       0.000      -0.2382E-05   0.000       0.000       0.000       0.000       0.000                            0.2384E-06  0.2384E-06   0.000    
  14601600.0   10.01664346   10.2077   0.000       0.000      0.1911E-02 -0.1116E-07  0.1566E-01 -0.1757E-01   0.000       0.000       0.000       0.000       0.1115E-06   0.000       0.000       0.000       0.000       0.000                           -0.1116E-07 -0.1116E-07   0.000    
  14688000.0   10.01831298   10.2196   0.000       0.000      0.2013E-02 -0.9662E-07  0.1630E-01 -0.1831E-01   0.000       0.000       0.000       0.000       0.9656E-06   0.000       0.000       0.000       0.000       0.000                           -0.9662E-07 -0.9662E-07   0.000    
  14774400.0   10.01771489   10.2147   0.000       0.000      0.1970E-02  0.3461E-07  0.1613E-01 -0.1810E-01   0.000       0.000       0.000       0.000      -0.3459E-06   0.000       0.000       0.000       0.000       0.000                            0.3461E-07  0.3461E-07   0.000    
  14860800.0   10.01626266   10.2034   0.000       0.000      0.1871E-02  0.8404E-07  0.1565E-01 -0.1752E-01   0.000       0.000       0.000       0.000      -0.8399E-06   0.000       0.000       0.000       0.000       0.000                            0.8404E-07  0.8404E-07   0.000    
  14947200.0   10.01540593   10.1965   0.000       0.000      0.1811E-02  0.4958E-07  0.1538E-01 -0.1719E-01   0.000       0.000       0.000       0.000      -0.4955E-06   0.000       0.000       0.000       0.000       0.000                            0.4958E-07  0.4958E-07   0.000    
  15033600.0   10.01446782   10.1890   0.000       0.000      0.1745E-02  0.5429E-07  0.1505E-01 -0.1679E-01   0.000       0.000       0.000       0.000      -0.5426E-06   0.000       0.000       0.000       0.000       0.000                            0.5429E-07  0.5429E-07   0.000    
  15120000.0   10.01364690   10.1824   0.000       0.000      0.1688E-02  0.4751E-07  0.1475E-01 -0.1644E-01   0.000       0.000       0.000       0.000      -0.4749E-06   0.000       0.000       0.000       0.000       0.000                            0.4751E-07  0.4751E-07   0.000    
  15206400.0   10.01284460   10.1760   0.000       0.000      0.1631E-02  0.4643E-07  0.1444E-01 -0.1607E-01   0.000       0.000       0.000       0.000      -0.4641E-06   0.000       0.000       0.000       0.000       0.000                            0.4643E-07  0.4643E-07   0.000    
  15292800.0   10.01211523   10.1700   0.000       0.000      0.1579E-02  0.4221E-07  0.1415E-01 -0.1572E-01   0.000       0.000       0.000       0.000      -0.4220E-06   0.000       0.000       0.000       0.000       0.000                            0.4221E-07  0.4221E-07   0.000    
  15379200.0   10.01469801   10.1915   0.000       0.000      0.1768E-02 -0.1495E-06  0.1519E-01 -0.1695E-01   0.000       0.000       0.000       0.000       0.1494E-05   0.000       0.000       0.000       0.000       0.000                           -0.1495E-06 -0.1495E-06   0.000    
  15465600.0   10.01500396   10.1941   0.000       0.000      0.1791E-02 -0.1771E-07  0.1529E-01 -0.1708E-01   0.000       0.000       0.000       0.000       0.1770E-06   0.000       0.000       0.000       0.000       0.000                           -0.1771E-07 -0.1771E-07   0.000    
  15552000.0   10.01380197   10.1844   0.000       0.000      0.1706E-02  0.6956E-07  0.1484E-01 -0.1655E-01   0.000       0.000       0.000       0.000      -0.6953E-06   0.000       0.000       0.000       0.000       0.000                            0.6956E-07  0.6956E-07   0.000    
  15638400.0   10.01271732   10.1754   0.000       0.000      0.1627E-02  0.6277E-07  0.1443E-01 -0.1606E-01   0.000       0.000       0.000       0.000      -0.6275E-06   0.000       0.000       0.000       0.000       0.000                            0.6277E-07  0.6277E-07   0.000    
  15724800.0   10.01197426   10.1693   0.000       0.000      0.1573E-02  0.4300E-07  0.1413E-01 -0.1570E-01   0.000       0.000       0.000       0.000      -0.4299E-06   0.000       0.000       0.000       0.000       0.000                            0.4300E-07  0.4300E-07   0.000    
  15811200.0   10.01139154   10.1645   0.000       0.000      0.1531E-02  0.3372E-07  0.1388E-01 -0.1541E-01   0.000       0.000       0.000       0.000      -0.3371E-06   0.000       0.000       0.000       0.000       0.000                            0.3372E-07  0.3372E-07   0.000    
  15897600.0   10.01091971   10.1606   0.000       0.000      0.1497E-02  0.2730E-07  0.1367E-01 -0.1517E-01   0.000       0.000       0.000       0.000      -0.2730E-06   0.000       0.000       0.000       0.000       0.000                            0.2730E-07  0.2730E-07   0.000    
  15984000.0   10.01078889   10.1598   0.000       0.000      0.1490E-02  0.7571E-08  0.1361E-01 -0.1510E-01   0.000       0.000       0.000       0.000      -0.7569E-07   0.000       0.000       0.000       0.000       0.000                            0.7571E-08  0.7571E-08   0.000    
  16070400.0   10.01030863   10.1558   0.000       0.000      0.1455E-02  0.2779E-07  0.1338E-01 -0.1484E-01   0.000       0.000       0.000       0.000      -0.2779E-06   0.000       0.000       0.000       0.000       0.000                            0.2779E-07  0.2779E-07   0.000    
  16156800.0   10.00993505   10.1527   0.000       0.000      0.1428E-02  0.2162E-07  0.1320E-01 -0.1463E-01   0.000       0.000       0.000       0.000      -0.2161E-06   0.000       0.000       0.000       0.000       0.000                            0.2162E-07  0.2162E-07   0.000    
  16243200.0   10.00958754   10.1498   0.000       0.000      0.1402E-02  0.2011E-07  0.1303E-01 -0.1443E-01   0.000       0.000       0.000       0.000      -0.2011E-06   0.000       0.000       0.000       0.000       0.000                            0.2011E-07  0.2011E-07   0.000    
  16329600.0   10.00927593   10.1472   0.000       0.000      0.1380E-02  0.1803E-07  0.1287E-01 -0.1425E-01   0.000       0.000       0.000       0.000      -0.1803E-06   0.000       0.000       0.000       0.000       0.000                            0.1803E-07  0.1803E-07   0.000    
  16416000.0   10.00898620   10.1448   0.000       0.000      0.1358E-02  0.1677E-07  0.1271E-01 -0.1407E-01   0.000       0.000       0.000       0.000      -0.1676E-06   0.000       0.000       0.000       0.000       0.000                            0.1677E-07  0.1677E-07   0.000    
  16502400.0   10.00871653   10.1425   0.000       0.000      0.1338E-02  0.1561E-07  0.1257E-01 -0.1390E-01   0.000       0.000       0.000       0.000      -0.1560E-06   0.000       0.000       0.000       0.000       0.000                            0.1561E-07  0.1561E-07   0.000    
  16588800.0   10.00846521   10.1404   0.000       0.000      0.1319E-02  0.1454E-07  0.1242E-01 -0.1374E-01   0.000       0.000       0.000       0.000      -0.1454E-06   0.000       0.000       0.000       0.000       0.000                            0.1454E-07  0.1454E-07   0.000    
  16675200.0   10.00822980   10.1384   0.000       0.000      0.1302E-02  0.1362E-07  0.1229E-01 -0.1359E-01   0.000       0.000       0.000       0.000      -0.1362E-06   0.000       0.000       0.000       0.000       0.000                            0.1362E-07  0.1362E-07   0.000    
  16761600.0   10.00814546   10.1379   0.000       0.000      0.1297E-02  0.4881E-08  0.1223E-01 -0.1352E-01   0.000       0.000       0.000       0.000      -0.4880E-07   0.000       0.000       0.000       0.000       0.000                            0.4881E-08  0.4881E-08   0.000    
  16848000.0   10.00812192   10.1380   0.000       0.000      0.1298E-02  0.1362E-08  0.1219E-01 -0.1349E-01   0.000       0.000       0.000       0.000      -0.1362E-07   0.000       0.000       0.000       0.000       0.000                            0.1362E-08  0.1362E-08   0.000    
  16934400.0   10.00852795   10.1423   0.000       0.000      0.1337E-02 -0.2350E-07  0.1238E-01 -0.1371E-01   0.000       0.000       0.000       0.000       0.2349E-06   0.000       0.000       0.000       0.000       0.000                           -0.2350E-07 -0.2350E-07   0.000    
  17020800.0   10.00843731   10.1416   0.000       0.000      0.1332E-02  0.5245E-08  0.1231E-01 -0.1364E-01   0.000       0.000       0.000       0.000      -0.5244E-07   0.000       0.000       0.000       0.000       0.000                            0.5245E-08  0.5245E-08   0.000    
  17107200.0   10.00795038   10.1369   0.000       0.000      0.1289E-02  0.2818E-07  0.1205E-01 -0.1334E-01   0.000       0.000       0.000       0.000      -0.2818E-06   0.000       0.000       0.000       0.000       0.000                            0.2818E-07  0.2818E-07   0.000    
  17193600.0   10.00768111   10.1343   0.000       0.000      0.1266E-02  0.1558E-07  0.1190E-01 -0.1317E-01   0.000       0.000       0.000       0.000      -0.1558E-06   0.000       0.000       0.000       0.000       0.000                            0.1558E-07  0.1558E-07   0.000    
  17280000.0   10.00743604   10.1319   0.000       0.000      0.1245E-02  0.1418E-07  0.1176E-01 -0.1300E-01   0.000       0.000       0.000       0.000      -0.1418E-06   0.000       0.000       0.000       0.000       0.000                            0.1418E-07  0.1418E-07   0.000    
  17366400.0   10.00721428   10.1298   0.000       0.000      0.1226E-02  0.1283E-07  0.1162E-01 -0.1285E-01   0.000       0.000       0.000       0.000      -0.1283E-06   0.000       0.000       0.000       0.000       0.000                            0.1283E-07  0.1283E-07   0.000    
  17452800.0   10.00701531   10.1280   0.000       0.000      0.1210E-02  0.1151E-07  0.1150E-01 -0.1271E-01   0.000       0.000       0.000       0.000      -0.1151E-06   0.000       0.000       0.000       0.000       0.000                            0.1151E-07  0.1151E-07   0.000    
  17539200.0   10.00683220   10.1262   0.000       0.000      0.1194E-02  0.1060E-07  0.1138E-01 -0.1257E-01   0.000       0.000       0.000       0.000      -0.1060E-06   0.000       0.000       0.000       0.000       0.000                            0.1060E-07  0.1060E-07   0.000    
  17625600.0   10.00666182   10.1246   0.000       0.000      0.1180E-02  0.9860E-08  0.1126E-01 -0.1244E-01   0.000       0.000       0.000       0.000      -0.9860E-07   0.000       0.000       0.000       0.000       0.000                            0.9860E-08  0.9860E-08   0.000    
  17712000.0   10.00668922   10.1252   0.000       0.000      0.1185E-02 -0.1586E-08  0.1126E-01 -0.1244E-01   0.000       0.000       0.000       0.000       0.1586E-07   0.000       0.000       0.000       0.000       0.000                           -0.1586E-08 -0.1586E-08   0.000    
  17798400.0   10.00647156   10.1230   0.000       0.000      0.1165E-02  0.1260E-07  0.1111E-01 -0.1228E-01   0.000       0.000       0.000       0.000      -0.1260E-06   0.000       0.000       0.000       0.000       0.000                            0.1260E-07  0.1260E-07   0.000    
  17884800.0   10.00628906   10.1212   0.000       0.000      0.1149E-02  0.1056E-07  0.1099E-01 -0.1214E-01   0.000       0.000       0.000       0.000      -0.1056E-06   0.000       0.000       0.000       0.000       0.000                            0.1056E-07  0.1056E-07   0.000    
  17971200.0   10.00613670   10.1197   0.000       0.000      0.1135E-02  0.8817E-08  0.1088E-01 -0.1202E-01   0.000       0.000       0.000       0.000      -0.8816E-07   0.000       0.000       0.000       0.000       0.000                            0.8817E-08  0.8817E-08   0.000    
  18057600.0   10.00599608   10.1183   0.000       0.000      0.1123E-02  0.8138E-08  0.1078E-01 -0.1190E-01   0.000       0.000       0.000       0.000      -0.8137E-07   0.000       0.000       0.000       0.000       0.000                            0.8138E-08  0.8138E-08   0.000    
  18144000.0   10.00586285   10.1169   0.000       0.000      0.1111E-02  0.7710E-08  0.1068E-01 -0.1179E-01   0.000       0.000       0.000       0.000      -0.7709E-07   0.000       0.000       0.000       0.000       0.000                            0.7710E-08  0.7710E-08   0.000    
  18230400.0   10.00573557   10.1157   0.000       0.000      0.1099E-02  0.7366E-08  0.1058E-01 -0.1168E-01   0.000       0.000       0.000       0.000      -0.7365E-07   0.000       0.000       0.000       0.000       0.000                            0.7366E-08  0.7366E-08   0.000    
  18316800.0   10.00561369   10.1144   0.000       0.000      0.1088E-02  0.7053E-08  0.1049E-01 -0.1157E-01   0.000       0.000       0.000       0.000      -0.7052E-07   0.000       0.000       0.000       0.000       0.000                            0.7053E-08  0.7053E-08   0.000    
  18403200.0   10.00549627   10.1133   0.000       0.000      0.1078E-02  0.6795E-08  0.1039E-01 -0.1147E-01   0.000       0.000       0.000       0.000      -0.6795E-07   0.000       0.000       0.000       0.000       0.000                            0.6795E-08  0.6795E-08   0.000    
  18489600.0   10.00538310   10.1121   0.000       0.000      0.1067E-02  0.6549E-08  0.1030E-01 -0.1137E-01   0.000       0.000       0.000       0.000      -0.6549E-07   0.000       0.000       0.000       0.000       0.000                            0.6549E-08  0.6549E-08   0.000    
  18576000.0   10.00527392   10.1110   0.000       0.000      0.1057E-02  0.6318E-08  0.1021E-01 -0.1127E-01   0.000       0.000       0.000       0.000      -0.6318E-07   0.000       0.000       0.000       0.000       0.000                            0.6318E-08  0.6318E-08   0.000    
  18662400.0   10.00516828   10.1099   0.000       0.000      0.1047E-02  0.6113E-08  0.1012E-01 -0.1117E-01   0.000       0.000       0.000       0.000      -0.6113E-07   0.000       0.000       0.000       0.000       0.000                            0.6113E-08  0.6113E-08   0.000    
  18748800.0   10.00506607   10.1088   0.000       0.000      0.1037E-02  0.5915E-08  0.1004E-01 -0.1107E-01   0.000       0.000       0.000       0.000      -0.5915E-07   0.000       0.000       0.000       0.000       0.000                            0.5915E-08  0.5915E-08   0.000    
  18835200.0   10.00530729   10.1119   0.000       0.000      0.1066E-02 -0.1396E-07  0.1016E-01 -0.1123E-01   0.000       0.000       0.000       0.000       0.1396E-06   0.000       0.000       0.000       0.000       0.000                           -0.1396E-07 -0.1396E-07   0.000    
  18921600.0   10.00511667   10.1097   0.000       0.000      0.1046E-02  0.1103E-07  0.1002E-01 -0.1107E-01   0.000       0.000       0.000       0.000      -0.1103E-06   0.000       0.000       0.000       0.000       0.000                            0.1103E-07  0.1103E-07   0.000    
  19008000.0   10.00493644   10.1076   0.000       0.000      0.1027E-02  0.1043E-07  0.9890E-02 -0.1092E-01   0.000       0.000       0.000       0.000      -0.1043E-06   0.000       0.000       0.000       0.000       0.000                            0.1043E-07  0.1043E-07   0.000    
  19094400.0   10.00481467   10.1062   0.000       0.000      0.1014E-02  0.7047E-08  0.9793E-02 -0.1081E-01   0.000       0.000       0.000       0.000      -0.7046E-07   0.000       0.000       0.000       0.000       0.000                            0.7047E-08  0.7047E-08   0.000    
  19180800.0   10.00470987   10.1050   0.000       0.000      0.1003E-02  0.6065E-08  0.9704E-02 -0.1071E-01   0.000       0.000       0.000       0.000      -0.6065E-07   0.000       0.000       0.000       0.000       0.000                            0.6065E-08  0.6065E-08   0.000    
  19267200.0   10.00462065   10.1040   0.000       0.000      0.9938E-03  0.5163E-08  0.9624E-02 -0.1062E-01   0.000       0.000       0.000       0.000      -0.5163E-07   0.000       0.000       0.000       0.000       0.000                            0.5163E-08  0.5163E-08   0.000    
  19353600.0   10.00452537   10.1029   0.000       0.000      0.9840E-03  0.5514E-08  0.9540E-02 -0.1052E-01   0.000       0.000       0.000       0.000      -0.5513E-07   0.000       0.000       0.000       0.000       0.000                            0.5514E-08  0.5514E-08   0.000    
  19440000.0   10.00443683   10.1019   0.000       0.000      0.9748E-03  0.5124E-08  0.9459E-02 -0.1043E-01   0.000       0.000       0.000       0.000      -0.5124E-07   0.000       0.000       0.000       0.000       0.000                            0.5124E-08  0.5124E-08   0.000    
  19526400.0   10.00435213   10.1009   0.000       0.000      0.9659E-03  0.4901E-08  0.9381E-02 -0.1035E-01   0.000       0.000       0.000       0.000      -0.4901E-07   0.000       0.000       0.000       0.000       0.000                            0.4901E-08  0.4901E-08   0.000    
  19612800.0   10.00427052   10.1000   0.000       0.000      0.9573E-03  0.4723E-08  0.9304E-02 -0.1026E-01   0.000       0.000       0.000       0.000      -0.4723E-07   0.000       0.000       0.000       0.000       0.000                            0.4723E-08  0.4723E-08   0.000    
  19699200.0   10.00419160   10.0991   0.000       0.000      0.9489E-03  0.4567E-08  0.9228E-02 -0.1018E-01   0.000       0.000       0.000       0.000      -0.4567E-07   0.000       0.000       0.000       0.000       0.000                            0.4567E-08  0.4567E-08   0.000    
  19785600.0   10.00411511   10.0982   0.000       0.000      0.9407E-03  0.4426E-08  0.9154E-02 -0.1009E-01   0.000       0.000       0.000       0.000      -0.4426E-07   0.000       0.000       0.000       0.000       0.000                            0.4426E-08  0.4426E-08   0.000    
  19872000.0   10.00404089   10.0973   0.000       0.000      0.9327E-03  0.4295E-08  0.9081E-02 -0.1001E-01   0.000       0.000       0.000       0.000      -0.4295E-07   0.000       0.000       0.000       0.000       0.000                            0.4295E-08  0.4295E-08   0.000    
  19958400.0   10.00426059   10.1004   0.000       0.000      0.9613E-03 -0.1271E-07  0.9212E-02 -0.1017E-01   0.000       0.000       0.000       0.000       0.1271E-06   0.000       0.000       0.000       0.000       0.000                           -0.1271E-07 -0.1271E-07   0.000    
  20044800.0   10.00448213   10.1034   0.000       0.000      0.9892E-03 -0.1282E-07  0.9339E-02 -0.1033E-01   0.000       0.000       0.000       0.000       0.1282E-06   0.000       0.000       0.000       0.000       0.000                           -0.1282E-07 -0.1282E-07   0.000    
  20131200.0   10.00414716   10.0990   0.000       0.000      0.9487E-03  0.1939E-07  0.9092E-02 -0.1004E-01   0.000       0.000       0.000       0.000      -0.1938E-06   0.000       0.000       0.000       0.000       0.000                            0.1939E-07  0.1939E-07   0.000    
  20217600.0   10.00409552   10.0983   0.000       0.000      0.9424E-03  0.2988E-08  0.9044E-02 -0.9987E-02   0.000       0.000       0.000       0.000      -0.2988E-07   0.000       0.000       0.000       0.000       0.000                            0.2988E-08  0.2988E-08   0.000    
  20304000.0   10.00401147   10.0973   0.000       0.000      0.9325E-03  0.4864E-08  0.8968E-02 -0.9900E-02   0.000       0.000       0.000       0.000      -0.4864E-07   0.000       0.000       0.000       0.000       0.000                            0.4864E-08  0.4864E-08   0.000    
  20390400.0   10.00388372   10.0956   0.000       0.000      0.9170E-03  0.7393E-08  0.8859E-02 -0.9776E-02   0.000       0.000       0.000       0.000      -0.7393E-07   0.000       0.000       0.000       0.000       0.000                            0.7393E-08  0.7393E-08   0.000    
  20476800.0   10.00379163   10.0944   0.000       0.000      0.9059E-03  0.5329E-08  0.8776E-02 -0.9682E-02   0.000       0.000       0.000       0.000      -0.5329E-07   0.000       0.000       0.000       0.000       0.000                            0.5329E-08  0.5329E-08   0.000    
  20563200.0   10.00371118   10.0934   0.000       0.000      0.8964E-03  0.4656E-08  0.8699E-02 -0.9595E-02   0.000       0.000       0.000       0.000      -0.4656E-07   0.000       0.000       0.000       0.000       0.000                            0.4656E-08  0.4656E-08   0.000    
  20649600.0   10.00363716   10.0924   0.000       0.000      0.8877E-03  0.4284E-08  0.8625E-02 -0.9513E-02   0.000       0.000       0.000       0.000      -0.4284E-07   0.000       0.000       0.000       0.000       0.000                            0.4284E-08  0.4284E-08   0.000    
  20736000.0   10.00356752   10.0915   0.000       0.000      0.8795E-03  0.4030E-08  0.8555E-02 -0.9434E-02   0.000       0.000       0.000       0.000      -0.4030E-07   0.000       0.000       0.000       0.000       0.000                            0.4030E-08  0.4030E-08   0.000    
  20822400.0   10.00350127   10.0907   0.000       0.000      0.8716E-03  0.3834E-08  0.8486E-02 -0.9357E-02   0.000       0.000       0.000       0.000      -0.3834E-07   0.000       0.000       0.000       0.000       0.000                            0.3834E-08  0.3834E-08   0.000    
  20908800.0   10.00343785   10.0898   0.000       0.000      0.8640E-03  0.3670E-08  0.8419E-02 -0.9283E-02   0.000       0.000       0.000       0.000      -0.3670E-07   0.000       0.000       0.000       0.000       0.000                            0.3670E-08  0.3670E-08   0.000    
  20995200.0   10.00337685   10.0891   0.000       0.000      0.8567E-03  0.3531E-08  0.8353E-02 -0.9210E-02   0.000       0.000       0.000       0.000      -0.3530E-07   0.000       0.000       0.000       0.000       0.000                            0.3531E-08  0.3531E-08   0.000    
  21081600.0   10.00331797   10.0883   0.000       0.000      0.8496E-03  0.3407E-08  0.8288E-02 -0.9138E-02   0.000       0.000       0.000       0.000      -0.3407E-07   0.000       0.000       0.000       0.000       0.000                            0.3407E-08  0.3407E-08   0.000    
  21168000.0   10.00326096   10.0875   0.000       0.000      0.8427E-03  0.3299E-08  0.8225E-02 -0.9068E-02   0.000       0.000       0.000       0.000      -0.3299E-07   0.000       0.000       0.000       0.000       0.000                            0.3299E-08  0.3299E-08   0.000    
  21254400.0   10.00320564   10.0868   0.000       0.000      0.8359E-03  0.3201E-08  0.8163E-02 -0.8999E-02   0.000       0.000       0.000       0.000      -0.3201E-07   0.000       0.000       0.000       0.000       0.000                            0.3201E-08  0.3201E-08   0.000    
  21340800.0   10.00315190   10.0861   0.000       0.000      0.8293E-03  0.3110E-08  0.8101E-02 -0.8931E-02   0.000       0.000       0.000       0.000      -0.3110E-07   0.000       0.000       0.000       0.000       0.000                            0.3110E-08  0.3110E-08   0.000    
  21427200.0   10.00309961   10.0854   0.000       0.000      0.8228E-03  0.3026E-08  0.8041E-02 -0.8864E-02   0.000       0.000       0.000       0.000      -0.3026E-07   0.000       0.000       0.000       0.000       0.000                            0.3026E-08  0.3026E-08   0.000    
  21513600.0   10.00308575   10.0853   0.000       0.000      0.8217E-03  0.8018E-09  0.8011E-02 -0.8833E-02   0.000       0.000       0.000       0.000      -0.8018E-08   0.000       0.000       0.000       0.000       0.000                            0.8018E-09  0.8018E-09   0.000    
  21600000.0   10.00343482   10.0906   0.000       0.000      0.8714E-03 -0.2020E-07  0.8264E-02 -0.9135E-02   0.000       0.000       0.000       0.000       0.2020E-06   0.000       0.000       0.000       0.000       0.000                           -0.2020E-07 -0.2020E-07   0.000    
  21686400.0   10.00316460   10.0866   0.000       0.000      0.8345E-03  0.1564E-07  0.8034E-02 -0.8868E-02   0.000       0.000       0.000       0.000      -0.1564E-06   0.000       0.000       0.000       0.000       0.000                            0.1564E-07  0.1564E-07   0.000    
  21772800.0   10.00305752   10.0850   0.000       0.000      0.8190E-03  0.6197E-08  0.7938E-02 -0.8757E-02   0.000       0.000       0.000       0.000      -0.6197E-07   0.000       0.000       0.000       0.000       0.000                            0.6197E-08  0.6197E-08   0.000    
  21859200.0   10.00298541   10.0839   0.000       0.000      0.8091E-03  0.4173E-08  0.7864E-02 -0.8673E-02   0.000       0.000       0.000       0.000      -0.4173E-07   0.000       0.000       0.000       0.000       0.000                            0.4173E-08  0.4173E-08   0.000    
  21945600.0   10.00292504   10.0830   0.000       0.000      0.8009E-03  0.3494E-08  0.7798E-02 -0.8599E-02   0.000       0.000       0.000       0.000      -0.3494E-07   0.000       0.000       0.000       0.000       0.000                            0.3494E-08  0.3494E-08   0.000    
  22032000.0   10.00287035   10.0822   0.000       0.000      0.7936E-03  0.3165E-08  0.7736E-02 -0.8530E-02   0.000       0.000       0.000       0.000      -0.3165E-07   0.000       0.000       0.000       0.000       0.000                            0.3165E-08  0.3165E-08   0.000    
  22118400.0   10.00281917   10.0815   0.000       0.000      0.7868E-03  0.2962E-08  0.7676E-02 -0.8463E-02   0.000       0.000       0.000       0.000      -0.2962E-07   0.000       0.000       0.000       0.000       0.000                            0.2962E-08  0.2962E-08   0.000    
  22204800.0   10.00277057   10.0808   0.000       0.000      0.7803E-03  0.2813E-08  0.7618E-02 -0.8399E-02   0.000       0.000       0.000       0.000      -0.2813E-07   0.000       0.000       0.000       0.000       0.000                            0.2813E-08  0.2813E-08   0.000    
  22291200.0   10.00272399   10.0801   0.000       0.000      0.7740E-03  0.2695E-08  0.7562E-02 -0.8336E-02   0.000       0.000       0.000       0.000      -0.2695E-07   0.000       0.000       0.000       0.000       0.000                            0.2695E-08  0.2695E-08   0.000    
  22377600.0   10.00267911   10.0795   0.000       0.000      0.7679E-03  0.2598E-08  0.7506E-02 -0.8274E-02   0.000       0.000       0.000       0.000      -0.2598E-07   0.000       0.000       0.000       0.000       0.000                            0.2598E-08  0.2598E-08   0.000    
  22464000.0   10.00307101   10.0858   0.000       0.000      0.8270E-03 -0.2268E-07  0.7813E-02 -0.8640E-02   0.000       0.000       0.000       0.000       0.2268E-06   0.000       0.000       0.000       0.000       0.000                           -0.2268E-07 -0.2268E-07   0.000    
  22550400.0   10.00285630   10.0825   0.000       0.000      0.7961E-03  0.1243E-07  0.7617E-02 -0.8413E-02   0.000       0.000       0.000       0.000      -0.1242E-06   0.000       0.000       0.000       0.000       0.000                            0.1243E-07  0.1243E-07   0.000    
  22636800.0   10.00284256   10.0822   0.000       0.000      0.7937E-03  0.7956E-09  0.7597E-02 -0.8391E-02   0.000       0.000       0.000       0.000      -0.7956E-08   0.000       0.000       0.000       0.000       0.000                            0.7956E-09  0.7956E-09   0.000    
  22723200.0   10.00409651   10.1005   0.000       0.000      0.9644E-03 -0.7257E-07  0.8531E-02 -0.9495E-02   0.000       0.000       0.000       0.000       0.7257E-06   0.000       0.000       0.000       0.000       0.000                           -0.7257E-07 -0.7257E-07   0.000    
  22809600.0   10.00357221   10.0932   0.000       0.000      0.8963E-03  0.3034E-07  0.8131E-02 -0.9028E-02   0.000       0.000       0.000       0.000      -0.3034E-06   0.000       0.000       0.000       0.000       0.000                            0.3034E-07  0.3034E-07   0.000    
  22896000.0   10.00338932   10.0903   0.000       0.000      0.8689E-03  0.1058E-07  0.8002E-02 -0.8871E-02   0.000       0.000       0.000       0.000      -0.1058E-06   0.000       0.000       0.000       0.000       0.000                            0.1058E-07  0.1058E-07   0.000    
  22982400.0   10.00327847   10.0885   0.000       0.000      0.8524E-03  0.6415E-08  0.7914E-02 -0.8766E-02   0.000       0.000       0.000       0.000      -0.6415E-07   0.000       0.000       0.000       0.000       0.000                            0.6415E-08  0.6415E-08   0.000    
  23068800.0   10.00319172   10.0872   0.000       0.000      0.8397E-03  0.5020E-08  0.7840E-02 -0.8680E-02   0.000       0.000       0.000       0.000      -0.5020E-07   0.000       0.000       0.000       0.000       0.000                            0.5020E-08  0.5020E-08   0.000    
  23155200.0   10.00309518   10.0857   0.000       0.000      0.8258E-03  0.5587E-08  0.7756E-02 -0.8582E-02   0.000       0.000       0.000       0.000      -0.5587E-07   0.000       0.000       0.000       0.000       0.000                            0.5587E-08  0.5587E-08   0.000    
  23241600.0   10.00300796   10.0843   0.000       0.000      0.8133E-03  0.5047E-08  0.7678E-02 -0.8491E-02   0.000       0.000       0.000       0.000      -0.5047E-07   0.000       0.000       0.000       0.000       0.000                            0.5047E-08  0.5047E-08   0.000    
  23328000.0   10.00292305   10.0830   0.000       0.000      0.8011E-03  0.4913E-08  0.7599E-02 -0.8400E-02   0.000       0.000       0.000       0.000      -0.4913E-07   0.000       0.000       0.000       0.000       0.000                            0.4913E-08  0.4913E-08   0.000    
  23414400.0   10.00284729   10.0819   0.000       0.000      0.7903E-03  0.4385E-08  0.7526E-02 -0.8316E-02   0.000       0.000       0.000       0.000      -0.4385E-07   0.000       0.000       0.000       0.000       0.000                            0.4385E-08  0.4385E-08   0.000    
  23500800.0   10.00278367   10.0809   0.000       0.000      0.7813E-03  0.3682E-08  0.7461E-02 -0.8242E-02   0.000       0.000       0.000       0.000      -0.3681E-07   0.000       0.000       0.000       0.000       0.000                            0.3682E-08  0.3682E-08   0.000    
  23587200.0   10.00272454   10.0800   0.000       0.000      0.7729E-03  0.3422E-08  0.7399E-02 -0.8172E-02   0.000       0.000       0.000       0.000      -0.3422E-07   0.000       0.000       0.000       0.000       0.000                            0.3422E-08  0.3422E-08   0.000    
  23673600.0   10.00266689   10.0791   0.000       0.000      0.7648E-03  0.3336E-08  0.7337E-02 -0.8102E-02   0.000       0.000       0.000       0.000      -0.3336E-07   0.000       0.000       0.000       0.000       0.000                            0.3336E-08  0.3336E-08   0.000    
  23760000.0   10.00260872   10.0783   0.000       0.000      0.7565E-03  0.3366E-08  0.7274E-02 -0.8030E-02   0.000       0.000       0.000       0.000      -0.3366E-07   0.000       0.000       0.000       0.000       0.000                            0.3366E-08  0.3366E-08   0.000    
  23846400.0   10.00255519   10.0774   0.000       0.000      0.7488E-03  0.3098E-08  0.7214E-02 -0.7963E-02   0.000       0.000       0.000       0.000      -0.3098E-07   0.000       0.000       0.000       0.000       0.000                            0.3098E-08  0.3098E-08   0.000    
  23932800.0   10.00250665   10.0767   0.000       0.000      0.7419E-03  0.2809E-08  0.7158E-02 -0.7900E-02   0.000       0.000       0.000       0.000      -0.2809E-07   0.000       0.000       0.000       0.000       0.000                            0.2809E-08  0.2809E-08   0.000    
  24019200.0   10.00246063   10.0760   0.000       0.000      0.7353E-03  0.2663E-08  0.7103E-02 -0.7839E-02   0.000       0.000       0.000       0.000      -0.2663E-07   0.000       0.000       0.000       0.000       0.000                            0.2663E-08  0.2663E-08   0.000    
  24105600.0   10.00241643   10.0753   0.000       0.000      0.7290E-03  0.2558E-08  0.7050E-02 -0.7779E-02   0.000       0.000       0.000       0.000      -0.2558E-07   0.000       0.000       0.000       0.000       0.000                            0.2558E-08  0.2558E-08   0.000    
  24192000.0   10.00237314   10.0746   0.000       0.000      0.7227E-03  0.2505E-08  0.6997E-02 -0.7720E-02   0.000       0.000       0.000       0.000      -0.2505E-07   0.000       0.000       0.000       0.000       0.000                            0.2505E-08  0.2505E-08   0.000    
  24278400.0   10.00233092   10.0740   0.000       0.000      0.7166E-03  0.2443E-08  0.6945E-02 -0.7661E-02   0.000       0.000       0.000       0.000      -0.2443E-07   0.000       0.000       0.000       0.000       0.000                            0.2443E-08  0.2443E-08   0.000    
  24364800.0   10.00229065   10.0734   0.000       0.000      0.7107E-03  0.2330E-08  0.6894E-02 -0.7604E-02   0.000       0.000       0.000       0.000      -0.2330E-07   0.000       0.000       0.000       0.000       0.000                            0.2330E-08  0.2330E-08   0.000    
  24451200.0   10.00225229   10.0728   0.000       0.000      0.7050E-03  0.2220E-08  0.6844E-02 -0.7549E-02   0.000       0.000       0.000       0.000      -0.2220E-07   0.000       0.000       0.000       0.000       0.000                            0.2220E-08  0.2220E-08   0.000    
  24537600.0   10.00221542   10.0722   0.000       0.000      0.6996E-03  0.2134E-08  0.6795E-02 -0.7495E-02   0.000       0.000       0.000       0.000      -0.2134E-07   0.000       0.000       0.000       0.000       0.000                            0.2134E-08  0.2134E-08   0.000    
  24624000.0   10.00217983   10.0716   0.000       0.000      0.6943E-03  0.2059E-08  0.6748E-02 -0.7442E-02   0.000       0.000       0.000       0.000      -0.2059E-07   0.000       0.000       0.000       0.000       0.000                            0.2059E-08  0.2059E-08   0.000    
  24710400.0   10.00214527   10.0711   0.000       0.000      0.6891E-03  0.2000E-08  0.6701E-02 -0.7390E-02   0.000       0.000       0.000       0.000      -0.2000E-07   0.000       0.000       0.000       0.000       0.000                            0.2000E-08  0.2000E-08   0.000    
  24796800.0   10.00211166   10.0705   0.000       0.000      0.6840E-03  0.1945E-08  0.6655E-02 -0.7339E-02   0.000       0.000       0.000       0.000      -0.1945E-07   0.000       0.000       0.000       0.000       0.000                            0.1945E-08  0.1945E-08   0.000    
  24883200.0   10.00208402   10.0701   0.000       0.000      0.6799E-03  0.1599E-08  0.6614E-02 -0.7294E-02   0.000       0.000       0.000       0.000      -0.1599E-07   0.000       0.000       0.000       0.000       0.000                            0.1599E-08  0.1599E-08   0.000    
  24969600.0   10.00215254   10.0714   0.000       0.000      0.6924E-03 -0.3965E-08  0.6666E-02 -0.7358E-02   0.000       0.000       0.000       0.000       0.3965E-07   0.000       0.000       0.000       0.000       0.000                           -0.3965E-08 -0.3965E-08   0.000    
  25056000.0   10.00207227   10.0700   0.000       0.000      0.6792E-03  0.4645E-08  0.6573E-02 -0.7253E-02   0.000       0.000       0.000       0.000      -0.4645E-07   0.000       0.000       0.000       0.000       0.000                            0.4645E-08  0.4645E-08   0.000    
  25142400.0   10.00202837   10.0692   0.000       0.000      0.6718E-03  0.2541E-08  0.6519E-02 -0.7191E-02   0.000       0.000       0.000       0.000      -0.2541E-07   0.000       0.000       0.000       0.000       0.000                            0.2541E-08  0.2541E-08   0.000    
  25228800.0   10.00218798   10.0722   0.000       0.000      0.6999E-03 -0.9236E-08  0.6660E-02 -0.7359E-02   0.000       0.000       0.000       0.000       0.9236E-07   0.000       0.000       0.000       0.000       0.000                           -0.9236E-08 -0.9236E-08   0.000    
  25315200.0   10.00207873   10.0702   0.000       0.000      0.6816E-03  0.6322E-08  0.6540E-02 -0.7221E-02   0.000       0.000       0.000       0.000      -0.6322E-07   0.000       0.000       0.000       0.000       0.000                            0.6322E-08  0.6322E-08   0.000    
  25401600.0   10.00213202   10.0712   0.000       0.000      0.6909E-03 -0.3084E-08  0.6582E-02 -0.7273E-02   0.000       0.000       0.000       0.000       0.3084E-07   0.000       0.000       0.000       0.000       0.000                           -0.3084E-08 -0.3084E-08   0.000    
  25488000.0   10.00214608   10.0715   0.000       0.000      0.6935E-03 -0.8141E-09  0.6583E-02 -0.7276E-02   0.000       0.000       0.000       0.000       0.8141E-08   0.000       0.000       0.000       0.000       0.000                           -0.8141E-09 -0.8141E-09   0.000    
  25574400.0   10.00222220   10.0729   0.000       0.000      0.7065E-03 -0.4405E-08  0.6644E-02 -0.7350E-02   0.000       0.000       0.000       0.000       0.4405E-07   0.000       0.000       0.000       0.000       0.000                           -0.4405E-08 -0.4405E-08   0.000    
  25660800.0   10.00212208   10.0711   0.000       0.000      0.6894E-03  0.5794E-08  0.6538E-02 -0.7227E-02   0.000       0.000       0.000       0.000      -0.5794E-07   0.000       0.000       0.000       0.000       0.000                            0.5794E-08  0.5794E-08   0.000    
  25747200.0   10.00230772   10.0744   0.000       0.000      0.7205E-03 -0.1074E-07  0.6704E-02 -0.7425E-02   0.000       0.000       0.000       0.000       0.1074E-06   0.000       0.000       0.000       0.000       0.000                           -0.1074E-07 -0.1074E-07   0.000    
  25833600.0   10.00318992   10.0886   0.000       0.000      0.8544E-03 -0.5105E-07  0.7436E-02 -0.8290E-02   0.000       0.000       0.000       0.000       0.5105E-06   0.000       0.000       0.000       0.000       0.000                           -0.5105E-07 -0.5105E-07   0.000    
  25920000.0   10.00419460   10.1027   0.000       0.000      0.9853E-03 -0.5814E-07  0.8153E-02 -0.9137E-02   0.000       0.000       0.000       0.000       0.5814E-06   0.000       0.000       0.000       0.000       0.000                           -0.5814E-07 -0.5814E-07   0.000    
  26006400.0   10.00505131   10.1133   0.000       0.000      0.1082E-02 -0.4958E-07  0.8709E-02 -0.9791E-02   0.000       0.000       0.000       0.000       0.4958E-06   0.000       0.000       0.000       0.000       0.000                           -0.4958E-07 -0.4958E-07   0.000    
  26092800.0   10.00465494   10.1078   0.000       0.000      0.1032E-02  0.2294E-07  0.8469E-02 -0.9501E-02   0.000       0.000       0.000       0.000      -0.2294E-06   0.000       0.000       0.000       0.000       0.000                            0.2294E-07  0.2294E-07   0.000    
  26179200.0   10.00412210   10.1003   0.000       0.000      0.9618E-03  0.3084E-07  0.8142E-02 -0.9104E-02   0.000       0.000       0.000       0.000      -0.3083E-06   0.000       0.000       0.000       0.000       0.000                            0.3084E-07  0.3084E-07   0.000    
  26265600.0   10.00379879   10.0955   0.000       0.000      0.9171E-03  0.1871E-07  0.7938E-02 -0.8856E-02   0.000       0.000       0.000       0.000      -0.1871E-06   0.000       0.000       0.000       0.000       0.000                            0.1871E-07  0.1871E-07   0.000    
  26352000.0   10.00357555   10.0921   0.000       0.000      0.8857E-03  0.1292E-07  0.7789E-02 -0.8675E-02   0.000       0.000       0.000       0.000      -0.1292E-06   0.000       0.000       0.000       0.000       0.000                            0.1292E-07  0.1292E-07   0.000    
  26438400.0   10.00340464   10.0896   0.000       0.000      0.8617E-03  0.9891E-08  0.7669E-02 -0.8531E-02   0.000       0.000       0.000       0.000      -0.9890E-07   0.000       0.000       0.000       0.000       0.000                            0.9891E-08  0.9891E-08   0.000    
  26524800.0   10.00326211   10.0874   0.000       0.000      0.8416E-03  0.8248E-08  0.7564E-02 -0.8405E-02   0.000       0.000       0.000       0.000      -0.8248E-07   0.000       0.000       0.000       0.000       0.000                            0.8248E-08  0.8248E-08   0.000    
  26611200.0   10.00312955   10.0854   0.000       0.000      0.8229E-03  0.7671E-08  0.7461E-02 -0.8284E-02   0.000       0.000       0.000       0.000      -0.7671E-07   0.000       0.000       0.000       0.000       0.000                            0.7671E-08  0.7671E-08   0.000    
  26697600.0   10.00302239   10.0838   0.000       0.000      0.8078E-03  0.6201E-08  0.7375E-02 -0.8183E-02   0.000       0.000       0.000       0.000      -0.6201E-07   0.000       0.000       0.000       0.000       0.000                            0.6201E-08  0.6201E-08   0.000    
  26784000.0   10.00292631   10.0824   0.000       0.000      0.7943E-03  0.5560E-08  0.7295E-02 -0.8089E-02   0.000       0.000       0.000       0.000      -0.5560E-07   0.000       0.000       0.000       0.000       0.000                            0.5560E-08  0.5560E-08   0.000    
  26870400.0   10.00380247   10.0953   0.000       0.000      0.9152E-03 -0.5070E-07  0.7959E-02 -0.8874E-02   0.000       0.000       0.000       0.000       0.5070E-06   0.000       0.000       0.000       0.000       0.000                           -0.5070E-07 -0.5070E-07   0.000    
  26956800.0   10.00404315   10.0986   0.000       0.000      0.9460E-03 -0.1393E-07  0.8115E-02 -0.9061E-02   0.000       0.000       0.000       0.000       0.1393E-06   0.000       0.000       0.000       0.000       0.000                           -0.1393E-07 -0.1393E-07   0.000    
  27043200.0   10.00427919   10.1016   0.000       0.000      0.9734E-03 -0.1366E-07  0.8282E-02 -0.9255E-02   0.000       0.000       0.000       0.000       0.1366E-06   0.000       0.000       0.000       0.000       0.000                           -0.1366E-07 -0.1366E-07   0.000    
  27129600.0   10.00417855   10.1001   0.000       0.000      0.9589E-03  0.5824E-08  0.8221E-02 -0.9179E-02   0.000       0.000       0.000       0.000      -0.5824E-07   0.000       0.000       0.000       0.000       0.000                            0.5824E-08  0.5824E-08   0.000    
  27216000.0   10.00432915   10.1018   0.000       0.000      0.9751E-03 -0.8715E-08  0.8335E-02 -0.9310E-02   0.000       0.000       0.000       0.000       0.8715E-07   0.000       0.000       0.000       0.000       0.000                           -0.8715E-08 -0.8715E-08   0.000    
  27302400.0   10.00489660   10.1089   0.000       0.000      0.1040E-02 -0.3284E-07  0.8713E-02 -0.9752E-02   0.000       0.000       0.000       0.000       0.3284E-06   0.000       0.000       0.000       0.000       0.000                           -0.3284E-07 -0.3284E-07   0.000    
  27388800.0   10.00607365   10.1226   0.000       0.000      0.1165E-02 -0.6812E-07  0.9426E-02 -0.1059E-01   0.000       0.000       0.000       0.000       0.6811E-06   0.000       0.000       0.000       0.000       0.000                           -0.6812E-07 -0.6812E-07   0.000    
  27475200.0   10.00674762   10.1297   0.000       0.000      0.1230E-02 -0.3900E-07  0.9810E-02 -0.1104E-01   0.000       0.000       0.000       0.000       0.3900E-06   0.000       0.000       0.000       0.000       0.000                           -0.3900E-07 -0.3900E-07   0.000    
  27561600.0   10.00587683   10.1196   0.000       0.000      0.1137E-02  0.5039E-07  0.9344E-02 -0.1048E-01   0.000       0.000       0.000       0.000      -0.5039E-06   0.000       0.000       0.000       0.000       0.000                            0.5039E-07  0.5039E-07   0.000    
  27648000.0   10.00538126   10.1133   0.000       0.000      0.1079E-02  0.2868E-07  0.9087E-02 -0.1017E-01   0.000       0.000       0.000       0.000      -0.2868E-06   0.000       0.000       0.000       0.000       0.000                            0.2868E-07  0.2868E-07   0.000    
  27734400.0   10.00500211   10.1085   0.000       0.000      0.1035E-02  0.2194E-07  0.8877E-02 -0.9912E-02   0.000       0.000       0.000       0.000      -0.2194E-06   0.000       0.000       0.000       0.000       0.000                            0.2194E-07  0.2194E-07   0.000    
  27820800.0   10.00478933   10.1057   0.000       0.000      0.1009E-02  0.1231E-07  0.8758E-02 -0.9768E-02   0.000       0.000       0.000       0.000      -0.1231E-06   0.000       0.000       0.000       0.000       0.000                            0.1231E-07  0.1231E-07   0.000    
  27907200.0   10.00467621   10.1043   0.000       0.000      0.9960E-03  0.6546E-08  0.8695E-02 -0.9691E-02   0.000       0.000       0.000       0.000      -0.6546E-07   0.000       0.000       0.000       0.000       0.000                            0.6546E-08  0.6546E-08   0.000    
  27993600.0   10.00545895   10.1139   0.000       0.000      0.1084E-02 -0.4530E-07  0.9191E-02 -0.1027E-01   0.000       0.000       0.000       0.000       0.4529E-06   0.000       0.000       0.000       0.000       0.000                           -0.4530E-07 -0.4530E-07   0.000    
  28080000.0   10.00626000   10.1231   0.000       0.000      0.1168E-02 -0.4636E-07  0.9657E-02 -0.1082E-01   0.000       0.000       0.000       0.000       0.4635E-06   0.000       0.000       0.000       0.000       0.000                           -0.4636E-07 -0.4636E-07   0.000    
  28166400.0   10.00634144   10.1238   0.000       0.000      0.1174E-02 -0.4713E-08  0.9711E-02 -0.1089E-01   0.000       0.000       0.000       0.000       0.4713E-07   0.000       0.000       0.000       0.000       0.000                           -0.4713E-08 -0.4713E-08   0.000    
  28252800.0   10.00575708   10.1169   0.000       0.000      0.1111E-02  0.3382E-07  0.9397E-02 -0.1051E-01   0.000       0.000       0.000       0.000      -0.3381E-06   0.000       0.000       0.000       0.000       0.000                            0.3382E-07  0.3382E-07   0.000    
  28339200.0   10.00535998   10.1120   0.000       0.000      0.1066E-02  0.2298E-07  0.9184E-02 -0.1025E-01   0.000       0.000       0.000       0.000      -0.2298E-06   0.000       0.000       0.000       0.000       0.000                            0.2298E-07  0.2298E-07   0.000    
  28425600.0   10.00506643   10.1084   0.000       0.000      0.1033E-02  0.1699E-07  0.9018E-02 -0.1005E-01   0.000       0.000       0.000       0.000      -0.1699E-06   0.000       0.000       0.000       0.000       0.000                            0.1699E-07  0.1699E-07   0.000    
  28512000.0   10.00483020   10.1054   0.000       0.000      0.1006E-02  0.1367E-07  0.8879E-02 -0.9885E-02   0.000       0.000       0.000       0.000      -0.1367E-06   0.000       0.000       0.000       0.000       0.000                            0.1367E-07  0.1367E-07   0.000    
  28598400.0   10.00463032   10.1030   0.000       0.000      0.9835E-03  0.1157E-07  0.8756E-02 -0.9739E-02   0.000       0.000       0.000       0.000      -0.1157E-06   0.000       0.000       0.000       0.000       0.000                            0.1157E-07  0.1157E-07   0.000    
  28684800.0   10.00445593   10.1008   0.000       0.000      0.9638E-03  0.1009E-07  0.8644E-02 -0.9608E-02   0.000       0.000       0.000       0.000      -0.1009E-06   0.000       0.000       0.000       0.000       0.000                            0.1009E-07  0.1009E-07   0.000    
  28771200.0   10.00429983   10.0989   0.000       0.000      0.9462E-03  0.9033E-08  0.8540E-02 -0.9487E-02   0.000       0.000       0.000       0.000      -0.9033E-07   0.000       0.000       0.000       0.000       0.000                            0.9033E-08  0.9033E-08   0.000    
  28857600.0   10.00415886   10.0972   0.000       0.000      0.9303E-03  0.8158E-08  0.8443E-02 -0.9374E-02   0.000       0.000       0.000       0.000      -0.8158E-07   0.000       0.000       0.000       0.000       0.000                            0.8158E-08  0.8158E-08   0.000    
  28944000.0   10.00402634   10.0955   0.000       0.000      0.9152E-03  0.7669E-08  0.8349E-02 -0.9264E-02   0.000       0.000       0.000       0.000      -0.7668E-07   0.000       0.000       0.000       0.000       0.000                            0.7669E-08  0.7669E-08   0.000    
  29030400.0   10.00390081   10.0940   0.000       0.000      0.9008E-03  0.7265E-08  0.8257E-02 -0.9158E-02   0.000       0.000       0.000       0.000      -0.7264E-07   0.000       0.000       0.000       0.000       0.000                            0.7265E-08  0.7265E-08   0.000    
  29116800.0   10.00378579   10.0925   0.000       0.000      0.8876E-03  0.6656E-08  0.8170E-02 -0.9058E-02   0.000       0.000       0.000       0.000      -0.6656E-07   0.000       0.000       0.000       0.000       0.000                            0.6656E-08  0.6656E-08   0.000    
  29203200.0   10.00367452   10.0911   0.000       0.000      0.8747E-03  0.6439E-08  0.8084E-02 -0.8959E-02   0.000       0.000       0.000       0.000      -0.6439E-07   0.000       0.000       0.000       0.000       0.000                            0.6439E-08  0.6439E-08   0.000    
  29289600.0   10.00357316   10.0899   0.000       0.000      0.8629E-03  0.5866E-08  0.8003E-02 -0.8866E-02   0.000       0.000       0.000       0.000      -0.5866E-07   0.000       0.000       0.000       0.000       0.000                            0.5866E-08  0.5866E-08   0.000    
  29376000.0   10.00348051   10.0887   0.000       0.000      0.8522E-03  0.5362E-08  0.7927E-02 -0.8779E-02   0.000       0.000       0.000       0.000      -0.5362E-07   0.000       0.000       0.000       0.000       0.000                            0.5362E-08  0.5362E-08   0.000    
  29462400.0   10.00339412   10.0876   0.000       0.000      0.8421E-03  0.4999E-08  0.7854E-02 -0.8696E-02   0.000       0.000       0.000       0.000      -0.4999E-07   0.000       0.000       0.000       0.000       0.000                            0.4999E-08  0.4999E-08   0.000    
  29548800.0   10.00331173   10.0865   0.000       0.000      0.8323E-03  0.4768E-08  0.7782E-02 -0.8615E-02   0.000       0.000       0.000       0.000      -0.4768E-07   0.000       0.000       0.000       0.000       0.000                            0.4768E-08  0.4768E-08   0.000    
  29635200.0   10.00323273   10.0855   0.000       0.000      0.8229E-03  0.4572E-08  0.7713E-02 -0.8535E-02   0.000       0.000       0.000       0.000      -0.4572E-07   0.000       0.000       0.000       0.000       0.000                            0.4572E-08  0.4572E-08   0.000    
  29721600.0   10.00315771   10.0845   0.000       0.000      0.8139E-03  0.4341E-08  0.7645E-02 -0.8458E-02   0.000       0.000       0.000       0.000      -0.4341E-07   0.000       0.000       0.000       0.000       0.000                            0.4341E-08  0.4341E-08   0.000    
  29808000.0   10.00308401   10.0836   0.000       0.000      0.8049E-03  0.4265E-08  0.7577E-02 -0.8382E-02   0.000       0.000       0.000       0.000      -0.4265E-07   0.000       0.000       0.000       0.000       0.000                            0.4265E-08  0.4265E-08   0.000    
  29894400.0   10.00301352   10.0826   0.000       0.000      0.7963E-03  0.4079E-08  0.7510E-02 -0.8306E-02   0.000       0.000       0.000       0.000      -0.4079E-07   0.000       0.000       0.000       0.000       0.000                            0.4079E-08  0.4079E-08   0.000    
  29980800.0   10.00294577   10.0817   0.000       0.000      0.7879E-03  0.3921E-08  0.7445E-02 -0.8233E-02   0.000       0.000       0.000       0.000      -0.3921E-07   0.000       0.000       0.000       0.000       0.000                            0.3921E-08  0.3921E-08   0.000    
  30067200.0   10.00288244   10.0809   0.000       0.000      0.7800E-03  0.3665E-08  0.7383E-02 -0.8163E-02   0.000       0.000       0.000       0.000      -0.3665E-07   0.000       0.000       0.000       0.000       0.000                            0.3665E-08  0.3665E-08   0.000    
  30153600.0   10.00282188   10.0801   0.000       0.000      0.7723E-03  0.3505E-08  0.7322E-02 -0.8094E-02   0.000       0.000       0.000       0.000      -0.3505E-07   0.000       0.000       0.000       0.000       0.000                            0.3505E-08  0.3505E-08   0.000    
  30240000.0   10.00276400   10.0793   0.000       0.000      0.7650E-03  0.3349E-08  0.7262E-02 -0.8027E-02   0.000       0.000       0.000       0.000      -0.3349E-07   0.000       0.000       0.000       0.000       0.000                            0.3349E-08  0.3349E-08   0.000    
  30326400.0   10.00270766   10.0785   0.000       0.000      0.7577E-03  0.3260E-08  0.7203E-02 -0.7961E-02   0.000       0.000       0.000       0.000      -0.3260E-07   0.000       0.000       0.000       0.000       0.000                            0.3260E-08  0.3260E-08   0.000    
  30412800.0   10.00265344   10.0777   0.000       0.000      0.7507E-03  0.3138E-08  0.7146E-02 -0.7896E-02   0.000       0.000       0.000       0.000      -0.3138E-07   0.000       0.000       0.000       0.000       0.000                            0.3138E-08  0.3138E-08   0.000    
  30499200.0   10.00260156   10.0770   0.000       0.000      0.7439E-03  0.3002E-08  0.7089E-02 -0.7833E-02   0.000       0.000       0.000       0.000      -0.3002E-07   0.000       0.000       0.000       0.000       0.000                            0.3002E-08  0.3002E-08   0.000    
  30585600.0   10.00255139   10.0763   0.000       0.000      0.7373E-03  0.2903E-08  0.7034E-02 -0.7771E-02   0.000       0.000       0.000       0.000      -0.2903E-07   0.000       0.000       0.000       0.000       0.000                            0.2903E-08  0.2903E-08   0.000    
  30672000.0   10.00250315   10.0756   0.000       0.000      0.7308E-03  0.2792E-08  0.6980E-02 -0.7711E-02   0.000       0.000       0.000       0.000      -0.2792E-07   0.000       0.000       0.000       0.000       0.000                            0.2792E-08  0.2792E-08   0.000    
  30758400.0   10.00245659   10.0749   0.000       0.000      0.7245E-03  0.2694E-08  0.6926E-02 -0.7651E-02   0.000       0.000       0.000       0.000      -0.2694E-07   0.000       0.000       0.000       0.000       0.000                            0.2694E-08  0.2694E-08   0.000    
  30844800.0   10.00241157   10.0743   0.000       0.000      0.7184E-03  0.2605E-08  0.6874E-02 -0.7593E-02   0.000       0.000       0.000       0.000      -0.2605E-07   0.000       0.000       0.000       0.000       0.000                            0.2605E-08  0.2605E-08   0.000    
  30931200.0   10.00236774   10.0736   0.000       0.000      0.7123E-03  0.2537E-08  0.6822E-02 -0.7535E-02   0.000       0.000       0.000       0.000      -0.2536E-07   0.000       0.000       0.000       0.000       0.000                            0.2537E-08  0.2537E-08   0.000    
  31017600.0   10.00232517   10.0730   0.000       0.000      0.7064E-03  0.2464E-08  0.6772E-02 -0.7478E-02   0.000       0.000       0.000       0.000      -0.2464E-07   0.000       0.000       0.000       0.000       0.000                            0.2464E-08  0.2464E-08   0.000    
  31104000.0   10.00228404   10.0723   0.000       0.000      0.7006E-03  0.2380E-08  0.6722E-02 -0.7422E-02   0.000       0.000       0.000       0.000      -0.2380E-07   0.000       0.000       0.000       0.000       0.000                            0.2380E-08  0.2380E-08   0.000    
  31190400.0   10.00224417   10.0717   0.000       0.000      0.6950E-03  0.2307E-08  0.6672E-02 -0.7367E-02   0.000       0.000       0.000       0.000      -0.2307E-07   0.000       0.000       0.000       0.000       0.000                            0.2307E-08  0.2307E-08   0.000    
  31276800.0   10.00222395   10.0715   0.000       0.000      0.6925E-03  0.1170E-08  0.6641E-02 -0.7334E-02   0.000       0.000       0.000       0.000      -0.1170E-07   0.000       0.000       0.000       0.000       0.000                            0.1170E-08  0.1170E-08   0.000    
  31363200.0   10.00217757   10.0707   0.000       0.000      0.6856E-03  0.2684E-08  0.6585E-02 -0.7271E-02   0.000       0.000       0.000       0.000      -0.2684E-07   0.000       0.000       0.000       0.000       0.000                            0.2684E-08  0.2684E-08   0.000    
  31449600.0   10.00213877   10.0701   0.000       0.000      0.6798E-03  0.2245E-08  0.6536E-02 -0.7216E-02   0.000       0.000       0.000       0.000      -0.2245E-07   0.000       0.000       0.000       0.000       0.000                            0.2245E-08  0.2245E-08   0.000    
  31536000.0   10.00210231   10.0695   0.000       0.000      0.6744E-03  0.2110E-08  0.6489E-02 -0.7164E-02   0.000       0.000       0.000       0.000      -0.2110E-07   0.000       0.000       0.000       0.000       0.000                            0.2110E-08  0.2110E-08   0.000    
  31622400.0   10.00205847   10.0688   0.000       0.000      0.6676E-03  0.2537E-08  0.6434E-02 -0.7102E-02   0.000       0.000       0.000       0.000      -0.2537E-07   0.000       0.000       0.000       0.000       0.000                            0.2537E-08  0.2537E-08   0.000    
