   TOTIM (T)          HCON      HMAT     QDIR      QWELL        QMAT QCADS<->CON       QTUB1       QTUB2       QTUB3       QTUB4       QTUB5       QTUB6       NSTOR        QFIX        QLH     FHLQ (LQ)      CAUCHY CAUCHY (LQ) BREAK-DOWN CADS FLOW  QCADS<->CON    Q_CDSSTO    Q_CDSRCH
     86400.0   10.79968101   10.8944   0.000       0.000      0.9467E-03   0.000     -0.1638E-01  0.1544E-01   0.000       0.000       0.000       0.000        0.000       0.000       0.000       0.000       0.000       0.000                             0.000       0.000       0.000    
    172800.0   10.78206630   10.8756   0.000       0.000      0.9352E-03  0.1019E-05 -0.1629E-01  0.1535E-01   0.000       0.000       0.000       0.000        0.000       0.000       0.000       0.000       0.000       0.000                            0.1019E-05  0.1019E-05   0.000    
    259200.0   10.78241689   10.8758   0.000       0.000      0.9340E-03 -0.2029E-07 -0.1630E-01  0.1536E-01   0.000       0.000       0.000       0.000        0.000       0.000       0.000       0.000       0.000       0.000                           -0.2029E-07 -0.2029E-07   0.000    
    345600.0   10.78081206   10.8740   0.000       0.000      0.9320E-03  0.9287E-07 -0.1627E-01  0.1534E-01   0.000       0.000       0.000       0.000        0.000       0.000       0.000       0.000       0.000       0.000                            0.9287E-07  0.9287E-07   0.000    
    432000.0   10.79257175   10.8865   0.000       0.000      0.9391E-03 -0.6805E-06 -0.1633E-01  0.1540E-01   0.000       0.000       0.000       0.000        0.000       0.000       0.000       0.000       0.000       0.000                           -0.6805E-06 -0.6805E-06   0.000    
    518400.0   10.79955801   10.8940   0.000       0.000      0.9440E-03 -0.4043E-06 -0.1636E-01  0.1542E-01   0.000       0.000       0.000       0.000        0.000       0.000       0.000       0.000       0.000       0.000                           -0.4043E-06 -0.4043E-06   0.000    
    604800.0   10.80160687   10.8962   0.000       0.000      0.9460E-03 -0.1186E-06 -0.1637E-01  0.1543E-01   0.000       0.000       0.000       0.000        0.000       0.000       0.000       0.000       0.000       0.000                           -0.1186E-06 -0.1186E-06   0.000    
    691200.0   10.81964103   10.9155   0.000       0.000      0.9584E-03 -0.1044E-05 -0.1647E-01  0.1552E-01   0.000       0.000       0.000       0.000        0.000       0.000       0.000       0.000       0.000       0.000                           -0.1044E-05 -0.1044E-05   0.000    
    777600.0   10.86867886   10.9678   0.000       0.000      0.9909E-03 -0.2838E-05 -0.1673E-01  0.1574E-01   0.000       0.000       0.000       0.000        0.000       0.000       0.000       0.000       0.000       0.000                           -0.2838E-05 -0.2838E-05   0.000    
    864000.0   10.94092876   11.0448   0.000       0.000      0.1039E-02 -0.4181E-05 -0.1709E-01  0.1605E-01   0.000       0.000       0.000       0.000        0.000       0.000       0.000       0.000       0.000       0.000                           -0.4181E-05 -0.4181E-05   0.000    
    950400.0   10.97351167   11.0802   0.000       0.000      0.1067E-02 -0.1886E-05 -0.1725E-01  0.1618E-01   0.000       0.000       0.000       0.000        0.000       0.000       0.000       0.000       0.000       0.000                           -0.1886E-05 -0.1886E-05   0.000    
   1036800.0   11.05207080   11.1639   0.000       0.000      0.1118E-02 -0.4546E-05 -0.1768E-01  0.1657E-01   0.000       0.000       0.000       0.000        0.000       0.000       0.000       0.000       0.000       0.000                           -0.4546E-05 -0.4546E-05   0.000    
   1123200.0   11.19349647   11.3136   0.000       0.000      0.1201E-02 -0.8184E-05 -0.1834E-01  0.1715E-01   0.000       0.000       0.000       0.000        0.000       0.000       0.000       0.000       0.000       0.000                           -0.8184E-05 -0.8184E-05   0.000    
   1209600.0   11.17622607   11.2973   0.000       0.000      0.1210E-02  0.9994E-06 -0.1828E-01  0.1706E-01   0.000       0.000       0.000       0.000        0.000       0.000       0.000       0.000       0.000       0.000                            0.9994E-06  0.9994E-06   0.000    
   1296000.0   11.15537370   11.2766   0.000       0.000      0.1212E-02  0.1207E-05 -0.1836E-01  0.1714E-01   0.000       0.000       0.000       0.000        0.000       0.000       0.000       0.000       0.000       0.000                            0.1207E-05  0.1207E-05   0.000    
   1382400.0   11.13432347   11.2551   0.000       0.000      0.1208E-02  0.1218E-05 -0.1836E-01  0.1715E-01   0.000       0.000       0.000       0.000        0.000       0.000       0.000       0.000       0.000       0.000                            0.1218E-05  0.1218E-05   0.000    
   1468800.0   11.11344141   11.2336   0.000       0.000      0.1201E-02  0.1208E-05 -0.1833E-01  0.1713E-01   0.000       0.000       0.000       0.000        0.000       0.000       0.000       0.000       0.000       0.000                            0.1208E-05  0.1208E-05   0.000    
   1555200.0   11.09106266   11.2102   0.000       0.000      0.1191E-02  0.1295E-05 -0.1828E-01  0.1709E-01   0.000       0.000       0.000       0.000        0.000       0.000       0.000       0.000       0.000       0.000                            0.1295E-05  0.1295E-05   0.000    
   1641600.0   11.06858365   11.1865   0.000       0.000      0.1179E-02  0.1301E-05 -0.1821E-01  0.1703E-01   0.000       0.000       0.000       0.000        0.000       0.000       0.000       0.000       0.000       0.000                            0.1301E-05  0.1301E-05   0.000    
   1728000.0   11.04953151   11.1663   0.000       0.000      0.1168E-02  0.1103E-05 -0.1815E-01  0.1698E-01   0.000       0.000       0.000       0.000        0.000       0.000       0.000       0.000       0.000       0.000                            0.1103E-05  0.1103E-05   0.000    
   1814400.0   11.03275333   11.1484   0.000       0.000      0.1157E-02  0.9710E-06 -0.1809E-01  0.1693E-01   0.000       0.000       0.000       0.000        0.000       0.000       0.000       0.000       0.000       0.000                            0.9710E-06  0.9710E-06   0.000    
   1900800.0   11.01404651   11.1284   0.000       0.000      0.1144E-02  0.1083E-05 -0.1801E-01  0.1687E-01   0.000       0.000       0.000       0.000        0.000       0.000       0.000       0.000       0.000       0.000                            0.1083E-05  0.1083E-05   0.000    
   1987200.0   10.99682960   11.1099   0.000       0.000      0.1131E-02  0.9963E-06 -0.1794E-01  0.1681E-01   0.000       0.000       0.000       0.000        0.000       0.000       0.000       0.000       0.000       0.000                            0.9963E-06  0.9963E-06   0.000    
   2073600.0   10.98264306   11.0946   0.000       0.000      0.1119E-02  0.8210E-06 -0.1788E-01  0.1676E-01   0.000       0.000       0.000       0.000        0.000       0.000       0.000       0.000       0.000       0.000                            0.8210E-06  0.8210E-06   0.000    
   2160000.0   10.96620549   11.0768   0.000       0.000      0.1106E-02  0.9512E-06 -0.1779E-01  0.1669E-01   0.000       0.000       0.000       0.000        0.000       0.000       0.000       0.000       0.000       0.000                            0.9512E-06  0.9512E-06   0.000    
   2246400.0   10.94995569   11.0593   0.000       0.000      0.1093E-02  0.9404E-06 -0.1771E-01  0.1662E-01   0.000       0.000       0.000       0.000        0.000       0.000       0.000       0.000       0.000       0.000                            0.9404E-06  0.9404E-06   0.000    
   2332800.0   10.93414282   11.0421   0.000       0.000      0.1079E-02  0.9151E-06 -0.1763E-01  0.1655E-01   0.000       0.000       0.000       0.000        0.000       0.000       0.000       0.000       0.000       0.000                            0.9151E-06  0.9151E-06   0.000    
   2419200.0   10.91872052   11.0253   0.000       0.000      0.1066E-02  0.8925E-06 -0.1754E-01  0.1648E-01   0.000       0.000       0.000       0.000        0.000       0.000       0.000       0.000       0.000       0.000                            0.8925E-06  0.8925E-06   0.000    
   2505600.0   10.91176482   11.0175   0.000       0.000      0.1057E-02  0.4025E-06 -0.1749E-01  0.1644E-01   0.000       0.000       0.000       0.000        0.000       0.000       0.000       0.000       0.000       0.000                            0.4025E-06  0.4025E-06   0.000    
   2592000.0   10.90159532   11.0063   0.000       0.000      0.1047E-02  0.5885E-06 -0.1743E-01  0.1638E-01   0.000       0.000       0.000       0.000        0.000       0.000       0.000       0.000       0.000       0.000                            0.5885E-06  0.5885E-06   0.000    
   2678400.0   10.92061791   11.0261   0.000       0.000      0.1055E-02 -0.1101E-05 -0.1751E-01  0.1646E-01   0.000       0.000       0.000       0.000        0.000       0.000       0.000       0.000       0.000       0.000                           -0.1101E-05 -0.1101E-05   0.000    
   2764800.0   10.99635531   11.1059   0.000       0.000      0.1096E-02 -0.4383E-05 -0.1786E-01  0.1676E-01   0.000       0.000       0.000       0.000        0.000       0.000       0.000       0.000       0.000       0.000                           -0.4383E-05 -0.4383E-05   0.000    
   2851200.0   11.18258097   11.3022   0.000       0.000      0.1196E-02 -0.1078E-04 -0.1867E-01  0.1748E-01   0.000       0.000       0.000       0.000        0.000       0.000       0.000       0.000       0.000       0.000                           -0.1078E-04 -0.1078E-04   0.000    
   2937600.0   11.14895196   11.2685   0.000       0.000      0.1195E-02  0.1946E-05 -0.1846E-01  0.1726E-01   0.000       0.000       0.000       0.000        0.000       0.000       0.000       0.000       0.000       0.000                            0.1946E-05  0.1946E-05   0.000    
   3024000.0   11.15590406   11.2766   0.000       0.000      0.1207E-02 -0.4023E-06 -0.1867E-01  0.1746E-01   0.000       0.000       0.000       0.000        0.000       0.000       0.000       0.000       0.000       0.000                           -0.4023E-06 -0.4023E-06   0.000    
   3110400.0   11.15764387   11.2790   0.000       0.000      0.1214E-02 -0.1007E-06 -0.1873E-01  0.1751E-01   0.000       0.000       0.000       0.000        0.000       0.000       0.000       0.000       0.000       0.000                           -0.1007E-06 -0.1007E-06   0.000    
   3196800.0   11.14578756   11.2669   0.000       0.000      0.1211E-02  0.6861E-06 -0.1872E-01  0.1751E-01   0.000       0.000       0.000       0.000        0.000       0.000       0.000       0.000       0.000       0.000                            0.6861E-06  0.6861E-06   0.000    
   3283200.0   11.12768767   11.2481   0.000       0.000      0.1204E-02  0.1047E-05 -0.1869E-01  0.1748E-01   0.000       0.000       0.000       0.000        0.000       0.000       0.000       0.000       0.000       0.000                            0.1047E-05  0.1047E-05   0.000    
   3369600.0   11.13041905   11.2510   0.000       0.000      0.1206E-02 -0.1581E-06 -0.1874E-01  0.1753E-01   0.000       0.000       0.000       0.000        0.000       0.000       0.000       0.000       0.000       0.000                           -0.1581E-06 -0.1581E-06   0.000    
   3456000.0   11.14517343   11.2665   0.000       0.000      0.1213E-02 -0.8538E-06 -0.1881E-01  0.1760E-01   0.000       0.000       0.000       0.000        0.000       0.000       0.000       0.000       0.000       0.000                           -0.8538E-06 -0.8538E-06   0.000    
   3542400.0   11.16822704   11.2909   0.000       0.000      0.1226E-02 -0.1334E-05 -0.1893E-01  0.1771E-01   0.000       0.000       0.000       0.000        0.000       0.000       0.000       0.000       0.000       0.000                           -0.1334E-05 -0.1334E-05   0.000    
   3628800.0   11.17688172   11.3002   0.000       0.000      0.1233E-02 -0.5008E-06 -0.1898E-01  0.1775E-01   0.000       0.000       0.000       0.000        0.000       0.000       0.000       0.000       0.000       0.000                           -0.5008E-06 -0.5008E-06   0.000    
   3715200.0   11.16521313   11.2881   0.000       0.000      0.1229E-02  0.6753E-06 -0.1897E-01  0.1774E-01   0.000       0.000       0.000       0.000        0.000       0.000       0.000       0.000       0.000       0.000                            0.6753E-06  0.6753E-06   0.000    
   3801600.0   11.16898161   11.2922   0.000       0.000      0.1232E-02 -0.2181E-06 -0.1902E-01  0.1779E-01   0.000       0.000       0.000       0.000        0.000       0.000       0.000       0.000       0.000       0.000                           -0.2181E-06 -0.2181E-06   0.000    
   3888000.0   11.18193105   11.3058   0.000       0.000      0.1239E-02 -0.7494E-06 -0.1910E-01  0.1786E-01   0.000       0.000       0.000       0.000        0.000       0.000       0.000       0.000       0.000       0.000                           -0.7494E-06 -0.7494E-06   0.000    
   3974400.0   11.21099739   11.3364   0.000       0.000      0.1254E-02 -0.1682E-05 -0.1924E-01  0.1799E-01   0.000       0.000       0.000       0.000        0.000       0.000       0.000       0.000       0.000       0.000                           -0.1682E-05 -0.1682E-05   0.000    
   4060800.0   11.23448672   11.3612   0.000       0.000      0.1267E-02 -0.1359E-05 -0.1935E-01  0.1808E-01   0.000       0.000       0.000       0.000        0.000       0.000       0.000       0.000       0.000       0.000                           -0.1359E-05 -0.1359E-05   0.000    
   4147200.0   11.22279023   11.3493   0.000       0.000      0.1265E-02  0.6769E-06 -0.1933E-01  0.1806E-01   0.000       0.000       0.000       0.000        0.000       0.000       0.000       0.000       0.000       0.000                            0.6769E-06  0.6769E-06   0.000    
   4233600.0   11.20437092   11.3301   0.000       0.000      0.1257E-02  0.1066E-05 -0.1930E-01  0.1804E-01   0.000       0.000       0.000       0.000        0.000       0.000       0.000       0.000       0.000       0.000                            0.1066E-05  0.1066E-05   0.000    
   4320000.0   11.18896609   11.3139   0.000       0.000      0.1249E-02  0.8915E-06 -0.1927E-01  0.1802E-01   0.000       0.000       0.000       0.000        0.000       0.000       0.000       0.000       0.000       0.000                            0.8915E-06  0.8915E-06   0.000    
   4406400.0   11.17241730   11.2964   0.000       0.000      0.1239E-02  0.9577E-06 -0.1922E-01  0.1798E-01   0.000       0.000       0.000       0.000        0.000       0.000       0.000       0.000       0.000       0.000                            0.9577E-06  0.9577E-06   0.000    
   4492800.0   11.15917079   11.2822   0.000       0.000      0.1230E-02  0.7666E-06 -0.1917E-01  0.1794E-01   0.000       0.000       0.000       0.000        0.000       0.000       0.000       0.000       0.000       0.000                            0.7666E-06  0.7666E-06   0.000    
   4579200.0   11.14200430   11.2639   0.000       0.000      0.1219E-02  0.9934E-06 -0.1910E-01  0.1788E-01   0.000       0.000       0.000       0.000        0.000       0.000       0.000       0.000       0.000       0.000                            0.9934E-06  0.9934E-06   0.000    
   4665600.0   11.12386194   11.2445   0.000       0.000      0.1206E-02  0.1050E-05 -0.1903E-01  0.1782E-01   0.000       0.000       0.000       0.000        0.000       0.000       0.000       0.000       0.000       0.000                            0.1050E-05  0.1050E-05   0.000    
   4752000.0   11.14962388   11.2712   0.000       0.000      0.1215E-02 -0.1491E-05 -0.1915E-01  0.1794E-01   0.000       0.000       0.000       0.000        0.000       0.000       0.000       0.000       0.000       0.000                           -0.1491E-05 -0.1491E-05   0.000    
   4838400.0   11.18696922   11.3102   0.000       0.000      0.1232E-02 -0.2161E-05 -0.1929E-01  0.1806E-01   0.000       0.000       0.000       0.000        0.000       0.000       0.000       0.000       0.000       0.000                           -0.2161E-05 -0.2161E-05   0.000    
   4924800.0   11.22891860   11.3543   0.000       0.000      0.1254E-02 -0.2428E-05 -0.1946E-01  0.1821E-01   0.000       0.000       0.000       0.000        0.000       0.000       0.000       0.000       0.000       0.000                           -0.2428E-05 -0.2428E-05   0.000    
   5011200.0   11.25515883   11.3821   0.000       0.000      0.1270E-02 -0.1519E-05 -0.1958E-01  0.1831E-01   0.000       0.000       0.000       0.000        0.000       0.000       0.000       0.000       0.000       0.000                           -0.1519E-05 -0.1519E-05   0.000    
   5097600.0   11.24256324   11.3693   0.000       0.000      0.1267E-02  0.7289E-06 -0.1956E-01  0.1829E-01   0.000       0.000       0.000       0.000        0.000       0.000       0.000       0.000       0.000       0.000                            0.7289E-06  0.7289E-06   0.000    
   5184000.0   11.22390140   11.3499   0.000       0.000      0.1260E-02  0.1080E-05 -0.1953E-01  0.1827E-01   0.000       0.000       0.000       0.000        0.000       0.000       0.000       0.000       0.000       0.000                            0.1080E-05  0.1080E-05   0.000    
   5270400.0   11.20744210   11.3326   0.000       0.000      0.1251E-02  0.9525E-06 -0.1949E-01  0.1824E-01   0.000       0.000       0.000       0.000        0.000       0.000       0.000       0.000       0.000       0.000                            0.9525E-06  0.9525E-06   0.000    
   5356800.0   11.18854715   11.3126   0.000       0.000      0.1241E-02  0.1093E-05 -0.1943E-01  0.1819E-01   0.000       0.000       0.000       0.000        0.000       0.000       0.000       0.000       0.000       0.000                            0.1093E-05  0.1093E-05   0.000    
   5443200.0   11.19815349   11.3224   0.000       0.000      0.1242E-02 -0.5559E-06 -0.1949E-01  0.1824E-01   0.000       0.000       0.000       0.000        0.000       0.000       0.000       0.000       0.000       0.000                           -0.5559E-06 -0.5559E-06   0.000    
   5529600.0   11.21062499   11.3353   0.000       0.000      0.1247E-02 -0.7217E-06 -0.1953E-01  0.1828E-01   0.000       0.000       0.000       0.000        0.000       0.000       0.000       0.000       0.000       0.000                           -0.7217E-06 -0.7217E-06   0.000    
   5616000.0   11.22416037   11.3495   0.000       0.000      0.1253E-02 -0.7833E-06 -0.1959E-01  0.1834E-01   0.000       0.000       0.000       0.000        0.000       0.000       0.000       0.000       0.000       0.000                           -0.7833E-06 -0.7833E-06   0.000    
   5702400.0   11.23292428   11.3587   0.000       0.000      0.1258E-02 -0.5072E-06 -0.1964E-01  0.1838E-01   0.000       0.000       0.000       0.000        0.000       0.000       0.000       0.000       0.000       0.000                           -0.5072E-06 -0.5072E-06   0.000    
   5788800.0   11.22857063   11.3542   0.000       0.000      0.1256E-02  0.2519E-06 -0.1963E-01  0.1838E-01   0.000       0.000       0.000       0.000        0.000       0.000       0.000       0.000       0.000       0.000                            0.2519E-06  0.2519E-06   0.000    
   5875200.0   11.22949450   11.3551   0.000       0.000      0.1256E-02 -0.5346E-07 -0.1966E-01  0.1840E-01   0.000       0.000       0.000       0.000        0.000       0.000       0.000       0.000       0.000       0.000                           -0.5346E-07 -0.5346E-07   0.000    
   5961600.0   11.22529041   11.3507   0.000       0.000      0.1254E-02  0.2433E-06 -0.1965E-01  0.1840E-01   0.000       0.000       0.000       0.000        0.000       0.000       0.000       0.000       0.000       0.000                            0.2433E-06  0.2433E-06   0.000    
   6048000.0   11.21256373   11.3372   0.000       0.000      0.1247E-02  0.7365E-06 -0.1961E-01  0.1837E-01   0.000       0.000       0.000       0.000        0.000       0.000       0.000       0.000       0.000       0.000                            0.7365E-06  0.7365E-06   0.000    
   6134400.0   11.19591850   11.3196   0.000       0.000      0.1237E-02  0.9633E-06 -0.1956E-01  0.1832E-01   0.000       0.000       0.000       0.000        0.000       0.000       0.000       0.000       0.000       0.000                            0.9633E-06  0.9633E-06   0.000    
   6220800.0   11.17772578   11.3003   0.000       0.000      0.1226E-02  0.1053E-05 -0.1949E-01  0.1826E-01   0.000       0.000       0.000       0.000        0.000       0.000       0.000       0.000       0.000       0.000                            0.1053E-05  0.1053E-05   0.000    
   6307200.0   11.15886880   11.2802   0.000       0.000      0.1213E-02  0.1091E-05 -0.1941E-01  0.1819E-01   0.000       0.000       0.000       0.000        0.000       0.000       0.000       0.000       0.000       0.000                            0.1091E-05  0.1091E-05   0.000    
   6393600.0   11.14011536   11.2601   0.000       0.000      0.1200E-02  0.1085E-05 -0.1932E-01  0.1812E-01   0.000       0.000       0.000       0.000        0.000       0.000       0.000       0.000       0.000       0.000                            0.1085E-05  0.1085E-05   0.000    
   6480000.0   11.12151061   11.2402   0.000       0.000      0.1186E-02  0.1077E-05 -0.1923E-01  0.1805E-01   0.000       0.000       0.000       0.000        0.000       0.000       0.000       0.000       0.000       0.000                            0.1077E-05  0.1077E-05   0.000    
   6566400.0   11.10325914   11.2205   0.000       0.000      0.1172E-02  0.1056E-05 -0.1914E-01  0.1797E-01   0.000       0.000       0.000       0.000        0.000       0.000       0.000       0.000       0.000       0.000                            0.1056E-05  0.1056E-05   0.000    
   6652800.0   11.08521508   11.2011   0.000       0.000      0.1159E-02  0.1044E-05 -0.1905E-01  0.1789E-01   0.000       0.000       0.000       0.000        0.000       0.000       0.000       0.000       0.000       0.000                            0.1044E-05  0.1044E-05   0.000    
   6739200.0   11.06781622   11.1823   0.000       0.000      0.1144E-02  0.1007E-05 -0.1895E-01  0.1780E-01   0.000       0.000       0.000       0.000        0.000       0.000       0.000       0.000       0.000       0.000                            0.1007E-05  0.1007E-05   0.000    
   6825600.0   11.05045361   11.1635   0.000       0.000      0.1130E-02  0.1005E-05 -0.1885E-01  0.1772E-01   0.000       0.000       0.000       0.000        0.000       0.000       0.000       0.000       0.000       0.000                            0.1005E-05  0.1005E-05   0.000    
   6912000.0   11.03337567   11.1450   0.000       0.000      0.1116E-02  0.9883E-06 -0.1875E-01  0.1763E-01   0.000       0.000       0.000       0.000        0.000       0.000       0.000       0.000       0.000       0.000                            0.9883E-06  0.9883E-06   0.000    
   6998400.0   11.01660203   11.1268   0.000       0.000      0.1102E-02  0.9707E-06 -0.1865E-01  0.1755E-01   0.000       0.000       0.000       0.000        0.000       0.000       0.000       0.000       0.000       0.000                            0.9707E-06  0.9707E-06   0.000    
   7084800.0   11.00049099   11.1093   0.000       0.000      0.1088E-02  0.9324E-06 -0.1855E-01  0.1746E-01   0.000       0.000       0.000       0.000        0.000       0.000       0.000       0.000       0.000       0.000                            0.9324E-06  0.9324E-06   0.000    
   7171200.0   10.98494794   11.0924   0.000       0.000      0.1074E-02  0.8995E-06 -0.1845E-01  0.1737E-01   0.000       0.000       0.000       0.000        0.000       0.000       0.000       0.000       0.000       0.000                            0.8995E-06  0.8995E-06   0.000    
   7257600.0   10.96980283   11.0759   0.000       0.000      0.1061E-02  0.8765E-06 -0.1835E-01  0.1729E-01   0.000       0.000       0.000       0.000        0.000       0.000       0.000       0.000       0.000       0.000                            0.8765E-06  0.8765E-06   0.000    
   7344000.0   10.95526220   11.0600   0.000       0.000      0.1048E-02  0.8415E-06 -0.1825E-01  0.1720E-01   0.000       0.000       0.000       0.000        0.000       0.000       0.000       0.000       0.000       0.000                            0.8415E-06  0.8415E-06   0.000    
   7430400.0   10.94216521   11.0457   0.000       0.000      0.1036E-02  0.7579E-06 -0.1816E-01  0.1712E-01   0.000       0.000       0.000       0.000        0.000       0.000       0.000       0.000       0.000       0.000                            0.7579E-06  0.7579E-06   0.000    
   7516800.0   10.92933233   11.0317   0.000       0.000      0.1024E-02  0.7426E-06 -0.1806E-01  0.1704E-01   0.000       0.000       0.000       0.000        0.000       0.000       0.000       0.000       0.000       0.000                            0.7426E-06  0.7426E-06   0.000    
   7603200.0   10.91613002   11.0173   0.000       0.000      0.1012E-02  0.7640E-06 -0.1797E-01  0.1696E-01   0.000       0.000       0.000       0.000        0.000       0.000       0.000       0.000       0.000       0.000                            0.7640E-06  0.7640E-06   0.000    
   7689600.0   10.90340814   11.0034   0.000       0.000      0.9995E-03  0.7362E-06 -0.1787E-01  0.1687E-01   0.000       0.000       0.000       0.000        0.000       0.000       0.000       0.000       0.000       0.000                            0.7362E-06  0.7362E-06   0.000    
   7776000.0   10.89157166   10.9904   0.000       0.000      0.9884E-03  0.6850E-06 -0.1778E-01  0.1680E-01   0.000       0.000       0.000       0.000        0.000       0.000       0.000       0.000       0.000       0.000                            0.6850E-06  0.6850E-06   0.000    
   7862400.0   10.87968260   10.9774   0.000       0.000      0.9770E-03  0.6880E-06 -0.1769E-01  0.1671E-01   0.000       0.000       0.000       0.000        0.000       0.000       0.000       0.000       0.000       0.000                            0.6880E-06  0.6880E-06   0.000    
   7948800.0   10.86810878   10.9647   0.000       0.000      0.9662E-03  0.6698E-06 -0.1760E-01  0.1663E-01   0.000       0.000       0.000       0.000        0.000       0.000       0.000       0.000       0.000       0.000                            0.6698E-06  0.6698E-06   0.000    
   8035200.0   10.85697451   10.9525   0.000       0.000      0.9554E-03  0.6443E-06 -0.1751E-01  0.1656E-01   0.000       0.000       0.000       0.000        0.000       0.000       0.000       0.000       0.000       0.000                            0.6443E-06  0.6443E-06   0.000    
   8121600.0   10.84609962   10.9406   0.000       0.000      0.9452E-03  0.6293E-06 -0.1742E-01  0.1648E-01   0.000       0.000       0.000       0.000        0.000       0.000       0.000       0.000       0.000       0.000                            0.6293E-06  0.6293E-06   0.000    
   8208000.0   10.83563028   10.9291   0.000       0.000      0.9349E-03  0.6059E-06 -0.1734E-01  0.1640E-01   0.000       0.000       0.000       0.000        0.000       0.000       0.000       0.000       0.000       0.000                            0.6059E-06  0.6059E-06   0.000    
   8294400.0   10.82537501   10.9179   0.000       0.000      0.9253E-03  0.5935E-06 -0.1725E-01  0.1633E-01   0.000       0.000       0.000       0.000        0.000       0.000       0.000       0.000       0.000       0.000                            0.5935E-06  0.5935E-06   0.000    
   8380800.0   10.87128372   10.9664   0.000       0.000      0.9507E-03 -0.2657E-05 -0.1747E-01  0.1652E-01   0.000       0.000       0.000       0.000        0.000       0.000       0.000       0.000       0.000       0.000                           -0.2657E-05 -0.2657E-05   0.000    
   8467200.0   10.87580030   10.9713   0.000       0.000      0.9547E-03 -0.2614E-06 -0.1743E-01  0.1647E-01   0.000       0.000       0.000       0.000        0.000       0.000       0.000       0.000       0.000       0.000                           -0.2614E-06 -0.2614E-06   0.000    
   8553600.0   10.87660481   10.9722   0.000       0.000      0.9563E-03 -0.4656E-07 -0.1743E-01  0.1648E-01   0.000       0.000       0.000       0.000        0.000       0.000       0.000       0.000       0.000       0.000                           -0.4656E-07 -0.4656E-07   0.000    
   8640000.0   10.87249986   10.9679   0.000       0.000      0.9544E-03  0.2376E-06 -0.1741E-01  0.1645E-01   0.000       0.000       0.000       0.000        0.000       0.000       0.000       0.000       0.000       0.000                            0.2376E-06  0.2376E-06   0.000    
   8726400.0   10.86591501   10.9610   0.000       0.000      0.9506E-03  0.3811E-06 -0.1737E-01  0.1642E-01   0.000       0.000       0.000       0.000        0.000       0.000       0.000       0.000       0.000       0.000                            0.3811E-06  0.3811E-06   0.000    
   8812800.0   10.85811415   10.9527   0.000       0.000      0.9455E-03  0.4514E-06 -0.1732E-01  0.1637E-01   0.000       0.000       0.000       0.000        0.000       0.000       0.000       0.000       0.000       0.000                            0.4514E-06  0.4514E-06   0.000    
   8899200.0   10.84822870   10.9421   0.000       0.000      0.9386E-03  0.5721E-06 -0.1725E-01  0.1631E-01   0.000       0.000       0.000       0.000        0.000       0.000       0.000       0.000       0.000       0.000                            0.5721E-06  0.5721E-06   0.000    
   8985600.0   10.84491954   10.9385   0.000       0.000      0.9355E-03  0.1915E-06 -0.1722E-01  0.1629E-01   0.000       0.000       0.000       0.000        0.000       0.000       0.000       0.000       0.000       0.000                            0.1915E-06  0.1915E-06   0.000    
   9072000.0   10.85266157   10.9466   0.000       0.000      0.9393E-03 -0.4480E-06 -0.1724E-01  0.1630E-01   0.000       0.000       0.000       0.000        0.000       0.000       0.000       0.000       0.000       0.000                           -0.4480E-06 -0.4480E-06   0.000    
   9158400.0   10.84874411   10.9424   0.000       0.000      0.9369E-03  0.2267E-06 -0.1720E-01  0.1626E-01   0.000       0.000       0.000       0.000        0.000       0.000       0.000       0.000       0.000       0.000                            0.2267E-06  0.2267E-06   0.000    
   9244800.0   10.87661250   10.9720   0.000       0.000      0.9542E-03 -0.1613E-05 -0.1734E-01  0.1639E-01   0.000       0.000       0.000       0.000        0.000       0.000       0.000       0.000       0.000       0.000                           -0.1613E-05 -0.1613E-05   0.000    
   9331200.0   10.94728240   11.0471   0.000       0.000      0.9979E-03 -0.4090E-05 -0.1767E-01  0.1668E-01   0.000       0.000       0.000       0.000        0.000       0.000       0.000       0.000       0.000       0.000                           -0.4090E-05 -0.4090E-05   0.000    
   9417600.0   11.11953017   11.2292   0.000       0.000      0.1097E-02 -0.9968E-05 -0.1846E-01  0.1737E-01   0.000       0.000       0.000       0.000        0.000       0.000       0.000       0.000       0.000       0.000                           -0.9968E-05 -0.9968E-05   0.000    
   9504000.0   11.24651934   11.3641   0.000       0.000      0.1175E-02 -0.7349E-05 -0.1896E-01  0.1780E-01   0.000       0.000       0.000       0.000        0.000       0.000       0.000       0.000       0.000       0.000                           -0.7349E-05 -0.7349E-05   0.000    
   9590400.0   11.22403265   11.3426   0.000       0.000      0.1186E-02  0.1301E-05 -0.1893E-01  0.1775E-01   0.000       0.000       0.000       0.000        0.000       0.000       0.000       0.000       0.000       0.000                            0.1301E-05  0.1301E-05   0.000    
   9676800.0   11.19588982   11.3145   0.000       0.000      0.1186E-02  0.1629E-05 -0.1899E-01  0.1780E-01   0.000       0.000       0.000       0.000        0.000       0.000       0.000       0.000       0.000       0.000                            0.1629E-05  0.1629E-05   0.000    
   9763200.0   11.16567656   11.2835   0.000       0.000      0.1179E-02  0.1748E-05 -0.1895E-01  0.1777E-01   0.000       0.000       0.000       0.000        0.000       0.000       0.000       0.000       0.000       0.000                            0.1748E-05  0.1748E-05   0.000    
   9849600.0   11.13679766   11.2536   0.000       0.000      0.1168E-02  0.1671E-05 -0.1888E-01  0.1771E-01   0.000       0.000       0.000       0.000        0.000       0.000       0.000       0.000       0.000       0.000                            0.1671E-05  0.1671E-05   0.000    
   9936000.0   11.15537862   11.2732   0.000       0.000      0.1178E-02 -0.1075E-05 -0.1901E-01  0.1783E-01   0.000       0.000       0.000       0.000        0.000       0.000       0.000       0.000       0.000       0.000                           -0.1075E-05 -0.1075E-05   0.000    
  10022400.0   11.17078560   11.2897   0.000       0.000      0.1189E-02 -0.8916E-06 -0.1907E-01  0.1789E-01   0.000       0.000       0.000       0.000        0.000       0.000       0.000       0.000       0.000       0.000                           -0.8916E-06 -0.8916E-06   0.000    
  10108800.0   11.17549412   11.2950   0.000       0.000      0.1195E-02 -0.2725E-06 -0.1912E-01  0.1792E-01   0.000       0.000       0.000       0.000        0.000       0.000       0.000       0.000       0.000       0.000                           -0.2725E-06 -0.2725E-06   0.000    
  10195200.0   11.18812022   11.3085   0.000       0.000      0.1204E-02 -0.7307E-06 -0.1920E-01  0.1800E-01   0.000       0.000       0.000       0.000        0.000       0.000       0.000       0.000       0.000       0.000                           -0.7307E-06 -0.7307E-06   0.000    
  10281600.0   11.19489500   11.3159   0.000       0.000      0.1210E-02 -0.3921E-06 -0.1926E-01  0.1805E-01   0.000       0.000       0.000       0.000        0.000       0.000       0.000       0.000       0.000       0.000                           -0.3921E-06 -0.3921E-06   0.000    
  10368000.0   11.18255515   11.3033   0.000       0.000      0.1207E-02  0.7141E-06 -0.1924E-01  0.1803E-01   0.000       0.000       0.000       0.000        0.000       0.000       0.000       0.000       0.000       0.000                            0.7141E-06  0.7141E-06   0.000    
  10454400.0   11.16347574   11.2834   0.000       0.000      0.1199E-02  0.1104E-05 -0.1919E-01  0.1799E-01   0.000       0.000       0.000       0.000        0.000       0.000       0.000       0.000       0.000       0.000                            0.1104E-05  0.1104E-05   0.000    
  10540800.0   11.16247295   11.2823   0.000       0.000      0.1199E-02  0.5803E-07 -0.1922E-01  0.1802E-01   0.000       0.000       0.000       0.000        0.000       0.000       0.000       0.000       0.000       0.000                            0.5803E-07  0.5803E-07   0.000    
  10627200.0   11.17080106   11.2911   0.000       0.000      0.1203E-02 -0.4820E-06 -0.1926E-01  0.1806E-01   0.000       0.000       0.000       0.000        0.000       0.000       0.000       0.000       0.000       0.000                           -0.4820E-06 -0.4820E-06   0.000    
  10713600.0   11.17142572   11.2918   0.000       0.000      0.1203E-02 -0.3615E-07 -0.1927E-01  0.1807E-01   0.000       0.000       0.000       0.000        0.000       0.000       0.000       0.000       0.000       0.000                           -0.3615E-07 -0.3615E-07   0.000    
  10800000.0   11.16215565   11.2821   0.000       0.000      0.1199E-02  0.5365E-06 -0.1925E-01  0.1805E-01   0.000       0.000       0.000       0.000        0.000       0.000       0.000       0.000       0.000       0.000                            0.5365E-06  0.5365E-06   0.000    
  10886400.0   11.14660779   11.2658   0.000       0.000      0.1191E-02  0.8998E-06 -0.1920E-01  0.1801E-01   0.000       0.000       0.000       0.000        0.000       0.000       0.000       0.000       0.000       0.000                            0.8998E-06  0.8998E-06   0.000    
  10972800.0   11.12794451   11.2460   0.000       0.000      0.1180E-02  0.1080E-05 -0.1913E-01  0.1795E-01   0.000       0.000       0.000       0.000        0.000       0.000       0.000       0.000       0.000       0.000                            0.1080E-05  0.1080E-05   0.000    
  11059200.0   11.10610403   11.2228   0.000       0.000      0.1167E-02  0.1264E-05 -0.1905E-01  0.1788E-01   0.000       0.000       0.000       0.000        0.000       0.000       0.000       0.000       0.000       0.000                            0.1264E-05  0.1264E-05   0.000    
  11145600.0   11.08412442   11.1994   0.000       0.000      0.1153E-02  0.1272E-05 -0.1895E-01  0.1780E-01   0.000       0.000       0.000       0.000        0.000       0.000       0.000       0.000       0.000       0.000                            0.1272E-05  0.1272E-05   0.000    
  11232000.0   11.06313031   11.1769   0.000       0.000      0.1138E-02  0.1215E-05 -0.1885E-01  0.1771E-01   0.000       0.000       0.000       0.000        0.000       0.000       0.000       0.000       0.000       0.000                            0.1215E-05  0.1215E-05   0.000    
  11318400.0   11.04295525   11.1552   0.000       0.000      0.1123E-02  0.1168E-05 -0.1875E-01  0.1762E-01   0.000       0.000       0.000       0.000        0.000       0.000       0.000       0.000       0.000       0.000                            0.1168E-05  0.1168E-05   0.000    
  11404800.0   11.04711654   11.1592   0.000       0.000      0.1120E-02 -0.2408E-06 -0.1876E-01  0.1764E-01   0.000       0.000       0.000       0.000        0.000       0.000       0.000       0.000       0.000       0.000                           -0.2408E-06 -0.2408E-06   0.000    
  11491200.0   11.02932904   11.1401   0.000       0.000      0.1107E-02  0.1029E-05 -0.1864E-01  0.1753E-01   0.000       0.000       0.000       0.000        0.000       0.000       0.000       0.000       0.000       0.000                            0.1029E-05  0.1029E-05   0.000    
  11577600.0   11.05535997   11.1671   0.000       0.000      0.1118E-02 -0.1506E-05 -0.1877E-01  0.1765E-01   0.000       0.000       0.000       0.000        0.000       0.000       0.000       0.000       0.000       0.000                           -0.1506E-05 -0.1506E-05   0.000    
  11664000.0   11.12798334   11.2434   0.000       0.000      0.1155E-02 -0.4203E-05 -0.1907E-01  0.1792E-01   0.000       0.000       0.000       0.000        0.000       0.000       0.000       0.000       0.000       0.000                           -0.4203E-05 -0.4203E-05   0.000    
  11750400.0   11.30206763   11.4262   0.000       0.000      0.1241E-02 -0.1007E-04 -0.1978E-01  0.1855E-01   0.000       0.000       0.000       0.000        0.000       0.000       0.000       0.000       0.000       0.000                           -0.1007E-04 -0.1007E-04   0.000    
  11836800.0   11.26940627   11.3935   0.000       0.000      0.1241E-02  0.1890E-05 -0.1959E-01  0.1835E-01   0.000       0.000       0.000       0.000        0.000       0.000       0.000       0.000       0.000       0.000                            0.1890E-05  0.1890E-05   0.000    
  11923200.0   11.23957282   11.3630   0.000       0.000      0.1235E-02  0.1726E-05 -0.1962E-01  0.1839E-01   0.000       0.000       0.000       0.000        0.000       0.000       0.000       0.000       0.000       0.000                            0.1726E-05  0.1726E-05   0.000    
  12009600.0   11.21173765   11.3342   0.000       0.000      0.1224E-02  0.1611E-05 -0.1957E-01  0.1835E-01   0.000       0.000       0.000       0.000        0.000       0.000       0.000       0.000       0.000       0.000                            0.1611E-05  0.1611E-05   0.000    
  12096000.0   11.20466383   11.3268   0.000       0.000      0.1221E-02  0.4094E-06 -0.1958E-01  0.1836E-01   0.000       0.000       0.000       0.000        0.000       0.000       0.000       0.000       0.000       0.000                            0.4094E-06  0.4094E-06   0.000    
  12182400.0   11.19533048   11.3170   0.000       0.000      0.1216E-02  0.5401E-06 -0.1955E-01  0.1833E-01   0.000       0.000       0.000       0.000        0.000       0.000       0.000       0.000       0.000       0.000                            0.5401E-06  0.5401E-06   0.000    
  12268800.0   11.18001443   11.3008   0.000       0.000      0.1208E-02  0.8863E-06 -0.1949E-01  0.1828E-01   0.000       0.000       0.000       0.000        0.000       0.000       0.000       0.000       0.000       0.000                            0.8863E-06  0.8863E-06   0.000    
  12355200.0   11.16097874   11.2807   0.000       0.000      0.1198E-02  0.1102E-05 -0.1942E-01  0.1823E-01   0.000       0.000       0.000       0.000        0.000       0.000       0.000       0.000       0.000       0.000                            0.1102E-05  0.1102E-05   0.000    
  12441600.0   11.14734777   11.2662   0.000       0.000      0.1189E-02  0.7888E-06 -0.1937E-01  0.1818E-01   0.000       0.000       0.000       0.000        0.000       0.000       0.000       0.000       0.000       0.000                            0.7888E-06  0.7888E-06   0.000    
  12528000.0   11.19286603   11.3137   0.000       0.000      0.1208E-02 -0.2634E-05 -0.1958E-01  0.1837E-01   0.000       0.000       0.000       0.000        0.000       0.000       0.000       0.000       0.000       0.000                           -0.2634E-05 -0.2634E-05   0.000    
  12614400.0   11.24539242   11.3688   0.000       0.000      0.1234E-02 -0.3040E-05 -0.1977E-01  0.1853E-01   0.000       0.000       0.000       0.000        0.000       0.000       0.000       0.000       0.000       0.000                           -0.3040E-05 -0.3040E-05   0.000    
  12700800.0   11.23711805   11.3606   0.000       0.000      0.1235E-02  0.4788E-06 -0.1973E-01  0.1849E-01   0.000       0.000       0.000       0.000        0.000       0.000       0.000       0.000       0.000       0.000                            0.4788E-06  0.4788E-06   0.000    
  12787200.0   11.22147146   11.3444   0.000       0.000      0.1230E-02  0.9055E-06 -0.1972E-01  0.1849E-01   0.000       0.000       0.000       0.000        0.000       0.000       0.000       0.000       0.000       0.000                            0.9055E-06  0.9055E-06   0.000    
  12873600.0   11.20047769   11.3225   0.000       0.000      0.1220E-02  0.1215E-05 -0.1966E-01  0.1844E-01   0.000       0.000       0.000       0.000        0.000       0.000       0.000       0.000       0.000       0.000                            0.1215E-05  0.1215E-05   0.000    
  12960000.0   11.20513400   11.3272   0.000       0.000      0.1221E-02 -0.2695E-06 -0.1970E-01  0.1848E-01   0.000       0.000       0.000       0.000        0.000       0.000       0.000       0.000       0.000       0.000                           -0.2695E-06 -0.2695E-06   0.000    
  13046400.0   11.19571549   11.3173   0.000       0.000      0.1216E-02  0.5451E-06 -0.1965E-01  0.1844E-01   0.000       0.000       0.000       0.000        0.000       0.000       0.000       0.000       0.000       0.000                            0.5451E-06  0.5451E-06   0.000    
  13132800.0   11.18178186   11.3025   0.000       0.000      0.1208E-02  0.8063E-06 -0.1960E-01  0.1840E-01   0.000       0.000       0.000       0.000        0.000       0.000       0.000       0.000       0.000       0.000                            0.8063E-06  0.8063E-06   0.000    
  13219200.0   11.17193418   11.2920   0.000       0.000      0.1201E-02  0.5699E-06 -0.1957E-01  0.1837E-01   0.000       0.000       0.000       0.000        0.000       0.000       0.000       0.000       0.000       0.000                            0.5699E-06  0.5699E-06   0.000    
  13305600.0   11.15756830   11.2768   0.000       0.000      0.1192E-02  0.8314E-06 -0.1951E-01  0.1832E-01   0.000       0.000       0.000       0.000        0.000       0.000       0.000       0.000       0.000       0.000                            0.8314E-06  0.8314E-06   0.000    
  13392000.0   11.17890699   11.2989   0.000       0.000      0.1200E-02 -0.1235E-05 -0.1961E-01  0.1841E-01   0.000       0.000       0.000       0.000        0.000       0.000       0.000       0.000       0.000       0.000                           -0.1235E-05 -0.1235E-05   0.000    
  13478400.0   11.19495324   11.3157   0.000       0.000      0.1207E-02 -0.9286E-06 -0.1965E-01  0.1845E-01   0.000       0.000       0.000       0.000        0.000       0.000       0.000       0.000       0.000       0.000                           -0.9286E-06 -0.9286E-06   0.000    
  13564800.0   11.19046305   11.3110   0.000       0.000      0.1205E-02  0.2598E-06 -0.1963E-01  0.1843E-01   0.000       0.000       0.000       0.000        0.000       0.000       0.000       0.000       0.000       0.000                            0.2598E-06  0.2598E-06   0.000    
  13651200.0   11.18089643   11.3010   0.000       0.000      0.1201E-02  0.5536E-06 -0.1961E-01  0.1841E-01   0.000       0.000       0.000       0.000        0.000       0.000       0.000       0.000       0.000       0.000                            0.5536E-06  0.5536E-06   0.000    
  13737600.0   11.16718811   11.2865   0.000       0.000      0.1193E-02  0.7933E-06 -0.1956E-01  0.1837E-01   0.000       0.000       0.000       0.000        0.000       0.000       0.000       0.000       0.000       0.000                            0.7933E-06  0.7933E-06   0.000    
  13824000.0   11.21180232   11.3331   0.000       0.000      0.1213E-02 -0.2582E-05 -0.1977E-01  0.1856E-01   0.000       0.000       0.000       0.000        0.000       0.000       0.000       0.000       0.000       0.000                           -0.2582E-05 -0.2582E-05   0.000    
  13910400.0   11.27597304   11.4004   0.000       0.000      0.1244E-02 -0.3714E-05 -0.2001E-01  0.1877E-01   0.000       0.000       0.000       0.000        0.000       0.000       0.000       0.000       0.000       0.000                           -0.3714E-05 -0.3714E-05   0.000    
  13996800.0   11.27462474   11.3995   0.000       0.000      0.1249E-02  0.7803E-07 -0.1999E-01  0.1874E-01   0.000       0.000       0.000       0.000        0.000       0.000       0.000       0.000       0.000       0.000                            0.7803E-07  0.7803E-07   0.000    
  14083200.0   11.26006588   11.3846   0.000       0.000      0.1246E-02  0.8425E-06 -0.1999E-01  0.1874E-01   0.000       0.000       0.000       0.000        0.000       0.000       0.000       0.000       0.000       0.000                            0.8425E-06  0.8425E-06   0.000    
  14169600.0   11.27479731   11.4002   0.000       0.000      0.1254E-02 -0.8525E-06 -0.2009E-01  0.1884E-01   0.000       0.000       0.000       0.000        0.000       0.000       0.000       0.000       0.000       0.000                           -0.8525E-06 -0.8525E-06   0.000    
  14256000.0   11.28709594   11.4132   0.000       0.000      0.1261E-02 -0.7117E-06 -0.2015E-01  0.1889E-01   0.000       0.000       0.000       0.000        0.000       0.000       0.000       0.000       0.000       0.000                           -0.7117E-06 -0.7117E-06   0.000    
  14342400.0   11.34868241   11.4777   0.000       0.000      0.1290E-02 -0.3564E-05 -0.2042E-01  0.1914E-01   0.000       0.000       0.000       0.000        0.000       0.000       0.000       0.000       0.000       0.000                           -0.3564E-05 -0.3564E-05   0.000    
  14428800.0   11.50716543   11.6434   0.000       0.000      0.1362E-02 -0.9171E-05 -0.2105E-01  0.1969E-01   0.000       0.000       0.000       0.000        0.000       0.000       0.000       0.000       0.000       0.000                           -0.9171E-05 -0.9171E-05   0.000    
  14515200.0   11.50348622   11.6409   0.000       0.000      0.1374E-02  0.2129E-06 -0.2099E-01  0.1962E-01   0.000       0.000       0.000       0.000        0.000       0.000       0.000       0.000       0.000       0.000                            0.2129E-06  0.2129E-06   0.000    
  14601600.0   11.52800528   11.6674   0.000       0.000      0.1394E-02 -0.1419E-05 -0.2123E-01  0.1984E-01   0.000       0.000       0.000       0.000        0.000       0.000       0.000       0.000       0.000       0.000                           -0.1419E-05 -0.1419E-05   0.000    
  14688000.0   11.58090023   11.7231   0.000       0.000      0.1422E-02 -0.3061E-05 -0.2149E-01  0.2007E-01   0.000       0.000       0.000       0.000        0.000       0.000       0.000       0.000       0.000       0.000                           -0.3061E-05 -0.3061E-05   0.000    
  14774400.0   11.60016521   11.7440   0.000       0.000      0.1439E-02 -0.1115E-05 -0.2160E-01  0.2017E-01   0.000       0.000       0.000       0.000        0.000       0.000       0.000       0.000       0.000       0.000                           -0.1115E-05 -0.1115E-05   0.000    
  14860800.0   11.59036348   11.7346   0.000       0.000      0.1442E-02  0.5672E-06 -0.2164E-01  0.2020E-01   0.000       0.000       0.000       0.000        0.000       0.000       0.000       0.000       0.000       0.000                            0.5672E-06  0.5672E-06   0.000    
  14947200.0   11.57674301   11.7209   0.000       0.000      0.1441E-02  0.7882E-06 -0.2167E-01  0.2023E-01   0.000       0.000       0.000       0.000        0.000       0.000       0.000       0.000       0.000       0.000                            0.7882E-06  0.7882E-06   0.000    
  15033600.0   11.55471909   11.6983   0.000       0.000      0.1436E-02  0.1275E-05 -0.2165E-01  0.2021E-01   0.000       0.000       0.000       0.000        0.000       0.000       0.000       0.000       0.000       0.000                            0.1275E-05  0.1275E-05   0.000    
  15120000.0   11.52903721   11.6717   0.000       0.000      0.1426E-02  0.1486E-05 -0.2160E-01  0.2017E-01   0.000       0.000       0.000       0.000        0.000       0.000       0.000       0.000       0.000       0.000                            0.1486E-05  0.1486E-05   0.000    
  15206400.0   11.49944944   11.6408   0.000       0.000      0.1414E-02  0.1712E-05 -0.2153E-01  0.2011E-01   0.000       0.000       0.000       0.000        0.000       0.000       0.000       0.000       0.000       0.000                            0.1712E-05  0.1712E-05   0.000    
  15292800.0   11.46803987   11.6078   0.000       0.000      0.1398E-02  0.1818E-05 -0.2143E-01  0.2003E-01   0.000       0.000       0.000       0.000        0.000       0.000       0.000       0.000       0.000       0.000                            0.1818E-05  0.1818E-05   0.000    
  15379200.0   11.50813624   11.6492   0.000       0.000      0.1410E-02 -0.2320E-05 -0.2161E-01  0.2020E-01   0.000       0.000       0.000       0.000        0.000       0.000       0.000       0.000       0.000       0.000                           -0.2320E-05 -0.2320E-05   0.000    
  15465600.0   11.52725335   11.6690   0.000       0.000      0.1418E-02 -0.1106E-05 -0.2165E-01  0.2024E-01   0.000       0.000       0.000       0.000        0.000       0.000       0.000       0.000       0.000       0.000                           -0.1106E-05 -0.1106E-05   0.000    
  15552000.0   11.51256412   11.6539   0.000       0.000      0.1413E-02  0.8501E-06 -0.2162E-01  0.2020E-01   0.000       0.000       0.000       0.000        0.000       0.000       0.000       0.000       0.000       0.000                            0.8501E-06  0.8501E-06   0.000    
  15638400.0   11.48549774   11.6256   0.000       0.000      0.1401E-02  0.1566E-05 -0.2156E-01  0.2015E-01   0.000       0.000       0.000       0.000        0.000       0.000       0.000       0.000       0.000       0.000                            0.1566E-05  0.1566E-05   0.000    
  15724800.0   11.45681450   11.5955   0.000       0.000      0.1387E-02  0.1660E-05 -0.2148E-01  0.2009E-01   0.000       0.000       0.000       0.000        0.000       0.000       0.000       0.000       0.000       0.000                            0.1660E-05  0.1660E-05   0.000    
  15811200.0   11.42825212   11.5654   0.000       0.000      0.1372E-02  0.1653E-05 -0.2138E-01  0.2001E-01   0.000       0.000       0.000       0.000        0.000       0.000       0.000       0.000       0.000       0.000                            0.1653E-05  0.1653E-05   0.000    
  15897600.0   11.40081098   11.5363   0.000       0.000      0.1355E-02  0.1588E-05 -0.2128E-01  0.1992E-01   0.000       0.000       0.000       0.000        0.000       0.000       0.000       0.000       0.000       0.000                            0.1588E-05  0.1588E-05   0.000    
  15984000.0   11.38124792   11.5154   0.000       0.000      0.1341E-02  0.1132E-05 -0.2120E-01  0.1985E-01   0.000       0.000       0.000       0.000        0.000       0.000       0.000       0.000       0.000       0.000                            0.1132E-05  0.1132E-05   0.000    
  16070400.0   11.35629325   11.4888   0.000       0.000      0.1325E-02  0.1444E-05 -0.2108E-01  0.1976E-01   0.000       0.000       0.000       0.000        0.000       0.000       0.000       0.000       0.000       0.000                            0.1444E-05  0.1444E-05   0.000    
  16156800.0   11.33192471   11.4628   0.000       0.000      0.1309E-02  0.1410E-05 -0.2098E-01  0.1967E-01   0.000       0.000       0.000       0.000        0.000       0.000       0.000       0.000       0.000       0.000                            0.1410E-05  0.1410E-05   0.000    
  16243200.0   11.30800451   11.4372   0.000       0.000      0.1292E-02  0.1384E-05 -0.2087E-01  0.1957E-01   0.000       0.000       0.000       0.000        0.000       0.000       0.000       0.000       0.000       0.000                            0.1384E-05  0.1384E-05   0.000    
  16329600.0   11.28479877   11.4123   0.000       0.000      0.1275E-02  0.1343E-05 -0.2075E-01  0.1948E-01   0.000       0.000       0.000       0.000        0.000       0.000       0.000       0.000       0.000       0.000                            0.1343E-05  0.1343E-05   0.000    
  16416000.0   11.26240227   11.3883   0.000       0.000      0.1259E-02  0.1296E-05 -0.2064E-01  0.1938E-01   0.000       0.000       0.000       0.000        0.000       0.000       0.000       0.000       0.000       0.000                            0.1296E-05  0.1296E-05   0.000    
  16502400.0   11.24072005   11.3650   0.000       0.000      0.1242E-02  0.1255E-05 -0.2053E-01  0.1928E-01   0.000       0.000       0.000       0.000        0.000       0.000       0.000       0.000       0.000       0.000                            0.1255E-05  0.1255E-05   0.000    
  16588800.0   11.21985720   11.3425   0.000       0.000      0.1226E-02  0.1207E-05 -0.2041E-01  0.1918E-01   0.000       0.000       0.000       0.000        0.000       0.000       0.000       0.000       0.000       0.000                            0.1207E-05  0.1207E-05   0.000    
  16675200.0   11.19976946   11.3208   0.000       0.000      0.1210E-02  0.1162E-05 -0.2030E-01  0.1909E-01   0.000       0.000       0.000       0.000        0.000       0.000       0.000       0.000       0.000       0.000                            0.1162E-05  0.1162E-05   0.000    
  16761600.0   11.18409709   11.3038   0.000       0.000      0.1197E-02  0.9070E-06 -0.2020E-01  0.1901E-01   0.000       0.000       0.000       0.000        0.000       0.000       0.000       0.000       0.000       0.000                            0.9070E-06  0.9070E-06   0.000    
  16848000.0   11.17210845   11.2906   0.000       0.000      0.1185E-02  0.6938E-06 -0.2012E-01  0.1893E-01   0.000       0.000       0.000       0.000        0.000       0.000       0.000       0.000       0.000       0.000                            0.6938E-06  0.6938E-06   0.000    
  16934400.0   11.17362465   11.2917   0.000       0.000      0.1181E-02 -0.8774E-07 -0.2010E-01  0.1892E-01   0.000       0.000       0.000       0.000        0.000       0.000       0.000       0.000       0.000       0.000                           -0.8774E-07 -0.8774E-07   0.000    
  17020800.0   11.16825926   11.2857   0.000       0.000      0.1174E-02  0.3105E-06 -0.2004E-01  0.1886E-01   0.000       0.000       0.000       0.000        0.000       0.000       0.000       0.000       0.000       0.000                            0.3105E-06  0.3105E-06   0.000    
  17107200.0   11.15104095   11.2672   0.000       0.000      0.1162E-02  0.9964E-06 -0.1994E-01  0.1878E-01   0.000       0.000       0.000       0.000        0.000       0.000       0.000       0.000       0.000       0.000                            0.9964E-06  0.9964E-06   0.000    
  17193600.0   11.13446758   11.2494   0.000       0.000      0.1150E-02  0.9591E-06 -0.1985E-01  0.1870E-01   0.000       0.000       0.000       0.000        0.000       0.000       0.000       0.000       0.000       0.000                            0.9591E-06  0.9591E-06   0.000    
  17280000.0   11.11766387   11.2313   0.000       0.000      0.1137E-02  0.9724E-06 -0.1975E-01  0.1861E-01   0.000       0.000       0.000       0.000        0.000       0.000       0.000       0.000       0.000       0.000                            0.9724E-06  0.9724E-06   0.000    
  17366400.0   11.10085909   11.2132   0.000       0.000      0.1124E-02  0.9725E-06 -0.1965E-01  0.1852E-01   0.000       0.000       0.000       0.000        0.000       0.000       0.000       0.000       0.000       0.000                            0.9725E-06  0.9725E-06   0.000    
  17452800.0   11.08460143   11.1957   0.000       0.000      0.1111E-02  0.9408E-06 -0.1955E-01  0.1843E-01   0.000       0.000       0.000       0.000        0.000       0.000       0.000       0.000       0.000       0.000                            0.9408E-06  0.9408E-06   0.000    
  17539200.0   11.06875379   11.1786   0.000       0.000      0.1098E-02  0.9171E-06 -0.1945E-01  0.1835E-01   0.000       0.000       0.000       0.000        0.000       0.000       0.000       0.000       0.000       0.000                            0.9171E-06  0.9171E-06   0.000    
  17625600.0   11.05351393   11.1621   0.000       0.000      0.1086E-02  0.8819E-06 -0.1934E-01  0.1826E-01   0.000       0.000       0.000       0.000        0.000       0.000       0.000       0.000       0.000       0.000                            0.8819E-06  0.8819E-06   0.000    
  17712000.0   11.04425484   11.1519   0.000       0.000      0.1076E-02  0.5358E-06 -0.1927E-01  0.1819E-01   0.000       0.000       0.000       0.000        0.000       0.000       0.000       0.000       0.000       0.000                            0.5358E-06  0.5358E-06   0.000    
  17798400.0   11.03037020   11.1369   0.000       0.000      0.1065E-02  0.8035E-06 -0.1917E-01  0.1810E-01   0.000       0.000       0.000       0.000        0.000       0.000       0.000       0.000       0.000       0.000                            0.8035E-06  0.8035E-06   0.000    
  17884800.0   11.01627123   11.1216   0.000       0.000      0.1053E-02  0.8159E-06 -0.1907E-01  0.1802E-01   0.000       0.000       0.000       0.000        0.000       0.000       0.000       0.000       0.000       0.000                            0.8159E-06  0.8159E-06   0.000    
  17971200.0   11.00256444   11.1068   0.000       0.000      0.1042E-02  0.7932E-06 -0.1898E-01  0.1793E-01   0.000       0.000       0.000       0.000        0.000       0.000       0.000       0.000       0.000       0.000                            0.7932E-06  0.7932E-06   0.000    
  18057600.0   10.98938215   11.0925   0.000       0.000      0.1031E-02  0.7629E-06 -0.1888E-01  0.1785E-01   0.000       0.000       0.000       0.000        0.000       0.000       0.000       0.000       0.000       0.000                            0.7629E-06  0.7629E-06   0.000    
  18144000.0   10.97652568   11.0786   0.000       0.000      0.1020E-02  0.7440E-06 -0.1879E-01  0.1777E-01   0.000       0.000       0.000       0.000        0.000       0.000       0.000       0.000       0.000       0.000                            0.7440E-06  0.7440E-06   0.000    
  18230400.0   10.96411220   11.0651   0.000       0.000      0.1010E-02  0.7184E-06 -0.1869E-01  0.1768E-01   0.000       0.000       0.000       0.000        0.000       0.000       0.000       0.000       0.000       0.000                            0.7184E-06  0.7184E-06   0.000    
  18316800.0   10.95201483   11.0519   0.000       0.000      0.9993E-03  0.7001E-06 -0.1860E-01  0.1760E-01   0.000       0.000       0.000       0.000        0.000       0.000       0.000       0.000       0.000       0.000                            0.7001E-06  0.7001E-06   0.000    
  18403200.0   10.94028978   11.0392   0.000       0.000      0.9891E-03  0.6785E-06 -0.1851E-01  0.1752E-01   0.000       0.000       0.000       0.000        0.000       0.000       0.000       0.000       0.000       0.000                            0.6785E-06  0.6785E-06   0.000    
  18489600.0   10.92887828   11.0268   0.000       0.000      0.9793E-03  0.6604E-06 -0.1842E-01  0.1744E-01   0.000       0.000       0.000       0.000        0.000       0.000       0.000       0.000       0.000       0.000                            0.6604E-06  0.6604E-06   0.000    
  18576000.0   10.91776761   11.0147   0.000       0.000      0.9697E-03  0.6430E-06 -0.1833E-01  0.1736E-01   0.000       0.000       0.000       0.000        0.000       0.000       0.000       0.000       0.000       0.000                            0.6430E-06  0.6430E-06   0.000    
  18662400.0   10.90701498   11.0030   0.000       0.000      0.9602E-03  0.6223E-06 -0.1824E-01  0.1728E-01   0.000       0.000       0.000       0.000        0.000       0.000       0.000       0.000       0.000       0.000                            0.6223E-06  0.6223E-06   0.000    
  18748800.0   10.89644031   10.9916   0.000       0.000      0.9513E-03  0.6120E-06 -0.1816E-01  0.1720E-01   0.000       0.000       0.000       0.000        0.000       0.000       0.000       0.000       0.000       0.000                            0.6120E-06  0.6120E-06   0.000    
  18835200.0   10.89715433   10.9921   0.000       0.000      0.9490E-03 -0.4132E-07 -0.1813E-01  0.1718E-01   0.000       0.000       0.000       0.000        0.000       0.000       0.000       0.000       0.000       0.000                           -0.4132E-07 -0.4132E-07   0.000    
  18921600.0   10.88874027   10.9829   0.000       0.000      0.9420E-03  0.4869E-06 -0.1805E-01  0.1710E-01   0.000       0.000       0.000       0.000        0.000       0.000       0.000       0.000       0.000       0.000                            0.4869E-06  0.4869E-06   0.000    
  19008000.0   10.87795628   10.9713   0.000       0.000      0.9338E-03  0.6241E-06 -0.1796E-01  0.1703E-01   0.000       0.000       0.000       0.000        0.000       0.000       0.000       0.000       0.000       0.000                            0.6241E-06  0.6241E-06   0.000    
  19094400.0   10.86762491   10.9602   0.000       0.000      0.9254E-03  0.5979E-06 -0.1788E-01  0.1696E-01   0.000       0.000       0.000       0.000        0.000       0.000       0.000       0.000       0.000       0.000                            0.5979E-06  0.5979E-06   0.000    
  19180800.0   10.85762456   10.9493   0.000       0.000      0.9173E-03  0.5787E-06 -0.1780E-01  0.1688E-01   0.000       0.000       0.000       0.000        0.000       0.000       0.000       0.000       0.000       0.000                            0.5787E-06  0.5787E-06   0.000    
  19267200.0   10.84820641   10.9391   0.000       0.000      0.9093E-03  0.5450E-06 -0.1772E-01  0.1681E-01   0.000       0.000       0.000       0.000        0.000       0.000       0.000       0.000       0.000       0.000                            0.5450E-06  0.5450E-06   0.000    
  19353600.0   10.83880055   10.9289   0.000       0.000      0.9014E-03  0.5443E-06 -0.1764E-01  0.1674E-01   0.000       0.000       0.000       0.000        0.000       0.000       0.000       0.000       0.000       0.000                            0.5443E-06  0.5443E-06   0.000    
  19440000.0   10.82963874   10.9190   0.000       0.000      0.8937E-03  0.5302E-06 -0.1756E-01  0.1667E-01   0.000       0.000       0.000       0.000        0.000       0.000       0.000       0.000       0.000       0.000                            0.5302E-06  0.5302E-06   0.000    
  19526400.0   10.82078217   10.9094   0.000       0.000      0.8860E-03  0.5125E-06 -0.1748E-01  0.1660E-01   0.000       0.000       0.000       0.000        0.000       0.000       0.000       0.000       0.000       0.000                            0.5125E-06  0.5125E-06   0.000    
  19612800.0   10.81205227   10.8999   0.000       0.000      0.8789E-03  0.5052E-06 -0.1741E-01  0.1653E-01   0.000       0.000       0.000       0.000        0.000       0.000       0.000       0.000       0.000       0.000                            0.5052E-06  0.5052E-06   0.000    
  19699200.0   10.80361083   10.8908   0.000       0.000      0.8715E-03  0.4885E-06 -0.1733E-01  0.1646E-01   0.000       0.000       0.000       0.000        0.000       0.000       0.000       0.000       0.000       0.000                            0.4885E-06  0.4885E-06   0.000    
  19785600.0   10.79528809   10.8818   0.000       0.000      0.8646E-03  0.4816E-06 -0.1725E-01  0.1639E-01   0.000       0.000       0.000       0.000        0.000       0.000       0.000       0.000       0.000       0.000                            0.4816E-06  0.4816E-06   0.000    
  19872000.0   10.78722312   10.8730   0.000       0.000      0.8576E-03  0.4667E-06 -0.1718E-01  0.1632E-01   0.000       0.000       0.000       0.000        0.000       0.000       0.000       0.000       0.000       0.000                            0.4667E-06  0.4667E-06   0.000    
  19958400.0   10.78959012   10.8754   0.000       0.000      0.8578E-03 -0.1370E-06 -0.1716E-01  0.1631E-01   0.000       0.000       0.000       0.000        0.000       0.000       0.000       0.000       0.000       0.000                           -0.1370E-06 -0.1370E-06   0.000    
  20044800.0   10.79615218   10.8823   0.000       0.000      0.8615E-03 -0.3797E-06 -0.1717E-01  0.1630E-01   0.000       0.000       0.000       0.000        0.000       0.000       0.000       0.000       0.000       0.000                           -0.3797E-06 -0.3797E-06   0.000    
  20131200.0   10.78637582   10.8719   0.000       0.000      0.8553E-03  0.5658E-06 -0.1708E-01  0.1623E-01   0.000       0.000       0.000       0.000        0.000       0.000       0.000       0.000       0.000       0.000                            0.5658E-06  0.5658E-06   0.000    
  20217600.0   10.78047753   10.8656   0.000       0.000      0.8512E-03  0.3413E-06 -0.1704E-01  0.1618E-01   0.000       0.000       0.000       0.000        0.000       0.000       0.000       0.000       0.000       0.000                            0.3413E-06  0.3413E-06   0.000    
  20304000.0   10.77376941   10.8584   0.000       0.000      0.8463E-03  0.3882E-06 -0.1697E-01  0.1613E-01   0.000       0.000       0.000       0.000        0.000       0.000       0.000       0.000       0.000       0.000                            0.3882E-06  0.3882E-06   0.000    
  20390400.0   10.76511270   10.8491   0.000       0.000      0.8400E-03  0.5010E-06 -0.1690E-01  0.1606E-01   0.000       0.000       0.000       0.000        0.000       0.000       0.000       0.000       0.000       0.000                            0.5010E-06  0.5010E-06   0.000    
  20476800.0   10.75681052   10.8402   0.000       0.000      0.8336E-03  0.4804E-06 -0.1683E-01  0.1600E-01   0.000       0.000       0.000       0.000        0.000       0.000       0.000       0.000       0.000       0.000                            0.4804E-06  0.4804E-06   0.000    
  20563200.0   10.74877501   10.8315   0.000       0.000      0.8274E-03  0.4650E-06 -0.1676E-01  0.1594E-01   0.000       0.000       0.000       0.000        0.000       0.000       0.000       0.000       0.000       0.000                            0.4650E-06  0.4650E-06   0.000    
  20649600.0   10.74103816   10.8231   0.000       0.000      0.8211E-03  0.4477E-06 -0.1669E-01  0.1587E-01   0.000       0.000       0.000       0.000        0.000       0.000       0.000       0.000       0.000       0.000                            0.4477E-06  0.4477E-06   0.000    
  20736000.0   10.73349842   10.8150   0.000       0.000      0.8151E-03  0.4363E-06 -0.1662E-01  0.1581E-01   0.000       0.000       0.000       0.000        0.000       0.000       0.000       0.000       0.000       0.000                            0.4363E-06  0.4363E-06   0.000    
  20822400.0   10.72621733   10.8071   0.000       0.000      0.8090E-03  0.4214E-06 -0.1656E-01  0.1575E-01   0.000       0.000       0.000       0.000        0.000       0.000       0.000       0.000       0.000       0.000                            0.4214E-06  0.4214E-06   0.000    
  20908800.0   10.71908556   10.7994   0.000       0.000      0.8032E-03  0.4127E-06 -0.1649E-01  0.1568E-01   0.000       0.000       0.000       0.000        0.000       0.000       0.000       0.000       0.000       0.000                            0.4127E-06  0.4127E-06   0.000    
  20995200.0   10.71218781   10.7919   0.000       0.000      0.7974E-03  0.3992E-06 -0.1642E-01  0.1562E-01   0.000       0.000       0.000       0.000        0.000       0.000       0.000       0.000       0.000       0.000                            0.3992E-06  0.3992E-06   0.000    
  21081600.0   10.70540383   10.7846   0.000       0.000      0.7919E-03  0.3926E-06 -0.1636E-01  0.1556E-01   0.000       0.000       0.000       0.000        0.000       0.000       0.000       0.000       0.000       0.000                            0.3926E-06  0.3926E-06   0.000    
  21168000.0   10.69883579   10.7775   0.000       0.000      0.7862E-03  0.3801E-06 -0.1629E-01  0.1550E-01   0.000       0.000       0.000       0.000        0.000       0.000       0.000       0.000       0.000       0.000                            0.3801E-06  0.3801E-06   0.000    
  21254400.0   10.69235177   10.7704   0.000       0.000      0.7810E-03  0.3752E-06 -0.1622E-01  0.1544E-01   0.000       0.000       0.000       0.000        0.000       0.000       0.000       0.000       0.000       0.000                            0.3752E-06  0.3752E-06   0.000    
  21340800.0   10.68603586   10.7636   0.000       0.000      0.7756E-03  0.3655E-06 -0.1616E-01  0.1538E-01   0.000       0.000       0.000       0.000        0.000       0.000       0.000       0.000       0.000       0.000                            0.3655E-06  0.3655E-06   0.000    
  21427200.0   10.67986757   10.7569   0.000       0.000      0.7704E-03  0.3570E-06 -0.1610E-01  0.1533E-01   0.000       0.000       0.000       0.000        0.000       0.000       0.000       0.000       0.000       0.000                            0.3570E-06  0.3570E-06   0.000    
  21513600.0   10.67525125   10.7519   0.000       0.000      0.7665E-03  0.2671E-06 -0.1604E-01  0.1528E-01   0.000       0.000       0.000       0.000        0.000       0.000       0.000       0.000       0.000       0.000                            0.2671E-06  0.2671E-06   0.000    
  21600000.0   10.68535944   10.7627   0.000       0.000      0.7735E-03 -0.5850E-06 -0.1608E-01  0.1531E-01   0.000       0.000       0.000       0.000        0.000       0.000       0.000       0.000       0.000       0.000                           -0.5850E-06 -0.5850E-06   0.000    
  21686400.0   10.67770712   10.7546   0.000       0.000      0.7686E-03  0.4428E-06 -0.1600E-01  0.1523E-01   0.000       0.000       0.000       0.000        0.000       0.000       0.000       0.000       0.000       0.000                            0.4428E-06  0.4428E-06   0.000    
  21772800.0   10.67053343   10.7469   0.000       0.000      0.7637E-03  0.4151E-06 -0.1594E-01  0.1518E-01   0.000       0.000       0.000       0.000        0.000       0.000       0.000       0.000       0.000       0.000                            0.4151E-06  0.4151E-06   0.000    
  21859200.0   10.66376911   10.7396   0.000       0.000      0.7587E-03  0.3915E-06 -0.1588E-01  0.1512E-01   0.000       0.000       0.000       0.000        0.000       0.000       0.000       0.000       0.000       0.000                            0.3915E-06  0.3915E-06   0.000    
  21945600.0   10.65737012   10.7327   0.000       0.000      0.7536E-03  0.3703E-06 -0.1582E-01  0.1507E-01   0.000       0.000       0.000       0.000        0.000       0.000       0.000       0.000       0.000       0.000                            0.3703E-06  0.3703E-06   0.000    
  22032000.0   10.65116281   10.7260   0.000       0.000      0.7487E-03  0.3592E-06 -0.1576E-01  0.1501E-01   0.000       0.000       0.000       0.000        0.000       0.000       0.000       0.000       0.000       0.000                            0.3592E-06  0.3592E-06   0.000    
  22118400.0   10.64516888   10.7196   0.000       0.000      0.7439E-03  0.3469E-06 -0.1570E-01  0.1496E-01   0.000       0.000       0.000       0.000        0.000       0.000       0.000       0.000       0.000       0.000                            0.3469E-06  0.3469E-06   0.000    
  22204800.0   10.63938929   10.7133   0.000       0.000      0.7391E-03  0.3345E-06 -0.1564E-01  0.1490E-01   0.000       0.000       0.000       0.000        0.000       0.000       0.000       0.000       0.000       0.000                            0.3345E-06  0.3345E-06   0.000    
  22291200.0   10.63371892   10.7072   0.000       0.000      0.7345E-03  0.3281E-06 -0.1558E-01  0.1485E-01   0.000       0.000       0.000       0.000        0.000       0.000       0.000       0.000       0.000       0.000                            0.3281E-06  0.3281E-06   0.000    
  22377600.0   10.62820243   10.7012   0.000       0.000      0.7299E-03  0.3192E-06 -0.1552E-01  0.1479E-01   0.000       0.000       0.000       0.000        0.000       0.000       0.000       0.000       0.000       0.000                            0.3192E-06  0.3192E-06   0.000    
  22464000.0   10.64055265   10.7145   0.000       0.000      0.7393E-03 -0.7147E-06 -0.1558E-01  0.1484E-01   0.000       0.000       0.000       0.000        0.000       0.000       0.000       0.000       0.000       0.000                           -0.7147E-06 -0.7147E-06   0.000    
  22550400.0   10.63551749   10.7092   0.000       0.000      0.7366E-03  0.2914E-06 -0.1551E-01  0.1478E-01   0.000       0.000       0.000       0.000        0.000       0.000       0.000       0.000       0.000       0.000                            0.2914E-06  0.2914E-06   0.000    
  22636800.0   10.63333793   10.7069   0.000       0.000      0.7358E-03  0.1261E-06 -0.1549E-01  0.1475E-01   0.000       0.000       0.000       0.000        0.000       0.000       0.000       0.000       0.000       0.000                            0.1261E-06  0.1261E-06   0.000    
  22723200.0   10.67870058   10.7558   0.000       0.000      0.7708E-03 -0.2625E-05 -0.1575E-01  0.1499E-01   0.000       0.000       0.000       0.000        0.000       0.000       0.000       0.000       0.000       0.000                           -0.2625E-05 -0.2625E-05   0.000    
  22809600.0   10.67753630   10.7550   0.000       0.000      0.7745E-03  0.6738E-07 -0.1570E-01  0.1493E-01   0.000       0.000       0.000       0.000        0.000       0.000       0.000       0.000       0.000       0.000                            0.6738E-07  0.6738E-07   0.000    
  22896000.0   10.67430527   10.7519   0.000       0.000      0.7756E-03  0.1870E-06 -0.1570E-01  0.1493E-01   0.000       0.000       0.000       0.000        0.000       0.000       0.000       0.000       0.000       0.000                            0.1870E-06  0.1870E-06   0.000    
  22982400.0   10.66999389   10.7475   0.000       0.000      0.7751E-03  0.2495E-06 -0.1568E-01  0.1491E-01   0.000       0.000       0.000       0.000        0.000       0.000       0.000       0.000       0.000       0.000                            0.2495E-06  0.2495E-06   0.000    
  23068800.0   10.66519104   10.7425   0.000       0.000      0.7732E-03  0.2779E-06 -0.1565E-01  0.1488E-01   0.000       0.000       0.000       0.000        0.000       0.000       0.000       0.000       0.000       0.000                            0.2779E-06  0.2779E-06   0.000    
  23155200.0   10.65918526   10.7362   0.000       0.000      0.7702E-03  0.3476E-06 -0.1561E-01  0.1484E-01   0.000       0.000       0.000       0.000        0.000       0.000       0.000       0.000       0.000       0.000                            0.3476E-06  0.3476E-06   0.000    
  23241600.0   10.65275131   10.7294   0.000       0.000      0.7664E-03  0.3723E-06 -0.1556E-01  0.1479E-01   0.000       0.000       0.000       0.000        0.000       0.000       0.000       0.000       0.000       0.000                            0.3723E-06  0.3723E-06   0.000    
  23328000.0   10.64596288   10.7221   0.000       0.000      0.7617E-03  0.3928E-06 -0.1551E-01  0.1475E-01   0.000       0.000       0.000       0.000        0.000       0.000       0.000       0.000       0.000       0.000                            0.3928E-06  0.3928E-06   0.000    
  23414400.0   10.63910290   10.7148   0.000       0.000      0.7569E-03  0.3970E-06 -0.1545E-01  0.1470E-01   0.000       0.000       0.000       0.000        0.000       0.000       0.000       0.000       0.000       0.000                            0.3970E-06  0.3970E-06   0.000    
  23500800.0   10.63254297   10.7077   0.000       0.000      0.7520E-03  0.3796E-06 -0.1540E-01  0.1465E-01   0.000       0.000       0.000       0.000        0.000       0.000       0.000       0.000       0.000       0.000                            0.3796E-06  0.3796E-06   0.000    
  23587200.0   10.62618110   10.7009   0.000       0.000      0.7471E-03  0.3682E-06 -0.1534E-01  0.1460E-01   0.000       0.000       0.000       0.000        0.000       0.000       0.000       0.000       0.000       0.000                            0.3682E-06  0.3682E-06   0.000    
  23673600.0   10.61993299   10.6941   0.000       0.000      0.7419E-03  0.3616E-06 -0.1529E-01  0.1455E-01   0.000       0.000       0.000       0.000        0.000       0.000       0.000       0.000       0.000       0.000                            0.3616E-06  0.3616E-06   0.000    
  23760000.0   10.61364588   10.6873   0.000       0.000      0.7368E-03  0.3638E-06 -0.1523E-01  0.1449E-01   0.000       0.000       0.000       0.000        0.000       0.000       0.000       0.000       0.000       0.000                            0.3638E-06  0.3638E-06   0.000    
  23846400.0   10.60749510   10.6807   0.000       0.000      0.7316E-03  0.3559E-06 -0.1517E-01  0.1444E-01   0.000       0.000       0.000       0.000        0.000       0.000       0.000       0.000       0.000       0.000                            0.3559E-06  0.3559E-06   0.000    
  23932800.0   10.60158335   10.6742   0.000       0.000      0.7265E-03  0.3421E-06 -0.1512E-01  0.1439E-01   0.000       0.000       0.000       0.000        0.000       0.000       0.000       0.000       0.000       0.000                            0.3421E-06  0.3421E-06   0.000    
  24019200.0   10.59586717   10.6680   0.000       0.000      0.7215E-03  0.3308E-06 -0.1506E-01  0.1434E-01   0.000       0.000       0.000       0.000        0.000       0.000       0.000       0.000       0.000       0.000                            0.3308E-06  0.3308E-06   0.000    
  24105600.0   10.59032738   10.6620   0.000       0.000      0.7165E-03  0.3206E-06 -0.1501E-01  0.1429E-01   0.000       0.000       0.000       0.000        0.000       0.000       0.000       0.000       0.000       0.000                            0.3206E-06  0.3206E-06   0.000    
  24192000.0   10.58489984   10.6561   0.000       0.000      0.7116E-03  0.3141E-06 -0.1495E-01  0.1424E-01   0.000       0.000       0.000       0.000        0.000       0.000       0.000       0.000       0.000       0.000                            0.3141E-06  0.3141E-06   0.000    
  24278400.0   10.57955160   10.6502   0.000       0.000      0.7068E-03  0.3095E-06 -0.1490E-01  0.1419E-01   0.000       0.000       0.000       0.000        0.000       0.000       0.000       0.000       0.000       0.000                            0.3095E-06  0.3095E-06   0.000    
  24364800.0   10.57433476   10.6445   0.000       0.000      0.7021E-03  0.3019E-06 -0.1484E-01  0.1414E-01   0.000       0.000       0.000       0.000        0.000       0.000       0.000       0.000       0.000       0.000                            0.3019E-06  0.3019E-06   0.000    
  24451200.0   10.56926447   10.6390   0.000       0.000      0.6974E-03  0.2934E-06 -0.1479E-01  0.1409E-01   0.000       0.000       0.000       0.000        0.000       0.000       0.000       0.000       0.000       0.000                            0.2934E-06  0.2934E-06   0.000    
  24537600.0   10.56433348   10.6336   0.000       0.000      0.6928E-03  0.2854E-06 -0.1473E-01  0.1404E-01   0.000       0.000       0.000       0.000        0.000       0.000       0.000       0.000       0.000       0.000                            0.2854E-06  0.2854E-06   0.000    
  24624000.0   10.55953506   10.6284   0.000       0.000      0.6884E-03  0.2777E-06 -0.1468E-01  0.1399E-01   0.000       0.000       0.000       0.000        0.000       0.000       0.000       0.000       0.000       0.000                            0.2777E-06  0.2777E-06   0.000    
  24710400.0   10.55487226   10.6233   0.000       0.000      0.6839E-03  0.2698E-06 -0.1463E-01  0.1394E-01   0.000       0.000       0.000       0.000        0.000       0.000       0.000       0.000       0.000       0.000                            0.2698E-06  0.2698E-06   0.000    
  24796800.0   10.55028539   10.6183   0.000       0.000      0.6797E-03  0.2654E-06 -0.1457E-01  0.1389E-01   0.000       0.000       0.000       0.000        0.000       0.000       0.000       0.000       0.000       0.000                            0.2654E-06  0.2654E-06   0.000    
  24883200.0   10.54602407   10.6136   0.000       0.000      0.6757E-03  0.2466E-06 -0.1452E-01  0.1385E-01   0.000       0.000       0.000       0.000        0.000       0.000       0.000       0.000       0.000       0.000                            0.2466E-06  0.2466E-06   0.000    
  24969600.0   10.54633596   10.6139   0.000       0.000      0.6757E-03 -0.1805E-07 -0.1450E-01  0.1383E-01   0.000       0.000       0.000       0.000        0.000       0.000       0.000       0.000       0.000       0.000                           -0.1805E-07 -0.1805E-07   0.000    
  25056000.0   10.54164881   10.6088   0.000       0.000      0.6718E-03  0.2712E-06 -0.1445E-01  0.1378E-01   0.000       0.000       0.000       0.000        0.000       0.000       0.000       0.000       0.000       0.000                            0.2712E-06  0.2712E-06   0.000    
  25142400.0   10.53709876   10.6039   0.000       0.000      0.6679E-03  0.2633E-06 -0.1440E-01  0.1373E-01   0.000       0.000       0.000       0.000        0.000       0.000       0.000       0.000       0.000       0.000                            0.2633E-06  0.2633E-06   0.000    
  25228800.0   10.54167920   10.6089   0.000       0.000      0.6719E-03 -0.2651E-06 -0.1441E-01  0.1374E-01   0.000       0.000       0.000       0.000        0.000       0.000       0.000       0.000       0.000       0.000                           -0.2651E-06 -0.2651E-06   0.000    
  25315200.0   10.53743935   10.6043   0.000       0.000      0.6688E-03  0.2454E-06 -0.1436E-01  0.1369E-01   0.000       0.000       0.000       0.000        0.000       0.000       0.000       0.000       0.000       0.000                            0.2454E-06  0.2454E-06   0.000    
  25401600.0   10.53800582   10.6050   0.000       0.000      0.6698E-03 -0.3278E-07 -0.1435E-01  0.1368E-01   0.000       0.000       0.000       0.000        0.000       0.000       0.000       0.000       0.000       0.000                           -0.3278E-07 -0.3278E-07   0.000    
  25488000.0   10.53813737   10.6052   0.000       0.000      0.6706E-03 -0.7613E-08 -0.1433E-01  0.1366E-01   0.000       0.000       0.000       0.000        0.000       0.000       0.000       0.000       0.000       0.000                           -0.7613E-08 -0.7613E-08   0.000    
  25574400.0   10.54119479   10.6086   0.000       0.000      0.6741E-03 -0.1769E-06 -0.1434E-01  0.1366E-01   0.000       0.000       0.000       0.000        0.000       0.000       0.000       0.000       0.000       0.000                           -0.1769E-06 -0.1769E-06   0.000    
  25660800.0   10.53748667   10.6047   0.000       0.000      0.6721E-03  0.2146E-06 -0.1430E-01  0.1362E-01   0.000       0.000       0.000       0.000        0.000       0.000       0.000       0.000       0.000       0.000                            0.2146E-06  0.2146E-06   0.000    
  25747200.0   10.54431846   10.6122   0.000       0.000      0.6789E-03 -0.3954E-06 -0.1433E-01  0.1366E-01   0.000       0.000       0.000       0.000        0.000       0.000       0.000       0.000       0.000       0.000                           -0.3954E-06 -0.3954E-06   0.000    
  25833600.0   10.58233848   10.6536   0.000       0.000      0.7128E-03 -0.2200E-05 -0.1457E-01  0.1386E-01   0.000       0.000       0.000       0.000        0.000       0.000       0.000       0.000       0.000       0.000                           -0.2200E-05 -0.2200E-05   0.000    
  25920000.0   10.63349254   10.7093   0.000       0.000      0.7584E-03 -0.2960E-05 -0.1488E-01  0.1412E-01   0.000       0.000       0.000       0.000        0.000       0.000       0.000       0.000       0.000       0.000                           -0.2960E-05 -0.2960E-05   0.000    
  26006400.0   10.68529634   10.7658   0.000       0.000      0.8053E-03 -0.2998E-05 -0.1519E-01  0.1438E-01   0.000       0.000       0.000       0.000        0.000       0.000       0.000       0.000       0.000       0.000                           -0.2998E-05 -0.2998E-05   0.000    
  26092800.0   10.69970311   10.7823   0.000       0.000      0.8260E-03 -0.8337E-06 -0.1529E-01  0.1447E-01   0.000       0.000       0.000       0.000        0.000       0.000       0.000       0.000       0.000       0.000                           -0.8337E-06 -0.8337E-06   0.000    
  26179200.0   10.69532232   10.7785   0.000       0.000      0.8316E-03  0.2535E-06 -0.1532E-01  0.1449E-01   0.000       0.000       0.000       0.000        0.000       0.000       0.000       0.000       0.000       0.000                            0.2535E-06  0.2535E-06   0.000    
  26265600.0   10.68701137   10.7702   0.000       0.000      0.8315E-03  0.4810E-06 -0.1532E-01  0.1449E-01   0.000       0.000       0.000       0.000        0.000       0.000       0.000       0.000       0.000       0.000                            0.4810E-06  0.4810E-06   0.000    
  26352000.0   10.67755872   10.7604   0.000       0.000      0.8286E-03  0.5470E-06 -0.1530E-01  0.1447E-01   0.000       0.000       0.000       0.000        0.000       0.000       0.000       0.000       0.000       0.000                            0.5470E-06  0.5470E-06   0.000    
  26438400.0   10.66791076   10.7503   0.000       0.000      0.8242E-03  0.5583E-06 -0.1526E-01  0.1444E-01   0.000       0.000       0.000       0.000        0.000       0.000       0.000       0.000       0.000       0.000                            0.5583E-06  0.5583E-06   0.000    
  26524800.0   10.65830559   10.7402   0.000       0.000      0.8187E-03  0.5559E-06 -0.1522E-01  0.1440E-01   0.000       0.000       0.000       0.000        0.000       0.000       0.000       0.000       0.000       0.000                            0.5559E-06  0.5559E-06   0.000    
  26611200.0   10.64850899   10.7297   0.000       0.000      0.8122E-03  0.5669E-06 -0.1517E-01  0.1436E-01   0.000       0.000       0.000       0.000        0.000       0.000       0.000       0.000       0.000       0.000                            0.5669E-06  0.5669E-06   0.000    
  26697600.0   10.63923535   10.7198   0.000       0.000      0.8055E-03  0.5367E-06 -0.1512E-01  0.1431E-01   0.000       0.000       0.000       0.000        0.000       0.000       0.000       0.000       0.000       0.000                            0.5367E-06  0.5367E-06   0.000    
  26784000.0   10.63031311   10.7102   0.000       0.000      0.7985E-03  0.5163E-06 -0.1506E-01  0.1426E-01   0.000       0.000       0.000       0.000        0.000       0.000       0.000       0.000       0.000       0.000                            0.5163E-06  0.5163E-06   0.000    
  26870400.0   10.65819535   10.7402   0.000       0.000      0.8196E-03 -0.1614E-05 -0.1523E-01  0.1441E-01   0.000       0.000       0.000       0.000        0.000       0.000       0.000       0.000       0.000       0.000                           -0.1614E-05 -0.1614E-05   0.000    
  26956800.0   10.67614886   10.7597   0.000       0.000      0.8353E-03 -0.1039E-05 -0.1532E-01  0.1448E-01   0.000       0.000       0.000       0.000        0.000       0.000       0.000       0.000       0.000       0.000                           -0.1039E-05 -0.1039E-05   0.000    
  27043200.0   10.69330689   10.7784   0.000       0.000      0.8514E-03 -0.9929E-06 -0.1543E-01  0.1458E-01   0.000       0.000       0.000       0.000        0.000       0.000       0.000       0.000       0.000       0.000                           -0.9929E-06 -0.9929E-06   0.000    
  27129600.0   10.69907967   10.7850   0.000       0.000      0.8594E-03 -0.3341E-06 -0.1547E-01  0.1461E-01   0.000       0.000       0.000       0.000        0.000       0.000       0.000       0.000       0.000       0.000                           -0.3341E-06 -0.3341E-06   0.000    
  27216000.0   10.70901545   10.7960   0.000       0.000      0.8700E-03 -0.5750E-06 -0.1555E-01  0.1468E-01   0.000       0.000       0.000       0.000        0.000       0.000       0.000       0.000       0.000       0.000                           -0.5750E-06 -0.5750E-06   0.000    
  27302400.0   10.73326093   10.8223   0.000       0.000      0.8905E-03 -0.1403E-05 -0.1571E-01  0.1482E-01   0.000       0.000       0.000       0.000        0.000       0.000       0.000       0.000       0.000       0.000                           -0.1403E-05 -0.1403E-05   0.000    
  27388800.0   10.78075271   10.8735   0.000       0.000      0.9273E-03 -0.2748E-05 -0.1599E-01  0.1506E-01   0.000       0.000       0.000       0.000        0.000       0.000       0.000       0.000       0.000       0.000                           -0.2748E-05 -0.2748E-05   0.000    
  27475200.0   10.82262557   10.9188   0.000       0.000      0.9617E-03 -0.2423E-05 -0.1622E-01  0.1526E-01   0.000       0.000       0.000       0.000        0.000       0.000       0.000       0.000       0.000       0.000                           -0.2423E-05 -0.2423E-05   0.000    
  27561600.0   10.82079380   10.9177   0.000       0.000      0.9691E-03  0.1060E-06 -0.1625E-01  0.1528E-01   0.000       0.000       0.000       0.000        0.000       0.000       0.000       0.000       0.000       0.000                            0.1060E-06  0.1060E-06   0.000    
  27648000.0   10.81200789   10.9089   0.000       0.000      0.9694E-03  0.5084E-06 -0.1627E-01  0.1530E-01   0.000       0.000       0.000       0.000        0.000       0.000       0.000       0.000       0.000       0.000                            0.5084E-06  0.5084E-06   0.000    
  27734400.0   10.79951479   10.8960   0.000       0.000      0.9647E-03  0.7230E-06 -0.1625E-01  0.1528E-01   0.000       0.000       0.000       0.000        0.000       0.000       0.000       0.000       0.000       0.000                            0.7230E-06  0.7230E-06   0.000    
  27820800.0   10.78841120   10.8843   0.000       0.000      0.9594E-03  0.6426E-06 -0.1622E-01  0.1526E-01   0.000       0.000       0.000       0.000        0.000       0.000       0.000       0.000       0.000       0.000                            0.6426E-06  0.6426E-06   0.000    
  27907200.0   10.77973786   10.8752   0.000       0.000      0.9545E-03  0.5019E-06 -0.1620E-01  0.1524E-01   0.000       0.000       0.000       0.000        0.000       0.000       0.000       0.000       0.000       0.000                            0.5019E-06  0.5019E-06   0.000    
  27993600.0   10.80020021   10.8970   0.000       0.000      0.9680E-03 -0.1184E-05 -0.1632E-01  0.1536E-01   0.000       0.000       0.000       0.000        0.000       0.000       0.000       0.000       0.000       0.000                           -0.1184E-05 -0.1184E-05   0.000    
  28080000.0   10.83138590   10.9304   0.000       0.000      0.9901E-03 -0.1805E-05 -0.1649E-01  0.1550E-01   0.000       0.000       0.000       0.000        0.000       0.000       0.000       0.000       0.000       0.000                           -0.1805E-05 -0.1805E-05   0.000    
  28166400.0   10.84818907   10.9487   0.000       0.000      0.1005E-02 -0.9724E-06 -0.1659E-01  0.1558E-01   0.000       0.000       0.000       0.000        0.000       0.000       0.000       0.000       0.000       0.000                           -0.9724E-06 -0.9724E-06   0.000    
  28252800.0   10.84159302   10.9421   0.000       0.000      0.1005E-02  0.3817E-06 -0.1659E-01  0.1558E-01   0.000       0.000       0.000       0.000        0.000       0.000       0.000       0.000       0.000       0.000                            0.3817E-06  0.3817E-06   0.000    
  28339200.0   10.82999765   10.9300   0.000       0.000      0.9999E-03  0.6710E-06 -0.1657E-01  0.1557E-01   0.000       0.000       0.000       0.000        0.000       0.000       0.000       0.000       0.000       0.000                            0.6710E-06  0.6710E-06   0.000    
  28425600.0   10.81685247   10.9161   0.000       0.000      0.9922E-03  0.7607E-06 -0.1653E-01  0.1553E-01   0.000       0.000       0.000       0.000        0.000       0.000       0.000       0.000       0.000       0.000                            0.7607E-06  0.7607E-06   0.000    
  28512000.0   10.80333891   10.9016   0.000       0.000      0.9829E-03  0.7820E-06 -0.1647E-01  0.1549E-01   0.000       0.000       0.000       0.000        0.000       0.000       0.000       0.000       0.000       0.000                            0.7820E-06  0.7820E-06   0.000    
  28598400.0   10.78987214   10.8872   0.000       0.000      0.9729E-03  0.7793E-06 -0.1641E-01  0.1544E-01   0.000       0.000       0.000       0.000        0.000       0.000       0.000       0.000       0.000       0.000                            0.7793E-06  0.7793E-06   0.000    
  28684800.0   10.77670414   10.8729   0.000       0.000      0.9623E-03  0.7620E-06 -0.1634E-01  0.1538E-01   0.000       0.000       0.000       0.000        0.000       0.000       0.000       0.000       0.000       0.000                            0.7620E-06  0.7620E-06   0.000    
  28771200.0   10.76391208   10.8591   0.000       0.000      0.9514E-03  0.7403E-06 -0.1628E-01  0.1532E-01   0.000       0.000       0.000       0.000        0.000       0.000       0.000       0.000       0.000       0.000                            0.7403E-06  0.7403E-06   0.000    
  28857600.0   10.75156139   10.8456   0.000       0.000      0.9404E-03  0.7147E-06 -0.1620E-01  0.1526E-01   0.000       0.000       0.000       0.000        0.000       0.000       0.000       0.000       0.000       0.000                            0.7147E-06  0.7147E-06   0.000    
  28944000.0   10.73953853   10.8325   0.000       0.000      0.9291E-03  0.6958E-06 -0.1613E-01  0.1520E-01   0.000       0.000       0.000       0.000        0.000       0.000       0.000       0.000       0.000       0.000                            0.6958E-06  0.6958E-06   0.000    
  29030400.0   10.72781189   10.8196   0.000       0.000      0.9178E-03  0.6786E-06 -0.1605E-01  0.1514E-01   0.000       0.000       0.000       0.000        0.000       0.000       0.000       0.000       0.000       0.000                            0.6786E-06  0.6786E-06   0.000    
  29116800.0   10.71652582   10.8072   0.000       0.000      0.9065E-03  0.6531E-06 -0.1598E-01  0.1507E-01   0.000       0.000       0.000       0.000        0.000       0.000       0.000       0.000       0.000       0.000                            0.6531E-06  0.6531E-06   0.000    
  29203200.0   10.70546116   10.7950   0.000       0.000      0.8953E-03  0.6403E-06 -0.1590E-01  0.1500E-01   0.000       0.000       0.000       0.000        0.000       0.000       0.000       0.000       0.000       0.000                            0.6403E-06  0.6403E-06   0.000    
  29289600.0   10.69483351   10.7833   0.000       0.000      0.8843E-03  0.6150E-06 -0.1582E-01  0.1494E-01   0.000       0.000       0.000       0.000        0.000       0.000       0.000       0.000       0.000       0.000                            0.6150E-06  0.6150E-06   0.000    
  29376000.0   10.68468900   10.7720   0.000       0.000      0.8735E-03  0.5871E-06 -0.1575E-01  0.1487E-01   0.000       0.000       0.000       0.000        0.000       0.000       0.000       0.000       0.000       0.000                            0.5871E-06  0.5871E-06   0.000    
  29462400.0   10.67501988   10.7613   0.000       0.000      0.8629E-03  0.5596E-06 -0.1567E-01  0.1481E-01   0.000       0.000       0.000       0.000        0.000       0.000       0.000       0.000       0.000       0.000                            0.5596E-06  0.5596E-06   0.000    
  29548800.0   10.66569316   10.7510   0.000       0.000      0.8527E-03  0.5397E-06 -0.1560E-01  0.1474E-01   0.000       0.000       0.000       0.000        0.000       0.000       0.000       0.000       0.000       0.000                            0.5397E-06  0.5397E-06   0.000    
  29635200.0   10.65668108   10.7409   0.000       0.000      0.8426E-03  0.5215E-06 -0.1552E-01  0.1468E-01   0.000       0.000       0.000       0.000        0.000       0.000       0.000       0.000       0.000       0.000                            0.5215E-06  0.5215E-06   0.000    
  29721600.0   10.64799057   10.7313   0.000       0.000      0.8328E-03  0.5029E-06 -0.1545E-01  0.1461E-01   0.000       0.000       0.000       0.000        0.000       0.000       0.000       0.000       0.000       0.000                            0.5029E-06  0.5029E-06   0.000    
  29808000.0   10.63952032   10.7218   0.000       0.000      0.8232E-03  0.4902E-06 -0.1537E-01  0.1455E-01   0.000       0.000       0.000       0.000        0.000       0.000       0.000       0.000       0.000       0.000                            0.4902E-06  0.4902E-06   0.000    
  29894400.0   10.63130563   10.7127   0.000       0.000      0.8138E-03  0.4754E-06 -0.1530E-01  0.1449E-01   0.000       0.000       0.000       0.000        0.000       0.000       0.000       0.000       0.000       0.000                            0.4754E-06  0.4754E-06   0.000    
  29980800.0   10.62333468   10.7038   0.000       0.000      0.8046E-03  0.4613E-06 -0.1523E-01  0.1442E-01   0.000       0.000       0.000       0.000        0.000       0.000       0.000       0.000       0.000       0.000                            0.4613E-06  0.4613E-06   0.000    
  30067200.0   10.61567267   10.6952   0.000       0.000      0.7956E-03  0.4434E-06 -0.1516E-01  0.1436E-01   0.000       0.000       0.000       0.000        0.000       0.000       0.000       0.000       0.000       0.000                            0.4434E-06  0.4434E-06   0.000    
  30153600.0   10.60828099   10.6870   0.000       0.000      0.7870E-03  0.4278E-06 -0.1509E-01  0.1430E-01   0.000       0.000       0.000       0.000        0.000       0.000       0.000       0.000       0.000       0.000                            0.4278E-06  0.4278E-06   0.000    
  30240000.0   10.60114943   10.6790   0.000       0.000      0.7786E-03  0.4127E-06 -0.1502E-01  0.1424E-01   0.000       0.000       0.000       0.000        0.000       0.000       0.000       0.000       0.000       0.000                            0.4127E-06  0.4127E-06   0.000    
  30326400.0   10.59422625   10.6713   0.000       0.000      0.7704E-03  0.4006E-06 -0.1495E-01  0.1418E-01   0.000       0.000       0.000       0.000        0.000       0.000       0.000       0.000       0.000       0.000                            0.4006E-06  0.4006E-06   0.000    
  30412800.0   10.58751472   10.6638   0.000       0.000      0.7624E-03  0.3884E-06 -0.1488E-01  0.1412E-01   0.000       0.000       0.000       0.000        0.000       0.000       0.000       0.000       0.000       0.000                            0.3884E-06  0.3884E-06   0.000    
  30499200.0   10.58102209   10.6565   0.000       0.000      0.7547E-03  0.3757E-06 -0.1481E-01  0.1406E-01   0.000       0.000       0.000       0.000        0.000       0.000       0.000       0.000       0.000       0.000                            0.3757E-06  0.3757E-06   0.000    
  30585600.0   10.57472421   10.6494   0.000       0.000      0.7473E-03  0.3645E-06 -0.1474E-01  0.1400E-01   0.000       0.000       0.000       0.000        0.000       0.000       0.000       0.000       0.000       0.000                            0.3645E-06  0.3645E-06   0.000    
  30672000.0   10.56862145   10.6426   0.000       0.000      0.7400E-03  0.3532E-06 -0.1468E-01  0.1394E-01   0.000       0.000       0.000       0.000        0.000       0.000       0.000       0.000       0.000       0.000                            0.3532E-06  0.3532E-06   0.000    
  30758400.0   10.56270254   10.6360   0.000       0.000      0.7330E-03  0.3425E-06 -0.1462E-01  0.1388E-01   0.000       0.000       0.000       0.000        0.000       0.000       0.000       0.000       0.000       0.000                            0.3425E-06  0.3425E-06   0.000    
  30844800.0   10.55695671   10.6296   0.000       0.000      0.7261E-03  0.3325E-06 -0.1455E-01  0.1383E-01   0.000       0.000       0.000       0.000        0.000       0.000       0.000       0.000       0.000       0.000                            0.3325E-06  0.3325E-06   0.000    
  30931200.0   10.55136396   10.6233   0.000       0.000      0.7195E-03  0.3237E-06 -0.1449E-01  0.1377E-01   0.000       0.000       0.000       0.000        0.000       0.000       0.000       0.000       0.000       0.000                            0.3237E-06  0.3237E-06   0.000    
  31017600.0   10.54591843   10.6172   0.000       0.000      0.7131E-03  0.3151E-06 -0.1443E-01  0.1371E-01   0.000       0.000       0.000       0.000        0.000       0.000       0.000       0.000       0.000       0.000                            0.3151E-06  0.3151E-06   0.000    
  31104000.0   10.54062424   10.6113   0.000       0.000      0.7068E-03  0.3064E-06 -0.1437E-01  0.1366E-01   0.000       0.000       0.000       0.000        0.000       0.000       0.000       0.000       0.000       0.000                            0.3064E-06  0.3064E-06   0.000    
  31190400.0   10.53547350   10.6055   0.000       0.000      0.7007E-03  0.2981E-06 -0.1431E-01  0.1360E-01   0.000       0.000       0.000       0.000        0.000       0.000       0.000       0.000       0.000       0.000                            0.2981E-06  0.2981E-06   0.000    
  31276800.0   10.53127087   10.6008   0.000       0.000      0.6956E-03  0.2432E-06 -0.1425E-01  0.1356E-01   0.000       0.000       0.000       0.000        0.000       0.000       0.000       0.000       0.000       0.000                            0.2432E-06  0.2432E-06   0.000    
  31363200.0   10.52628684   10.5953   0.000       0.000      0.6899E-03  0.2884E-06 -0.1419E-01  0.1350E-01   0.000       0.000       0.000       0.000        0.000       0.000       0.000       0.000       0.000       0.000                            0.2884E-06  0.2884E-06   0.000    
  31449600.0   10.52144582   10.5899   0.000       0.000      0.6844E-03  0.2802E-06 -0.1413E-01  0.1345E-01   0.000       0.000       0.000       0.000        0.000       0.000       0.000       0.000       0.000       0.000                            0.2802E-06  0.2802E-06   0.000    
  31536000.0   10.51673305   10.5846   0.000       0.000      0.6789E-03  0.2727E-06 -0.1408E-01  0.1340E-01   0.000       0.000       0.000       0.000        0.000       0.000       0.000       0.000       0.000       0.000                            0.2727E-06  0.2727E-06   0.000    
  31622400.0   10.51172836   10.5791   0.000       0.000      0.6733E-03  0.2896E-06 -0.1402E-01  0.1334E-01   0.000       0.000       0.000       0.000        0.000       0.000       0.000       0.000       0.000       0.000                            0.2896E-06  0.2896E-06   0.000    
