   TOTIM (T)          HCON      HMAT     QDIR      QWELL        QMAT QCADS<->CON       QTUB1       QTUB2       QTUB3       QTUB4       QTUB5       QTUB6       NSTOR        QFIX        QLH     FHLQ (LQ)      CAUCHY CAUCHY (LQ) BREAK-DOWN CADS FLOW  QCADS<->CON    Q_CDSSTO    Q_CDSRCH
     86400.0   10.79805999   10.9154   0.000       0.000      0.1174E-02   0.000     -0.3005E-01  0.2888E-01   0.000       0.000       0.000       0.000        0.000       0.000       0.000       0.000       0.000       0.000                             0.000       0.000       0.000    
    172800.0   10.78046591   10.8967   0.000       0.000      0.1162E-02  0.1018E-05 -0.2985E-01  0.2868E-01   0.000       0.000       0.000       0.000        0.000       0.000       0.000       0.000       0.000       0.000                            0.1018E-05  0.1018E-05   0.000    
    259200.0   10.78081634   10.8969   0.000       0.000      0.1161E-02 -0.2028E-07 -0.2984E-01  0.2868E-01   0.000       0.000       0.000       0.000        0.000       0.000       0.000       0.000       0.000       0.000                           -0.2028E-07 -0.2028E-07   0.000    
    345600.0   10.77921576   10.8952   0.000       0.000      0.1159E-02  0.9263E-07 -0.2980E-01  0.2864E-01   0.000       0.000       0.000       0.000        0.000       0.000       0.000       0.000       0.000       0.000                            0.9263E-07  0.9263E-07   0.000    
    432000.0   10.79096287   10.9076   0.000       0.000      0.1167E-02 -0.6798E-06 -0.2992E-01  0.2876E-01   0.000       0.000       0.000       0.000        0.000       0.000       0.000       0.000       0.000       0.000                           -0.6798E-06 -0.6798E-06   0.000    
    518400.0   10.79794202   10.9151   0.000       0.000      0.1172E-02 -0.4039E-06 -0.3000E-01  0.2883E-01   0.000       0.000       0.000       0.000        0.000       0.000       0.000       0.000       0.000       0.000                           -0.4039E-06 -0.4039E-06   0.000    
    604800.0   10.79998769   10.9174   0.000       0.000      0.1174E-02 -0.1184E-06 -0.3004E-01  0.2886E-01   0.000       0.000       0.000       0.000        0.000       0.000       0.000       0.000       0.000       0.000                           -0.1184E-06 -0.1184E-06   0.000    
    691200.0   10.81799958   10.9366   0.000       0.000      0.1186E-02 -0.1042E-05 -0.3026E-01  0.2907E-01   0.000       0.000       0.000       0.000        0.000       0.000       0.000       0.000       0.000       0.000                           -0.1042E-05 -0.1042E-05   0.000    
    777600.0   10.86698041   10.9888   0.000       0.000      0.1218E-02 -0.2835E-05 -0.3082E-01  0.2961E-01   0.000       0.000       0.000       0.000        0.000       0.000       0.000       0.000       0.000       0.000                           -0.2835E-05 -0.2835E-05   0.000    
    864000.0   10.93914583   11.0657   0.000       0.000      0.1266E-02 -0.4176E-05 -0.3166E-01  0.3040E-01   0.000       0.000       0.000       0.000        0.000       0.000       0.000       0.000       0.000       0.000                           -0.4176E-05 -0.4176E-05   0.000    
    950400.0   10.97168363   11.1008   0.000       0.000      0.1291E-02 -0.1883E-05 -0.3212E-01  0.3083E-01   0.000       0.000       0.000       0.000        0.000       0.000       0.000       0.000       0.000       0.000                           -0.1883E-05 -0.1883E-05   0.000    
   1036800.0   11.05014293   11.1842   0.000       0.000      0.1340E-02 -0.4540E-05 -0.3304E-01  0.3171E-01   0.000       0.000       0.000       0.000        0.000       0.000       0.000       0.000       0.000       0.000                           -0.4540E-05 -0.4540E-05   0.000    
   1123200.0   11.19140750   11.3334   0.000       0.000      0.1420E-02 -0.8175E-05 -0.3450E-01  0.3309E-01   0.000       0.000       0.000       0.000        0.000       0.000       0.000       0.000       0.000       0.000                           -0.8175E-05 -0.8175E-05   0.000    
   1209600.0   11.17413335   11.3166   0.000       0.000      0.1425E-02  0.9997E-06 -0.3461E-01  0.3318E-01   0.000       0.000       0.000       0.000        0.000       0.000       0.000       0.000       0.000       0.000                            0.9997E-06  0.9997E-06   0.000    
   1296000.0   11.15326881   11.2955   0.000       0.000      0.1422E-02  0.1207E-05 -0.3468E-01  0.3326E-01   0.000       0.000       0.000       0.000        0.000       0.000       0.000       0.000       0.000       0.000                            0.1207E-05  0.1207E-05   0.000    
   1382400.0   11.13222282   11.2737   0.000       0.000      0.1415E-02  0.1218E-05 -0.3462E-01  0.3321E-01   0.000       0.000       0.000       0.000        0.000       0.000       0.000       0.000       0.000       0.000                            0.1218E-05  0.1218E-05   0.000    
   1468800.0   11.11135144   11.2518   0.000       0.000      0.1405E-02  0.1208E-05 -0.3451E-01  0.3311E-01   0.000       0.000       0.000       0.000        0.000       0.000       0.000       0.000       0.000       0.000                            0.1208E-05  0.1208E-05   0.000    
   1555200.0   11.08898944   11.2282   0.000       0.000      0.1392E-02  0.1294E-05 -0.3434E-01  0.3295E-01   0.000       0.000       0.000       0.000        0.000       0.000       0.000       0.000       0.000       0.000                            0.1294E-05  0.1294E-05   0.000    
   1641600.0   11.06653059   11.2043   0.000       0.000      0.1378E-02  0.1300E-05 -0.3415E-01  0.3277E-01   0.000       0.000       0.000       0.000        0.000       0.000       0.000       0.000       0.000       0.000                            0.1300E-05  0.1300E-05   0.000    
   1728000.0   11.04749740   11.1840   0.000       0.000      0.1365E-02  0.1101E-05 -0.3396E-01  0.3259E-01   0.000       0.000       0.000       0.000        0.000       0.000       0.000       0.000       0.000       0.000                            0.1101E-05  0.1101E-05   0.000    
   1814400.0   11.03073727   11.1661   0.000       0.000      0.1353E-02  0.9699E-06 -0.3378E-01  0.3243E-01   0.000       0.000       0.000       0.000        0.000       0.000       0.000       0.000       0.000       0.000                            0.9699E-06  0.9699E-06   0.000    
   1900800.0   11.01205245   11.1460   0.000       0.000      0.1340E-02  0.1081E-05 -0.3357E-01  0.3223E-01   0.000       0.000       0.000       0.000        0.000       0.000       0.000       0.000       0.000       0.000                            0.1081E-05  0.1081E-05   0.000    
   1987200.0   10.99485587   11.1276   0.000       0.000      0.1327E-02  0.9952E-06 -0.3337E-01  0.3204E-01   0.000       0.000       0.000       0.000        0.000       0.000       0.000       0.000       0.000       0.000                            0.9952E-06  0.9952E-06   0.000    
   2073600.0   10.98068775   11.1123   0.000       0.000      0.1316E-02  0.8199E-06 -0.3319E-01  0.3187E-01   0.000       0.000       0.000       0.000        0.000       0.000       0.000       0.000       0.000       0.000                            0.8199E-06  0.8199E-06   0.000    
   2160000.0   10.96427189   11.0946   0.000       0.000      0.1304E-02  0.9500E-06 -0.3298E-01  0.3167E-01   0.000       0.000       0.000       0.000        0.000       0.000       0.000       0.000       0.000       0.000                            0.9500E-06  0.9500E-06   0.000    
   2246400.0   10.94804361   11.0772   0.000       0.000      0.1291E-02  0.9391E-06 -0.3277E-01  0.3148E-01   0.000       0.000       0.000       0.000        0.000       0.000       0.000       0.000       0.000       0.000                            0.9391E-06  0.9391E-06   0.000    
   2332800.0   10.93225304   11.0601   0.000       0.000      0.1279E-02  0.9138E-06 -0.3255E-01  0.3127E-01   0.000       0.000       0.000       0.000        0.000       0.000       0.000       0.000       0.000       0.000                            0.9138E-06  0.9138E-06   0.000    
   2419200.0   10.91685272   11.0435   0.000       0.000      0.1267E-02  0.8912E-06 -0.3234E-01  0.3107E-01   0.000       0.000       0.000       0.000        0.000       0.000       0.000       0.000       0.000       0.000                            0.8912E-06  0.8912E-06   0.000    
   2505600.0   10.90991008   11.0359   0.000       0.000      0.1260E-02  0.4018E-06 -0.3221E-01  0.3095E-01   0.000       0.000       0.000       0.000        0.000       0.000       0.000       0.000       0.000       0.000                            0.4018E-06  0.4018E-06   0.000    
   2592000.0   10.89975698   11.0249   0.000       0.000      0.1251E-02  0.5876E-06 -0.3205E-01  0.3080E-01   0.000       0.000       0.000       0.000        0.000       0.000       0.000       0.000       0.000       0.000                            0.5876E-06  0.5876E-06   0.000    
   2678400.0   10.91876191   11.0448   0.000       0.000      0.1260E-02 -0.1100E-05 -0.3220E-01  0.3094E-01   0.000       0.000       0.000       0.000        0.000       0.000       0.000       0.000       0.000       0.000                           -0.1100E-05 -0.1100E-05   0.000    
   2764800.0   10.99441874   11.1247   0.000       0.000      0.1303E-02 -0.4378E-05 -0.3295E-01  0.3165E-01   0.000       0.000       0.000       0.000        0.000       0.000       0.000       0.000       0.000       0.000                           -0.4378E-05 -0.4378E-05   0.000    
   2851200.0   11.18044484   11.3209   0.000       0.000      0.1404E-02 -0.1077E-04 -0.3474E-01  0.3335E-01   0.000       0.000       0.000       0.000        0.000       0.000       0.000       0.000       0.000       0.000                           -0.1077E-04 -0.1077E-04   0.000    
   2937600.0   11.14683946   11.2870   0.000       0.000      0.1401E-02  0.1945E-05 -0.3464E-01  0.3324E-01   0.000       0.000       0.000       0.000        0.000       0.000       0.000       0.000       0.000       0.000                            0.1945E-05  0.1945E-05   0.000    
   3024000.0   11.15375201   11.2949   0.000       0.000      0.1411E-02 -0.4000E-06 -0.3494E-01  0.3353E-01   0.000       0.000       0.000       0.000        0.000       0.000       0.000       0.000       0.000       0.000                           -0.4000E-06 -0.4000E-06   0.000    
   3110400.0   11.15547736   11.2971   0.000       0.000      0.1416E-02 -0.9985E-07 -0.3506E-01  0.3365E-01   0.000       0.000       0.000       0.000        0.000       0.000       0.000       0.000       0.000       0.000                           -0.9985E-07 -0.9985E-07   0.000    
   3196800.0   11.14362366   11.2849   0.000       0.000      0.1412E-02  0.6860E-06 -0.3504E-01  0.3362E-01   0.000       0.000       0.000       0.000        0.000       0.000       0.000       0.000       0.000       0.000                            0.6860E-06  0.6860E-06   0.000    
   3283200.0   11.12553445   11.2660   0.000       0.000      0.1404E-02  0.1047E-05 -0.3493E-01  0.3353E-01   0.000       0.000       0.000       0.000        0.000       0.000       0.000       0.000       0.000       0.000                            0.1047E-05  0.1047E-05   0.000    
   3369600.0   11.12825770   11.2688   0.000       0.000      0.1405E-02 -0.1576E-06 -0.3498E-01  0.3358E-01   0.000       0.000       0.000       0.000        0.000       0.000       0.000       0.000       0.000       0.000                           -0.1576E-06 -0.1576E-06   0.000    
   3456000.0   11.14299440   11.2842   0.000       0.000      0.1412E-02 -0.8528E-06 -0.3513E-01  0.3372E-01   0.000       0.000       0.000       0.000        0.000       0.000       0.000       0.000       0.000       0.000                           -0.8528E-06 -0.8528E-06   0.000    
   3542400.0   11.16601922   11.3084   0.000       0.000      0.1424E-02 -0.1332E-05 -0.3537E-01  0.3395E-01   0.000       0.000       0.000       0.000        0.000       0.000       0.000       0.000       0.000       0.000                           -0.1332E-05 -0.1332E-05   0.000    
   3628800.0   11.17465909   11.3177   0.000       0.000      0.1430E-02 -0.5000E-06 -0.3550E-01  0.3407E-01   0.000       0.000       0.000       0.000        0.000       0.000       0.000       0.000       0.000       0.000                           -0.5000E-06 -0.5000E-06   0.000    
   3715200.0   11.16299526   11.3056   0.000       0.000      0.1426E-02  0.6750E-06 -0.3546E-01  0.3403E-01   0.000       0.000       0.000       0.000        0.000       0.000       0.000       0.000       0.000       0.000                            0.6750E-06  0.6750E-06   0.000    
   3801600.0   11.16675290   11.3095   0.000       0.000      0.1428E-02 -0.2175E-06 -0.3553E-01  0.3411E-01   0.000       0.000       0.000       0.000        0.000       0.000       0.000       0.000       0.000       0.000                           -0.2175E-06 -0.2175E-06   0.000    
   3888000.0   11.17968508   11.3231   0.000       0.000      0.1434E-02 -0.7484E-06 -0.3567E-01  0.3424E-01   0.000       0.000       0.000       0.000        0.000       0.000       0.000       0.000       0.000       0.000                           -0.7484E-06 -0.7484E-06   0.000    
   3974400.0   11.20871637   11.3536   0.000       0.000      0.1449E-02 -0.1680E-05 -0.3596E-01  0.3452E-01   0.000       0.000       0.000       0.000        0.000       0.000       0.000       0.000       0.000       0.000                           -0.1680E-05 -0.1680E-05   0.000    
   4060800.0   11.23217586   11.3783   0.000       0.000      0.1462E-02 -0.1358E-05 -0.3622E-01  0.3476E-01   0.000       0.000       0.000       0.000        0.000       0.000       0.000       0.000       0.000       0.000                           -0.1358E-05 -0.1358E-05   0.000    
   4147200.0   11.22048278   11.3663   0.000       0.000      0.1459E-02  0.6767E-06 -0.3619E-01  0.3473E-01   0.000       0.000       0.000       0.000        0.000       0.000       0.000       0.000       0.000       0.000                            0.6767E-06  0.6767E-06   0.000    
   4233600.0   11.20207415   11.3471   0.000       0.000      0.1450E-02  0.1065E-05 -0.3609E-01  0.3464E-01   0.000       0.000       0.000       0.000        0.000       0.000       0.000       0.000       0.000       0.000                            0.1065E-05  0.1065E-05   0.000    
   4320000.0   11.18668062   11.3309   0.000       0.000      0.1442E-02  0.8908E-06 -0.3598E-01  0.3454E-01   0.000       0.000       0.000       0.000        0.000       0.000       0.000       0.000       0.000       0.000                            0.8908E-06  0.8908E-06   0.000    
   4406400.0   11.17014828   11.3134   0.000       0.000      0.1432E-02  0.9567E-06 -0.3583E-01  0.3440E-01   0.000       0.000       0.000       0.000        0.000       0.000       0.000       0.000       0.000       0.000                            0.9567E-06  0.9567E-06   0.000    
   4492800.0   11.15691589   11.2993   0.000       0.000      0.1424E-02  0.7658E-06 -0.3570E-01  0.3427E-01   0.000       0.000       0.000       0.000        0.000       0.000       0.000       0.000       0.000       0.000                            0.7658E-06  0.7658E-06   0.000    
   4579200.0   11.13976899   11.2811   0.000       0.000      0.1413E-02  0.9923E-06 -0.3552E-01  0.3411E-01   0.000       0.000       0.000       0.000        0.000       0.000       0.000       0.000       0.000       0.000                            0.9923E-06  0.9923E-06   0.000    
   4665600.0   11.12164818   11.2618   0.000       0.000      0.1401E-02  0.1049E-05 -0.3533E-01  0.3392E-01   0.000       0.000       0.000       0.000        0.000       0.000       0.000       0.000       0.000       0.000                            0.1049E-05  0.1049E-05   0.000    
   4752000.0   11.14738444   11.2886   0.000       0.000      0.1412E-02 -0.1489E-05 -0.3552E-01  0.3411E-01   0.000       0.000       0.000       0.000        0.000       0.000       0.000       0.000       0.000       0.000                           -0.1489E-05 -0.1489E-05   0.000    
   4838400.0   11.18469316   11.3277   0.000       0.000      0.1430E-02 -0.2159E-05 -0.3584E-01  0.3441E-01   0.000       0.000       0.000       0.000        0.000       0.000       0.000       0.000       0.000       0.000                           -0.2159E-05 -0.2159E-05   0.000    
   4924800.0   11.22659609   11.3717   0.000       0.000      0.1451E-02 -0.2425E-05 -0.3624E-01  0.3479E-01   0.000       0.000       0.000       0.000        0.000       0.000       0.000       0.000       0.000       0.000                           -0.2425E-05 -0.2425E-05   0.000    
   5011200.0   11.25280128   11.3995   0.000       0.000      0.1467E-02 -0.1517E-05 -0.3654E-01  0.3507E-01   0.000       0.000       0.000       0.000        0.000       0.000       0.000       0.000       0.000       0.000                           -0.1517E-05 -0.1517E-05   0.000    
   5097600.0   11.24020955   11.3867   0.000       0.000      0.1465E-02  0.7287E-06 -0.3651E-01  0.3505E-01   0.000       0.000       0.000       0.000        0.000       0.000       0.000       0.000       0.000       0.000                            0.7287E-06  0.7287E-06   0.000    
   5184000.0   11.22155711   11.3673   0.000       0.000      0.1457E-02  0.1079E-05 -0.3642E-01  0.3496E-01   0.000       0.000       0.000       0.000        0.000       0.000       0.000       0.000       0.000       0.000                            0.1079E-05  0.1079E-05   0.000    
   5270400.0   11.20511138   11.3500   0.000       0.000      0.1449E-02  0.9517E-06 -0.3630E-01  0.3485E-01   0.000       0.000       0.000       0.000        0.000       0.000       0.000       0.000       0.000       0.000                            0.9517E-06  0.9517E-06   0.000    
   5356800.0   11.18623500   11.3301   0.000       0.000      0.1439E-02  0.1092E-05 -0.3613E-01  0.3469E-01   0.000       0.000       0.000       0.000        0.000       0.000       0.000       0.000       0.000       0.000                            0.1092E-05  0.1092E-05   0.000    
   5443200.0   11.19583131   11.3400   0.000       0.000      0.1441E-02 -0.5553E-06 -0.3620E-01  0.3476E-01   0.000       0.000       0.000       0.000        0.000       0.000       0.000       0.000       0.000       0.000                           -0.5553E-06 -0.5553E-06   0.000    
   5529600.0   11.20829154   11.3529   0.000       0.000      0.1446E-02 -0.7211E-06 -0.3629E-01  0.3485E-01   0.000       0.000       0.000       0.000        0.000       0.000       0.000       0.000       0.000       0.000                           -0.7211E-06 -0.7211E-06   0.000    
   5616000.0   11.22181085   11.3671   0.000       0.000      0.1453E-02 -0.7824E-06 -0.3642E-01  0.3497E-01   0.000       0.000       0.000       0.000        0.000       0.000       0.000       0.000       0.000       0.000                           -0.7824E-06 -0.7824E-06   0.000    
   5702400.0   11.23056234   11.3764   0.000       0.000      0.1458E-02 -0.5065E-06 -0.3653E-01  0.3507E-01   0.000       0.000       0.000       0.000        0.000       0.000       0.000       0.000       0.000       0.000                           -0.5065E-06 -0.5065E-06   0.000    
   5788800.0   11.22620927   11.3719   0.000       0.000      0.1457E-02  0.2519E-06 -0.3652E-01  0.3506E-01   0.000       0.000       0.000       0.000        0.000       0.000       0.000       0.000       0.000       0.000                            0.2519E-06  0.2519E-06   0.000    
   5875200.0   11.22712802   11.3729   0.000       0.000      0.1458E-02 -0.5317E-07 -0.3656E-01  0.3510E-01   0.000       0.000       0.000       0.000        0.000       0.000       0.000       0.000       0.000       0.000                           -0.5317E-07 -0.5317E-07   0.000    
   5961600.0   11.22292623   11.3685   0.000       0.000      0.1456E-02  0.2432E-06 -0.3653E-01  0.3508E-01   0.000       0.000       0.000       0.000        0.000       0.000       0.000       0.000       0.000       0.000                            0.2432E-06  0.2432E-06   0.000    
   6048000.0   11.21021147   11.3551   0.000       0.000      0.1449E-02  0.7358E-06 -0.3643E-01  0.3498E-01   0.000       0.000       0.000       0.000        0.000       0.000       0.000       0.000       0.000       0.000                            0.7358E-06  0.7358E-06   0.000    
   6134400.0   11.19358231   11.3376   0.000       0.000      0.1440E-02  0.9623E-06 -0.3629E-01  0.3485E-01   0.000       0.000       0.000       0.000        0.000       0.000       0.000       0.000       0.000       0.000                            0.9623E-06  0.9623E-06   0.000    
   6220800.0   11.17541019   11.3184   0.000       0.000      0.1430E-02  0.1052E-05 -0.3611E-01  0.3468E-01   0.000       0.000       0.000       0.000        0.000       0.000       0.000       0.000       0.000       0.000                            0.1052E-05  0.1052E-05   0.000    
   6307200.0   11.15657538   11.2984   0.000       0.000      0.1419E-02  0.1090E-05 -0.3591E-01  0.3449E-01   0.000       0.000       0.000       0.000        0.000       0.000       0.000       0.000       0.000       0.000                            0.1090E-05  0.1090E-05   0.000    
   6393600.0   11.13784622   11.2785   0.000       0.000      0.1407E-02  0.1084E-05 -0.3570E-01  0.3429E-01   0.000       0.000       0.000       0.000        0.000       0.000       0.000       0.000       0.000       0.000                            0.1084E-05  0.1084E-05   0.000    
   6480000.0   11.11926583   11.2587   0.000       0.000      0.1395E-02  0.1075E-05 -0.3548E-01  0.3409E-01   0.000       0.000       0.000       0.000        0.000       0.000       0.000       0.000       0.000       0.000                            0.1075E-05  0.1075E-05   0.000    
   6566400.0   11.10104002   11.2393   0.000       0.000      0.1382E-02  0.1055E-05 -0.3526E-01  0.3388E-01   0.000       0.000       0.000       0.000        0.000       0.000       0.000       0.000       0.000       0.000                            0.1055E-05  0.1055E-05   0.000    
   6652800.0   11.08302123   11.2201   0.000       0.000      0.1370E-02  0.1043E-05 -0.3504E-01  0.3366E-01   0.000       0.000       0.000       0.000        0.000       0.000       0.000       0.000       0.000       0.000                            0.1043E-05  0.1043E-05   0.000    
   6739200.0   11.06564833   11.2015   0.000       0.000      0.1358E-02  0.1005E-05 -0.3481E-01  0.3345E-01   0.000       0.000       0.000       0.000        0.000       0.000       0.000       0.000       0.000       0.000                            0.1005E-05  0.1005E-05   0.000    
   6825600.0   11.04831125   11.1829   0.000       0.000      0.1346E-02  0.1003E-05 -0.3458E-01  0.3323E-01   0.000       0.000       0.000       0.000        0.000       0.000       0.000       0.000       0.000       0.000                            0.1003E-05  0.1003E-05   0.000    
   6912000.0   11.03125980   11.1647   0.000       0.000      0.1334E-02  0.9868E-06 -0.3434E-01  0.3301E-01   0.000       0.000       0.000       0.000        0.000       0.000       0.000       0.000       0.000       0.000                            0.9868E-06  0.9868E-06   0.000    
   6998400.0   11.01451170   11.1468   0.000       0.000      0.1322E-02  0.9692E-06 -0.3412E-01  0.3279E-01   0.000       0.000       0.000       0.000        0.000       0.000       0.000       0.000       0.000       0.000                            0.9692E-06  0.9692E-06   0.000    
   7084800.0   10.99842620   11.1295   0.000       0.000      0.1311E-02  0.9309E-06 -0.3389E-01  0.3258E-01   0.000       0.000       0.000       0.000        0.000       0.000       0.000       0.000       0.000       0.000                            0.9309E-06  0.9309E-06   0.000    
   7171200.0   10.98290829   11.1129   0.000       0.000      0.1300E-02  0.8980E-06 -0.3366E-01  0.3236E-01   0.000       0.000       0.000       0.000        0.000       0.000       0.000       0.000       0.000       0.000                            0.8980E-06  0.8980E-06   0.000    
   7257600.0   10.96778787   11.0966   0.000       0.000      0.1289E-02  0.8750E-06 -0.3344E-01  0.3215E-01   0.000       0.000       0.000       0.000        0.000       0.000       0.000       0.000       0.000       0.000                            0.8750E-06  0.8750E-06   0.000    
   7344000.0   10.95327165   11.0810   0.000       0.000      0.1278E-02  0.8401E-06 -0.3322E-01  0.3194E-01   0.000       0.000       0.000       0.000        0.000       0.000       0.000       0.000       0.000       0.000                            0.8401E-06  0.8401E-06   0.000    
   7430400.0   10.94019709   11.0670   0.000       0.000      0.1268E-02  0.7566E-06 -0.3302E-01  0.3175E-01   0.000       0.000       0.000       0.000        0.000       0.000       0.000       0.000       0.000       0.000                            0.7566E-06  0.7566E-06   0.000    
   7516800.0   10.92738675   11.0532   0.000       0.000      0.1258E-02  0.7413E-06 -0.3281E-01  0.3155E-01   0.000       0.000       0.000       0.000        0.000       0.000       0.000       0.000       0.000       0.000                            0.7413E-06  0.7413E-06   0.000    
   7603200.0   10.91420689   11.0391   0.000       0.000      0.1249E-02  0.7627E-06 -0.3261E-01  0.3136E-01   0.000       0.000       0.000       0.000        0.000       0.000       0.000       0.000       0.000       0.000                            0.7627E-06  0.7627E-06   0.000    
   7689600.0   10.90150733   11.0254   0.000       0.000      0.1239E-02  0.7349E-06 -0.3240E-01  0.3116E-01   0.000       0.000       0.000       0.000        0.000       0.000       0.000       0.000       0.000       0.000                            0.7349E-06  0.7349E-06   0.000    
   7776000.0   10.88969166   11.0127   0.000       0.000      0.1230E-02  0.6838E-06 -0.3221E-01  0.3098E-01   0.000       0.000       0.000       0.000        0.000       0.000       0.000       0.000       0.000       0.000                            0.6838E-06  0.6838E-06   0.000    
   7862400.0   10.87782403   10.9999   0.000       0.000      0.1221E-02  0.6868E-06 -0.3202E-01  0.3079E-01   0.000       0.000       0.000       0.000        0.000       0.000       0.000       0.000       0.000       0.000                            0.6868E-06  0.6868E-06   0.000    
   7948800.0   10.86627058   10.9875   0.000       0.000      0.1213E-02  0.6686E-06 -0.3183E-01  0.3062E-01   0.000       0.000       0.000       0.000        0.000       0.000       0.000       0.000       0.000       0.000                            0.6686E-06  0.6686E-06   0.000    
   8035200.0   10.85515677   10.9755   0.000       0.000      0.1204E-02  0.6432E-06 -0.3164E-01  0.3044E-01   0.000       0.000       0.000       0.000        0.000       0.000       0.000       0.000       0.000       0.000                            0.6432E-06  0.6432E-06   0.000    
   8121600.0   10.84430133   10.9639   0.000       0.000      0.1196E-02  0.6282E-06 -0.3146E-01  0.3026E-01   0.000       0.000       0.000       0.000        0.000       0.000       0.000       0.000       0.000       0.000                            0.6282E-06  0.6282E-06   0.000    
   8208000.0   10.83385158   10.9526   0.000       0.000      0.1188E-02  0.6047E-06 -0.3128E-01  0.3009E-01   0.000       0.000       0.000       0.000        0.000       0.000       0.000       0.000       0.000       0.000                            0.6047E-06  0.6047E-06   0.000    
   8294400.0   10.82361486   10.9416   0.000       0.000      0.1180E-02  0.5924E-06 -0.3110E-01  0.2992E-01   0.000       0.000       0.000       0.000        0.000       0.000       0.000       0.000       0.000       0.000                            0.5924E-06  0.5924E-06   0.000    
   8380800.0   10.86947578   10.9902   0.000       0.000      0.1208E-02 -0.2654E-05 -0.3156E-01  0.3035E-01   0.000       0.000       0.000       0.000        0.000       0.000       0.000       0.000       0.000       0.000                           -0.2654E-05 -0.2654E-05   0.000    
   8467200.0   10.87399276   10.9953   0.000       0.000      0.1213E-02 -0.2614E-06 -0.3159E-01  0.3038E-01   0.000       0.000       0.000       0.000        0.000       0.000       0.000       0.000       0.000       0.000                           -0.2614E-06 -0.2614E-06   0.000    
   8553600.0   10.87479470   10.9963   0.000       0.000      0.1215E-02 -0.4641E-07 -0.3162E-01  0.3041E-01   0.000       0.000       0.000       0.000        0.000       0.000       0.000       0.000       0.000       0.000                           -0.4641E-07 -0.4641E-07   0.000    
   8640000.0   10.87069481   10.9921   0.000       0.000      0.1214E-02  0.2373E-06 -0.3158E-01  0.3037E-01   0.000       0.000       0.000       0.000        0.000       0.000       0.000       0.000       0.000       0.000                            0.2373E-06  0.2373E-06   0.000    
   8726400.0   10.86411831   10.9852   0.000       0.000      0.1211E-02  0.3806E-06 -0.3151E-01  0.3030E-01   0.000       0.000       0.000       0.000        0.000       0.000       0.000       0.000       0.000       0.000                            0.3806E-06  0.3806E-06   0.000    
   8812800.0   10.85632843   10.9769   0.000       0.000      0.1206E-02  0.4508E-06 -0.3141E-01  0.3020E-01   0.000       0.000       0.000       0.000        0.000       0.000       0.000       0.000       0.000       0.000                            0.4508E-06  0.4508E-06   0.000    
   8899200.0   10.84645710   10.9664   0.000       0.000      0.1200E-02  0.5713E-06 -0.3128E-01  0.3008E-01   0.000       0.000       0.000       0.000        0.000       0.000       0.000       0.000       0.000       0.000                            0.5713E-06  0.5713E-06   0.000    
   8985600.0   10.84315477   10.9629   0.000       0.000      0.1197E-02  0.1911E-06 -0.3121E-01  0.3001E-01   0.000       0.000       0.000       0.000        0.000       0.000       0.000       0.000       0.000       0.000                            0.1911E-06  0.1911E-06   0.000    
   9072000.0   10.85089139   10.9711   0.000       0.000      0.1202E-02 -0.4477E-06 -0.3127E-01  0.3007E-01   0.000       0.000       0.000       0.000        0.000       0.000       0.000       0.000       0.000       0.000                           -0.4477E-06 -0.4477E-06   0.000    
   9158400.0   10.84698160   10.9669   0.000       0.000      0.1200E-02  0.2263E-06 -0.3121E-01  0.3001E-01   0.000       0.000       0.000       0.000        0.000       0.000       0.000       0.000       0.000       0.000                            0.2263E-06  0.2263E-06   0.000    
   9244800.0   10.87481825   10.9966   0.000       0.000      0.1218E-02 -0.1611E-05 -0.3151E-01  0.3029E-01   0.000       0.000       0.000       0.000        0.000       0.000       0.000       0.000       0.000       0.000                           -0.1611E-05 -0.1611E-05   0.000    
   9331200.0   10.94540936   11.0715   0.000       0.000      0.1261E-02 -0.4085E-05 -0.3226E-01  0.3101E-01   0.000       0.000       0.000       0.000        0.000       0.000       0.000       0.000       0.000       0.000                           -0.4085E-05 -0.4085E-05   0.000    
   9417600.0   11.11746620   11.2535   0.000       0.000      0.1360E-02 -0.9957E-05 -0.3401E-01  0.3266E-01   0.000       0.000       0.000       0.000        0.000       0.000       0.000       0.000       0.000       0.000                           -0.9957E-05 -0.9957E-05   0.000    
   9504000.0   11.24431124   11.3879   0.000       0.000      0.1436E-02 -0.7341E-05 -0.3534E-01  0.3391E-01   0.000       0.000       0.000       0.000        0.000       0.000       0.000       0.000       0.000       0.000                           -0.7341E-05 -0.7341E-05   0.000    
   9590400.0   11.22181581   11.3659   0.000       0.000      0.1441E-02  0.1302E-05 -0.3548E-01  0.3404E-01   0.000       0.000       0.000       0.000        0.000       0.000       0.000       0.000       0.000       0.000                            0.1302E-05  0.1302E-05   0.000    
   9676800.0   11.19366614   11.3374   0.000       0.000      0.1437E-02  0.1629E-05 -0.3551E-01  0.3407E-01   0.000       0.000       0.000       0.000        0.000       0.000       0.000       0.000       0.000       0.000                            0.1629E-05  0.1629E-05   0.000    
   9763200.0   11.16346629   11.3060   0.000       0.000      0.1426E-02  0.1748E-05 -0.3538E-01  0.3395E-01   0.000       0.000       0.000       0.000        0.000       0.000       0.000       0.000       0.000       0.000                            0.1748E-05  0.1748E-05   0.000    
   9849600.0   11.13460828   11.2758   0.000       0.000      0.1412E-02  0.1670E-05 -0.3518E-01  0.3377E-01   0.000       0.000       0.000       0.000        0.000       0.000       0.000       0.000       0.000       0.000                            0.1670E-05  0.1670E-05   0.000    
   9936000.0   11.15316459   11.2951   0.000       0.000      0.1420E-02 -0.1074E-05 -0.3537E-01  0.3395E-01   0.000       0.000       0.000       0.000        0.000       0.000       0.000       0.000       0.000       0.000                           -0.1074E-05 -0.1074E-05   0.000    
  10022400.0   11.16855280   11.3113   0.000       0.000      0.1428E-02 -0.8905E-06 -0.3553E-01  0.3411E-01   0.000       0.000       0.000       0.000        0.000       0.000       0.000       0.000       0.000       0.000                           -0.8905E-06 -0.8905E-06   0.000    
  10108800.0   11.17324979   11.3164   0.000       0.000      0.1432E-02 -0.2718E-06 -0.3563E-01  0.3420E-01   0.000       0.000       0.000       0.000        0.000       0.000       0.000       0.000       0.000       0.000                           -0.2718E-06 -0.2718E-06   0.000    
  10195200.0   11.18585511   11.3297   0.000       0.000      0.1439E-02 -0.7295E-06 -0.3580E-01  0.3436E-01   0.000       0.000       0.000       0.000        0.000       0.000       0.000       0.000       0.000       0.000                           -0.7295E-06 -0.7295E-06   0.000    
  10281600.0   11.19261623   11.3369   0.000       0.000      0.1443E-02 -0.3913E-06 -0.3591E-01  0.3447E-01   0.000       0.000       0.000       0.000        0.000       0.000       0.000       0.000       0.000       0.000                           -0.3913E-06 -0.3913E-06   0.000    
  10368000.0   11.18028176   11.3241   0.000       0.000      0.1438E-02  0.7138E-06 -0.3586E-01  0.3442E-01   0.000       0.000       0.000       0.000        0.000       0.000       0.000       0.000       0.000       0.000                            0.7138E-06  0.7138E-06   0.000    
  10454400.0   11.16121679   11.3041   0.000       0.000      0.1429E-02  0.1103E-05 -0.3573E-01  0.3430E-01   0.000       0.000       0.000       0.000        0.000       0.000       0.000       0.000       0.000       0.000                            0.1103E-05  0.1103E-05   0.000    
  10540800.0   11.16021161   11.3029   0.000       0.000      0.1427E-02  0.5817E-07 -0.3573E-01  0.3430E-01   0.000       0.000       0.000       0.000        0.000       0.000       0.000       0.000       0.000       0.000                            0.5817E-07  0.5817E-07   0.000    
  10627200.0   11.16852951   11.3115   0.000       0.000      0.1430E-02 -0.4814E-06 -0.3581E-01  0.3438E-01   0.000       0.000       0.000       0.000        0.000       0.000       0.000       0.000       0.000       0.000                           -0.4814E-06 -0.4814E-06   0.000    
  10713600.0   11.16915159   11.3121   0.000       0.000      0.1430E-02 -0.3600E-07 -0.3583E-01  0.3440E-01   0.000       0.000       0.000       0.000        0.000       0.000       0.000       0.000       0.000       0.000                           -0.3600E-07 -0.3600E-07   0.000    
  10800000.0   11.15988859   11.3024   0.000       0.000      0.1425E-02  0.5361E-06 -0.3576E-01  0.3434E-01   0.000       0.000       0.000       0.000        0.000       0.000       0.000       0.000       0.000       0.000                            0.5361E-06  0.5361E-06   0.000    
  10886400.0   11.14435425   11.2860   0.000       0.000      0.1417E-02  0.8990E-06 -0.3564E-01  0.3422E-01   0.000       0.000       0.000       0.000        0.000       0.000       0.000       0.000       0.000       0.000                            0.8990E-06  0.8990E-06   0.000    
  10972800.0   11.12571089   11.2663   0.000       0.000      0.1405E-02  0.1079E-05 -0.3546E-01  0.3405E-01   0.000       0.000       0.000       0.000        0.000       0.000       0.000       0.000       0.000       0.000                            0.1079E-05  0.1079E-05   0.000    
  11059200.0   11.10389487   11.2431   0.000       0.000      0.1392E-02  0.1263E-05 -0.3524E-01  0.3385E-01   0.000       0.000       0.000       0.000        0.000       0.000       0.000       0.000       0.000       0.000                            0.1263E-05  0.1263E-05   0.000    
  11145600.0   11.08194184   11.2198   0.000       0.000      0.1378E-02  0.1270E-05 -0.3500E-01  0.3362E-01   0.000       0.000       0.000       0.000        0.000       0.000       0.000       0.000       0.000       0.000                            0.1270E-05  0.1270E-05   0.000    
  11232000.0   11.06097571   11.1974   0.000       0.000      0.1364E-02  0.1213E-05 -0.3475E-01  0.3338E-01   0.000       0.000       0.000       0.000        0.000       0.000       0.000       0.000       0.000       0.000                            0.1213E-05  0.1213E-05   0.000    
  11318400.0   11.04082801   11.1758   0.000       0.000      0.1350E-02  0.1166E-05 -0.3450E-01  0.3315E-01   0.000       0.000       0.000       0.000        0.000       0.000       0.000       0.000       0.000       0.000                            0.1166E-05  0.1166E-05   0.000    
  11404800.0   11.04499007   11.1799   0.000       0.000      0.1349E-02 -0.2409E-06 -0.3448E-01  0.3313E-01   0.000       0.000       0.000       0.000        0.000       0.000       0.000       0.000       0.000       0.000                           -0.2409E-06 -0.2409E-06   0.000    
  11491200.0   11.02722931   11.1610   0.000       0.000      0.1337E-02  0.1028E-05 -0.3425E-01  0.3292E-01   0.000       0.000       0.000       0.000        0.000       0.000       0.000       0.000       0.000       0.000                            0.1028E-05  0.1028E-05   0.000    
  11577600.0   11.05323398   11.1882   0.000       0.000      0.1349E-02 -0.1505E-05 -0.3447E-01  0.3312E-01   0.000       0.000       0.000       0.000        0.000       0.000       0.000       0.000       0.000       0.000                           -0.1505E-05 -0.1505E-05   0.000    
  11664000.0   11.12578135   11.2645   0.000       0.000      0.1387E-02 -0.4198E-05 -0.3513E-01  0.3374E-01   0.000       0.000       0.000       0.000        0.000       0.000       0.000       0.000       0.000       0.000                           -0.4198E-05 -0.4198E-05   0.000    
  11750400.0   11.29968029   11.4471   0.000       0.000      0.1474E-02 -0.1006E-04 -0.3669E-01  0.3522E-01   0.000       0.000       0.000       0.000        0.000       0.000       0.000       0.000       0.000       0.000                           -0.1006E-04 -0.1006E-04   0.000    
  11836800.0   11.26704203   11.4142   0.000       0.000      0.1472E-02  0.1889E-05 -0.3660E-01  0.3513E-01   0.000       0.000       0.000       0.000        0.000       0.000       0.000       0.000       0.000       0.000                            0.1889E-05  0.1889E-05   0.000    
  11923200.0   11.23720857   11.3836   0.000       0.000      0.1464E-02  0.1726E-05 -0.3656E-01  0.3510E-01   0.000       0.000       0.000       0.000        0.000       0.000       0.000       0.000       0.000       0.000                            0.1726E-05  0.1726E-05   0.000    
  12009600.0   11.20939148   11.3547   0.000       0.000      0.1453E-02  0.1610E-05 -0.3640E-01  0.3494E-01   0.000       0.000       0.000       0.000        0.000       0.000       0.000       0.000       0.000       0.000                            0.1610E-05  0.1610E-05   0.000    
  12096000.0   11.20232040   11.3472   0.000       0.000      0.1449E-02  0.4092E-06 -0.3636E-01  0.3491E-01   0.000       0.000       0.000       0.000        0.000       0.000       0.000       0.000       0.000       0.000                            0.4092E-06  0.4092E-06   0.000    
  12182400.0   11.19299601   11.3374   0.000       0.000      0.1444E-02  0.5396E-06 -0.3628E-01  0.3483E-01   0.000       0.000       0.000       0.000        0.000       0.000       0.000       0.000       0.000       0.000                            0.5396E-06  0.5396E-06   0.000    
  12268800.0   11.17769550   11.3212   0.000       0.000      0.1435E-02  0.8854E-06 -0.3614E-01  0.3471E-01   0.000       0.000       0.000       0.000        0.000       0.000       0.000       0.000       0.000       0.000                            0.8854E-06  0.8854E-06   0.000    
  12355200.0   11.15867960   11.3011   0.000       0.000      0.1424E-02  0.1100E-05 -0.3597E-01  0.3454E-01   0.000       0.000       0.000       0.000        0.000       0.000       0.000       0.000       0.000       0.000                            0.1100E-05  0.1100E-05   0.000    
  12441600.0   11.14506453   11.2866   0.000       0.000      0.1416E-02  0.7879E-06 -0.3582E-01  0.3441E-01   0.000       0.000       0.000       0.000        0.000       0.000       0.000       0.000       0.000       0.000                            0.7879E-06  0.7879E-06   0.000    
  12528000.0   11.19053527   11.3341   0.000       0.000      0.1436E-02 -0.2631E-05 -0.3620E-01  0.3477E-01   0.000       0.000       0.000       0.000        0.000       0.000       0.000       0.000       0.000       0.000                           -0.2631E-05 -0.2631E-05   0.000    
  12614400.0   11.24300812   11.3892   0.000       0.000      0.1462E-02 -0.3037E-05 -0.3666E-01  0.3520E-01   0.000       0.000       0.000       0.000        0.000       0.000       0.000       0.000       0.000       0.000                           -0.3037E-05 -0.3037E-05   0.000    
  12700800.0   11.23473640   11.3809   0.000       0.000      0.1462E-02  0.4787E-06 -0.3666E-01  0.3520E-01   0.000       0.000       0.000       0.000        0.000       0.000       0.000       0.000       0.000       0.000                            0.4787E-06  0.4787E-06   0.000    
  12787200.0   11.21909577   11.3647   0.000       0.000      0.1456E-02  0.9051E-06 -0.3660E-01  0.3514E-01   0.000       0.000       0.000       0.000        0.000       0.000       0.000       0.000       0.000       0.000                            0.9051E-06  0.9051E-06   0.000    
  12873600.0   11.19811931   11.3428   0.000       0.000      0.1447E-02  0.1214E-05 -0.3645E-01  0.3500E-01   0.000       0.000       0.000       0.000        0.000       0.000       0.000       0.000       0.000       0.000                            0.1214E-05  0.1214E-05   0.000    
  12960000.0   11.20276899   11.3475   0.000       0.000      0.1448E-02 -0.2691E-06 -0.3649E-01  0.3504E-01   0.000       0.000       0.000       0.000        0.000       0.000       0.000       0.000       0.000       0.000                           -0.2691E-06 -0.2691E-06   0.000    
  13046400.0   11.19336165   11.3376   0.000       0.000      0.1442E-02  0.5444E-06 -0.3640E-01  0.3495E-01   0.000       0.000       0.000       0.000        0.000       0.000       0.000       0.000       0.000       0.000                            0.5444E-06  0.5444E-06   0.000    
  13132800.0   11.17944243   11.3229   0.000       0.000      0.1435E-02  0.8055E-06 -0.3627E-01  0.3484E-01   0.000       0.000       0.000       0.000        0.000       0.000       0.000       0.000       0.000       0.000                            0.8055E-06  0.8055E-06   0.000    
  13219200.0   11.16960583   11.3124   0.000       0.000      0.1428E-02  0.5692E-06 -0.3617E-01  0.3474E-01   0.000       0.000       0.000       0.000        0.000       0.000       0.000       0.000       0.000       0.000                            0.5692E-06  0.5692E-06   0.000    
  13305600.0   11.15525695   11.2973   0.000       0.000      0.1420E-02  0.8304E-06 -0.3602E-01  0.3460E-01   0.000       0.000       0.000       0.000        0.000       0.000       0.000       0.000       0.000       0.000                            0.8304E-06  0.8304E-06   0.000    
  13392000.0   11.17657423   11.3194   0.000       0.000      0.1429E-02 -0.1234E-05 -0.3619E-01  0.3476E-01   0.000       0.000       0.000       0.000        0.000       0.000       0.000       0.000       0.000       0.000                           -0.1234E-05 -0.1234E-05   0.000    
  13478400.0   11.19260550   11.3363   0.000       0.000      0.1437E-02 -0.9277E-06 -0.3632E-01  0.3488E-01   0.000       0.000       0.000       0.000        0.000       0.000       0.000       0.000       0.000       0.000                           -0.9277E-06 -0.9277E-06   0.000    
  13564800.0   11.18811834   11.3317   0.000       0.000      0.1435E-02  0.2597E-06 -0.3630E-01  0.3487E-01   0.000       0.000       0.000       0.000        0.000       0.000       0.000       0.000       0.000       0.000                            0.2597E-06  0.2597E-06   0.000    
  13651200.0   11.17855916   11.3216   0.000       0.000      0.1431E-02  0.5532E-06 -0.3624E-01  0.3480E-01   0.000       0.000       0.000       0.000        0.000       0.000       0.000       0.000       0.000       0.000                            0.5532E-06  0.5532E-06   0.000    
  13737600.0   11.16486442   11.3072   0.000       0.000      0.1424E-02  0.7925E-06 -0.3612E-01  0.3469E-01   0.000       0.000       0.000       0.000        0.000       0.000       0.000       0.000       0.000       0.000                            0.7925E-06  0.7925E-06   0.000    
  13824000.0   11.20943059   11.3539   0.000       0.000      0.1444E-02 -0.2579E-05 -0.3650E-01  0.3505E-01   0.000       0.000       0.000       0.000        0.000       0.000       0.000       0.000       0.000       0.000                           -0.2579E-05 -0.2579E-05   0.000    
  13910400.0   11.27353395   11.4212   0.000       0.000      0.1476E-02 -0.3710E-05 -0.3706E-01  0.3559E-01   0.000       0.000       0.000       0.000        0.000       0.000       0.000       0.000       0.000       0.000                           -0.3710E-05 -0.3710E-05   0.000    
  13996800.0   11.27218099   11.4202   0.000       0.000      0.1480E-02  0.7830E-07 -0.3713E-01  0.3565E-01   0.000       0.000       0.000       0.000        0.000       0.000       0.000       0.000       0.000       0.000                            0.7830E-07  0.7830E-07   0.000    
  14083200.0   11.25762521   11.4053   0.000       0.000      0.1476E-02  0.8423E-06 -0.3710E-01  0.3562E-01   0.000       0.000       0.000       0.000        0.000       0.000       0.000       0.000       0.000       0.000                            0.8423E-06  0.8423E-06   0.000    
  14169600.0   11.27233319   11.4208   0.000       0.000      0.1484E-02 -0.8512E-06 -0.3727E-01  0.3579E-01   0.000       0.000       0.000       0.000        0.000       0.000       0.000       0.000       0.000       0.000                           -0.8512E-06 -0.8512E-06   0.000    
  14256000.0   11.28461557   11.4338   0.000       0.000      0.1491E-02 -0.7108E-06 -0.3741E-01  0.3591E-01   0.000       0.000       0.000       0.000        0.000       0.000       0.000       0.000       0.000       0.000                           -0.7108E-06 -0.7108E-06   0.000    
  14342400.0   11.34613223   11.4982   0.000       0.000      0.1520E-02 -0.3560E-05 -0.3795E-01  0.3644E-01   0.000       0.000       0.000       0.000        0.000       0.000       0.000       0.000       0.000       0.000                           -0.3560E-05 -0.3560E-05   0.000    
  14428800.0   11.50444654   11.6636   0.000       0.000      0.1592E-02 -0.9162E-05 -0.3926E-01  0.3768E-01   0.000       0.000       0.000       0.000        0.000       0.000       0.000       0.000       0.000       0.000                           -0.9162E-05 -0.9162E-05   0.000    
  14515200.0   11.50075802   11.6609   0.000       0.000      0.1601E-02  0.2135E-06 -0.3942E-01  0.3782E-01   0.000       0.000       0.000       0.000        0.000       0.000       0.000       0.000       0.000       0.000                            0.2135E-06  0.2135E-06   0.000    
  14601600.0   11.52521862   11.6871   0.000       0.000      0.1619E-02 -0.1416E-05 -0.3983E-01  0.3822E-01   0.000       0.000       0.000       0.000        0.000       0.000       0.000       0.000       0.000       0.000                           -0.1416E-05 -0.1416E-05   0.000    
  14688000.0   11.57804108   11.7426   0.000       0.000      0.1645E-02 -0.3057E-05 -0.4037E-01  0.3873E-01   0.000       0.000       0.000       0.000        0.000       0.000       0.000       0.000       0.000       0.000                           -0.3057E-05 -0.3057E-05   0.000    
  14774400.0   11.59726953   11.7631   0.000       0.000      0.1659E-02 -0.1113E-05 -0.4066E-01  0.3900E-01   0.000       0.000       0.000       0.000        0.000       0.000       0.000       0.000       0.000       0.000                           -0.1113E-05 -0.1113E-05   0.000    
  14860800.0   11.58745666   11.7534   0.000       0.000      0.1660E-02  0.5679E-06 -0.4074E-01  0.3908E-01   0.000       0.000       0.000       0.000        0.000       0.000       0.000       0.000       0.000       0.000                            0.5679E-06  0.5679E-06   0.000    
  14947200.0   11.57383224   11.7395   0.000       0.000      0.1657E-02  0.7884E-06 -0.4075E-01  0.3909E-01   0.000       0.000       0.000       0.000        0.000       0.000       0.000       0.000       0.000       0.000                            0.7884E-06  0.7884E-06   0.000    
  15033600.0   11.55181745   11.7168   0.000       0.000      0.1649E-02  0.1274E-05 -0.4067E-01  0.3902E-01   0.000       0.000       0.000       0.000        0.000       0.000       0.000       0.000       0.000       0.000                            0.1274E-05  0.1274E-05   0.000    
  15120000.0   11.52615370   11.6900   0.000       0.000      0.1638E-02  0.1485E-05 -0.4052E-01  0.3888E-01   0.000       0.000       0.000       0.000        0.000       0.000       0.000       0.000       0.000       0.000                            0.1485E-05  0.1485E-05   0.000    
  15206400.0   11.49659081   11.6591   0.000       0.000      0.1625E-02  0.1711E-05 -0.4031E-01  0.3869E-01   0.000       0.000       0.000       0.000        0.000       0.000       0.000       0.000       0.000       0.000                            0.1711E-05  0.1711E-05   0.000    
  15292800.0   11.46521259   11.6261   0.000       0.000      0.1609E-02  0.1816E-05 -0.4006E-01  0.3845E-01   0.000       0.000       0.000       0.000        0.000       0.000       0.000       0.000       0.000       0.000                            0.1816E-05  0.1816E-05   0.000    
  15379200.0   11.50526750   11.6674   0.000       0.000      0.1622E-02 -0.2318E-05 -0.4034E-01  0.3872E-01   0.000       0.000       0.000       0.000        0.000       0.000       0.000       0.000       0.000       0.000                           -0.2318E-05 -0.2318E-05   0.000    
  15465600.0   11.52436829   11.6873   0.000       0.000      0.1629E-02 -0.1105E-05 -0.4047E-01  0.3884E-01   0.000       0.000       0.000       0.000        0.000       0.000       0.000       0.000       0.000       0.000                           -0.1105E-05 -0.1105E-05   0.000    
  15552000.0   11.50968816   11.6721   0.000       0.000      0.1624E-02  0.8495E-06 -0.4041E-01  0.3878E-01   0.000       0.000       0.000       0.000        0.000       0.000       0.000       0.000       0.000       0.000                            0.8495E-06  0.8495E-06   0.000    
  15638400.0   11.48264248   11.6439   0.000       0.000      0.1613E-02  0.1565E-05 -0.4024E-01  0.3862E-01   0.000       0.000       0.000       0.000        0.000       0.000       0.000       0.000       0.000       0.000                            0.1565E-05  0.1565E-05   0.000    
  15724800.0   11.45398613   11.6139   0.000       0.000      0.1599E-02  0.1658E-05 -0.4002E-01  0.3842E-01   0.000       0.000       0.000       0.000        0.000       0.000       0.000       0.000       0.000       0.000                            0.1658E-05  0.1658E-05   0.000    
  15811200.0   11.42545495   11.5838   0.000       0.000      0.1584E-02  0.1651E-05 -0.3977E-01  0.3818E-01   0.000       0.000       0.000       0.000        0.000       0.000       0.000       0.000       0.000       0.000                            0.1651E-05  0.1651E-05   0.000    
  15897600.0   11.39804637   11.5549   0.000       0.000      0.1569E-02  0.1586E-05 -0.3951E-01  0.3794E-01   0.000       0.000       0.000       0.000        0.000       0.000       0.000       0.000       0.000       0.000                            0.1586E-05  0.1586E-05   0.000    
  15984000.0   11.37850922   11.5342   0.000       0.000      0.1556E-02  0.1131E-05 -0.3929E-01  0.3774E-01   0.000       0.000       0.000       0.000        0.000       0.000       0.000       0.000       0.000       0.000                            0.1131E-05  0.1131E-05   0.000    
  16070400.0   11.35358835   11.5077   0.000       0.000      0.1542E-02  0.1442E-05 -0.3903E-01  0.3748E-01   0.000       0.000       0.000       0.000        0.000       0.000       0.000       0.000       0.000       0.000                            0.1442E-05  0.1442E-05   0.000    
  16156800.0   11.32925166   11.4820   0.000       0.000      0.1527E-02  0.1408E-05 -0.3877E-01  0.3724E-01   0.000       0.000       0.000       0.000        0.000       0.000       0.000       0.000       0.000       0.000                            0.1408E-05  0.1408E-05   0.000    
  16243200.0   11.30536506   11.4566   0.000       0.000      0.1513E-02  0.1382E-05 -0.3850E-01  0.3698E-01   0.000       0.000       0.000       0.000        0.000       0.000       0.000       0.000       0.000       0.000                            0.1382E-05  0.1382E-05   0.000    
  16329600.0   11.28219208   11.4320   0.000       0.000      0.1498E-02  0.1341E-05 -0.3823E-01  0.3673E-01   0.000       0.000       0.000       0.000        0.000       0.000       0.000       0.000       0.000       0.000                            0.1341E-05  0.1341E-05   0.000    
  16416000.0   11.25982883   11.4082   0.000       0.000      0.1484E-02  0.1294E-05 -0.3796E-01  0.3648E-01   0.000       0.000       0.000       0.000        0.000       0.000       0.000       0.000       0.000       0.000                            0.1294E-05  0.1294E-05   0.000    
  16502400.0   11.23817904   11.3852   0.000       0.000      0.1470E-02  0.1253E-05 -0.3770E-01  0.3623E-01   0.000       0.000       0.000       0.000        0.000       0.000       0.000       0.000       0.000       0.000                            0.1253E-05  0.1253E-05   0.000    
  16588800.0   11.21734843   11.3630   0.000       0.000      0.1457E-02  0.1205E-05 -0.3743E-01  0.3598E-01   0.000       0.000       0.000       0.000        0.000       0.000       0.000       0.000       0.000       0.000                            0.1205E-05  0.1205E-05   0.000    
  16675200.0   11.19729232   11.3417   0.000       0.000      0.1444E-02  0.1161E-05 -0.3718E-01  0.3573E-01   0.000       0.000       0.000       0.000        0.000       0.000       0.000       0.000       0.000       0.000                            0.1161E-05  0.1161E-05   0.000    
  16761600.0   11.18164652   11.3249   0.000       0.000      0.1433E-02  0.9054E-06 -0.3696E-01  0.3552E-01   0.000       0.000       0.000       0.000        0.000       0.000       0.000       0.000       0.000       0.000                            0.9054E-06  0.9054E-06   0.000    
  16848000.0   11.16968079   11.3121   0.000       0.000      0.1424E-02  0.6925E-06 -0.3677E-01  0.3534E-01   0.000       0.000       0.000       0.000        0.000       0.000       0.000       0.000       0.000       0.000                            0.6925E-06  0.6925E-06   0.000    
  16934400.0   11.17120388   11.3134   0.000       0.000      0.1422E-02 -0.8814E-07 -0.3671E-01  0.3529E-01   0.000       0.000       0.000       0.000        0.000       0.000       0.000       0.000       0.000       0.000                           -0.8814E-07 -0.8814E-07   0.000    
  17020800.0   11.16585257   11.3076   0.000       0.000      0.1418E-02  0.3097E-06 -0.3660E-01  0.3518E-01   0.000       0.000       0.000       0.000        0.000       0.000       0.000       0.000       0.000       0.000                            0.3097E-06  0.3097E-06   0.000    
  17107200.0   11.14865930   11.2895   0.000       0.000      0.1408E-02  0.9950E-06 -0.3640E-01  0.3499E-01   0.000       0.000       0.000       0.000        0.000       0.000       0.000       0.000       0.000       0.000                            0.9950E-06  0.9950E-06   0.000    
  17193600.0   11.13210994   11.2719   0.000       0.000      0.1398E-02  0.9577E-06 -0.3620E-01  0.3480E-01   0.000       0.000       0.000       0.000        0.000       0.000       0.000       0.000       0.000       0.000                            0.9577E-06  0.9577E-06   0.000    
  17280000.0   11.11533272   11.2541   0.000       0.000      0.1388E-02  0.9709E-06 -0.3598E-01  0.3459E-01   0.000       0.000       0.000       0.000        0.000       0.000       0.000       0.000       0.000       0.000                            0.9709E-06  0.9709E-06   0.000    
  17366400.0   11.09855398   11.2363   0.000       0.000      0.1377E-02  0.9710E-06 -0.3576E-01  0.3439E-01   0.000       0.000       0.000       0.000        0.000       0.000       0.000       0.000       0.000       0.000                            0.9710E-06  0.9710E-06   0.000    
  17452800.0   11.08232313   11.2189   0.000       0.000      0.1366E-02  0.9393E-06 -0.3554E-01  0.3417E-01   0.000       0.000       0.000       0.000        0.000       0.000       0.000       0.000       0.000       0.000                            0.9393E-06  0.9393E-06   0.000    
  17539200.0   11.06650126   11.2021   0.000       0.000      0.1356E-02  0.9156E-06 -0.3532E-01  0.3397E-01   0.000       0.000       0.000       0.000        0.000       0.000       0.000       0.000       0.000       0.000                            0.9156E-06  0.9156E-06   0.000    
  17625600.0   11.05128741   11.1858   0.000       0.000      0.1346E-02  0.8804E-06 -0.3510E-01  0.3376E-01   0.000       0.000       0.000       0.000        0.000       0.000       0.000       0.000       0.000       0.000                            0.8804E-06  0.8804E-06   0.000    
  17712000.0   11.04204714   11.1759   0.000       0.000      0.1339E-02  0.5347E-06 -0.3494E-01  0.3360E-01   0.000       0.000       0.000       0.000        0.000       0.000       0.000       0.000       0.000       0.000                            0.5347E-06  0.5347E-06   0.000    
  17798400.0   11.02818651   11.1611   0.000       0.000      0.1330E-02  0.8021E-06 -0.3474E-01  0.3341E-01   0.000       0.000       0.000       0.000        0.000       0.000       0.000       0.000       0.000       0.000                            0.8021E-06  0.8021E-06   0.000    
  17884800.0   11.01411169   11.1461   0.000       0.000      0.1320E-02  0.8145E-06 -0.3454E-01  0.3322E-01   0.000       0.000       0.000       0.000        0.000       0.000       0.000       0.000       0.000       0.000                            0.8145E-06  0.8145E-06   0.000    
  17971200.0   11.00042801   11.1315   0.000       0.000      0.1311E-02  0.7919E-06 -0.3434E-01  0.3303E-01   0.000       0.000       0.000       0.000        0.000       0.000       0.000       0.000       0.000       0.000                            0.7919E-06  0.7919E-06   0.000    
  18057600.0   10.98726921   11.1174   0.000       0.000      0.1302E-02  0.7615E-06 -0.3414E-01  0.3284E-01   0.000       0.000       0.000       0.000        0.000       0.000       0.000       0.000       0.000       0.000                            0.7615E-06  0.7615E-06   0.000    
  18144000.0   10.97443520   11.1037   0.000       0.000      0.1293E-02  0.7427E-06 -0.3395E-01  0.3265E-01   0.000       0.000       0.000       0.000        0.000       0.000       0.000       0.000       0.000       0.000                            0.7427E-06  0.7427E-06   0.000    
  18230400.0   10.96204424   11.0905   0.000       0.000      0.1284E-02  0.7171E-06 -0.3375E-01  0.3247E-01   0.000       0.000       0.000       0.000        0.000       0.000       0.000       0.000       0.000       0.000                            0.7171E-06  0.7171E-06   0.000    
  18316800.0   10.94996854   11.0776   0.000       0.000      0.1276E-02  0.6988E-06 -0.3356E-01  0.3229E-01   0.000       0.000       0.000       0.000        0.000       0.000       0.000       0.000       0.000       0.000                            0.6988E-06  0.6988E-06   0.000    
  18403200.0   10.93826499   11.0650   0.000       0.000      0.1268E-02  0.6773E-06 -0.3338E-01  0.3211E-01   0.000       0.000       0.000       0.000        0.000       0.000       0.000       0.000       0.000       0.000                            0.6773E-06  0.6773E-06   0.000    
  18489600.0   10.92687444   11.0528   0.000       0.000      0.1260E-02  0.6592E-06 -0.3319E-01  0.3193E-01   0.000       0.000       0.000       0.000        0.000       0.000       0.000       0.000       0.000       0.000                            0.6592E-06  0.6592E-06   0.000    
  18576000.0   10.91578425   11.0410   0.000       0.000      0.1252E-02  0.6418E-06 -0.3302E-01  0.3176E-01   0.000       0.000       0.000       0.000        0.000       0.000       0.000       0.000       0.000       0.000                            0.6418E-06  0.6418E-06   0.000    
  18662400.0   10.90505206   11.0294   0.000       0.000      0.1244E-02  0.6211E-06 -0.3284E-01  0.3159E-01   0.000       0.000       0.000       0.000        0.000       0.000       0.000       0.000       0.000       0.000                            0.6211E-06  0.6211E-06   0.000    
  18748800.0   10.89449672   11.0181   0.000       0.000      0.1237E-02  0.6108E-06 -0.3267E-01  0.3143E-01   0.000       0.000       0.000       0.000        0.000       0.000       0.000       0.000       0.000       0.000                            0.6108E-06  0.6108E-06   0.000    
  18835200.0   10.89521680   11.0188   0.000       0.000      0.1236E-02 -0.4167E-07 -0.3262E-01  0.3138E-01   0.000       0.000       0.000       0.000        0.000       0.000       0.000       0.000       0.000       0.000                           -0.4167E-07 -0.4167E-07   0.000    
  18921600.0   10.88681973   11.0098   0.000       0.000      0.1230E-02  0.4859E-06 -0.3247E-01  0.3124E-01   0.000       0.000       0.000       0.000        0.000       0.000       0.000       0.000       0.000       0.000                            0.4859E-06  0.4859E-06   0.000    
  19008000.0   10.87605374   10.9984   0.000       0.000      0.1223E-02  0.6230E-06 -0.3231E-01  0.3109E-01   0.000       0.000       0.000       0.000        0.000       0.000       0.000       0.000       0.000       0.000                            0.6230E-06  0.6230E-06   0.000    
  19094400.0   10.86574055   10.9874   0.000       0.000      0.1216E-02  0.5968E-06 -0.3215E-01  0.3093E-01   0.000       0.000       0.000       0.000        0.000       0.000       0.000       0.000       0.000       0.000                            0.5968E-06  0.5968E-06   0.000    
  19180800.0   10.85575821   10.9767   0.000       0.000      0.1209E-02  0.5777E-06 -0.3199E-01  0.3078E-01   0.000       0.000       0.000       0.000        0.000       0.000       0.000       0.000       0.000       0.000                            0.5777E-06  0.5777E-06   0.000    
  19267200.0   10.84635764   10.9666   0.000       0.000      0.1202E-02  0.5440E-06 -0.3183E-01  0.3063E-01   0.000       0.000       0.000       0.000        0.000       0.000       0.000       0.000       0.000       0.000                            0.5440E-06  0.5440E-06   0.000    
  19353600.0   10.83696938   10.9565   0.000       0.000      0.1196E-02  0.5433E-06 -0.3167E-01  0.3048E-01   0.000       0.000       0.000       0.000        0.000       0.000       0.000       0.000       0.000       0.000                            0.5433E-06  0.5433E-06   0.000    
  19440000.0   10.82782468   10.9467   0.000       0.000      0.1189E-02  0.5292E-06 -0.3152E-01  0.3033E-01   0.000       0.000       0.000       0.000        0.000       0.000       0.000       0.000       0.000       0.000                            0.5292E-06  0.5292E-06   0.000    
  19526400.0   10.81898530   10.9372   0.000       0.000      0.1182E-02  0.5115E-06 -0.3136E-01  0.3018E-01   0.000       0.000       0.000       0.000        0.000       0.000       0.000       0.000       0.000       0.000                            0.5115E-06  0.5115E-06   0.000    
  19612800.0   10.81027164   10.9279   0.000       0.000      0.1176E-02  0.5043E-06 -0.3121E-01  0.3004E-01   0.000       0.000       0.000       0.000        0.000       0.000       0.000       0.000       0.000       0.000                            0.5043E-06  0.5043E-06   0.000    
  19699200.0   10.80184673   10.9188   0.000       0.000      0.1170E-02  0.4876E-06 -0.3106E-01  0.2989E-01   0.000       0.000       0.000       0.000        0.000       0.000       0.000       0.000       0.000       0.000                            0.4876E-06  0.4876E-06   0.000    
  19785600.0   10.79353967   10.9099   0.000       0.000      0.1164E-02  0.4807E-06 -0.3092E-01  0.2976E-01   0.000       0.000       0.000       0.000        0.000       0.000       0.000       0.000       0.000       0.000                            0.4807E-06  0.4807E-06   0.000    
  19872000.0   10.78549061   10.9013   0.000       0.000      0.1158E-02  0.4658E-06 -0.3077E-01  0.2962E-01   0.000       0.000       0.000       0.000        0.000       0.000       0.000       0.000       0.000       0.000                            0.4658E-06  0.4658E-06   0.000    
  19958400.0   10.78786017   10.9037   0.000       0.000      0.1159E-02 -0.1371E-06 -0.3075E-01  0.2960E-01   0.000       0.000       0.000       0.000        0.000       0.000       0.000       0.000       0.000       0.000                           -0.1371E-06 -0.1371E-06   0.000    
  20044800.0   10.79441954   10.9107   0.000       0.000      0.1163E-02 -0.3796E-06 -0.3079E-01  0.2963E-01   0.000       0.000       0.000       0.000        0.000       0.000       0.000       0.000       0.000       0.000                           -0.3796E-06 -0.3796E-06   0.000    
  20131200.0   10.78465919   10.9004   0.000       0.000      0.1157E-02  0.5648E-06 -0.3065E-01  0.2950E-01   0.000       0.000       0.000       0.000        0.000       0.000       0.000       0.000       0.000       0.000                            0.5648E-06  0.5648E-06   0.000    
  20217600.0   10.77877068   10.8941   0.000       0.000      0.1154E-02  0.3408E-06 -0.3056E-01  0.2941E-01   0.000       0.000       0.000       0.000        0.000       0.000       0.000       0.000       0.000       0.000                            0.3408E-06  0.3408E-06   0.000    
  20304000.0   10.77207490   10.8870   0.000       0.000      0.1149E-02  0.3875E-06 -0.3045E-01  0.2930E-01   0.000       0.000       0.000       0.000        0.000       0.000       0.000       0.000       0.000       0.000                            0.3875E-06  0.3875E-06   0.000    
  20390400.0   10.76343295   10.8777   0.000       0.000      0.1143E-02  0.5001E-06 -0.3031E-01  0.2917E-01   0.000       0.000       0.000       0.000        0.000       0.000       0.000       0.000       0.000       0.000                            0.5001E-06  0.5001E-06   0.000    
  20476800.0   10.75514536   10.8688   0.000       0.000      0.1137E-02  0.4796E-06 -0.3017E-01  0.2904E-01   0.000       0.000       0.000       0.000        0.000       0.000       0.000       0.000       0.000       0.000                            0.4796E-06  0.4796E-06   0.000    
  20563200.0   10.74712427   10.8602   0.000       0.000      0.1131E-02  0.4642E-06 -0.3004E-01  0.2890E-01   0.000       0.000       0.000       0.000        0.000       0.000       0.000       0.000       0.000       0.000                            0.4642E-06  0.4642E-06   0.000    
  20649600.0   10.73940188   10.8519   0.000       0.000      0.1125E-02  0.4469E-06 -0.2990E-01  0.2877E-01   0.000       0.000       0.000       0.000        0.000       0.000       0.000       0.000       0.000       0.000                            0.4469E-06  0.4469E-06   0.000    
  20736000.0   10.73187611   10.8438   0.000       0.000      0.1119E-02  0.4355E-06 -0.2977E-01  0.2865E-01   0.000       0.000       0.000       0.000        0.000       0.000       0.000       0.000       0.000       0.000                            0.4355E-06  0.4355E-06   0.000    
  20822400.0   10.72460904   10.8360   0.000       0.000      0.1114E-02  0.4205E-06 -0.2963E-01  0.2852E-01   0.000       0.000       0.000       0.000        0.000       0.000       0.000       0.000       0.000       0.000                            0.4205E-06  0.4205E-06   0.000    
  20908800.0   10.71749075   10.8283   0.000       0.000      0.1108E-02  0.4119E-06 -0.2950E-01  0.2839E-01   0.000       0.000       0.000       0.000        0.000       0.000       0.000       0.000       0.000       0.000                            0.4119E-06  0.4119E-06   0.000    
  20995200.0   10.71060657   10.8209   0.000       0.000      0.1103E-02  0.3984E-06 -0.2937E-01  0.2827E-01   0.000       0.000       0.000       0.000        0.000       0.000       0.000       0.000       0.000       0.000                            0.3984E-06  0.3984E-06   0.000    
  21081600.0   10.70383557   10.8136   0.000       0.000      0.1097E-02  0.3918E-06 -0.2925E-01  0.2815E-01   0.000       0.000       0.000       0.000        0.000       0.000       0.000       0.000       0.000       0.000                            0.3918E-06  0.3918E-06   0.000    
  21168000.0   10.69728068   10.8065   0.000       0.000      0.1092E-02  0.3793E-06 -0.2912E-01  0.2803E-01   0.000       0.000       0.000       0.000        0.000       0.000       0.000       0.000       0.000       0.000                            0.3793E-06  0.3793E-06   0.000    
  21254400.0   10.69080919   10.7995   0.000       0.000      0.1087E-02  0.3745E-06 -0.2900E-01  0.2791E-01   0.000       0.000       0.000       0.000        0.000       0.000       0.000       0.000       0.000       0.000                            0.3745E-06  0.3745E-06   0.000    
  21340800.0   10.68450586   10.7927   0.000       0.000      0.1082E-02  0.3648E-06 -0.2887E-01  0.2779E-01   0.000       0.000       0.000       0.000        0.000       0.000       0.000       0.000       0.000       0.000                            0.3648E-06  0.3648E-06   0.000    
  21427200.0   10.67834999   10.7860   0.000       0.000      0.1077E-02  0.3562E-06 -0.2875E-01  0.2768E-01   0.000       0.000       0.000       0.000        0.000       0.000       0.000       0.000       0.000       0.000                            0.3562E-06  0.3562E-06   0.000    
  21513600.0   10.67374376   10.7811   0.000       0.000      0.1073E-02  0.2666E-06 -0.2865E-01  0.2758E-01   0.000       0.000       0.000       0.000        0.000       0.000       0.000       0.000       0.000       0.000                            0.2666E-06  0.2666E-06   0.000    
  21600000.0   10.68384355   10.7919   0.000       0.000      0.1080E-02 -0.5845E-06 -0.2875E-01  0.2767E-01   0.000       0.000       0.000       0.000        0.000       0.000       0.000       0.000       0.000       0.000                           -0.5845E-06 -0.5845E-06   0.000    
  21686400.0   10.67620499   10.7837   0.000       0.000      0.1075E-02  0.4420E-06 -0.2862E-01  0.2755E-01   0.000       0.000       0.000       0.000        0.000       0.000       0.000       0.000       0.000       0.000                            0.4420E-06  0.4420E-06   0.000    
  21772800.0   10.66904223   10.7761   0.000       0.000      0.1070E-02  0.4145E-06 -0.2851E-01  0.2744E-01   0.000       0.000       0.000       0.000        0.000       0.000       0.000       0.000       0.000       0.000                            0.4145E-06  0.4145E-06   0.000    
  21859200.0   10.66228970   10.7688   0.000       0.000      0.1065E-02  0.3908E-06 -0.2840E-01  0.2733E-01   0.000       0.000       0.000       0.000        0.000       0.000       0.000       0.000       0.000       0.000                            0.3908E-06  0.3908E-06   0.000    
  21945600.0   10.65590279   10.7619   0.000       0.000      0.1060E-02  0.3696E-06 -0.2827E-01  0.2721E-01   0.000       0.000       0.000       0.000        0.000       0.000       0.000       0.000       0.000       0.000                            0.3696E-06  0.3696E-06   0.000    
  22032000.0   10.64970702   10.7552   0.000       0.000      0.1055E-02  0.3586E-06 -0.2816E-01  0.2710E-01   0.000       0.000       0.000       0.000        0.000       0.000       0.000       0.000       0.000       0.000                            0.3586E-06  0.3586E-06   0.000    
  22118400.0   10.64372458   10.7488   0.000       0.000      0.1050E-02  0.3462E-06 -0.2804E-01  0.2699E-01   0.000       0.000       0.000       0.000        0.000       0.000       0.000       0.000       0.000       0.000                            0.3462E-06  0.3462E-06   0.000    
  22204800.0   10.63795648   10.7425   0.000       0.000      0.1045E-02  0.3338E-06 -0.2793E-01  0.2688E-01   0.000       0.000       0.000       0.000        0.000       0.000       0.000       0.000       0.000       0.000                            0.3338E-06  0.3338E-06   0.000    
  22291200.0   10.63229712   10.7364   0.000       0.000      0.1041E-02  0.3275E-06 -0.2782E-01  0.2677E-01   0.000       0.000       0.000       0.000        0.000       0.000       0.000       0.000       0.000       0.000                            0.3275E-06  0.3275E-06   0.000    
  22377600.0   10.62679160   10.7304   0.000       0.000      0.1036E-02  0.3186E-06 -0.2770E-01  0.2667E-01   0.000       0.000       0.000       0.000        0.000       0.000       0.000       0.000       0.000       0.000                            0.3186E-06  0.3186E-06   0.000    
  22464000.0   10.63912985   10.7437   0.000       0.000      0.1046E-02 -0.7140E-06 -0.2784E-01  0.2679E-01   0.000       0.000       0.000       0.000        0.000       0.000       0.000       0.000       0.000       0.000                           -0.7140E-06 -0.7140E-06   0.000    
  22550400.0   10.63410465   10.7384   0.000       0.000      0.1043E-02  0.2908E-06 -0.2775E-01  0.2671E-01   0.000       0.000       0.000       0.000        0.000       0.000       0.000       0.000       0.000       0.000                            0.2908E-06  0.2908E-06   0.000    
  22636800.0   10.63192930   10.7361   0.000       0.000      0.1041E-02  0.1259E-06 -0.2771E-01  0.2667E-01   0.000       0.000       0.000       0.000        0.000       0.000       0.000       0.000       0.000       0.000                            0.1259E-06  0.1259E-06   0.000    
  22723200.0   10.67723725   10.7849   0.000       0.000      0.1076E-02 -0.2622E-05 -0.2830E-01  0.2722E-01   0.000       0.000       0.000       0.000        0.000       0.000       0.000       0.000       0.000       0.000                           -0.2622E-05 -0.2622E-05   0.000    
  22809600.0   10.67607611   10.7839   0.000       0.000      0.1079E-02  0.6720E-07 -0.2830E-01  0.2722E-01   0.000       0.000       0.000       0.000        0.000       0.000       0.000       0.000       0.000       0.000                            0.6720E-07  0.6720E-07   0.000    
  22896000.0   10.67284524   10.7807   0.000       0.000      0.1079E-02  0.1870E-06 -0.2830E-01  0.2722E-01   0.000       0.000       0.000       0.000        0.000       0.000       0.000       0.000       0.000       0.000                            0.1870E-06  0.1870E-06   0.000    
  22982400.0   10.66853778   10.7762   0.000       0.000      0.1077E-02  0.2493E-06 -0.2826E-01  0.2719E-01   0.000       0.000       0.000       0.000        0.000       0.000       0.000       0.000       0.000       0.000                            0.2493E-06  0.2493E-06   0.000    
  23068800.0   10.66374125   10.7711   0.000       0.000      0.1074E-02  0.2776E-06 -0.2820E-01  0.2713E-01   0.000       0.000       0.000       0.000        0.000       0.000       0.000       0.000       0.000       0.000                            0.2776E-06  0.2776E-06   0.000    
  23155200.0   10.65774361   10.7647   0.000       0.000      0.1069E-02  0.3471E-06 -0.2812E-01  0.2705E-01   0.000       0.000       0.000       0.000        0.000       0.000       0.000       0.000       0.000       0.000                            0.3471E-06  0.3471E-06   0.000    
  23241600.0   10.65131902   10.7578   0.000       0.000      0.1065E-02  0.3718E-06 -0.2802E-01  0.2695E-01   0.000       0.000       0.000       0.000        0.000       0.000       0.000       0.000       0.000       0.000                            0.3718E-06  0.3718E-06   0.000    
  23328000.0   10.64454119   10.7504   0.000       0.000      0.1059E-02  0.3922E-06 -0.2791E-01  0.2685E-01   0.000       0.000       0.000       0.000        0.000       0.000       0.000       0.000       0.000       0.000                            0.3922E-06  0.3922E-06   0.000    
  23414400.0   10.63769191   10.7430   0.000       0.000      0.1053E-02  0.3964E-06 -0.2780E-01  0.2674E-01   0.000       0.000       0.000       0.000        0.000       0.000       0.000       0.000       0.000       0.000                            0.3964E-06  0.3964E-06   0.000    
  23500800.0   10.63114271   10.7359   0.000       0.000      0.1048E-02  0.3790E-06 -0.2768E-01  0.2663E-01   0.000       0.000       0.000       0.000        0.000       0.000       0.000       0.000       0.000       0.000                            0.3790E-06  0.3790E-06   0.000    
  23587200.0   10.62479166   10.7290   0.000       0.000      0.1042E-02  0.3675E-06 -0.2757E-01  0.2653E-01   0.000       0.000       0.000       0.000        0.000       0.000       0.000       0.000       0.000       0.000                            0.3675E-06  0.3675E-06   0.000    
  23673600.0   10.61855456   10.7222   0.000       0.000      0.1037E-02  0.3609E-06 -0.2745E-01  0.2641E-01   0.000       0.000       0.000       0.000        0.000       0.000       0.000       0.000       0.000       0.000                            0.3609E-06  0.3609E-06   0.000    
  23760000.0   10.61227852   10.7154   0.000       0.000      0.1031E-02  0.3632E-06 -0.2733E-01  0.2630E-01   0.000       0.000       0.000       0.000        0.000       0.000       0.000       0.000       0.000       0.000                            0.3632E-06  0.3632E-06   0.000    
  23846400.0   10.60613867   10.7087   0.000       0.000      0.1025E-02  0.3553E-06 -0.2722E-01  0.2619E-01   0.000       0.000       0.000       0.000        0.000       0.000       0.000       0.000       0.000       0.000                            0.3553E-06  0.3553E-06   0.000    
  23932800.0   10.60023772   10.7022   0.000       0.000      0.1020E-02  0.3415E-06 -0.2710E-01  0.2608E-01   0.000       0.000       0.000       0.000        0.000       0.000       0.000       0.000       0.000       0.000                            0.3415E-06  0.3415E-06   0.000    
  24019200.0   10.59453220   10.6960   0.000       0.000      0.1015E-02  0.3302E-06 -0.2699E-01  0.2597E-01   0.000       0.000       0.000       0.000        0.000       0.000       0.000       0.000       0.000       0.000                            0.3302E-06  0.3302E-06   0.000    
  24105600.0   10.58900300   10.6900   0.000       0.000      0.1010E-02  0.3200E-06 -0.2687E-01  0.2586E-01   0.000       0.000       0.000       0.000        0.000       0.000       0.000       0.000       0.000       0.000                            0.3200E-06  0.3200E-06   0.000    
  24192000.0   10.58358591   10.6840   0.000       0.000      0.1005E-02  0.3135E-06 -0.2676E-01  0.2576E-01   0.000       0.000       0.000       0.000        0.000       0.000       0.000       0.000       0.000       0.000                            0.3135E-06  0.3135E-06   0.000    
  24278400.0   10.57824791   10.6782   0.000       0.000      0.9996E-03  0.3089E-06 -0.2665E-01  0.2565E-01   0.000       0.000       0.000       0.000        0.000       0.000       0.000       0.000       0.000       0.000                            0.3089E-06  0.3089E-06   0.000    
  24364800.0   10.57304120   10.6725   0.000       0.000      0.9947E-03  0.3013E-06 -0.2654E-01  0.2555E-01   0.000       0.000       0.000       0.000        0.000       0.000       0.000       0.000       0.000       0.000                            0.3013E-06  0.3013E-06   0.000    
  24451200.0   10.56798089   10.6670   0.000       0.000      0.9900E-03  0.2928E-06 -0.2643E-01  0.2544E-01   0.000       0.000       0.000       0.000        0.000       0.000       0.000       0.000       0.000       0.000                            0.2928E-06  0.2928E-06   0.000    
  24537600.0   10.56305973   10.6616   0.000       0.000      0.9854E-03  0.2848E-06 -0.2633E-01  0.2534E-01   0.000       0.000       0.000       0.000        0.000       0.000       0.000       0.000       0.000       0.000                            0.2848E-06  0.2848E-06   0.000    
  24624000.0   10.55827099   10.6564   0.000       0.000      0.9808E-03  0.2771E-06 -0.2622E-01  0.2524E-01   0.000       0.000       0.000       0.000        0.000       0.000       0.000       0.000       0.000       0.000                            0.2771E-06  0.2771E-06   0.000    
  24710400.0   10.55361781   10.6513   0.000       0.000      0.9763E-03  0.2693E-06 -0.2612E-01  0.2514E-01   0.000       0.000       0.000       0.000        0.000       0.000       0.000       0.000       0.000       0.000                            0.2693E-06  0.2693E-06   0.000    
  24796800.0   10.54904024   10.6462   0.000       0.000      0.9720E-03  0.2649E-06 -0.2601E-01  0.2504E-01   0.000       0.000       0.000       0.000        0.000       0.000       0.000       0.000       0.000       0.000                            0.2649E-06  0.2649E-06   0.000    
  24883200.0   10.54478778   10.6416   0.000       0.000      0.9680E-03  0.2461E-06 -0.2592E-01  0.2495E-01   0.000       0.000       0.000       0.000        0.000       0.000       0.000       0.000       0.000       0.000                            0.2461E-06  0.2461E-06   0.000    
  24969600.0   10.54510248   10.6419   0.000       0.000      0.9680E-03 -0.1821E-07 -0.2589E-01  0.2492E-01   0.000       0.000       0.000       0.000        0.000       0.000       0.000       0.000       0.000       0.000                           -0.1821E-07 -0.1821E-07   0.000    
  25056000.0   10.54042468   10.6368   0.000       0.000      0.9640E-03  0.2707E-06 -0.2579E-01  0.2483E-01   0.000       0.000       0.000       0.000        0.000       0.000       0.000       0.000       0.000       0.000                            0.2707E-06  0.2707E-06   0.000    
  25142400.0   10.53588323   10.6319   0.000       0.000      0.9599E-03  0.2628E-06 -0.2570E-01  0.2474E-01   0.000       0.000       0.000       0.000        0.000       0.000       0.000       0.000       0.000       0.000                            0.2628E-06  0.2628E-06   0.000    
  25228800.0   10.54046047   10.6368   0.000       0.000      0.9638E-03 -0.2649E-06 -0.2574E-01  0.2478E-01   0.000       0.000       0.000       0.000        0.000       0.000       0.000       0.000       0.000       0.000                           -0.2649E-06 -0.2649E-06   0.000    
  25315200.0   10.53622910   10.6323   0.000       0.000      0.9604E-03  0.2449E-06 -0.2565E-01  0.2469E-01   0.000       0.000       0.000       0.000        0.000       0.000       0.000       0.000       0.000       0.000                            0.2449E-06  0.2449E-06   0.000    
  25401600.0   10.53679663   10.6329   0.000       0.000      0.9611E-03 -0.3284E-07 -0.2564E-01  0.2468E-01   0.000       0.000       0.000       0.000        0.000       0.000       0.000       0.000       0.000       0.000                           -0.3284E-07 -0.3284E-07   0.000    
  25488000.0   10.53693034   10.6331   0.000       0.000      0.9615E-03 -0.7738E-08 -0.2563E-01  0.2467E-01   0.000       0.000       0.000       0.000        0.000       0.000       0.000       0.000       0.000       0.000                           -0.7738E-08 -0.7738E-08   0.000    
  25574400.0   10.53998567   10.6364   0.000       0.000      0.9646E-03 -0.1768E-06 -0.2566E-01  0.2469E-01   0.000       0.000       0.000       0.000        0.000       0.000       0.000       0.000       0.000       0.000                           -0.1768E-06 -0.1768E-06   0.000    
  25660800.0   10.53628409   10.6325   0.000       0.000      0.9619E-03  0.2142E-06 -0.2559E-01  0.2463E-01   0.000       0.000       0.000       0.000        0.000       0.000       0.000       0.000       0.000       0.000                            0.2142E-06  0.2142E-06   0.000    
  25747200.0   10.54310822   10.6399   0.000       0.000      0.9682E-03 -0.3949E-06 -0.2568E-01  0.2472E-01   0.000       0.000       0.000       0.000        0.000       0.000       0.000       0.000       0.000       0.000                           -0.3949E-06 -0.3949E-06   0.000    
  25833600.0   10.58108081   10.6812   0.000       0.000      0.1001E-02 -0.2197E-05 -0.2624E-01  0.2524E-01   0.000       0.000       0.000       0.000        0.000       0.000       0.000       0.000       0.000       0.000                           -0.2197E-05 -0.2197E-05   0.000    
  25920000.0   10.63217086   10.7368   0.000       0.000      0.1046E-02 -0.2957E-05 -0.2699E-01  0.2595E-01   0.000       0.000       0.000       0.000        0.000       0.000       0.000       0.000       0.000       0.000                           -0.2957E-05 -0.2957E-05   0.000    
  26006400.0   10.68390671   10.7930   0.000       0.000      0.1091E-02 -0.2994E-05 -0.2777E-01  0.2668E-01   0.000       0.000       0.000       0.000        0.000       0.000       0.000       0.000       0.000       0.000                           -0.2994E-05 -0.2994E-05   0.000    
  26092800.0   10.69828646   10.8091   0.000       0.000      0.1108E-02 -0.8322E-06 -0.2809E-01  0.2698E-01   0.000       0.000       0.000       0.000        0.000       0.000       0.000       0.000       0.000       0.000                           -0.8322E-06 -0.8322E-06   0.000    
  26179200.0   10.69389886   10.8049   0.000       0.000      0.1110E-02  0.2539E-06 -0.2817E-01  0.2705E-01   0.000       0.000       0.000       0.000        0.000       0.000       0.000       0.000       0.000       0.000                            0.2539E-06  0.2539E-06   0.000    
  26265600.0   10.68558928   10.7962   0.000       0.000      0.1107E-02  0.4809E-06 -0.2814E-01  0.2704E-01   0.000       0.000       0.000       0.000        0.000       0.000       0.000       0.000       0.000       0.000                            0.4809E-06  0.4809E-06   0.000    
  26352000.0   10.67614273   10.7862   0.000       0.000      0.1101E-02  0.5467E-06 -0.2807E-01  0.2697E-01   0.000       0.000       0.000       0.000        0.000       0.000       0.000       0.000       0.000       0.000                            0.5467E-06  0.5467E-06   0.000    
  26438400.0   10.66650343   10.7759   0.000       0.000      0.1094E-02  0.5578E-06 -0.2797E-01  0.2688E-01   0.000       0.000       0.000       0.000        0.000       0.000       0.000       0.000       0.000       0.000                            0.5578E-06  0.5578E-06   0.000    
  26524800.0   10.65690850   10.7655   0.000       0.000      0.1086E-02  0.5553E-06 -0.2785E-01  0.2677E-01   0.000       0.000       0.000       0.000        0.000       0.000       0.000       0.000       0.000       0.000                            0.5553E-06  0.5553E-06   0.000    
  26611200.0   10.64712352   10.7549   0.000       0.000      0.1077E-02  0.5663E-06 -0.2772E-01  0.2664E-01   0.000       0.000       0.000       0.000        0.000       0.000       0.000       0.000       0.000       0.000                            0.5663E-06  0.5663E-06   0.000    
  26697600.0   10.63786174   10.7448   0.000       0.000      0.1069E-02  0.5360E-06 -0.2759E-01  0.2652E-01   0.000       0.000       0.000       0.000        0.000       0.000       0.000       0.000       0.000       0.000                            0.5360E-06  0.5360E-06   0.000    
  26784000.0   10.62895167   10.7350   0.000       0.000      0.1061E-02  0.5156E-06 -0.2745E-01  0.2639E-01   0.000       0.000       0.000       0.000        0.000       0.000       0.000       0.000       0.000       0.000                            0.5156E-06  0.5156E-06   0.000    
  26870400.0   10.65680063   10.7649   0.000       0.000      0.1081E-02 -0.1612E-05 -0.2780E-01  0.2672E-01   0.000       0.000       0.000       0.000        0.000       0.000       0.000       0.000       0.000       0.000                           -0.1612E-05 -0.1612E-05   0.000    
  26956800.0   10.67473340   10.7843   0.000       0.000      0.1095E-02 -0.1038E-05 -0.2804E-01  0.2695E-01   0.000       0.000       0.000       0.000        0.000       0.000       0.000       0.000       0.000       0.000                           -0.1038E-05 -0.1038E-05   0.000    
  27043200.0   10.69186734   10.8028   0.000       0.000      0.1110E-02 -0.9915E-06 -0.2831E-01  0.2720E-01   0.000       0.000       0.000       0.000        0.000       0.000       0.000       0.000       0.000       0.000                           -0.9915E-06 -0.9915E-06   0.000    
  27129600.0   10.69762928   10.8092   0.000       0.000      0.1116E-02 -0.3334E-06 -0.2843E-01  0.2731E-01   0.000       0.000       0.000       0.000        0.000       0.000       0.000       0.000       0.000       0.000                           -0.3334E-06 -0.3334E-06   0.000    
  27216000.0   10.70754830   10.8200   0.000       0.000      0.1125E-02 -0.5740E-06 -0.2861E-01  0.2748E-01   0.000       0.000       0.000       0.000        0.000       0.000       0.000       0.000       0.000       0.000                           -0.5740E-06 -0.5740E-06   0.000    
  27302400.0   10.73176098   10.8461   0.000       0.000      0.1143E-02 -0.1401E-05 -0.2895E-01  0.2781E-01   0.000       0.000       0.000       0.000        0.000       0.000       0.000       0.000       0.000       0.000                           -0.1401E-05 -0.1401E-05   0.000    
  27388800.0   10.77919258   10.8970   0.000       0.000      0.1178E-02 -0.2745E-05 -0.2958E-01  0.2840E-01   0.000       0.000       0.000       0.000        0.000       0.000       0.000       0.000       0.000       0.000                           -0.2745E-05 -0.2745E-05   0.000    
  27475200.0   10.82101038   10.9420   0.000       0.000      0.1210E-02 -0.2420E-05 -0.3015E-01  0.2895E-01   0.000       0.000       0.000       0.000        0.000       0.000       0.000       0.000       0.000       0.000                           -0.2420E-05 -0.2420E-05   0.000    
  27561600.0   10.81916932   10.9406   0.000       0.000      0.1214E-02  0.1065E-06 -0.3026E-01  0.2905E-01   0.000       0.000       0.000       0.000        0.000       0.000       0.000       0.000       0.000       0.000                            0.1065E-06  0.1065E-06   0.000    
  27648000.0   10.81038133   10.9315   0.000       0.000      0.1211E-02  0.5086E-06 -0.3027E-01  0.2906E-01   0.000       0.000       0.000       0.000        0.000       0.000       0.000       0.000       0.000       0.000                            0.5086E-06  0.5086E-06   0.000    
  27734400.0   10.79789536   10.9183   0.000       0.000      0.1204E-02  0.7226E-06 -0.3019E-01  0.2898E-01   0.000       0.000       0.000       0.000        0.000       0.000       0.000       0.000       0.000       0.000                            0.7226E-06  0.7226E-06   0.000    
  27820800.0   10.78680001   10.9064   0.000       0.000      0.1196E-02  0.6421E-06 -0.3009E-01  0.2889E-01   0.000       0.000       0.000       0.000        0.000       0.000       0.000       0.000       0.000       0.000                            0.6421E-06  0.6421E-06   0.000    
  27907200.0   10.77813433   10.8970   0.000       0.000      0.1189E-02  0.5015E-06 -0.3000E-01  0.2881E-01   0.000       0.000       0.000       0.000        0.000       0.000       0.000       0.000       0.000       0.000                            0.5015E-06  0.5015E-06   0.000    
  27993600.0   10.79857155   10.9187   0.000       0.000      0.1201E-02 -0.1183E-05 -0.3024E-01  0.2904E-01   0.000       0.000       0.000       0.000        0.000       0.000       0.000       0.000       0.000       0.000                           -0.1183E-05 -0.1183E-05   0.000    
  28080000.0   10.82971997   10.9519   0.000       0.000      0.1222E-02 -0.1803E-05 -0.3062E-01  0.2940E-01   0.000       0.000       0.000       0.000        0.000       0.000       0.000       0.000       0.000       0.000                           -0.1803E-05 -0.1803E-05   0.000    
  28166400.0   10.84649911   10.9699   0.000       0.000      0.1234E-02 -0.9710E-06 -0.3086E-01  0.2963E-01   0.000       0.000       0.000       0.000        0.000       0.000       0.000       0.000       0.000       0.000                           -0.9710E-06 -0.9710E-06   0.000    
  28252800.0   10.83990295   10.9631   0.000       0.000      0.1232E-02  0.3817E-06 -0.3086E-01  0.2963E-01   0.000       0.000       0.000       0.000        0.000       0.000       0.000       0.000       0.000       0.000                            0.3817E-06  0.3817E-06   0.000    
  28339200.0   10.82831403   10.9509   0.000       0.000      0.1226E-02  0.6707E-06 -0.3079E-01  0.2956E-01   0.000       0.000       0.000       0.000        0.000       0.000       0.000       0.000       0.000       0.000                            0.6707E-06  0.6707E-06   0.000    
  28425600.0   10.81518051   10.9368   0.000       0.000      0.1217E-02  0.7600E-06 -0.3066E-01  0.2944E-01   0.000       0.000       0.000       0.000        0.000       0.000       0.000       0.000       0.000       0.000                            0.7600E-06  0.7600E-06   0.000    
  28512000.0   10.80168149   10.9223   0.000       0.000      0.1206E-02  0.7812E-06 -0.3050E-01  0.2930E-01   0.000       0.000       0.000       0.000        0.000       0.000       0.000       0.000       0.000       0.000                            0.7812E-06  0.7812E-06   0.000    
  28598400.0   10.78823046   10.9078   0.000       0.000      0.1195E-02  0.7784E-06 -0.3033E-01  0.2914E-01   0.000       0.000       0.000       0.000        0.000       0.000       0.000       0.000       0.000       0.000                            0.7784E-06  0.7784E-06   0.000    
  28684800.0   10.77507906   10.8935   0.000       0.000      0.1184E-02  0.7611E-06 -0.3016E-01  0.2897E-01   0.000       0.000       0.000       0.000        0.000       0.000       0.000       0.000       0.000       0.000                            0.7611E-06  0.7611E-06   0.000    
  28771200.0   10.76230409   10.8796   0.000       0.000      0.1173E-02  0.7393E-06 -0.2997E-01  0.2880E-01   0.000       0.000       0.000       0.000        0.000       0.000       0.000       0.000       0.000       0.000                            0.7393E-06  0.7393E-06   0.000    
  28857600.0   10.74997072   10.8662   0.000       0.000      0.1163E-02  0.7137E-06 -0.2979E-01  0.2863E-01   0.000       0.000       0.000       0.000        0.000       0.000       0.000       0.000       0.000       0.000                            0.7137E-06  0.7137E-06   0.000    
  28944000.0   10.73796542   10.8531   0.000       0.000      0.1152E-02  0.6948E-06 -0.2960E-01  0.2845E-01   0.000       0.000       0.000       0.000        0.000       0.000       0.000       0.000       0.000       0.000                            0.6948E-06  0.6948E-06   0.000    
  29030400.0   10.72625652   10.8404   0.000       0.000      0.1141E-02  0.6776E-06 -0.2941E-01  0.2827E-01   0.000       0.000       0.000       0.000        0.000       0.000       0.000       0.000       0.000       0.000                            0.6776E-06  0.6776E-06   0.000    
  29116800.0   10.71498814   10.8281   0.000       0.000      0.1131E-02  0.6521E-06 -0.2922E-01  0.2809E-01   0.000       0.000       0.000       0.000        0.000       0.000       0.000       0.000       0.000       0.000                            0.6521E-06  0.6521E-06   0.000    
  29203200.0   10.70394097   10.8160   0.000       0.000      0.1120E-02  0.6393E-06 -0.2904E-01  0.2792E-01   0.000       0.000       0.000       0.000        0.000       0.000       0.000       0.000       0.000       0.000                            0.6393E-06  0.6393E-06   0.000    
  29289600.0   10.69333056   10.8044   0.000       0.000      0.1111E-02  0.6140E-06 -0.2885E-01  0.2774E-01   0.000       0.000       0.000       0.000        0.000       0.000       0.000       0.000       0.000       0.000                            0.6140E-06  0.6140E-06   0.000    
  29376000.0   10.68320293   10.7933   0.000       0.000      0.1101E-02  0.5861E-06 -0.2867E-01  0.2757E-01   0.000       0.000       0.000       0.000        0.000       0.000       0.000       0.000       0.000       0.000                            0.5861E-06  0.5861E-06   0.000    
  29462400.0   10.67355046   10.7827   0.000       0.000      0.1092E-02  0.5586E-06 -0.2849E-01  0.2740E-01   0.000       0.000       0.000       0.000        0.000       0.000       0.000       0.000       0.000       0.000                            0.5586E-06  0.5586E-06   0.000    
  29548800.0   10.66423989   10.7725   0.000       0.000      0.1083E-02  0.5388E-06 -0.2832E-01  0.2724E-01   0.000       0.000       0.000       0.000        0.000       0.000       0.000       0.000       0.000       0.000                            0.5388E-06  0.5388E-06   0.000    
  29635200.0   10.65524367   10.7627   0.000       0.000      0.1074E-02  0.5206E-06 -0.2815E-01  0.2707E-01   0.000       0.000       0.000       0.000        0.000       0.000       0.000       0.000       0.000       0.000                            0.5206E-06  0.5206E-06   0.000    
  29721600.0   10.64656870   10.7532   0.000       0.000      0.1066E-02  0.5020E-06 -0.2798E-01  0.2692E-01   0.000       0.000       0.000       0.000        0.000       0.000       0.000       0.000       0.000       0.000                            0.5020E-06  0.5020E-06   0.000    
  29808000.0   10.63811377   10.7439   0.000       0.000      0.1058E-02  0.4893E-06 -0.2782E-01  0.2676E-01   0.000       0.000       0.000       0.000        0.000       0.000       0.000       0.000       0.000       0.000                            0.4893E-06  0.4893E-06   0.000    
  29894400.0   10.62991413   10.7349   0.000       0.000      0.1050E-02  0.4745E-06 -0.2765E-01  0.2660E-01   0.000       0.000       0.000       0.000        0.000       0.000       0.000       0.000       0.000       0.000                            0.4745E-06  0.4745E-06   0.000    
  29980800.0   10.62195795   10.7262   0.000       0.000      0.1042E-02  0.4604E-06 -0.2749E-01  0.2645E-01   0.000       0.000       0.000       0.000        0.000       0.000       0.000       0.000       0.000       0.000                            0.4604E-06  0.4604E-06   0.000    
  30067200.0   10.61431035   10.7178   0.000       0.000      0.1035E-02  0.4426E-06 -0.2734E-01  0.2630E-01   0.000       0.000       0.000       0.000        0.000       0.000       0.000       0.000       0.000       0.000                            0.4426E-06  0.4426E-06   0.000    
  30153600.0   10.60693273   10.7097   0.000       0.000      0.1028E-02  0.4269E-06 -0.2719E-01  0.2616E-01   0.000       0.000       0.000       0.000        0.000       0.000       0.000       0.000       0.000       0.000                            0.4269E-06  0.4269E-06   0.000    
  30240000.0   10.59981489   10.7019   0.000       0.000      0.1021E-02  0.4119E-06 -0.2704E-01  0.2601E-01   0.000       0.000       0.000       0.000        0.000       0.000       0.000       0.000       0.000       0.000                            0.4119E-06  0.4119E-06   0.000    
  30326400.0   10.59290514   10.6943   0.000       0.000      0.1014E-02  0.3999E-06 -0.2689E-01  0.2587E-01   0.000       0.000       0.000       0.000        0.000       0.000       0.000       0.000       0.000       0.000                            0.3999E-06  0.3999E-06   0.000    
  30412800.0   10.58620674   10.6870   0.000       0.000      0.1008E-02  0.3876E-06 -0.2675E-01  0.2574E-01   0.000       0.000       0.000       0.000        0.000       0.000       0.000       0.000       0.000       0.000                            0.3876E-06  0.3876E-06   0.000    
  30499200.0   10.57972693   10.6798   0.000       0.000      0.1001E-02  0.3750E-06 -0.2661E-01  0.2560E-01   0.000       0.000       0.000       0.000        0.000       0.000       0.000       0.000       0.000       0.000                            0.3750E-06  0.3750E-06   0.000    
  30585600.0   10.57344158   10.6729   0.000       0.000      0.9951E-03  0.3637E-06 -0.2647E-01  0.2547E-01   0.000       0.000       0.000       0.000        0.000       0.000       0.000       0.000       0.000       0.000                            0.3637E-06  0.3637E-06   0.000    
  30672000.0   10.56735106   10.6663   0.000       0.000      0.9891E-03  0.3525E-06 -0.2633E-01  0.2534E-01   0.000       0.000       0.000       0.000        0.000       0.000       0.000       0.000       0.000       0.000                            0.3525E-06  0.3525E-06   0.000    
  30758400.0   10.56144411   10.6598   0.000       0.000      0.9833E-03  0.3418E-06 -0.2620E-01  0.2522E-01   0.000       0.000       0.000       0.000        0.000       0.000       0.000       0.000       0.000       0.000                            0.3418E-06  0.3418E-06   0.000    
  30844800.0   10.55570997   10.6535   0.000       0.000      0.9777E-03  0.3318E-06 -0.2607E-01  0.2509E-01   0.000       0.000       0.000       0.000        0.000       0.000       0.000       0.000       0.000       0.000                            0.3318E-06  0.3318E-06   0.000    
  30931200.0   10.55012867   10.6474   0.000       0.000      0.9722E-03  0.3230E-06 -0.2594E-01  0.2497E-01   0.000       0.000       0.000       0.000        0.000       0.000       0.000       0.000       0.000       0.000                            0.3230E-06  0.3230E-06   0.000    
  31017600.0   10.54469436   10.6414   0.000       0.000      0.9669E-03  0.3145E-06 -0.2582E-01  0.2485E-01   0.000       0.000       0.000       0.000        0.000       0.000       0.000       0.000       0.000       0.000                            0.3145E-06  0.3145E-06   0.000    
  31104000.0   10.53941115   10.6356   0.000       0.000      0.9617E-03  0.3057E-06 -0.2570E-01  0.2474E-01   0.000       0.000       0.000       0.000        0.000       0.000       0.000       0.000       0.000       0.000                            0.3057E-06  0.3057E-06   0.000    
  31190400.0   10.53427115   10.6299   0.000       0.000      0.9566E-03  0.2975E-06 -0.2558E-01  0.2462E-01   0.000       0.000       0.000       0.000        0.000       0.000       0.000       0.000       0.000       0.000                            0.2975E-06  0.2975E-06   0.000    
  31276800.0   10.53007791   10.6253   0.000       0.000      0.9524E-03  0.2427E-06 -0.2547E-01  0.2452E-01   0.000       0.000       0.000       0.000        0.000       0.000       0.000       0.000       0.000       0.000                            0.2427E-06  0.2427E-06   0.000    
  31363200.0   10.52510419   10.6199   0.000       0.000      0.9477E-03  0.2878E-06 -0.2536E-01  0.2441E-01   0.000       0.000       0.000       0.000        0.000       0.000       0.000       0.000       0.000       0.000                            0.2878E-06  0.2878E-06   0.000    
  31449600.0   10.52027319   10.6146   0.000       0.000      0.9430E-03  0.2796E-06 -0.2525E-01  0.2430E-01   0.000       0.000       0.000       0.000        0.000       0.000       0.000       0.000       0.000       0.000                            0.2796E-06  0.2796E-06   0.000    
  31536000.0   10.51557028   10.6094   0.000       0.000      0.9383E-03  0.2722E-06 -0.2514E-01  0.2420E-01   0.000       0.000       0.000       0.000        0.000       0.000       0.000       0.000       0.000       0.000                            0.2722E-06  0.2722E-06   0.000    
  31622400.0   10.51057578   10.6039   0.000       0.000      0.9335E-03  0.2890E-06 -0.2502E-01  0.2409E-01   0.000       0.000       0.000       0.000        0.000       0.000       0.000       0.000       0.000       0.000                            0.2890E-06  0.2890E-06   0.000    
