   TOTIM (T)          HCON      HMAT     QDIR      QWELL        QMAT QCADS<->CON       QTUB1       QTUB2       QTUB3       QTUB4       QTUB5       QTUB6       NSTOR        QFIX        QLH     FHLQ (LQ)      CAUCHY CAUCHY (LQ) BREAK-DOWN CADS FLOW  QCADS<->CON    Q_CDSSTO    Q_CDSRCH
     86400.0   10.78306933   10.9387   0.000       0.000      0.1556E-02   0.000     -0.4667E-01  0.4512E-01   0.000       0.000       0.000       0.000        0.000       0.000       0.000       0.000       0.000       0.000                             0.000       0.000       0.000    
    172800.0   10.76571787   10.9201   0.000       0.000      0.1543E-02  0.1004E-05 -0.4626E-01  0.4472E-01   0.000       0.000       0.000       0.000        0.000       0.000       0.000       0.000       0.000       0.000                            0.1004E-05  0.1004E-05   0.000    
    259200.0   10.76609107   10.9204   0.000       0.000      0.1543E-02 -0.2160E-07 -0.4622E-01  0.4467E-01   0.000       0.000       0.000       0.000        0.000       0.000       0.000       0.000       0.000       0.000                           -0.2160E-07 -0.2160E-07   0.000    
    345600.0   10.76453231   10.9186   0.000       0.000      0.1541E-02  0.9021E-07 -0.4615E-01  0.4461E-01   0.000       0.000       0.000       0.000        0.000       0.000       0.000       0.000       0.000       0.000                            0.9021E-07  0.9021E-07   0.000    
    432000.0   10.77612948   10.9310   0.000       0.000      0.1549E-02 -0.6711E-06 -0.4641E-01  0.4486E-01   0.000       0.000       0.000       0.000        0.000       0.000       0.000       0.000       0.000       0.000                           -0.6711E-06 -0.6711E-06   0.000    
    518400.0   10.78300424   10.9384   0.000       0.000      0.1554E-02 -0.3978E-06 -0.4659E-01  0.4504E-01   0.000       0.000       0.000       0.000        0.000       0.000       0.000       0.000       0.000       0.000                           -0.3978E-06 -0.3978E-06   0.000    
    604800.0   10.78500397   10.9406   0.000       0.000      0.1556E-02 -0.1157E-06 -0.4667E-01  0.4511E-01   0.000       0.000       0.000       0.000        0.000       0.000       0.000       0.000       0.000       0.000                           -0.1157E-06 -0.1157E-06   0.000    
    691200.0   10.80275305   10.9597   0.000       0.000      0.1569E-02 -0.1027E-05 -0.4711E-01  0.4554E-01   0.000       0.000       0.000       0.000        0.000       0.000       0.000       0.000       0.000       0.000                           -0.1027E-05 -0.1027E-05   0.000    
    777600.0   10.85103919   11.0115   0.000       0.000      0.1604E-02 -0.2794E-05 -0.4826E-01  0.4666E-01   0.000       0.000       0.000       0.000        0.000       0.000       0.000       0.000       0.000       0.000                           -0.2794E-05 -0.2794E-05   0.000    
    864000.0   10.92214622   11.0877   0.000       0.000      0.1655E-02 -0.4115E-05 -0.4996E-01  0.4831E-01   0.000       0.000       0.000       0.000        0.000       0.000       0.000       0.000       0.000       0.000                           -0.4115E-05 -0.4115E-05   0.000    
    950400.0   10.95406862   11.1222   0.000       0.000      0.1682E-02 -0.1847E-05 -0.5093E-01  0.4925E-01   0.000       0.000       0.000       0.000        0.000       0.000       0.000       0.000       0.000       0.000                           -0.1847E-05 -0.1847E-05   0.000    
   1036800.0   11.03134928   11.2049   0.000       0.000      0.1735E-02 -0.4472E-05 -0.5270E-01  0.5097E-01   0.000       0.000       0.000       0.000        0.000       0.000       0.000       0.000       0.000       0.000                           -0.4472E-05 -0.4472E-05   0.000    
   1123200.0   11.17064244   11.3529   0.000       0.000      0.1822E-02 -0.8061E-05 -0.5556E-01  0.5374E-01   0.000       0.000       0.000       0.000        0.000       0.000       0.000       0.000       0.000       0.000                           -0.8061E-05 -0.8061E-05   0.000    
   1209600.0   11.15315233   11.3357   0.000       0.000      0.1825E-02  0.1012E-05 -0.5587E-01  0.5405E-01   0.000       0.000       0.000       0.000        0.000       0.000       0.000       0.000       0.000       0.000                            0.1012E-05  0.1012E-05   0.000    
   1296000.0   11.13228064   11.3145   0.000       0.000      0.1822E-02  0.1208E-05 -0.5581E-01  0.5399E-01   0.000       0.000       0.000       0.000        0.000       0.000       0.000       0.000       0.000       0.000                            0.1208E-05  0.1208E-05   0.000    
   1382400.0   11.11139197   11.2928   0.000       0.000      0.1814E-02  0.1209E-05 -0.5554E-01  0.5372E-01   0.000       0.000       0.000       0.000        0.000       0.000       0.000       0.000       0.000       0.000                            0.1209E-05  0.1209E-05   0.000    
   1468800.0   11.09074079   11.2712   0.000       0.000      0.1805E-02  0.1195E-05 -0.5519E-01  0.5338E-01   0.000       0.000       0.000       0.000        0.000       0.000       0.000       0.000       0.000       0.000                            0.1195E-05  0.1195E-05   0.000    
   1555200.0   11.06866238   11.2480   0.000       0.000      0.1793E-02  0.1278E-05 -0.5476E-01  0.5296E-01   0.000       0.000       0.000       0.000        0.000       0.000       0.000       0.000       0.000       0.000                            0.1278E-05  0.1278E-05   0.000    
   1641600.0   11.04652243   11.2245   0.000       0.000      0.1780E-02  0.1281E-05 -0.5428E-01  0.5250E-01   0.000       0.000       0.000       0.000        0.000       0.000       0.000       0.000       0.000       0.000                            0.1281E-05  0.1281E-05   0.000    
   1728000.0   11.02778549   11.2046   0.000       0.000      0.1768E-02  0.1084E-05 -0.5384E-01  0.5207E-01   0.000       0.000       0.000       0.000        0.000       0.000       0.000       0.000       0.000       0.000                            0.1084E-05  0.1084E-05   0.000    
   1814400.0   11.01129626   11.1870   0.000       0.000      0.1757E-02  0.9542E-06 -0.5343E-01  0.5168E-01   0.000       0.000       0.000       0.000        0.000       0.000       0.000       0.000       0.000       0.000                            0.9542E-06  0.9542E-06   0.000    
   1900800.0   10.99292010   11.1674   0.000       0.000      0.1745E-02  0.1063E-05 -0.5298E-01  0.5123E-01   0.000       0.000       0.000       0.000        0.000       0.000       0.000       0.000       0.000       0.000                            0.1063E-05  0.1063E-05   0.000    
   1987200.0   10.97600816   11.1493   0.000       0.000      0.1733E-02  0.9787E-06 -0.5255E-01  0.5082E-01   0.000       0.000       0.000       0.000        0.000       0.000       0.000       0.000       0.000       0.000                            0.9787E-06  0.9787E-06   0.000    
   2073600.0   10.96209396   11.1344   0.000       0.000      0.1723E-02  0.8052E-06 -0.5218E-01  0.5045E-01   0.000       0.000       0.000       0.000        0.000       0.000       0.000       0.000       0.000       0.000                            0.8052E-06  0.8052E-06   0.000    
   2160000.0   10.94596061   11.1171   0.000       0.000      0.1711E-02  0.9336E-06 -0.5176E-01  0.5004E-01   0.000       0.000       0.000       0.000        0.000       0.000       0.000       0.000       0.000       0.000                            0.9336E-06  0.9336E-06   0.000    
   2246400.0   10.93001172   11.1000   0.000       0.000      0.1700E-02  0.9230E-06 -0.5134E-01  0.4964E-01   0.000       0.000       0.000       0.000        0.000       0.000       0.000       0.000       0.000       0.000                            0.9230E-06  0.9230E-06   0.000    
   2332800.0   10.91450543   11.0833   0.000       0.000      0.1688E-02  0.8974E-06 -0.5091E-01  0.4922E-01   0.000       0.000       0.000       0.000        0.000       0.000       0.000       0.000       0.000       0.000                            0.8974E-06  0.8974E-06   0.000    
   2419200.0   10.89937987   11.0670   0.000       0.000      0.1676E-02  0.8753E-06 -0.5049E-01  0.4881E-01   0.000       0.000       0.000       0.000        0.000       0.000       0.000       0.000       0.000       0.000                            0.8753E-06  0.8753E-06   0.000    
   2505600.0   10.89260431   11.0595   0.000       0.000      0.1669E-02  0.3921E-06 -0.5024E-01  0.4857E-01   0.000       0.000       0.000       0.000        0.000       0.000       0.000       0.000       0.000       0.000                            0.3921E-06  0.3921E-06   0.000    
   2592000.0   10.88264004   11.0488   0.000       0.000      0.1661E-02  0.5766E-06 -0.4996E-01  0.4830E-01   0.000       0.000       0.000       0.000        0.000       0.000       0.000       0.000       0.000       0.000                            0.5766E-06  0.5766E-06   0.000    
   2678400.0   10.90144313   11.0687   0.000       0.000      0.1672E-02 -0.1088E-05 -0.5029E-01  0.4861E-01   0.000       0.000       0.000       0.000        0.000       0.000       0.000       0.000       0.000       0.000                           -0.1088E-05 -0.1088E-05   0.000    
   2764800.0   10.97612078   11.1481   0.000       0.000      0.1720E-02 -0.4322E-05 -0.5181E-01  0.5010E-01   0.000       0.000       0.000       0.000        0.000       0.000       0.000       0.000       0.000       0.000                           -0.4322E-05 -0.4322E-05   0.000    
   2851200.0   11.15970921   11.3428   0.000       0.000      0.1831E-02 -0.1062E-04 -0.5541E-01  0.5359E-01   0.000       0.000       0.000       0.000        0.000       0.000       0.000       0.000       0.000       0.000                           -0.1062E-04 -0.1062E-04   0.000    
   2937600.0   11.12608708   11.3085   0.000       0.000      0.1824E-02  0.1946E-05 -0.5549E-01  0.5367E-01   0.000       0.000       0.000       0.000        0.000       0.000       0.000       0.000       0.000       0.000                            0.1946E-05  0.1946E-05   0.000    
   3024000.0   11.13267876   11.3162   0.000       0.000      0.1835E-02 -0.3815E-06 -0.5588E-01  0.5404E-01   0.000       0.000       0.000       0.000        0.000       0.000       0.000       0.000       0.000       0.000                           -0.3815E-06 -0.3815E-06   0.000    
   3110400.0   11.13425969   11.3183   0.000       0.000      0.1841E-02 -0.9149E-07 -0.5605E-01  0.5421E-01   0.000       0.000       0.000       0.000        0.000       0.000       0.000       0.000       0.000       0.000                           -0.9149E-07 -0.9149E-07   0.000    
   3196800.0   11.12247392   11.3062   0.000       0.000      0.1837E-02  0.6820E-06 -0.5594E-01  0.5410E-01   0.000       0.000       0.000       0.000        0.000       0.000       0.000       0.000       0.000       0.000                            0.6820E-06  0.6820E-06   0.000    
   3283200.0   11.10456646   11.2875   0.000       0.000      0.1829E-02  0.1036E-05 -0.5566E-01  0.5383E-01   0.000       0.000       0.000       0.000        0.000       0.000       0.000       0.000       0.000       0.000                            0.1036E-05  0.1036E-05   0.000    
   3369600.0   11.10725779   11.2904   0.000       0.000      0.1831E-02 -0.1557E-06 -0.5568E-01  0.5385E-01   0.000       0.000       0.000       0.000        0.000       0.000       0.000       0.000       0.000       0.000                           -0.1557E-06 -0.1557E-06   0.000    
   3456000.0   11.12181171   11.3058   0.000       0.000      0.1840E-02 -0.8422E-06 -0.5593E-01  0.5410E-01   0.000       0.000       0.000       0.000        0.000       0.000       0.000       0.000       0.000       0.000                           -0.8422E-06 -0.8422E-06   0.000    
   3542400.0   11.14450515   11.3300   0.000       0.000      0.1855E-02 -0.1313E-05 -0.5640E-01  0.5455E-01   0.000       0.000       0.000       0.000        0.000       0.000       0.000       0.000       0.000       0.000                           -0.1313E-05 -0.1313E-05   0.000    
   3628800.0   11.15296652   11.3392   0.000       0.000      0.1862E-02 -0.4897E-06 -0.5665E-01  0.5479E-01   0.000       0.000       0.000       0.000        0.000       0.000       0.000       0.000       0.000       0.000                           -0.4897E-06 -0.4897E-06   0.000    
   3715200.0   11.14137980   11.3272   0.000       0.000      0.1858E-02  0.6705E-06 -0.5653E-01  0.5467E-01   0.000       0.000       0.000       0.000        0.000       0.000       0.000       0.000       0.000       0.000                            0.6705E-06  0.6705E-06   0.000    
   3801600.0   11.14506560   11.3312   0.000       0.000      0.1861E-02 -0.2133E-06 -0.5662E-01  0.5475E-01   0.000       0.000       0.000       0.000        0.000       0.000       0.000       0.000       0.000       0.000                           -0.2133E-06 -0.2133E-06   0.000    
   3888000.0   11.15781759   11.3448   0.000       0.000      0.1870E-02 -0.7380E-06 -0.5686E-01  0.5499E-01   0.000       0.000       0.000       0.000        0.000       0.000       0.000       0.000       0.000       0.000                           -0.7380E-06 -0.7380E-06   0.000    
   3974400.0   11.18644895   11.3752   0.000       0.000      0.1887E-02 -0.1657E-05 -0.5741E-01  0.5552E-01   0.000       0.000       0.000       0.000        0.000       0.000       0.000       0.000       0.000       0.000                           -0.1657E-05 -0.1657E-05   0.000    
   4060800.0   11.20954508   11.3998   0.000       0.000      0.1902E-02 -0.1337E-05 -0.5791E-01  0.5601E-01   0.000       0.000       0.000       0.000        0.000       0.000       0.000       0.000       0.000       0.000                           -0.1337E-05 -0.1337E-05   0.000    
   4147200.0   11.19788637   11.3879   0.000       0.000      0.1900E-02  0.6747E-06 -0.5786E-01  0.5596E-01   0.000       0.000       0.000       0.000        0.000       0.000       0.000       0.000       0.000       0.000                            0.6747E-06  0.6747E-06   0.000    
   4233600.0   11.17966128   11.3688   0.000       0.000      0.1892E-02  0.1055E-05 -0.5759E-01  0.5570E-01   0.000       0.000       0.000       0.000        0.000       0.000       0.000       0.000       0.000       0.000                            0.1055E-05  0.1055E-05   0.000    
   4320000.0   11.16445739   11.3529   0.000       0.000      0.1884E-02  0.8799E-06 -0.5732E-01  0.5543E-01   0.000       0.000       0.000       0.000        0.000       0.000       0.000       0.000       0.000       0.000                            0.8799E-06  0.8799E-06   0.000    
   4406400.0   11.14816345   11.3357   0.000       0.000      0.1875E-02  0.9429E-06 -0.5698E-01  0.5511E-01   0.000       0.000       0.000       0.000        0.000       0.000       0.000       0.000       0.000       0.000                            0.9429E-06  0.9429E-06   0.000    
   4492800.0   11.13514010   11.3219   0.000       0.000      0.1867E-02  0.7537E-06 -0.5669E-01  0.5482E-01   0.000       0.000       0.000       0.000        0.000       0.000       0.000       0.000       0.000       0.000                            0.7537E-06  0.7537E-06   0.000    
   4579200.0   11.11825462   11.3040   0.000       0.000      0.1857E-02  0.9772E-06 -0.5633E-01  0.5447E-01   0.000       0.000       0.000       0.000        0.000       0.000       0.000       0.000       0.000       0.000                            0.9772E-06  0.9772E-06   0.000    
   4665600.0   11.10042198   11.2850   0.000       0.000      0.1846E-02  0.1032E-05 -0.5592E-01  0.5408E-01   0.000       0.000       0.000       0.000        0.000       0.000       0.000       0.000       0.000       0.000                            0.1032E-05  0.1032E-05   0.000    
   4752000.0   11.12589846   11.3118   0.000       0.000      0.1859E-02 -0.1474E-05 -0.5629E-01  0.5443E-01   0.000       0.000       0.000       0.000        0.000       0.000       0.000       0.000       0.000       0.000                           -0.1474E-05 -0.1474E-05   0.000    
   4838400.0   11.16274369   11.3507   0.000       0.000      0.1880E-02 -0.2132E-05 -0.5695E-01  0.5507E-01   0.000       0.000       0.000       0.000        0.000       0.000       0.000       0.000       0.000       0.000                           -0.2132E-05 -0.2132E-05   0.000    
   4924800.0   11.20406376   11.3945   0.000       0.000      0.1904E-02 -0.2391E-05 -0.5776E-01  0.5586E-01   0.000       0.000       0.000       0.000        0.000       0.000       0.000       0.000       0.000       0.000                           -0.2391E-05 -0.2391E-05   0.000    
   5011200.0   11.22981484   11.4221   0.000       0.000      0.1922E-02 -0.1490E-05 -0.5838E-01  0.5646E-01   0.000       0.000       0.000       0.000        0.000       0.000       0.000       0.000       0.000       0.000                           -0.1490E-05 -0.1490E-05   0.000    
   5097600.0   11.21725313   11.4092   0.000       0.000      0.1920E-02  0.7270E-06 -0.5834E-01  0.5642E-01   0.000       0.000       0.000       0.000        0.000       0.000       0.000       0.000       0.000       0.000                            0.7270E-06  0.7270E-06   0.000    
   5184000.0   11.19876106   11.3900   0.000       0.000      0.1912E-02  0.1070E-05 -0.5811E-01  0.5619E-01   0.000       0.000       0.000       0.000        0.000       0.000       0.000       0.000       0.000       0.000                            0.1070E-05  0.1070E-05   0.000    
   5270400.0   11.18252604   11.3729   0.000       0.000      0.1904E-02  0.9395E-06 -0.5780E-01  0.5590E-01   0.000       0.000       0.000       0.000        0.000       0.000       0.000       0.000       0.000       0.000                            0.9395E-06  0.9395E-06   0.000    
   5356800.0   11.16390538   11.3533   0.000       0.000      0.1894E-02  0.1078E-05 -0.5745E-01  0.5555E-01   0.000       0.000       0.000       0.000        0.000       0.000       0.000       0.000       0.000       0.000                            0.1078E-05  0.1078E-05   0.000    
   5443200.0   11.17343125   11.3633   0.000       0.000      0.1898E-02 -0.5513E-06 -0.5754E-01  0.5564E-01   0.000       0.000       0.000       0.000        0.000       0.000       0.000       0.000       0.000       0.000                           -0.5513E-06 -0.5513E-06   0.000    
   5529600.0   11.18575348   11.3762   0.000       0.000      0.1905E-02 -0.7131E-06 -0.5773E-01  0.5583E-01   0.000       0.000       0.000       0.000        0.000       0.000       0.000       0.000       0.000       0.000                           -0.7131E-06 -0.7131E-06   0.000    
   5616000.0   11.19908009   11.3904   0.000       0.000      0.1913E-02 -0.7712E-06 -0.5800E-01  0.5609E-01   0.000       0.000       0.000       0.000        0.000       0.000       0.000       0.000       0.000       0.000                           -0.7712E-06 -0.7712E-06   0.000    
   5702400.0   11.20768198   11.3996   0.000       0.000      0.1920E-02 -0.4978E-06 -0.5821E-01  0.5629E-01   0.000       0.000       0.000       0.000        0.000       0.000       0.000       0.000       0.000       0.000                           -0.4978E-06 -0.4978E-06   0.000    
   5788800.0   11.20333850   11.3952   0.000       0.000      0.1919E-02  0.2514E-06 -0.5819E-01  0.5627E-01   0.000       0.000       0.000       0.000        0.000       0.000       0.000       0.000       0.000       0.000                            0.2514E-06  0.2514E-06   0.000    
   5875200.0   11.20422466   11.3963   0.000       0.000      0.1920E-02 -0.5128E-07 -0.5823E-01  0.5631E-01   0.000       0.000       0.000       0.000        0.000       0.000       0.000       0.000       0.000       0.000                           -0.5128E-07 -0.5128E-07   0.000    
   5961600.0   11.20006200   11.3920   0.000       0.000      0.1919E-02  0.2409E-06 -0.5818E-01  0.5626E-01   0.000       0.000       0.000       0.000        0.000       0.000       0.000       0.000       0.000       0.000                            0.2409E-06  0.2409E-06   0.000    
   6048000.0   11.18750679   11.3787   0.000       0.000      0.1912E-02  0.7266E-06 -0.5796E-01  0.5604E-01   0.000       0.000       0.000       0.000        0.000       0.000       0.000       0.000       0.000       0.000                            0.7266E-06  0.7266E-06   0.000    
   6134400.0   11.17109511   11.3615   0.000       0.000      0.1904E-02  0.9498E-06 -0.5765E-01  0.5575E-01   0.000       0.000       0.000       0.000        0.000       0.000       0.000       0.000       0.000       0.000                            0.9498E-06  0.9498E-06   0.000    
   6220800.0   11.15319672   11.3425   0.000       0.000      0.1893E-02  0.1036E-05 -0.5728E-01  0.5538E-01   0.000       0.000       0.000       0.000        0.000       0.000       0.000       0.000       0.000       0.000                            0.1036E-05  0.1036E-05   0.000    
   6307200.0   11.13464987   11.3228   0.000       0.000      0.1882E-02  0.1073E-05 -0.5688E-01  0.5500E-01   0.000       0.000       0.000       0.000        0.000       0.000       0.000       0.000       0.000       0.000                            0.1073E-05  0.1073E-05   0.000    
   6393600.0   11.11623171   11.3032   0.000       0.000      0.1869E-02  0.1066E-05 -0.5645E-01  0.5458E-01   0.000       0.000       0.000       0.000        0.000       0.000       0.000       0.000       0.000       0.000                            0.1066E-05  0.1066E-05   0.000    
   6480000.0   11.09795722   11.2837   0.000       0.000      0.1857E-02  0.1058E-05 -0.5602E-01  0.5417E-01   0.000       0.000       0.000       0.000        0.000       0.000       0.000       0.000       0.000       0.000                            0.1058E-05  0.1058E-05   0.000    
   6566400.0   11.08005007   11.2645   0.000       0.000      0.1844E-02  0.1036E-05 -0.5558E-01  0.5373E-01   0.000       0.000       0.000       0.000        0.000       0.000       0.000       0.000       0.000       0.000                            0.1036E-05  0.1036E-05   0.000    
   6652800.0   11.06233947   11.2456   0.000       0.000      0.1832E-02  0.1025E-05 -0.5515E-01  0.5332E-01   0.000       0.000       0.000       0.000        0.000       0.000       0.000       0.000       0.000       0.000                            0.1025E-05  0.1025E-05   0.000    
   6739200.0   11.04528104   11.2272   0.000       0.000      0.1819E-02  0.9872E-06 -0.5471E-01  0.5289E-01   0.000       0.000       0.000       0.000        0.000       0.000       0.000       0.000       0.000       0.000                            0.9872E-06  0.9872E-06   0.000    
   6825600.0   11.02824743   11.2089   0.000       0.000      0.1807E-02  0.9857E-06 -0.5428E-01  0.5247E-01   0.000       0.000       0.000       0.000        0.000       0.000       0.000       0.000       0.000       0.000                            0.9857E-06  0.9857E-06   0.000    
   6912000.0   11.01150990   11.1909   0.000       0.000      0.1794E-02  0.9686E-06 -0.5383E-01  0.5203E-01   0.000       0.000       0.000       0.000        0.000       0.000       0.000       0.000       0.000       0.000                            0.9686E-06  0.9686E-06   0.000    
   6998400.0   10.99505963   11.1732   0.000       0.000      0.1782E-02  0.9520E-06 -0.5340E-01  0.5162E-01   0.000       0.000       0.000       0.000        0.000       0.000       0.000       0.000       0.000       0.000                            0.9520E-06  0.9520E-06   0.000    
   7084800.0   10.97927015   11.1562   0.000       0.000      0.1769E-02  0.9137E-06 -0.5298E-01  0.5121E-01   0.000       0.000       0.000       0.000        0.000       0.000       0.000       0.000       0.000       0.000                            0.9137E-06  0.9137E-06   0.000    
   7171200.0   10.96404047   11.1397   0.000       0.000      0.1757E-02  0.8813E-06 -0.5256E-01  0.5080E-01   0.000       0.000       0.000       0.000        0.000       0.000       0.000       0.000       0.000       0.000                            0.8813E-06  0.8813E-06   0.000    
   7257600.0   10.94920023   11.1237   0.000       0.000      0.1745E-02  0.8588E-06 -0.5215E-01  0.5040E-01   0.000       0.000       0.000       0.000        0.000       0.000       0.000       0.000       0.000       0.000                            0.8588E-06  0.8588E-06   0.000    
   7344000.0   10.93495945   11.1083   0.000       0.000      0.1733E-02  0.8241E-06 -0.5174E-01  0.5001E-01   0.000       0.000       0.000       0.000        0.000       0.000       0.000       0.000       0.000       0.000                            0.8241E-06  0.8241E-06   0.000    
   7430400.0   10.92213439   11.0943   0.000       0.000      0.1722E-02  0.7422E-06 -0.5138E-01  0.4965E-01   0.000       0.000       0.000       0.000        0.000       0.000       0.000       0.000       0.000       0.000                            0.7422E-06  0.7422E-06   0.000    
   7516800.0   10.90957229   11.0807   0.000       0.000      0.1711E-02  0.7270E-06 -0.5101E-01  0.4929E-01   0.000       0.000       0.000       0.000        0.000       0.000       0.000       0.000       0.000       0.000                            0.7270E-06  0.7270E-06   0.000    
   7603200.0   10.89663787   11.0666   0.000       0.000      0.1700E-02  0.7485E-06 -0.5064E-01  0.4894E-01   0.000       0.000       0.000       0.000        0.000       0.000       0.000       0.000       0.000       0.000                            0.7485E-06  0.7485E-06   0.000    
   7689600.0   10.88418320   11.0531   0.000       0.000      0.1689E-02  0.7208E-06 -0.5027E-01  0.4858E-01   0.000       0.000       0.000       0.000        0.000       0.000       0.000       0.000       0.000       0.000                            0.7208E-06  0.7208E-06   0.000    
   7776000.0   10.87259228   11.0405   0.000       0.000      0.1679E-02  0.6708E-06 -0.4993E-01  0.4825E-01   0.000       0.000       0.000       0.000        0.000       0.000       0.000       0.000       0.000       0.000                            0.6708E-06  0.6708E-06   0.000    
   7862400.0   10.86095570   11.0278   0.000       0.000      0.1668E-02  0.6734E-06 -0.4957E-01  0.4791E-01   0.000       0.000       0.000       0.000        0.000       0.000       0.000       0.000       0.000       0.000                            0.6734E-06  0.6734E-06   0.000    
   7948800.0   10.84961987   11.0154   0.000       0.000      0.1658E-02  0.6560E-06 -0.4924E-01  0.4758E-01   0.000       0.000       0.000       0.000        0.000       0.000       0.000       0.000       0.000       0.000                            0.6560E-06  0.6560E-06   0.000    
   8035200.0   10.83872503   11.0035   0.000       0.000      0.1647E-02  0.6305E-06 -0.4890E-01  0.4725E-01   0.000       0.000       0.000       0.000        0.000       0.000       0.000       0.000       0.000       0.000                            0.6305E-06  0.6305E-06   0.000    
   8121600.0   10.82807473   10.9918   0.000       0.000      0.1638E-02  0.6163E-06 -0.4858E-01  0.4694E-01   0.000       0.000       0.000       0.000        0.000       0.000       0.000       0.000       0.000       0.000                            0.6163E-06  0.6163E-06   0.000    
   8208000.0   10.81783249   10.9806   0.000       0.000      0.1628E-02  0.5927E-06 -0.4825E-01  0.4663E-01   0.000       0.000       0.000       0.000        0.000       0.000       0.000       0.000       0.000       0.000                            0.5927E-06  0.5927E-06   0.000    
   8294400.0   10.80778935   10.9696   0.000       0.000      0.1618E-02  0.5812E-06 -0.4795E-01  0.4633E-01   0.000       0.000       0.000       0.000        0.000       0.000       0.000       0.000       0.000       0.000                            0.5812E-06  0.5812E-06   0.000    
   8380800.0   10.85307865   11.0178   0.000       0.000      0.1648E-02 -0.2621E-05 -0.4889E-01  0.4724E-01   0.000       0.000       0.000       0.000        0.000       0.000       0.000       0.000       0.000       0.000                           -0.2621E-05 -0.2621E-05   0.000    
   8467200.0   10.85749647   11.0226   0.000       0.000      0.1651E-02 -0.2557E-06 -0.4907E-01  0.4742E-01   0.000       0.000       0.000       0.000        0.000       0.000       0.000       0.000       0.000       0.000                           -0.2557E-06 -0.2557E-06   0.000    
   8553600.0   10.85825004   11.0235   0.000       0.000      0.1652E-02 -0.4361E-07 -0.4915E-01  0.4750E-01   0.000       0.000       0.000       0.000        0.000       0.000       0.000       0.000       0.000       0.000                           -0.4361E-07 -0.4361E-07   0.000    
   8640000.0   10.85419187   11.0191   0.000       0.000      0.1649E-02  0.2348E-06 -0.4908E-01  0.4743E-01   0.000       0.000       0.000       0.000        0.000       0.000       0.000       0.000       0.000       0.000                            0.2348E-06  0.2348E-06   0.000    
   8726400.0   10.84770187   11.0122   0.000       0.000      0.1644E-02  0.3756E-06 -0.4894E-01  0.4729E-01   0.000       0.000       0.000       0.000        0.000       0.000       0.000       0.000       0.000       0.000                            0.3756E-06  0.3756E-06   0.000    
   8812800.0   10.84003241   11.0039   0.000       0.000      0.1638E-02  0.4438E-06 -0.4874E-01  0.4710E-01   0.000       0.000       0.000       0.000        0.000       0.000       0.000       0.000       0.000       0.000                            0.4438E-06  0.4438E-06   0.000    
   8899200.0   10.83031883   10.9933   0.000       0.000      0.1630E-02  0.5621E-06 -0.4849E-01  0.4686E-01   0.000       0.000       0.000       0.000        0.000       0.000       0.000       0.000       0.000       0.000                            0.5621E-06  0.5621E-06   0.000    
   8985600.0   10.82709172   10.9897   0.000       0.000      0.1626E-02  0.1868E-06 -0.4836E-01  0.4674E-01   0.000       0.000       0.000       0.000        0.000       0.000       0.000       0.000       0.000       0.000                            0.1868E-06  0.1868E-06   0.000    
   9072000.0   10.83475092   10.9978   0.000       0.000      0.1630E-02 -0.4432E-06 -0.4849E-01  0.4686E-01   0.000       0.000       0.000       0.000        0.000       0.000       0.000       0.000       0.000       0.000                           -0.4432E-06 -0.4432E-06   0.000    
   9158400.0   10.83090094   10.9936   0.000       0.000      0.1627E-02  0.2228E-06 -0.4840E-01  0.4678E-01   0.000       0.000       0.000       0.000        0.000       0.000       0.000       0.000       0.000       0.000                            0.2228E-06  0.2228E-06   0.000    
   9244800.0   10.85836146   11.0229   0.000       0.000      0.1645E-02 -0.1589E-05 -0.4901E-01  0.4737E-01   0.000       0.000       0.000       0.000        0.000       0.000       0.000       0.000       0.000       0.000                           -0.1589E-05 -0.1589E-05   0.000    
   9331200.0   10.92798256   11.0972   0.000       0.000      0.1692E-02 -0.4029E-05 -0.5055E-01  0.4887E-01   0.000       0.000       0.000       0.000        0.000       0.000       0.000       0.000       0.000       0.000                           -0.4029E-05 -0.4029E-05   0.000    
   9417600.0   11.09771699   11.2776   0.000       0.000      0.1799E-02 -0.9823E-05 -0.5406E-01  0.5228E-01   0.000       0.000       0.000       0.000        0.000       0.000       0.000       0.000       0.000       0.000                           -0.9823E-05 -0.9823E-05   0.000    
   9504000.0   11.22263129   11.4105   0.000       0.000      0.1879E-02 -0.7229E-05 -0.5684E-01  0.5497E-01   0.000       0.000       0.000       0.000        0.000       0.000       0.000       0.000       0.000       0.000                           -0.7229E-05 -0.7229E-05   0.000    
   9590400.0   11.19989051   11.3880   0.000       0.000      0.1881E-02  0.1316E-05 -0.5717E-01  0.5529E-01   0.000       0.000       0.000       0.000        0.000       0.000       0.000       0.000       0.000       0.000                            0.1316E-05  0.1316E-05   0.000    
   9676800.0   11.17179227   11.3593   0.000       0.000      0.1875E-02  0.1626E-05 -0.5702E-01  0.5515E-01   0.000       0.000       0.000       0.000        0.000       0.000       0.000       0.000       0.000       0.000                            0.1626E-05  0.1626E-05   0.000    
   9763200.0   11.14185342   11.3281   0.000       0.000      0.1862E-02  0.1733E-05 -0.5660E-01  0.5474E-01   0.000       0.000       0.000       0.000        0.000       0.000       0.000       0.000       0.000       0.000                            0.1733E-05  0.1733E-05   0.000    
   9849600.0   11.11333520   11.2981   0.000       0.000      0.1847E-02  0.1650E-05 -0.5609E-01  0.5424E-01   0.000       0.000       0.000       0.000        0.000       0.000       0.000       0.000       0.000       0.000                            0.1650E-05  0.1650E-05   0.000    
   9936000.0   11.13169412   11.3174   0.000       0.000      0.1857E-02 -0.1062E-05 -0.5634E-01  0.5448E-01   0.000       0.000       0.000       0.000        0.000       0.000       0.000       0.000       0.000       0.000                           -0.1062E-05 -0.1062E-05   0.000    
  10022400.0   11.14686328   11.3336   0.000       0.000      0.1867E-02 -0.8778E-06 -0.5664E-01  0.5477E-01   0.000       0.000       0.000       0.000        0.000       0.000       0.000       0.000       0.000       0.000                           -0.8778E-06 -0.8778E-06   0.000    
  10108800.0   11.15144170   11.3386   0.000       0.000      0.1871E-02 -0.2650E-06 -0.5680E-01  0.5492E-01   0.000       0.000       0.000       0.000        0.000       0.000       0.000       0.000       0.000       0.000                           -0.2650E-06 -0.2650E-06   0.000    
  10195200.0   11.16384172   11.3518   0.000       0.000      0.1880E-02 -0.7176E-06 -0.5707E-01  0.5519E-01   0.000       0.000       0.000       0.000        0.000       0.000       0.000       0.000       0.000       0.000                           -0.7176E-06 -0.7176E-06   0.000    
  10281600.0   11.17046139   11.3590   0.000       0.000      0.1886E-02 -0.3831E-06 -0.5725E-01  0.5537E-01   0.000       0.000       0.000       0.000        0.000       0.000       0.000       0.000       0.000       0.000                           -0.3831E-06 -0.3831E-06   0.000    
  10368000.0   11.15821455   11.3463   0.000       0.000      0.1881E-02  0.7087E-06 -0.5712E-01  0.5524E-01   0.000       0.000       0.000       0.000        0.000       0.000       0.000       0.000       0.000       0.000                            0.7087E-06  0.7087E-06   0.000    
  10454400.0   11.13937507   11.3265   0.000       0.000      0.1872E-02  0.1090E-05 -0.5680E-01  0.5492E-01   0.000       0.000       0.000       0.000        0.000       0.000       0.000       0.000       0.000       0.000                            0.1090E-05  0.1090E-05   0.000    
  10540800.0   11.13840321   11.3255   0.000       0.000      0.1871E-02  0.5624E-07 -0.5674E-01  0.5487E-01   0.000       0.000       0.000       0.000        0.000       0.000       0.000       0.000       0.000       0.000                            0.5624E-07  0.5624E-07   0.000    
  10627200.0   11.14662530   11.3342   0.000       0.000      0.1876E-02 -0.4758E-06 -0.5687E-01  0.5499E-01   0.000       0.000       0.000       0.000        0.000       0.000       0.000       0.000       0.000       0.000                           -0.4758E-06 -0.4758E-06   0.000    
  10713600.0   11.14722562   11.3349   0.000       0.000      0.1877E-02 -0.3474E-07 -0.5690E-01  0.5502E-01   0.000       0.000       0.000       0.000        0.000       0.000       0.000       0.000       0.000       0.000                           -0.3474E-07 -0.3474E-07   0.000    
  10800000.0   11.13806806   11.3253   0.000       0.000      0.1872E-02  0.5300E-06 -0.5675E-01  0.5488E-01   0.000       0.000       0.000       0.000        0.000       0.000       0.000       0.000       0.000       0.000                            0.5300E-06  0.5300E-06   0.000    
  10886400.0   11.12272521   11.3092   0.000       0.000      0.1864E-02  0.8879E-06 -0.5648E-01  0.5461E-01   0.000       0.000       0.000       0.000        0.000       0.000       0.000       0.000       0.000       0.000                            0.8879E-06  0.8879E-06   0.000    
  10972800.0   11.10435497   11.2897   0.000       0.000      0.1853E-02  0.1063E-05 -0.5609E-01  0.5424E-01   0.000       0.000       0.000       0.000        0.000       0.000       0.000       0.000       0.000       0.000                            0.1063E-05  0.1063E-05   0.000    
  11059200.0   11.08286158   11.2669   0.000       0.000      0.1840E-02  0.1244E-05 -0.5563E-01  0.5379E-01   0.000       0.000       0.000       0.000        0.000       0.000       0.000       0.000       0.000       0.000                            0.1244E-05  0.1244E-05   0.000    
  11145600.0   11.06125570   11.2438   0.000       0.000      0.1826E-02  0.1250E-05 -0.5514E-01  0.5331E-01   0.000       0.000       0.000       0.000        0.000       0.000       0.000       0.000       0.000       0.000                            0.1250E-05  0.1250E-05   0.000    
  11232000.0   11.04064879   11.2218   0.000       0.000      0.1811E-02  0.1193E-05 -0.5463E-01  0.5281E-01   0.000       0.000       0.000       0.000        0.000       0.000       0.000       0.000       0.000       0.000                            0.1193E-05  0.1193E-05   0.000    
  11318400.0   11.02084429   11.2006   0.000       0.000      0.1797E-02  0.1146E-05 -0.5414E-01  0.5234E-01   0.000       0.000       0.000       0.000        0.000       0.000       0.000       0.000       0.000       0.000                            0.1146E-05  0.1146E-05   0.000    
  11404800.0   11.02503843   11.2048   0.000       0.000      0.1797E-02 -0.2427E-06 -0.5410E-01  0.5230E-01   0.000       0.000       0.000       0.000        0.000       0.000       0.000       0.000       0.000       0.000                           -0.2427E-06 -0.2427E-06   0.000    
  11491200.0   11.00756630   11.1861   0.000       0.000      0.1785E-02  0.1011E-05 -0.5369E-01  0.5191E-01   0.000       0.000       0.000       0.000        0.000       0.000       0.000       0.000       0.000       0.000                            0.1011E-05  0.1011E-05   0.000    
  11577600.0   11.03329076   11.2132   0.000       0.000      0.1799E-02 -0.1489E-05 -0.5410E-01  0.5231E-01   0.000       0.000       0.000       0.000        0.000       0.000       0.000       0.000       0.000       0.000                           -0.1489E-05 -0.1489E-05   0.000    
  11664000.0   11.10490814   11.2890   0.000       0.000      0.1841E-02 -0.4145E-05 -0.5546E-01  0.5362E-01   0.000       0.000       0.000       0.000        0.000       0.000       0.000       0.000       0.000       0.000                           -0.4145E-05 -0.4145E-05   0.000    
  11750400.0   11.27656799   11.4703   0.000       0.000      0.1938E-02 -0.9934E-05 -0.5857E-01  0.5664E-01   0.000       0.000       0.000       0.000        0.000       0.000       0.000       0.000       0.000       0.000                           -0.9934E-05 -0.9934E-05   0.000    
  11836800.0   11.24390584   11.4371   0.000       0.000      0.1932E-02  0.1890E-05 -0.5865E-01  0.5672E-01   0.000       0.000       0.000       0.000        0.000       0.000       0.000       0.000       0.000       0.000                            0.1890E-05  0.1890E-05   0.000    
  11923200.0   11.21420380   11.4065   0.000       0.000      0.1923E-02  0.1719E-05 -0.5842E-01  0.5649E-01   0.000       0.000       0.000       0.000        0.000       0.000       0.000       0.000       0.000       0.000                            0.1719E-05  0.1719E-05   0.000    
  12009600.0   11.18667736   11.3777   0.000       0.000      0.1910E-02  0.1593E-05 -0.5799E-01  0.5608E-01   0.000       0.000       0.000       0.000        0.000       0.000       0.000       0.000       0.000       0.000                            0.1593E-05  0.1593E-05   0.000    
  12096000.0   11.17970680   11.3704   0.000       0.000      0.1906E-02  0.4034E-06 -0.5783E-01  0.5592E-01   0.000       0.000       0.000       0.000        0.000       0.000       0.000       0.000       0.000       0.000                            0.4034E-06  0.4034E-06   0.000    
  12182400.0   11.17051267   11.3607   0.000       0.000      0.1902E-02  0.5321E-06 -0.5764E-01  0.5574E-01   0.000       0.000       0.000       0.000        0.000       0.000       0.000       0.000       0.000       0.000                            0.5321E-06  0.5321E-06   0.000    
  12268800.0   11.15542537   11.3447   0.000       0.000      0.1893E-02  0.8731E-06 -0.5734E-01  0.5545E-01   0.000       0.000       0.000       0.000        0.000       0.000       0.000       0.000       0.000       0.000                            0.8731E-06  0.8731E-06   0.000    
  12355200.0   11.13667781   11.3249   0.000       0.000      0.1882E-02  0.1085E-05 -0.5697E-01  0.5508E-01   0.000       0.000       0.000       0.000        0.000       0.000       0.000       0.000       0.000       0.000                            0.1085E-05  0.1085E-05   0.000    
  12441600.0   11.12328863   11.3106   0.000       0.000      0.1873E-02  0.7748E-06 -0.5665E-01  0.5478E-01   0.000       0.000       0.000       0.000        0.000       0.000       0.000       0.000       0.000       0.000                            0.7748E-06  0.7748E-06   0.000    
  12528000.0   11.16824418   11.3580   0.000       0.000      0.1897E-02 -0.2602E-05 -0.5736E-01  0.5546E-01   0.000       0.000       0.000       0.000        0.000       0.000       0.000       0.000       0.000       0.000                           -0.2602E-05 -0.2602E-05   0.000    
  12614400.0   11.22003044   11.4127   0.000       0.000      0.1926E-02 -0.2997E-05 -0.5831E-01  0.5639E-01   0.000       0.000       0.000       0.000        0.000       0.000       0.000       0.000       0.000       0.000                           -0.2997E-05 -0.2997E-05   0.000    
  12700800.0   11.21171723   11.4043   0.000       0.000      0.1926E-02  0.4811E-06 -0.5838E-01  0.5646E-01   0.000       0.000       0.000       0.000        0.000       0.000       0.000       0.000       0.000       0.000                            0.4811E-06  0.4811E-06   0.000    
  12787200.0   11.19619287   11.3882   0.000       0.000      0.1920E-02  0.8984E-06 -0.5821E-01  0.5629E-01   0.000       0.000       0.000       0.000        0.000       0.000       0.000       0.000       0.000       0.000                            0.8984E-06  0.8984E-06   0.000    
  12873600.0   11.17545997   11.3664   0.000       0.000      0.1910E-02  0.1200E-05 -0.5786E-01  0.5595E-01   0.000       0.000       0.000       0.000        0.000       0.000       0.000       0.000       0.000       0.000                            0.1200E-05  0.1200E-05   0.000    
  12960000.0   11.18008374   11.3712   0.000       0.000      0.1912E-02 -0.2676E-06 -0.5789E-01  0.5597E-01   0.000       0.000       0.000       0.000        0.000       0.000       0.000       0.000       0.000       0.000                           -0.2676E-06 -0.2676E-06   0.000    
  13046400.0   11.17080286   11.3615   0.000       0.000      0.1907E-02  0.5371E-06 -0.5772E-01  0.5581E-01   0.000       0.000       0.000       0.000        0.000       0.000       0.000       0.000       0.000       0.000                            0.5371E-06  0.5371E-06   0.000    
  13132800.0   11.15707803   11.3469   0.000       0.000      0.1899E-02  0.7943E-06 -0.5745E-01  0.5555E-01   0.000       0.000       0.000       0.000        0.000       0.000       0.000       0.000       0.000       0.000                            0.7943E-06  0.7943E-06   0.000    
  13219200.0   11.14740052   11.3367   0.000       0.000      0.1893E-02  0.5600E-06 -0.5723E-01  0.5533E-01   0.000       0.000       0.000       0.000        0.000       0.000       0.000       0.000       0.000       0.000                            0.5600E-06  0.5600E-06   0.000    
  13305600.0   11.13326556   11.3217   0.000       0.000      0.1884E-02  0.8180E-06 -0.5693E-01  0.5505E-01   0.000       0.000       0.000       0.000        0.000       0.000       0.000       0.000       0.000       0.000                            0.8180E-06  0.8180E-06   0.000    
  13392000.0   11.15436595   11.3438   0.000       0.000      0.1895E-02 -0.1221E-05 -0.5723E-01  0.5534E-01   0.000       0.000       0.000       0.000        0.000       0.000       0.000       0.000       0.000       0.000                           -0.1221E-05 -0.1221E-05   0.000    
  13478400.0   11.17018708   11.3606   0.000       0.000      0.1904E-02 -0.9156E-06 -0.5753E-01  0.5563E-01   0.000       0.000       0.000       0.000        0.000       0.000       0.000       0.000       0.000       0.000                           -0.9156E-06 -0.9156E-06   0.000    
  13564800.0   11.16571573   11.3560   0.000       0.000      0.1902E-02  0.2588E-06 -0.5752E-01  0.5561E-01   0.000       0.000       0.000       0.000        0.000       0.000       0.000       0.000       0.000       0.000                            0.2588E-06  0.2588E-06   0.000    
  13651200.0   11.15626118   11.3460   0.000       0.000      0.1898E-02  0.5471E-06 -0.5737E-01  0.5547E-01   0.000       0.000       0.000       0.000        0.000       0.000       0.000       0.000       0.000       0.000                            0.5471E-06  0.5471E-06   0.000    
  13737600.0   11.14274359   11.3318   0.000       0.000      0.1890E-02  0.7823E-06 -0.5712E-01  0.5523E-01   0.000       0.000       0.000       0.000        0.000       0.000       0.000       0.000       0.000       0.000                            0.7823E-06  0.7823E-06   0.000    
  13824000.0   11.18678956   11.3782   0.000       0.000      0.1914E-02 -0.2549E-05 -0.5782E-01  0.5591E-01   0.000       0.000       0.000       0.000        0.000       0.000       0.000       0.000       0.000       0.000                           -0.2549E-05 -0.2549E-05   0.000    
  13910400.0   11.25004716   11.4450   0.000       0.000      0.1949E-02 -0.3661E-05 -0.5898E-01  0.5703E-01   0.000       0.000       0.000       0.000        0.000       0.000       0.000       0.000       0.000       0.000                           -0.3661E-05 -0.3661E-05   0.000    
  13996800.0   11.24854467   11.4439   0.000       0.000      0.1953E-02  0.8695E-07 -0.5920E-01  0.5724E-01   0.000       0.000       0.000       0.000        0.000       0.000       0.000       0.000       0.000       0.000                            0.8695E-07  0.8695E-07   0.000    
  14083200.0   11.23406167   11.4289   0.000       0.000      0.1949E-02  0.8381E-06 -0.5908E-01  0.5713E-01   0.000       0.000       0.000       0.000        0.000       0.000       0.000       0.000       0.000       0.000                            0.8381E-06  0.8381E-06   0.000    
  14169600.0   11.24854856   11.4443   0.000       0.000      0.1958E-02 -0.8384E-06 -0.5935E-01  0.5740E-01   0.000       0.000       0.000       0.000        0.000       0.000       0.000       0.000       0.000       0.000                           -0.8384E-06 -0.8384E-06   0.000    
  14256000.0   11.26063335   11.4572   0.000       0.000      0.1966E-02 -0.6994E-06 -0.5961E-01  0.5765E-01   0.000       0.000       0.000       0.000        0.000       0.000       0.000       0.000       0.000       0.000                           -0.6994E-06 -0.6994E-06   0.000    
  14342400.0   11.32135931   11.5212   0.000       0.000      0.1999E-02 -0.3514E-05 -0.6064E-01  0.5864E-01   0.000       0.000       0.000       0.000        0.000       0.000       0.000       0.000       0.000       0.000                           -0.3514E-05 -0.3514E-05   0.000    
  14428800.0   11.47768092   11.6855   0.000       0.000      0.2078E-02 -0.9046E-05 -0.6317E-01  0.6110E-01   0.000       0.000       0.000       0.000        0.000       0.000       0.000       0.000       0.000       0.000                           -0.9046E-05 -0.9046E-05   0.000    
  14515200.0   11.47362384   11.6823   0.000       0.000      0.2087E-02  0.2348E-06 -0.6368E-01  0.6159E-01   0.000       0.000       0.000       0.000        0.000       0.000       0.000       0.000       0.000       0.000                            0.2348E-06  0.2348E-06   0.000    
  14601600.0   11.49751407   11.7081   0.000       0.000      0.2106E-02 -0.1383E-05 -0.6433E-01  0.6222E-01   0.000       0.000       0.000       0.000        0.000       0.000       0.000       0.000       0.000       0.000                           -0.1383E-05 -0.1383E-05   0.000    
  14688000.0   11.54952449   11.7631   0.000       0.000      0.2136E-02 -0.3010E-05 -0.6529E-01  0.6316E-01   0.000       0.000       0.000       0.000        0.000       0.000       0.000       0.000       0.000       0.000                           -0.3010E-05 -0.3010E-05   0.000    
  14774400.0   11.56829462   11.7834   0.000       0.000      0.2151E-02 -0.1086E-05 -0.6583E-01  0.6368E-01   0.000       0.000       0.000       0.000        0.000       0.000       0.000       0.000       0.000       0.000                           -0.1086E-05 -0.1086E-05   0.000    
  14860800.0   11.55838673   11.7736   0.000       0.000      0.2152E-02  0.5734E-06 -0.6592E-01  0.6377E-01   0.000       0.000       0.000       0.000        0.000       0.000       0.000       0.000       0.000       0.000                            0.5734E-06  0.5734E-06   0.000    
  14947200.0   11.54480178   11.7598   0.000       0.000      0.2150E-02  0.7862E-06 -0.6585E-01  0.6370E-01   0.000       0.000       0.000       0.000        0.000       0.000       0.000       0.000       0.000       0.000                            0.7862E-06  0.7862E-06   0.000    
  15033600.0   11.52296707   11.7373   0.000       0.000      0.2143E-02  0.1264E-05 -0.6561E-01  0.6346E-01   0.000       0.000       0.000       0.000        0.000       0.000       0.000       0.000       0.000       0.000                            0.1264E-05  0.1264E-05   0.000    
  15120000.0   11.49759985   11.7108   0.000       0.000      0.2132E-02  0.1468E-05 -0.6523E-01  0.6310E-01   0.000       0.000       0.000       0.000        0.000       0.000       0.000       0.000       0.000       0.000                            0.1468E-05  0.1468E-05   0.000    
  15206400.0   11.46840608   11.6803   0.000       0.000      0.2119E-02  0.1689E-05 -0.6477E-01  0.6265E-01   0.000       0.000       0.000       0.000        0.000       0.000       0.000       0.000       0.000       0.000                            0.1689E-05  0.1689E-05   0.000    
  15292800.0   11.43747391   11.6478   0.000       0.000      0.2103E-02  0.1790E-05 -0.6421E-01  0.6211E-01   0.000       0.000       0.000       0.000        0.000       0.000       0.000       0.000       0.000       0.000                            0.1790E-05  0.1790E-05   0.000    
  15379200.0   11.47715286   11.6892   0.000       0.000      0.2121E-02 -0.2296E-05 -0.6466E-01  0.6254E-01   0.000       0.000       0.000       0.000        0.000       0.000       0.000       0.000       0.000       0.000                           -0.2296E-05 -0.2296E-05   0.000    
  15465600.0   11.49601307   11.7091   0.000       0.000      0.2131E-02 -0.1091E-05 -0.6497E-01  0.6284E-01   0.000       0.000       0.000       0.000        0.000       0.000       0.000       0.000       0.000       0.000                           -0.1091E-05 -0.1091E-05   0.000    
  15552000.0   11.48143390   11.6940   0.000       0.000      0.2126E-02  0.8437E-06 -0.6486E-01  0.6273E-01   0.000       0.000       0.000       0.000        0.000       0.000       0.000       0.000       0.000       0.000                            0.8437E-06  0.8437E-06   0.000    
  15638400.0   11.45468252   11.6662   0.000       0.000      0.2115E-02  0.1548E-05 -0.6449E-01  0.6237E-01   0.000       0.000       0.000       0.000        0.000       0.000       0.000       0.000       0.000       0.000                            0.1548E-05  0.1548E-05   0.000    
  15724800.0   11.42640291   11.6365   0.000       0.000      0.2101E-02  0.1637E-05 -0.6402E-01  0.6192E-01   0.000       0.000       0.000       0.000        0.000       0.000       0.000       0.000       0.000       0.000                            0.1637E-05  0.1637E-05   0.000    
  15811200.0   11.39829206   11.6069   0.000       0.000      0.2086E-02  0.1627E-05 -0.6349E-01  0.6141E-01   0.000       0.000       0.000       0.000        0.000       0.000       0.000       0.000       0.000       0.000                            0.1627E-05  0.1627E-05   0.000    
  15897600.0   11.37131231   11.5784   0.000       0.000      0.2071E-02  0.1561E-05 -0.6296E-01  0.6089E-01   0.000       0.000       0.000       0.000        0.000       0.000       0.000       0.000       0.000       0.000                            0.1561E-05  0.1561E-05   0.000    
  15984000.0   11.35212167   11.5581   0.000       0.000      0.2059E-02  0.1111E-05 -0.6253E-01  0.6047E-01   0.000       0.000       0.000       0.000        0.000       0.000       0.000       0.000       0.000       0.000                            0.1111E-05  0.1111E-05   0.000    
  16070400.0   11.32761803   11.5321   0.000       0.000      0.2044E-02  0.1418E-05 -0.6201E-01  0.5996E-01   0.000       0.000       0.000       0.000        0.000       0.000       0.000       0.000       0.000       0.000                            0.1418E-05  0.1418E-05   0.000    
  16156800.0   11.30368119   11.5067   0.000       0.000      0.2030E-02  0.1385E-05 -0.6150E-01  0.5947E-01   0.000       0.000       0.000       0.000        0.000       0.000       0.000       0.000       0.000       0.000                            0.1385E-05  0.1385E-05   0.000    
  16243200.0   11.28021026   11.4817   0.000       0.000      0.2015E-02  0.1358E-05 -0.6097E-01  0.5896E-01   0.000       0.000       0.000       0.000        0.000       0.000       0.000       0.000       0.000       0.000                            0.1358E-05  0.1358E-05   0.000    
  16329600.0   11.25743614   11.4575   0.000       0.000      0.2000E-02  0.1318E-05 -0.6047E-01  0.5846E-01   0.000       0.000       0.000       0.000        0.000       0.000       0.000       0.000       0.000       0.000                            0.1318E-05  0.1318E-05   0.000    
  16416000.0   11.23547406   11.4340   0.000       0.000      0.1986E-02  0.1271E-05 -0.5995E-01  0.5796E-01   0.000       0.000       0.000       0.000        0.000       0.000       0.000       0.000       0.000       0.000                            0.1271E-05  0.1271E-05   0.000    
  16502400.0   11.21420981   11.4113   0.000       0.000      0.1971E-02  0.1231E-05 -0.5945E-01  0.5748E-01   0.000       0.000       0.000       0.000        0.000       0.000       0.000       0.000       0.000       0.000                            0.1231E-05  0.1231E-05   0.000    
  16588800.0   11.19375937   11.3895   0.000       0.000      0.1957E-02  0.1183E-05 -0.5896E-01  0.5700E-01   0.000       0.000       0.000       0.000        0.000       0.000       0.000       0.000       0.000       0.000                            0.1183E-05  0.1183E-05   0.000    
  16675200.0   11.17407221   11.3684   0.000       0.000      0.1943E-02  0.1139E-05 -0.5848E-01  0.5653E-01   0.000       0.000       0.000       0.000        0.000       0.000       0.000       0.000       0.000       0.000                            0.1139E-05  0.1139E-05   0.000    
  16761600.0   11.15873361   11.3519   0.000       0.000      0.1932E-02  0.8877E-06 -0.5807E-01  0.5614E-01   0.000       0.000       0.000       0.000        0.000       0.000       0.000       0.000       0.000       0.000                            0.8877E-06  0.8877E-06   0.000    
  16848000.0   11.14702509   11.3392   0.000       0.000      0.1922E-02  0.6776E-06 -0.5774E-01  0.5581E-01   0.000       0.000       0.000       0.000        0.000       0.000       0.000       0.000       0.000       0.000                            0.6776E-06  0.6776E-06   0.000    
  16934400.0   11.14861684   11.3406   0.000       0.000      0.1920E-02 -0.9212E-07 -0.5766E-01  0.5574E-01   0.000       0.000       0.000       0.000        0.000       0.000       0.000       0.000       0.000       0.000                           -0.9212E-07 -0.9212E-07   0.000    
  17020800.0   11.14339267   11.3349   0.000       0.000      0.1915E-02  0.3023E-06 -0.5750E-01  0.5558E-01   0.000       0.000       0.000       0.000        0.000       0.000       0.000       0.000       0.000       0.000                            0.3023E-06  0.3023E-06   0.000    
  17107200.0   11.12646701   11.3169   0.000       0.000      0.1904E-02  0.9795E-06 -0.5714E-01  0.5524E-01   0.000       0.000       0.000       0.000        0.000       0.000       0.000       0.000       0.000       0.000                            0.9795E-06  0.9795E-06   0.000    
  17193600.0   11.11019362   11.2995   0.000       0.000      0.1893E-02  0.9417E-06 -0.5677E-01  0.5487E-01   0.000       0.000       0.000       0.000        0.000       0.000       0.000       0.000       0.000       0.000                            0.9417E-06  0.9417E-06   0.000    
  17280000.0   11.09371674   11.2818   0.000       0.000      0.1880E-02  0.9535E-06 -0.5635E-01  0.5447E-01   0.000       0.000       0.000       0.000        0.000       0.000       0.000       0.000       0.000       0.000                            0.9535E-06  0.9535E-06   0.000    
  17366400.0   11.07722988   11.2641   0.000       0.000      0.1868E-02  0.9541E-06 -0.5595E-01  0.5409E-01   0.000       0.000       0.000       0.000        0.000       0.000       0.000       0.000       0.000       0.000                            0.9541E-06  0.9541E-06   0.000    
  17452800.0   11.06130038   11.2469   0.000       0.000      0.1856E-02  0.9218E-06 -0.5554E-01  0.5368E-01   0.000       0.000       0.000       0.000        0.000       0.000       0.000       0.000       0.000       0.000                            0.9218E-06  0.9218E-06   0.000    
  17539200.0   11.04576420   11.2302   0.000       0.000      0.1844E-02  0.8991E-06 -0.5514E-01  0.5330E-01   0.000       0.000       0.000       0.000        0.000       0.000       0.000       0.000       0.000       0.000                            0.8991E-06  0.8991E-06   0.000    
  17625600.0   11.03083874   11.2140   0.000       0.000      0.1832E-02  0.8637E-06 -0.5474E-01  0.5290E-01   0.000       0.000       0.000       0.000        0.000       0.000       0.000       0.000       0.000       0.000                            0.8637E-06  0.8637E-06   0.000    
  17712000.0   11.02180224   11.2042   0.000       0.000      0.1824E-02  0.5229E-06 -0.5445E-01  0.5263E-01   0.000       0.000       0.000       0.000        0.000       0.000       0.000       0.000       0.000       0.000                            0.5229E-06  0.5229E-06   0.000    
  17798400.0   11.00819351   11.1895   0.000       0.000      0.1813E-02  0.7875E-06 -0.5410E-01  0.5229E-01   0.000       0.000       0.000       0.000        0.000       0.000       0.000       0.000       0.000       0.000                            0.7875E-06  0.7875E-06   0.000    
  17884800.0   10.99438267   11.1745   0.000       0.000      0.1801E-02  0.7992E-06 -0.5372E-01  0.5192E-01   0.000       0.000       0.000       0.000        0.000       0.000       0.000       0.000       0.000       0.000                            0.7992E-06  0.7992E-06   0.000    
  17971200.0   10.98094831   11.1600   0.000       0.000      0.1790E-02  0.7775E-06 -0.5337E-01  0.5158E-01   0.000       0.000       0.000       0.000        0.000       0.000       0.000       0.000       0.000       0.000                            0.7775E-06  0.7775E-06   0.000    
  18057600.0   10.96804316   11.1460   0.000       0.000      0.1779E-02  0.7468E-06 -0.5300E-01  0.5122E-01   0.000       0.000       0.000       0.000        0.000       0.000       0.000       0.000       0.000       0.000                            0.7468E-06  0.7468E-06   0.000    
  18144000.0   10.95544848   11.1323   0.000       0.000      0.1769E-02  0.7289E-06 -0.5266E-01  0.5089E-01   0.000       0.000       0.000       0.000        0.000       0.000       0.000       0.000       0.000       0.000                            0.7289E-06  0.7289E-06   0.000    
  18230400.0   10.94329792   11.1191   0.000       0.000      0.1758E-02  0.7032E-06 -0.5231E-01  0.5055E-01   0.000       0.000       0.000       0.000        0.000       0.000       0.000       0.000       0.000       0.000                            0.7032E-06  0.7032E-06   0.000    
  18316800.0   10.93145097   11.1062   0.000       0.000      0.1747E-02  0.6856E-06 -0.5197E-01  0.5022E-01   0.000       0.000       0.000       0.000        0.000       0.000       0.000       0.000       0.000       0.000                            0.6856E-06  0.6856E-06   0.000    
  18403200.0   10.91997441   11.0937   0.000       0.000      0.1737E-02  0.6642E-06 -0.5164E-01  0.4990E-01   0.000       0.000       0.000       0.000        0.000       0.000       0.000       0.000       0.000       0.000                            0.6642E-06  0.6642E-06   0.000    
  18489600.0   10.90880350   11.0815   0.000       0.000      0.1727E-02  0.6465E-06 -0.5131E-01  0.4958E-01   0.000       0.000       0.000       0.000        0.000       0.000       0.000       0.000       0.000       0.000                            0.6465E-06  0.6465E-06   0.000    
  18576000.0   10.89792692   11.0696   0.000       0.000      0.1717E-02  0.6294E-06 -0.5099E-01  0.4927E-01   0.000       0.000       0.000       0.000        0.000       0.000       0.000       0.000       0.000       0.000                            0.6294E-06  0.6294E-06   0.000    
  18662400.0   10.88740822   11.0581   0.000       0.000      0.1707E-02  0.6087E-06 -0.5067E-01  0.4896E-01   0.000       0.000       0.000       0.000        0.000       0.000       0.000       0.000       0.000       0.000                            0.6087E-06  0.6087E-06   0.000    
  18748800.0   10.87705164   11.0468   0.000       0.000      0.1698E-02  0.5993E-06 -0.5037E-01  0.4867E-01   0.000       0.000       0.000       0.000        0.000       0.000       0.000       0.000       0.000       0.000                            0.5993E-06  0.5993E-06   0.000    
  18835200.0   10.87781961   11.0474   0.000       0.000      0.1696E-02 -0.4444E-07 -0.5031E-01  0.4861E-01   0.000       0.000       0.000       0.000        0.000       0.000       0.000       0.000       0.000       0.000                           -0.4444E-07 -0.4444E-07   0.000    
  18921600.0   10.86957852   11.0384   0.000       0.000      0.1688E-02  0.4769E-06 -0.5007E-01  0.4839E-01   0.000       0.000       0.000       0.000        0.000       0.000       0.000       0.000       0.000       0.000                            0.4769E-06  0.4769E-06   0.000    
  19008000.0   10.85899825   11.0269   0.000       0.000      0.1679E-02  0.6123E-06 -0.4979E-01  0.4811E-01   0.000       0.000       0.000       0.000        0.000       0.000       0.000       0.000       0.000       0.000                            0.6123E-06  0.6123E-06   0.000    
  19094400.0   10.84887576   11.0158   0.000       0.000      0.1669E-02  0.5858E-06 -0.4949E-01  0.4782E-01   0.000       0.000       0.000       0.000        0.000       0.000       0.000       0.000       0.000       0.000                            0.5858E-06  0.5858E-06   0.000    
  19180800.0   10.83908025   11.0051   0.000       0.000      0.1660E-02  0.5669E-06 -0.4920E-01  0.4754E-01   0.000       0.000       0.000       0.000        0.000       0.000       0.000       0.000       0.000       0.000                            0.5669E-06  0.5669E-06   0.000    
  19267200.0   10.82986113   10.9950   0.000       0.000      0.1651E-02  0.5335E-06 -0.4892E-01  0.4727E-01   0.000       0.000       0.000       0.000        0.000       0.000       0.000       0.000       0.000       0.000                            0.5335E-06  0.5335E-06   0.000    
  19353600.0   10.82065366   10.9849   0.000       0.000      0.1642E-02  0.5328E-06 -0.4863E-01  0.4699E-01   0.000       0.000       0.000       0.000        0.000       0.000       0.000       0.000       0.000       0.000                            0.5328E-06  0.5328E-06   0.000    
  19440000.0   10.81168425   10.9750   0.000       0.000      0.1633E-02  0.5191E-06 -0.4836E-01  0.4672E-01   0.000       0.000       0.000       0.000        0.000       0.000       0.000       0.000       0.000       0.000                            0.5191E-06  0.5191E-06   0.000    
  19526400.0   10.80302134   10.9655   0.000       0.000      0.1625E-02  0.5013E-06 -0.4808E-01  0.4645E-01   0.000       0.000       0.000       0.000        0.000       0.000       0.000       0.000       0.000       0.000                            0.5013E-06  0.5013E-06   0.000    
  19612800.0   10.79447160   10.9561   0.000       0.000      0.1616E-02  0.4948E-06 -0.4782E-01  0.4620E-01   0.000       0.000       0.000       0.000        0.000       0.000       0.000       0.000       0.000       0.000                            0.4948E-06  0.4948E-06   0.000    
  19699200.0   10.78621510   10.9470   0.000       0.000      0.1608E-02  0.4778E-06 -0.4755E-01  0.4594E-01   0.000       0.000       0.000       0.000        0.000       0.000       0.000       0.000       0.000       0.000                            0.4778E-06  0.4778E-06   0.000    
  19785600.0   10.77806550   10.9380   0.000       0.000      0.1599E-02  0.4716E-06 -0.4730E-01  0.4570E-01   0.000       0.000       0.000       0.000        0.000       0.000       0.000       0.000       0.000       0.000                            0.4716E-06  0.4716E-06   0.000    
  19872000.0   10.77017740   10.9293   0.000       0.000      0.1591E-02  0.4565E-06 -0.4704E-01  0.4544E-01   0.000       0.000       0.000       0.000        0.000       0.000       0.000       0.000       0.000       0.000                            0.4565E-06  0.4565E-06   0.000    
  19958400.0   10.77255364   10.9316   0.000       0.000      0.1591E-02 -0.1375E-06 -0.4703E-01  0.4544E-01   0.000       0.000       0.000       0.000        0.000       0.000       0.000       0.000       0.000       0.000                           -0.1375E-06 -0.1375E-06   0.000    
  20044800.0   10.77904484   10.9384   0.000       0.000      0.1594E-02 -0.3756E-06 -0.4716E-01  0.4556E-01   0.000       0.000       0.000       0.000        0.000       0.000       0.000       0.000       0.000       0.000                           -0.3756E-06 -0.3756E-06   0.000    
  20131200.0   10.76943065   10.9280   0.000       0.000      0.1585E-02  0.5564E-06 -0.4692E-01  0.4533E-01   0.000       0.000       0.000       0.000        0.000       0.000       0.000       0.000       0.000       0.000                            0.5564E-06  0.5564E-06   0.000    
  20217600.0   10.76364374   10.9216   0.000       0.000      0.1580E-02  0.3349E-06 -0.4675E-01  0.4517E-01   0.000       0.000       0.000       0.000        0.000       0.000       0.000       0.000       0.000       0.000                            0.3349E-06  0.3349E-06   0.000    
  20304000.0   10.75707030   10.9144   0.000       0.000      0.1573E-02  0.3804E-06 -0.4655E-01  0.4497E-01   0.000       0.000       0.000       0.000        0.000       0.000       0.000       0.000       0.000       0.000                            0.3804E-06  0.3804E-06   0.000    
  20390400.0   10.74858042   10.9051   0.000       0.000      0.1565E-02  0.4913E-06 -0.4629E-01  0.4473E-01   0.000       0.000       0.000       0.000        0.000       0.000       0.000       0.000       0.000       0.000                            0.4913E-06  0.4913E-06   0.000    
  20476800.0   10.74044564   10.8961   0.000       0.000      0.1557E-02  0.4708E-06 -0.4604E-01  0.4448E-01   0.000       0.000       0.000       0.000        0.000       0.000       0.000       0.000       0.000       0.000                            0.4708E-06  0.4708E-06   0.000    
  20563200.0   10.73257392   10.8874   0.000       0.000      0.1549E-02  0.4555E-06 -0.4579E-01  0.4424E-01   0.000       0.000       0.000       0.000        0.000       0.000       0.000       0.000       0.000       0.000                            0.4555E-06  0.4555E-06   0.000    
  20649600.0   10.72500097   10.8790   0.000       0.000      0.1540E-02  0.4382E-06 -0.4554E-01  0.4400E-01   0.000       0.000       0.000       0.000        0.000       0.000       0.000       0.000       0.000       0.000                            0.4382E-06  0.4382E-06   0.000    
  20736000.0   10.71761792   10.8709   0.000       0.000      0.1533E-02  0.4273E-06 -0.4530E-01  0.4376E-01   0.000       0.000       0.000       0.000        0.000       0.000       0.000       0.000       0.000       0.000                            0.4273E-06  0.4273E-06   0.000    
  20822400.0   10.71049429   10.8630   0.000       0.000      0.1525E-02  0.4122E-06 -0.4505E-01  0.4353E-01   0.000       0.000       0.000       0.000        0.000       0.000       0.000       0.000       0.000       0.000                            0.4122E-06  0.4122E-06   0.000    
  20908800.0   10.70351199   10.8553   0.000       0.000      0.1517E-02  0.4041E-06 -0.4482E-01  0.4330E-01   0.000       0.000       0.000       0.000        0.000       0.000       0.000       0.000       0.000       0.000                            0.4041E-06  0.4041E-06   0.000    
  20995200.0   10.69676537   10.8478   0.000       0.000      0.1510E-02  0.3904E-06 -0.4459E-01  0.4308E-01   0.000       0.000       0.000       0.000        0.000       0.000       0.000       0.000       0.000       0.000                            0.3904E-06  0.3904E-06   0.000    
  21081600.0   10.69012411   10.8404   0.000       0.000      0.1503E-02  0.3843E-06 -0.4437E-01  0.4286E-01   0.000       0.000       0.000       0.000        0.000       0.000       0.000       0.000       0.000       0.000                            0.3843E-06  0.3843E-06   0.000    
  21168000.0   10.68370140   10.8332   0.000       0.000      0.1495E-02  0.3717E-06 -0.4414E-01  0.4264E-01   0.000       0.000       0.000       0.000        0.000       0.000       0.000       0.000       0.000       0.000                            0.3717E-06  0.3717E-06   0.000    
  21254400.0   10.67735400   10.8262   0.000       0.000      0.1488E-02  0.3673E-06 -0.4392E-01  0.4244E-01   0.000       0.000       0.000       0.000        0.000       0.000       0.000       0.000       0.000       0.000                            0.3673E-06  0.3673E-06   0.000    
  21340800.0   10.67117580   10.8193   0.000       0.000      0.1481E-02  0.3575E-06 -0.4371E-01  0.4223E-01   0.000       0.000       0.000       0.000        0.000       0.000       0.000       0.000       0.000       0.000                            0.3575E-06  0.3575E-06   0.000    
  21427200.0   10.66514312   10.8126   0.000       0.000      0.1474E-02  0.3491E-06 -0.4349E-01  0.4202E-01   0.000       0.000       0.000       0.000        0.000       0.000       0.000       0.000       0.000       0.000                            0.3491E-06  0.3491E-06   0.000    
  21513600.0   10.66063268   10.8075   0.000       0.000      0.1469E-02  0.2610E-06 -0.4333E-01  0.4186E-01   0.000       0.000       0.000       0.000        0.000       0.000       0.000       0.000       0.000       0.000                            0.2610E-06  0.2610E-06   0.000    
  21600000.0   10.67061286   10.8181   0.000       0.000      0.1475E-02 -0.5776E-06 -0.4355E-01  0.4207E-01   0.000       0.000       0.000       0.000        0.000       0.000       0.000       0.000       0.000       0.000                           -0.5776E-06 -0.5776E-06   0.000    
  21686400.0   10.66309288   10.8098   0.000       0.000      0.1468E-02  0.4352E-06 -0.4335E-01  0.4188E-01   0.000       0.000       0.000       0.000        0.000       0.000       0.000       0.000       0.000       0.000                            0.4352E-06  0.4352E-06   0.000    
  21772800.0   10.65604579   10.8021   0.000       0.000      0.1461E-02  0.4078E-06 -0.4314E-01  0.4167E-01   0.000       0.000       0.000       0.000        0.000       0.000       0.000       0.000       0.000       0.000                            0.4078E-06  0.4078E-06   0.000    
  21859200.0   10.64941478   10.7948   0.000       0.000      0.1453E-02  0.3837E-06 -0.4292E-01  0.4146E-01   0.000       0.000       0.000       0.000        0.000       0.000       0.000       0.000       0.000       0.000                            0.3837E-06  0.3837E-06   0.000    
  21945600.0   10.64315189   10.7878   0.000       0.000      0.1446E-02  0.3624E-06 -0.4269E-01  0.4125E-01   0.000       0.000       0.000       0.000        0.000       0.000       0.000       0.000       0.000       0.000                            0.3624E-06  0.3624E-06   0.000    
  22032000.0   10.63707259   10.7810   0.000       0.000      0.1439E-02  0.3518E-06 -0.4248E-01  0.4104E-01   0.000       0.000       0.000       0.000        0.000       0.000       0.000       0.000       0.000       0.000                            0.3518E-06  0.3518E-06   0.000    
  22118400.0   10.63120586   10.7745   0.000       0.000      0.1433E-02  0.3395E-06 -0.4228E-01  0.4084E-01   0.000       0.000       0.000       0.000        0.000       0.000       0.000       0.000       0.000       0.000                            0.3395E-06  0.3395E-06   0.000    
  22204800.0   10.62555321   10.7681   0.000       0.000      0.1426E-02  0.3271E-06 -0.4207E-01  0.4064E-01   0.000       0.000       0.000       0.000        0.000       0.000       0.000       0.000       0.000       0.000                            0.3271E-06  0.3271E-06   0.000    
  22291200.0   10.62000302   10.7619   0.000       0.000      0.1419E-02  0.3212E-06 -0.4187E-01  0.4045E-01   0.000       0.000       0.000       0.000        0.000       0.000       0.000       0.000       0.000       0.000                            0.3212E-06  0.3212E-06   0.000    
  22377600.0   10.61460644   10.7559   0.000       0.000      0.1413E-02  0.3123E-06 -0.4167E-01  0.4026E-01   0.000       0.000       0.000       0.000        0.000       0.000       0.000       0.000       0.000       0.000                            0.3123E-06  0.3123E-06   0.000    
  22464000.0   10.62678728   10.7689   0.000       0.000      0.1422E-02 -0.7049E-06 -0.4197E-01  0.4055E-01   0.000       0.000       0.000       0.000        0.000       0.000       0.000       0.000       0.000       0.000                           -0.7049E-06 -0.7049E-06   0.000    
  22550400.0   10.62183663   10.7635   0.000       0.000      0.1416E-02  0.2865E-06 -0.4184E-01  0.4043E-01   0.000       0.000       0.000       0.000        0.000       0.000       0.000       0.000       0.000       0.000                            0.2865E-06  0.2865E-06   0.000    
  22636800.0   10.61969904   10.7611   0.000       0.000      0.1414E-02  0.1237E-06 -0.4177E-01  0.4036E-01   0.000       0.000       0.000       0.000        0.000       0.000       0.000       0.000       0.000       0.000                            0.1237E-06  0.1237E-06   0.000    
  22723200.0   10.66435317   10.8094   0.000       0.000      0.1450E-02 -0.2584E-05 -0.4298E-01  0.4154E-01   0.000       0.000       0.000       0.000        0.000       0.000       0.000       0.000       0.000       0.000                           -0.2584E-05 -0.2584E-05   0.000    
  22809600.0   10.66315021   10.8082   0.000       0.000      0.1450E-02  0.6962E-07 -0.4307E-01  0.4162E-01   0.000       0.000       0.000       0.000        0.000       0.000       0.000       0.000       0.000       0.000                            0.6962E-07  0.6962E-07   0.000    
  22896000.0   10.65992522   10.8048   0.000       0.000      0.1448E-02  0.1866E-06 -0.4305E-01  0.4160E-01   0.000       0.000       0.000       0.000        0.000       0.000       0.000       0.000       0.000       0.000                            0.1866E-06  0.1866E-06   0.000    
  22982400.0   10.65566208   10.8002   0.000       0.000      0.1445E-02  0.2467E-06 -0.4296E-01  0.4151E-01   0.000       0.000       0.000       0.000        0.000       0.000       0.000       0.000       0.000       0.000                            0.2467E-06  0.2467E-06   0.000    
  23068800.0   10.65093778   10.7950   0.000       0.000      0.1441E-02  0.2734E-06 -0.4282E-01  0.4138E-01   0.000       0.000       0.000       0.000        0.000       0.000       0.000       0.000       0.000       0.000                            0.2734E-06  0.2734E-06   0.000    
  23155200.0   10.64503262   10.7885   0.000       0.000      0.1435E-02  0.3417E-06 -0.4264E-01  0.4121E-01   0.000       0.000       0.000       0.000        0.000       0.000       0.000       0.000       0.000       0.000                            0.3417E-06  0.3417E-06   0.000    
  23241600.0   10.63871549   10.7816   0.000       0.000      0.1429E-02  0.3656E-06 -0.4244E-01  0.4101E-01   0.000       0.000       0.000       0.000        0.000       0.000       0.000       0.000       0.000       0.000                            0.3656E-06  0.3656E-06   0.000    
  23328000.0   10.63205894   10.7742   0.000       0.000      0.1422E-02  0.3852E-06 -0.4222E-01  0.4079E-01   0.000       0.000       0.000       0.000        0.000       0.000       0.000       0.000       0.000       0.000                            0.3852E-06  0.3852E-06   0.000    
  23414400.0   10.62533067   10.7668   0.000       0.000      0.1415E-02  0.3894E-06 -0.4199E-01  0.4058E-01   0.000       0.000       0.000       0.000        0.000       0.000       0.000       0.000       0.000       0.000                            0.3894E-06  0.3894E-06   0.000    
  23500800.0   10.61890140   10.7597   0.000       0.000      0.1408E-02  0.3721E-06 -0.4177E-01  0.4036E-01   0.000       0.000       0.000       0.000        0.000       0.000       0.000       0.000       0.000       0.000                            0.3721E-06  0.3721E-06   0.000    
  23587200.0   10.61266966   10.7528   0.000       0.000      0.1401E-02  0.3606E-06 -0.4155E-01  0.4015E-01   0.000       0.000       0.000       0.000        0.000       0.000       0.000       0.000       0.000       0.000                            0.3606E-06  0.3606E-06   0.000    
  23673600.0   10.60655308   10.7459   0.000       0.000      0.1394E-02  0.3540E-06 -0.4133E-01  0.3993E-01   0.000       0.000       0.000       0.000        0.000       0.000       0.000       0.000       0.000       0.000                            0.3540E-06  0.3540E-06   0.000    
  23760000.0   10.60039676   10.7391   0.000       0.000      0.1387E-02  0.3563E-06 -0.4110E-01  0.3972E-01   0.000       0.000       0.000       0.000        0.000       0.000       0.000       0.000       0.000       0.000                            0.3563E-06  0.3563E-06   0.000    
  23846400.0   10.59437412   10.7324   0.000       0.000      0.1380E-02  0.3485E-06 -0.4088E-01  0.3950E-01   0.000       0.000       0.000       0.000        0.000       0.000       0.000       0.000       0.000       0.000                            0.3485E-06  0.3485E-06   0.000    
  23932800.0   10.58858764   10.7259   0.000       0.000      0.1373E-02  0.3349E-06 -0.4067E-01  0.3930E-01   0.000       0.000       0.000       0.000        0.000       0.000       0.000       0.000       0.000       0.000                            0.3349E-06  0.3349E-06   0.000    
  24019200.0   10.58299423   10.7197   0.000       0.000      0.1367E-02  0.3237E-06 -0.4046E-01  0.3909E-01   0.000       0.000       0.000       0.000        0.000       0.000       0.000       0.000       0.000       0.000                            0.3237E-06  0.3237E-06   0.000    
  24105600.0   10.57757550   10.7136   0.000       0.000      0.1360E-02  0.3136E-06 -0.4025E-01  0.3889E-01   0.000       0.000       0.000       0.000        0.000       0.000       0.000       0.000       0.000       0.000                            0.3136E-06  0.3136E-06   0.000    
  24192000.0   10.57226647   10.7076   0.000       0.000      0.1354E-02  0.3072E-06 -0.4005E-01  0.3870E-01   0.000       0.000       0.000       0.000        0.000       0.000       0.000       0.000       0.000       0.000                            0.3072E-06  0.3072E-06   0.000    
  24278400.0   10.56703345   10.7018   0.000       0.000      0.1347E-02  0.3028E-06 -0.3985E-01  0.3850E-01   0.000       0.000       0.000       0.000        0.000       0.000       0.000       0.000       0.000       0.000                            0.3028E-06  0.3028E-06   0.000    
  24364800.0   10.56192994   10.6961   0.000       0.000      0.1341E-02  0.2953E-06 -0.3966E-01  0.3831E-01   0.000       0.000       0.000       0.000        0.000       0.000       0.000       0.000       0.000       0.000                            0.2953E-06  0.2953E-06   0.000    
  24451200.0   10.55697066   10.6905   0.000       0.000      0.1335E-02  0.2870E-06 -0.3946E-01  0.3813E-01   0.000       0.000       0.000       0.000        0.000       0.000       0.000       0.000       0.000       0.000                            0.2870E-06  0.2870E-06   0.000    
  24537600.0   10.55214841   10.6850   0.000       0.000      0.1329E-02  0.2791E-06 -0.3927E-01  0.3794E-01   0.000       0.000       0.000       0.000        0.000       0.000       0.000       0.000       0.000       0.000                            0.2791E-06  0.2791E-06   0.000    
  24624000.0   10.54745658   10.6798   0.000       0.000      0.1323E-02  0.2715E-06 -0.3909E-01  0.3776E-01   0.000       0.000       0.000       0.000        0.000       0.000       0.000       0.000       0.000       0.000                            0.2715E-06  0.2715E-06   0.000    
  24710400.0   10.54289934   10.6746   0.000       0.000      0.1317E-02  0.2637E-06 -0.3890E-01  0.3759E-01   0.000       0.000       0.000       0.000        0.000       0.000       0.000       0.000       0.000       0.000                            0.2637E-06  0.2637E-06   0.000    
  24796800.0   10.53841349   10.6695   0.000       0.000      0.1311E-02  0.2596E-06 -0.3872E-01  0.3741E-01   0.000       0.000       0.000       0.000        0.000       0.000       0.000       0.000       0.000       0.000                            0.2596E-06  0.2596E-06   0.000    
  24883200.0   10.53424757   10.6648   0.000       0.000      0.1306E-02  0.2411E-06 -0.3856E-01  0.3725E-01   0.000       0.000       0.000       0.000        0.000       0.000       0.000       0.000       0.000       0.000                            0.2411E-06  0.2411E-06   0.000    
  24969600.0   10.53457799   10.6650   0.000       0.000      0.1305E-02 -0.1912E-07 -0.3853E-01  0.3723E-01   0.000       0.000       0.000       0.000        0.000       0.000       0.000       0.000       0.000       0.000                           -0.1912E-07 -0.1912E-07   0.000    
  25056000.0   10.52998703   10.6599   0.000       0.000      0.1299E-02  0.2657E-06 -0.3836E-01  0.3706E-01   0.000       0.000       0.000       0.000        0.000       0.000       0.000       0.000       0.000       0.000                            0.2657E-06  0.2657E-06   0.000    
  25142400.0   10.52553155   10.6549   0.000       0.000      0.1293E-02  0.2578E-06 -0.3819E-01  0.3690E-01   0.000       0.000       0.000       0.000        0.000       0.000       0.000       0.000       0.000       0.000                            0.2578E-06  0.2578E-06   0.000    
  25228800.0   10.53005613   10.6597   0.000       0.000      0.1296E-02 -0.2618E-06 -0.3831E-01  0.3701E-01   0.000       0.000       0.000       0.000        0.000       0.000       0.000       0.000       0.000       0.000                           -0.2618E-06 -0.2618E-06   0.000    
  25315200.0   10.52589780   10.6550   0.000       0.000      0.1291E-02  0.2406E-06 -0.3816E-01  0.3687E-01   0.000       0.000       0.000       0.000        0.000       0.000       0.000       0.000       0.000       0.000                            0.2406E-06  0.2406E-06   0.000    
  25401600.0   10.52646574   10.6556   0.000       0.000      0.1291E-02 -0.3287E-07 -0.3817E-01  0.3687E-01   0.000       0.000       0.000       0.000        0.000       0.000       0.000       0.000       0.000       0.000                           -0.3287E-07 -0.3287E-07   0.000    
  25488000.0   10.52660571   10.6556   0.000       0.000      0.1290E-02 -0.8100E-08 -0.3816E-01  0.3687E-01   0.000       0.000       0.000       0.000        0.000       0.000       0.000       0.000       0.000       0.000                           -0.8100E-08 -0.8100E-08   0.000    
  25574400.0   10.52962031   10.6588   0.000       0.000      0.1292E-02 -0.1745E-06 -0.3824E-01  0.3695E-01   0.000       0.000       0.000       0.000        0.000       0.000       0.000       0.000       0.000       0.000                           -0.1745E-06 -0.1745E-06   0.000    
  25660800.0   10.52597613   10.6548   0.000       0.000      0.1288E-02  0.2109E-06 -0.3813E-01  0.3684E-01   0.000       0.000       0.000       0.000        0.000       0.000       0.000       0.000       0.000       0.000                            0.2109E-06  0.2109E-06   0.000    
  25747200.0   10.53270183   10.6621   0.000       0.000      0.1294E-02 -0.3892E-06 -0.3833E-01  0.3704E-01   0.000       0.000       0.000       0.000        0.000       0.000       0.000       0.000       0.000       0.000                           -0.3892E-06 -0.3892E-06   0.000    
  25833600.0   10.57009581   10.7029   0.000       0.000      0.1328E-02 -0.2164E-05 -0.3950E-01  0.3817E-01   0.000       0.000       0.000       0.000        0.000       0.000       0.000       0.000       0.000       0.000                           -0.2164E-05 -0.2164E-05   0.000    
  25920000.0   10.62037619   10.7578   0.000       0.000      0.1374E-02 -0.2910E-05 -0.4108E-01  0.3971E-01   0.000       0.000       0.000       0.000        0.000       0.000       0.000       0.000       0.000       0.000                           -0.2910E-05 -0.2910E-05   0.000    
  26006400.0   10.67125173   10.8133   0.000       0.000      0.1420E-02 -0.2944E-05 -0.4269E-01  0.4127E-01   0.000       0.000       0.000       0.000        0.000       0.000       0.000       0.000       0.000       0.000                           -0.2944E-05 -0.2944E-05   0.000    
  26092800.0   10.68526817   10.8290   0.000       0.000      0.1437E-02 -0.8111E-06 -0.4333E-01  0.4189E-01   0.000       0.000       0.000       0.000        0.000       0.000       0.000       0.000       0.000       0.000                           -0.8111E-06 -0.8111E-06   0.000    
  26179200.0   10.68081891   10.8246   0.000       0.000      0.1438E-02  0.2575E-06 -0.4341E-01  0.4197E-01   0.000       0.000       0.000       0.000        0.000       0.000       0.000       0.000       0.000       0.000                            0.2575E-06  0.2575E-06   0.000    
  26265600.0   10.67256502   10.8159   0.000       0.000      0.1434E-02  0.4777E-06 -0.4327E-01  0.4183E-01   0.000       0.000       0.000       0.000        0.000       0.000       0.000       0.000       0.000       0.000                            0.4777E-06  0.4777E-06   0.000    
  26352000.0   10.66322741   10.8059   0.000       0.000      0.1427E-02  0.5404E-06 -0.4304E-01  0.4162E-01   0.000       0.000       0.000       0.000        0.000       0.000       0.000       0.000       0.000       0.000                            0.5404E-06  0.5404E-06   0.000    
  26438400.0   10.65372359   10.7957   0.000       0.000      0.1420E-02  0.5500E-06 -0.4278E-01  0.4136E-01   0.000       0.000       0.000       0.000        0.000       0.000       0.000       0.000       0.000       0.000                            0.5500E-06  0.5500E-06   0.000    
  26524800.0   10.64427830   10.7854   0.000       0.000      0.1412E-02  0.5466E-06 -0.4249E-01  0.4108E-01   0.000       0.000       0.000       0.000        0.000       0.000       0.000       0.000       0.000       0.000                            0.5466E-06  0.5466E-06   0.000    
  26611200.0   10.63465480   10.7749   0.000       0.000      0.1403E-02  0.5569E-06 -0.4218E-01  0.4078E-01   0.000       0.000       0.000       0.000        0.000       0.000       0.000       0.000       0.000       0.000                            0.5569E-06  0.5569E-06   0.000    
  26697600.0   10.62555341   10.7650   0.000       0.000      0.1394E-02  0.5267E-06 -0.4188E-01  0.4049E-01   0.000       0.000       0.000       0.000        0.000       0.000       0.000       0.000       0.000       0.000                            0.5267E-06  0.5267E-06   0.000    
  26784000.0   10.61680264   10.7554   0.000       0.000      0.1386E-02  0.5064E-06 -0.4158E-01  0.4020E-01   0.000       0.000       0.000       0.000        0.000       0.000       0.000       0.000       0.000       0.000                            0.5064E-06  0.5064E-06   0.000    
  26870400.0   10.64427110   10.7851   0.000       0.000      0.1408E-02 -0.1590E-05 -0.4230E-01  0.4089E-01   0.000       0.000       0.000       0.000        0.000       0.000       0.000       0.000       0.000       0.000                           -0.1590E-05 -0.1590E-05   0.000    
  26956800.0   10.66192135   10.8042   0.000       0.000      0.1423E-02 -0.1021E-05 -0.4283E-01  0.4141E-01   0.000       0.000       0.000       0.000        0.000       0.000       0.000       0.000       0.000       0.000                           -0.1021E-05 -0.1021E-05   0.000    
  27043200.0   10.67875909   10.8226   0.000       0.000      0.1438E-02 -0.9744E-06 -0.4336E-01  0.4193E-01   0.000       0.000       0.000       0.000        0.000       0.000       0.000       0.000       0.000       0.000                           -0.9744E-06 -0.9744E-06   0.000    
  27129600.0   10.68438584   10.8289   0.000       0.000      0.1445E-02 -0.3256E-06 -0.4360E-01  0.4216E-01   0.000       0.000       0.000       0.000        0.000       0.000       0.000       0.000       0.000       0.000                           -0.3256E-06 -0.3256E-06   0.000    
  27216000.0   10.69411704   10.8396   0.000       0.000      0.1454E-02 -0.5631E-06 -0.4393E-01  0.4247E-01   0.000       0.000       0.000       0.000        0.000       0.000       0.000       0.000       0.000       0.000                           -0.5631E-06 -0.5631E-06   0.000    
  27302400.0   10.71794463   10.8654   0.000       0.000      0.1475E-02 -0.1379E-05 -0.4460E-01  0.4313E-01   0.000       0.000       0.000       0.000        0.000       0.000       0.000       0.000       0.000       0.000                           -0.1379E-05 -0.1379E-05   0.000    
  27388800.0   10.76464931   10.9159   0.000       0.000      0.1512E-02 -0.2703E-05 -0.4585E-01  0.4435E-01   0.000       0.000       0.000       0.000        0.000       0.000       0.000       0.000       0.000       0.000                           -0.2703E-05 -0.2703E-05   0.000    
  27475200.0   10.80577497   10.9604   0.000       0.000      0.1546E-02 -0.2380E-05 -0.4702E-01  0.4548E-01   0.000       0.000       0.000       0.000        0.000       0.000       0.000       0.000       0.000       0.000                           -0.2380E-05 -0.2380E-05   0.000    
  27561600.0   10.80380594   10.9588   0.000       0.000      0.1550E-02  0.1139E-06 -0.4722E-01  0.4567E-01   0.000       0.000       0.000       0.000        0.000       0.000       0.000       0.000       0.000       0.000                            0.1139E-06  0.1139E-06   0.000    
  27648000.0   10.79504660   10.9498   0.000       0.000      0.1548E-02  0.5069E-06 -0.4714E-01  0.4559E-01   0.000       0.000       0.000       0.000        0.000       0.000       0.000       0.000       0.000       0.000                            0.5069E-06  0.5069E-06   0.000    
  27734400.0   10.78269696   10.9367   0.000       0.000      0.1540E-02  0.7147E-06 -0.4688E-01  0.4534E-01   0.000       0.000       0.000       0.000        0.000       0.000       0.000       0.000       0.000       0.000                            0.7147E-06  0.7147E-06   0.000    
  27820800.0   10.77174843   10.9251   0.000       0.000      0.1533E-02  0.6336E-06 -0.4662E-01  0.4508E-01   0.000       0.000       0.000       0.000        0.000       0.000       0.000       0.000       0.000       0.000                            0.6336E-06  0.6336E-06   0.000    
  27907200.0   10.76321433   10.9159   0.000       0.000      0.1527E-02  0.4939E-06 -0.4638E-01  0.4486E-01   0.000       0.000       0.000       0.000        0.000       0.000       0.000       0.000       0.000       0.000                            0.4939E-06  0.4939E-06   0.000    
  27993600.0   10.78338781   10.9376   0.000       0.000      0.1542E-02 -0.1167E-05 -0.4682E-01  0.4528E-01   0.000       0.000       0.000       0.000        0.000       0.000       0.000       0.000       0.000       0.000                           -0.1167E-05 -0.1167E-05   0.000    
  28080000.0   10.81408444   10.9706   0.000       0.000      0.1565E-02 -0.1776E-05 -0.4758E-01  0.4601E-01   0.000       0.000       0.000       0.000        0.000       0.000       0.000       0.000       0.000       0.000                           -0.1776E-05 -0.1776E-05   0.000    
  28166400.0   10.83056129   10.9885   0.000       0.000      0.1579E-02 -0.9535E-06 -0.4807E-01  0.4649E-01   0.000       0.000       0.000       0.000        0.000       0.000       0.000       0.000       0.000       0.000                           -0.9535E-06 -0.9535E-06   0.000    
  28252800.0   10.82397438   10.9818   0.000       0.000      0.1578E-02  0.3812E-06 -0.4805E-01  0.4647E-01   0.000       0.000       0.000       0.000        0.000       0.000       0.000       0.000       0.000       0.000                            0.3812E-06  0.3812E-06   0.000    
  28339200.0   10.81250616   10.9697   0.000       0.000      0.1572E-02  0.6637E-06 -0.4783E-01  0.4626E-01   0.000       0.000       0.000       0.000        0.000       0.000       0.000       0.000       0.000       0.000                            0.6637E-06  0.6637E-06   0.000    
  28425600.0   10.79955362   10.9559   0.000       0.000      0.1563E-02  0.7496E-06 -0.4752E-01  0.4596E-01   0.000       0.000       0.000       0.000        0.000       0.000       0.000       0.000       0.000       0.000                            0.7496E-06  0.7496E-06   0.000    
  28512000.0   10.78626541   10.9416   0.000       0.000      0.1553E-02  0.7690E-06 -0.4716E-01  0.4561E-01   0.000       0.000       0.000       0.000        0.000       0.000       0.000       0.000       0.000       0.000                            0.7690E-06  0.7690E-06   0.000    
  28598400.0   10.77303361   10.9273   0.000       0.000      0.1543E-02  0.7657E-06 -0.4680E-01  0.4525E-01   0.000       0.000       0.000       0.000        0.000       0.000       0.000       0.000       0.000       0.000                            0.7657E-06  0.7657E-06   0.000    
  28684800.0   10.76010633   10.9134   0.000       0.000      0.1533E-02  0.7481E-06 -0.4642E-01  0.4489E-01   0.000       0.000       0.000       0.000        0.000       0.000       0.000       0.000       0.000       0.000                            0.7481E-06  0.7481E-06   0.000    
  28771200.0   10.74755617   10.8998   0.000       0.000      0.1522E-02  0.7263E-06 -0.4604E-01  0.4452E-01   0.000       0.000       0.000       0.000        0.000       0.000       0.000       0.000       0.000       0.000                            0.7263E-06  0.7263E-06   0.000    
  28857600.0   10.73544549   10.8866   0.000       0.000      0.1512E-02  0.7008E-06 -0.4567E-01  0.4415E-01   0.000       0.000       0.000       0.000        0.000       0.000       0.000       0.000       0.000       0.000                            0.7008E-06  0.7008E-06   0.000    
  28944000.0   10.72366111   10.8738   0.000       0.000      0.1501E-02  0.6820E-06 -0.4529E-01  0.4379E-01   0.000       0.000       0.000       0.000        0.000       0.000       0.000       0.000       0.000       0.000                            0.6820E-06  0.6820E-06   0.000    
  29030400.0   10.71217150   10.8613   0.000       0.000      0.1491E-02  0.6649E-06 -0.4492E-01  0.4343E-01   0.000       0.000       0.000       0.000        0.000       0.000       0.000       0.000       0.000       0.000                            0.6649E-06  0.6649E-06   0.000    
  29116800.0   10.70111819   10.8492   0.000       0.000      0.1481E-02  0.6397E-06 -0.4456E-01  0.4307E-01   0.000       0.000       0.000       0.000        0.000       0.000       0.000       0.000       0.000       0.000                            0.6397E-06  0.6397E-06   0.000    
  29203200.0   10.69027988   10.8373   0.000       0.000      0.1470E-02  0.6272E-06 -0.4420E-01  0.4273E-01   0.000       0.000       0.000       0.000        0.000       0.000       0.000       0.000       0.000       0.000                            0.6272E-06  0.6272E-06   0.000    
  29289600.0   10.67987244   10.8259   0.000       0.000      0.1461E-02  0.6023E-06 -0.4385E-01  0.4239E-01   0.000       0.000       0.000       0.000        0.000       0.000       0.000       0.000       0.000       0.000                            0.6023E-06  0.6023E-06   0.000    
  29376000.0   10.66994064   10.8150   0.000       0.000      0.1451E-02  0.5748E-06 -0.4351E-01  0.4206E-01   0.000       0.000       0.000       0.000        0.000       0.000       0.000       0.000       0.000       0.000                            0.5748E-06  0.5748E-06   0.000    
  29462400.0   10.66047895   10.8046   0.000       0.000      0.1441E-02  0.5476E-06 -0.4318E-01  0.4174E-01   0.000       0.000       0.000       0.000        0.000       0.000       0.000       0.000       0.000       0.000                            0.5476E-06  0.5476E-06   0.000    
  29548800.0   10.65135075   10.7946   0.000       0.000      0.1432E-02  0.5283E-06 -0.4286E-01  0.4143E-01   0.000       0.000       0.000       0.000        0.000       0.000       0.000       0.000       0.000       0.000                            0.5283E-06  0.5283E-06   0.000    
  29635200.0   10.64253166   10.7848   0.000       0.000      0.1423E-02  0.5104E-06 -0.4255E-01  0.4113E-01   0.000       0.000       0.000       0.000        0.000       0.000       0.000       0.000       0.000       0.000                            0.5104E-06  0.5104E-06   0.000    
  29721600.0   10.63402840   10.7754   0.000       0.000      0.1414E-02  0.4921E-06 -0.4224E-01  0.4083E-01   0.000       0.000       0.000       0.000        0.000       0.000       0.000       0.000       0.000       0.000                            0.4921E-06  0.4921E-06   0.000    
  29808000.0   10.62574124   10.7663   0.000       0.000      0.1405E-02  0.4796E-06 -0.4195E-01  0.4054E-01   0.000       0.000       0.000       0.000        0.000       0.000       0.000       0.000       0.000       0.000                            0.4796E-06  0.4796E-06   0.000    
  29894400.0   10.61770491   10.7574   0.000       0.000      0.1397E-02  0.4651E-06 -0.4165E-01  0.4026E-01   0.000       0.000       0.000       0.000        0.000       0.000       0.000       0.000       0.000       0.000                            0.4651E-06  0.4651E-06   0.000    
  29980800.0   10.60990773   10.7487   0.000       0.000      0.1388E-02  0.4512E-06 -0.4137E-01  0.3998E-01   0.000       0.000       0.000       0.000        0.000       0.000       0.000       0.000       0.000       0.000                            0.4512E-06  0.4512E-06   0.000    
  30067200.0   10.60241378   10.7404   0.000       0.000      0.1380E-02  0.4337E-06 -0.4109E-01  0.3971E-01   0.000       0.000       0.000       0.000        0.000       0.000       0.000       0.000       0.000       0.000                            0.4337E-06  0.4337E-06   0.000    
  30153600.0   10.59518492   10.7324   0.000       0.000      0.1372E-02  0.4183E-06 -0.4082E-01  0.3944E-01   0.000       0.000       0.000       0.000        0.000       0.000       0.000       0.000       0.000       0.000                            0.4183E-06  0.4183E-06   0.000    
  30240000.0   10.58821105   10.7246   0.000       0.000      0.1364E-02  0.4036E-06 -0.4055E-01  0.3919E-01   0.000       0.000       0.000       0.000        0.000       0.000       0.000       0.000       0.000       0.000                            0.4036E-06  0.4036E-06   0.000    
  30326400.0   10.58144123   10.7171   0.000       0.000      0.1356E-02  0.3918E-06 -0.4029E-01  0.3894E-01   0.000       0.000       0.000       0.000        0.000       0.000       0.000       0.000       0.000       0.000                            0.3918E-06  0.3918E-06   0.000    
  30412800.0   10.57487872   10.7098   0.000       0.000      0.1349E-02  0.3798E-06 -0.4004E-01  0.3869E-01   0.000       0.000       0.000       0.000        0.000       0.000       0.000       0.000       0.000       0.000                            0.3798E-06  0.3798E-06   0.000    
  30499200.0   10.56853070   10.7027   0.000       0.000      0.1341E-02  0.3674E-06 -0.3980E-01  0.3845E-01   0.000       0.000       0.000       0.000        0.000       0.000       0.000       0.000       0.000       0.000                            0.3674E-06  0.3674E-06   0.000    
  30585600.0   10.56237339   10.6958   0.000       0.000      0.1334E-02  0.3563E-06 -0.3956E-01  0.3822E-01   0.000       0.000       0.000       0.000        0.000       0.000       0.000       0.000       0.000       0.000                            0.3563E-06  0.3563E-06   0.000    
  30672000.0   10.55640716   10.6891   0.000       0.000      0.1327E-02  0.3453E-06 -0.3932E-01  0.3799E-01   0.000       0.000       0.000       0.000        0.000       0.000       0.000       0.000       0.000       0.000                            0.3453E-06  0.3453E-06   0.000    
  30758400.0   10.55062099   10.6826   0.000       0.000      0.1320E-02  0.3348E-06 -0.3909E-01  0.3777E-01   0.000       0.000       0.000       0.000        0.000       0.000       0.000       0.000       0.000       0.000                            0.3348E-06  0.3348E-06   0.000    
  30844800.0   10.54500428   10.6763   0.000       0.000      0.1313E-02  0.3250E-06 -0.3887E-01  0.3755E-01   0.000       0.000       0.000       0.000        0.000       0.000       0.000       0.000       0.000       0.000                            0.3250E-06  0.3250E-06   0.000    
  30931200.0   10.53953745   10.6702   0.000       0.000      0.1306E-02  0.3164E-06 -0.3865E-01  0.3734E-01   0.000       0.000       0.000       0.000        0.000       0.000       0.000       0.000       0.000       0.000                            0.3164E-06  0.3164E-06   0.000    
  31017600.0   10.53421477   10.6642   0.000       0.000      0.1300E-02  0.3080E-06 -0.3843E-01  0.3713E-01   0.000       0.000       0.000       0.000        0.000       0.000       0.000       0.000       0.000       0.000                            0.3080E-06  0.3080E-06   0.000    
  31104000.0   10.52904035   10.6583   0.000       0.000      0.1293E-02  0.2994E-06 -0.3822E-01  0.3693E-01   0.000       0.000       0.000       0.000        0.000       0.000       0.000       0.000       0.000       0.000                            0.2994E-06  0.2994E-06   0.000    
  31190400.0   10.52400644   10.6527   0.000       0.000      0.1287E-02  0.2913E-06 -0.3801E-01  0.3673E-01   0.000       0.000       0.000       0.000        0.000       0.000       0.000       0.000       0.000       0.000                            0.2913E-06  0.2913E-06   0.000    
  31276800.0   10.51990324   10.6480   0.000       0.000      0.1281E-02  0.2375E-06 -0.3784E-01  0.3656E-01   0.000       0.000       0.000       0.000        0.000       0.000       0.000       0.000       0.000       0.000                            0.2375E-06  0.2375E-06   0.000    
  31363200.0   10.51502931   10.6425   0.000       0.000      0.1275E-02  0.2821E-06 -0.3764E-01  0.3637E-01   0.000       0.000       0.000       0.000        0.000       0.000       0.000       0.000       0.000       0.000                            0.2821E-06  0.2821E-06   0.000    
  31449600.0   10.51029634   10.6372   0.000       0.000      0.1269E-02  0.2739E-06 -0.3745E-01  0.3618E-01   0.000       0.000       0.000       0.000        0.000       0.000       0.000       0.000       0.000       0.000                            0.2739E-06  0.2739E-06   0.000    
  31536000.0   10.50568947   10.6320   0.000       0.000      0.1263E-02  0.2666E-06 -0.3726E-01  0.3599E-01   0.000       0.000       0.000       0.000        0.000       0.000       0.000       0.000       0.000       0.000                            0.2666E-06  0.2666E-06   0.000    
  31622400.0   10.50079468   10.6264   0.000       0.000      0.1256E-02  0.2833E-06 -0.3705E-01  0.3580E-01   0.000       0.000       0.000       0.000        0.000       0.000       0.000       0.000       0.000       0.000                            0.2833E-06  0.2833E-06   0.000    
