   TOTIM (T)          HCON      HMAT     QDIR      QWELL        QMAT QCADS<->CON       QTUB1       QTUB2       QTUB3       QTUB4       QTUB5       QTUB6       NSTOR        QFIX        QLH     FHLQ (LQ)      CAUCHY CAUCHY (LQ) BREAK-DOWN CADS FLOW  QCADS<->CON    Q_CDSSTO    Q_CDSRCH
     86400.0   10.77025609   10.8969   0.000       0.000      0.1267E-02   0.000     -0.5403E-01  0.5277E-01   0.000       0.000       0.000       0.000        0.000       0.000       0.000       0.000       0.000       0.000                             0.000       0.000       0.000    
    172800.0   10.75312964   10.8785   0.000       0.000      0.1254E-02  0.9911E-06 -0.5355E-01  0.5230E-01   0.000       0.000       0.000       0.000        0.000       0.000       0.000       0.000       0.000       0.000                            0.9911E-06  0.9911E-06   0.000    
    259200.0   10.75352689   10.8789   0.000       0.000      0.1254E-02 -0.2299E-07 -0.5350E-01  0.5225E-01   0.000       0.000       0.000       0.000        0.000       0.000       0.000       0.000       0.000       0.000                           -0.2299E-07 -0.2299E-07   0.000    
    345600.0   10.75200297   10.8772   0.000       0.000      0.1252E-02  0.8819E-07 -0.5343E-01  0.5218E-01   0.000       0.000       0.000       0.000        0.000       0.000       0.000       0.000       0.000       0.000                            0.8819E-07  0.8819E-07   0.000    
    432000.0   10.76345904   10.8895   0.000       0.000      0.1261E-02 -0.6630E-06 -0.5373E-01  0.5247E-01   0.000       0.000       0.000       0.000        0.000       0.000       0.000       0.000       0.000       0.000                           -0.6630E-06 -0.6630E-06   0.000    
    518400.0   10.77023304   10.8968   0.000       0.000      0.1266E-02 -0.3920E-06 -0.5395E-01  0.5268E-01   0.000       0.000       0.000       0.000        0.000       0.000       0.000       0.000       0.000       0.000                           -0.3920E-06 -0.3920E-06   0.000    
    604800.0   10.77219010   10.8989   0.000       0.000      0.1268E-02 -0.1133E-06 -0.5404E-01  0.5277E-01   0.000       0.000       0.000       0.000        0.000       0.000       0.000       0.000       0.000       0.000                           -0.1133E-06 -0.1133E-06   0.000    
    691200.0   10.78969691   10.9178   0.000       0.000      0.1281E-02 -0.1013E-05 -0.5455E-01  0.5327E-01   0.000       0.000       0.000       0.000        0.000       0.000       0.000       0.000       0.000       0.000                           -0.1013E-05 -0.1013E-05   0.000    
    777600.0   10.83733705   10.9689   0.000       0.000      0.1316E-02 -0.2757E-05 -0.5590E-01  0.5459E-01   0.000       0.000       0.000       0.000        0.000       0.000       0.000       0.000       0.000       0.000                           -0.2757E-05 -0.2757E-05   0.000    
    864000.0   10.90745735   11.0441   0.000       0.000      0.1367E-02 -0.4058E-05 -0.5789E-01  0.5653E-01   0.000       0.000       0.000       0.000        0.000       0.000       0.000       0.000       0.000       0.000                           -0.4058E-05 -0.4058E-05   0.000    
    950400.0   10.93880755   11.0779   0.000       0.000      0.1391E-02 -0.1814E-05 -0.5902E-01  0.5763E-01   0.000       0.000       0.000       0.000        0.000       0.000       0.000       0.000       0.000       0.000                           -0.1814E-05 -0.1814E-05   0.000    
   1036800.0   11.01501246   11.1593   0.000       0.000      0.1443E-02 -0.4410E-05 -0.6107E-01  0.5963E-01   0.000       0.000       0.000       0.000        0.000       0.000       0.000       0.000       0.000       0.000                           -0.4410E-05 -0.4410E-05   0.000    
   1123200.0   11.15248255   11.3054   0.000       0.000      0.1529E-02 -0.7955E-05 -0.6441E-01  0.6289E-01   0.000       0.000       0.000       0.000        0.000       0.000       0.000       0.000       0.000       0.000                           -0.7955E-05 -0.7955E-05   0.000    
   1209600.0   11.13478596   11.2874   0.000       0.000      0.1526E-02  0.1024E-05 -0.6477E-01  0.6324E-01   0.000       0.000       0.000       0.000        0.000       0.000       0.000       0.000       0.000       0.000                            0.1024E-05  0.1024E-05   0.000    
   1296000.0   11.11396483   11.2660   0.000       0.000      0.1520E-02  0.1205E-05 -0.6465E-01  0.6313E-01   0.000       0.000       0.000       0.000        0.000       0.000       0.000       0.000       0.000       0.000                            0.1205E-05  0.1205E-05   0.000    
   1382400.0   11.09325995   11.2442   0.000       0.000      0.1510E-02  0.1198E-05 -0.6431E-01  0.6280E-01   0.000       0.000       0.000       0.000        0.000       0.000       0.000       0.000       0.000       0.000                            0.1198E-05  0.1198E-05   0.000    
   1468800.0   11.07283817   11.2227   0.000       0.000      0.1499E-02  0.1182E-05 -0.6389E-01  0.6239E-01   0.000       0.000       0.000       0.000        0.000       0.000       0.000       0.000       0.000       0.000                            0.1182E-05  0.1182E-05   0.000    
   1555200.0   11.05103977   11.1996   0.000       0.000      0.1485E-02  0.1261E-05 -0.6338E-01  0.6190E-01   0.000       0.000       0.000       0.000        0.000       0.000       0.000       0.000       0.000       0.000                            0.1261E-05  0.1261E-05   0.000    
   1641600.0   11.02920698   11.1763   0.000       0.000      0.1471E-02  0.1263E-05 -0.6282E-01  0.6135E-01   0.000       0.000       0.000       0.000        0.000       0.000       0.000       0.000       0.000       0.000                            0.1263E-05  0.1263E-05   0.000    
   1728000.0   11.01075116   11.1566   0.000       0.000      0.1459E-02  0.1068E-05 -0.6231E-01  0.6085E-01   0.000       0.000       0.000       0.000        0.000       0.000       0.000       0.000       0.000       0.000                            0.1068E-05  0.1068E-05   0.000    
   1814400.0   10.99451458   11.1393   0.000       0.000      0.1448E-02  0.9396E-06 -0.6184E-01  0.6040E-01   0.000       0.000       0.000       0.000        0.000       0.000       0.000       0.000       0.000       0.000                            0.9396E-06  0.9396E-06   0.000    
   1900800.0   10.97642358   11.1199   0.000       0.000      0.1435E-02  0.1047E-05 -0.6132E-01  0.5988E-01   0.000       0.000       0.000       0.000        0.000       0.000       0.000       0.000       0.000       0.000                            0.1047E-05  0.1047E-05   0.000    
   1987200.0   10.95977289   11.1021   0.000       0.000      0.1423E-02  0.9636E-06 -0.6083E-01  0.5940E-01   0.000       0.000       0.000       0.000        0.000       0.000       0.000       0.000       0.000       0.000                            0.9636E-06  0.9636E-06   0.000    
   2073600.0   10.94608978   11.0874   0.000       0.000      0.1413E-02  0.7918E-06 -0.6040E-01  0.5898E-01   0.000       0.000       0.000       0.000        0.000       0.000       0.000       0.000       0.000       0.000                            0.7918E-06  0.7918E-06   0.000    
   2160000.0   10.93021226   11.0704   0.000       0.000      0.1402E-02  0.9188E-06 -0.5991E-01  0.5851E-01   0.000       0.000       0.000       0.000        0.000       0.000       0.000       0.000       0.000       0.000                            0.9188E-06  0.9188E-06   0.000    
   2246400.0   10.91451636   11.0536   0.000       0.000      0.1391E-02  0.9083E-06 -0.5943E-01  0.5804E-01   0.000       0.000       0.000       0.000        0.000       0.000       0.000       0.000       0.000       0.000                            0.9083E-06  0.9083E-06   0.000    
   2332800.0   10.89926706   11.0372   0.000       0.000      0.1379E-02  0.8825E-06 -0.5893E-01  0.5755E-01   0.000       0.000       0.000       0.000        0.000       0.000       0.000       0.000       0.000       0.000                            0.8825E-06  0.8825E-06   0.000    
   2419200.0   10.88438860   11.0212   0.000       0.000      0.1368E-02  0.8610E-06 -0.5845E-01  0.5709E-01   0.000       0.000       0.000       0.000        0.000       0.000       0.000       0.000       0.000       0.000                            0.8610E-06  0.8610E-06   0.000    
   2505600.0   10.87776023   11.0140   0.000       0.000      0.1362E-02  0.3836E-06 -0.5817E-01  0.5681E-01   0.000       0.000       0.000       0.000        0.000       0.000       0.000       0.000       0.000       0.000                            0.3836E-06  0.3836E-06   0.000    
   2592000.0   10.86796084   11.0034   0.000       0.000      0.1355E-02  0.5671E-06 -0.5785E-01  0.5649E-01   0.000       0.000       0.000       0.000        0.000       0.000       0.000       0.000       0.000       0.000                            0.5671E-06  0.5671E-06   0.000    
   2678400.0   10.88656952   11.0232   0.000       0.000      0.1367E-02 -0.1077E-05 -0.5824E-01  0.5687E-01   0.000       0.000       0.000       0.000        0.000       0.000       0.000       0.000       0.000       0.000                           -0.1077E-05 -0.1077E-05   0.000    
   2764800.0   10.96032685   11.1019   0.000       0.000      0.1415E-02 -0.4268E-05 -0.6004E-01  0.5863E-01   0.000       0.000       0.000       0.000        0.000       0.000       0.000       0.000       0.000       0.000                           -0.4268E-05 -0.4268E-05   0.000    
   2851200.0   11.14163686   11.2944   0.000       0.000      0.1527E-02 -0.1049E-04 -0.6426E-01  0.6275E-01   0.000       0.000       0.000       0.000        0.000       0.000       0.000       0.000       0.000       0.000                           -0.1049E-04 -0.1049E-04   0.000    
   2937600.0   11.10796023   11.2595   0.000       0.000      0.1516E-02  0.1949E-05 -0.6437E-01  0.6285E-01   0.000       0.000       0.000       0.000        0.000       0.000       0.000       0.000       0.000       0.000                            0.1949E-05  0.1949E-05   0.000    
   3024000.0   11.11431007   11.2668   0.000       0.000      0.1525E-02 -0.3675E-06 -0.6477E-01  0.6324E-01   0.000       0.000       0.000       0.000        0.000       0.000       0.000       0.000       0.000       0.000                           -0.3675E-06 -0.3675E-06   0.000    
   3110400.0   11.11577724   11.2686   0.000       0.000      0.1529E-02 -0.8491E-07 -0.6496E-01  0.6343E-01   0.000       0.000       0.000       0.000        0.000       0.000       0.000       0.000       0.000       0.000                           -0.8491E-07 -0.8491E-07   0.000    
   3196800.0   11.10407204   11.2564   0.000       0.000      0.1523E-02  0.6774E-06 -0.6481E-01  0.6329E-01   0.000       0.000       0.000       0.000        0.000       0.000       0.000       0.000       0.000       0.000                            0.6774E-06  0.6774E-06   0.000    
   3283200.0   11.08634954   11.2377   0.000       0.000      0.1514E-02  0.1026E-05 -0.6448E-01  0.6296E-01   0.000       0.000       0.000       0.000        0.000       0.000       0.000       0.000       0.000       0.000                            0.1026E-05  0.1026E-05   0.000    
   3369600.0   11.08902457   11.2406   0.000       0.000      0.1516E-02 -0.1548E-06 -0.6450E-01  0.6299E-01   0.000       0.000       0.000       0.000        0.000       0.000       0.000       0.000       0.000       0.000                           -0.1548E-06 -0.1548E-06   0.000    
   3456000.0   11.10341208   11.2558   0.000       0.000      0.1524E-02 -0.8326E-06 -0.6480E-01  0.6328E-01   0.000       0.000       0.000       0.000        0.000       0.000       0.000       0.000       0.000       0.000                           -0.8326E-06 -0.8326E-06   0.000    
   3542400.0   11.12579795   11.2796   0.000       0.000      0.1538E-02 -0.1295E-05 -0.6535E-01  0.6381E-01   0.000       0.000       0.000       0.000        0.000       0.000       0.000       0.000       0.000       0.000                           -0.1295E-05 -0.1295E-05   0.000    
   3628800.0   11.13409347   11.2885   0.000       0.000      0.1544E-02 -0.4801E-06 -0.6564E-01  0.6410E-01   0.000       0.000       0.000       0.000        0.000       0.000       0.000       0.000       0.000       0.000                           -0.4801E-06 -0.4801E-06   0.000    
   3715200.0   11.12258416   11.2765   0.000       0.000      0.1539E-02  0.6660E-06 -0.6550E-01  0.6396E-01   0.000       0.000       0.000       0.000        0.000       0.000       0.000       0.000       0.000       0.000                            0.6660E-06  0.6660E-06   0.000    
   3801600.0   11.12621443   11.2804   0.000       0.000      0.1542E-02 -0.2101E-06 -0.6560E-01  0.6406E-01   0.000       0.000       0.000       0.000        0.000       0.000       0.000       0.000       0.000       0.000                           -0.2101E-06 -0.2101E-06   0.000    
   3888000.0   11.13880178   11.2937   0.000       0.000      0.1549E-02 -0.7284E-06 -0.6589E-01  0.6434E-01   0.000       0.000       0.000       0.000        0.000       0.000       0.000       0.000       0.000       0.000                           -0.7284E-06 -0.7284E-06   0.000    
   3974400.0   11.16706290   11.3237   0.000       0.000      0.1566E-02 -0.1635E-05 -0.6653E-01  0.6497E-01   0.000       0.000       0.000       0.000        0.000       0.000       0.000       0.000       0.000       0.000                           -0.1635E-05 -0.1635E-05   0.000    
   4060800.0   11.18981974   11.3478   0.000       0.000      0.1580E-02 -0.1317E-05 -0.6712E-01  0.6554E-01   0.000       0.000       0.000       0.000        0.000       0.000       0.000       0.000       0.000       0.000                           -0.1317E-05 -0.1317E-05   0.000    
   4147200.0   11.17819415   11.3358   0.000       0.000      0.1576E-02  0.6728E-06 -0.6706E-01  0.6548E-01   0.000       0.000       0.000       0.000        0.000       0.000       0.000       0.000       0.000       0.000                            0.6728E-06  0.6728E-06   0.000    
   4233600.0   11.16015315   11.3169   0.000       0.000      0.1567E-02  0.1044E-05 -0.6674E-01  0.6517E-01   0.000       0.000       0.000       0.000        0.000       0.000       0.000       0.000       0.000       0.000                            0.1044E-05  0.1044E-05   0.000    
   4320000.0   11.14513453   11.3010   0.000       0.000      0.1559E-02  0.8691E-06 -0.6642E-01  0.6486E-01   0.000       0.000       0.000       0.000        0.000       0.000       0.000       0.000       0.000       0.000                            0.8691E-06  0.8691E-06   0.000    
   4406400.0   11.12906598   11.2840   0.000       0.000      0.1549E-02  0.9299E-06 -0.6603E-01  0.6448E-01   0.000       0.000       0.000       0.000        0.000       0.000       0.000       0.000       0.000       0.000                            0.9299E-06  0.9299E-06   0.000    
   4492800.0   11.11623838   11.2704   0.000       0.000      0.1541E-02  0.7423E-06 -0.6569E-01  0.6414E-01   0.000       0.000       0.000       0.000        0.000       0.000       0.000       0.000       0.000       0.000                            0.7423E-06  0.7423E-06   0.000    
   4579200.0   11.09959380   11.2527   0.000       0.000      0.1531E-02  0.9632E-06 -0.6527E-01  0.6373E-01   0.000       0.000       0.000       0.000        0.000       0.000       0.000       0.000       0.000       0.000                            0.9632E-06  0.9632E-06   0.000    
   4665600.0   11.08202713   11.2340   0.000       0.000      0.1520E-02  0.1017E-05 -0.6480E-01  0.6328E-01   0.000       0.000       0.000       0.000        0.000       0.000       0.000       0.000       0.000       0.000                            0.1017E-05  0.1017E-05   0.000    
   4752000.0   11.10726127   11.2607   0.000       0.000      0.1534E-02 -0.1460E-05 -0.6523E-01  0.6370E-01   0.000       0.000       0.000       0.000        0.000       0.000       0.000       0.000       0.000       0.000                           -0.1460E-05 -0.1460E-05   0.000    
   4838400.0   11.14366214   11.2991   0.000       0.000      0.1555E-02 -0.2107E-05 -0.6602E-01  0.6447E-01   0.000       0.000       0.000       0.000        0.000       0.000       0.000       0.000       0.000       0.000                           -0.2107E-05 -0.2107E-05   0.000    
   4924800.0   11.18443174   11.3423   0.000       0.000      0.1579E-02 -0.2359E-05 -0.6698E-01  0.6540E-01   0.000       0.000       0.000       0.000        0.000       0.000       0.000       0.000       0.000       0.000                           -0.2359E-05 -0.2359E-05   0.000    
   5011200.0   11.20975542   11.3694   0.000       0.000      0.1596E-02 -0.1465E-05 -0.6771E-01  0.6611E-01   0.000       0.000       0.000       0.000        0.000       0.000       0.000       0.000       0.000       0.000                           -0.1465E-05 -0.1465E-05   0.000    
   5097600.0   11.19722487   11.3564   0.000       0.000      0.1591E-02  0.7251E-06 -0.6765E-01  0.6606E-01   0.000       0.000       0.000       0.000        0.000       0.000       0.000       0.000       0.000       0.000                            0.7251E-06  0.7251E-06   0.000    
   5184000.0   11.17889651   11.3372   0.000       0.000      0.1583E-02  0.1061E-05 -0.6736E-01  0.6578E-01   0.000       0.000       0.000       0.000        0.000       0.000       0.000       0.000       0.000       0.000                            0.1061E-05  0.1061E-05   0.000    
   5270400.0   11.16286804   11.3203   0.000       0.000      0.1574E-02  0.9276E-06 -0.6701E-01  0.6543E-01   0.000       0.000       0.000       0.000        0.000       0.000       0.000       0.000       0.000       0.000                            0.9276E-06  0.9276E-06   0.000    
   5356800.0   11.14448898   11.3009   0.000       0.000      0.1564E-02  0.1064E-05 -0.6659E-01  0.6503E-01   0.000       0.000       0.000       0.000        0.000       0.000       0.000       0.000       0.000       0.000                            0.1064E-05  0.1064E-05   0.000    
   5443200.0   11.15395344   11.3108   0.000       0.000      0.1569E-02 -0.5477E-06 -0.6670E-01  0.6513E-01   0.000       0.000       0.000       0.000        0.000       0.000       0.000       0.000       0.000       0.000                           -0.5477E-06 -0.5477E-06   0.000    
   5529600.0   11.16614067   11.3236   0.000       0.000      0.1575E-02 -0.7053E-06 -0.6694E-01  0.6536E-01   0.000       0.000       0.000       0.000        0.000       0.000       0.000       0.000       0.000       0.000                           -0.7053E-06 -0.7053E-06   0.000    
   5616000.0   11.17928398   11.3376   0.000       0.000      0.1583E-02 -0.7606E-06 -0.6726E-01  0.6567E-01   0.000       0.000       0.000       0.000        0.000       0.000       0.000       0.000       0.000       0.000                           -0.7606E-06 -0.7606E-06   0.000    
   5702400.0   11.18774479   11.3466   0.000       0.000      0.1589E-02 -0.4896E-06 -0.6750E-01  0.6591E-01   0.000       0.000       0.000       0.000        0.000       0.000       0.000       0.000       0.000       0.000                           -0.4896E-06 -0.4896E-06   0.000    
   5788800.0   11.18341068   11.3421   0.000       0.000      0.1587E-02  0.2508E-06 -0.6748E-01  0.6589E-01   0.000       0.000       0.000       0.000        0.000       0.000       0.000       0.000       0.000       0.000                            0.2508E-06  0.2508E-06   0.000    
   5875200.0   11.18427163   11.3431   0.000       0.000      0.1589E-02 -0.4982E-07 -0.6752E-01  0.6593E-01   0.000       0.000       0.000       0.000        0.000       0.000       0.000       0.000       0.000       0.000                           -0.4982E-07 -0.4982E-07   0.000    
   5961600.0   11.18014634   11.3388   0.000       0.000      0.1587E-02  0.2387E-06 -0.6746E-01  0.6587E-01   0.000       0.000       0.000       0.000        0.000       0.000       0.000       0.000       0.000       0.000                            0.2387E-06  0.2387E-06   0.000    
   6048000.0   11.16774145   11.3257   0.000       0.000      0.1580E-02  0.7179E-06 -0.6720E-01  0.6562E-01   0.000       0.000       0.000       0.000        0.000       0.000       0.000       0.000       0.000       0.000                            0.7179E-06  0.7179E-06   0.000    
   6134400.0   11.15153423   11.3086   0.000       0.000      0.1571E-02  0.9379E-06 -0.6685E-01  0.6528E-01   0.000       0.000       0.000       0.000        0.000       0.000       0.000       0.000       0.000       0.000                            0.9379E-06  0.9379E-06   0.000    
   6220800.0   11.13389195   11.2899   0.000       0.000      0.1560E-02  0.1021E-05 -0.6641E-01  0.6485E-01   0.000       0.000       0.000       0.000        0.000       0.000       0.000       0.000       0.000       0.000                            0.1021E-05  0.1021E-05   0.000    
   6307200.0   11.11561168   11.2705   0.000       0.000      0.1549E-02  0.1058E-05 -0.6595E-01  0.6440E-01   0.000       0.000       0.000       0.000        0.000       0.000       0.000       0.000       0.000       0.000                            0.1058E-05  0.1058E-05   0.000    
   6393600.0   11.09748034   11.2511   0.000       0.000      0.1537E-02  0.1049E-05 -0.6545E-01  0.6391E-01   0.000       0.000       0.000       0.000        0.000       0.000       0.000       0.000       0.000       0.000                            0.1049E-05  0.1049E-05   0.000    
   6480000.0   11.07948563   11.2320   0.000       0.000      0.1525E-02  0.1041E-05 -0.6496E-01  0.6343E-01   0.000       0.000       0.000       0.000        0.000       0.000       0.000       0.000       0.000       0.000                            0.1041E-05  0.1041E-05   0.000    
   6566400.0   11.06186950   11.2132   0.000       0.000      0.1513E-02  0.1019E-05 -0.6444E-01  0.6293E-01   0.000       0.000       0.000       0.000        0.000       0.000       0.000       0.000       0.000       0.000                            0.1019E-05  0.1019E-05   0.000    
   6652800.0   11.04443855   11.1946   0.000       0.000      0.1501E-02  0.1009E-05 -0.6395E-01  0.6244E-01   0.000       0.000       0.000       0.000        0.000       0.000       0.000       0.000       0.000       0.000                            0.1009E-05  0.1009E-05   0.000    
   6739200.0   11.02766553   11.1766   0.000       0.000      0.1489E-02  0.9707E-06 -0.6344E-01  0.6194E-01   0.000       0.000       0.000       0.000        0.000       0.000       0.000       0.000       0.000       0.000                            0.9707E-06  0.9707E-06   0.000    
   6825600.0   11.01090576   11.1587   0.000       0.000      0.1478E-02  0.9699E-06 -0.6294E-01  0.6146E-01   0.000       0.000       0.000       0.000        0.000       0.000       0.000       0.000       0.000       0.000                            0.9699E-06  0.9699E-06   0.000    
   6912000.0   10.99445216   11.1410   0.000       0.000      0.1465E-02  0.9522E-06 -0.6242E-01  0.6096E-01   0.000       0.000       0.000       0.000        0.000       0.000       0.000       0.000       0.000       0.000                            0.9522E-06  0.9522E-06   0.000    
   6998400.0   10.97826981   11.1237   0.000       0.000      0.1454E-02  0.9365E-06 -0.6193E-01  0.6048E-01   0.000       0.000       0.000       0.000        0.000       0.000       0.000       0.000       0.000       0.000                            0.9365E-06  0.9365E-06   0.000    
   7084800.0   10.96274680   11.1070   0.000       0.000      0.1442E-02  0.8983E-06 -0.6144E-01  0.5999E-01   0.000       0.000       0.000       0.000        0.000       0.000       0.000       0.000       0.000       0.000                            0.8983E-06  0.8983E-06   0.000    
   7171200.0   10.94777603   11.0909   0.000       0.000      0.1431E-02  0.8664E-06 -0.6096E-01  0.5952E-01   0.000       0.000       0.000       0.000        0.000       0.000       0.000       0.000       0.000       0.000                            0.8664E-06  0.8664E-06   0.000    
   7257600.0   10.93318705   11.0752   0.000       0.000      0.1420E-02  0.8443E-06 -0.6048E-01  0.5906E-01   0.000       0.000       0.000       0.000        0.000       0.000       0.000       0.000       0.000       0.000                            0.8443E-06  0.8443E-06   0.000    
   7344000.0   10.91919332   11.0601   0.000       0.000      0.1409E-02  0.8098E-06 -0.6001E-01  0.5860E-01   0.000       0.000       0.000       0.000        0.000       0.000       0.000       0.000       0.000       0.000                            0.8098E-06  0.8098E-06   0.000    
   7430400.0   10.90659097   11.0465   0.000       0.000      0.1400E-02  0.7293E-06 -0.5959E-01  0.5819E-01   0.000       0.000       0.000       0.000        0.000       0.000       0.000       0.000       0.000       0.000                            0.7293E-06  0.7293E-06   0.000    
   7516800.0   10.89425057   11.0332   0.000       0.000      0.1390E-02  0.7141E-06 -0.5916E-01  0.5777E-01   0.000       0.000       0.000       0.000        0.000       0.000       0.000       0.000       0.000       0.000                            0.7141E-06  0.7141E-06   0.000    
   7603200.0   10.88153532   11.0195   0.000       0.000      0.1380E-02  0.7358E-06 -0.5874E-01  0.5736E-01   0.000       0.000       0.000       0.000        0.000       0.000       0.000       0.000       0.000       0.000                            0.7358E-06  0.7358E-06   0.000    
   7689600.0   10.86930005   11.0063   0.000       0.000      0.1370E-02  0.7081E-06 -0.5831E-01  0.5694E-01   0.000       0.000       0.000       0.000        0.000       0.000       0.000       0.000       0.000       0.000                            0.7081E-06  0.7081E-06   0.000    
   7776000.0   10.85790949   10.9940   0.000       0.000      0.1360E-02  0.6592E-06 -0.5792E-01  0.5656E-01   0.000       0.000       0.000       0.000        0.000       0.000       0.000       0.000       0.000       0.000                            0.6592E-06  0.6592E-06   0.000    
   7862400.0   10.84647955   10.9816   0.000       0.000      0.1351E-02  0.6615E-06 -0.5751E-01  0.5616E-01   0.000       0.000       0.000       0.000        0.000       0.000       0.000       0.000       0.000       0.000                            0.6615E-06  0.6615E-06   0.000    
   7948800.0   10.83533784   10.9695   0.000       0.000      0.1342E-02  0.6448E-06 -0.5712E-01  0.5578E-01   0.000       0.000       0.000       0.000        0.000       0.000       0.000       0.000       0.000       0.000                            0.6448E-06  0.6448E-06   0.000    
   8035200.0   10.82463893   10.9579   0.000       0.000      0.1333E-02  0.6191E-06 -0.5673E-01  0.5539E-01   0.000       0.000       0.000       0.000        0.000       0.000       0.000       0.000       0.000       0.000                            0.6191E-06  0.6191E-06   0.000    
   8121600.0   10.81417143   10.9466   0.000       0.000      0.1324E-02  0.6058E-06 -0.5636E-01  0.5503E-01   0.000       0.000       0.000       0.000        0.000       0.000       0.000       0.000       0.000       0.000                            0.6058E-06  0.6058E-06   0.000    
   8208000.0   10.80411485   10.9356   0.000       0.000      0.1315E-02  0.5820E-06 -0.5598E-01  0.5466E-01   0.000       0.000       0.000       0.000        0.000       0.000       0.000       0.000       0.000       0.000                            0.5820E-06  0.5820E-06   0.000    
   8294400.0   10.79424411   10.9249   0.000       0.000      0.1307E-02  0.5712E-06 -0.5562E-01  0.5432E-01   0.000       0.000       0.000       0.000        0.000       0.000       0.000       0.000       0.000       0.000                            0.5712E-06  0.5712E-06   0.000    
   8380800.0   10.83899605   10.9728   0.000       0.000      0.1338E-02 -0.2590E-05 -0.5673E-01  0.5540E-01   0.000       0.000       0.000       0.000        0.000       0.000       0.000       0.000       0.000       0.000                           -0.2590E-05 -0.2590E-05   0.000    
   8467200.0   10.84330429   10.9774   0.000       0.000      0.1341E-02 -0.2493E-06 -0.5696E-01  0.5562E-01   0.000       0.000       0.000       0.000        0.000       0.000       0.000       0.000       0.000       0.000                           -0.2493E-06 -0.2493E-06   0.000    
   8553600.0   10.84401615   10.9783   0.000       0.000      0.1342E-02 -0.4120E-07 -0.5704E-01  0.5569E-01   0.000       0.000       0.000       0.000        0.000       0.000       0.000       0.000       0.000       0.000                           -0.4120E-07 -0.4120E-07   0.000    
   8640000.0   10.83999941   10.9740   0.000       0.000      0.1340E-02  0.2324E-06 -0.5695E-01  0.5561E-01   0.000       0.000       0.000       0.000        0.000       0.000       0.000       0.000       0.000       0.000                            0.2324E-06  0.2324E-06   0.000    
   8726400.0   10.83359227   10.9671   0.000       0.000      0.1335E-02  0.3708E-06 -0.5678E-01  0.5544E-01   0.000       0.000       0.000       0.000        0.000       0.000       0.000       0.000       0.000       0.000                            0.3708E-06  0.3708E-06   0.000    
   8812800.0   10.82603651   10.9589   0.000       0.000      0.1329E-02  0.4373E-06 -0.5654E-01  0.5521E-01   0.000       0.000       0.000       0.000        0.000       0.000       0.000       0.000       0.000       0.000                            0.4373E-06  0.4373E-06   0.000    
   8899200.0   10.81647010   10.9486   0.000       0.000      0.1321E-02  0.5536E-06 -0.5624E-01  0.5492E-01   0.000       0.000       0.000       0.000        0.000       0.000       0.000       0.000       0.000       0.000                            0.5536E-06  0.5536E-06   0.000    
   8985600.0   10.81331270   10.9451   0.000       0.000      0.1318E-02  0.1827E-06 -0.5610E-01  0.5478E-01   0.000       0.000       0.000       0.000        0.000       0.000       0.000       0.000       0.000       0.000                            0.1827E-06  0.1827E-06   0.000    
   9072000.0   10.82089755   10.9532   0.000       0.000      0.1323E-02 -0.4389E-06 -0.5625E-01  0.5493E-01   0.000       0.000       0.000       0.000        0.000       0.000       0.000       0.000       0.000       0.000                           -0.4389E-06 -0.4389E-06   0.000    
   9158400.0   10.81709909   10.9490   0.000       0.000      0.1319E-02  0.2198E-06 -0.5615E-01  0.5483E-01   0.000       0.000       0.000       0.000        0.000       0.000       0.000       0.000       0.000       0.000                            0.2198E-06  0.2198E-06   0.000    
   9244800.0   10.84421088   10.9781   0.000       0.000      0.1339E-02 -0.1569E-05 -0.5686E-01  0.5552E-01   0.000       0.000       0.000       0.000        0.000       0.000       0.000       0.000       0.000       0.000                           -0.1569E-05 -0.1569E-05   0.000    
   9331200.0   10.91292508   11.0515   0.000       0.000      0.1386E-02 -0.3977E-05 -0.5867E-01  0.5729E-01   0.000       0.000       0.000       0.000        0.000       0.000       0.000       0.000       0.000       0.000                           -0.3977E-05 -0.3977E-05   0.000    
   9417600.0   11.08049367   11.2299   0.000       0.000      0.1494E-02 -0.9697E-05 -0.6278E-01  0.6130E-01   0.000       0.000       0.000       0.000        0.000       0.000       0.000       0.000       0.000       0.000                           -0.9697E-05 -0.9697E-05   0.000    
   9504000.0   11.20359063   11.3607   0.000       0.000      0.1571E-02 -0.7124E-05 -0.6603E-01  0.6447E-01   0.000       0.000       0.000       0.000        0.000       0.000       0.000       0.000       0.000       0.000                           -0.7124E-05 -0.7124E-05   0.000    
   9590400.0   11.18063397   11.3374   0.000       0.000      0.1567E-02  0.1329E-05 -0.6639E-01  0.6482E-01   0.000       0.000       0.000       0.000        0.000       0.000       0.000       0.000       0.000       0.000                            0.1329E-05  0.1329E-05   0.000    
   9676800.0   11.15264853   11.3084   0.000       0.000      0.1557E-02  0.1620E-05 -0.6616E-01  0.6460E-01   0.000       0.000       0.000       0.000        0.000       0.000       0.000       0.000       0.000       0.000                            0.1620E-05  0.1620E-05   0.000    
   9763200.0   11.12299549   11.2772   0.000       0.000      0.1543E-02  0.1716E-05 -0.6564E-01  0.6410E-01   0.000       0.000       0.000       0.000        0.000       0.000       0.000       0.000       0.000       0.000                            0.1716E-05  0.1716E-05   0.000    
   9849600.0   11.09482257   11.2474   0.000       0.000      0.1526E-02  0.1630E-05 -0.6502E-01  0.6350E-01   0.000       0.000       0.000       0.000        0.000       0.000       0.000       0.000       0.000       0.000                            0.1630E-05  0.1630E-05   0.000    
   9936000.0   11.11301930   11.2666   0.000       0.000      0.1536E-02 -0.1053E-05 -0.6531E-01  0.6377E-01   0.000       0.000       0.000       0.000        0.000       0.000       0.000       0.000       0.000       0.000                           -0.1053E-05 -0.1053E-05   0.000    
  10022400.0   11.12798513   11.2824   0.000       0.000      0.1544E-02 -0.8661E-06 -0.6567E-01  0.6413E-01   0.000       0.000       0.000       0.000        0.000       0.000       0.000       0.000       0.000       0.000                           -0.8661E-06 -0.8661E-06   0.000    
  10108800.0   11.13245863   11.2872   0.000       0.000      0.1547E-02 -0.2589E-06 -0.6585E-01  0.6431E-01   0.000       0.000       0.000       0.000        0.000       0.000       0.000       0.000       0.000       0.000                           -0.2589E-06 -0.2589E-06   0.000    
  10195200.0   11.14467794   11.3002   0.000       0.000      0.1555E-02 -0.7071E-06 -0.6617E-01  0.6461E-01   0.000       0.000       0.000       0.000        0.000       0.000       0.000       0.000       0.000       0.000                           -0.7071E-06 -0.7071E-06   0.000    
  10281600.0   11.15117174   11.3071   0.000       0.000      0.1559E-02 -0.3758E-06 -0.6638E-01  0.6482E-01   0.000       0.000       0.000       0.000        0.000       0.000       0.000       0.000       0.000       0.000                           -0.3758E-06 -0.3758E-06   0.000    
  10368000.0   11.13901267   11.2944   0.000       0.000      0.1554E-02  0.7036E-06 -0.6623E-01  0.6468E-01   0.000       0.000       0.000       0.000        0.000       0.000       0.000       0.000       0.000       0.000                            0.7036E-06  0.7036E-06   0.000    
  10454400.0   11.12039410   11.2747   0.000       0.000      0.1543E-02  0.1077E-05 -0.6584E-01  0.6430E-01   0.000       0.000       0.000       0.000        0.000       0.000       0.000       0.000       0.000       0.000                            0.1077E-05  0.1077E-05   0.000    
  10540800.0   11.11946243   11.2737   0.000       0.000      0.1542E-02  0.5392E-07 -0.6577E-01  0.6423E-01   0.000       0.000       0.000       0.000        0.000       0.000       0.000       0.000       0.000       0.000                            0.5392E-07  0.5392E-07   0.000    
  10627200.0   11.12759564   11.2823   0.000       0.000      0.1547E-02 -0.4707E-06 -0.6593E-01  0.6438E-01   0.000       0.000       0.000       0.000        0.000       0.000       0.000       0.000       0.000       0.000                           -0.4707E-06 -0.4707E-06   0.000    
  10713600.0   11.12817385   11.2829   0.000       0.000      0.1547E-02 -0.3346E-07 -0.6597E-01  0.6442E-01   0.000       0.000       0.000       0.000        0.000       0.000       0.000       0.000       0.000       0.000                           -0.3346E-07 -0.3346E-07   0.000    
  10800000.0   11.11911620   11.2733   0.000       0.000      0.1542E-02  0.5242E-06 -0.6579E-01  0.6425E-01   0.000       0.000       0.000       0.000        0.000       0.000       0.000       0.000       0.000       0.000                            0.5242E-06  0.5242E-06   0.000    
  10886400.0   11.10395446   11.2573   0.000       0.000      0.1534E-02  0.8774E-06 -0.6548E-01  0.6394E-01   0.000       0.000       0.000       0.000        0.000       0.000       0.000       0.000       0.000       0.000                            0.8774E-06  0.8774E-06   0.000    
  10972800.0   11.08584133   11.2381   0.000       0.000      0.1522E-02  0.1048E-05 -0.6502E-01  0.6350E-01   0.000       0.000       0.000       0.000        0.000       0.000       0.000       0.000       0.000       0.000                            0.1048E-05  0.1048E-05   0.000    
  11059200.0   11.06464818   11.2156   0.000       0.000      0.1509E-02  0.1226E-05 -0.6449E-01  0.6298E-01   0.000       0.000       0.000       0.000        0.000       0.000       0.000       0.000       0.000       0.000                            0.1226E-05  0.1226E-05   0.000    
  11145600.0   11.04336389   11.1929   0.000       0.000      0.1495E-02  0.1232E-05 -0.6391E-01  0.6242E-01   0.000       0.000       0.000       0.000        0.000       0.000       0.000       0.000       0.000       0.000                            0.1232E-05  0.1232E-05   0.000    
  11232000.0   11.02308785   11.1712   0.000       0.000      0.1481E-02  0.1173E-05 -0.6332E-01  0.6184E-01   0.000       0.000       0.000       0.000        0.000       0.000       0.000       0.000       0.000       0.000                            0.1173E-05  0.1173E-05   0.000    
  11318400.0   11.00359651   11.1503   0.000       0.000      0.1468E-02  0.1128E-05 -0.6275E-01  0.6128E-01   0.000       0.000       0.000       0.000        0.000       0.000       0.000       0.000       0.000       0.000                            0.1128E-05  0.1128E-05   0.000    
  11404800.0   11.00781476   11.1547   0.000       0.000      0.1469E-02 -0.2441E-06 -0.6271E-01  0.6124E-01   0.000       0.000       0.000       0.000        0.000       0.000       0.000       0.000       0.000       0.000                           -0.2441E-06 -0.2441E-06   0.000    
  11491200.0   10.99059755   11.1363   0.000       0.000      0.1457E-02  0.9964E-06 -0.6225E-01  0.6079E-01   0.000       0.000       0.000       0.000        0.000       0.000       0.000       0.000       0.000       0.000                            0.9964E-06  0.9964E-06   0.000    
  11577600.0   11.01605986   11.1632   0.000       0.000      0.1472E-02 -0.1474E-05 -0.6273E-01  0.6126E-01   0.000       0.000       0.000       0.000        0.000       0.000       0.000       0.000       0.000       0.000                           -0.1474E-05 -0.1474E-05   0.000    
  11664000.0   11.08680028   11.2383   0.000       0.000      0.1515E-02 -0.4094E-05 -0.6433E-01  0.6282E-01   0.000       0.000       0.000       0.000        0.000       0.000       0.000       0.000       0.000       0.000                           -0.4094E-05 -0.4094E-05   0.000    
  11750400.0   11.25636875   11.4176   0.000       0.000      0.1612E-02 -0.9813E-05 -0.6798E-01  0.6638E-01   0.000       0.000       0.000       0.000        0.000       0.000       0.000       0.000       0.000       0.000                           -0.9813E-05 -0.9813E-05   0.000    
  11836800.0   11.22364226   11.3838   0.000       0.000      0.1601E-02  0.1894E-05 -0.6809E-01  0.6649E-01   0.000       0.000       0.000       0.000        0.000       0.000       0.000       0.000       0.000       0.000                            0.1894E-05  0.1894E-05   0.000    
  11923200.0   11.19411469   11.3531   0.000       0.000      0.1590E-02  0.1709E-05 -0.6777E-01  0.6618E-01   0.000       0.000       0.000       0.000        0.000       0.000       0.000       0.000       0.000       0.000                            0.1709E-05  0.1709E-05   0.000    
  12009600.0   11.16688702   11.3245   0.000       0.000      0.1576E-02  0.1576E-05 -0.6725E-01  0.6567E-01   0.000       0.000       0.000       0.000        0.000       0.000       0.000       0.000       0.000       0.000                            0.1576E-05  0.1576E-05   0.000    
  12096000.0   11.16002741   11.3173   0.000       0.000      0.1572E-02  0.3970E-06 -0.6705E-01  0.6548E-01   0.000       0.000       0.000       0.000        0.000       0.000       0.000       0.000       0.000       0.000                            0.3970E-06  0.3970E-06   0.000    
  12182400.0   11.15095871   11.3076   0.000       0.000      0.1567E-02  0.5248E-06 -0.6684E-01  0.6527E-01   0.000       0.000       0.000       0.000        0.000       0.000       0.000       0.000       0.000       0.000                            0.5248E-06  0.5248E-06   0.000    
  12268800.0   11.13607381   11.2918   0.000       0.000      0.1558E-02  0.8614E-06 -0.6649E-01  0.6493E-01   0.000       0.000       0.000       0.000        0.000       0.000       0.000       0.000       0.000       0.000                            0.8614E-06  0.8614E-06   0.000    
  12355200.0   11.11757915   11.2722   0.000       0.000      0.1547E-02  0.1070E-05 -0.6605E-01  0.6450E-01   0.000       0.000       0.000       0.000        0.000       0.000       0.000       0.000       0.000       0.000                            0.1070E-05  0.1070E-05   0.000    
  12441600.0   11.10440245   11.2582   0.000       0.000      0.1538E-02  0.7625E-06 -0.6568E-01  0.6414E-01   0.000       0.000       0.000       0.000        0.000       0.000       0.000       0.000       0.000       0.000                            0.7625E-06  0.7625E-06   0.000    
  12528000.0   11.14888107   11.3051   0.000       0.000      0.1563E-02 -0.2574E-05 -0.6651E-01  0.6495E-01   0.000       0.000       0.000       0.000        0.000       0.000       0.000       0.000       0.000       0.000                           -0.2574E-05 -0.2574E-05   0.000    
  12614400.0   11.20001401   11.3592   0.000       0.000      0.1592E-02 -0.2959E-05 -0.6764E-01  0.6606E-01   0.000       0.000       0.000       0.000        0.000       0.000       0.000       0.000       0.000       0.000                           -0.2959E-05 -0.2959E-05   0.000    
  12700800.0   11.19165119   11.3506   0.000       0.000      0.1590E-02  0.4840E-06 -0.6773E-01  0.6614E-01   0.000       0.000       0.000       0.000        0.000       0.000       0.000       0.000       0.000       0.000                            0.4840E-06  0.4840E-06   0.000    
  12787200.0   11.17625049   11.3345   0.000       0.000      0.1583E-02  0.8912E-06 -0.6751E-01  0.6593E-01   0.000       0.000       0.000       0.000        0.000       0.000       0.000       0.000       0.000       0.000                            0.8912E-06  0.8912E-06   0.000    
  12873600.0   11.15575412   11.3129   0.000       0.000      0.1572E-02  0.1186E-05 -0.6710E-01  0.6553E-01   0.000       0.000       0.000       0.000        0.000       0.000       0.000       0.000       0.000       0.000                            0.1186E-05  0.1186E-05   0.000    
  12960000.0   11.16036264   11.3177   0.000       0.000      0.1574E-02 -0.2667E-06 -0.6713E-01  0.6555E-01   0.000       0.000       0.000       0.000        0.000       0.000       0.000       0.000       0.000       0.000                           -0.2667E-06 -0.2667E-06   0.000    
  13046400.0   11.15119518   11.3080   0.000       0.000      0.1568E-02  0.5305E-06 -0.6693E-01  0.6537E-01   0.000       0.000       0.000       0.000        0.000       0.000       0.000       0.000       0.000       0.000                            0.5305E-06  0.5305E-06   0.000    
  13132800.0   11.13765343   11.2937   0.000       0.000      0.1560E-02  0.7837E-06 -0.6662E-01  0.6506E-01   0.000       0.000       0.000       0.000        0.000       0.000       0.000       0.000       0.000       0.000                            0.7837E-06  0.7837E-06   0.000    
  13219200.0   11.12812558   11.2835   0.000       0.000      0.1554E-02  0.5514E-06 -0.6636E-01  0.6481E-01   0.000       0.000       0.000       0.000        0.000       0.000       0.000       0.000       0.000       0.000                            0.5514E-06  0.5514E-06   0.000    
  13305600.0   11.11418739   11.2688   0.000       0.000      0.1546E-02  0.8066E-06 -0.6602E-01  0.6447E-01   0.000       0.000       0.000       0.000        0.000       0.000       0.000       0.000       0.000       0.000                            0.8066E-06  0.8066E-06   0.000    
  13392000.0   11.13508766   11.2908   0.000       0.000      0.1557E-02 -0.1210E-05 -0.6637E-01  0.6481E-01   0.000       0.000       0.000       0.000        0.000       0.000       0.000       0.000       0.000       0.000                           -0.1210E-05 -0.1210E-05   0.000    
  13478400.0   11.15070247   11.3073   0.000       0.000      0.1566E-02 -0.9036E-06 -0.6673E-01  0.6517E-01   0.000       0.000       0.000       0.000        0.000       0.000       0.000       0.000       0.000       0.000                           -0.9036E-06 -0.9036E-06   0.000    
  13564800.0   11.14624157   11.3027   0.000       0.000      0.1564E-02  0.2582E-06 -0.6672E-01  0.6515E-01   0.000       0.000       0.000       0.000        0.000       0.000       0.000       0.000       0.000       0.000                            0.2582E-06  0.2582E-06   0.000    
  13651200.0   11.13688846   11.2928   0.000       0.000      0.1559E-02  0.5413E-06 -0.6654E-01  0.6498E-01   0.000       0.000       0.000       0.000        0.000       0.000       0.000       0.000       0.000       0.000                            0.5413E-06  0.5413E-06   0.000    
  13737600.0   11.12353822   11.2787   0.000       0.000      0.1552E-02  0.7726E-06 -0.6625E-01  0.6469E-01   0.000       0.000       0.000       0.000        0.000       0.000       0.000       0.000       0.000       0.000                            0.7726E-06  0.7726E-06   0.000    
  13824000.0   11.16710664   11.3247   0.000       0.000      0.1576E-02 -0.2521E-05 -0.6707E-01  0.6550E-01   0.000       0.000       0.000       0.000        0.000       0.000       0.000       0.000       0.000       0.000                           -0.2521E-05 -0.2521E-05   0.000    
  13910400.0   11.22956572   11.3907   0.000       0.000      0.1611E-02 -0.3615E-05 -0.6844E-01  0.6683E-01   0.000       0.000       0.000       0.000        0.000       0.000       0.000       0.000       0.000       0.000                           -0.3615E-05 -0.3615E-05   0.000    
  13996800.0   11.22791143   11.3892   0.000       0.000      0.1613E-02  0.9573E-07 -0.6869E-01  0.6708E-01   0.000       0.000       0.000       0.000        0.000       0.000       0.000       0.000       0.000       0.000                            0.9573E-07  0.9573E-07   0.000    
  14083200.0   11.21351325   11.3743   0.000       0.000      0.1607E-02  0.8332E-06 -0.6854E-01  0.6693E-01   0.000       0.000       0.000       0.000        0.000       0.000       0.000       0.000       0.000       0.000                            0.8332E-06  0.8332E-06   0.000    
  14169600.0   11.22781057   11.3894   0.000       0.000      0.1616E-02 -0.8274E-06 -0.6885E-01  0.6724E-01   0.000       0.000       0.000       0.000        0.000       0.000       0.000       0.000       0.000       0.000                           -0.8274E-06 -0.8274E-06   0.000    
  14256000.0   11.23971292   11.4021   0.000       0.000      0.1624E-02 -0.6888E-06 -0.6916E-01  0.6754E-01   0.000       0.000       0.000       0.000        0.000       0.000       0.000       0.000       0.000       0.000                           -0.6888E-06 -0.6888E-06   0.000    
  14342400.0   11.29971283   11.4653   0.000       0.000      0.1656E-02 -0.3472E-05 -0.7036E-01  0.6870E-01   0.000       0.000       0.000       0.000        0.000       0.000       0.000       0.000       0.000       0.000                           -0.3472E-05 -0.3472E-05   0.000    
  14428800.0   11.45418451   11.6278   0.000       0.000      0.1736E-02 -0.8939E-05 -0.7333E-01  0.7160E-01   0.000       0.000       0.000       0.000        0.000       0.000       0.000       0.000       0.000       0.000                           -0.8939E-05 -0.8939E-05   0.000    
  14515200.0   11.44974499   11.6238   0.000       0.000      0.1740E-02  0.2569E-06 -0.7393E-01  0.7219E-01   0.000       0.000       0.000       0.000        0.000       0.000       0.000       0.000       0.000       0.000                            0.2569E-06  0.2569E-06   0.000    
  14601600.0   11.47315246   11.6488   0.000       0.000      0.1757E-02 -0.1355E-05 -0.7466E-01  0.7290E-01   0.000       0.000       0.000       0.000        0.000       0.000       0.000       0.000       0.000       0.000                           -0.1355E-05 -0.1355E-05   0.000    
  14688000.0   11.52443196   11.7029   0.000       0.000      0.1785E-02 -0.2968E-05 -0.7577E-01  0.7399E-01   0.000       0.000       0.000       0.000        0.000       0.000       0.000       0.000       0.000       0.000                           -0.2968E-05 -0.2968E-05   0.000    
  14774400.0   11.54278319   11.7225   0.000       0.000      0.1797E-02 -0.1062E-05 -0.7640E-01  0.7461E-01   0.000       0.000       0.000       0.000        0.000       0.000       0.000       0.000       0.000       0.000                           -0.1062E-05 -0.1062E-05   0.000    
  14860800.0   11.53280749   11.7124   0.000       0.000      0.1796E-02  0.5773E-06 -0.7650E-01  0.7470E-01   0.000       0.000       0.000       0.000        0.000       0.000       0.000       0.000       0.000       0.000                            0.5773E-06  0.5773E-06   0.000    
  14947200.0   11.51928617   11.6984   0.000       0.000      0.1792E-02  0.7825E-06 -0.7639E-01  0.7460E-01   0.000       0.000       0.000       0.000        0.000       0.000       0.000       0.000       0.000       0.000                            0.7825E-06  0.7825E-06   0.000    
  15033600.0   11.49763680   11.6759   0.000       0.000      0.1783E-02  0.1253E-05 -0.7611E-01  0.7432E-01   0.000       0.000       0.000       0.000        0.000       0.000       0.000       0.000       0.000       0.000                            0.1253E-05  0.1253E-05   0.000    
  15120000.0   11.47256150   11.6497   0.000       0.000      0.1771E-02  0.1451E-05 -0.7566E-01  0.7389E-01   0.000       0.000       0.000       0.000        0.000       0.000       0.000       0.000       0.000       0.000                            0.1451E-05  0.1451E-05   0.000    
  15206400.0   11.44372109   11.6194   0.000       0.000      0.1757E-02  0.1669E-05 -0.7512E-01  0.7336E-01   0.000       0.000       0.000       0.000        0.000       0.000       0.000       0.000       0.000       0.000                            0.1669E-05  0.1669E-05   0.000    
  15292800.0   11.41321123   11.5873   0.000       0.000      0.1741E-02  0.1766E-05 -0.7447E-01  0.7273E-01   0.000       0.000       0.000       0.000        0.000       0.000       0.000       0.000       0.000       0.000                            0.1766E-05  0.1766E-05   0.000    
  15379200.0   11.45255237   11.6284   0.000       0.000      0.1759E-02 -0.2277E-05 -0.7499E-01  0.7324E-01   0.000       0.000       0.000       0.000        0.000       0.000       0.000       0.000       0.000       0.000                           -0.2277E-05 -0.2277E-05   0.000    
  15465600.0   11.47116783   11.6480   0.000       0.000      0.1768E-02 -0.1077E-05 -0.7538E-01  0.7361E-01   0.000       0.000       0.000       0.000        0.000       0.000       0.000       0.000       0.000       0.000                           -0.1077E-05 -0.1077E-05   0.000    
  15552000.0   11.45667630   11.6329   0.000       0.000      0.1762E-02  0.8386E-06 -0.7525E-01  0.7348E-01   0.000       0.000       0.000       0.000        0.000       0.000       0.000       0.000       0.000       0.000                            0.8386E-06  0.8386E-06   0.000    
  15638400.0   11.43020565   11.6052   0.000       0.000      0.1750E-02  0.1532E-05 -0.7481E-01  0.7306E-01   0.000       0.000       0.000       0.000        0.000       0.000       0.000       0.000       0.000       0.000                            0.1532E-05  0.1532E-05   0.000    
  15724800.0   11.40228300   11.5759   0.000       0.000      0.1736E-02  0.1616E-05 -0.7426E-01  0.7252E-01   0.000       0.000       0.000       0.000        0.000       0.000       0.000       0.000       0.000       0.000                            0.1616E-05  0.1616E-05   0.000    
  15811200.0   11.37456543   11.5467   0.000       0.000      0.1722E-02  0.1604E-05 -0.7365E-01  0.7193E-01   0.000       0.000       0.000       0.000        0.000       0.000       0.000       0.000       0.000       0.000                            0.1604E-05  0.1604E-05   0.000    
  15897600.0   11.34798322   11.5186   0.000       0.000      0.1707E-02  0.1538E-05 -0.7303E-01  0.7132E-01   0.000       0.000       0.000       0.000        0.000       0.000       0.000       0.000       0.000       0.000                            0.1538E-05  0.1538E-05   0.000    
  15984000.0   11.32911145   11.4987   0.000       0.000      0.1695E-02  0.1092E-05 -0.7253E-01  0.7083E-01   0.000       0.000       0.000       0.000        0.000       0.000       0.000       0.000       0.000       0.000                            0.1092E-05  0.1092E-05   0.000    
  16070400.0   11.30498782   11.4731   0.000       0.000      0.1681E-02  0.1396E-05 -0.7193E-01  0.7024E-01   0.000       0.000       0.000       0.000        0.000       0.000       0.000       0.000       0.000       0.000                            0.1396E-05  0.1396E-05   0.000    
  16156800.0   11.28141595   11.4481   0.000       0.000      0.1667E-02  0.1364E-05 -0.7134E-01  0.6968E-01   0.000       0.000       0.000       0.000        0.000       0.000       0.000       0.000       0.000       0.000                            0.1364E-05  0.1364E-05   0.000    
  16243200.0   11.25832413   11.4236   0.000       0.000      0.1653E-02  0.1336E-05 -0.7073E-01  0.6908E-01   0.000       0.000       0.000       0.000        0.000       0.000       0.000       0.000       0.000       0.000                            0.1336E-05  0.1336E-05   0.000    
  16329600.0   11.23591188   11.3998   0.000       0.000      0.1639E-02  0.1297E-05 -0.7015E-01  0.6851E-01   0.000       0.000       0.000       0.000        0.000       0.000       0.000       0.000       0.000       0.000                            0.1297E-05  0.1297E-05   0.000    
  16416000.0   11.21431368   11.3769   0.000       0.000      0.1625E-02  0.1250E-05 -0.6955E-01  0.6793E-01   0.000       0.000       0.000       0.000        0.000       0.000       0.000       0.000       0.000       0.000                            0.1250E-05  0.1250E-05   0.000    
  16502400.0   11.19339782   11.3546   0.000       0.000      0.1612E-02  0.1210E-05 -0.6898E-01  0.6736E-01   0.000       0.000       0.000       0.000        0.000       0.000       0.000       0.000       0.000       0.000                            0.1210E-05  0.1210E-05   0.000    
  16588800.0   11.17329074   11.3332   0.000       0.000      0.1599E-02  0.1164E-05 -0.6841E-01  0.6681E-01   0.000       0.000       0.000       0.000        0.000       0.000       0.000       0.000       0.000       0.000                            0.1164E-05  0.1164E-05   0.000    
  16675200.0   11.15393621   11.3125   0.000       0.000      0.1586E-02  0.1120E-05 -0.6785E-01  0.6626E-01   0.000       0.000       0.000       0.000        0.000       0.000       0.000       0.000       0.000       0.000                            0.1120E-05  0.1120E-05   0.000    
  16761600.0   11.13887279   11.2964   0.000       0.000      0.1576E-02  0.8717E-06 -0.6739E-01  0.6581E-01   0.000       0.000       0.000       0.000        0.000       0.000       0.000       0.000       0.000       0.000                            0.8717E-06  0.8717E-06   0.000    
  16848000.0   11.12739240   11.2841   0.000       0.000      0.1567E-02  0.6644E-06 -0.6700E-01  0.6543E-01   0.000       0.000       0.000       0.000        0.000       0.000       0.000       0.000       0.000       0.000                            0.6644E-06  0.6644E-06   0.000    
  16934400.0   11.12903763   11.2857   0.000       0.000      0.1567E-02 -0.9521E-07 -0.6691E-01  0.6535E-01   0.000       0.000       0.000       0.000        0.000       0.000       0.000       0.000       0.000       0.000                           -0.9521E-07 -0.9521E-07   0.000    
  17020800.0   11.12391844   11.2802   0.000       0.000      0.1563E-02  0.2962E-06 -0.6674E-01  0.6517E-01   0.000       0.000       0.000       0.000        0.000       0.000       0.000       0.000       0.000       0.000                            0.2962E-06  0.2962E-06   0.000    
  17107200.0   11.10723326   11.2624   0.000       0.000      0.1552E-02  0.9656E-06 -0.6632E-01  0.6477E-01   0.000       0.000       0.000       0.000        0.000       0.000       0.000       0.000       0.000       0.000                            0.9656E-06  0.9656E-06   0.000    
  17193600.0   11.09121239   11.2454   0.000       0.000      0.1542E-02  0.9271E-06 -0.6588E-01  0.6434E-01   0.000       0.000       0.000       0.000        0.000       0.000       0.000       0.000       0.000       0.000                            0.9271E-06  0.9271E-06   0.000    
  17280000.0   11.07500922   11.2280   0.000       0.000      0.1530E-02  0.9377E-06 -0.6540E-01  0.6387E-01   0.000       0.000       0.000       0.000        0.000       0.000       0.000       0.000       0.000       0.000                            0.9377E-06  0.9377E-06   0.000    
  17366400.0   11.05878683   11.2107   0.000       0.000      0.1519E-02  0.9388E-06 -0.6494E-01  0.6342E-01   0.000       0.000       0.000       0.000        0.000       0.000       0.000       0.000       0.000       0.000                            0.9388E-06  0.9388E-06   0.000    
  17452800.0   11.04313085   11.1939   0.000       0.000      0.1508E-02  0.9060E-06 -0.6445E-01  0.6295E-01   0.000       0.000       0.000       0.000        0.000       0.000       0.000       0.000       0.000       0.000                            0.9060E-06  0.9060E-06   0.000    
  17539200.0   11.02785250   11.1776   0.000       0.000      0.1497E-02  0.8842E-06 -0.6399E-01  0.6250E-01   0.000       0.000       0.000       0.000        0.000       0.000       0.000       0.000       0.000       0.000                            0.8842E-06  0.8842E-06   0.000    
  17625600.0   11.01318774   11.1618   0.000       0.000      0.1486E-02  0.8487E-06 -0.6353E-01  0.6204E-01   0.000       0.000       0.000       0.000        0.000       0.000       0.000       0.000       0.000       0.000                            0.8487E-06  0.8487E-06   0.000    
  17712000.0   11.00433299   11.1522   0.000       0.000      0.1479E-02  0.5124E-06 -0.6320E-01  0.6172E-01   0.000       0.000       0.000       0.000        0.000       0.000       0.000       0.000       0.000       0.000                            0.5124E-06  0.5124E-06   0.000    
  17798400.0   10.99094904   11.1378   0.000       0.000      0.1469E-02  0.7745E-06 -0.6279E-01  0.6132E-01   0.000       0.000       0.000       0.000        0.000       0.000       0.000       0.000       0.000       0.000                            0.7745E-06  0.7745E-06   0.000    
  17884800.0   10.97737707   11.1232   0.000       0.000      0.1459E-02  0.7854E-06 -0.6235E-01  0.6089E-01   0.000       0.000       0.000       0.000        0.000       0.000       0.000       0.000       0.000       0.000                            0.7854E-06  0.7854E-06   0.000    
  17971200.0   10.96416714   11.1090   0.000       0.000      0.1449E-02  0.7645E-06 -0.6194E-01  0.6049E-01   0.000       0.000       0.000       0.000        0.000       0.000       0.000       0.000       0.000       0.000                            0.7645E-06  0.7645E-06   0.000    
  18057600.0   10.95149088   11.0954   0.000       0.000      0.1439E-02  0.7336E-06 -0.6151E-01  0.6007E-01   0.000       0.000       0.000       0.000        0.000       0.000       0.000       0.000       0.000       0.000                            0.7336E-06  0.7336E-06   0.000    
  18144000.0   10.93911119   11.0820   0.000       0.000      0.1429E-02  0.7164E-06 -0.6111E-01  0.5968E-01   0.000       0.000       0.000       0.000        0.000       0.000       0.000       0.000       0.000       0.000                            0.7164E-06  0.7164E-06   0.000    
  18230400.0   10.92717710   11.0691   0.000       0.000      0.1420E-02  0.6906E-06 -0.6070E-01  0.5928E-01   0.000       0.000       0.000       0.000        0.000       0.000       0.000       0.000       0.000       0.000                            0.6906E-06  0.6906E-06   0.000    
  18316800.0   10.91553550   11.0566   0.000       0.000      0.1410E-02  0.6737E-06 -0.6032E-01  0.5890E-01   0.000       0.000       0.000       0.000        0.000       0.000       0.000       0.000       0.000       0.000                            0.6737E-06  0.6737E-06   0.000    
  18403200.0   10.90426300   11.0444   0.000       0.000      0.1401E-02  0.6523E-06 -0.5993E-01  0.5852E-01   0.000       0.000       0.000       0.000        0.000       0.000       0.000       0.000       0.000       0.000                            0.6523E-06  0.6523E-06   0.000    
  18489600.0   10.89328931   11.0325   0.000       0.000      0.1392E-02  0.6351E-06 -0.5955E-01  0.5816E-01   0.000       0.000       0.000       0.000        0.000       0.000       0.000       0.000       0.000       0.000                            0.6351E-06  0.6351E-06   0.000    
  18576000.0   10.88260447   11.0210   0.000       0.000      0.1383E-02  0.6183E-06 -0.5918E-01  0.5779E-01   0.000       0.000       0.000       0.000        0.000       0.000       0.000       0.000       0.000       0.000                            0.6183E-06  0.6183E-06   0.000    
  18662400.0   10.87227779   11.0097   0.000       0.000      0.1375E-02  0.5976E-06 -0.5880E-01  0.5743E-01   0.000       0.000       0.000       0.000        0.000       0.000       0.000       0.000       0.000       0.000                            0.5976E-06  0.5976E-06   0.000    
  18748800.0   10.86209913   10.9987   0.000       0.000      0.1366E-02  0.5890E-06 -0.5846E-01  0.5709E-01   0.000       0.000       0.000       0.000        0.000       0.000       0.000       0.000       0.000       0.000                            0.5890E-06  0.5890E-06   0.000    
  18835200.0   10.86290569   10.9995   0.000       0.000      0.1365E-02 -0.4668E-07 -0.5838E-01  0.5702E-01   0.000       0.000       0.000       0.000        0.000       0.000       0.000       0.000       0.000       0.000                           -0.4668E-07 -0.4668E-07   0.000    
  18921600.0   10.85480135   10.9907   0.000       0.000      0.1359E-02  0.4690E-06 -0.5811E-01  0.5675E-01   0.000       0.000       0.000       0.000        0.000       0.000       0.000       0.000       0.000       0.000                            0.4690E-06  0.4690E-06   0.000    
  19008000.0   10.84438969   10.9794   0.000       0.000      0.1350E-02  0.6025E-06 -0.5778E-01  0.5643E-01   0.000       0.000       0.000       0.000        0.000       0.000       0.000       0.000       0.000       0.000                            0.6025E-06  0.6025E-06   0.000    
  19094400.0   10.83444070   10.9686   0.000       0.000      0.1342E-02  0.5758E-06 -0.5743E-01  0.5609E-01   0.000       0.000       0.000       0.000        0.000       0.000       0.000       0.000       0.000       0.000                            0.5758E-06  0.5758E-06   0.000    
  19180800.0   10.82481422   10.9582   0.000       0.000      0.1334E-02  0.5571E-06 -0.5709E-01  0.5576E-01   0.000       0.000       0.000       0.000        0.000       0.000       0.000       0.000       0.000       0.000                            0.5571E-06  0.5571E-06   0.000    
  19267200.0   10.81575895   10.9483   0.000       0.000      0.1326E-02  0.5240E-06 -0.5676E-01  0.5543E-01   0.000       0.000       0.000       0.000        0.000       0.000       0.000       0.000       0.000       0.000                            0.5240E-06  0.5240E-06   0.000    
  19353600.0   10.80671448   10.9385   0.000       0.000      0.1318E-02  0.5234E-06 -0.5643E-01  0.5511E-01   0.000       0.000       0.000       0.000        0.000       0.000       0.000       0.000       0.000       0.000                            0.5234E-06  0.5234E-06   0.000    
  19440000.0   10.79790292   10.9289   0.000       0.000      0.1310E-02  0.5099E-06 -0.5611E-01  0.5480E-01   0.000       0.000       0.000       0.000        0.000       0.000       0.000       0.000       0.000       0.000                            0.5099E-06  0.5099E-06   0.000    
  19526400.0   10.78939916   10.9196   0.000       0.000      0.1302E-02  0.4921E-06 -0.5578E-01  0.5448E-01   0.000       0.000       0.000       0.000        0.000       0.000       0.000       0.000       0.000       0.000                            0.4921E-06  0.4921E-06   0.000    
  19612800.0   10.78099647   10.9105   0.000       0.000      0.1295E-02  0.4863E-06 -0.5548E-01  0.5418E-01   0.000       0.000       0.000       0.000        0.000       0.000       0.000       0.000       0.000       0.000                            0.4863E-06  0.4863E-06   0.000    
  19699200.0   10.77289171   10.9016   0.000       0.000      0.1287E-02  0.4690E-06 -0.5516E-01  0.5387E-01   0.000       0.000       0.000       0.000        0.000       0.000       0.000       0.000       0.000       0.000                            0.4690E-06  0.4690E-06   0.000    
  19785600.0   10.76488330   10.8929   0.000       0.000      0.1280E-02  0.4634E-06 -0.5487E-01  0.5358E-01   0.000       0.000       0.000       0.000        0.000       0.000       0.000       0.000       0.000       0.000                            0.4634E-06  0.4634E-06   0.000    
  19872000.0   10.75714010   10.8844   0.000       0.000      0.1273E-02  0.4481E-06 -0.5456E-01  0.5329E-01   0.000       0.000       0.000       0.000        0.000       0.000       0.000       0.000       0.000       0.000                            0.4481E-06  0.4481E-06   0.000    
  19958400.0   10.75951794   10.8869   0.000       0.000      0.1273E-02 -0.1376E-06 -0.5456E-01  0.5328E-01   0.000       0.000       0.000       0.000        0.000       0.000       0.000       0.000       0.000       0.000                           -0.1376E-06 -0.1376E-06   0.000    
  20044800.0   10.76593982   10.8937   0.000       0.000      0.1277E-02 -0.3716E-06 -0.5471E-01  0.5343E-01   0.000       0.000       0.000       0.000        0.000       0.000       0.000       0.000       0.000       0.000                           -0.3716E-06 -0.3716E-06   0.000    
  20131200.0   10.75645696   10.8834   0.000       0.000      0.1269E-02  0.5488E-06 -0.5443E-01  0.5316E-01   0.000       0.000       0.000       0.000        0.000       0.000       0.000       0.000       0.000       0.000                            0.5488E-06  0.5488E-06   0.000    
  20217600.0   10.75076503   10.8772   0.000       0.000      0.1264E-02  0.3294E-06 -0.5422E-01  0.5296E-01   0.000       0.000       0.000       0.000        0.000       0.000       0.000       0.000       0.000       0.000                            0.3294E-06  0.3294E-06   0.000    
  20304000.0   10.74430327   10.8702   0.000       0.000      0.1259E-02  0.3739E-06 -0.5398E-01  0.5273E-01   0.000       0.000       0.000       0.000        0.000       0.000       0.000       0.000       0.000       0.000                            0.3739E-06  0.3739E-06   0.000    
  20390400.0   10.73595254   10.8611   0.000       0.000      0.1251E-02  0.4833E-06 -0.5369E-01  0.5243E-01   0.000       0.000       0.000       0.000        0.000       0.000       0.000       0.000       0.000       0.000                            0.4833E-06  0.4833E-06   0.000    
  20476800.0   10.72795758   10.8523   0.000       0.000      0.1244E-02  0.4627E-06 -0.5338E-01  0.5214E-01   0.000       0.000       0.000       0.000        0.000       0.000       0.000       0.000       0.000       0.000                            0.4627E-06  0.4627E-06   0.000    
  20563200.0   10.72022163   10.8439   0.000       0.000      0.1236E-02  0.4477E-06 -0.5309E-01  0.5185E-01   0.000       0.000       0.000       0.000        0.000       0.000       0.000       0.000       0.000       0.000                            0.4477E-06  0.4477E-06   0.000    
  20649600.0   10.71278426   10.8357   0.000       0.000      0.1229E-02  0.4304E-06 -0.5280E-01  0.5157E-01   0.000       0.000       0.000       0.000        0.000       0.000       0.000       0.000       0.000       0.000                            0.4304E-06  0.4304E-06   0.000    
  20736000.0   10.70553006   10.8278   0.000       0.000      0.1222E-02  0.4198E-06 -0.5251E-01  0.5129E-01   0.000       0.000       0.000       0.000        0.000       0.000       0.000       0.000       0.000       0.000                            0.4198E-06  0.4198E-06   0.000    
  20822400.0   10.69853600   10.8201   0.000       0.000      0.1215E-02  0.4047E-06 -0.5223E-01  0.5101E-01   0.000       0.000       0.000       0.000        0.000       0.000       0.000       0.000       0.000       0.000                            0.4047E-06  0.4047E-06   0.000    
  20908800.0   10.69167601   10.8126   0.000       0.000      0.1209E-02  0.3970E-06 -0.5196E-01  0.5075E-01   0.000       0.000       0.000       0.000        0.000       0.000       0.000       0.000       0.000       0.000                            0.3970E-06  0.3970E-06   0.000    
  20995200.0   10.68505334   10.8053   0.000       0.000      0.1202E-02  0.3833E-06 -0.5168E-01  0.5048E-01   0.000       0.000       0.000       0.000        0.000       0.000       0.000       0.000       0.000       0.000                            0.3833E-06  0.3833E-06   0.000    
  21081600.0   10.67852849   10.7981   0.000       0.000      0.1196E-02  0.3776E-06 -0.5142E-01  0.5023E-01   0.000       0.000       0.000       0.000        0.000       0.000       0.000       0.000       0.000       0.000                            0.3776E-06  0.3776E-06   0.000    
  21168000.0   10.67222471   10.7912   0.000       0.000      0.1189E-02  0.3648E-06 -0.5116E-01  0.4997E-01   0.000       0.000       0.000       0.000        0.000       0.000       0.000       0.000       0.000       0.000                            0.3648E-06  0.3648E-06   0.000    
  21254400.0   10.66598849   10.7843   0.000       0.000      0.1183E-02  0.3609E-06 -0.5091E-01  0.4972E-01   0.000       0.000       0.000       0.000        0.000       0.000       0.000       0.000       0.000       0.000                            0.3609E-06  0.3609E-06   0.000    
  21340800.0   10.65992264   10.7776   0.000       0.000      0.1177E-02  0.3510E-06 -0.5065E-01  0.4947E-01   0.000       0.000       0.000       0.000        0.000       0.000       0.000       0.000       0.000       0.000                            0.3510E-06  0.3510E-06   0.000    
  21427200.0   10.65400054   10.7711   0.000       0.000      0.1171E-02  0.3427E-06 -0.5040E-01  0.4923E-01   0.000       0.000       0.000       0.000        0.000       0.000       0.000       0.000       0.000       0.000                            0.3427E-06  0.3427E-06   0.000    
  21513600.0   10.64957517   10.7662   0.000       0.000      0.1166E-02  0.2561E-06 -0.5020E-01  0.4904E-01   0.000       0.000       0.000       0.000        0.000       0.000       0.000       0.000       0.000       0.000                            0.2561E-06  0.2561E-06   0.000    
  21600000.0   10.65944093   10.7768   0.000       0.000      0.1174E-02 -0.5709E-06 -0.5047E-01  0.4929E-01   0.000       0.000       0.000       0.000        0.000       0.000       0.000       0.000       0.000       0.000                           -0.5709E-06 -0.5709E-06   0.000    
  21686400.0   10.65202582   10.7687   0.000       0.000      0.1167E-02  0.4291E-06 -0.5023E-01  0.4906E-01   0.000       0.000       0.000       0.000        0.000       0.000       0.000       0.000       0.000       0.000                            0.4291E-06  0.4291E-06   0.000    
  21772800.0   10.64508654   10.7611   0.000       0.000      0.1160E-02  0.4016E-06 -0.4998E-01  0.4882E-01   0.000       0.000       0.000       0.000        0.000       0.000       0.000       0.000       0.000       0.000                            0.4016E-06  0.4016E-06   0.000    
  21859200.0   10.63856696   10.7540   0.000       0.000      0.1154E-02  0.3773E-06 -0.4972E-01  0.4856E-01   0.000       0.000       0.000       0.000        0.000       0.000       0.000       0.000       0.000       0.000                            0.3773E-06  0.3773E-06   0.000    
  21945600.0   10.63241710   10.7472   0.000       0.000      0.1147E-02  0.3559E-06 -0.4945E-01  0.4831E-01   0.000       0.000       0.000       0.000        0.000       0.000       0.000       0.000       0.000       0.000                            0.3559E-06  0.3559E-06   0.000    
  22032000.0   10.62644307   10.7406   0.000       0.000      0.1141E-02  0.3457E-06 -0.4921E-01  0.4807E-01   0.000       0.000       0.000       0.000        0.000       0.000       0.000       0.000       0.000       0.000                            0.3457E-06  0.3457E-06   0.000    
  22118400.0   10.62068077   10.7342   0.000       0.000      0.1135E-02  0.3335E-06 -0.4896E-01  0.4783E-01   0.000       0.000       0.000       0.000        0.000       0.000       0.000       0.000       0.000       0.000                            0.3335E-06  0.3335E-06   0.000    
  22204800.0   10.61513221   10.7281   0.000       0.000      0.1129E-02  0.3211E-06 -0.4872E-01  0.4759E-01   0.000       0.000       0.000       0.000        0.000       0.000       0.000       0.000       0.000       0.000                            0.3211E-06  0.3211E-06   0.000    
  22291200.0   10.60967997   10.7221   0.000       0.000      0.1124E-02  0.3155E-06 -0.4849E-01  0.4736E-01   0.000       0.000       0.000       0.000        0.000       0.000       0.000       0.000       0.000       0.000                            0.3155E-06  0.3155E-06   0.000    
  22377600.0   10.60438120   10.7162   0.000       0.000      0.1118E-02  0.3066E-06 -0.4825E-01  0.4714E-01   0.000       0.000       0.000       0.000        0.000       0.000       0.000       0.000       0.000       0.000                            0.3066E-06  0.3066E-06   0.000    
  22464000.0   10.61641329   10.7292   0.000       0.000      0.1128E-02 -0.6963E-06 -0.4861E-01  0.4748E-01   0.000       0.000       0.000       0.000        0.000       0.000       0.000       0.000       0.000       0.000                           -0.6963E-06 -0.6963E-06   0.000    
  22550400.0   10.61152672   10.7238   0.000       0.000      0.1123E-02  0.2828E-06 -0.4845E-01  0.4733E-01   0.000       0.000       0.000       0.000        0.000       0.000       0.000       0.000       0.000       0.000                            0.2828E-06  0.2828E-06   0.000    
  22636800.0   10.60942516   10.7215   0.000       0.000      0.1121E-02  0.1216E-06 -0.4837E-01  0.4725E-01   0.000       0.000       0.000       0.000        0.000       0.000       0.000       0.000       0.000       0.000                            0.1216E-06  0.1216E-06   0.000    
  22723200.0   10.65347325   10.7693   0.000       0.000      0.1159E-02 -0.2549E-05 -0.4979E-01  0.4863E-01   0.000       0.000       0.000       0.000        0.000       0.000       0.000       0.000       0.000       0.000                           -0.2549E-05 -0.2549E-05   0.000    
  22809600.0   10.65222538   10.7680   0.000       0.000      0.1158E-02  0.7221E-07 -0.4989E-01  0.4873E-01   0.000       0.000       0.000       0.000        0.000       0.000       0.000       0.000       0.000       0.000                            0.7221E-07  0.7221E-07   0.000    
  22896000.0   10.64901631   10.7646   0.000       0.000      0.1156E-02  0.1857E-06 -0.4984E-01  0.4869E-01   0.000       0.000       0.000       0.000        0.000       0.000       0.000       0.000       0.000       0.000                            0.1857E-06  0.1857E-06   0.000    
  22982400.0   10.64480082   10.7601   0.000       0.000      0.1153E-02  0.2440E-06 -0.4973E-01  0.4857E-01   0.000       0.000       0.000       0.000        0.000       0.000       0.000       0.000       0.000       0.000                            0.2440E-06  0.2440E-06   0.000    
  23068800.0   10.64014813   10.7550   0.000       0.000      0.1148E-02  0.2693E-06 -0.4956E-01  0.4841E-01   0.000       0.000       0.000       0.000        0.000       0.000       0.000       0.000       0.000       0.000                            0.2693E-06  0.2693E-06   0.000    
  23155200.0   10.63433141   10.7486   0.000       0.000      0.1143E-02  0.3366E-06 -0.4935E-01  0.4821E-01   0.000       0.000       0.000       0.000        0.000       0.000       0.000       0.000       0.000       0.000                            0.3366E-06  0.3366E-06   0.000    
  23241600.0   10.62811557   10.7418   0.000       0.000      0.1137E-02  0.3597E-06 -0.4911E-01  0.4797E-01   0.000       0.000       0.000       0.000        0.000       0.000       0.000       0.000       0.000       0.000                            0.3597E-06  0.3597E-06   0.000    
  23328000.0   10.62157199   10.7346   0.000       0.000      0.1130E-02  0.3787E-06 -0.4884E-01  0.4771E-01   0.000       0.000       0.000       0.000        0.000       0.000       0.000       0.000       0.000       0.000                            0.3787E-06  0.3787E-06   0.000    
  23414400.0   10.61495523   10.7273   0.000       0.000      0.1124E-02  0.3829E-06 -0.4858E-01  0.4746E-01   0.000       0.000       0.000       0.000        0.000       0.000       0.000       0.000       0.000       0.000                            0.3829E-06  0.3829E-06   0.000    
  23500800.0   10.60863572   10.7204   0.000       0.000      0.1117E-02  0.3657E-06 -0.4832E-01  0.4720E-01   0.000       0.000       0.000       0.000        0.000       0.000       0.000       0.000       0.000       0.000                            0.3657E-06  0.3657E-06   0.000    
  23587200.0   10.60251251   10.7136   0.000       0.000      0.1111E-02  0.3544E-06 -0.4806E-01  0.4695E-01   0.000       0.000       0.000       0.000        0.000       0.000       0.000       0.000       0.000       0.000                            0.3544E-06  0.3544E-06   0.000    
  23673600.0   10.59650512   10.7070   0.000       0.000      0.1105E-02  0.3476E-06 -0.4780E-01  0.4670E-01   0.000       0.000       0.000       0.000        0.000       0.000       0.000       0.000       0.000       0.000                            0.3476E-06  0.3476E-06   0.000    
  23760000.0   10.59045680   10.7003   0.000       0.000      0.1098E-02  0.3500E-06 -0.4754E-01  0.4644E-01   0.000       0.000       0.000       0.000        0.000       0.000       0.000       0.000       0.000       0.000                            0.3500E-06  0.3500E-06   0.000    
  23846400.0   10.58453957   10.6937   0.000       0.000      0.1092E-02  0.3424E-06 -0.4729E-01  0.4619E-01   0.000       0.000       0.000       0.000        0.000       0.000       0.000       0.000       0.000       0.000                            0.3424E-06  0.3424E-06   0.000    
  23932800.0   10.57885575   10.6875   0.000       0.000      0.1086E-02  0.3289E-06 -0.4704E-01  0.4595E-01   0.000       0.000       0.000       0.000        0.000       0.000       0.000       0.000       0.000       0.000                            0.3289E-06  0.3289E-06   0.000    
  24019200.0   10.57336264   10.6814   0.000       0.000      0.1080E-02  0.3179E-06 -0.4679E-01  0.4571E-01   0.000       0.000       0.000       0.000        0.000       0.000       0.000       0.000       0.000       0.000                            0.3179E-06  0.3179E-06   0.000    
  24105600.0   10.56804260   10.6755   0.000       0.000      0.1074E-02  0.3079E-06 -0.4655E-01  0.4547E-01   0.000       0.000       0.000       0.000        0.000       0.000       0.000       0.000       0.000       0.000                            0.3079E-06  0.3079E-06   0.000    
  24192000.0   10.56282992   10.6697   0.000       0.000      0.1069E-02  0.3017E-06 -0.4631E-01  0.4524E-01   0.000       0.000       0.000       0.000        0.000       0.000       0.000       0.000       0.000       0.000                            0.3017E-06  0.3017E-06   0.000    
  24278400.0   10.55769031   10.6640   0.000       0.000      0.1063E-02  0.2974E-06 -0.4608E-01  0.4502E-01   0.000       0.000       0.000       0.000        0.000       0.000       0.000       0.000       0.000       0.000                            0.2974E-06  0.2974E-06   0.000    
  24364800.0   10.55267861   10.6584   0.000       0.000      0.1058E-02  0.2900E-06 -0.4585E-01  0.4479E-01   0.000       0.000       0.000       0.000        0.000       0.000       0.000       0.000       0.000       0.000                            0.2900E-06  0.2900E-06   0.000    
  24451200.0   10.54780912   10.6530   0.000       0.000      0.1052E-02  0.2818E-06 -0.4562E-01  0.4457E-01   0.000       0.000       0.000       0.000        0.000       0.000       0.000       0.000       0.000       0.000                            0.2818E-06  0.2818E-06   0.000    
  24537600.0   10.54307469   10.6478   0.000       0.000      0.1047E-02  0.2740E-06 -0.4540E-01  0.4436E-01   0.000       0.000       0.000       0.000        0.000       0.000       0.000       0.000       0.000       0.000                            0.2740E-06  0.2740E-06   0.000    
  24624000.0   10.53846886   10.6426   0.000       0.000      0.1042E-02  0.2665E-06 -0.4519E-01  0.4414E-01   0.000       0.000       0.000       0.000        0.000       0.000       0.000       0.000       0.000       0.000                            0.2665E-06  0.2665E-06   0.000    
  24710400.0   10.53399678   10.6377   0.000       0.000      0.1037E-02  0.2588E-06 -0.4497E-01  0.4393E-01   0.000       0.000       0.000       0.000        0.000       0.000       0.000       0.000       0.000       0.000                            0.2588E-06  0.2588E-06   0.000    
  24796800.0   10.52959212   10.6328   0.000       0.000      0.1032E-02  0.2549E-06 -0.4476E-01  0.4373E-01   0.000       0.000       0.000       0.000        0.000       0.000       0.000       0.000       0.000       0.000                            0.2549E-06  0.2549E-06   0.000    
  24883200.0   10.52550269   10.6282   0.000       0.000      0.1027E-02  0.2367E-06 -0.4456E-01  0.4354E-01   0.000       0.000       0.000       0.000        0.000       0.000       0.000       0.000       0.000       0.000                            0.2367E-06  0.2367E-06   0.000    
  24969600.0   10.52584431   10.6285   0.000       0.000      0.1027E-02 -0.1977E-07 -0.4454E-01  0.4351E-01   0.000       0.000       0.000       0.000        0.000       0.000       0.000       0.000       0.000       0.000                           -0.1977E-07 -0.1977E-07   0.000    
  25056000.0   10.52133001   10.6235   0.000       0.000      0.1022E-02  0.2612E-06 -0.4434E-01  0.4332E-01   0.000       0.000       0.000       0.000        0.000       0.000       0.000       0.000       0.000       0.000                            0.2612E-06  0.2612E-06   0.000    
  25142400.0   10.51695182   10.6186   0.000       0.000      0.1017E-02  0.2534E-06 -0.4414E-01  0.4312E-01   0.000       0.000       0.000       0.000        0.000       0.000       0.000       0.000       0.000       0.000                            0.2534E-06  0.2534E-06   0.000    
  25228800.0   10.52142534   10.6235   0.000       0.000      0.1021E-02 -0.2589E-06 -0.4427E-01  0.4325E-01   0.000       0.000       0.000       0.000        0.000       0.000       0.000       0.000       0.000       0.000                           -0.2589E-06 -0.2589E-06   0.000    
  25315200.0   10.51733118   10.6189   0.000       0.000      0.1016E-02  0.2369E-06 -0.4410E-01  0.4309E-01   0.000       0.000       0.000       0.000        0.000       0.000       0.000       0.000       0.000       0.000                            0.2369E-06  0.2369E-06   0.000    
  25401600.0   10.51789885   10.6195   0.000       0.000      0.1016E-02 -0.3285E-07 -0.4410E-01  0.4308E-01   0.000       0.000       0.000       0.000        0.000       0.000       0.000       0.000       0.000       0.000                           -0.3285E-07 -0.3285E-07   0.000    
  25488000.0   10.51804286   10.6196   0.000       0.000      0.1016E-02 -0.8334E-08 -0.4409E-01  0.4307E-01   0.000       0.000       0.000       0.000        0.000       0.000       0.000       0.000       0.000       0.000                           -0.8334E-08 -0.8334E-08   0.000    
  25574400.0   10.52101892   10.6229   0.000       0.000      0.1019E-02 -0.1722E-06 -0.4419E-01  0.4317E-01   0.000       0.000       0.000       0.000        0.000       0.000       0.000       0.000       0.000       0.000                           -0.1722E-06 -0.1722E-06   0.000    
  25660800.0   10.51742688   10.6189   0.000       0.000      0.1015E-02  0.2079E-06 -0.4405E-01  0.4304E-01   0.000       0.000       0.000       0.000        0.000       0.000       0.000       0.000       0.000       0.000                            0.2079E-06  0.2079E-06   0.000    
  25747200.0   10.52406235   10.6262   0.000       0.000      0.1021E-02 -0.3840E-06 -0.4428E-01  0.4326E-01   0.000       0.000       0.000       0.000        0.000       0.000       0.000       0.000       0.000       0.000                           -0.3840E-06 -0.3840E-06   0.000    
  25833600.0   10.56092095   10.6666   0.000       0.000      0.1056E-02 -0.2133E-05 -0.4565E-01  0.4460E-01   0.000       0.000       0.000       0.000        0.000       0.000       0.000       0.000       0.000       0.000                           -0.2133E-05 -0.2133E-05   0.000    
  25920000.0   10.61045097   10.7207   0.000       0.000      0.1102E-02 -0.2866E-05 -0.4750E-01  0.4640E-01   0.000       0.000       0.000       0.000        0.000       0.000       0.000       0.000       0.000       0.000                           -0.2866E-05 -0.2866E-05   0.000    
  26006400.0   10.66053522   10.7753   0.000       0.000      0.1148E-02 -0.2898E-05 -0.4937E-01  0.4823E-01   0.000       0.000       0.000       0.000        0.000       0.000       0.000       0.000       0.000       0.000                           -0.2898E-05 -0.2898E-05   0.000    
  26092800.0   10.67422831   10.7905   0.000       0.000      0.1162E-02 -0.7924E-06 -0.5010E-01  0.4894E-01   0.000       0.000       0.000       0.000        0.000       0.000       0.000       0.000       0.000       0.000                           -0.7924E-06 -0.7924E-06   0.000    
  26179200.0   10.66974550   10.7859   0.000       0.000      0.1161E-02  0.2594E-06 -0.5016E-01  0.4900E-01   0.000       0.000       0.000       0.000        0.000       0.000       0.000       0.000       0.000       0.000                            0.2594E-06  0.2594E-06   0.000    
  26265600.0   10.66156466   10.7771   0.000       0.000      0.1156E-02  0.4734E-06 -0.4998E-01  0.4883E-01   0.000       0.000       0.000       0.000        0.000       0.000       0.000       0.000       0.000       0.000                            0.4734E-06  0.4734E-06   0.000    
  26352000.0   10.65234303   10.7672   0.000       0.000      0.1148E-02  0.5337E-06 -0.4971E-01  0.4856E-01   0.000       0.000       0.000       0.000        0.000       0.000       0.000       0.000       0.000       0.000                            0.5337E-06  0.5337E-06   0.000    
  26438400.0   10.64297471   10.7570   0.000       0.000      0.1140E-02  0.5421E-06 -0.4939E-01  0.4825E-01   0.000       0.000       0.000       0.000        0.000       0.000       0.000       0.000       0.000       0.000                            0.5421E-06  0.5421E-06   0.000    
  26524800.0   10.63367415   10.7468   0.000       0.000      0.1132E-02  0.5382E-06 -0.4906E-01  0.4792E-01   0.000       0.000       0.000       0.000        0.000       0.000       0.000       0.000       0.000       0.000                            0.5382E-06  0.5382E-06   0.000    
  26611200.0   10.62420338   10.7365   0.000       0.000      0.1123E-02  0.5481E-06 -0.4870E-01  0.4757E-01   0.000       0.000       0.000       0.000        0.000       0.000       0.000       0.000       0.000       0.000                            0.5481E-06  0.5481E-06   0.000    
  26697600.0   10.61525148   10.7267   0.000       0.000      0.1114E-02  0.5181E-06 -0.4834E-01  0.4723E-01   0.000       0.000       0.000       0.000        0.000       0.000       0.000       0.000       0.000       0.000                            0.5181E-06  0.5181E-06   0.000    
  26784000.0   10.60664733   10.7172   0.000       0.000      0.1106E-02  0.4979E-06 -0.4800E-01  0.4689E-01   0.000       0.000       0.000       0.000        0.000       0.000       0.000       0.000       0.000       0.000                            0.4979E-06  0.4979E-06   0.000    
  26870400.0   10.63376295   10.7466   0.000       0.000      0.1129E-02 -0.1569E-05 -0.4884E-01  0.4771E-01   0.000       0.000       0.000       0.000        0.000       0.000       0.000       0.000       0.000       0.000                           -0.1569E-05 -0.1569E-05   0.000    
  26956800.0   10.65114565   10.7655   0.000       0.000      0.1144E-02 -0.1006E-05 -0.4946E-01  0.4832E-01   0.000       0.000       0.000       0.000        0.000       0.000       0.000       0.000       0.000       0.000                           -0.1006E-05 -0.1006E-05   0.000    
  27043200.0   10.66771183   10.7836   0.000       0.000      0.1159E-02 -0.9587E-06 -0.5009E-01  0.4893E-01   0.000       0.000       0.000       0.000        0.000       0.000       0.000       0.000       0.000       0.000                           -0.9587E-06 -0.9587E-06   0.000    
  27129600.0   10.67321836   10.7897   0.000       0.000      0.1164E-02 -0.3187E-06 -0.5036E-01  0.4919E-01   0.000       0.000       0.000       0.000        0.000       0.000       0.000       0.000       0.000       0.000                           -0.3187E-06 -0.3187E-06   0.000    
  27216000.0   10.68278359   10.8001   0.000       0.000      0.1173E-02 -0.5535E-06 -0.5073E-01  0.4956E-01   0.000       0.000       0.000       0.000        0.000       0.000       0.000       0.000       0.000       0.000                           -0.5535E-06 -0.5535E-06   0.000    
  27302400.0   10.70626114   10.8256   0.000       0.000      0.1193E-02 -0.1359E-05 -0.5151E-01  0.5032E-01   0.000       0.000       0.000       0.000        0.000       0.000       0.000       0.000       0.000       0.000                           -0.1359E-05 -0.1359E-05   0.000    
  27388800.0   10.75229790   10.8754   0.000       0.000      0.1231E-02 -0.2664E-05 -0.5298E-01  0.5175E-01   0.000       0.000       0.000       0.000        0.000       0.000       0.000       0.000       0.000       0.000                           -0.2664E-05 -0.2664E-05   0.000    
  27475200.0   10.79278723   10.9191   0.000       0.000      0.1263E-02 -0.2343E-05 -0.5434E-01  0.5308E-01   0.000       0.000       0.000       0.000        0.000       0.000       0.000       0.000       0.000       0.000                           -0.2343E-05 -0.2343E-05   0.000    
  27561600.0   10.79071136   10.9172   0.000       0.000      0.1265E-02  0.1201E-06 -0.5455E-01  0.5329E-01   0.000       0.000       0.000       0.000        0.000       0.000       0.000       0.000       0.000       0.000                            0.1201E-06  0.1201E-06   0.000    
  27648000.0   10.78200111   10.9081   0.000       0.000      0.1261E-02  0.5041E-06 -0.5444E-01  0.5318E-01   0.000       0.000       0.000       0.000        0.000       0.000       0.000       0.000       0.000       0.000                            0.5041E-06  0.5041E-06   0.000    
  27734400.0   10.76979399   10.8950   0.000       0.000      0.1252E-02  0.7064E-06 -0.5413E-01  0.5288E-01   0.000       0.000       0.000       0.000        0.000       0.000       0.000       0.000       0.000       0.000                            0.7064E-06  0.7064E-06   0.000    
  27820800.0   10.75899227   10.8834   0.000       0.000      0.1244E-02  0.6251E-06 -0.5382E-01  0.5257E-01   0.000       0.000       0.000       0.000        0.000       0.000       0.000       0.000       0.000       0.000                            0.6251E-06  0.6251E-06   0.000    
  27907200.0   10.75058607   10.8744   0.000       0.000      0.1238E-02  0.4865E-06 -0.5354E-01  0.5230E-01   0.000       0.000       0.000       0.000        0.000       0.000       0.000       0.000       0.000       0.000                            0.4865E-06  0.4865E-06   0.000    
  27993600.0   10.77051928   10.8957   0.000       0.000      0.1252E-02 -0.1154E-05 -0.5406E-01  0.5281E-01   0.000       0.000       0.000       0.000        0.000       0.000       0.000       0.000       0.000       0.000                           -0.1154E-05 -0.1154E-05   0.000    
  28080000.0   10.80079519   10.9283   0.000       0.000      0.1275E-02 -0.1752E-05 -0.5495E-01  0.5367E-01   0.000       0.000       0.000       0.000        0.000       0.000       0.000       0.000       0.000       0.000                           -0.1752E-05 -0.1752E-05   0.000    
  28166400.0   10.81699225   10.9458   0.000       0.000      0.1288E-02 -0.9373E-06 -0.5553E-01  0.5424E-01   0.000       0.000       0.000       0.000        0.000       0.000       0.000       0.000       0.000       0.000                           -0.9373E-06 -0.9373E-06   0.000    
  28252800.0   10.81042097   10.9390   0.000       0.000      0.1285E-02  0.3803E-06 -0.5549E-01  0.5421E-01   0.000       0.000       0.000       0.000        0.000       0.000       0.000       0.000       0.000       0.000                            0.3803E-06  0.3803E-06   0.000    
  28339200.0   10.79907589   10.9269   0.000       0.000      0.1278E-02  0.6565E-06 -0.5523E-01  0.5395E-01   0.000       0.000       0.000       0.000        0.000       0.000       0.000       0.000       0.000       0.000                            0.6565E-06  0.6565E-06   0.000    
  28425600.0   10.78629835   10.9132   0.000       0.000      0.1269E-02  0.7394E-06 -0.5486E-01  0.5359E-01   0.000       0.000       0.000       0.000        0.000       0.000       0.000       0.000       0.000       0.000                            0.7394E-06  0.7394E-06   0.000    
  28512000.0   10.77320900   10.8991   0.000       0.000      0.1259E-02  0.7575E-06 -0.5445E-01  0.5319E-01   0.000       0.000       0.000       0.000        0.000       0.000       0.000       0.000       0.000       0.000                            0.7575E-06  0.7575E-06   0.000    
  28598400.0   10.76018059   10.8851   0.000       0.000      0.1249E-02  0.7540E-06 -0.5402E-01  0.5277E-01   0.000       0.000       0.000       0.000        0.000       0.000       0.000       0.000       0.000       0.000                            0.7540E-06  0.7540E-06   0.000    
  28684800.0   10.74745890   10.8713   0.000       0.000      0.1238E-02  0.7362E-06 -0.5358E-01  0.5234E-01   0.000       0.000       0.000       0.000        0.000       0.000       0.000       0.000       0.000       0.000                            0.7362E-06  0.7362E-06   0.000    
  28771200.0   10.73511322   10.8579   0.000       0.000      0.1228E-02  0.7144E-06 -0.5315E-01  0.5192E-01   0.000       0.000       0.000       0.000        0.000       0.000       0.000       0.000       0.000       0.000                            0.7144E-06  0.7144E-06   0.000    
  28857600.0   10.72320371   10.8450   0.000       0.000      0.1218E-02  0.6892E-06 -0.5272E-01  0.5150E-01   0.000       0.000       0.000       0.000        0.000       0.000       0.000       0.000       0.000       0.000                            0.6892E-06  0.6892E-06   0.000    
  28944000.0   10.71161785   10.8324   0.000       0.000      0.1208E-02  0.6705E-06 -0.5229E-01  0.5108E-01   0.000       0.000       0.000       0.000        0.000       0.000       0.000       0.000       0.000       0.000                            0.6705E-06  0.6705E-06   0.000    
  29030400.0   10.70032450   10.8202   0.000       0.000      0.1198E-02  0.6536E-06 -0.5186E-01  0.5066E-01   0.000       0.000       0.000       0.000        0.000       0.000       0.000       0.000       0.000       0.000                            0.6536E-06  0.6536E-06   0.000    
  29116800.0   10.68946299   10.8083   0.000       0.000      0.1189E-02  0.6286E-06 -0.5144E-01  0.5025E-01   0.000       0.000       0.000       0.000        0.000       0.000       0.000       0.000       0.000       0.000                            0.6286E-06  0.6286E-06   0.000    
  29203200.0   10.67881017   10.7967   0.000       0.000      0.1179E-02  0.6165E-06 -0.5102E-01  0.4984E-01   0.000       0.000       0.000       0.000        0.000       0.000       0.000       0.000       0.000       0.000                            0.6165E-06  0.6165E-06   0.000    
  29289600.0   10.66858257   10.7856   0.000       0.000      0.1170E-02  0.5919E-06 -0.5062E-01  0.4945E-01   0.000       0.000       0.000       0.000        0.000       0.000       0.000       0.000       0.000       0.000                            0.5919E-06  0.5919E-06   0.000    
  29376000.0   10.65882382   10.7749   0.000       0.000      0.1161E-02  0.5647E-06 -0.5023E-01  0.4907E-01   0.000       0.000       0.000       0.000        0.000       0.000       0.000       0.000       0.000       0.000                            0.5647E-06  0.5647E-06   0.000    
  29462400.0   10.64953048   10.7648   0.000       0.000      0.1152E-02  0.5378E-06 -0.4985E-01  0.4870E-01   0.000       0.000       0.000       0.000        0.000       0.000       0.000       0.000       0.000       0.000                            0.5378E-06  0.5378E-06   0.000    
  29548800.0   10.64056270   10.7550   0.000       0.000      0.1144E-02  0.5190E-06 -0.4948E-01  0.4834E-01   0.000       0.000       0.000       0.000        0.000       0.000       0.000       0.000       0.000       0.000                            0.5190E-06  0.5190E-06   0.000    
  29635200.0   10.63189930   10.7455   0.000       0.000      0.1136E-02  0.5014E-06 -0.4913E-01  0.4799E-01   0.000       0.000       0.000       0.000        0.000       0.000       0.000       0.000       0.000       0.000                            0.5014E-06  0.5014E-06   0.000    
  29721600.0   10.62354682   10.7363   0.000       0.000      0.1128E-02  0.4834E-06 -0.4878E-01  0.4765E-01   0.000       0.000       0.000       0.000        0.000       0.000       0.000       0.000       0.000       0.000                            0.4834E-06  0.4834E-06   0.000    
  29808000.0   10.61540691   10.7274   0.000       0.000      0.1120E-02  0.4711E-06 -0.4843E-01  0.4731E-01   0.000       0.000       0.000       0.000        0.000       0.000       0.000       0.000       0.000       0.000                            0.4711E-06  0.4711E-06   0.000    
  29894400.0   10.60751384   10.7188   0.000       0.000      0.1113E-02  0.4568E-06 -0.4809E-01  0.4698E-01   0.000       0.000       0.000       0.000        0.000       0.000       0.000       0.000       0.000       0.000                            0.4568E-06  0.4568E-06   0.000    
  29980800.0   10.59985608   10.7104   0.000       0.000      0.1105E-02  0.4432E-06 -0.4776E-01  0.4666E-01   0.000       0.000       0.000       0.000        0.000       0.000       0.000       0.000       0.000       0.000                            0.4432E-06  0.4432E-06   0.000    
  30067200.0   10.59249672   10.7023   0.000       0.000      0.1098E-02  0.4259E-06 -0.4744E-01  0.4634E-01   0.000       0.000       0.000       0.000        0.000       0.000       0.000       0.000       0.000       0.000                            0.4259E-06  0.4259E-06   0.000    
  30153600.0   10.58539809   10.6945   0.000       0.000      0.1091E-02  0.4108E-06 -0.4713E-01  0.4604E-01   0.000       0.000       0.000       0.000        0.000       0.000       0.000       0.000       0.000       0.000                            0.4108E-06  0.4108E-06   0.000    
  30240000.0   10.57855016   10.6869   0.000       0.000      0.1084E-02  0.3963E-06 -0.4682E-01  0.4574E-01   0.000       0.000       0.000       0.000        0.000       0.000       0.000       0.000       0.000       0.000                            0.3963E-06  0.3963E-06   0.000    
  30326400.0   10.57190272   10.6796   0.000       0.000      0.1077E-02  0.3847E-06 -0.4653E-01  0.4545E-01   0.000       0.000       0.000       0.000        0.000       0.000       0.000       0.000       0.000       0.000                            0.3847E-06  0.3847E-06   0.000    
  30412800.0   10.56545906   10.6725   0.000       0.000      0.1070E-02  0.3729E-06 -0.4623E-01  0.4516E-01   0.000       0.000       0.000       0.000        0.000       0.000       0.000       0.000       0.000       0.000                            0.3729E-06  0.3729E-06   0.000    
  30499200.0   10.55922623   10.6656   0.000       0.000      0.1064E-02  0.3607E-06 -0.4595E-01  0.4489E-01   0.000       0.000       0.000       0.000        0.000       0.000       0.000       0.000       0.000       0.000                            0.3607E-06  0.3607E-06   0.000    
  30585600.0   10.55318082   10.6589   0.000       0.000      0.1057E-02  0.3499E-06 -0.4567E-01  0.4461E-01   0.000       0.000       0.000       0.000        0.000       0.000       0.000       0.000       0.000       0.000                            0.3499E-06  0.3499E-06   0.000    
  30672000.0   10.54732321   10.6524   0.000       0.000      0.1051E-02  0.3390E-06 -0.4540E-01  0.4435E-01   0.000       0.000       0.000       0.000        0.000       0.000       0.000       0.000       0.000       0.000                            0.3390E-06  0.3390E-06   0.000    
  30758400.0   10.54164255   10.6461   0.000       0.000      0.1045E-02  0.3287E-06 -0.4514E-01  0.4409E-01   0.000       0.000       0.000       0.000        0.000       0.000       0.000       0.000       0.000       0.000                            0.3287E-06  0.3287E-06   0.000    
  30844800.0   10.53612844   10.6400   0.000       0.000      0.1039E-02  0.3191E-06 -0.4488E-01  0.4384E-01   0.000       0.000       0.000       0.000        0.000       0.000       0.000       0.000       0.000       0.000                            0.3191E-06  0.3191E-06   0.000    
  30931200.0   10.53076160   10.6341   0.000       0.000      0.1033E-02  0.3106E-06 -0.4462E-01  0.4359E-01   0.000       0.000       0.000       0.000        0.000       0.000       0.000       0.000       0.000       0.000                            0.3106E-06  0.3106E-06   0.000    
  31017600.0   10.52553646   10.6283   0.000       0.000      0.1027E-02  0.3024E-06 -0.4437E-01  0.4334E-01   0.000       0.000       0.000       0.000        0.000       0.000       0.000       0.000       0.000       0.000                            0.3024E-06  0.3024E-06   0.000    
  31104000.0   10.52045709   10.6226   0.000       0.000      0.1022E-02  0.2939E-06 -0.4413E-01  0.4310E-01   0.000       0.000       0.000       0.000        0.000       0.000       0.000       0.000       0.000       0.000                            0.2939E-06  0.2939E-06   0.000    
  31190400.0   10.51551587   10.6171   0.000       0.000      0.1016E-02  0.2860E-06 -0.4389E-01  0.4287E-01   0.000       0.000       0.000       0.000        0.000       0.000       0.000       0.000       0.000       0.000                            0.2860E-06  0.2860E-06   0.000    
  31276800.0   10.51149068   10.6127   0.000       0.000      0.1012E-02  0.2329E-06 -0.4368E-01  0.4267E-01   0.000       0.000       0.000       0.000        0.000       0.000       0.000       0.000       0.000       0.000                            0.2329E-06  0.2329E-06   0.000    
  31363200.0   10.50670382   10.6073   0.000       0.000      0.1006E-02  0.2770E-06 -0.4346E-01  0.4245E-01   0.000       0.000       0.000       0.000        0.000       0.000       0.000       0.000       0.000       0.000                            0.2770E-06  0.2770E-06   0.000    
  31449600.0   10.50205667   10.6022   0.000       0.000      0.1001E-02  0.2689E-06 -0.4323E-01  0.4223E-01   0.000       0.000       0.000       0.000        0.000       0.000       0.000       0.000       0.000       0.000                            0.2689E-06  0.2689E-06   0.000    
  31536000.0   10.49760906   10.5972   0.000       0.000      0.9956E-03  0.2574E-06 -0.4301E-01  0.4201E-01   0.000       0.000       0.000       0.000      -0.9014E-07   0.000       0.000       0.000       0.000       0.000                            0.2574E-06  0.2574E-06   0.000    
  31622400.0   10.49309809   10.5920   0.000       0.000      0.9895E-03  0.2611E-06 -0.4277E-01  0.4178E-01   0.000       0.000       0.000       0.000      -0.3514E-06   0.000       0.000       0.000       0.000       0.000                            0.2611E-06  0.2611E-06   0.000    
